# SSTK version 0.8.0
# 13
mtllib original_13.mtl
o group_18/ID2461#ID2461
v 0.23166684 0.40405728 -0.14268850
v 0.20286170 0.44258009 -0.12608473
v 0.24738322 0.40396577 -0.11038429
v 0.24754446 0.40394645 -0.11051412
v 0.20293921 0.44253566 -0.12620112
v 0.23161072 0.40390821 -0.14256055
v 0.26346002 0.37250274 -0.11711177
v 0.26330612 0.37265926 -0.11717127
v 0.18527982 0.44242847 -0.15211069
v 0.18543614 0.44252836 -0.15234053
v 0.21686321 0.44266106 -0.09768223
v 0.21687622 0.44252264 -0.09772262
v 0.27568498 0.37256810 -0.08099774
v 0.27563854 0.37261841 -0.08114473
v 0.24645375 0.37260720 -0.15123257
v 0.24655153 0.37257444 -0.15133056
v 0.13850646 0.49856091 -0.11626119
v 0.13869925 0.49861272 -0.11631666
v 0.21161964 0.40397329 -0.17253599
v 0.21159863 0.40403515 -0.17241941
v 0.15185682 0.49873248 -0.09659071
v 0.15179178 0.49857063 -0.09663684
v 0.25891914 0.40406757 -0.07659459
v 0.25906422 0.40407309 -0.07660323
v 0.28638045 0.33749237 -0.08391313
v 0.28639389 0.33733543 -0.08397903
v 0.27363125 0.33733394 -0.12137623
v 0.27384470 0.33748756 -0.12150151
v 0.12307882 0.49857346 -0.13427693
v 0.12305298 0.49863479 -0.13415304
v 0.16457461 0.44238417 -0.17592411
v 0.16472471 0.44247083 -0.17610907
v 0.16235199 0.49860058 -0.07528163
v 0.16248912 0.49866001 -0.07531018
v 0.22698398 0.44250471 -0.06785971
v 0.22696375 0.44270136 -0.06791404
v 0.29427828 0.33755082 -0.04515280
v 0.29436304 0.33757946 -0.04514073
v 0.28296595 0.37277261 -0.04361746
v 0.28290515 0.37256253 -0.04367896
v 0.25629217 0.33747442 -0.15678601
v 0.25636413 0.33750687 -0.15678264
v 0.22535718 0.37255315 -0.18307855
v 0.22534198 0.37259931 -0.18281129
v 0.08342265 0.55066764 -0.09492440
v 0.08350250 0.55075099 -0.09496959
v 0.09449410 0.55063779 -0.08241233
v 0.09442373 0.55066642 -0.08253668
v 0.18812091 0.40413054 -0.19930581
v 0.18805120 0.40405605 -0.19934533
v 0.10358536 0.55066206 -0.06871210
v 0.10363606 0.55062704 -0.06858102
v 0.26592114 0.40411722 -0.04127912
v 0.26608153 0.40391975 -0.04140881
v 0.30037424 0.21216779 -0.04578892
v 0.30045165 0.21217740 -0.04598738
v 0.29258916 0.21211743 -0.08561990
v 0.29260686 0.21213236 -0.08565504
v 0.27957305 0.21208838 -0.12382287
v 0.27958308 0.21216509 -0.12377234
v 0.07101429 0.55076873 -0.10570644
v 0.07118107 0.55082515 -0.10581922
v 0.10499492 0.49861847 -0.14997847
v 0.10493171 0.49859747 -0.14993500
v 0.14091914 0.44264491 -0.19673834
v 0.14087022 0.44249780 -0.19673117
v 0.11090519 0.55064648 -0.05396249
v 0.11099645 0.55073533 -0.05394322
v 0.17008187 0.49848514 -0.05268591
v 0.17005736 0.49870777 -0.05274187
v 0.23315437 0.44258232 -0.03695079
v 0.23317141 0.44255360 -0.03717467
v 0.30329415 0.21212446 -0.00574696
v 0.30315126 0.21219178 -0.00552664
v 0.29682852 0.33759122 -0.00568565
v 0.29686223 0.33742819 -0.00566819
v 0.28552197 0.37258590 -0.00577928
v 0.28569051 0.37263693 -0.00563257
v 0.26163306 0.21215631 -0.16009668
v 0.26162908 0.21208553 -0.15994301
v 0.23428883 0.33756106 -0.18984696
v 0.23429004 0.33754642 -0.18980279
v 0.20015434 0.37266856 -0.21150609
v 0.20011560 0.37256354 -0.21156950
v 0.05702600 0.57719277 -0.08735894
v 0.05706128 0.57715125 -0.08714306
v 0.06709695 0.57728553 -0.07845195
v 0.06707331 0.57721633 -0.07843223
v 0.07601705 0.57725342 -0.06825449
v 0.07605063 0.57737768 -0.06830703
v 0.16112066 0.40407385 -0.22299536
v 0.16114285 0.40400864 -0.22292249
v 0.08357605 0.57722661 -0.05713411
v 0.08347745 0.57717910 -0.05699180
v 0.26841975 0.40401935 -0.00572001
v 0.26833889 0.40408654 -0.00568813
v 0.30536043 -0.08980454 -0.00560381
v 0.30532516 -0.08978453 -0.00576058
v 0.30261294 -0.08999191 -0.04609754
v 0.30268229 -0.08986028 -0.04638886
v 0.29469292 -0.08994295 -0.08610895
v 0.29461341 -0.08972887 -0.08616853
v 0.28152182 -0.08981504 -0.12461664
v 0.28172982 -0.08993147 -0.12458918
v 0.04590320 0.57714446 -0.09486481
v 0.04574899 0.57719926 -0.09466023
v 0.05736507 0.55075941 -0.11478356
v 0.05736025 0.55071049 -0.11488500
v 0.08526980 0.49856297 -0.16309789
v 0.08520499 0.49870115 -0.16310116
v 0.11476366 0.44254247 -0.21408797
v 0.11460863 0.44258829 -0.21432641
v 0.08941537 0.57708862 -0.04500864
v 0.08948063 0.57716287 -0.04506027
v 0.11610120 0.55062822 -0.03841172
v 0.11614494 0.55081173 -0.03825002
v 0.17462894 0.49850080 -0.02938761
v 0.17458761 0.49869484 -0.02945101
v 0.23527995 0.44241948 -0.00561175
v 0.23522172 0.44269505 -0.00557348
v 0.30269249 -0.08985862 0.03504927
v 0.30272434 -0.08983558 0.03489566
v 0.30040415 0.21213578 0.03472428
v 0.30048524 0.21213748 0.03457353
v 0.29416529 0.33731149 0.03391516
v 0.29416587 0.33731454 0.03375006
v 0.28300020 0.37261021 0.03238677
v 0.28303991 0.37261988 0.03247889
v 0.26369110 -0.08981000 -0.16128058
v 0.26363801 -0.08980816 -0.16132005
v 0.23918060 0.21215352 -0.19359970
v 0.23942441 0.21226334 -0.19374198
v 0.20820441 0.33735113 -0.21954422
v 0.20810792 0.33752401 -0.21945851
v 0.17152743 0.37257696 -0.23658161
v 0.17160369 0.37251920 -0.23654417
v 0.05370480 0.59704438 -0.08306323
v 0.05388546 0.59705126 -0.08313401
v 0.06335710 0.59710292 -0.07469602
v 0.06357655 0.59694340 -0.07458674
v 0.07181770 0.59705657 -0.06509216
v 0.07171260 0.59718206 -0.06504084
v 0.07889853 0.59714758 -0.05448687
v 0.07898705 0.59700004 -0.05437291
v 0.13134594 0.40406075 -0.24302603
v 0.13134101 0.40403067 -0.24297863
v 0.08454937 0.59701430 -0.04298650
v 0.08456843 0.59716341 -0.04308557
v 0.26597704 0.40410107 0.03010160
v 0.26594348 0.40405721 0.03019922
v 0.30035765 -0.39148856 0.03481107
v 0.30014108 -0.39139135 0.03454064
v 0.30289085 -0.39149216 -0.00571039
v 0.30293905 -0.39145612 -0.00558094
v 0.30013292 -0.39139907 -0.04584224
v 0.30032109 -0.39126921 -0.04610101
v 0.29259051 -0.39134691 -0.08559357
v 0.29252765 -0.39146328 -0.08559964
v 0.27951925 -0.39131480 -0.12390975
v 0.27944997 -0.39144176 -0.12382706
v 0.04310885 0.59694301 -0.09024850
v 0.04317602 0.59717509 -0.09034149
v 0.03381035 0.57723229 -0.10080951
v 0.03390923 0.57717634 -0.10075502
v 0.04272872 0.55069162 -0.12231250
v 0.04279267 0.55076075 -0.12217137
v 0.06408299 0.49863309 -0.17365704
v 0.06407679 0.49864278 -0.17359733
v 0.08658621 0.44238960 -0.22827948
v 0.08648633 0.44254631 -0.22833809
v 0.09365079 0.57722961 -0.03234413
v 0.09374198 0.57719131 -0.03236958
v 0.11943482 0.55075608 -0.02212182
v 0.11941832 0.55075474 -0.02192745
v 0.17617086 0.49857251 -0.00569001
v 0.17621974 0.49865037 -0.00570353
v 0.23317490 0.44264505 0.02573715
v 0.23317838 0.44260198 0.02564975
v 0.29232371 -0.39140057 0.07421446
v 0.29227215 -0.39146406 0.07423879
v 0.29467057 -0.08986403 0.07497313
v 0.29459119 -0.08980411 0.07492610
v 0.29273243 0.21209504 0.07441263
v 0.29271220 0.21225491 0.07427923
v 0.28660587 0.33733869 0.07254259
v 0.28635501 0.33742765 0.07278690
v 0.27569513 0.37261393 0.06974902
v 0.27571115 0.37251432 0.06980814
v 0.26157393 -0.39146542 -0.16011309
v 0.26162882 -0.39139123 -0.16000792
v 0.24100061 -0.08977579 -0.19499982
v 0.24111251 -0.08984266 -0.19513617
v 0.21274259 0.21208964 -0.22397670
v 0.21270144 0.21199444 -0.22399046
v 0.17858513 0.33760407 -0.24553453
v 0.17846369 0.33755969 -0.24568721
v 0.13993908 0.37259170 -0.25786690
v 0.13993340 0.37280027 -0.25788958
v 0.05276137 0.62929859 -0.08168013
v 0.05258213 0.62920699 -0.08161943
v 0.04229049 0.62945788 -0.08881797
v 0.04221565 0.62934178 -0.08877841
v 0.06231688 0.62945471 -0.07342566
v 0.06222054 0.62931538 -0.07362061
v 0.07051623 0.62944055 -0.06387356
v 0.07026144 0.62922493 -0.06408195
v 0.07736771 0.62950892 -0.05357637
v 0.07753137 0.62928433 -0.05350367
v 0.09898498 0.40407283 -0.25877120
v 0.09904984 0.40415842 -0.25885670
v 0.08875672 0.59708989 -0.03091096
v 0.08861254 0.59716734 -0.03099286
v 0.25892996 0.40406015 0.06534261
v 0.25892073 0.40414480 0.06520712
v 0.28490818 -0.51550601 0.07238778
v 0.28491982 -0.51541546 0.07232557
v 0.29270556 -0.51553420 0.03358005
v 0.29279518 -0.51547294 0.03377242
v 0.29525089 -0.51534510 -0.00580684
v 0.29525685 -0.51552185 -0.00572223
v 0.29262779 -0.51547645 -0.04484567
v 0.29269719 -0.51534579 -0.04495163
v 0.28504898 -0.51539380 -0.08358531
v 0.28489084 -0.51545817 -0.08352461
v 0.27226460 -0.51542298 -0.12094285
v 0.27229823 -0.51540858 -0.12073644
v 0.03172489 0.59694718 -0.09599171
v 0.03180493 0.59708853 -0.09586549
v 0.03110126 0.62938880 -0.09406050
v 0.03113511 0.62941544 -0.09424270
v 0.02098217 0.57724684 -0.10514161
v 0.02110862 0.57710931 -0.10505239
v 0.02702630 0.55076925 -0.12749689
v 0.02696525 0.55066516 -0.12737547
v 0.04143838 0.49863541 -0.18138037
v 0.04138707 0.49868377 -0.18144817
v 0.08286113 0.62927578 -0.04235456
v 0.08297391 0.62940197 -0.04219879
v 0.05666181 0.44242903 -0.23838658
v 0.05669623 0.44258786 -0.23844222
v 0.09643726 0.57733068 -0.01894041
v 0.09650165 0.57711847 -0.01909832
v 0.12042438 0.55058610 -0.00556320
v 0.12037609 0.55073342 -0.00566182
v 0.17466143 0.49869840 0.01809423
v 0.17465948 0.49865175 0.01807920
v 0.22704495 0.44256583 0.05684996
v 0.22700455 0.44247087 0.05663003
v 0.27224348 -0.51534158 0.10962938
v 0.27230794 -0.51532852 0.10970000
v 0.27948844 -0.39157229 0.11251609
v 0.27942789 -0.39153004 0.11257222
v 0.28160947 -0.08980288 0.11346093
v 0.28166889 -0.08987768 0.11339277
v 0.27976315 0.21214262 0.11262712
v 0.27947288 0.21207051 0.11261186
v 0.27368050 0.33736184 0.11005474
v 0.27379640 0.33731743 0.11006484
v 0.26335996 0.37257784 0.10578496
v 0.26335502 0.37248245 0.10581253
v 0.25492904 -0.51552609 -0.15616331
v 0.25491952 -0.51558179 -0.15637927
v 0.23916537 -0.39146980 -0.19361856
v 0.23917994 -0.39148214 -0.19364017
v 0.21419679 -0.08987333 -0.22575867
v 0.21425748 -0.08974127 -0.22562285
v 0.18239075 0.21216532 -0.25060001
v 0.18231297 0.21225549 -0.25064891
v 0.14572583 0.33750845 -0.26769838
v 0.14537757 0.33743736 -0.26756073
v 0.10580555 0.37261157 -0.27468760
v 0.10566698 0.37267582 -0.27482779
v 0.04239701 0.66800566 -0.08863853
v 0.04224310 0.66789680 -0.08871093
v 0.05263178 0.66798818 -0.08171493
v 0.05274630 0.66785173 -0.08161565
v 0.01962258 0.59708747 -0.09990655
v 0.01945933 0.59715814 -0.10011837
v 0.03120356 0.66795812 -0.09420324
v 0.03100860 0.66793204 -0.09419060
v 0.06212157 0.66791328 -0.07340877
v 0.06226605 0.66778770 -0.07332871
v 0.07052551 0.66782061 -0.06388180
v 0.07031128 0.66783241 -0.06402252
v 0.07740930 0.66794652 -0.05348093
v 0.07736122 0.66787270 -0.05362908
v 0.06526580 0.40414399 -0.27043121
v 0.06531051 0.40408335 -0.27025270
v 0.08684557 0.62923174 -0.03056542
v 0.08696400 0.62923855 -0.03050470
v 0.09108343 0.59715709 -0.01833158
v 0.09120323 0.59715597 -0.01841429
v 0.24740636 0.40405748 0.09914408
v 0.24740333 0.40417798 0.09917944
v 0.26019805 -0.55246067 0.10459450
v 0.26021936 -0.55231319 0.10452724
v 0.27233136 -0.55243744 0.06896987
v 0.27236376 -0.55238381 0.06881615
v 0.27963428 -0.55247100 0.03206317
v 0.27970466 -0.55254860 0.03206229
v 0.28221751 -0.55241390 -0.00549816
v 0.28225665 -0.55249722 -0.00564181
v 0.27978602 -0.55243366 -0.04339808
v 0.27960360 -0.55233147 -0.04321220
v 0.27249763 -0.55245130 -0.08018748
v 0.27222302 -0.55242218 -0.08034221
v 0.26027156 -0.55231297 -0.11596916
v 0.26025180 -0.55233196 -0.11594305
v 0.01907345 0.62925243 -0.09823685
v 0.01920607 0.62941669 -0.09816863
v 0.01929176 0.66794957 -0.09818068
v 0.01926417 0.66781134 -0.09828914
v 0.00716252 0.59710210 -0.10252019
v 0.00704235 0.59717018 -0.10239003
v 0.00765433 0.57731432 -0.10753680
v 0.00780026 0.57727210 -0.10765053
v 0.01076999 0.55068552 -0.13074353
v 0.01083667 0.55072507 -0.13087782
v 0.01808058 0.49876023 -0.18612199
v 0.01803836 0.49877672 -0.18595653
v 0.08301714 0.66786455 -0.04230185
v 0.08310759 0.66788541 -0.04230227
v 0.02573622 0.44271101 -0.24460122
v 0.02577133 0.44249030 -0.24441685
v 0.09713544 0.57723389 -0.00552176
v 0.09723395 0.57709121 -0.00570965
v 0.11937164 0.55068917 0.01078279
v 0.11944452 0.55066490 0.01079294
v 0.17011637 0.49854716 0.04136657
v 0.17007831 0.49845536 0.04133159
v 0.21690181 0.44250325 0.08647620
v 0.21682662 0.44238933 0.08659156
v 0.24353181 -0.55237226 0.13842571
v 0.24360876 -0.55247872 0.13838532
v 0.25491726 -0.51546584 0.14490239
v 0.25491691 -0.51544358 0.14486933
v 0.26154552 -0.39153369 0.14881199
v 0.26147259 -0.39145787 0.14861067
v 0.26379483 -0.08988990 0.14986904
v 0.26363881 -0.08971982 0.15000199
v 0.26165604 0.21223290 0.14883207
v 0.26176143 0.21232917 0.14887810
v 0.25620046 0.33747840 0.14567154
v 0.25633842 0.33740505 0.14558370
v 0.24648973 0.37255607 0.14013558
v 0.24643313 0.37270945 0.13993386
v 0.24369634 -0.55230004 -0.14979242
v 0.24351195 -0.55236938 -0.14972099
v 0.23300037 -0.51533757 -0.18905822
v 0.23310638 -0.51547253 -0.18878245
v 0.21255989 -0.39129187 -0.22401427
v 0.21243284 -0.39133159 -0.22417817
v 0.18348089 -0.08983212 -0.25252131
v 0.18359571 -0.08977270 -0.25238167
v 0.14851294 0.21233396 -0.27313665
v 0.14862569 0.21205899 -0.27308353
v 0.11009425 0.33752948 -0.28508918
v 0.10996258 0.33750079 -0.28525668
v 0.06973099 0.37248930 -0.28685185
v 0.06973275 0.37266007 -0.28707589
v 0.03762275 0.66787523 -0.08120472
v 0.03102918 0.66784856 -0.09430371
v 0.02756263 0.66788400 -0.08616774
v 0.04237247 0.66789343 -0.08866932
v 0.04233498 0.66790186 -0.08868965
v 0.03768730 0.66794980 -0.08113984
v 0.03103511 0.66804001 -0.09410448
v 0.02743716 0.66783273 -0.08621425
v 0.04724192 0.66797773 -0.07495316
v 0.04238295 0.66792888 -0.08867432
v 0.03791389 0.66776501 -0.08108333
v 0.05283310 0.66799563 -0.08175283
v 0.05281556 0.66786376 -0.08172246
v 0.04727856 0.66777199 -0.07485786
v 0.04232425 0.66787236 -0.08866161
v 0.03786488 0.66806369 -0.08103347
v 0.05579525 0.66803752 -0.06722267
v 0.05278004 0.66778170 -0.08160924
v 0.04729901 0.66799196 -0.07494391
v 0.06223758 0.66772770 -0.07346584
v 0.06214412 0.66776527 -0.07332568
v 0.05595208 0.66806182 -0.06724571
v 0.05272441 0.66800920 -0.08169695
v 0.04713152 0.66787371 -0.07494769
v 0.00698818 0.62948627 -0.10073224
v 0.00691263 0.62940331 -0.10071913
v 0.02758125 0.66788702 -0.08615910
v 0.01913274 0.66794939 -0.09810740
v 0.01675780 0.66780539 -0.08999030
v 0.03119173 0.66791516 -0.09420227
v 0.03106115 0.66791318 -0.09427322
v 0.02756594 0.66793006 -0.08625055
v 0.01916324 0.66802990 -0.09824743
v 0.01688181 0.66791125 -0.08966161
v 0.06346625 0.66801679 -0.05878699
v 0.06220136 0.66786181 -0.07354355
v 0.05575103 0.66788670 -0.06729501
v 0.07049542 0.66801691 -0.06406031
v 0.07031121 0.66793326 -0.06413058
v 0.06335683 0.66790151 -0.05888396
v 0.06231440 0.66796907 -0.07342811
v 0.05577786 0.66789663 -0.06748395
v 0.06981105 0.66803783 -0.04942511
v 0.07051222 0.66795656 -0.06415629
v 0.06338719 0.66785891 -0.05880615
v 0.07736073 0.66789059 -0.05346680
v 0.07741426 0.66791386 -0.05353719
v 0.06971076 0.66786919 -0.04929043
v 0.07032893 0.66800035 -0.06402360
v 0.06346101 0.66790254 -0.05882356
v 0.07474217 0.66790899 -0.03916603
v 0.07746741 0.66800951 -0.05353435
v 0.06962111 0.66793698 -0.04928021
v 0.08297089 0.66788982 -0.04238953
v 0.08303755 0.66799824 -0.04223625
v 0.07489654 0.66782909 -0.03907278
v 0.07734637 0.66801565 -0.05354277
v 0.06969072 0.66792413 -0.04925425
v 0.03010084 0.40404941 -0.27735194
v 0.03003035 0.40419526 -0.27729148
v 0.08698869 0.66780294 -0.03051622
v 0.08706491 0.66791314 -0.03042362
v 0.08944089 0.62929788 -0.01823638
v 0.08950256 0.62939575 -0.01811081
v 0.09211004 0.59702414 -0.00581337
v 0.09208935 0.59717771 -0.00580567
v 0.23159544 0.40401984 0.13133235
v 0.23161760 0.40418143 0.13135658
v 0.22748073 -0.59267366 0.12920630
v 0.22747554 -0.59288388 0.12903035
v 0.24306559 -0.59294623 0.09739632
v 0.24318246 -0.59272729 0.09756277
v 0.25427042 -0.59286288 0.06423614
v 0.25443338 -0.59283165 0.06399300
v 0.26135473 -0.59272974 0.02938514
v 0.26122607 -0.59285245 0.02946431
v 0.26368109 -0.59290784 -0.00575389
v 0.26360910 -0.59290854 -0.00563346
v 0.26121771 -0.59281800 -0.04079395
v 0.26133542 -0.59287515 -0.04084736
v 0.25436623 -0.59291204 -0.07523716
v 0.25437516 -0.59273087 -0.07539847
v 0.24310067 -0.59296553 -0.10863574
v 0.24290258 -0.59281879 -0.10878377
v 0.02754960 0.66784249 -0.08609933
v 0.03786774 0.62925623 -0.08113978
v 0.03772632 0.66771145 -0.08127607
v 0.03789118 0.66806582 -0.08117945
v 0.03775767 0.62903263 -0.08121992
v 0.02761642 0.66783361 -0.08610799
v 0.04744960 0.62913768 -0.07483741
v 0.04725572 0.66787512 -0.07497244
v 0.04730710 0.66773647 -0.07504604
v 0.04726144 0.62917287 -0.07473932
v 0.05610554 0.62910569 -0.06724429
v 0.05582670 0.66803395 -0.06752209
v 0.05589176 0.66785934 -0.06738775
v 0.05593036 0.62915130 -0.06731772
v 0.00685150 0.66795248 -0.10080418
v 0.00686781 0.66791067 -0.10068709
v 0.01664757 0.66786092 -0.08992709
v 0.00687668 0.66799385 -0.10066735
v 0.00546329 0.66782983 -0.09193762
v 0.01916702 0.66795855 -0.09828784
v 0.01912527 0.66784778 -0.09834454
v 0.01662807 0.66801425 -0.08999493
v 0.00683266 0.66777006 -0.10074978
v 0.00545698 0.66801243 -0.09203814
v 0.01676018 0.66776526 -0.08981572
v 0.02761958 0.62923639 -0.08609608
v 0.02778920 0.62907971 -0.08626106
v 0.01659433 0.66780950 -0.08989443
v -0.00565311 0.62933009 -0.10149860
v -0.00553759 0.62948622 -0.10156395
v -0.00554637 0.59708922 -0.10336433
v -0.00551033 0.59706668 -0.10327571
v -0.00566889 0.57722372 -0.10854823
v -0.00564680 0.57718156 -0.10840219
v 0.06356494 0.62918976 -0.05866923
v 0.06339911 0.66792326 -0.05891045
v 0.06336745 0.66778982 -0.05868325
v 0.06356419 0.62914944 -0.05863344
v -0.00569014 0.55077666 -0.13190009
v -0.00573997 0.55082228 -0.13180292
v 0.06976954 0.62911936 -0.04926805
v 0.06976618 0.66796647 -0.04941965
v 0.06963980 0.66783998 -0.04924992
v 0.06981797 0.62916662 -0.04915507
v -0.00577666 0.49865399 -0.18749570
v -0.00563568 0.49864343 -0.18754450
v 0.07484365 0.62910926 -0.03899153
v 0.07490610 0.66789003 -0.03899080
v 0.07486256 0.66784986 -0.03911385
v 0.07490768 0.62916127 -0.03907392
v 0.07840464 0.66790561 -0.02832850
v 0.08285793 0.66793722 -0.04229920
v 0.07496610 0.66785281 -0.03906614
v 0.08695216 0.66786722 -0.03054666
v 0.08701959 0.66791387 -0.03045418
v 0.07845383 0.66800600 -0.02843940
v 0.08291268 0.66784558 -0.04227599
v 0.07481272 0.66786715 -0.03907421
v -0.00563194 0.44255746 -0.24646790
v -0.00563056 0.44256364 -0.24666806
v 0.09633266 0.57710515 0.00786986
v 0.09632688 0.57723539 0.00782732
v 0.11619513 0.55063969 0.02693483
v 0.11625367 0.55052731 0.02699229
v 0.16228851 0.49866260 0.06387577
v 0.16234998 0.49848204 0.06388260
v 0.20294322 0.44262318 0.11476075
v 0.20295103 0.44243107 0.11480461
v 0.20779014 -0.59289853 0.15849513
v 0.20779549 -0.59294769 0.15841287
v 0.22272025 -0.55231888 0.16985968
v 0.22257221 -0.55249658 0.16959359
v 0.23309131 -0.51542421 0.17772224
v 0.23303877 -0.51556392 0.17756558
v 0.23919036 -0.39158730 0.18242522
v 0.23908411 -0.39141715 0.18239880
v 0.24110223 -0.08981207 0.18387079
v 0.24101862 -0.08982645 0.18379918
v 0.23940141 0.21204162 0.18244944
v 0.23927401 0.21222808 0.18246631
v 0.23417682 0.33745977 0.17852743
v 0.23416017 0.33739019 0.17856371
v 0.22534102 0.37254233 0.17158377
v 0.22546458 0.37252217 0.17169463
v 0.22743793 -0.59298633 -0.14029474
v 0.22744331 -0.59279332 -0.14036182
v 0.22281944 -0.55234747 -0.18106022
v 0.22267140 -0.55223926 -0.18115971
v 0.20713132 -0.51540449 -0.21870947
v 0.20701453 -0.51541929 -0.21863110
v 0.18213649 -0.39139694 -0.25054532
v 0.18194887 -0.39140215 -0.25058564
v 0.14975387 -0.08976720 -0.27494559
v 0.14972077 -0.08979437 -0.27508711
v 0.11243722 0.21212660 -0.29078362
v 0.11232458 0.21227451 -0.29103534
v 0.07269975 0.33757415 -0.29778810
v 0.07257150 0.33752326 -0.29792370
v 0.03229437 0.37254886 -0.29432683
v 0.03243026 0.37260298 -0.29428998
v -0.00559472 0.66791561 -0.10170736
v -0.00545185 0.66789884 -0.10138828
v 0.00565010 0.66785208 -0.09186695
v -0.00569710 0.66806732 -0.10151190
v -0.00578618 0.66806232 -0.09272989
v 0.00692226 0.66801826 -0.10078937
v 0.00688234 0.66792107 -0.10080185
v 0.00547932 0.66792334 -0.09201752
v -0.00557117 0.66799429 -0.10137530
v -0.00591099 0.66801403 -0.09265193
v 0.00560617 0.66792594 -0.09219595
v 0.01694862 0.62927249 -0.08983201
v 0.01697927 0.62904334 -0.08964939
v 0.00563795 0.66802495 -0.09205687
v 0.07853030 0.62924736 -0.02808382
v 0.07853796 0.62909294 -0.02837104
v 0.07856918 0.66782478 -0.02833734
v 0.07836632 0.66800207 -0.02847092
v 0.08073057 0.66794418 -0.01722467
v 0.08694965 0.66791323 -0.03056059
v 0.07848198 0.66794721 -0.02829035
v 0.08937613 0.66780789 -0.01811139
v 0.08946460 0.66780960 -0.01811911
v 0.08080387 0.66785811 -0.01732192
v 0.08702502 0.66779326 -0.03039127
v 0.07836405 0.66796124 -0.02832875
v -0.00574102 0.40419383 -0.27972268
v -0.00571144 0.40411991 -0.27972498
v 0.08957975 0.66779190 -0.01815138
v 0.08943981 0.66774718 -0.01813784
v 0.09014106 0.62933166 -0.00551904
v 0.09019527 0.62942848 -0.00568290
v 0.09124114 0.59714012 0.00715725
v 0.09104052 0.59699766 0.00711247
v 0.21168391 0.40420657 0.16130097
v 0.21168044 0.40411797 0.16107650
v 0.18871553 -0.62676823 0.14358196
v 0.18869172 -0.62661230 0.14385778
v 0.20677629 -0.62682520 0.11697355
v 0.20652948 -0.62667605 0.11708011
v 0.22084828 -0.62681230 0.08814540
v 0.22075991 -0.62688789 0.08845440
v 0.23116036 -0.62692121 0.05786405
v 0.23112710 -0.62683740 0.05785838
v 0.23725108 -0.62686880 0.02641163
v 0.23733838 -0.62671298 0.02647901
v 0.23948151 -0.62679612 -0.00550258
v 0.23957094 -0.62686088 -0.00564525
v 0.23731581 -0.62667913 -0.03776863
v 0.23725758 -0.62681492 -0.03759378
v 0.23114307 -0.62681514 -0.06900931
v 0.23096141 -0.62674555 -0.06929626
v 0.22083858 -0.62681326 -0.09947871
v 0.22074731 -0.62677196 -0.09954131
v 0.03911157 0.59577337 -0.08258867
v 0.03900004 0.59585048 -0.08248555
v 0.04870274 0.59577393 -0.07596653
v 0.04867306 0.59571839 -0.07618468
v 0.05738361 0.59583779 -0.06845862
v 0.05735149 0.59584283 -0.06851386
v 0.06507989 0.59579831 -0.05956076
v 0.06512096 0.59569853 -0.05953094
v -0.01710804 0.66793621 -0.09211678
v -0.00551753 0.66779314 -0.10156123
v -0.01805353 0.66803047 -0.10054102
v -0.00595176 0.66800629 -0.09270858
v -0.00588608 0.66801023 -0.09280147
v -0.01720768 0.66780066 -0.09205037
v -0.00567617 0.66800399 -0.10153133
v -0.01812371 0.66784225 -0.10063797
v -0.00570585 0.66783363 -0.09276018
v 0.00585153 0.62906827 -0.09190543
v 0.00560165 0.62928695 -0.09198025
v -0.00587308 0.66798350 -0.09273576
v 0.02840807 0.59589763 -0.08770658
v 0.02842368 0.59596320 -0.08762959
v -0.01816386 0.66797814 -0.10079846
v -0.01816528 0.66788310 -0.10075227
v -0.01807610 0.62930101 -0.10069699
v -0.01808575 0.62943495 -0.10070458
v -0.01827139 0.59724471 -0.10236075
v -0.01837458 0.59719616 -0.10227561
v -0.01913048 0.57714627 -0.10770088
v -0.01906019 0.57721233 -0.10759863
v 0.07156413 0.59572421 -0.04982594
v 0.07156321 0.59567558 -0.04990574
v -0.02217977 0.55061950 -0.13080426
v -0.02206979 0.55080628 -0.13069987
v 0.07664129 0.59561511 -0.03953994
v 0.07659153 0.59566849 -0.03961363
v -0.02939540 0.49857776 -0.18596981
v -0.02943061 0.49859465 -0.18610603
v 0.08028340 0.59558957 -0.02859770
v 0.08013550 0.59562567 -0.02848916
v 0.08077140 0.62923294 -0.01696789
v 0.08060981 0.62927150 -0.01692887
v 0.08084621 0.66792965 -0.01723293
v 0.08068165 0.66791655 -0.01714654
v 0.08154543 0.66788559 -0.00574529
v 0.08937927 0.66778698 -0.01814452
v 0.08072583 0.66787250 -0.01716007
v 0.09030128 0.66781411 -0.00552148
v 0.09018045 0.66795909 -0.00564477
v 0.08150315 0.66791145 -0.00593494
v 0.08940000 0.66793430 -0.01813104
v 0.08071081 0.66789297 -0.01715877
v -0.03722543 0.44260320 -0.24434790
v -0.03714775 0.44261489 -0.24460275
v 0.09365848 0.57719002 0.02097888
v 0.09381152 0.57732271 0.02115554
v 0.11095593 0.55080791 0.04264359
v 0.11078810 0.55060845 0.04260701
v 0.15187762 0.49849744 0.08520845
v 0.15179438 0.49853524 0.08538297
v 0.18543317 0.44259873 0.14105120
v 0.18534369 0.44270237 0.14107654
v 0.16751379 -0.62677640 0.16789165
v 0.16759463 -0.62665372 0.16794871
v 0.18452632 -0.59277974 0.18490177
v 0.18468313 -0.59291916 0.18478860
v 0.19784573 -0.55226683 0.19809669
v 0.19793937 -0.55230543 0.19815147
v 0.20707644 -0.51540578 0.20714262
v 0.20709904 -0.51545523 0.20735040
v 0.21262929 -0.39132440 0.21272328
v 0.21249858 -0.39127186 0.21278416
v 0.21416607 -0.08987018 0.21446964
v 0.21422736 -0.08972003 0.21432582
v 0.21262888 0.21218803 0.21280479
v 0.21273313 0.21213805 0.21282569
v 0.20818388 0.33745148 0.20832398
v 0.20832276 0.33744146 0.20837111
v 0.20019356 0.37259026 0.20022870
v 0.20036734 0.37271421 0.20044422
v 0.20666728 -0.62668033 -0.12841376
v 0.20653191 -0.62681048 -0.12842951
v 0.20804058 -0.59292606 -0.16968057
v 0.20778735 -0.59269768 -0.16977242
v 0.19787764 -0.55230322 -0.20945740
v 0.19794105 -0.55229377 -0.20941430
v 0.17743345 -0.51545402 -0.24447199
v 0.17749420 -0.51549887 -0.24471296
v 0.14847536 -0.39139957 -0.27311120
v 0.14859335 -0.39128631 -0.27306625
v 0.11314400 -0.08988671 -0.29319926
v 0.11319198 -0.08985958 -0.29296076
v 0.07409321 0.21225867 -0.30403879
v 0.07416096 0.21214274 -0.30398806
v 0.03388783 0.33752298 -0.30573874
v 0.03362540 0.33762726 -0.30557670
v -0.00561088 0.37277940 -0.29674114
v -0.00568407 0.37274071 -0.29684377
v -0.02841464 0.66802985 -0.08973542
v -0.01824278 0.66796265 -0.10079936
v -0.03046786 0.66795855 -0.09821794
v -0.01708973 0.66792517 -0.09188671
v -0.01717041 0.66792464 -0.09186589
v -0.02845508 0.66786287 -0.08978311
v -0.01826759 0.66802565 -0.10084054
v -0.03044099 0.66798984 -0.09824713
v -0.01727072 0.66798509 -0.09198900
v -0.00566409 0.62927012 -0.09266635
v -0.00564218 0.62914643 -0.09271469
v -0.01713015 0.66800971 -0.09194378
v 0.01749641 0.59577663 -0.09160078
v 0.01746744 0.59573103 -0.09143728
v 0.08263684 0.59569479 -0.01731985
v 0.08247166 0.59575173 -0.01726911
v 0.08154395 0.62924450 -0.00575942
v 0.08156260 0.62917161 -0.00573977
v 0.08146525 0.66787726 -0.00585390
v 0.08151256 0.66784322 -0.00589048
v 0.08953552 0.66800095 0.00694916
v 0.08137613 0.66775277 -0.00570800
v 0.08066416 0.66779367 0.00556730
v 0.09009336 0.66795532 -0.00566632
v 0.09017366 0.66800283 -0.00557309
v 0.08940466 0.66800678 0.00683491
v 0.08134073 0.66805575 -0.00599076
v 0.08068295 0.66800372 0.00555390
v 0.09032416 0.66791850 -0.00548741
v 0.09038519 0.66786381 -0.00563038
v -0.04157896 0.40426267 -0.27727973
v -0.04131378 0.40404644 -0.27722814
v 0.08941447 0.62933794 0.00681754
v 0.08937274 0.62939050 0.00694646
v 0.08865849 0.59709959 0.01977669
v 0.08869155 0.59695071 0.01965531
v 0.18805595 0.40419486 0.18823685
v 0.18803981 0.40408444 0.18814069
v 0.14678669 -0.64445021 0.14700960
v 0.14690408 -0.64430609 0.14704486
v 0.16543438 -0.64450329 0.12575761
v 0.16546281 -0.64422358 0.12584367
v 0.18107757 -0.64438613 0.10226675
v 0.18102748 -0.64450649 0.10237015
v 0.19362800 -0.64439359 0.07694098
v 0.19350154 -0.64453475 0.07703195
v 0.20265279 -0.64439389 0.05014556
v 0.20271060 -0.64450691 0.05016076
v 0.20803725 -0.64440828 0.02246928
v 0.20809980 -0.64438937 0.02249502
v 0.21006174 -0.64437925 -0.00557639
v 0.20992846 -0.64439473 -0.00565586
v 0.20819469 -0.64448752 -0.03371472
v 0.20811353 -0.64423531 -0.03392732
v 0.20268972 -0.64449744 -0.06155412
v 0.20271639 -0.64448530 -0.06156720
v 0.19356970 -0.64429681 -0.08826194
v 0.19344413 -0.64441966 -0.08815884
v 0.03055842 0.57323515 -0.09334423
v 0.03048636 0.57319243 -0.09309210
v 0.04160426 0.57305612 -0.08803090
v 0.04166807 0.57307578 -0.08797045
v 0.05208095 0.57294378 -0.08106917
v 0.05217691 0.57285339 -0.08092548
v 0.06138858 0.57310666 -0.07288361
v 0.06146222 0.57290875 -0.07288050
v 0.06957472 0.57313363 -0.06355553
v 0.06950102 0.57304023 -0.06351070
v -0.03909176 0.66802738 -0.08618322
v -0.03054373 0.66804577 -0.09837726
v -0.04227776 0.66807713 -0.09422884
v -0.02823672 0.66802361 -0.08971345
v -0.02846340 0.66785523 -0.08965271
v -0.03912777 0.66802478 -0.08621973
v -0.03040011 0.66804040 -0.09818396
v -0.04232983 0.66800030 -0.09427377
v -0.02839377 0.66788516 -0.08971332
v -0.01699353 0.62915412 -0.09207831
v -0.01682173 0.62910068 -0.09211333
v -0.02822827 0.66798433 -0.08980676
v -0.03031993 0.66799220 -0.09822203
v -0.03047823 0.66782671 -0.09831526
v 0.00608744 0.59573868 -0.09375618
v 0.00595232 0.59571244 -0.09372466
v -0.03043370 0.62940468 -0.09821770
v -0.03039786 0.62929712 -0.09822206
v -0.03092023 0.59724190 -0.10001041
v -0.03099683 0.59712163 -0.09983562
v -0.03218902 0.57723912 -0.10492444
v -0.03240349 0.57710189 -0.10496804
v 0.07653354 0.57292747 -0.05315915
v 0.07652167 0.57290355 -0.05332753
v -0.03837719 0.55056723 -0.12738948
v -0.03843324 0.55072636 -0.12767580
v 0.08603301 0.57287406 -0.03030439
v 0.08610983 0.57306111 -0.03006973
v -0.05280073 0.49861296 -0.18145444
v -0.05276413 0.49865368 -0.18117918
v 0.08853151 0.57303774 -0.01800849
v 0.08853233 0.57289341 -0.01809434
v 0.08328017 0.59586338 -0.00570597
v 0.08342262 0.59580686 -0.00565968
v 0.08077669 0.62914751 0.00581164
v 0.08076118 0.62921824 0.00580868
v 0.08068800 0.66797016 0.00556810
v 0.08082265 0.66801236 0.00551238
v 0.08694405 0.66792644 0.01922239
v 0.08070613 0.66790199 0.00561473
v 0.07855542 0.66798132 0.01687199
v 0.08948585 0.66796862 0.00679610
v 0.08954952 0.66795105 0.00684737
v 0.08697502 0.66787007 0.01924995
v 0.08068443 0.66791941 0.00551678
v 0.07856279 0.66792893 0.01655941
v 0.08939388 0.66791863 0.00692779
v 0.08948020 0.66800948 0.00701136
v -0.06800645 0.44254832 -0.23835824
v -0.06808572 0.44248754 -0.23831540
v 0.08941960 0.57711943 0.03368743
v 0.08939031 0.57721817 0.03380867
v 0.10364180 0.55069293 0.05730131
v 0.10363216 0.55062170 0.05750939
v 0.13867004 0.49867450 0.10503104
v 0.13862473 0.49850611 0.10511919
v 0.16472165 0.44263556 0.16461086
v 0.16472000 0.44252430 0.16469854
v 0.12547707 -0.64441474 0.16569023
v 0.12563072 -0.64433844 0.16576899
v 0.14343485 -0.62679243 0.18906068
v 0.14343111 -0.62667721 0.18904477
v 0.15824133 -0.59274348 0.20823885
v 0.15813399 -0.59300049 0.20823547
v 0.16951095 -0.55240259 0.22294956
v 0.16940559 -0.55233973 0.22298695
v 0.17739446 -0.51552825 0.23336204
v 0.17759055 -0.51536033 0.23332188
v 0.18199741 -0.39146696 0.23918805
v 0.18215818 -0.39147812 0.23937599
v 0.18363824 -0.08972233 0.24125442
v 0.18375590 -0.08977043 0.24120654
v 0.18217412 0.21213901 0.23927350
v 0.18227381 0.21211827 0.23938761
v 0.17847339 0.33729490 0.23435276
v 0.17851589 0.33748000 0.23441776
v 0.17154740 0.37247723 0.22539761
v 0.17160499 0.37275986 0.22544045
v 0.18105752 -0.64430422 -0.11352882
v 0.18118709 -0.64445370 -0.11364101
v 0.18871331 -0.62676615 -0.15500516
v 0.18880799 -0.62668805 -0.15503660
v 0.18452713 -0.59281702 -0.19631999
v 0.18464545 -0.59286061 -0.19622354
v 0.16941479 -0.55235643 -0.23403236
v 0.16961053 -0.55245497 -0.23418297
v 0.14459596 -0.51534403 -0.26644807
v 0.14476417 -0.51554700 -0.26648664
v 0.11223989 -0.39138219 -0.29097887
v 0.11238536 -0.39123318 -0.29095388
v 0.07484026 -0.08972421 -0.30634111
v 0.07477183 -0.08982710 -0.30626094
v 0.03457723 0.21227764 -0.31180673
v 0.03456144 0.21218696 -0.31178458
v -0.00559192 0.33742046 -0.30824224
v -0.00579881 0.33752577 -0.30824454
v -0.04371697 0.37269377 -0.29440733
v -0.04359699 0.37266201 -0.29432876
v -0.04934573 0.66779306 -0.08095683
v -0.04229071 0.66794420 -0.09418030
v -0.05352468 0.66783806 -0.08865174
v -0.03908944 0.66808700 -0.08605599
v -0.03903163 0.66795164 -0.08605857
v -0.04941637 0.66807048 -0.08091772
v -0.04232496 0.66787111 -0.09431715
v -0.05360017 0.66796051 -0.08865272
v -0.03913402 0.66792002 -0.08604548
v -0.02811437 0.62922692 -0.08970943
v -0.02805380 0.62919722 -0.08975213
v -0.03924073 0.66788701 -0.08601946
v -0.04235149 0.66792489 -0.09417729
v -0.04227478 0.66800794 -0.09420887
v -0.00570970 0.59573290 -0.09465257
v -0.00564866 0.59575002 -0.09465463
v 0.01898237 0.57303248 -0.09722777
v 0.01897943 0.57286648 -0.09736309
v 0.08242764 0.57249200 -0.04205725
v 0.08230597 0.57249363 -0.04197860
v 0.08947137 0.57287185 -0.00558491
v 0.08930771 0.57288332 -0.00566243
v 0.08251066 0.59564993 0.00593351
v 0.08270338 0.59570874 0.00597029
v 0.07841239 0.62923994 0.01681055
v 0.07863268 0.62913987 0.01681793
v 0.07852014 0.66782507 0.01676696
v 0.07846893 0.66795563 0.01679144
v 0.08309027 0.66799818 0.03098904
v 0.07859851 0.66779194 0.01669333
v 0.07507263 0.66778524 0.02752931
v 0.08688385 0.66777385 0.01919647
v 0.08706727 0.66795828 0.01910426
v 0.08301493 0.66799989 0.03100804
v 0.07844446 0.66781284 0.01675210
v 0.07493309 0.66788216 0.02740444
v 0.08701038 0.66788687 0.01918453
v 0.08698413 0.62942631 0.01926809
v 0.08711759 0.62919138 0.01925211
v 0.08711252 0.66794219 0.01900595
v -0.07659116 0.40404924 -0.27034096
v -0.07663359 0.40414003 -0.27028948
v 0.08452061 0.59699423 0.03175638
v 0.08468686 0.59714756 0.03166466
v 0.16108223 0.40399035 0.21182144
v 0.16120094 0.40409812 0.21166695
v 0.10487949 -0.65266396 0.13858793
v 0.10479647 -0.65276549 0.13875269
v 0.12253856 -0.65264920 0.12293437
v 0.12265333 -0.65277489 0.12284934
v 0.13836661 -0.65284447 0.10499101
v 0.13845922 -0.65265099 0.10511995
v 0.15160107 -0.65275657 0.08515908
v 0.15156196 -0.65269599 0.08529552
v 0.16212108 -0.65280124 0.06386522
v 0.16192360 -0.65265616 0.06406513
v 0.16983506 -0.65267768 0.04151907
v 0.16977089 -0.65280272 0.04144151
v 0.17446868 -0.65268835 0.01815054
v 0.17443334 -0.65264019 0.01805204
v 0.17594053 -0.65260859 -0.00567803
v 0.17589211 -0.65276812 -0.00556806
v 0.17444043 -0.65288982 -0.02926890
v 0.17431816 -0.65265838 -0.02943144
v 0.16977614 -0.65276900 -0.05259515
v 0.16981998 -0.65274458 -0.05273591
v 0.16206298 -0.65284812 -0.07519157
v 0.16209519 -0.65264842 -0.07527057
v 0.05430245 0.54468294 -0.10934878
v 0.05442563 0.54462627 -0.10944354
v 0.06729312 0.54455296 -0.10079358
v 0.06732449 0.54473817 -0.10067250
v 0.07906155 0.54446977 -0.09054452
v 0.07907572 0.54454256 -0.09045078
v 0.08932296 0.54456004 -0.07867016
v 0.08953528 0.54457271 -0.07861680
v 0.09822808 0.54446102 -0.06549985
v 0.09796882 0.54469052 -0.06564805
v -0.05880979 0.66788254 -0.07476519
v -0.05357945 0.66787914 -0.08876923
v -0.06396756 0.66785727 -0.08183895
v -0.04932212 0.66782974 -0.08110754
v -0.04930512 0.66786227 -0.08097524
v -0.05869736 0.66788092 -0.07464273
v -0.05347945 0.66792490 -0.08879796
v -0.06399425 0.66793500 -0.08169873
v -0.04936188 0.66795394 -0.08083642
v -0.03906702 0.62922928 -0.08601242
v -0.03899608 0.62906196 -0.08609062
v -0.04918028 0.66784851 -0.08093849
v -0.05365264 0.66805321 -0.08870088
v -0.04233163 0.62929779 -0.09407333
v -0.04229422 0.62929606 -0.09430891
v -0.05368245 0.66794388 -0.08857086
v -0.01734629 0.59575790 -0.09384268
v -0.01731377 0.59579145 -0.09384357
v 0.00678376 0.57308248 -0.09988514
v 0.00664105 0.57306741 -0.09987762
v 0.04027483 0.54468302 -0.11641589
v 0.04013808 0.54451264 -0.11634882
v -0.04307201 0.59712274 -0.09585702
v -0.04308144 0.59715010 -0.09592479
v -0.04487290 0.57717611 -0.10085645
v -0.04499268 0.57716421 -0.10068899
v 0.10511181 0.54455441 -0.05155112
v 0.10506660 0.54463234 -0.05158348
v -0.05390364 0.55074486 -0.12215088
v -0.05398828 0.55072920 -0.12223989
v 0.11018843 0.54449871 -0.03662396
v 0.10999574 0.54474923 -0.03662310
v 0.11321677 0.54465171 -0.02122089
v 0.11313673 0.54457183 -0.02123257
v -0.07534611 0.49873763 -0.17383350
v -0.07516811 0.49877926 -0.17372633
v 0.11405131 0.54456094 -0.00566102
v 0.11419369 0.54464146 -0.00560821
v 0.08853269 0.57297019 0.00674188
v 0.08837069 0.57286270 0.00671606
v 0.08031378 0.59557299 0.01739011
v 0.08038454 0.59575991 0.01742113
v 0.07473874 0.62903764 0.02783731
v 0.07483857 0.62916409 0.02771191
v 0.07489678 0.66799513 0.02761664
v 0.07481386 0.66805115 0.02753210
v 0.07751216 0.66784751 0.04229926
v 0.07505338 0.66791355 0.02738256
v 0.06981400 0.66789135 0.03781088
v 0.08306198 0.66798623 0.03101913
v 0.08305983 0.66791975 0.03107402
v 0.07738053 0.66797862 0.04212266
v 0.07494591 0.66788135 0.02750934
v 0.06988824 0.66792332 0.03782657
v 0.08309771 0.66796350 0.03107711
v 0.08292181 0.62934447 0.03105559
v 0.08294011 0.62939870 0.03110700
v 0.08292548 0.66790270 0.03101774
v -0.09790289 0.44266888 -0.22799491
v -0.09772759 0.44272121 -0.22814660
v 0.07886151 0.59713086 0.04321807
v 0.07875820 0.59723371 0.04327395
v 0.08339007 0.57710386 0.04579234
v 0.08347109 0.57729777 0.04587523
v 0.09455853 0.55056882 0.07114087
v 0.09452097 0.55088275 0.07124648
v 0.12286511 0.49863170 0.12305519
v 0.12278276 0.49874056 0.12294744
v 0.14100745 0.44261808 0.18541635
v 0.14095150 0.44254369 0.18547253
v 0.08502498 -0.65256885 0.15190698
v 0.08515291 -0.65250065 0.15201399
v 0.10198930 -0.64435595 0.18140520
v 0.10213665 -0.64446660 0.18128871
v 0.11672751 -0.62686600 0.20688308
v 0.11672095 -0.62674084 0.20697902
v 0.12887580 -0.59280132 0.22773750
v 0.12882329 -0.59273519 0.22778203
v 0.13801087 -0.55237747 0.24380917
v 0.13811732 -0.55242867 0.24395784
v 0.14469260 -0.51536000 0.25521447
v 0.14476777 -0.51530541 0.25529402
v 0.14852580 -0.39138063 0.26184620
v 0.14869875 -0.39131265 0.26178361
v 0.14987507 -0.08984612 0.26376699
v 0.14975005 -0.08978722 0.26388261
v 0.14851758 0.21210903 0.26187228
v 0.14882078 0.21233103 0.26191827
v 0.14556314 0.33737670 0.25631557
v 0.14562676 0.33737245 0.25627131
v 0.14001472 0.37256550 0.24658546
v 0.13980713 0.37260581 0.24662790
v 0.15173123 -0.65285324 -0.09660411
v 0.15163397 -0.65258003 -0.09664573
v 0.16526512 -0.64443048 -0.13705836
v 0.16530095 -0.64438017 -0.13711582
v 0.16746534 -0.62674248 -0.17927538
v 0.16760715 -0.62684268 -0.17913491
v 0.15827235 -0.59279325 -0.21946582
v 0.15813641 -0.59291373 -0.21940474
v 0.13806422 -0.55255812 -0.25527061
v 0.13810623 -0.55244480 -0.25515362
v 0.10922506 -0.51532179 -0.28392021
v 0.10939932 -0.51538505 -0.28384754
v 0.07387814 -0.39136352 -0.30395850
v 0.07406161 -0.39136744 -0.30396550
v 0.03469919 -0.08974302 -0.31410770
v 0.03487040 -0.08974090 -0.31411171
v -0.00561939 0.21233003 -0.31457654
v -0.00585835 0.21212180 -0.31454244
v -0.04521779 0.33755073 -0.30545537
v -0.04518285 0.33759273 -0.30557258
v -0.08104798 0.37264557 -0.28704293
v -0.08101234 0.37269885 -0.28690696
v -0.06744229 0.66785586 -0.06695414
v -0.06399783 0.66790969 -0.08182003
v -0.07333900 0.66796421 -0.07350415
v -0.05889994 0.66791775 -0.07464896
v -0.05877540 0.66789422 -0.07463950
v -0.06742218 0.66781724 -0.06703420
v -0.06395585 0.66807667 -0.08186002
v -0.07357177 0.66803709 -0.07341584
v -0.05891456 0.66795141 -0.07465407
v -0.04918560 0.62914581 -0.08107194
v -0.04912649 0.62930967 -0.08101401
v -0.05877723 0.66785794 -0.07467808
v -0.06392835 0.66799394 -0.08164560
v -0.05352865 0.62932231 -0.08874140
v -0.05354896 0.62950406 -0.08874664
v -0.06403175 0.66791088 -0.08166693
v -0.02863125 0.59576206 -0.09147466
v -0.02870710 0.59567939 -0.09156595
v -0.00565582 0.57296095 -0.10055074
v -0.00549162 0.57300205 -0.10054481
v 0.02537556 0.54472326 -0.12130490
v 0.02535252 0.54442700 -0.12137160
v 0.11302408 0.54462540 0.01014516
v 0.11321713 0.54451179 0.00995128
v 0.08592900 0.57291128 0.01900219
v 0.08595237 0.57293572 0.01891928
v 0.07640154 0.59579813 0.02856555
v 0.07642531 0.59588525 0.02841098
v 0.06989601 0.62916682 0.03773908
v 0.06989347 0.62903445 0.03778599
v 0.06998057 0.66791752 0.03774414
v 0.06983247 0.66789444 0.03779825
v 0.07041146 0.66807680 0.05275619
v 0.06991427 0.66783148 0.03767688
v 0.06378741 0.66792396 0.04718228
v 0.07752368 0.66782503 0.04218814
v 0.07724307 0.66806764 0.04241752
v 0.07049595 0.66794312 0.05275812
v 0.06993037 0.66787020 0.03755871
v 0.06367080 0.66789763 0.04728376
v 0.07737173 0.66799079 0.04233592
v 0.07739863 0.62953720 0.04235402
v 0.07757354 0.62947022 0.04240080
v 0.07739248 0.66787565 0.04214034
v -0.11052796 0.40431960 -0.25881817
v -0.11042924 0.40413496 -0.25880531
v 0.13142345 0.40399770 0.23169792
v 0.13137951 0.40420853 0.23166227
v 0.06632873 -0.65873931 0.11930364
v 0.06625067 -0.65885060 0.11925061
v 0.08180765 -0.65891670 0.10880285
v 0.08182854 -0.65882057 0.10877524
v 0.09607863 -0.65871723 0.09627591
v 0.09593096 -0.65874993 0.09624087
v 0.10853009 -0.65888239 0.08215724
v 0.10850082 -0.65878739 0.08231095
v 0.11906973 -0.65874629 0.06644102
v 0.11900961 -0.65866263 0.06639774
v 0.12736833 -0.65870013 0.04948891
v 0.12734981 -0.65883365 0.04951620
v 0.13341199 -0.65873632 0.03170441
v 0.13327082 -0.65865628 0.03170241
v 0.13696937 -0.65872659 0.01318653
v 0.13690652 -0.65877185 0.01329667
v 0.13822225 -0.65870369 -0.00570022
v 0.13830748 -0.65879966 -0.00572746
v 0.13707438 -0.65875433 -0.02446508
v 0.13711936 -0.65861848 -0.02447205
v 0.13332796 -0.65874743 -0.04288226
v 0.13326775 -0.65890056 -0.04310164
v 0.12744673 -0.65887708 -0.06076589
v 0.12734668 -0.65862413 -0.06077281
v 0.08224602 0.49237176 -0.15804170
v 0.08220592 0.49223066 -0.15793345
v 0.10140119 0.49222052 -0.14520021
v 0.10148618 0.49226196 -0.14514305
v 0.11876833 0.49232587 -0.13008580
v 0.11873994 0.49223767 -0.12999173
v 0.13379673 0.49220549 -0.11256702
v 0.13373335 0.49223051 -0.11278020
v 0.14667824 0.49230349 -0.09357760
v 0.14668130 0.49224332 -0.09349929
v 0.15683442 0.49208121 -0.07286652
v 0.15683789 0.49220199 -0.07293976
v -0.07480130 0.66796002 -0.05857048
v -0.07347697 0.66796714 -0.07338974
v -0.08154680 0.66798634 -0.06410280
v -0.06730137 0.66796973 -0.06708460
v -0.06750856 0.66797974 -0.06696770
v -0.07488973 0.66789778 -0.05849645
v -0.07343890 0.66787561 -0.07342522
v -0.08167161 0.66807943 -0.06395745
v -0.06733144 0.66799248 -0.06719068
v -0.05853104 0.62913277 -0.07490300
v -0.05862542 0.62922650 -0.07483797
v -0.06732311 0.66787331 -0.06701234
v -0.07349852 0.66794173 -0.07339573
v -0.06405237 0.62928280 -0.08171845
v -0.06397240 0.62937383 -0.08171445
v -0.07340007 0.66801259 -0.07345681
v -0.03961988 0.59551569 -0.08772744
v -0.03955478 0.59549594 -0.08790647
v -0.01791449 0.57293655 -0.09979235
v -0.01808147 0.57309561 -0.09991557
v 0.00983151 0.54468031 -0.12437685
v 0.00994885 0.54462873 -0.12445801
v 0.06156845 0.49240766 -0.16809319
v 0.06162087 0.49219546 -0.16819484
v -0.05696769 0.57709074 -0.09475334
v -0.05699839 0.57737374 -0.09459399
v 0.16408251 0.49212397 -0.05125783
v 0.16416900 0.49211363 -0.05107928
v -0.06869904 0.55086615 -0.11498878
v -0.06886851 0.55067838 -0.11485317
v 0.16860003 0.49217702 -0.02857888
v 0.16868701 0.49207113 -0.02860892
v 0.17025490 0.49216802 -0.00560421
v 0.17020413 0.49225396 -0.00569140
v -0.09661177 0.49869312 -0.16306542
v -0.09657475 0.49858782 -0.16319168
v 0.16861679 0.49239961 0.01736679
v 0.16878615 0.49220210 0.01734932
v 0.11026272 0.54454818 0.02521202
v 0.11007990 0.54460243 0.02525010
v 0.08192026 0.57307195 0.03066945
v 0.08183089 0.57300154 0.03059597
v 0.07139192 0.59562628 0.03902921
v 0.07112520 0.59559229 0.03905512
v 0.06336290 0.62922646 0.04749111
v 0.06338418 0.62913798 0.04739642
v 0.06379541 0.66790864 0.04732421
v 0.06361261 0.66774781 0.04723787
v 0.06232015 0.66783422 0.06215059
v 0.06356422 0.66783159 0.04723090
v 0.05605605 0.66776724 0.05585360
v 0.07055396 0.66798705 0.05281928
v 0.07050382 0.66780758 0.05279783
v 0.06234038 0.66778579 0.06214825
v 0.06365456 0.66779530 0.04720526
v 0.05624355 0.66796109 0.05577171
v 0.07045260 0.66802546 0.05261848
v 0.07031289 0.62920557 0.05273950
v 0.07042857 0.62944293 0.05266517
v 0.07051745 0.66777967 0.05269010
v -0.12615133 0.44261818 -0.21425500
v -0.12607759 0.44259872 -0.21435014
v 0.07182312 0.59719874 0.05381899
v 0.07199836 0.59699684 0.05373190
v 0.07587283 0.57727876 0.05701866
v 0.07602436 0.57715413 0.05686134
v 0.08351183 0.55065339 0.08366088
v 0.08355720 0.55083536 0.08346735
v 0.10507736 0.49855906 0.13866266
v 0.10509850 0.49865257 0.13868059
v 0.11482132 0.44261278 0.20297199
v 0.11491596 0.44258279 0.20296888
v 0.04927682 -0.65875867 0.12761987
v 0.04941889 -0.65865397 0.12774273
v 0.06352095 -0.65269499 0.16232199
v 0.06368745 -0.65261500 0.16237146
v 0.07674412 -0.64438454 0.19394207
v 0.07651706 -0.64448781 0.19389999
v 0.08801117 -0.62680033 0.22105837
v 0.08797792 -0.62673059 0.22097562
v 0.09721616 -0.59280986 0.24327422
v 0.09702213 -0.59292588 0.24344189
v 0.10424009 -0.55239636 0.26041285
v 0.10429828 -0.55236661 0.26047366
v 0.10949123 -0.51546506 0.27258185
v 0.10925138 -0.51524058 0.27261583
v 0.11231415 -0.39141122 0.27967951
v 0.11233959 -0.39125435 0.27975638
v 0.11321637 -0.08977488 0.28182232
v 0.11342785 -0.08977791 0.28183657
v 0.11245489 0.21214268 0.27960440
v 0.11238116 0.21215792 0.27960571
v 0.11014067 0.33742282 0.27382042
v 0.10999253 0.33761384 0.27371559
v 0.10583278 0.37275405 0.26355489
v 0.10581184 0.37273468 0.26351720
v 0.11914965 -0.65868436 -0.07766033
v 0.11883206 -0.65882266 -0.07780741
v 0.13839844 -0.65260982 -0.11631229
v 0.13824830 -0.65265588 -0.11636306
v 0.14678541 -0.64438429 -0.15830227
v 0.14662609 -0.64435971 -0.15817732
v 0.14343781 -0.62667724 -0.20023771
v 0.14338333 -0.62680620 -0.20025080
v 0.12888038 -0.59280152 -0.23918339
v 0.12896790 -0.59263180 -0.23914983
v 0.10437188 -0.55229792 -0.27184491
v 0.10437596 -0.55239183 -0.27182355
v 0.07196104 -0.51540718 -0.29652042
v 0.07207582 -0.51540166 -0.29649996
v 0.03428218 -0.39140552 -0.31184578
v 0.03429018 -0.39149497 -0.31174553
v -0.00590561 -0.08974086 -0.31679704
v -0.00575296 -0.08986903 -0.31675906
v -0.04619295 0.21208019 -0.31186913
v -0.04610736 0.21232956 -0.31187649
v -0.08411159 0.33770961 -0.29791067
v -0.08397528 0.33762511 -0.29781754
v -0.11711424 0.37268258 -0.27480086
v -0.11714149 0.37255118 -0.27469075
v -0.08116012 0.66786063 -0.04903283
v -0.08154872 0.66801425 -0.06391254
v -0.08863371 0.66792640 -0.05364374
v -0.07484134 0.66796572 -0.05839667
v -0.07476195 0.66807528 -0.05840346
v -0.08119066 0.66799225 -0.04901403
v -0.08179075 0.66806598 -0.06396965
v -0.08863210 0.66806421 -0.05365887
v -0.06733797 0.62928049 -0.06726375
v -0.07486051 0.66796672 -0.05844991
v -0.07469491 0.66804284 -0.05859552
v -0.06734381 0.62911049 -0.06724080
v -0.07350516 0.62942864 -0.07349749
v -0.08172927 0.66807308 -0.06390119
v -0.08187885 0.66796038 -0.06400012
v -0.07333385 0.62935481 -0.07349814
v -0.04990275 0.59581521 -0.08279033
v -0.04996372 0.59582323 -0.08277388
v -0.05451882 0.59699747 -0.09013131
v -0.05456225 0.59706683 -0.09024431
v -0.03008106 0.57292072 -0.09734971
v -0.03022523 0.57304786 -0.09737778
v -0.00563721 0.54469324 -0.12551675
v -0.00575745 0.54459365 -0.12548685
v 0.03991463 0.49233204 -0.17544650
v 0.03987920 0.49224140 -0.17543914
v 0.16431897 0.49218194 0.04004668
v 0.16410773 0.49219485 0.03976526
v 0.10504596 0.54464358 0.04019349
v 0.10508564 0.54446412 0.04021697
v 0.06480063 0.59581584 0.04868829
v 0.06493220 0.59566934 0.04864995
v 0.05605883 0.62919642 0.05602198
v 0.05592428 0.62918240 0.05592462
v 0.05626817 0.66776690 0.05584630
v 0.05624467 0.66785788 0.05567842
v 0.05287632 0.66797731 0.07042968
v 0.05611916 0.66796900 0.05567008
v 0.04757293 0.66807725 0.06319374
v 0.06210064 0.66778662 0.06224119
v 0.06208005 0.66786255 0.06218600
v 0.05270253 0.66789642 0.07036996
v 0.05623471 0.66798350 0.05584626
v 0.04740105 0.66786469 0.06349216
v 0.06204039 0.66795212 0.06219213
v 0.06207235 0.62938030 0.06218115
v 0.06223709 0.62937068 0.06216187
v 0.06220628 0.66780662 0.06214219
v -0.14266521 0.40413861 -0.24303240
v -0.14251435 0.40426018 -0.24299758
v 0.09917915 0.40397320 0.24743345
v 0.09909194 0.40400981 0.24742445
v 0.03473898 -0.66240097 0.09202233
v 0.03453613 -0.66247075 0.09215983
v 0.04592595 -0.66232585 0.08425766
v 0.04599100 -0.66234996 0.08413795
v 0.05844333 -0.66238502 0.07841120
v 0.05851170 -0.66244083 0.07830077
v 0.06748891 -0.66235189 0.06765609
v 0.06729749 -0.66230723 0.06757382
v 0.07813463 -0.66252529 0.05887380
v 0.07802269 -0.66257223 0.05870807
v 0.08379828 -0.66234052 0.04604071
v 0.08390469 -0.66246602 0.04606070
v 0.09178518 -0.66257329 0.03466859
v 0.09189055 -0.66252225 0.03478651
v 0.09410119 -0.66247103 0.02134384
v 0.09424923 -0.66230648 0.02115835
v 0.09912401 -0.66240272 0.00798354
v 0.09896590 -0.66233509 0.00816152
v 0.09781948 -0.66246346 -0.00565496
v 0.09769767 -0.66237146 -0.00576822
v 0.09900367 -0.66253432 -0.01945898
v 0.09899993 -0.66245710 -0.01925885
v 0.09400713 -0.66236940 -0.03242265
v 0.09407526 -0.66249101 -0.03256111
v 0.09185704 -0.66235044 -0.04617759
v 0.09191645 -0.66244032 -0.04612646
v 0.11145554 0.43648606 -0.20875611
v 0.11157363 0.43650613 -0.20881616
v 0.13713320 0.43655895 -0.19177711
v 0.13717864 0.43646497 -0.19155573
v 0.16012909 0.43653298 -0.17143812
v 0.16028371 0.43643725 -0.17152570
v 0.18033126 0.43638409 -0.14853388
v 0.18040668 0.43643924 -0.14844550
v 0.19736680 0.43644157 -0.12286719
v 0.19748338 0.43655786 -0.12285657
v 0.21100579 0.43647658 -0.09539528
v 0.21095483 0.43643869 -0.09543048
v 0.22072983 0.43644240 -0.06621753
v 0.22087486 0.43655638 -0.06628243
v -0.08612992 0.66794413 -0.03880121
v -0.08855355 0.66806892 -0.05365128
v -0.09420291 0.66799652 -0.04235504
v -0.08122045 0.66794270 -0.04900076
v -0.08125996 0.66794225 -0.04907044
v -0.08617480 0.66796101 -0.03891037
v -0.08853458 0.66807560 -0.05354723
v -0.09426418 0.66796198 -0.04240087
v -0.07478763 0.62917524 -0.05858699
v -0.08116253 0.66801403 -0.04898290
v -0.08134177 0.66802286 -0.04906720
v -0.07485988 0.62926352 -0.05868144
v -0.08165363 0.62947420 -0.06390932
v -0.08870737 0.66805490 -0.05346063
v -0.08862874 0.66792685 -0.05360022
v -0.08171371 0.62949631 -0.06384866
v -0.05979723 0.59583594 -0.07623703
v -0.05962405 0.59572218 -0.07618275
v -0.06511056 0.59702622 -0.08292446
v -0.06499859 0.59705961 -0.08314488
v -0.05312222 0.57303904 -0.08780072
v -0.05324876 0.57294664 -0.08773849
v -0.04209116 0.57266784 -0.09347689
v -0.04227958 0.57275504 -0.09342369
v -0.02142520 0.54453516 -0.12453904
v -0.02133039 0.54475769 -0.12445903
v 0.01728120 0.49225119 -0.18001800
v 0.01715787 0.49233700 -0.17996620
v 0.08408553 0.43645922 -0.22242963
v 0.08399244 0.43645729 -0.22239353
v -0.06831067 0.57713708 -0.08712036
v -0.06826286 0.57736623 -0.08735705
v 0.22672970 0.43661484 -0.03611546
v 0.22684844 0.43651645 -0.03624027
v -0.08235187 0.55065130 -0.10576975
v -0.08256461 0.55091188 -0.10575253
v 0.22876893 0.43651126 -0.00572316
v 0.22871440 0.43646007 -0.00559025
v 0.22673248 0.43652029 0.02501167
v 0.22693623 0.43634153 0.02490225
v -0.11648985 0.49869928 -0.14988329
v -0.11639881 0.49880739 -0.14998336
v 0.22093865 0.43639041 0.05496261
v 0.22082356 0.43629333 0.05517067
v 0.15691579 0.49240038 0.06167070
v 0.15689363 0.49235230 0.06167215
v 0.09808158 0.54477588 0.05423873
v 0.09814898 0.54458861 0.05423273
v 0.07666188 0.57307338 0.04158139
v 0.07659427 0.57282347 0.04181625
v 0.05699415 0.59565642 0.05743485
v 0.05705074 0.59571473 0.05736294
v 0.04737129 0.62908022 0.06344984
v 0.04737527 0.62907879 0.06346683
v 0.04765319 0.66802983 0.06332262
v 0.04761861 0.66779430 0.06320508
v 0.04241556 0.66795229 0.07737536
v 0.04754652 0.66788218 0.06347998
v 0.03811219 0.66805381 0.06966842
v 0.05271660 0.66809922 0.07040854
v 0.05270830 0.66794242 0.07050312
v 0.04240611 0.66797219 0.07751338
v 0.04769863 0.66791944 0.06333539
v 0.03807317 0.66793544 0.06969234
v 0.05266917 0.66798231 0.07048034
v 0.05265048 0.62937240 0.07053947
v 0.05280125 0.62932430 0.07044350
v 0.05277455 0.66807934 0.07041990
v 0.06343981 0.59695149 0.06334358
v 0.06330857 0.59722442 0.06336597
v -0.15227669 0.44265619 -0.19670762
v -0.15242939 0.44271465 -0.19673466
v 0.06709274 0.57729018 0.06706545
v 0.06722512 0.57725664 0.06707872
v 0.07098891 0.55079177 0.09454655
v 0.07111769 0.55081939 0.09441416
v 0.08512809 0.49847634 0.15191003
v 0.08520410 0.49862508 0.15187834
v 0.08654329 0.44260814 0.21694692
v 0.08648148 0.44243168 0.21689705
v 0.02086011 -0.66232230 0.09459155
v 0.02073171 -0.66244591 0.09455576
v 0.03135572 -0.65860884 0.13372901
v 0.03147279 -0.65872958 0.13359171
v 0.04107188 -0.65271828 0.16995082
v 0.04127297 -0.65280971 0.17011367
v 0.04996419 -0.64449143 0.20292229
v 0.04994957 -0.64432748 0.20274460
v 0.05772316 -0.62678833 0.23150981
v 0.05755871 -0.62681284 0.23134690
v 0.06374810 -0.59281862 0.25464754
v 0.06390367 -0.59281965 0.25469164
v 0.06883259 -0.55254157 0.27261173
v 0.06865656 -0.55229781 0.27258764
v 0.07203337 -0.51555767 0.28526409
v 0.07208590 -0.51542657 0.28532706
v 0.07391763 -0.39146213 0.29262246
v 0.07404192 -0.39133580 0.29254753
v 0.07474646 -0.08986383 0.29490950
v 0.07460581 -0.08977878 0.29490611
v 0.07432710 0.21220025 0.29265389
v 0.07417320 0.21210860 0.29281756
v 0.07274893 0.33739933 0.28669822
v 0.07253347 0.33751782 0.28663302
v 0.06965346 0.37268689 0.27575986
v 0.06969157 0.37248292 0.27566290
v 0.08372935 -0.66247604 -0.05749486
v 0.08381077 -0.66241380 -0.05757175
v 0.10844117 -0.65884262 -0.09326600
v 0.10863777 -0.65875143 -0.09348588
v 0.12270956 -0.65280520 -0.13426037
v 0.12281275 -0.65271344 -0.13428947
v 0.12536702 -0.64432079 -0.17693132
v 0.12548336 -0.64448966 -0.17700268
v 0.11665406 -0.62674976 -0.21821712
v 0.11681050 -0.62672980 -0.21825843
v 0.09723018 -0.59293361 -0.25462422
v 0.09721370 -0.59277224 -0.25460844
v 0.06867650 -0.55239902 -0.28391972
v 0.06877074 -0.55231399 -0.28393731
v 0.03348437 -0.51534240 -0.30429139
v 0.03339095 -0.51545029 -0.30425826
v -0.00584382 -0.39127936 -0.31445938
v -0.00580564 -0.39141273 -0.31451640
v -0.04642790 -0.08989047 -0.31411182
v -0.04646325 -0.08981630 -0.31410848
v -0.08572755 0.21223136 -0.30399009
v -0.08557947 0.21206738 -0.30403229
v -0.12143138 0.33767534 -0.28507018
v -0.12165141 0.33751013 -0.28508602
v -0.15142239 0.37265017 -0.25791928
v -0.15142412 0.37271117 -0.25776496
v -0.08974590 0.66790934 -0.02808862
v -0.09422025 0.66786614 -0.04247383
v -0.09825182 0.66785726 -0.03045198
v -0.08628717 0.66784716 -0.03891099
v -0.08628431 0.66807192 -0.03885792
v -0.08983911 0.66793378 -0.02794372
v -0.09425759 0.66809263 -0.04226210
v -0.09831594 0.66794991 -0.03035685
v -0.08107171 0.62926951 -0.04914465
v -0.08616790 0.66788645 -0.03890374
v -0.08625420 0.66796067 -0.03876401
v -0.08093020 0.62912439 -0.04913690
v -0.08877038 0.62952176 -0.05344340
v -0.09421813 0.66787469 -0.04227157
v -0.09407962 0.66807669 -0.04233135
v -0.08866209 0.62949392 -0.05357932
v -0.06843550 0.59571965 -0.06880287
v -0.06834232 0.59570534 -0.06871483
v -0.07474950 0.59709026 -0.07463883
v -0.07468706 0.59711265 -0.07468880
v -0.06372882 0.57288493 -0.08091749
v -0.06343354 0.57294409 -0.08090611
v -0.03668842 0.54463271 -0.12149076
v -0.03659431 0.54450771 -0.12143985
v -0.00578850 0.49236894 -0.18151860
v -0.00551260 0.49237568 -0.18151082
v 0.05507256 0.43660095 -0.23222343
v 0.05492880 0.43647456 -0.23228075
v 0.21099329 0.43642258 0.08400254
v 0.21115015 0.43658825 0.08424798
v 0.14648075 0.49212375 0.08221716
v 0.14662826 0.49206830 0.08214410
v 0.06972917 0.57296920 0.05208603
v 0.06994154 0.57297773 0.05215160
v 0.04837101 0.59567817 0.06500736
v 0.04833543 0.59571771 0.06493741
v 0.03798977 0.62920235 0.06981362
v 0.03801257 0.62933814 0.06995191
v 0.03794903 0.66777596 0.06970994
v 0.03812937 0.66779059 0.06977281
v 0.03109898 0.66775757 0.08280602
v 0.03819866 0.66789567 0.06969859
v 0.02789611 0.66798406 0.07470662
v 0.04223000 0.66794424 0.07748338
v 0.04227379 0.66787663 0.07738830
v 0.03103350 0.66799971 0.08298400
v 0.03796067 0.66783266 0.06974696
v 0.02790187 0.66803888 0.07475929
v 0.04238537 0.66783667 0.07743194
v 0.04222333 0.62930880 0.07743154
v 0.04244483 0.62944443 0.07741906
v 0.04246695 0.66790279 0.07746330
v 0.05377371 0.59706886 0.07173383
v 0.05372477 0.59693525 0.07187415
v -0.17255493 0.40431241 -0.22301066
v -0.17259460 0.40416241 -0.22302461
v 0.06519461 0.40397876 0.25904959
v 0.06525400 0.40412541 0.25908911
v 0.02078288 -0.66372592 0.05877209
v 0.02074610 -0.66359809 0.05877218
v 0.03651099 -0.66367197 0.04957087
v 0.03672661 -0.66368074 0.04973881
v 0.04942352 -0.66360654 0.03687525
v 0.04938853 -0.66368367 0.03696594
v 0.05858070 -0.66371997 0.02103748
v 0.05848960 -0.66379288 0.02116611
v 0.06328283 -0.66362430 0.00348149
v 0.06316086 -0.66358073 0.00360117
v 0.06325202 -0.66367251 -0.01478364
v 0.06315507 -0.66384515 -0.01467016
v 0.05850375 -0.66370789 -0.03251373
v 0.05842110 -0.66363482 -0.03239275
v 0.12771688 0.39901930 -0.23668184
v 0.12779629 0.39912929 -0.23675229
v 0.15657527 0.39898112 -0.21730493
v 0.15674579 0.39908572 -0.21720139
v 0.18300851 0.39913724 -0.19434055
v 0.18289928 0.39909652 -0.19428237
v 0.20595504 0.39913772 -0.16801716
v 0.20592949 0.39906917 -0.16811070
v 0.22542704 0.39912468 -0.13914737
v 0.22538850 0.39897903 -0.13901979
v 0.24078307 0.39893851 -0.10771236
v 0.24085773 0.39904614 -0.10778043
v 0.25194833 0.39907154 -0.07477900
v 0.25195774 0.39904491 -0.07467301
v 0.25884004 0.39885670 -0.04037411
v 0.25881364 0.39894087 -0.04044534
v -0.09205802 0.66798963 -0.01696141
v -0.09830512 0.66793371 -0.03044687
v -0.10065661 0.66809512 -0.01807222
v -0.08987376 0.66790665 -0.02807980
v -0.08981649 0.66796038 -0.02784856
v -0.09198117 0.66797541 -0.01677738
v -0.09837825 0.66794373 -0.03041015
v -0.10053348 0.66800264 -0.01809549
v -0.08606670 0.62916292 -0.03897721
v -0.08981053 0.66797745 -0.02803100
v -0.08986354 0.66800740 -0.02804960
v -0.08604438 0.62920003 -0.03896152
v -0.09422109 0.62934112 -0.04236830
v -0.09810980 0.66796892 -0.03056893
v -0.09835592 0.66803536 -0.03055006
v -0.09410402 0.62939630 -0.04238445
v -0.07597655 0.59572899 -0.05991989
v -0.07620612 0.59590142 -0.06007769
v -0.08326226 0.59700045 -0.06511637
v -0.08302831 0.59716709 -0.06496491
v -0.07293689 0.57305010 -0.07283172
v -0.07293890 0.57311573 -0.07266217
v -0.07836684 0.57724411 -0.07831505
v -0.07849036 0.57718485 -0.07853383
v -0.06553812 0.54472961 -0.10935516
v -0.06550951 0.54474078 -0.10941393
v -0.05160004 0.54464382 -0.11637368
v -0.05147841 0.54462592 -0.11629826
v -0.02862335 0.49230910 -0.17988809
v -0.02858705 0.49221867 -0.18004639
v 0.02495777 0.43650606 -0.23817848
v 0.02511224 0.43664827 -0.23817723
v 0.09651117 0.39901261 -0.25216631
v 0.09639038 0.39907386 -0.25220313
v 0.26117178 0.39903894 -0.00571528
v 0.26109211 0.39910431 -0.00578582
v -0.09483595 0.55083108 -0.09485387
v -0.09496008 0.55093733 -0.09476832
v 0.25878863 0.39893232 0.02920696
v 0.25879712 0.39909542 0.02903104
v 0.25200915 0.39898658 0.06333475
v 0.25188613 0.39901550 0.06337025
v -0.13433382 0.49853402 -0.13432233
v -0.13438180 0.49867289 -0.13428138
v 0.24058055 0.39910592 0.09644194
v 0.24080098 0.39904543 0.09636389
v 0.19746133 0.43648392 0.11164171
v 0.19731600 0.43637098 0.11161658
v 0.13379816 0.49214655 0.10139893
v 0.13384685 0.49207050 0.10137139
v 0.08935858 0.54461292 0.06725410
v 0.08944585 0.54463536 0.06750603
v 0.06168638 0.57289369 0.06125273
v 0.06169124 0.57299752 0.06129225
v 0.03870485 0.59572497 0.07149280
v 0.03865282 0.59575445 0.07150329
v 0.02768129 0.62913553 0.07475419
v 0.02757312 0.62916357 0.07492672
v 0.02783906 0.66792461 0.07488477
v 0.02780671 0.66802776 0.07473159
v 0.01905799 0.66791506 0.08694537
v 0.02784952 0.66791322 0.07471506
v 0.01708666 0.66785773 0.07846709
v 0.03090481 0.66802883 0.08305070
v 0.03114161 0.66778062 0.08294161
v 0.01929000 0.66777333 0.08692554
v 0.02793966 0.66788413 0.07481998
v 0.01704462 0.66775953 0.07842981
v 0.03104768 0.66773353 0.08294169
v 0.03106867 0.62938365 0.08295971
v 0.03110505 0.62927351 0.08308258
v 0.03096608 0.66786300 0.08284089
v 0.04316296 0.59719234 0.07890283
v 0.04321766 0.59707046 0.07882120
v -0.17600429 0.44265919 -0.17600844
v -0.17609394 0.44259124 -0.17591010
v 0.05702940 0.57713224 0.07608696
v 0.05705168 0.57728792 0.07600427
v 0.05734137 0.55056464 0.10364780
v 0.05747461 0.55070076 0.10378297
v 0.06377712 0.49851203 0.16241315
v 0.06387653 0.49846869 0.16237228
v 0.05673412 0.44262507 0.22702091
v 0.05654762 0.44246395 0.22702782
v 0.00995935 -0.66360256 0.05323001
v 0.00980222 -0.66378215 0.05328631
v 0.00805173 -0.66248226 0.09934056
v 0.00777056 -0.66238950 0.09919408
v 0.02447810 -0.66366467 0.04713574
v 0.02467411 -0.66380323 0.04723590
v 0.01284486 -0.65883441 0.13748626
v 0.01286214 -0.65864096 0.13734763
v 0.01801293 -0.65276725 0.17470901
v 0.01796767 -0.65266458 0.17475334
v 0.03717895 -0.66374659 0.03737582
v 0.03730527 -0.66365755 0.03749287
v 0.02222785 -0.64417653 0.20826310
v 0.02224804 -0.64432999 0.20844015
v 0.02611281 -0.62660076 0.23754033
v 0.02597942 -0.62679054 0.23758962
v 0.04700928 -0.66370249 0.02481374
v 0.04703810 -0.66358416 0.02475437
v 0.02917245 -0.59279628 0.26159374
v 0.02921245 -0.59261423 0.26161715
v 0.03162869 -0.55228846 0.27991738
v 0.03177426 -0.55223094 0.27996996
v 0.05296089 -0.66370052 0.01000022
v 0.05317896 -0.66374563 0.01022451
v 0.03356421 -0.51528497 0.29287640
v 0.03344836 -0.51540038 0.29278191
v 0.03441445 -0.39122151 0.30068333
v 0.03444295 -0.39129368 0.30050981
v 0.05499850 -0.66359190 -0.00555438
v 0.05507563 -0.66361127 -0.00574692
v 0.03492078 -0.08975697 0.30274537
v 0.03495245 -0.08979379 0.30293356
v 0.03447565 0.21212990 0.30052596
v 0.03453900 0.21219814 0.30066254
v 0.05299895 -0.66372774 -0.02147242
v 0.05305369 -0.66357606 -0.02143893
v 0.03365556 0.33750577 0.29441008
v 0.03386822 0.33769846 0.29421220
v 0.03245002 0.37278296 0.28298730
v 0.03237845 0.37248238 0.28300614
v 0.04686140 -0.66362324 -0.03608449
v 0.04682652 -0.66384153 -0.03619351
v 0.07805727 -0.66255073 -0.07009537
v 0.07789026 -0.66255903 -0.07015445
v 0.09606267 -0.65869368 -0.10763016
v 0.09602701 -0.65869801 -0.10771699
v 0.10493961 -0.65268001 -0.14987394
v 0.10467169 -0.65267063 -0.15005362
v 0.10207237 -0.64450328 -0.19257693
v 0.10189405 -0.64434409 -0.19248641
v 0.08815745 -0.62685430 -0.23240497
v 0.08801153 -0.62676171 -0.23231152
v 0.06400534 -0.59278711 -0.26598330
v 0.06375818 -0.59283222 -0.26596797
v 0.03187668 -0.55251926 -0.29128751
v 0.03157044 -0.55232981 -0.29126670
v -0.00598385 -0.51538360 -0.30679237
v -0.00582280 -0.51538220 -0.30687994
v -0.04628694 -0.39149317 -0.31182966
v -0.04608999 -0.39137987 -0.31182429
v -0.08614787 -0.08961233 -0.30629821
v -0.08619086 -0.08974201 -0.30630122
v -0.12386716 0.21224224 -0.29092211
v -0.12394111 0.21208221 -0.29096513
v -0.15713466 0.33752856 -0.26750987
v -0.15698172 0.33755787 -0.26768293
v -0.18300050 0.37251831 -0.23664453
v -0.18290880 0.37286166 -0.23681108
v -0.09265007 0.66785208 -0.00533298
v -0.10065571 0.66789383 -0.01814851
v -0.10162977 0.66784579 -0.00562672
v -0.09197857 0.66784288 -0.01671576
v -0.09207104 0.66792211 -0.01664645
v -0.09274920 0.66785859 -0.00546902
v -0.10072946 0.66801060 -0.01823496
v -0.10134588 0.66793901 -0.00579319
v -0.08986880 0.62930004 -0.02819468
v -0.09197456 0.66792661 -0.01679378
v -0.09209872 0.66791812 -0.01686044
v -0.08967095 0.62923412 -0.02822702
v -0.09806652 0.62936520 -0.03057414
v -0.10069786 0.66789075 -0.01821102
v -0.10062412 0.66787598 -0.01823207
v -0.09825816 0.62948793 -0.03057346
v -0.08242727 0.59560754 -0.05029665
v -0.08257196 0.59560307 -0.05021754
v -0.09017226 0.59720648 -0.05447315
v -0.09025864 0.59697937 -0.05444213
v -0.08109766 0.57293118 -0.06342565
v -0.08116418 0.57288778 -0.06326547
v -0.08721424 0.57738162 -0.06838794
v -0.08743532 0.57723560 -0.06824266
v -0.07870342 0.54451386 -0.10073710
v -0.07869473 0.54468612 -0.10054404
v -0.05107433 0.49222381 -0.17563439
v -0.05116645 0.49228691 -0.17548954
v -0.00569017 0.43650630 -0.24019771
v -0.00560326 0.43647789 -0.24013528
v 0.06338509 0.39913261 -0.26330619
v 0.06343881 0.39902673 -0.26322670
v 0.22521605 0.39912006 0.12761695
v 0.22533345 0.39905638 0.12765785
v 0.18036266 0.43648587 0.13708863
v 0.18041046 0.43653398 0.13722102
v 0.07900261 0.54452772 0.07914265
v 0.07924602 0.54453493 0.07915529
v 0.05229734 0.57299246 0.06961812
v 0.05225808 0.57293102 0.06966322
v 0.02840147 0.59552789 0.07660925
v 0.02814793 0.59575113 0.07656263
v 0.01691974 0.62924718 0.07849291
v 0.01696756 0.62904008 0.07831915
v 0.01695811 0.66798130 0.07846832
v 0.01710497 0.66792262 0.07839223
v 0.00684459 0.66803761 0.08947049
v 0.01723179 0.66789909 0.07855539
v 0.00596178 0.66790821 0.08076274
v 0.01921130 0.66792606 0.08692264
v 0.01927119 0.66784410 0.08697200
v 0.00689940 0.66792653 0.08949217
v 0.01713370 0.66794312 0.07835745
v 0.00592958 0.66796120 0.08079029
v 0.01916152 0.66785478 0.08687692
v 0.01918591 0.62923680 0.08698626
v 0.01926467 0.62953449 0.08688831
v 0.01911946 0.66797643 0.08711372
v 0.03159806 0.59710603 0.08446810
v 0.03172429 0.59707897 0.08467651
v -0.19950040 0.40433378 -0.19946160
v -0.19935966 0.40399682 -0.19940586
v 0.03010865 0.40395836 0.26614707
v 0.03011884 0.40422982 0.26589703
v 0.00324591 -0.66370449 0.06364808
v 0.00326637 -0.66362961 0.06356800
v -0.00580074 -0.66347435 -0.00567020
v -0.00576622 -0.66370111 -0.00580819
v -0.00585629 -0.66372751 -0.00577473
v -0.00606424 -0.66363227 -0.00568550
v -0.00600218 -0.66372397 -0.00559462
v -0.00585811 -0.66361825 -0.00571754
v -0.00604835 -0.66364129 -0.00557466
v -0.00588767 -0.66363721 -0.00561661
v -0.00582042 -0.66375882 -0.00559549
v -0.00603668 -0.66365388 -0.00561401
v -0.00600784 -0.66363329 -0.00557429
v -0.00591325 -0.66363134 -0.00563601
v -0.00608958 -0.66362455 -0.00564923
v -0.00593213 -0.66378079 -0.00544805
v -0.00584687 -0.66351717 -0.00562656
v -0.00589955 -0.66377594 -0.00565202
v -0.00610410 -0.66363086 -0.00579170
v -0.00577224 -0.66369332 -0.00557095
v -0.00605637 -0.66357639 -0.00563405
v -0.00586838 -0.66358687 -0.00557386
v -0.00579211 -0.66354055 -0.00568614
v -0.00599427 -0.66363146 -0.00562448
v -0.00586013 -0.66369437 -0.00571674
v -0.00589190 -0.66370887 -0.00575258
v -0.00610688 -0.66359064 -0.00564102
v -0.00574285 -0.66366034 -0.00579021
v -0.00595471 -0.66361658 -0.00554090
v -0.00601143 -0.66367554 -0.00557872
v 0.04934505 -0.66365812 -0.04817713
v 0.04934910 -0.66372668 -0.04814678
v 0.13584289 0.36925660 -0.25085276
v 0.13574134 0.36920108 -0.25096970
v 0.16656220 0.36911325 -0.23037210
v 0.16671055 0.36919160 -0.23018848
v 0.19434353 0.36907798 -0.20604102
v 0.19448489 0.36916695 -0.20584952
v 0.21886675 0.36921859 -0.17811533
v 0.21896577 0.36898921 -0.17785129
v 0.23949615 0.36910312 -0.14728760
v 0.23946953 0.36911926 -0.14720542
v 0.25590116 0.36918747 -0.11405907
v 0.25591721 0.36901155 -0.11395884
v 0.26769876 0.36922749 -0.07887088
v 0.26773927 0.36901187 -0.07903310
v 0.27483729 0.36901519 -0.04267458
v 0.27498549 0.36901514 -0.04262646
v 0.27732571 0.36915263 -0.00564255
v 0.27739425 0.36928464 -0.00561335
v -0.10056920 0.66803132 0.00689783
v -0.09272225 0.66795498 -0.00536351
v -0.10145843 0.66792512 -0.00567694
v -0.09196358 0.66797003 0.00588378
v -0.09191211 0.66793226 0.00582993
v -0.10086624 0.66789447 0.00683923
v -0.09271603 0.66806726 -0.00548116
v -0.10138265 0.66793505 -0.00553925
v -0.09208742 0.62915855 -0.01701218
v -0.09288435 0.66810039 -0.00530809
v -0.09272039 0.66799591 -0.00547193
v -0.09201905 0.62919256 -0.01693450
v -0.10057821 0.62949748 -0.01803385
v -0.10154101 0.66798200 -0.00571938
v -0.10135093 0.66807933 -0.00564585
v -0.10061318 0.62946321 -0.01805742
v -0.08783352 0.59607756 -0.03966319
v -0.08772682 0.59600289 -0.03959400
v -0.09588792 0.59709359 -0.04304944
v -0.09587057 0.59699126 -0.04306361
v -0.08801358 0.57286385 -0.05297254
v -0.08810876 0.57294793 -0.05288335
v -0.09476661 0.57720205 -0.05708201
v -0.09473438 0.57722917 -0.05722238
v -0.09044833 0.54477916 -0.09052781
v -0.09046010 0.54473516 -0.09030794
v -0.09341147 0.49229916 -0.15782089
v -0.09348580 0.49231543 -0.15813905
v -0.07290343 0.49221836 -0.16802418
v -0.07291721 0.49243591 -0.16819236
v -0.03628573 0.43656033 -0.23828576
v -0.03624872 0.43638453 -0.23810104
v 0.02919711 0.39915855 -0.27004277
v 0.02900510 0.39914458 -0.27012766
v 0.10263862 0.36911032 -0.26725837
v 0.10271329 0.36916099 -0.26719359
v 0.27510096 0.36910110 0.03131147
v 0.27508974 0.36923866 0.03129635
v -0.10578434 0.55078137 -0.08248834
v -0.10570196 0.55058807 -0.08238714
v 0.26780064 0.36921623 0.06772129
v 0.26773015 0.36909264 0.06769384
v 0.25570434 0.36906004 0.10279789
v 0.25584427 0.36910944 0.10274420
v -0.15003482 0.49854820 -0.11635747
v -0.14986635 0.49858687 -0.11628898
v 0.23961301 0.36912219 0.13600654
v 0.23943587 0.36920974 0.13595851
v 0.20609945 0.39916840 0.15690961
v 0.20598643 0.39895898 0.15661490
v 0.16030754 0.43633970 0.16017124
v 0.16008762 0.43652872 0.16014868
v 0.11876675 0.49214358 0.11864950
v 0.11860008 0.49232399 0.11873816
v 0.06731044 0.54462255 0.08957578
v 0.06735390 0.54469383 0.08958609
v 0.04208495 0.57303074 0.07661681
v 0.04189431 0.57303607 0.07652356
v 0.01727996 0.59564315 0.08026533
v 0.01725619 0.59579088 0.08018684
v 0.00555670 0.62927372 0.08085541
v 0.00563644 0.62920772 0.08081370
v 0.00593855 0.66796193 0.08055481
v 0.00601610 0.66797589 0.08057487
v 0.00681045 0.66794145 0.08951406
v -0.00537602 0.66797082 0.08166560
v -0.00570598 0.66794708 0.09031630
v 0.00597524 0.66778225 0.08061357
v 0.00593586 0.66784326 0.08076940
v 0.00692376 0.66808866 0.08951481
v -0.00545738 0.66794312 0.08138275
v -0.00560686 0.66796678 0.09025663
v 0.00703453 0.66788804 0.08932341
v 0.00682766 0.62940674 0.08927325
v 0.00697671 0.62939646 0.08953238
v 0.00698827 0.66793186 0.08933154
v 0.01952997 0.59715268 0.08862564
v 0.01951711 0.59720140 0.08856363
v 0.04588831 0.57713198 0.08360223
v 0.04593004 0.57705173 0.08339140
v -0.19677314 0.44259188 -0.15216913
v -0.19683411 0.44269981 -0.15213229
v 0.04270444 0.55064632 0.11077012
v 0.04263067 0.55075691 0.11094834
v 0.04157313 0.49858365 0.17013060
v 0.04144763 0.49861135 0.17005266
v 0.02578432 0.44271539 0.23317147
v 0.02586718 0.44244881 0.23316848
v -0.00591944 -0.66355527 -0.00567549
v -0.00584180 -0.66368727 -0.00572624
v -0.00598098 -0.66255266 0.09815547
v -0.00590458 -0.66245829 0.09799738
v -0.00606335 -0.65882234 0.13872967
v -0.00607292 -0.65882117 0.13844674
v -0.00590450 -0.65250529 0.17613687
v -0.00576233 -0.65255226 0.17631869
v -0.00600151 -0.64447902 0.21041073
v -0.00589965 -0.64434851 0.21026315
v -0.00598937 -0.62678354 0.23964585
v -0.00603687 -0.62674058 0.23975635
v -0.00591767 -0.59283138 0.26388035
v -0.00585557 -0.59274300 0.26375339
v -0.00597731 -0.55228451 0.28239786
v -0.00592687 -0.55247479 0.28241934
v -0.00587534 -0.51541854 0.29543946
v -0.00594995 -0.51538805 0.29559348
v -0.00603335 -0.39142990 0.30309266
v -0.00586022 -0.39130065 0.30321930
v -0.00572365 -0.08966152 0.30548732
v -0.00573142 -0.08977097 0.30557014
v -0.00558740 0.21214372 0.30331708
v -0.00587959 0.21227165 0.30324173
v -0.00564470 0.33755190 0.29701817
v -0.00588752 0.33770153 0.29690528
v -0.00582641 0.37262715 0.28544036
v -0.00575504 0.37255256 0.28558285
v -0.00582637 -0.66380726 -0.00567446
v -0.00598927 -0.66380506 -0.00558886
v 0.06735825 -0.66235184 -0.07892969
v 0.06735577 -0.66238855 -0.07888612
v 0.08186216 -0.65868961 -0.12007741
v 0.08204151 -0.65866903 -0.12004129
v 0.08490613 -0.65258835 -0.16329293
v 0.08496780 -0.65268830 -0.16312212
v 0.07659333 -0.64451961 -0.20524891
v 0.07658123 -0.64454587 -0.20520240
v 0.05755349 -0.62667125 -0.24282916
v 0.05758064 -0.62673885 -0.24268428
v 0.02939160 -0.59288946 -0.27282201
v 0.02942043 -0.59270545 -0.27280816
v -0.00584024 -0.55254379 -0.29382732
v -0.00583430 -0.55224815 -0.29360126
v -0.04513036 -0.51554415 -0.30431431
v -0.04522661 -0.51549913 -0.30417135
v -0.08582998 -0.39135458 -0.30408048
v -0.08564477 -0.39124749 -0.30404171
v -0.12483970 -0.08975499 -0.29300282
v -0.12498864 -0.08966735 -0.29303538
v -0.16023868 0.21225416 -0.27315499
v -0.16007955 0.21215718 -0.27324321
v -0.19003269 0.33755145 -0.24570264
v -0.18980966 0.33752686 -0.24576810
v -0.21170717 0.37284972 -0.21159355
v -0.21170974 0.37273970 -0.21164739
v -0.09819937 0.66789808 0.01934307
v -0.09194599 0.66806447 0.00594113
v -0.10078432 0.66790640 0.00682026
v -0.08966766 0.66791365 0.01692574
v -0.08989090 0.66779644 0.01709770
v -0.09827294 0.66789108 0.01907317
v -0.09207256 0.66797339 0.00601729
v -0.10055658 0.66784719 0.00681361
v -0.09261519 0.62911131 -0.00576071
v -0.09195160 0.66793088 0.00595354
v -0.09186980 0.66793889 0.00586870
v -0.09281317 0.62908989 -0.00560182
v -0.10149655 0.62952687 -0.00553967
v -0.10072277 0.66790630 0.00691479
v -0.10072483 0.66792243 0.00678625
v -0.10166920 0.62951093 -0.00559232
v -0.09164036 0.59585409 -0.02873520
v -0.09161857 0.59585692 -0.02862296
v -0.09993062 0.59709308 -0.03099057
v -0.10004915 0.59709563 -0.03088607
v -0.09325496 0.57330212 -0.04167080
v -0.09340799 0.57329758 -0.04192368
v -0.10082178 0.57723724 -0.04497693
v -0.10059156 0.57729446 -0.04496373
v -0.10080272 0.54465671 -0.07858052
v -0.10072916 0.54463912 -0.07860735
v -0.11272057 0.49242466 -0.14509945
v -0.11271884 0.49224244 -0.14508643
v -0.06651806 0.43667376 -0.23221191
v -0.06652342 0.43647105 -0.23204916
v -0.00577267 0.39915007 -0.27235020
v -0.00560183 0.39907887 -0.27248837
v 0.06754161 0.36910473 -0.27904166
v 0.06769543 0.36902509 -0.27904403
v 0.21905783 0.36913252 0.16674219
v 0.21893411 0.36924632 0.16667762
v 0.18288391 0.39916106 0.18305602
v 0.18291836 0.39923799 0.18307241
v 0.10147239 0.49211442 0.13372335
v 0.10139053 0.49222996 0.13375443
v 0.05425502 0.54466132 0.09807715
v 0.05415681 0.54450906 0.09802095
v 0.03081309 0.57271227 0.08232676
v 0.03091246 0.57257352 0.08236238
v 0.01900499 0.57300058 0.08619103
v 0.01884700 0.57290845 0.08605852
v 0.00577260 0.59574477 0.08250621
v 0.00591713 0.59583874 0.08240038
v -0.00573241 0.62905201 0.08151034
v -0.00551700 0.62911386 0.08145993
v -0.00540346 0.66796675 0.08153887
v -0.00548379 0.66790889 0.08144965
v -0.00557684 0.66783576 0.09022900
v -0.01678984 0.66805498 0.08071315
v -0.01819800 0.66784065 0.08946671
v -0.00543350 0.66793543 0.08147502
v -0.00551483 0.66808260 0.08143666
v -0.00565587 0.66787224 0.09034633
v -0.01670685 0.66789025 0.08075490
v -0.01818726 0.66789837 0.08951319
v -0.00548171 0.66784330 0.09036534
v -0.00569348 0.62953038 0.09030444
v -0.00552664 0.62938922 0.09018231
v -0.00558488 0.66791820 0.09021602
v 0.00712640 0.59719904 0.09125720
v 0.00716324 0.59696837 0.09123006
v 0.02108267 0.57725212 0.09371290
v 0.02085084 0.57721674 0.09364813
v 0.03372819 0.57718683 0.08932959
v 0.03371260 0.57720495 0.08946433
v -0.22301119 0.40408100 -0.17236628
v -0.22307447 0.40423400 -0.17226543
v -0.00570157 0.40416015 0.26834844
v -0.00574633 0.40408365 0.26836665
v -0.00591549 -0.66355406 0.05542589
v -0.00577262 -0.66360019 -0.00573270
v -0.00590960 -0.66364674 -0.00572377
v -0.00582677 -0.66361869 0.05529162
v -0.00586925 -0.66379029 -0.00551532
v 0.03716872 -0.66350070 -0.04875945
v 0.03723125 -0.66360437 -0.04880072
v -0.00595511 -0.66356554 -0.00569696
v 0.14124620 0.33593327 -0.26001682
v 0.14121225 0.33579620 -0.26017360
v 0.17313394 0.33590428 -0.23866628
v 0.17324832 0.33591891 -0.23879796
v 0.20205183 0.33587171 -0.21339718
v 0.20200752 0.33588240 -0.21349777
v 0.22735834 0.33574948 -0.18455501
v 0.22739588 0.33603425 -0.18451624
v 0.24864855 0.33570177 -0.15246126
v 0.24869054 0.33587621 -0.15246506
v 0.26560476 0.33579084 -0.11799034
v 0.26573946 0.33601371 -0.11804063
v 0.27802753 0.33577267 -0.08166965
v 0.27821262 0.33592885 -0.08157284
v 0.28566177 0.33589037 -0.04384652
v 0.28553582 0.33597746 -0.04404282
v 0.28795976 0.33589581 -0.00567870
v 0.28812517 0.33585589 -0.00550221
v 0.28548013 0.33585742 0.03259124
v 0.28562809 0.33595600 0.03276690
v -0.09420047 0.66792770 0.03097923
v -0.08972718 0.66800781 0.01713418
v -0.09825334 0.66794100 0.01906844
v -0.08603639 0.66794262 0.02789513
v -0.08610313 0.66788399 0.02770446
v -0.09419590 0.66794772 0.03106256
v -0.08973700 0.66788641 0.01719763
v -0.09825608 0.66776519 0.01909050
v -0.09205356 0.62932743 0.00589960
v -0.08967000 0.66778512 0.01707228
v -0.08958816 0.66805041 0.01710936
v -0.09201913 0.62920926 0.00583546
v -0.10060811 0.62942743 0.00683676
v -0.09827858 0.66793923 0.01922972
v -0.09808854 0.66784602 0.01914366
v -0.10057886 0.62929695 0.00691966
v -0.09377704 0.59574614 -0.01734545
v -0.09367779 0.59570078 -0.01719374
v -0.10245266 0.59711811 -0.01839943
v -0.10238329 0.59702367 -0.01830298
v -0.10958501 0.54466290 -0.06558459
v -0.10938790 0.54457577 -0.06569222
v -0.11489381 0.55087822 -0.06875078
v -0.11493750 0.55084875 -0.06884171
v -0.13005437 0.49218134 -0.12987174
v -0.12993655 0.49231532 -0.12991474
v -0.12289094 0.43653894 -0.20888428
v -0.12286108 0.43668814 -0.20884313
v -0.09542863 0.43661475 -0.22234389
v -0.09532094 0.43653457 -0.22227473
v -0.04052987 0.39922654 -0.27015940
v -0.04047338 0.39920881 -0.27019474
v 0.03107718 0.36913999 -0.28632068
v 0.03128420 0.36916848 -0.28628164
v 0.10674727 0.33577435 -0.27707261
v 0.10665567 0.33600464 -0.27700020
v 0.27819250 0.33589270 0.07032926
v 0.27804024 0.33597182 0.07057288
v 0.26580542 0.33582595 0.10665543
v 0.26583572 0.33584323 0.10665508
v 0.24876911 0.33584682 0.14130676
v 0.24883384 0.33598482 0.14110985
v -0.16309396 0.49864598 -0.09668645
v -0.16304379 0.49869810 -0.09658549
v 0.22726175 0.33575753 0.17327619
v 0.22749559 0.33591053 0.17320921
v 0.19458878 0.36908347 0.19447589
v 0.19465742 0.36912603 0.19461037
v 0.15667043 0.39916854 0.20596097
v 0.15673925 0.39913206 0.20592359
v 0.13697175 0.43640946 0.18043250
v 0.13704692 0.43655541 0.18049124
v 0.08218992 0.49231202 0.14669139
v 0.08212238 0.49221213 0.14658322
v 0.04025735 0.54457251 0.10509347
v 0.04022616 0.54461610 0.10517546
v 0.00671731 0.57281424 0.08850086
v 0.00658755 0.57297468 0.08860040
v -0.00560225 0.59575040 0.08326664
v -0.00560693 0.59564630 0.08323367
v -0.01720268 0.62907813 0.08075861
v -0.01705128 0.62931834 0.08066637
v -0.01678314 0.66773848 0.08084029
v -0.01690078 0.66794613 0.08058710
v -0.01818471 0.66787772 0.08949498
v -0.02790899 0.66780502 0.07848250
v -0.03034301 0.66781487 0.08697086
v -0.01694214 0.66787147 0.08069119
v -0.01680118 0.66797236 0.08082238
v -0.01824390 0.66792717 0.08935549
v -0.02801973 0.66784479 0.07867598
v -0.03039914 0.66781129 0.08696071
v -0.01806628 0.66793751 0.08929671
v -0.01825733 0.62950610 0.08940751
v -0.01831730 0.62942087 0.08937141
v -0.01819513 0.66800914 0.08961754
v -0.00575195 0.59711013 0.09197235
v -0.00580674 0.59717469 0.09188325
v 0.00792686 0.57705877 0.09636873
v 0.00764596 0.57707200 0.09633509
v -0.21429185 0.44256806 -0.12600111
v -0.21416763 0.44269199 -0.12622253
v 0.02700592 0.55069999 0.11634010
v 0.02701281 0.55057664 0.11621067
v 0.01803898 0.49858190 0.17474449
v 0.01807410 0.49872017 0.17475909
v -0.00567863 0.44266114 0.23519796
v -0.00578743 0.44262760 0.23526047
v -0.01514837 -0.66364425 0.06365055
v -0.00582950 -0.66376260 -0.00553689
v -0.00597230 -0.66373230 -0.00578369
v -0.01508650 -0.66368202 0.06357419
v -0.01985232 -0.66243542 0.09919080
v -0.01963200 -0.66240231 0.09940189
v -0.02470865 -0.65864860 0.13744843
v -0.02468615 -0.65878723 0.13731025
v -0.02963827 -0.65266618 0.17482670
v -0.02985098 -0.65264490 0.17464850
v -0.03411745 -0.64452680 0.20835661
v -0.03402867 -0.64433867 0.20846053
v -0.03793671 -0.62682072 0.23764832
v -0.03808029 -0.62681165 0.23761095
v -0.04107044 -0.59261091 0.26152396
v -0.04096543 -0.59271458 0.26166137
v -0.04352176 -0.55228752 0.27988320
v -0.04355063 -0.55233807 0.27998671
v -0.04513189 -0.51552268 0.29298287
v -0.04518216 -0.51522000 0.29298357
v -0.04622061 -0.39125362 0.30050041
v -0.04611289 -0.39133603 0.30047062
v -0.04632092 -0.08960379 0.30284048
v -0.04638333 -0.08983067 0.30283362
v -0.04594820 0.21218726 0.30055333
v -0.04594317 0.21228465 0.30066213
v -0.04523582 0.33758116 0.29421306
v -0.04513468 0.33741264 0.29429147
v -0.04378915 0.37262263 0.28319490
v -0.04380954 0.37265918 0.28310002
v -0.00597762 -0.66363627 -0.00572290
v 0.03644596 -0.66372461 -0.06092360
v 0.03647758 -0.66368627 -0.06088827
v -0.00589390 -0.66370931 -0.00571375
v 0.05859877 -0.66243934 -0.08965230
v 0.05838446 -0.66244789 -0.08965649
v 0.06628487 -0.65879021 -0.13044762
v 0.06605315 -0.65886858 -0.13049564
v 0.06362418 -0.65256784 -0.17363152
v 0.06364317 -0.65279694 -0.17353303
v 0.04980770 -0.64441677 -0.21413714
v 0.05011686 -0.64419625 -0.21421154
v 0.02610324 -0.62658128 -0.24887305
v 0.02596247 -0.62676029 -0.24884337
v -0.00601531 -0.59265231 -0.27517686
v -0.00580008 -0.59276770 -0.27510273
v -0.04351983 -0.55235452 -0.29135082
v -0.04345970 -0.55230064 -0.29131085
v -0.08390862 -0.51537307 -0.29654565
v -0.08386938 -0.51535634 -0.29652967
v -0.12412205 -0.39133401 -0.29085040
v -0.12387641 -0.39134893 -0.29080093
v -0.16120177 -0.08979198 -0.27502935
v -0.16143764 -0.08973310 -0.27508755
v -0.19380589 0.21226467 -0.25062371
v -0.19379812 0.21221786 -0.25068434
v -0.21963627 0.33753579 -0.21961668
v -0.21956552 0.33766785 -0.21946190
v -0.23670591 0.37271958 -0.18291115
v -0.23674153 0.37276435 -0.18302917
v -0.08874445 0.66797848 0.04218118
v -0.08603491 0.66794876 0.02782512
v -0.09421847 0.66792213 0.03110731
v -0.08090689 0.66789615 0.03800402
v -0.08086240 0.66797307 0.03816737
v -0.08882970 0.66795500 0.04218714
v -0.08611500 0.66792737 0.02796530
v -0.09418742 0.66811003 0.03103834
v -0.08970789 0.62907580 0.01685017
v -0.08598611 0.66789458 0.02800455
v -0.08597309 0.66800994 0.02779045
v -0.08976628 0.62905315 0.01674025
v -0.09829058 0.62942960 0.01908854
v -0.09419507 0.66794595 0.03116545
v -0.09423283 0.66800899 0.03098057
v -0.09843441 0.62941405 0.01924186
v -0.09456147 0.59573928 -0.00555478
v -0.09443462 0.59570033 -0.00571344
v -0.10338072 0.59703943 -0.00563341
v -0.10320170 0.59713225 -0.00564580
v -0.09724771 0.57298260 -0.03039169
v -0.09741922 0.57312672 -0.03035554
v -0.10502512 0.57728875 -0.03213539
v -0.10504702 0.57739157 -0.03219308
v -0.11640902 0.54452581 -0.05154348
v -0.11639550 0.54464731 -0.05145960
v -0.12225743 0.55063613 -0.05401099
v -0.12217568 0.55072164 -0.05391584
v -0.14520594 0.49232216 -0.11274211
v -0.14518603 0.49225192 -0.11263117
v -0.14826581 0.43661068 -0.19168462
v -0.14853087 0.43653893 -0.19167247
v -0.07487433 0.39905799 -0.26332826
v -0.07480992 0.39904568 -0.26317370
v -0.00582661 0.36918770 -0.28878501
v -0.00573248 0.36914432 -0.28865015
v 0.07025884 0.33596996 -0.28935738
v 0.07041552 0.33589741 -0.28949678
v 0.20196722 0.33590592 0.20207228
v 0.20216064 0.33602791 0.20221244
v 0.16675628 0.36912794 0.21908692
v 0.16659597 0.36913766 0.21890355
v 0.11163363 0.43649737 0.19755787
v 0.11161252 0.43651732 0.19755860
v 0.06150848 0.49218715 0.15686777
v 0.06158039 0.49230666 0.15671319
v 0.02537130 0.54457777 0.11022982
v 0.02553061 0.54455827 0.11016593
v 0.01004540 0.54460385 0.11308497
v 0.01006399 0.54469557 0.11316840
v -0.00572443 0.57281453 0.08928624
v -0.00562648 0.57292168 0.08940656
v -0.01717331 0.59591378 0.08241525
v -0.01725091 0.59570144 0.08253215
v -0.02817619 0.62912826 0.07849335
v -0.02827213 0.62932513 0.07857644
v -0.02796601 0.66800371 0.07839079
v -0.02796792 0.66788448 0.07853833
v -0.03028079 0.66801653 0.08693163
v -0.03882836 0.66805245 0.07483448
v -0.04241721 0.66787465 0.08297340
v -0.02801877 0.66802092 0.07864416
v -0.02812361 0.66795530 0.07856025
v -0.03049581 0.66792274 0.08695446
v -0.03884703 0.66787586 0.07482330
v -0.04220942 0.66794652 0.08301166
v -0.03058445 0.66786001 0.08702942
v -0.03047282 0.62949022 0.08700829
v -0.03054078 0.62928774 0.08704049
v -0.03035164 0.66790166 0.08698504
v -0.01823195 0.59707434 0.09107695
v -0.01829350 0.59697773 0.09132268
v -0.00575949 0.57720577 0.09725740
v -0.00556267 0.57711992 0.09728369
v 0.01086757 0.55071923 0.11936893
v 0.01067836 0.55078676 0.11948666
v -0.24297889 0.40413029 -0.14275270
v -0.24289944 0.40404738 -0.14277861
v -0.04132301 0.40414873 0.26588357
v -0.04138081 0.40415240 0.26604094
v -0.00591931 -0.66357011 -0.00565974
v -0.02179729 -0.66369399 0.05331812
v -0.02172476 -0.66362587 0.05324238
v -0.00591598 -0.66359134 -0.00577685
v -0.00606518 -0.66369234 -0.00555013
v 0.02458785 -0.66356138 -0.05847248
v 0.02465187 -0.66358233 -0.05841541
v -0.00606525 -0.66374397 -0.00544564
v 0.14435043 0.21188889 -0.26543449
v 0.14439539 0.21184466 -0.26570508
v 0.17708432 0.21179520 -0.24368951
v 0.17695046 0.21205432 -0.24378761
v 0.20653613 0.21182995 -0.21790950
v 0.20649374 0.21186501 -0.21785178
v 0.23234150 0.21205203 -0.18832986
v 0.23245252 0.21207756 -0.18835941
v 0.25415912 0.21190304 -0.15568345
v 0.25410586 0.21201901 -0.15565668
v 0.27144280 0.21182281 -0.12035242
v 0.27153783 0.21181127 -0.12033233
v 0.28418088 0.21188420 -0.08332716
v 0.28413417 0.21191492 -0.08322692
v 0.29163676 0.21187401 -0.04469272
v 0.29178735 0.21195486 -0.04486970
v 0.29439435 0.21192841 -0.00570280
v 0.29431088 0.21188562 -0.00563362
v 0.29181019 0.21175852 0.03341333
v 0.29180297 0.21177192 0.03347265
v 0.28413973 0.21194427 0.07200843
v 0.28411265 0.21179457 0.07201753
v -0.08169852 0.66801225 0.05274773
v -0.08108997 0.66792006 0.03814484
v -0.08866216 0.66798504 0.04219935
v -0.07448851 0.66809903 0.04737870
v -0.07463952 0.66800413 0.04754205
v -0.08164498 0.66792031 0.05272516
v -0.08105430 0.66797985 0.03814279
v -0.08878835 0.66791847 0.04229665
v -0.08621339 0.62928824 0.02768636
v -0.08099395 0.66795114 0.03808827
v -0.08099064 0.66778084 0.03815746
v -0.08612172 0.62903997 0.02775645
v -0.09418835 0.62953585 0.03101367
v -0.08861037 0.66802377 0.04237906
v -0.08863739 0.66783742 0.04234055
v -0.09408712 0.62937796 0.03114861
v -0.09381732 0.59582421 0.00591525
v -0.09388541 0.59564625 0.00595131
v -0.10248510 0.59697008 0.00707592
v -0.10240932 0.59716781 0.00696128
v -0.09976516 0.57299825 -0.01814689
v -0.09968921 0.57304397 -0.01815644
v -0.10764097 0.57717501 -0.01898290
v -0.10763200 0.57712234 -0.01916301
v -0.15807926 0.49221303 -0.09356987
v -0.15805892 0.49230405 -0.09351485
v -0.17145475 0.43653471 -0.17151890
v -0.17142083 0.43654898 -0.17147368
v -0.13907905 0.39910381 -0.23671392
v -0.13901946 0.39915345 -0.23659956
v -0.10777110 0.39919482 -0.25216844
v -0.10767734 0.39908955 -0.25206228
v -0.04276339 0.36933017 -0.28640291
v -0.04258623 0.36911168 -0.28635212
v 0.03268584 0.33595099 -0.29691295
v 0.03270487 0.33592958 -0.29702962
v 0.10912051 0.21194331 -0.28298094
v 0.10911742 0.21190273 -0.28284177
v 0.27161787 0.21187110 0.10931272
v 0.27153961 0.21193894 0.10926270
v 0.25417619 0.21192458 0.14437359
v 0.25422444 0.21177993 0.14439394
v 0.23236180 0.21195137 0.17710579
v 0.23250849 0.21197555 0.17707712
v -0.17362354 0.49869763 -0.07526325
v -0.17372400 0.49881747 -0.07531841
v 0.20632165 0.21198375 0.20656082
v 0.20634048 0.21192485 0.20656557
v 0.17316183 0.33603762 0.22758320
v 0.17320268 0.33598235 0.22739810
v 0.13571222 0.36912985 0.23947754
v 0.13588945 0.36921280 0.23966304
v 0.12770888 0.39908342 0.22525209
v 0.12777679 0.39909741 0.22527697
v 0.08400681 0.43665073 0.21108118
v 0.08417363 0.43642707 0.21105582
v 0.03982416 0.49228862 0.16408581
v 0.03966659 0.49228187 0.16432403
v -0.00562671 0.54457456 0.11438019
v -0.00580174 0.54450771 0.11427462
v -0.01817455 0.57298015 0.08853636
v -0.01797634 0.57297827 0.08844920
v -0.02881304 0.59566980 0.08014191
v -0.02855576 0.59573318 0.08009225
v -0.03893050 0.62928383 0.07487735
v -0.03887197 0.62907405 0.07489213
v -0.03868464 0.66799873 0.07491330
v -0.03880418 0.66792232 0.07487354
v -0.04236030 0.66788879 0.08312866
v -0.04907146 0.66799028 0.06985563
v -0.05350735 0.66780437 0.07724726
v -0.03865003 0.66794952 0.07482875
v -0.03875511 0.66797109 0.07480542
v -0.04246664 0.66785851 0.08302617
v -0.04901219 0.66793568 0.06986757
v -0.05343790 0.66796542 0.07728501
v -0.04242086 0.66801160 0.08297420
v -0.04213648 0.62939565 0.08297919
v -0.04234061 0.62952079 0.08289524
v -0.04225802 0.66790451 0.08300820
v -0.03101817 0.59714846 0.08878373
v -0.03090205 0.59711137 0.08875263
v -0.01915570 0.57720542 0.09631310
v -0.01906909 0.57713755 0.09628415
v -0.00559147 0.55082553 0.12053546
v -0.00581674 0.55073954 0.12055012
v -0.22834671 0.44248333 -0.09785585
v -0.22828070 0.44264275 -0.09790956
v -0.00568766 0.49863347 0.17628626
v -0.00565776 0.49869601 0.17619414
v -0.03718935 0.44253100 0.23312814
v -0.03705519 0.44248807 0.23305242
v -0.03279246 -0.66229849 0.09449386
v -0.03282003 -0.66248129 0.09457475
v -0.00596145 -0.66364902 -0.00550706
v -0.03263375 -0.66366405 0.05884622
v -0.03270449 -0.66359728 0.05896697
v -0.00604045 -0.66374648 -0.00559583
v -0.04317419 -0.65874907 0.13371577
v -0.04331151 -0.65866481 0.13358133
v -0.05284268 -0.65257212 0.17017771
v -0.05285260 -0.65259963 0.17011410
v -0.06180622 -0.64417007 0.20291020
v -0.06179929 -0.64422045 0.20285290
v -0.06938486 -0.62675408 0.23130616
v -0.06941511 -0.62677860 0.23136777
v -0.07562890 -0.59277916 0.25461710
v -0.07584503 -0.59267016 0.25456524
v -0.08045355 -0.55245367 0.27278826
v -0.08049279 -0.55243132 0.27270354
v -0.08383238 -0.51533888 0.28537442
v -0.08372789 -0.51552647 0.28532427
v -0.08574278 -0.39148223 0.29273388
v -0.08582632 -0.39122955 0.29261793
v -0.08626569 -0.08972504 0.29491683
v -0.08628954 -0.08978490 0.29490094
v -0.08568654 0.21216360 0.29260016
v -0.08572811 0.21225723 0.29260695
v -0.08396875 0.33763448 0.28650707
v -0.08413630 0.33752547 0.28642379
v -0.08105316 0.37263354 0.27581954
v -0.08100419 0.37283591 0.27574860
v -0.00608328 -0.66363824 -0.00556980
v 0.02072371 -0.66360866 -0.07014895
v 0.02073287 -0.66353061 -0.07026988
v -0.00588983 -0.66359922 -0.00569303
v 0.04591814 -0.66246806 -0.09558672
v 0.04583621 -0.66253277 -0.09535175
v 0.04914309 -0.65871129 -0.13900886
v 0.04930022 -0.65876287 -0.13870440
v 0.04113930 -0.65248644 -0.18131229
v 0.04115076 -0.65263935 -0.18126158
v 0.02223523 -0.64451084 -0.21973448
v 0.02240814 -0.64427672 -0.21964206
v -0.00579277 -0.62660143 -0.25115363
v -0.00594202 -0.62656977 -0.25122426
v -0.04108883 -0.59272551 -0.27288625
v -0.04111476 -0.59264097 -0.27282085
v -0.08048510 -0.55237580 -0.28372567
v -0.08042339 -0.55221291 -0.28399826
v -0.12114325 -0.51539132 -0.28390290
v -0.12125368 -0.51546327 -0.28368114
v -0.16016252 -0.39133473 -0.27294764
v -0.16023319 -0.39140540 -0.27303997
v -0.19515079 -0.08980744 -0.25254911
v -0.19506428 -0.08966711 -0.25259566
v -0.22416132 0.21238584 -0.22395879
v -0.22424752 0.21219444 -0.22404935
v -0.24584869 0.33755335 -0.18987312
v -0.24558125 0.33750153 -0.18991481
v -0.25800011 0.37277241 -0.15135884
v -0.25788035 0.37275003 -0.15127578
v -0.07335692 0.66799754 0.06220484
v -0.07474881 0.66788421 0.04741584
v -0.08161383 0.66781594 0.05270245
v -0.06712331 0.66805557 0.05609111
v -0.06715245 0.66790697 0.05622148
v -0.07341760 0.66790059 0.06206608
v -0.07471405 0.66784999 0.04759494
v -0.08168510 0.66794363 0.05280560
v -0.08126733 0.62921960 0.03783443
v -0.07451294 0.66778043 0.04747433
v -0.07478903 0.66784460 0.04753169
v -0.08108631 0.62913856 0.03793345
v -0.08867343 0.62932931 0.04231061
v -0.08170073 0.66791838 0.05266322
v -0.08163488 0.66796945 0.05270538
v -0.08883548 0.62940520 0.04235282
v -0.09150352 0.59587055 0.01741311
v -0.09158362 0.59575303 0.01745854
v -0.09994672 0.59719761 0.01950444
v -0.10002079 0.59696451 0.01951240
v -0.10057273 0.57307231 -0.00568499
v -0.10052752 0.57299310 -0.00557070
v -0.10856101 0.57729275 -0.00547836
v -0.10871049 0.57727425 -0.00563342
v -0.12157416 0.54451054 -0.03660160
v -0.12143892 0.54463946 -0.03659708
v -0.12742723 0.55080221 -0.03830504
v -0.12760122 0.55062141 -0.03846849
v -0.16818144 0.49230708 -0.07295434
v -0.16807106 0.49233700 -0.07292921
v -0.19168269 0.43647111 -0.14834643
v -0.19169195 0.43652449 -0.14854677
v -0.16805306 0.39912540 -0.21722208
v -0.16807725 0.39913140 -0.21712029
v -0.07899882 0.36911906 -0.27907332
v -0.07904599 0.36911631 -0.27899087
v -0.00573784 0.33586690 -0.29946466
v -0.00584783 0.33596636 -0.29949274
v 0.07209700 0.21204734 -0.29550443
v 0.07201858 0.21196053 -0.29537164
v 0.17676639 0.21187871 0.23231591
v 0.17693075 0.21200403 0.23242947
v 0.14120907 0.33593885 0.24879783
v 0.14130793 0.33574735 0.24882440
v 0.09655798 0.39909893 0.24085481
v 0.09626463 0.39913215 0.24096880
v 0.05487099 0.43654999 0.22079357
v 0.05515093 0.43654293 0.22077898
v 0.01739361 0.49239393 0.16878124
v 0.01715407 0.49221938 0.16858011
v -0.00575486 0.49224286 0.17021958
v -0.00567444 0.49215111 0.17022442
v -0.02131826 0.54461880 0.11317096
v -0.02141098 0.54473115 0.11319172
v -0.03033647 0.57311252 0.08595673
v -0.03019203 0.57300875 0.08600603
v -0.03972642 0.59579747 0.07640042
v -0.03970603 0.59586607 0.07639519
v -0.04926547 0.62915180 0.06983296
v -0.04913398 0.62919038 0.06973741
v -0.04919975 0.66794722 0.07000787
v -0.04906347 0.66780654 0.07005956
v -0.05364767 0.66781597 0.07751383
v -0.05854457 0.66786517 0.06358741
v -0.06385788 0.66791860 0.07042602
v -0.04908750 0.66792998 0.06989578
v -0.04896982 0.66794723 0.06977156
v -0.05369970 0.66800099 0.07741036
v -0.05863251 0.66799513 0.06368099
v -0.06399443 0.66799525 0.07050325
v -0.05359420 0.66809160 0.07733027
v -0.05356139 0.62947448 0.07745189
v -0.05353338 0.62936140 0.07740671
v -0.05363628 0.66794345 0.07752587
v -0.04297333 0.59722203 0.08455183
v -0.04290908 0.59712679 0.08458951
v -0.03218353 0.57716832 0.09385906
v -0.03232032 0.57720674 0.09364534
v -0.02210346 0.55089624 0.11949327
v -0.02220515 0.55075742 0.11926929
v -0.25876030 0.40429674 -0.11045883
v -0.25889514 0.40415814 -0.11041428
v -0.07672518 0.40423600 0.25901250
v -0.07672545 0.40418429 0.25899081
v -0.00596647 -0.66360184 -0.00573093
v -0.03650883 -0.66364454 0.04713600
v -0.03638988 -0.66356247 0.04727263
v -0.00596715 -0.66369848 -0.00560206
v -0.00588302 -0.66368051 -0.00575583
v 0.00984446 -0.66378437 -0.06450848
v 0.00992156 -0.66364835 -0.06442979
v -0.00587665 -0.66358314 -0.00558856
v 0.14533211 -0.08969493 -0.26766839
v 0.14543651 -0.08974773 -0.26731892
v 0.17823678 -0.08971924 -0.24554108
v 0.17841040 -0.08988336 -0.24560032
v 0.20796276 -0.08995400 -0.21946653
v 0.20808632 -0.08986202 -0.21939060
v 0.23397018 -0.08971883 -0.18958908
v 0.23396554 -0.08982377 -0.18962242
v 0.25613920 -0.08989579 -0.15674691
v 0.25612920 -0.08989554 -0.15697150
v 0.27346426 -0.08983903 -0.12142305
v 0.27365024 -0.08986636 -0.12142862
v 0.28642626 -0.08984929 -0.08397588
v 0.28632816 -0.09002496 -0.08402389
v 0.29391655 -0.08973697 -0.04528903
v 0.29416733 -0.08990665 -0.04509718
v 0.29648501 -0.08974135 -0.00556828
v 0.29663763 -0.08984040 -0.00558367
v 0.29386581 -0.08985072 0.03383646
v 0.29401898 -0.08985929 0.03375926
v 0.28623651 -0.08986475 0.07252365
v 0.28624895 -0.08985055 0.07268601
v 0.27354983 -0.08972348 0.11021970
v 0.27365743 -0.08986828 0.11011441
v -0.06407724 0.66784953 0.07038967
v -0.06712969 0.66805506 0.05603175
v -0.07355432 0.66788321 0.06213998
v -0.05835136 0.66794793 0.06357238
v -0.05841725 0.66802656 0.06368237
v -0.06397117 0.66775805 0.07040076
v -0.06705001 0.66785809 0.05610708
v -0.07353592 0.66804524 0.06233322
v -0.07459883 0.62919270 0.04744381
v -0.06708370 0.66780790 0.05598374
v -0.06706852 0.66790784 0.05626355
v -0.07470003 0.62921211 0.04720939
v -0.08181468 0.62929626 0.05271442
v -0.07349848 0.66788993 0.06215778
v -0.07336024 0.66791381 0.06229610
v -0.08157429 0.62948267 0.05263954
v -0.08781678 0.59559889 0.02818244
v -0.08801600 0.59554881 0.02834384
v -0.09580840 0.59721726 0.03168901
v -0.09593058 0.59713100 0.03171110
v -0.09982692 0.57297522 0.00688051
v -0.09976938 0.57287025 0.00659699
v -0.10780376 0.57725147 0.00792122
v -0.10774303 0.57729549 0.00788944
v -0.12437774 0.54451637 -0.02129307
v -0.12443415 0.54459273 -0.02129374
v -0.13075327 0.55065737 -0.02217307
v -0.13071176 0.55072525 -0.02203665
v -0.20881729 0.43649801 -0.12283943
v -0.20890465 0.43658772 -0.12296606
v -0.19435278 0.39911378 -0.19421235
v -0.19445560 0.39912232 -0.19445013
v -0.14723190 0.36923235 -0.25090941
v -0.14742466 0.36923113 -0.25084742
v -0.11413270 0.36938914 -0.26704348
v -0.11400408 0.36916726 -0.26725170
v -0.04413483 0.33599939 -0.29704204
v -0.04405156 0.33583437 -0.29697108
v 0.03341161 0.21194134 -0.30309298
v 0.03343169 0.21204317 -0.30305800
v 0.10988931 -0.08984959 -0.28504214
v 0.10997138 -0.08977578 -0.28496876
v 0.25607300 -0.08979401 0.14550496
v 0.25614721 -0.08999108 0.14540526
v 0.23405097 -0.08985298 0.17840478
v 0.23407897 -0.08972668 0.17836380
v 0.20789359 -0.08977682 0.20827365
v 0.20799780 -0.08976951 0.20828123
v -0.18127299 0.49875398 -0.05275378
v -0.18135758 0.49861630 -0.05270249
v 0.17828510 -0.08984307 0.23429076
v 0.17831591 -0.08984637 0.23426463
v 0.14422453 0.21200961 0.25421629
v 0.14436787 0.21194073 0.25426761
v 0.10670044 0.33592699 0.26582229
v 0.10661592 0.33603884 0.26579089
v 0.10280005 0.36915184 0.25596743
v 0.10258723 0.36901091 0.25577490
v 0.06339730 0.39908793 0.25217044
v 0.06339391 0.39909947 0.25190527
v 0.02481665 0.43664782 0.22689527
v 0.02506294 0.43642083 0.22685843
v -0.02861810 0.49232670 0.16884589
v -0.02858564 0.49210583 0.16878238
v -0.03660484 0.54458064 0.11025700
v -0.03673666 0.54443483 0.11016683
v -0.04187394 0.57304578 0.08178144
v -0.04193451 0.57316748 0.08177292
v -0.05015836 0.59568687 0.07112264
v -0.05024671 0.59577701 0.07122048
v -0.05864764 0.62927800 0.06337107
v -0.05855689 0.62928161 0.06361039
v -0.05843342 0.66784173 0.06356090
v -0.05857971 0.66797414 0.06367038
v -0.06400499 0.66784522 0.07043647
v -0.06410301 0.62930430 0.07044362
v -0.06402794 0.62938101 0.07037744
v -0.06414903 0.66793184 0.07044409
v -0.05441720 0.59710093 0.07885843
v -0.05446647 0.59721289 0.07886532
v -0.04496499 0.57708191 0.08942592
v -0.04504231 0.57713827 0.08934589
v -0.03827868 0.55081500 0.11615195
v -0.03824618 0.55058791 0.11617735
v -0.02944627 0.49858200 0.17462390
v -0.02943876 0.49863166 0.17458437
v -0.23830437 0.44265322 -0.06786512
v -0.23848952 0.44267602 -0.06809490
v -0.06786760 0.44257774 0.22697378
v -0.06805155 0.44262025 0.22700191
v -0.04630405 -0.66233864 0.09229090
v -0.04638602 -0.66252613 0.09215117
v -0.05776825 -0.66248904 0.08423951
v -0.05772620 -0.66224795 0.08419770
v -0.00592506 -0.66373334 -0.00570459
v -0.04847972 -0.66351886 0.04966110
v -0.04831961 -0.66356166 0.04978485
v -0.00586565 -0.66375981 -0.00558993
v -0.06109652 -0.65863913 0.12769097
v -0.06102972 -0.65864272 0.12760774
v -0.07549541 -0.65262796 0.16241473
v -0.07556778 -0.65277106 0.16246035
v -0.08861290 -0.64430077 0.19381921
v -0.08852757 -0.64440150 0.19377282
v -0.09992401 -0.62672370 0.22107131
v -0.09974647 -0.62667853 0.22110305
v -0.10889919 -0.59274599 0.24332312
v -0.10892910 -0.59281446 0.24347243
v -0.11607845 -0.55243241 0.26050675
v -0.11595995 -0.55220060 0.26058122
v -0.12114535 -0.51550958 0.27272831
v -0.12105380 -0.51522038 0.27268483
v -0.12390653 -0.39128861 0.27969240
v -0.12409329 -0.39144840 0.27957301
v -0.12493211 -0.08972049 0.28183420
v -0.12500802 -0.08983596 0.28164495
v -0.12396495 0.21237612 0.27963375
v -0.12394250 0.21230147 0.27973072
v -0.12144935 0.33745413 0.27384544
v -0.12134161 0.33750294 0.27384405
v -0.11717737 0.37260227 0.26343455
v -0.11728294 0.37280935 0.26330559
v 0.03455398 -0.66240583 -0.10340517
v 0.03442709 -0.66238355 -0.10327451
v -0.00607342 -0.66364066 -0.00572346
v 0.00309741 -0.66371743 -0.07483704
v 0.00304943 -0.66348568 -0.07491806
v -0.00596305 -0.66365400 -0.00579291
v 0.02086900 -0.66240760 -0.10577394
v 0.02093690 -0.66239324 -0.10593837
v 0.03149438 -0.65872658 -0.14484243
v 0.03139865 -0.65890257 -0.14503397
v 0.01781904 -0.65265465 -0.18593545
v 0.01771821 -0.65264546 -0.18608259
v -0.00591494 -0.64431458 -0.22159819
v -0.00594723 -0.64422503 -0.22172103
v -0.03791435 -0.62670220 -0.24891206
v -0.03799285 -0.62670301 -0.24885914
v -0.07569478 -0.59265773 -0.26581705
v -0.07561787 -0.59277044 -0.26594739
v -0.11615930 -0.55222205 -0.27173535
v -0.11616002 -0.55223159 -0.27188915
v -0.15654158 -0.51540660 -0.26627401
v -0.15644292 -0.51529870 -0.26645122
v -0.19373594 -0.39125880 -0.25058025
v -0.19389531 -0.39137906 -0.25061562
v -0.22587074 -0.08979552 -0.22560810
v -0.22568595 -0.08968605 -0.22560755
v -0.25076704 0.21236875 -0.19366838
v -0.25067391 0.21231258 -0.19357049
v -0.26754942 0.33750290 -0.15706502
v -0.26764506 0.33754393 -0.15677738
v -0.27473852 0.37260802 -0.11707014
v -0.27472508 0.37264211 -0.11698370
v -0.06713607 0.62899506 0.05590761
v -0.06711816 0.62920224 0.05591310
v -0.07348405 0.62934867 0.06217723
v -0.07337609 0.62954109 0.06232664
v -0.08266658 0.59579488 0.03875054
v -0.08275080 0.59567286 0.03878735
v -0.09034084 0.59717277 0.04319747
v -0.09003554 0.59715045 0.04332815
v -0.09740736 0.57304949 0.01896169
v -0.09741686 0.57316242 0.01894451
v -0.10504597 0.57729885 0.02099702
v -0.10495886 0.57718465 0.02087091
v -0.12550380 0.54470909 -0.00560580
v -0.12567817 0.54473239 -0.00555527
v -0.13178910 0.55071485 -0.00556989
v -0.13181779 0.55057645 -0.00561837
v -0.17556257 0.49231887 -0.05114843
v -0.17571505 0.49216880 -0.05115179
v -0.22239708 0.43665929 -0.09532795
v -0.22240144 0.43666251 -0.09537363
v -0.21751804 0.39915208 -0.16791312
v -0.21719308 0.39922282 -0.16791755
v -0.17811331 0.36919619 -0.23020986
v -0.17809439 0.36915183 -0.23038631
v -0.08175469 0.33595238 -0.28951031
v -0.08167970 0.33590677 -0.28937285
v -0.00580061 0.21207694 -0.30582361
v -0.00572706 0.21192946 -0.30560336
v 0.07246459 -0.08968582 -0.29767794
v 0.07247514 -0.08992135 -0.29773272
v 0.14538854 -0.08982523 0.25615112
v 0.14550397 -0.08981363 0.25611284
v 0.10900103 0.21189447 0.27155000
v 0.10921267 0.21192853 0.27164167
v 0.06746974 0.36915937 0.26771292
v 0.06761662 0.36930509 0.26793439
v 0.02923017 0.39906361 0.25878263
v 0.02923141 0.39900319 0.25890441
v -0.00550348 0.43661536 0.22883799
v -0.00576178 0.43642469 0.22885479
v -0.03635928 0.43656185 0.22687876
v -0.03617525 0.43653849 0.22670646
v -0.05119100 0.49232343 0.16440560
v -0.05119861 0.49227815 0.16407312
v -0.05160677 0.54464833 0.10505460
v -0.05140750 0.54449444 0.10525131
v -0.05994079 0.59563500 0.06469305
v -0.05996895 0.59575049 0.06471663
v -0.06513931 0.59717809 0.07193613
v -0.06516070 0.59713812 0.07181984
v -0.05391250 0.55073163 0.11098576
v -0.05386809 0.55077131 0.11085984
v -0.05287425 0.49872274 0.16996599
v -0.05271674 0.49872630 0.16994811
v -0.27049449 0.40411106 -0.07663612
v -0.27039246 0.40426557 -0.07661368
v -0.11065335 0.40406773 0.24750380
v -0.11051227 0.40408943 0.24764246
v -0.00577982 -0.66358104 -0.00557364
v -0.04896984 -0.66365024 0.03753539
v -0.04916601 -0.66362792 0.03755216
v -0.00579035 -0.66362855 -0.00568223
v -0.00593761 -0.66360038 -0.00580901
v -0.00596106 -0.66374624 -0.06667949
v -0.00587384 -0.66362225 -0.06661061
v -0.00581452 -0.66369540 -0.00555013
v 0.14406475 -0.39109262 -0.26542324
v 0.14411844 -0.39092943 -0.26556788
v 0.17688286 -0.39105485 -0.24367264
v 0.17671908 -0.39111386 -0.24362836
v 0.20624146 -0.39110616 -0.21789572
v 0.20613433 -0.39102396 -0.21788088
v 0.23225395 -0.39122251 -0.18819689
v 0.23221503 -0.39112215 -0.18824648
v 0.25396152 -0.39109191 -0.15554971
v 0.25411143 -0.39097479 -0.15571554
v 0.27145984 -0.39100618 -0.12051292
v 0.27134288 -0.39112284 -0.12037038
v 0.28390647 -0.39118831 -0.08340044
v 0.28403580 -0.39115102 -0.08321710
v 0.29146533 -0.39110494 -0.04483369
v 0.29149613 -0.39119830 -0.04463059
v 0.29419216 -0.39099430 -0.00569753
v 0.29419740 -0.39115191 -0.00572331
v 0.29151566 -0.39092532 0.03350157
v 0.29159682 -0.39109031 0.03342073
v 0.28401004 -0.39113332 0.07203175
v 0.28392801 -0.39125843 0.07210815
v 0.27130344 -0.39098635 0.10903804
v 0.27139249 -0.39102087 0.10920323
v 0.25396691 -0.39114456 0.14449156
v 0.25410016 -0.39105117 0.14442325
v -0.07635853 0.59573094 0.04832119
v -0.07645186 0.59566518 0.04836525
v -0.08309705 0.59697146 0.05379164
v -0.08319819 0.59704594 0.05381438
v -0.08788122 0.57290407 0.04194895
v -0.08782409 0.57294740 0.04204001
v -0.09469962 0.57733655 0.04587747
v -0.09480529 0.57726112 0.04584249
v -0.09367236 0.57262635 0.03081155
v -0.09361060 0.57262380 0.03086156
v -0.10070453 0.57714874 0.03384474
v -0.10061373 0.57715805 0.03366063
v -0.12443349 0.54461518 0.00992753
v -0.12447701 0.54460654 0.00993677
v -0.13062142 0.55084038 0.01087093
v -0.13068213 0.55069915 0.01098743
v -0.18011027 0.49234003 -0.02875447
v -0.17998179 0.49233957 -0.02859330
v -0.18596649 0.49883028 -0.02941124
v -0.18595442 0.49865496 -0.02942536
v -0.23661992 0.39926988 -0.13904696
v -0.23667961 0.39900606 -0.13912350
v -0.20586724 0.36916872 -0.20592800
v -0.20582083 0.36933011 -0.20580578
v -0.15257460 0.33600703 -0.26011457
v -0.15257667 0.33581185 -0.25999793
v -0.11819445 0.33589498 -0.27705988
v -0.11802029 0.33585227 -0.27717388
v -0.04478439 0.21204155 -0.30311092
v -0.04491941 0.21195221 -0.30319241
v 0.03379926 -0.08968898 -0.30542854
v 0.03381410 -0.08996184 -0.30527363
v 0.10894169 -0.39099211 -0.28280911
v 0.10900327 -0.39104955 -0.28294968
v 0.23222999 -0.39115469 0.17702410
v 0.23204046 -0.39112763 0.17701277
v 0.20624954 -0.39110427 0.20641415
v 0.20627160 -0.39110683 0.20653618
v 0.17666945 -0.39113929 0.23236434
v 0.17667730 -0.39117200 0.23245707
v 0.14414260 -0.39110763 0.25431985
v 0.14413522 -0.39110259 0.25416921
v 0.10991545 -0.08987287 0.27378666
v 0.10989613 -0.08990717 0.27378945
v 0.07200440 0.21193047 0.28431054
v 0.07185127 0.21205012 0.28422679
v 0.07037917 0.33588778 0.27826564
v 0.07049637 0.33590933 0.27819760
v 0.03140414 0.36914398 0.27494472
v 0.03122041 0.36912789 0.27507461
v -0.00560988 0.39911100 0.26100712
v -0.00559030 0.39913225 0.26094700
v -0.06635479 0.43644636 0.22085994
v -0.06635960 0.43644640 0.22075898
v -0.07300232 0.49233998 0.15687973
v -0.07294880 0.49231048 0.15669240
v -0.06558181 0.54473087 0.09823988
v -0.06568124 0.54462350 0.09809996
v -0.05305833 0.57305958 0.07671585
v -0.05293255 0.57310151 0.07651754
v -0.06863727 0.59573257 0.05721309
v -0.06867191 0.59561082 0.05716086
v -0.07475146 0.59708718 0.06339043
v -0.07463859 0.59724269 0.06334048
v -0.05710860 0.57726945 0.08347885
v -0.05709808 0.57725771 0.08341698
v -0.06868317 0.55076406 0.10367650
v -0.06869718 0.55085044 0.10363029
v -0.07531499 0.49856557 0.16231275
v -0.07512385 0.49880891 0.16228513
v -0.24463868 0.44261103 -0.03695000
v -0.24443485 0.44276112 -0.03706236
v -0.09793579 0.44263335 0.21706047
v -0.09777569 0.44254570 0.21696039
v -0.07019961 -0.66242890 0.07841044
v -0.07031574 -0.66230702 0.07833490
v -0.07933060 -0.66234668 0.06752130
v -0.07914677 -0.66224197 0.06770977
v -0.00593096 -0.66377223 -0.00566898
v -0.06132872 -0.66373196 0.03679191
v -0.06130551 -0.66358824 0.03695123
v -0.00592290 -0.66360945 -0.00559132
v -0.07790297 -0.65861679 0.11916282
v -0.07792927 -0.65859895 0.11922216
v -0.09683502 -0.65268789 0.15177880
v -0.09680077 -0.65256434 0.15173760
v -0.11368228 -0.64436656 0.18131210
v -0.11388646 -0.64427358 0.18120379
v -0.12858358 -0.62669172 0.20683019
v -0.12866015 -0.62688311 0.20690998
v -0.14063774 -0.59273254 0.22757678
v -0.14050045 -0.59282972 0.22776813
v -0.14985268 -0.55237764 0.24373834
v -0.14995001 -0.55241173 0.24386228
v -0.15650052 -0.51529209 0.25519272
v -0.15649580 -0.51532938 0.25509472
v -0.16025340 -0.39131239 0.26179562
v -0.16037410 -0.39118783 0.26179883
v -0.16145468 -0.08978049 0.26377933
v -0.16140910 -0.08978953 0.26374342
v -0.15996411 0.21220935 0.26188419
v -0.16002889 0.21220866 0.26195738
v -0.15684132 0.33752848 0.25639140
v -0.15703109 0.33757107 0.25637103
v -0.15129738 0.37273304 0.24669689
v -0.15139070 0.37256842 0.24665810
v 0.00789202 -0.66231538 -0.11052607
v 0.00796559 -0.66250938 -0.11042149
v -0.00603290 -0.66378043 -0.00575952
v -0.01510034 -0.66373194 -0.07483790
v -0.01509944 -0.66382760 -0.07478225
v -0.00588540 -0.66350904 -0.00562414
v -0.00593263 -0.66237416 -0.10929680
v -0.00592992 -0.66250472 -0.10935727
v 0.01290007 -0.65863554 -0.14854157
v 0.01287282 -0.65876199 -0.14870614
v -0.00583165 -0.65254197 -0.18760988
v -0.00594449 -0.65252804 -0.18747791
v -0.03399113 -0.64431535 -0.21972763
v -0.03413677 -0.64427098 -0.21965959
v -0.06947664 -0.62678173 -0.24254347
v -0.06941237 -0.62658610 -0.24257539
v -0.10891465 -0.59275974 -0.25463618
v -0.10897061 -0.59270322 -0.25453969
v -0.15000382 -0.55216017 -0.25522518
v -0.15011393 -0.55243981 -0.25503087
v -0.18930636 -0.51543166 -0.24459464
v -0.18920774 -0.51522331 -0.24449301
v -0.22415047 -0.39125220 -0.22398864
v -0.22415058 -0.39138080 -0.22397510
v -0.25258592 -0.08971696 -0.19503618
v -0.25255287 -0.08963706 -0.19496483
v -0.27333599 0.21230903 -0.16002610
v -0.27313910 0.21241091 -0.15996683
v -0.28511302 0.33753033 -0.12135834
v -0.28532161 0.33765236 -0.12146208
v -0.28694546 0.37261449 -0.08107782
v -0.28699668 0.37282606 -0.08109270
v -0.08096591 0.57286073 0.05222928
v -0.08098568 0.57306672 0.05224600
v -0.08739398 0.57722590 0.05704131
v -0.08721162 0.57717913 0.05691255
v -0.12132580 0.54472209 0.02544753
v -0.12150278 0.54455016 0.02535947
v -0.12739102 0.55061960 0.02706094
v -0.12748389 0.55057886 0.02704386
v -0.18145088 0.49248585 -0.00564461
v -0.18141914 0.49242170 -0.00570770
v -0.18747488 0.49873209 -0.00565110
v -0.18747811 0.49871871 -0.00568098
v -0.23223253 0.43651446 -0.06646851
v -0.23228444 0.43660762 -0.06641827
v -0.25220338 0.39929512 -0.10778398
v -0.25227886 0.39911176 -0.10761678
v -0.23032759 0.36907184 -0.17786640
v -0.23024774 0.36916221 -0.17795960
v -0.18464474 0.33590389 -0.23858106
v -0.18465983 0.33588640 -0.23872930
v -0.08325287 0.21196457 -0.29564607
v -0.08327245 0.21189487 -0.29555363
v -0.00587006 -0.08977832 -0.30805697
v -0.00576531 -0.08984261 -0.30806980
v 0.07172260 -0.39115979 -0.29540672
v 0.07187761 -0.39089337 -0.29538929
v 0.10905729 -0.39103558 0.27154560
v 0.10878616 -0.39106218 0.27159703
v 0.07250119 -0.08974861 0.28649925
v 0.07246712 -0.08994520 0.28629398
v 0.03272893 0.33607177 0.28562706
v 0.03263536 0.33601573 0.28571280
v -0.00574440 0.36911150 0.27760677
v -0.00586015 0.36906350 0.27743992
v -0.04039288 0.39912574 0.25897044
v -0.04047590 0.39924985 0.25891872
v -0.07466022 0.39898600 0.25205914
v -0.07455162 0.39915614 0.25194450
v -0.09529986 0.43661904 0.21115449
v -0.09543066 0.43652764 0.21107861
v -0.09359021 0.49229467 0.14663431
v -0.09365994 0.49238533 0.14654786
v -0.06329324 0.57296546 0.06987974
v -0.06328979 0.57284064 0.06993428
v -0.06824396 0.57711750 0.07608332
v -0.06830291 0.57727340 0.07595961
v -0.09661730 0.49862884 0.15185001
v -0.09648808 0.49875844 0.15183906
v -0.27740173 0.40418051 -0.04153066
v -0.27724802 0.40425897 -0.04139948
v -0.14272712 0.40414450 0.23162409
v -0.14273335 0.40416521 0.23172048
v -0.00578719 -0.66364653 -0.00567807
v -0.05869508 -0.66378312 0.02473505
v -0.05879975 -0.66354981 0.02486715
v -0.00588811 -0.66351965 -0.00570302
v -0.00586587 -0.66375770 -0.00546297
v -0.02179979 -0.66369532 -0.06446204
v -0.02175220 -0.66360010 -0.06456265
v -0.00596313 -0.66360911 -0.00564998
v 0.14032648 -0.51365320 -0.25897864
v 0.14035536 -0.51372400 -0.25898524
v 0.17203335 -0.51367378 -0.23766763
v 0.17202450 -0.51371156 -0.23767376
v 0.20089938 -0.51369865 -0.21239943
v 0.20096195 -0.51361108 -0.21244741
v 0.22600271 -0.51359899 -0.18369271
v 0.22608371 -0.51359515 -0.18362545
v 0.24737272 -0.51373848 -0.15181630
v 0.24739209 -0.51372413 -0.15179673
v 0.26429778 -0.51361144 -0.11759970
v 0.26425040 -0.51377216 -0.11749319
v 0.27660176 -0.51381178 -0.08137213
v 0.27664964 -0.51362167 -0.08123688
v 0.28416752 -0.51351989 -0.04381078
v 0.28414245 -0.51359401 -0.04389460
v 0.28645624 -0.51362082 -0.00570544
v 0.28642001 -0.51370374 -0.00567639
v 0.28400970 -0.51363110 0.03241360
v 0.28410207 -0.51377091 0.03254453
v 0.27663383 -0.51367008 0.06999290
v 0.27648927 -0.51361045 0.07006441
v 0.26418060 -0.51373398 0.10630779
v 0.26439132 -0.51375867 0.10637096
v 0.24739289 -0.51385550 0.14045704
v 0.24743633 -0.51381399 0.14068184
v 0.22594083 -0.51373910 0.17242280
v 0.22624398 -0.51366995 0.17240131
v -0.07268135 0.57283907 0.06151949
v -0.07282265 0.57283428 0.06158797
v -0.07853727 0.57715151 0.06720361
v -0.07849255 0.57713194 0.06718520
v -0.10937134 0.54467230 0.05422827
v -0.10943865 0.54466362 0.05440202
v -0.11632055 0.54451041 0.04026846
v -0.11633812 0.54481380 0.04020240
v -0.11504671 0.55075228 0.05735248
v -0.11497976 0.55071128 0.05745369
v -0.12227024 0.55073626 0.04249232
v -0.12230632 0.55078329 0.04271403
v -0.17997954 0.49238858 0.01729140
v -0.18007032 0.49226435 0.01741851
v -0.18606982 0.49856270 0.01821765
v -0.18601417 0.49874875 0.01813924
v -0.23811698 0.43667892 -0.03632417
v -0.23808029 0.43661817 -0.03623002
v -0.25087458 0.36932418 -0.14713149
v -0.25089310 0.36916467 -0.14722163
v -0.21351945 0.33602078 -0.21329324
v -0.21346613 0.33590387 -0.21336221
v -0.15573986 0.21208014 -0.26551442
v -0.15564765 0.21193858 -0.26541415
v -0.12055399 0.21200521 -0.28302061
v -0.12064447 0.21201393 -0.28289129
v -0.04527942 -0.08962020 -0.30549679
v -0.04534904 -0.08990152 -0.30531972
v 0.03317663 -0.39090145 -0.30312885
v 0.03326651 -0.39115082 -0.30307067
v 0.10597518 -0.51373902 -0.27578545
v 0.10599318 -0.51346735 -0.27586688
v 0.20084668 -0.51376323 0.20107317
v 0.20090280 -0.51371767 0.20131211
v 0.17196726 -0.51361813 0.22631220
v 0.17214011 -0.51362708 0.22635003
v 0.14027781 -0.51369042 0.24771191
v 0.14031306 -0.51354619 0.24757552
v 0.10613842 -0.51357056 0.26451993
v 0.10593189 -0.51368115 0.26454633
v 0.07172532 -0.39116572 0.28401479
v 0.07187926 -0.39108246 0.28407294
v 0.03370644 -0.08966750 0.29415213
v 0.03354890 -0.08969021 0.29420031
v 0.03345219 0.21203150 0.29189730
v 0.03347958 0.21207252 0.29185227
v -0.00567696 0.33597749 0.28816856
v -0.00573541 0.33599745 0.28820341
v -0.04273251 0.36907273 0.27515180
v -0.04254008 0.36904050 0.27500533
v -0.10777575 0.39917112 0.24083347
v -0.10785640 0.39902602 0.24076465
v -0.12289874 0.43646458 0.19739093
v -0.12298282 0.43661185 0.19740012
v -0.11260274 0.49223012 0.13387324
v -0.11262960 0.49238182 0.13375594
v -0.07868780 0.54467929 0.08944780
v -0.07871457 0.54463802 0.08942947
v -0.08245847 0.55077943 0.09454376
v -0.08257940 0.55058596 0.09460726
v -0.11639687 0.49873841 0.13872083
v -0.11622942 0.49857798 0.13870037
v -0.12620013 0.44250614 0.20290148
v -0.12614022 0.44276179 0.20303451
v -0.24674110 0.44258885 -0.00561233
v -0.24652302 0.44249435 -0.00568701
v -0.09366284 -0.65871545 0.10875974
v -0.09356826 -0.65879789 0.10866499
v -0.08976269 -0.66244359 0.05888425
v -0.08992913 -0.66236786 0.05872723
v -0.09558606 -0.66236144 0.04618812
v -0.09559318 -0.66240063 0.04611928
v -0.00598884 -0.66366375 -0.00555205
v -0.07028907 -0.66368228 0.02103394
v -0.07037892 -0.66366505 0.02104632
v -0.00597773 -0.66365386 -0.00558827
v -0.11661093 -0.65267254 0.13871521
v -0.11676566 -0.65277261 0.13873221
v -0.13730838 -0.64422966 0.16562849
v -0.13731485 -0.64436473 0.16548032
v -0.15525276 -0.62659748 0.18906257
v -0.15521873 -0.62665700 0.18894686
v -0.16998691 -0.59273402 0.20815145
v -0.16990247 -0.59274050 0.20814176
v -0.18121571 -0.55222747 0.22295472
v -0.18131576 -0.55223886 0.22287609
v -0.18922812 -0.51530233 0.23323741
v -0.18922628 -0.51546283 0.23329764
v -0.19382632 -0.39136232 0.23933633
v -0.19383891 -0.39143620 0.23927822
v -0.19537815 -0.08989668 0.24118209
v -0.19510879 -0.08964328 0.24118367
v -0.19366031 0.21219237 0.23937724
v -0.19379743 0.21219319 0.23931772
v -0.18978527 0.33752233 0.23450703
v -0.18990969 0.33768214 0.23455453
v -0.18300506 0.37276890 0.22542441
v -0.18302691 0.37280407 0.22543237
v -0.00587545 -0.65857280 -0.14983211
v -0.00580254 -0.65867623 -0.14972076
v -0.01986577 -0.66257517 -0.11064765
v -0.01982108 -0.66239243 -0.11068718
v -0.00601860 -0.66367272 -0.00570640
v -0.03260900 -0.66362520 -0.06994392
v -0.03274156 -0.66378073 -0.07024476
v -0.00588166 -0.66378811 -0.00567521
v -0.03265012 -0.66235665 -0.10571436
v -0.03267023 -0.66238496 -0.10557961
v -0.02969270 -0.65264999 -0.18601181
v -0.02957916 -0.65273185 -0.18607355
v -0.06184728 -0.64436741 -0.21428599
v -0.06191112 -0.64424984 -0.21425555
v -0.09986575 -0.62665920 -0.23243829
v -0.09994419 -0.62664562 -0.23247829
v -0.14065950 -0.59283136 -0.23891877
v -0.14073672 -0.59281084 -0.23906032
v -0.18133993 -0.55221575 -0.23436384
v -0.18135359 -0.55237095 -0.23430414
v -0.21890320 -0.51530654 -0.21860230
v -0.21884791 -0.51541489 -0.21852745
v -0.25069432 -0.39120784 -0.19370261
v -0.25098709 -0.39142195 -0.19365575
v -0.27529169 -0.08970570 -0.16131870
v -0.27516493 -0.08959736 -0.16125564
v -0.29090648 0.21239274 -0.12383402
v -0.29098225 0.21226676 -0.12392123
v -0.29784491 0.33758144 -0.08396921
v -0.29782226 0.33767846 -0.08375858
v -0.29428466 0.37262004 -0.04359803
v -0.29432133 0.37276636 -0.04359750
v -0.10078586 0.54468627 0.06716556
v -0.10075267 0.54464240 0.06732471
v -0.10572414 0.55065258 0.07118132
v -0.10577978 0.55064265 0.07103410
v -0.17549930 0.49223742 0.03976999
v -0.17546108 0.49231086 0.03999344
v -0.18134205 0.49861828 0.04136891
v -0.18131393 0.49876753 0.04151984
v -0.24022233 0.43662886 -0.00568235
v -0.24037163 0.43646789 -0.00567219
v -0.26341995 0.39932989 -0.07479614
v -0.26341591 0.39898201 -0.07476695
v -0.26741669 0.36920473 -0.11389533
v -0.26722575 0.36918087 -0.11392698
v -0.23860787 0.33607396 -0.18443482
v -0.23889125 0.33590737 -0.18456123
v -0.18839031 0.21211456 -0.24350505
v -0.18823304 0.21211581 -0.24361562
v -0.08410139 -0.08973370 -0.29759547
v -0.08398476 -0.08971179 -0.29760269
v -0.00578596 -0.39112301 -0.30568594
v -0.00586758 -0.39106402 -0.30556617
v 0.06987370 -0.51358656 -0.28811970
v 0.06978212 -0.51364547 -0.28815953
v 0.06984045 -0.51354262 0.27695952
v 0.06995267 -0.51363299 0.27681578
v 0.03330152 -0.39115621 0.29195911
v 0.03327460 -0.39091525 0.29178831
v -0.00563818 0.21195940 0.29443686
v -0.00571930 0.21201724 0.29454297
v -0.04389530 0.33600257 0.28563311
v -0.04404141 0.33586960 0.28576750
v -0.07894079 0.36931099 0.26783306
v -0.07894080 0.36904561 0.26779320
v -0.11411486 0.36922144 0.25609872
v -0.11405166 0.36914124 0.25593308
v -0.13901348 0.39914314 0.22529179
v -0.13920155 0.39914133 0.22535630
v -0.14845445 0.43652217 0.18042308
v -0.14830447 0.43648399 0.18034351
v -0.09042509 0.54456974 0.07895652
v -0.09047157 0.54462933 0.07905902
v -0.09493122 0.55072116 0.08349028
v -0.09470017 0.55075603 0.08357382
v -0.15244053 0.44273471 0.18528268
v -0.15238245 0.44270199 0.18534746
v -0.27970087 0.40427932 -0.00568517
v -0.27981451 0.40419112 -0.00567350
v -0.17248802 0.40432229 0.21174947
v -0.17249583 0.40411536 0.21169527
v -0.10778055 -0.65854373 0.09630845
v -0.10795527 -0.65869782 0.09633546
v -0.00602179 -0.66356219 -0.00554959
v -0.06485252 -0.66363649 0.01026225
v -0.06489937 -0.66373083 0.01014826
v -0.00584483 -0.66352598 -0.00551411
v -0.02481401 -0.65878727 -0.14858457
v -0.02485053 -0.65880931 -0.14850045
v -0.00579746 -0.66372572 -0.00552386
v -0.03651342 -0.66366050 -0.05838130
v -0.03660562 -0.66366929 -0.05857446
v -0.00609212 -0.66362278 -0.00563564
v 0.13409000 -0.54906437 -0.24800296
v 0.13419604 -0.54905823 -0.24802083
v 0.16469488 -0.54920582 -0.22761689
v 0.16449550 -0.54909152 -0.22772629
v 0.19215973 -0.54904108 -0.20362201
v 0.19210187 -0.54904826 -0.20366089
v 0.21617189 -0.54910570 -0.17600035
v 0.21618582 -0.54904003 -0.17607559
v 0.23648964 -0.54901169 -0.14557093
v 0.23659421 -0.54920129 -0.14563326
v 0.25272889 -0.54918814 -0.11278775
v 0.25279592 -0.54912435 -0.11291469
v 0.26442503 -0.54930452 -0.07809528
v 0.26445041 -0.54901699 -0.07805489
v 0.27172018 -0.54915871 -0.04208389
v 0.27173041 -0.54931394 -0.04215526
v 0.27413773 -0.54900001 -0.00564742
v 0.27402492 -0.54911799 -0.00563097
v 0.27146527 -0.54914607 0.03073680
v 0.27164781 -0.54905047 0.03104363
v 0.26441627 -0.54909345 0.06683108
v 0.26464159 -0.54908493 0.06688236
v 0.25278702 -0.54907589 0.10144673
v 0.25273024 -0.54911861 0.10140149
v 0.23654286 -0.54910664 0.13433949
v 0.23665383 -0.54912792 0.13441101
v 0.21616484 -0.54914098 0.16472573
v 0.21622750 -0.54920747 0.16493316
v 0.19194367 -0.54901121 0.19243080
v 0.19214988 -0.54915128 0.19231832
v -0.15783527 0.49236262 0.08229762
v -0.15800174 0.49237401 0.08231053
v -0.16812150 0.49235485 0.06161754
v -0.16819893 0.49227619 0.06160659
v -0.17359705 0.49864181 0.06399249
v -0.17383834 0.49873873 0.06390086
v -0.16304979 0.49881923 0.08523317
v -0.16324629 0.49857575 0.08531593
v -0.23830667 0.43656812 0.02485237
v -0.23824613 0.43673314 0.02505432
v -0.24451408 0.44257355 0.02587616
v -0.24435908 0.44278227 0.02583216
v -0.27021847 0.39915373 -0.04042063
v -0.27013327 0.39921658 -0.04029403
v -0.26014491 0.33600444 -0.15269381
v -0.26006058 0.33599229 -0.15269741
v -0.21806300 0.21195604 -0.21780218
v -0.21808126 0.21201014 -0.21797508
v -0.15698471 -0.08973878 -0.26753121
v -0.15683595 -0.08972755 -0.26761294
v -0.12149865 -0.08965967 -0.28497192
v -0.12150311 -0.08965828 -0.28491512
v -0.04496355 -0.39106150 -0.30308772
v -0.04495949 -0.39107855 -0.30324885
v 0.03223684 -0.51351483 -0.29566806
v 0.03216458 -0.51361615 -0.29552871
v 0.10120486 -0.54907070 -0.26431484
v 0.10116478 -0.54912492 -0.26434527
v 0.16465501 -0.54911323 0.21636692
v 0.16439452 -0.54907124 0.21649314
v 0.13414881 -0.54917958 0.23690039
v 0.13404012 -0.54908150 0.23684243
v 0.10122374 -0.54909524 0.25306519
v 0.10111447 -0.54898435 0.25296122
v 0.06650581 -0.54892303 0.26471328
v 0.06661475 -0.54904841 0.26469793
v 0.03224426 -0.51361684 0.28414285
v 0.03213321 -0.51363298 0.28425187
v -0.00567942 -0.39110860 0.29445066
v -0.00586183 -0.39096978 0.29445945
v -0.00587128 -0.08978527 0.29662930
v -0.00578901 -0.08971425 0.29665933
v -0.04509126 0.21185593 0.29169345
v -0.04495422 0.21193570 0.29190895
v -0.08189795 0.33588697 0.27813016
v -0.08176722 0.33593609 0.27804926
v -0.14723892 0.36918046 0.23964067
v -0.14723750 0.36931882 0.23966547
v -0.16798912 0.39926251 0.20599230
v -0.16794374 0.39904767 0.20584696
v -0.17147675 0.43659923 0.16035650
v -0.17151033 0.43642255 0.16022178
v -0.13001880 0.49247537 0.11862913
v -0.13006530 0.49228777 0.11871324
v -0.13408689 0.49877490 0.12314281
v -0.13429832 0.49878873 0.12287272
v -0.17598716 0.44252372 0.16477228
v -0.17596105 0.44265179 0.16453672
v -0.12039833 -0.65858719 0.08223583
v -0.12025411 -0.65861248 0.08220385
v -0.10371156 -0.66236560 0.03490272
v -0.10386896 -0.66230809 0.03485727
v -0.10600442 -0.66239857 0.02125576
v -0.10610588 -0.66234471 0.02118387
v -0.07515343 -0.66356791 0.00330313
v -0.07519235 -0.66349193 0.00348923
v -0.13443579 -0.65257670 0.12303867
v -0.13458319 -0.65250735 0.12292871
v -0.15845788 -0.64419715 0.14703691
v -0.15860555 -0.64429385 0.14705700
v -0.17952048 -0.62662470 0.16798680
v -0.17952174 -0.62663572 0.16791898
v -0.19645687 -0.59269575 0.18495147
v -0.19641545 -0.59277682 0.18497992
v -0.20963384 -0.55238545 0.19816031
v -0.20958905 -0.55230030 0.19804640
v -0.21895625 -0.51531755 0.20739111
v -0.21876930 -0.51530559 0.20719854
v -0.22405656 -0.39127532 0.21276571
v -0.22428421 -0.39133669 0.21276053
v -0.22590458 -0.08979840 0.21441431
v -0.22580619 -0.08978926 0.21447443
v -0.22423559 0.21225482 0.21261982
v -0.22402061 0.21227403 0.21284809
v -0.21965687 0.33758195 0.20826277
v -0.21968302 0.33749735 0.20839371
v -0.21164668 0.37279325 0.20034740
v -0.21164526 0.37268185 0.20033149
v -0.04326362 -0.65879023 -0.14501037
v -0.04313374 -0.65879102 -0.14486944
v -0.04656442 -0.66255838 -0.10343623
v -0.04635609 -0.66240192 -0.10352965
v -0.00601102 -0.66369242 -0.00566164
v -0.04830864 -0.66349827 -0.06099452
v -0.04844761 -0.66348554 -0.06097452
v -0.00590903 -0.66360850 -0.00568166
v -0.05772627 -0.66233898 -0.09538616
v -0.05780681 -0.66239619 -0.09542525
v -0.05298873 -0.65270085 -0.18138748
v -0.05292826 -0.65271286 -0.18120946
v -0.08853133 -0.64426300 -0.20513552
v -0.08840998 -0.64449865 -0.20500990
v -0.12867651 -0.62676438 -0.21828470
v -0.12850513 -0.62667746 -0.21824693
v -0.16987155 -0.59258316 -0.21942133
v -0.16981703 -0.59271178 -0.21944567
v -0.20970274 -0.55218836 -0.20928845
v -0.20962655 -0.55249507 -0.20936973
v -0.24497054 -0.51541639 -0.18895448
v -0.24475935 -0.51543775 -0.18882616
v -0.27336842 -0.39121187 -0.15989719
v -0.27325905 -0.39129892 -0.16006790
v -0.29335876 -0.08974839 -0.12479572
v -0.29332766 -0.08980752 -0.12453624
v -0.30412966 0.21242121 -0.08561337
v -0.30405477 0.21231344 -0.08571161
v -0.30570583 0.33768313 -0.04515832
v -0.30550506 0.33748727 -0.04511883
v -0.29677607 0.37265557 -0.00572139
v -0.29694795 0.37276633 -0.00567400
v -0.14530170 0.49234968 0.10144678
v -0.14511509 0.49224066 0.10151336
v -0.14999033 0.49856662 0.10509837
v -0.14994911 0.49863275 0.10504941
v -0.23222359 0.43650453 0.05504703
v -0.23205866 0.43650954 0.05499516
v -0.23832562 0.44266807 0.05664677
v -0.23830899 0.44273504 0.05673330
v -0.27236883 0.39914305 -0.00563251
v -0.27255081 0.39903943 -0.00551299
v -0.27928020 0.36931852 -0.07881144
v -0.27929596 0.36910602 -0.07890307
v -0.27732150 0.33613650 -0.11796611
v -0.27712164 0.33588884 -0.11806305
v -0.24379614 0.21206307 -0.18811983
v -0.24388429 0.21214137 -0.18830405
v -0.18995417 -0.08962386 -0.24563298
v -0.18988634 -0.08978107 -0.24545227
v -0.08346204 -0.39108047 -0.29552974
v -0.08344224 -0.39110786 -0.29552142
v -0.00591316 -0.51362145 -0.29813331
v -0.00592384 -0.51371177 -0.29793497
v 0.06647104 -0.54907332 -0.27605971
v 0.06647285 -0.54919328 -0.27617208
v 0.03057920 -0.54907684 0.27188517
v 0.03063284 -0.54921727 0.27189918
v -0.00593215 -0.51357790 0.28689144
v -0.00589674 -0.51373963 0.28676221
v -0.04529841 -0.08976770 0.29412709
v -0.04526796 -0.08986704 0.29401411
v -0.08324666 0.21211749 0.28415228
v -0.08344385 0.21210928 0.28406880
v -0.11809594 0.33595345 0.26596427
v -0.11808322 0.33607060 0.26591734
v -0.15250847 0.33600369 0.24871703
v -0.15267908 0.33606734 0.24879279
v -0.17790455 0.36914210 0.21902609
v -0.17808597 0.36918270 0.21894704
v -0.19435641 0.39918409 0.18304104
v -0.19435156 0.39914593 0.18290051
v -0.19942138 0.40424611 0.18817298
v -0.19955192 0.40434875 0.18803007
v -0.27725344 0.40409344 0.03017265
v -0.27730136 0.40417589 0.03016721
v -0.13078909 -0.65851890 0.06644193
v -0.13076247 -0.65866968 0.06627597
v -0.00582682 -0.66380036 -0.00576358
v -0.06687764 -0.66360296 -0.00555806
v -0.06693831 -0.66358782 -0.00560446
v -0.00596077 -0.66362932 -0.00557501
v -0.06111242 -0.65879494 -0.13896815
v -0.06121146 -0.65866400 -0.13877097
v -0.00598715 -0.66364422 -0.00572434
v -0.04898290 -0.66361988 -0.04877178
v -0.04903274 -0.66358825 -0.04880922
v -0.00608882 -0.66371960 -0.00562840
v 0.12491806 -0.58835582 -0.23248269
v 0.12496031 -0.58846240 -0.23230593
v 0.15343036 -0.58850202 -0.21334066
v 0.15346641 -0.58844831 -0.21333542
v 0.17932153 -0.58821617 -0.19082590
v 0.17910783 -0.58842899 -0.19064018
v 0.20186029 -0.58823585 -0.16499600
v 0.20167809 -0.58847040 -0.16490882
v 0.22079674 -0.58841400 -0.13669768
v 0.22090542 -0.58832456 -0.13639759
v 0.23605666 -0.58825054 -0.10588632
v 0.23601628 -0.58849812 -0.10568624
v 0.24713482 -0.58842853 -0.07334048
v 0.24699147 -0.58850625 -0.07337349
v 0.25375319 -0.58839261 -0.03995860
v 0.25360399 -0.58844363 -0.03970160
v 0.25598524 -0.58845402 -0.00552032
v 0.25584927 -0.58850184 -0.00558922
v 0.25381399 -0.58854327 0.02845118
v 0.25377487 -0.58845757 0.02851397
v 0.24700240 -0.58845183 0.06217701
v 0.24696069 -0.58850244 0.06229732
v 0.23609212 -0.58850009 0.09462807
v 0.23605403 -0.58835338 0.09456854
v 0.22068961 -0.58846830 0.12532985
v 0.22102673 -0.58842592 0.12542135
v 0.20177821 -0.58849354 0.15380155
v 0.20197895 -0.58839863 0.15365407
v 0.17937808 -0.58846864 0.17956797
v 0.17925347 -0.58848421 0.17960094
v 0.15343675 -0.58846152 0.20206468
v 0.15345226 -0.58841874 0.20203174
v -0.20868751 0.43666929 0.11171239
v -0.20886969 0.43650493 0.11171898
v -0.22228084 0.43640936 0.08414066
v -0.22240576 0.43653475 0.08414256
v -0.22833147 0.44258046 0.08654397
v -0.22810844 0.44249208 0.08666208
v -0.21418831 0.44260570 0.11469676
v -0.21434593 0.44270401 0.11460859
v -0.27011249 0.39920475 0.02914313
v -0.27017040 0.39914148 0.02928589
v -0.28655400 0.36921247 -0.04270191
v -0.28647875 0.36915921 -0.04260338
v -0.26563162 0.21196409 -0.15575937
v -0.26552328 0.21207078 -0.15571977
v -0.21953850 -0.08982071 -0.21949235
v -0.21955497 -0.08975805 -0.21949288
v -0.15601384 -0.39112488 -0.26546403
v -0.15588089 -0.39094849 -0.26555981
v -0.12074498 -0.39104941 -0.28288637
v -0.12072006 -0.39090880 -0.28287842
v -0.04408759 -0.51373418 -0.29575180
v -0.04410623 -0.51354102 -0.29561364
v 0.03055177 -0.54900244 -0.28306421
v 0.03065801 -0.54904245 -0.28311262
v 0.09413658 -0.58846574 -0.24762154
v 0.09425931 -0.58847225 -0.24755721
v 0.12519401 -0.58839300 0.22117529
v 0.12497627 -0.58844552 0.22105858
v 0.09422958 -0.58842502 0.23634177
v 0.09418839 -0.58838791 0.23619807
v 0.06184507 -0.58843272 0.24743053
v 0.06195272 -0.58832254 0.24738804
v 0.02843362 -0.58824645 0.25397173
v 0.02827954 -0.58826376 0.25395064
v -0.00586832 -0.54895350 0.27434933
v -0.00571183 -0.54915215 0.27437054
v -0.04411462 -0.51357812 0.28428291
v -0.04390646 -0.51369656 0.28425861
v -0.04503402 -0.39093796 0.29198045
v -0.04498960 -0.39108415 0.29191845
v -0.08404021 -0.08968105 0.28642428
v -0.08396863 -0.08965566 0.28640528
v -0.12063186 0.21184668 0.27167984
v -0.12056892 0.21199337 0.27155209
v -0.18448502 0.33585789 0.22743703
v -0.18452900 0.33601441 0.22728616
v -0.20578927 0.36905199 0.19469814
v -0.20588351 0.36903186 0.19456231
v -0.21748730 0.39921386 0.15677763
v -0.21745678 0.39901336 0.15680127
v -0.19187327 0.43665363 0.13698819
v -0.19174797 0.43671966 0.13700088
v -0.19663670 0.44251843 0.14099211
v -0.19673906 0.44266377 0.14088610
v -0.22300067 0.40423182 0.16127174
v -0.22287476 0.40415474 0.16111324
v -0.15038560 -0.65259948 0.10509504
v -0.15015955 -0.65266735 0.10520988
v -0.13908798 -0.65873316 0.04956973
v -0.13932559 -0.65854535 0.04942006
v -0.11075022 -0.66231526 0.00804087
v -0.11074752 -0.66243989 0.00812726
v -0.10953756 -0.66246945 -0.00560455
v -0.10961109 -0.66230200 -0.00573660
v -0.00584284 -0.66369696 -0.00549861
v -0.07521554 -0.66371052 -0.01487735
v -0.07516800 -0.66367718 -0.01459488
v -0.00594985 -0.66367006 -0.00562059
v -0.17716917 -0.64425990 0.12567016
v -0.17716097 -0.64441107 0.12577816
v -0.20057433 -0.62676904 0.14366992
v -0.20044947 -0.62670009 0.14375325
v -0.21967232 -0.59268229 0.15835460
v -0.21979114 -0.59291571 0.15831157
v -0.23436819 -0.55237347 0.16965297
v -0.23453022 -0.55230736 0.16979623
v -0.24485620 -0.51532183 0.17772960
v -0.24484034 -0.51536389 0.17756914
v -0.25083614 -0.39131472 0.18237564
v -0.25076083 -0.39142974 0.18247127
v -0.25271696 -0.08969733 0.18386536
v -0.25265800 -0.08955236 0.18374624
v -0.25056774 0.21218319 0.18243344
v -0.25073097 0.21227987 0.18234921
v -0.24557845 0.33755540 0.17852454
v -0.24587195 0.33752921 0.17839155
v -0.23679783 0.37265367 0.17171139
v -0.23663156 0.37261759 0.17172898
v -0.07540621 -0.65253600 -0.17367917
v -0.07555271 -0.65265631 -0.17381011
v -0.07802215 -0.65877210 -0.13065003
v -0.07801270 -0.65877014 -0.13058033
v -0.07024475 -0.66231654 -0.08968532
v -0.07054336 -0.66243607 -0.08956943
v -0.00594587 -0.66381396 -0.00558258
v -0.06133198 -0.66366106 -0.04800625
v -0.06124498 -0.66364310 -0.04809161
v -0.00584515 -0.66368581 -0.00557742
v -0.07918320 -0.66246653 -0.07890325
v -0.07909839 -0.66239268 -0.07893395
v -0.11379856 -0.64430072 -0.19252025
v -0.11387478 -0.64440369 -0.19246205
v -0.15524994 -0.62657983 -0.20030112
v -0.15532425 -0.62663478 -0.20030170
v -0.19651015 -0.59271748 -0.19614334
v -0.19646266 -0.59256414 -0.19620442
v -0.23440741 -0.55239810 -0.18097774
v -0.23450406 -0.55242891 -0.18100109
v -0.26659251 -0.51527956 -0.15625680
v -0.26667524 -0.51527189 -0.15616481
v -0.29117837 -0.39135006 -0.12383191
v -0.29097830 -0.39122147 -0.12372428
v -0.30625420 -0.08971630 -0.08621397
v -0.30631065 -0.08972508 -0.08618156
v -0.31197194 0.21233896 -0.04594378
v -0.31194375 0.21226902 -0.04591951
v -0.30825425 0.33753694 -0.00550815
v -0.30823045 0.33753217 -0.00575306
v -0.29437556 0.37268319 0.03239665
v -0.29431996 0.37284021 0.03231587
v -0.26323740 0.39931553 0.06341462
v -0.26335137 0.39914795 0.06335931
v -0.27050234 0.40413310 0.06517049
v -0.27044373 0.40414975 0.06538642
v -0.28878604 0.36923592 -0.00562880
v -0.28881805 0.36911724 -0.00562410
v -0.28945707 0.33609872 -0.08169405
v -0.28941897 0.33605106 -0.08168330
v -0.28295970 0.21194045 -0.12039735
v -0.28291427 0.21198720 -0.12043430
v -0.24576372 -0.08981496 -0.18973084
v -0.24555576 -0.08962838 -0.18962454
v -0.18837910 -0.39097041 -0.24369726
v -0.18862203 -0.39097169 -0.24356672
v -0.08162647 -0.51360983 -0.28829124
v -0.08146591 -0.51367911 -0.28817957
v -0.00595332 -0.54908136 -0.28561812
v -0.00596217 -0.54920151 -0.28565400
v 0.06190600 -0.58839307 -0.25848246
v 0.06173383 -0.58837293 -0.25871784
v -0.00591395 -0.58830255 0.25620180
v -0.00597318 -0.58834363 0.25619737
v -0.04242287 -0.54911095 0.27204974
v -0.04228902 -0.54903766 0.27201642
v -0.08363232 -0.39107409 0.28422073
v -0.08361630 -0.39114122 0.28402898
v -0.12162417 -0.08987949 0.27367210
v -0.12141549 -0.08967022 0.27388565
v -0.15563353 0.21194489 0.25414414
v -0.15576973 0.21190026 0.25423456
v -0.18846193 0.21189456 0.23229455
v -0.18824290 0.21194879 0.23242732
v -0.21352885 0.33580329 0.20209626
v -0.21344144 0.33597727 0.20218663
v -0.23033942 0.36911819 0.16665052
v -0.23031995 0.36911652 0.16674829
v -0.16332245 -0.65265213 0.08517633
v -0.16344843 -0.65255456 0.08535891
v -0.14512811 -0.65871727 0.03169489
v -0.14512735 -0.65886520 0.03168924
v -0.00577710 -0.66366034 -0.00577809
v -0.06478039 -0.66377613 -0.02145660
v -0.06477393 -0.66372525 -0.02150779
v -0.00599099 -0.66360246 -0.00561183
v -0.09686317 -0.65256781 -0.16322184
v -0.09674522 -0.65259063 -0.16311152
v -0.09370881 -0.65861693 -0.12014452
v -0.09373423 -0.65881550 -0.11999466
v -0.00586347 -0.66371666 -0.00567311
v -0.05880385 -0.66363872 -0.03612472
v -0.05864489 -0.66367273 -0.03612224
v -0.00598251 -0.66366888 -0.00573159
v 0.11384006 -0.62017212 -0.21286781
v 0.11377960 -0.62021078 -0.21279443
v 0.13976919 -0.62001028 -0.19559185
v 0.13984030 -0.62025488 -0.19548168
v 0.16334159 -0.62017782 -0.17496058
v 0.16343078 -0.62032991 -0.17479650
v 0.18404273 -0.62007727 -0.15120230
v 0.18400553 -0.62006099 -0.15129234
v 0.20130562 -0.62026894 -0.12524599
v 0.20127204 -0.62016713 -0.12517937
v 0.21517437 -0.62010737 -0.09722908
v 0.21527764 -0.62022879 -0.09719779
v 0.22521272 -0.62009595 -0.06759437
v 0.22522680 -0.62026032 -0.06748126
v 0.23139719 -0.62014965 -0.03683347
v 0.23130565 -0.62035015 -0.03680399
v 0.23345994 -0.62026188 -0.00564297
v 0.23343119 -0.62018499 -0.00561556
v 0.23128301 -0.62035022 0.02563248
v 0.23127913 -0.62018175 0.02560838
v 0.22519256 -0.62026928 0.05641103
v 0.22520237 -0.62005412 0.05625413
v 0.21514288 -0.62024975 0.08609622
v 0.21512700 -0.62017433 0.08594620
v 0.20133475 -0.62001821 0.11404097
v 0.20148909 -0.62010132 0.11389256
v 0.18390514 -0.62023835 0.14001612
v 0.18399953 -0.62017295 0.13990225
v 0.16314242 -0.62017908 0.16344312
v 0.16325451 -0.62027052 0.16349935
v 0.13959940 -0.62022349 0.18424241
v 0.13970111 -0.62010747 0.18416451
v 0.11362009 -0.62019639 0.20159937
v 0.11376869 -0.62009133 0.20147702
v -0.23653365 0.39915413 0.12763790
v -0.23678586 0.39904905 0.12761309
v -0.25208812 0.39919797 0.09644086
v -0.25220380 0.39914691 0.09652186
v -0.25886533 0.40430286 0.09926863
v -0.25898609 0.40414277 0.09912392
v -0.24307506 0.40418267 0.13135121
v -0.24300575 0.40426799 0.13133601
v -0.28637175 0.36938171 0.03139051
v -0.28623752 0.36915410 0.03134807
v -0.29698652 0.33594900 -0.04390210
v -0.29698462 0.33612169 -0.04383089
v -0.26762148 -0.08962938 -0.15678418
v -0.26763672 -0.08971971 -0.15681707
v -0.21795596 -0.39097221 -0.21765058
v -0.21817200 -0.39097164 -0.21772526
v -0.15226715 -0.51374777 -0.25902703
v -0.15220069 -0.51356383 -0.25888182
v -0.11785443 -0.51356318 -0.27580732
v -0.11786831 -0.51356509 -0.27585708
v -0.04242007 -0.54919620 -0.28315638
v -0.04243332 -0.54896355 -0.28316641
v 0.02832866 -0.58835670 -0.26523407
v 0.02815829 -0.58837304 -0.26518782
v 0.08579248 -0.62029085 -0.22654079
v 0.08572212 -0.62022465 -0.22667980
v 0.08571699 -0.62015156 0.21560056
v 0.08568120 -0.62022545 0.21539373
v 0.05599432 -0.62006361 0.22551507
v 0.05598310 -0.62005762 0.22558051
v 0.02522665 -0.62004074 0.23169377
v 0.02538593 -0.62004620 0.23166792
v -0.00592383 -0.61995429 0.23377069
v -0.00601478 -0.62026066 0.23364256
v -0.03999534 -0.58842523 0.25403517
v -0.04007005 -0.58844260 0.25392176
v -0.07823200 -0.54896119 0.26488943
v -0.07835787 -0.54909261 0.26477431
v -0.08154182 -0.51356575 0.27688541
v -0.08162395 -0.51363641 0.27695415
v -0.12062821 -0.39102775 0.27157944
v -0.12059386 -0.39098597 0.27146115
v -0.15698976 -0.08974952 0.25605321
v -0.15689853 -0.08970249 0.25630139
v -0.21789037 0.21207567 0.20644340
v -0.21785432 0.21195277 0.20654993
v -0.23885277 0.33598066 0.17320497
v -0.23896203 0.33596181 0.17326202
v -0.25082380 0.36929012 0.13584329
v -0.25090880 0.36909880 0.13587106
v -0.25791347 0.37265781 0.14004827
v -0.25800905 0.37274035 0.13991007
v -0.17386416 -0.65255000 0.06403986
v -0.17378732 -0.65273244 0.06383570
v -0.14890510 -0.65867490 0.01321418
v -0.14892139 -0.65864491 0.01312228
v -0.11094239 -0.66238218 -0.01958118
v -0.11093436 -0.66248179 -0.01957585
v -0.10608762 -0.66250011 -0.03247364
v -0.10612391 -0.66234186 -0.03249623
v -0.00599683 -0.66370513 -0.00573491
v -0.07038888 -0.66372560 -0.03224035
v -0.07043757 -0.66372460 -0.03229682
v -0.00593222 -0.66363659 -0.00582138
v -0.19297142 -0.64422879 0.10214855
v -0.19286892 -0.64442320 0.10249139
v -0.21844900 -0.62661159 0.11720168
v -0.21845437 -0.62668643 0.11691442
v -0.23935423 -0.59263046 0.12916620
v -0.23936195 -0.59268843 0.12925937
v -0.25533651 -0.55227996 0.13850494
v -0.25526006 -0.55234423 0.13835199
v -0.26668358 -0.51529874 0.14492944
v -0.26658064 -0.51540689 0.14484958
v -0.27337074 -0.39132081 0.14880703
v -0.27314456 -0.39138464 0.14862932
v -0.27536876 -0.08971284 0.15000159
v -0.27526422 -0.08964529 0.14991397
v -0.27304810 0.21236935 0.14864403
v -0.27318151 0.21237083 0.14888944
v -0.26784122 0.33750605 0.14571725
v -0.26779731 0.33761269 0.14552902
v -0.11654364 -0.65253072 -0.15000064
v -0.11678066 -0.65268348 -0.14990115
v -0.10790308 -0.65860863 -0.10758745
v -0.10800328 -0.65859322 -0.10758294
v -0.08981513 -0.66233435 -0.07011975
v -0.08981153 -0.66224839 -0.07007822
v -0.00579888 -0.66348614 -0.00569513
v -0.00599779 -0.66370049 -0.00569039
v -0.09569743 -0.66237626 -0.05759368
v -0.09576687 -0.66246412 -0.05737271
v -0.13719766 -0.64418978 -0.17687462
v -0.13744773 -0.64436318 -0.17701204
v -0.17948650 -0.62678377 -0.17925109
v -0.17933361 -0.62662466 -0.17928179
v -0.21966391 -0.59277023 -0.16961299
v -0.21964006 -0.59254415 -0.16971593
v -0.25555922 -0.55221006 -0.14967271
v -0.25538894 -0.55227101 -0.14968803
v -0.28414328 -0.51525594 -0.12084371
v -0.28405169 -0.51546390 -0.12095677
v -0.30424165 -0.39120583 -0.08549407
v -0.30413436 -0.39132008 -0.08556797
v -0.31416699 -0.08961172 -0.04625328
v -0.31425500 -0.08982159 -0.04629957
v -0.31457881 0.21223568 -0.00567533
v -0.31461142 0.21231043 -0.00562136
v -0.30563968 0.33773326 0.03385004
v -0.30559314 0.33750863 0.03389822
v -0.28704265 0.37281107 0.06980473
v -0.28692930 0.37262368 0.06969340
v -0.27905988 0.36927671 0.06768122
v -0.27924149 0.36907918 0.06765005
v -0.29948023 0.33591416 -0.00572486
v -0.29955563 0.33588347 -0.00578098
v -0.29566729 0.21191372 -0.08328683
v -0.29562271 0.21217053 -0.08339994
v -0.28514033 -0.08965277 -0.12131023
v -0.28500843 -0.08966301 -0.12141773
v -0.24391432 -0.39100480 -0.18819876
v -0.24394890 -0.39094441 -0.18834332
v -0.18386636 -0.51348548 -0.23768342
v -0.18385499 -0.51375919 -0.23761575
v -0.07851131 -0.54902030 -0.27613167
v -0.07829812 -0.54893677 -0.27592514
v -0.00594898 -0.58827696 -0.26745755
v -0.00589286 -0.58836460 -0.26752366
v 0.05619699 -0.62017535 -0.23686278
v 0.05605038 -0.62016109 -0.23681256
v -0.03727127 -0.62013379 0.23155738
v -0.03701918 -0.62009886 0.23148066
v -0.07376838 -0.58846355 0.24726700
v -0.07374005 -0.58841532 0.24738250
v -0.11776810 -0.51368477 0.26451875
v -0.11779339 -0.51359594 0.26440041
v -0.15591741 -0.39095488 0.25419907
v -0.15578207 -0.39107247 0.25433511
v -0.18982426 -0.08967837 0.23418035
v -0.18985459 -0.08978929 0.23431398
v -0.21965975 -0.08960005 0.20816158
v -0.21951766 -0.08971630 0.20809769
v -0.24360658 0.21207641 0.17696652
v -0.24381406 0.21203204 0.17704727
v -0.26009539 0.33597165 0.14128616
v -0.26010825 0.33606620 0.14114108
v -0.18167990 -0.65259447 0.04150467
v -0.18175854 -0.65278814 0.04140571
v -0.15028000 -0.65869783 -0.00563100
v -0.15008998 -0.65863457 -0.00568096
v -0.13464013 -0.65263206 -0.13420738
v -0.13459887 -0.65275037 -0.13421030
v -0.12034777 -0.65867211 -0.09349697
v -0.12044098 -0.65864097 -0.09357283
v 0.10027352 -0.63622751 -0.18977400
v 0.10027526 -0.63607095 -0.18976133
v 0.12349348 -0.63628124 -0.17440926
v 0.12349142 -0.63623542 -0.17427603
v 0.14445005 -0.63619988 -0.15596103
v 0.14429010 -0.63603121 -0.15596996
v 0.16271246 -0.63607197 -0.13511509
v 0.16280173 -0.63631362 -0.13504657
v 0.17815168 -0.63609196 -0.11179763
v 0.17813402 -0.63615707 -0.11182200
v 0.19046683 -0.63628573 -0.08696898
v 0.19042310 -0.63625089 -0.08682887
v 0.19940499 -0.63629295 -0.06055961
v 0.19924906 -0.63627438 -0.06062122
v 0.20479995 -0.63620361 -0.03334978
v 0.20486823 -0.63607413 -0.03335656
v 0.20664635 -0.63616829 -0.00553944
v 0.20663671 -0.63615339 -0.00552254
v 0.20489509 -0.63618901 0.02204908
v 0.20491527 -0.63618550 0.02213370
v 0.19936941 -0.63604435 0.04955265
v 0.19930094 -0.63623901 0.04932093
v 0.19050446 -0.63610834 0.07571605
v 0.19038095 -0.63617061 0.07563209
v 0.17802189 -0.63634724 0.10063602
v 0.17815743 -0.63602365 0.10055858
v 0.16268084 -0.63615455 0.12374469
v 0.16278564 -0.63619461 0.12376872
v 0.14452976 -0.63622311 0.14459778
v 0.14422972 -0.63603031 0.14454284
v 0.12362558 -0.63624014 0.16304883
v 0.12337783 -0.63628101 0.16309217
v 0.10024088 -0.63612342 0.17837446
v 0.10038040 -0.63622618 0.17857634
v 0.07551094 -0.63623766 0.19083081
v 0.07530282 -0.63623074 0.19074413
v -0.26717677 0.36910537 0.10269027
v -0.26741314 0.36912133 0.10284012
v -0.27483780 0.37285058 0.10569860
v -0.27489333 0.37260589 0.10581907
v -0.29704306 0.33598350 0.03270539
v -0.29703455 0.33600950 0.03271726
v -0.30333750 0.21193753 -0.04481192
v -0.30307361 0.21218086 -0.04494645
v -0.26581896 -0.39096029 -0.15574933
v -0.26564610 -0.39093858 -0.15563926
v -0.21280410 -0.51354532 -0.21241430
v -0.21263813 -0.51353672 -0.21243675
v -0.14588191 -0.54896507 -0.24802665
v -0.14593810 -0.54900517 -0.24827431
v -0.11300649 -0.54897746 -0.26413310
v -0.11307838 -0.54908592 -0.26425163
v -0.04001517 -0.58839627 -0.26524239
v -0.04006773 -0.58839152 -0.26519143
v 0.02542178 -0.62007860 -0.24273416
v 0.02535810 -0.62012425 -0.24292649
v 0.07530612 -0.63608146 -0.20195859
v 0.07548381 -0.63600344 -0.20191962
v 0.04916980 -0.63597136 0.19972907
v 0.04889278 -0.63606799 0.19969718
v 0.02170985 -0.63614787 0.20515992
v 0.02188061 -0.63623573 0.20501195
v -0.00583557 -0.63619018 0.20697512
v -0.00595617 -0.63620594 0.20687589
v -0.03370788 -0.63625840 0.20512031
v -0.03357710 -0.63615454 0.20515480
v -0.06797555 -0.61996969 0.22561725
v -0.06797707 -0.62018209 0.22555013
v -0.10619752 -0.58846867 0.23638620
v -0.10604696 -0.58842570 0.23631287
v -0.11312853 -0.54902746 0.25304314
v -0.11297697 -0.54907109 0.25291880
v -0.15213661 -0.51357196 0.24760745
v -0.15228995 -0.51373993 0.24763113
v -0.18832952 -0.39096362 0.23245688
v -0.18851870 -0.39099197 0.23241318
v -0.24577998 -0.08965617 0.17839871
v -0.24557131 -0.08978689 0.17850724
v -0.26561360 0.21219872 0.14448340
v -0.26568364 0.21206790 0.14445244
v -0.27713463 0.33598602 0.10691145
v -0.27727494 0.33603939 0.10692267
v -0.28514027 0.33765537 0.11008698
v -0.28511857 0.33749645 0.11008546
v -0.20549233 -0.64422415 0.07702500
v -0.20527161 -0.64431070 0.07698579
v -0.18633200 -0.65267466 0.01820031
v -0.18640556 -0.65259505 0.01808279
v -0.14892424 -0.65855495 -0.02464173
v -0.14874295 -0.65857532 -0.02453855
v -0.10367171 -0.66239728 -0.04596138
v -0.10370671 -0.66233028 -0.04624115
v -0.23251299 -0.62657700 0.08812596
v -0.23271254 -0.62654497 0.08823775
v -0.25486379 -0.59272445 0.09730981
v -0.25492562 -0.59265103 0.09737443
v -0.27209357 -0.55225993 0.10456020
v -0.27214331 -0.55232147 0.10454439
v -0.28411691 -0.51520504 0.10970673
v -0.28403965 -0.51532853 0.10955971
v -0.29111010 -0.39118800 0.11243155
v -0.29124453 -0.39132456 0.11247206
v -0.29318429 -0.08973601 0.11340623
v -0.29319859 -0.08959657 0.11347396
v -0.29101205 0.21222091 0.11239155
v -0.29113135 0.21239586 0.11243889
v -0.15852167 -0.64429169 -0.15836709
v -0.15878850 -0.64443639 -0.15831747
v -0.15027885 -0.65275537 -0.11640652
v -0.15020821 -0.65257412 -0.11623463
v -0.13090847 -0.65868618 -0.07773838
v -0.13081782 -0.65871595 -0.07763131
v -0.20047350 -0.62679709 -0.15514602
v -0.20058038 -0.62680246 -0.15515544
v -0.23937401 -0.59288120 -0.14029992
v -0.23936347 -0.59268858 -0.14039561
v -0.27215761 -0.55239508 -0.11593526
v -0.27209244 -0.55234170 -0.11579652
v -0.29683257 -0.51537441 -0.08364628
v -0.29673009 -0.51529460 -0.08369489
v -0.31198667 -0.39117245 -0.04594138
v -0.31207839 -0.39121608 -0.04599445
v -0.31699035 -0.08975109 -0.00565381
v -0.31684063 -0.08957526 -0.00559028
v -0.31201291 0.21232171 0.03467139
v -0.31193637 0.21219650 0.03475006
v -0.29784459 0.33762042 0.07268519
v -0.29805865 0.33759047 0.07268604
v -0.28959105 0.33591291 0.07027842
v -0.28954976 0.33591588 0.07048660
v -0.30569113 0.21212160 -0.00557906
v -0.30565896 0.21211119 -0.00563227
v -0.29794073 -0.08959754 -0.08390891
v -0.29786308 -0.08959190 -0.08387931
v -0.28318745 -0.39106003 -0.12040679
v -0.28305027 -0.39101446 -0.12058140
v -0.23788086 -0.51365194 -0.18361897
v -0.23786675 -0.51361188 -0.18377141
v -0.17623207 -0.54913225 -0.22786581
v -0.17627012 -0.54907360 -0.22771948
v -0.07372554 -0.58837032 -0.25855286
v -0.07352547 -0.58832080 -0.25866376
v -0.00589221 -0.62020761 -0.24482465
v -0.00575013 -0.62006110 -0.24503234
v 0.04905553 -0.63606748 -0.21097586
v 0.04905615 -0.63616970 -0.21077937
v -0.06102934 -0.63622030 0.19965691
v -0.06108711 -0.63628468 0.19969273
v -0.09740454 -0.62017117 0.21530870
v -0.09753736 -0.62029021 0.21536613
v -0.14590119 -0.54901015 0.23679715
v -0.14588547 -0.54910310 0.23679422
v -0.18394117 -0.51345435 0.22646957
v -0.18398510 -0.51356640 0.22640775
v -0.21801390 -0.39103130 0.20649714
v -0.21798530 -0.39100651 0.20644157
v -0.24389722 -0.39098972 0.17690613
v -0.24383685 -0.39081780 0.17697673
v -0.26768297 -0.08968298 0.14558422
v -0.26769727 -0.08971526 0.14564826
v -0.28299309 0.21198342 0.10912218
v -0.28279905 0.21209624 0.10925794
v -0.21445149 -0.64440578 0.05021344
v -0.21459259 -0.64443317 0.05021113
v -0.18779904 -0.65266613 -0.00576618
v -0.18787107 -0.65257071 -0.00560260
v -0.14533787 -0.65865879 -0.04286539
v -0.14525670 -0.65876153 -0.04291281
v -0.17716008 -0.64429552 -0.13699784
v -0.17727241 -0.64442647 -0.13704574
v -0.16348504 -0.65252311 -0.09672281
v -0.16336707 -0.65260116 -0.09643639
v -0.13921274 -0.65868005 -0.06083271
v -0.13916652 -0.65866638 -0.06093154
v 0.08417266 -0.64409200 -0.16149014
v 0.08420673 -0.64407296 -0.16168030
v 0.10367684 -0.64417071 -0.14842624
v 0.10388210 -0.64403029 -0.14845934
v 0.12147648 -0.64404247 -0.13316745
v 0.12140238 -0.64413297 -0.13299842
v 0.13699117 -0.64405367 -0.11527450
v 0.13702126 -0.64419112 -0.11538425
v 0.15011624 -0.64415559 -0.09561970
v 0.15007958 -0.64404249 -0.09566066
v 0.16046072 -0.64392081 -0.07459606
v 0.16046547 -0.64411620 -0.07465484
v 0.16815939 -0.64405816 -0.05227026
v 0.16813512 -0.64417362 -0.05209053
v 0.17256562 -0.64404264 -0.02921462
v 0.17278293 -0.64422851 -0.02911899
v 0.17441744 -0.64400006 -0.00553203
v 0.17419658 -0.64400630 -0.00554151
v 0.17260386 -0.64416225 0.01799490
v 0.17280507 -0.64402571 0.01784281
v 0.16798709 -0.64403224 0.04108435
v 0.16812033 -0.64403695 0.04095562
v 0.16067027 -0.64416139 0.06329390
v 0.16053617 -0.64401538 0.06327860
v 0.15018691 -0.64410012 0.08446714
v 0.15004147 -0.64403074 0.08448225
v 0.13700588 -0.64400995 0.10401861
v 0.13695526 -0.64425305 0.10411896
v 0.12147004 -0.64410289 0.12161749
v 0.12149979 -0.64402322 0.12164614
v 0.10358556 -0.64404691 0.13712463
v 0.10383871 -0.64403781 0.13745195
v 0.08412726 -0.64400158 0.15035317
v 0.08404818 -0.64396724 0.15045185
v 0.06295341 -0.64420451 0.16085233
v 0.06302580 -0.64412773 0.16090128
v 0.04079203 -0.64392819 0.16836420
v 0.04073356 -0.64409889 0.16847142
v -0.30323822 0.21199073 0.03355770
v -0.30315672 0.21202590 0.03342401
v -0.30551316 -0.08974857 -0.04506379
v -0.30553754 -0.08958801 -0.04508689
v -0.25927873 -0.51366104 -0.15188394
v -0.25923298 -0.51347714 -0.15180330
v -0.20377196 -0.54908258 -0.20363431
v -0.20396079 -0.54910754 -0.20352665
v -0.13697254 -0.58833314 -0.23238319
v -0.13693529 -0.58834342 -0.23226610
v -0.10614643 -0.58836743 -0.24770164
v -0.10614003 -0.58820772 -0.24761583
v -0.03717277 -0.62014172 -0.24295638
v -0.03715773 -0.62019677 -0.24285206
v 0.02180340 -0.63607307 -0.21643526
v 0.02189832 -0.63606509 -0.21637867
v 0.06320041 -0.64403297 -0.17199960
v 0.06304161 -0.64402686 -0.17207736
v 0.01749089 -0.64406622 0.17293666
v 0.01740705 -0.64397474 0.17296084
v -0.00592503 -0.64408065 0.17457974
v -0.00576350 -0.64388605 0.17452968
v -0.02941476 -0.64395789 0.17294156
v -0.02934138 -0.64408765 0.17298429
v -0.05259903 -0.64405667 0.16828925
v -0.05270062 -0.64422159 0.16843638
v -0.08718212 -0.63610265 0.19069720
v -0.08738236 -0.63615517 0.19066846
v -0.12569617 -0.62008535 0.20157057
v -0.12563098 -0.62009219 0.20147678
v -0.13677628 -0.58830884 0.22109269
v -0.13672384 -0.58839797 0.22117546
v -0.17628229 -0.54897093 0.21654578
v -0.17642034 -0.54898251 0.21642421
v -0.21255079 -0.51343649 0.20130212
v -0.21254985 -0.51375610 0.20112232
v -0.26562338 -0.39102574 0.14441430
v -0.26565318 -0.39086176 0.14433112
v -0.28521202 -0.08967715 0.11018890
v -0.28516696 -0.08979768 0.11013283
v -0.29548918 0.21194504 0.07202910
v -0.29544831 0.21189436 0.07209977
v -0.30413119 0.21236062 0.07439090
v -0.30407980 0.21228748 0.07433427
v -0.21998655 -0.64434547 0.02262736
v -0.22011704 -0.64428954 0.02271328
v -0.18630271 -0.65250336 -0.02952504
v -0.18627660 -0.65253485 -0.02951263
v -0.24292011 -0.62661226 0.05796837
v -0.24297908 -0.62666936 0.05776057
v -0.26619321 -0.59275779 0.06406476
v -0.26628838 -0.59281593 0.06423517
v -0.28406373 -0.55220532 0.06892843
v -0.28423165 -0.55224867 0.06901264
v -0.29666510 -0.51529911 0.07239869
v -0.29686228 -0.51532864 0.07227707
v -0.30416620 -0.39129700 0.07439179
v -0.30413578 -0.39126303 0.07422416
v -0.30635235 -0.08977593 0.07493880
v -0.30634205 -0.08975940 0.07492220
v -0.19285615 -0.64415332 -0.11367956
v -0.19275709 -0.64428426 -0.11345075
v -0.17399030 -0.65260435 -0.07515298
v -0.17395495 -0.65260497 -0.07530676
v -0.21840947 -0.62682152 -0.12838304
v -0.21851783 -0.62680902 -0.12818785
v -0.25476244 -0.59259745 -0.10881638
v -0.25485624 -0.59271400 -0.10882672
v -0.28417752 -0.55239673 -0.08032837
v -0.28411238 -0.55249531 -0.08025090
v -0.30462121 -0.51531290 -0.04503528
v -0.30444235 -0.51531910 -0.04500262
v -0.31457468 -0.39126203 -0.00561292
v -0.31465903 -0.39124225 -0.00556801
v -0.31436988 -0.08977957 0.03502167
v -0.31429240 -0.08973835 0.03502860
v -0.30813007 -0.08962398 -0.00563844
v -0.30823312 -0.08957409 -0.00567931
v -0.29559675 -0.39107520 -0.08332295
v -0.29565209 -0.39097459 -0.08318438
v -0.27598254 -0.51341500 -0.11757026
v -0.27612226 -0.51355572 -0.11771019
v -0.22814228 -0.54906435 -0.17602451
v -0.22794661 -0.54913081 -0.17602451
v -0.16520255 -0.58836338 -0.21342333
v -0.16524969 -0.58837952 -0.21344853
v -0.06781581 -0.62022437 -0.23673448
v -0.06768877 -0.62021934 -0.23673139
v -0.00604443 -0.63620667 -0.21820751
v -0.00590916 -0.63622433 -0.21802268
v 0.04086398 -0.64404981 -0.17974612
v 0.04075705 -0.64408833 -0.17973067
v -0.07486307 -0.64412348 0.16077766
v -0.07483480 -0.64409740 0.16090489
v -0.11230598 -0.63612804 0.17832423
v -0.11228613 -0.63618006 0.17843366
v -0.16540346 -0.58818477 0.20210944
v -0.16532711 -0.58836458 0.20212210
v -0.20381421 -0.54904945 0.19240344
v -0.20391528 -0.54893208 0.19229469
v -0.23798589 -0.51353995 0.17231239
v -0.23779961 -0.51358983 0.17226302
v -0.25919400 -0.51345492 0.14054584
v -0.25924397 -0.51359141 0.14057526
v -0.28289373 -0.39095805 0.10919266
v -0.28310576 -0.39097289 0.10909905
v -0.29772590 -0.08974258 0.07253461
v -0.29800838 -0.08967455 0.07266488
v -0.22177692 -0.64428398 -0.00565099
v -0.22197701 -0.64434614 -0.00564516
v -0.18160564 -0.65259064 -0.05264163
v -0.18166311 -0.65258042 -0.05268132
v -0.20550019 -0.64423465 -0.08822639
v -0.20534379 -0.64439861 -0.08823180
v 0.06581530 -0.65007407 -0.12950969
v 0.06578983 -0.65004516 -0.12962234
v 0.08119220 -0.65005166 -0.11908961
v 0.08100079 -0.65007284 -0.11909532
v 0.09522836 -0.65008590 -0.10676174
v 0.09542175 -0.65009990 -0.10679105
v 0.10760287 -0.65003210 -0.09273369
v 0.10762372 -0.64993589 -0.09289063
v 0.11798400 -0.65010650 -0.07715075
v 0.11802219 -0.65009823 -0.07715097
v 0.12641127 -0.65001811 -0.06046133
v 0.12627853 -0.65006227 -0.06037391
v 0.13241957 -0.65010770 -0.04282507
v 0.13235128 -0.65008429 -0.04265543
v 0.13597248 -0.65011179 -0.02438262
v 0.13597436 -0.65002518 -0.02431991
v 0.13719954 -0.65012309 -0.00565493
v 0.13726329 -0.65005822 -0.00566515
v 0.13583884 -0.65009745 0.01302904
v 0.13599640 -0.64998682 0.01293735
v 0.13235175 -0.65004134 0.03147493
v 0.13225672 -0.65003947 0.03146163
v 0.12615483 -0.65013833 0.04912756
v 0.12625937 -0.65009641 0.04920258
v 0.11797822 -0.65000881 0.06594865
v 0.11798342 -0.64999647 0.06578726
v 0.10748732 -0.65008225 0.08139977
v 0.10763437 -0.65005428 0.08144029
v 0.09514482 -0.64999907 0.09559828
v 0.09526810 -0.65007273 0.09556651
v 0.08136719 -0.65011674 0.10779072
v 0.08125352 -0.65018325 0.10784544
v 0.06554367 -0.65006140 0.11834357
v 0.06563412 -0.65007252 0.11840244
v 0.04881912 -0.65000052 0.12657374
v 0.04895087 -0.65006073 0.12639895
v 0.03106278 -0.65004049 0.13246502
v 0.03110095 -0.65022431 0.13260163
v 0.01289246 -0.64997067 0.13612478
v 0.01276238 -0.64988151 0.13605172
v -0.30566944 -0.08962952 0.03391741
v -0.30554296 -0.08968472 0.03370861
v -0.30336441 -0.39093428 -0.04482876
v -0.30333819 -0.39099869 -0.04483522
v -0.24843932 -0.54905096 -0.14546662
v -0.24845497 -0.54893019 -0.14572303
v -0.19105220 -0.58835293 -0.19085475
v -0.19102921 -0.58828687 -0.19093454
v -0.12557612 -0.62008494 -0.21292335
v -0.12549426 -0.62018591 -0.21286297
v -0.09746155 -0.62015722 -0.22669991
v -0.09735783 -0.62004234 -0.22685222
v -0.03362142 -0.63609834 -0.21627600
v -0.03369370 -0.63595603 -0.21633613
v 0.01758382 -0.64399752 -0.18423240
v 0.01759404 -0.64408754 -0.18442990
v 0.04889131 -0.65000958 -0.13774160
v 0.04890613 -0.65002802 -0.13770765
v -0.00584725 -0.65013483 0.13745852
v -0.00592787 -0.65001689 0.13744532
v -0.02468025 -0.64994464 0.13617581
v -0.02445509 -0.65004198 0.13624360
v -0.04296667 -0.64992362 0.13249877
v -0.04295580 -0.65004478 0.13258879
v -0.06077979 -0.64998598 0.12663012
v -0.06071866 -0.65009252 0.12660607
v -0.09617024 -0.64416755 0.15031345
v -0.09599279 -0.64410489 0.15031519
v -0.13532938 -0.63611068 0.16294183
v -0.13530901 -0.63614145 0.16289143
v -0.15158814 -0.62018558 0.18424537
v -0.15175617 -0.62013280 0.18412381
v -0.19104719 -0.58825526 0.17953584
v -0.19102945 -0.58818793 0.17960272
v -0.22797615 -0.54916141 0.16484812
v -0.22806868 -0.54899059 0.16476377
v -0.27609647 -0.51353646 0.10628423
v -0.27623039 -0.51357283 0.10620175
v -0.29572869 -0.39108803 0.07196462
v -0.29569606 -0.39101189 0.07188111
v -0.24928877 -0.62677588 0.02643272
v -0.24925640 -0.62657061 0.02638664
v -0.21992593 -0.64419675 -0.03397196
v -0.21990885 -0.64432552 -0.03372127
v -0.27306082 -0.59261106 0.02957846
v -0.27317223 -0.59276530 0.02969486
v -0.29150909 -0.55215705 0.03200345
v -0.29149567 -0.55216730 0.03195353
v -0.30431416 -0.51526233 0.03379251
v -0.30438909 -0.51542784 0.03379445
v -0.31194616 -0.39127078 0.03460155
v -0.31196240 -0.39122534 0.03466294
v -0.23264388 -0.62665110 -0.09950262
v -0.23270813 -0.62668395 -0.09944829
v -0.21449258 -0.64412394 -0.06166207
v -0.21454297 -0.64423597 -0.06167134
v -0.26627329 -0.59273200 -0.07533052
v -0.26615734 -0.59273381 -0.07545748
v -0.29147769 -0.55232594 -0.04334683
v -0.29138657 -0.55218059 -0.04337523
v -0.30707353 -0.51541420 -0.00568935
v -0.30707951 -0.51534179 -0.00559625
v -0.30592886 -0.39099115 -0.00558583
v -0.30572145 -0.39094630 -0.00561203
v -0.28845125 -0.51356563 -0.08145267
v -0.28849695 -0.51336855 -0.08149967
v -0.26451196 -0.54901864 -0.11279882
v -0.26448154 -0.54900468 -0.11282542
v -0.21351951 -0.58834580 -0.16499386
v -0.21372581 -0.58816506 -0.16500021
v -0.15159986 -0.62002344 -0.19539998
v -0.15152760 -0.62010013 -0.19556110
v -0.06089937 -0.63620526 -0.21085604
v -0.06092589 -0.63609734 -0.21097088
v -0.00585147 -0.64411380 -0.18570327
v -0.00595178 -0.64406643 -0.18583520
v 0.03108935 -0.65011604 -0.14388409
v 0.03106216 -0.64998106 -0.14378030
v -0.07741951 -0.65003970 0.11827410
v -0.07747368 -0.64997171 0.11813323
v -0.11567697 -0.64401974 0.13737474
v -0.11549830 -0.64404116 0.13731689
v -0.17525546 -0.62012561 0.16367375
v -0.17516390 -0.62023556 0.16353618
v -0.21371117 -0.58836482 0.15360949
v -0.21361352 -0.58832908 0.15369658
v -0.24847121 -0.54902482 0.13432402
v -0.24835558 -0.54900610 0.13431368
v -0.26453630 -0.54910156 0.10146640
v -0.26450715 -0.54899937 0.10150292
v -0.28833784 -0.51355268 0.07007965
v -0.28852550 -0.51345860 0.07007221
v -0.30319249 -0.39082729 0.03349129
v -0.30328643 -0.39107811 0.03354396
v -0.25124237 -0.62674172 -0.00563483
v -0.25131745 -0.62665873 -0.00564838
v -0.24286709 -0.62657502 -0.06903477
v -0.24287341 -0.62662924 -0.06924680
v 0.04562716 -0.65360638 -0.09486354
v 0.04573571 -0.65374345 -0.09490191
v 0.05806785 -0.65368619 -0.08929738
v 0.05826670 -0.65373311 -0.08908980
v 0.06707931 -0.65376328 -0.07857138
v 0.06692351 -0.65372577 -0.07857037
v 0.07759235 -0.65360292 -0.06970401
v 0.07763081 -0.65369375 -0.06967238
v 0.08340893 -0.65374848 -0.05714843
v 0.08342995 -0.65377995 -0.05718461
v 0.09137245 -0.65371269 -0.04597059
v 0.09128949 -0.65382350 -0.04599199
v 0.09368650 -0.65374877 -0.03228081
v 0.09379198 -0.65385565 -0.03223509
v 0.09841425 -0.65359017 -0.01944199
v 0.09850116 -0.65371530 -0.01939179
v 0.09726606 -0.65354829 -0.00573101
v 0.09709882 -0.65368962 -0.00563515
v 0.09829936 -0.65375507 0.00816833
v 0.09831468 -0.65372409 0.00823314
v 0.09365772 -0.65374730 0.02115210
v 0.09363686 -0.65379373 0.02109365
v 0.09131997 -0.65362231 0.03470621
v 0.09139780 -0.65372887 0.03467202
v 0.08349446 -0.65377047 0.04606588
v 0.08337214 -0.65369283 0.04591303
v 0.07749442 -0.65355408 0.05848840
v 0.07753025 -0.65382670 0.05850631
v 0.06710118 -0.65379222 0.06735044
v 0.06684865 -0.65366492 0.06730697
v 0.05814909 -0.65383387 0.07774576
v 0.05824682 -0.65356163 0.07790648
v 0.04558201 -0.65372889 0.08357328
v 0.04571237 -0.65368701 0.08350729
v 0.03430166 -0.65371206 0.09158593
v 0.03438536 -0.65378087 0.09159674
v 0.02093778 -0.65376122 0.09390605
v 0.02082516 -0.65354956 0.09405549
v 0.00771231 -0.65362987 0.09864478
v 0.00781769 -0.65375373 0.09867664
v -0.00585175 -0.65364007 0.09766056
v -0.00595378 -0.65364165 0.09750383
v -0.29585226 -0.51352254 -0.04385978
v -0.29574097 -0.51358059 -0.04387393
v -0.23254598 -0.58829918 -0.13653818
v -0.23274955 -0.58830300 -0.13655941
v -0.17508596 -0.62019732 -0.17488912
v -0.17497805 -0.62022482 -0.17492145
v -0.11228471 -0.63596366 -0.18975277
v -0.11212800 -0.63622991 -0.18970409
v -0.08712792 -0.63607758 -0.20196489
v -0.08716626 -0.63601593 -0.20185687
v -0.02928920 -0.64403327 -0.18410878
v -0.02928749 -0.64404937 -0.18425614
v 0.01261836 -0.65001670 -0.14739072
v 0.01280966 -0.65013275 -0.14745753
v 0.03427167 -0.65376801 -0.10284189
v 0.03422021 -0.65382774 -0.10287753
v -0.01961964 -0.65378448 0.09862024
v -0.01974898 -0.65370659 0.09859848
v -0.03248200 -0.65369078 0.09401262
v -0.03264878 -0.65371325 0.09392076
v -0.04616123 -0.65383830 0.09164573
v -0.04613321 -0.65359977 0.09153195
v -0.05746286 -0.65351903 0.08383149
v -0.05763445 -0.65362342 0.08374083
v -0.09291249 -0.64999046 0.10783945
v -0.09299467 -0.65014674 0.10777422
v -0.13331990 -0.64398606 0.12175691
v -0.13333517 -0.64411199 0.12177032
v -0.15627582 -0.63602727 0.14456972
v -0.15614754 -0.63615320 0.14462944
v -0.19575133 -0.62010917 0.14015220
v -0.19585813 -0.62012695 0.14010873
v -0.23268487 -0.58840182 0.12534671
v -0.23268181 -0.58837502 0.12525321
v -0.27635924 -0.54908409 0.06675744
v -0.27632347 -0.54899315 0.06670482
v -0.29579708 -0.51340241 0.03270167
v -0.29598697 -0.51358567 0.03253375
v -0.24918156 -0.62668570 -0.03757558
v -0.24920485 -0.62666459 -0.03750050
v -0.27551519 -0.59267283 -0.00570555
v -0.27546600 -0.59268702 -0.00567423
v -0.29390034 -0.55225221 -0.00562739
v -0.29399290 -0.55234404 -0.00567536
v -0.27315644 -0.59277297 -0.04071236
v -0.27303078 -0.59275225 -0.04088183
v -0.29833053 -0.51368240 -0.00568161
v -0.29828764 -0.51372660 -0.00549788
v -0.27633608 -0.54892532 -0.07807120
v -0.27633088 -0.54902582 -0.07806137
v -0.24786033 -0.58820703 -0.10588099
v -0.24779976 -0.58832906 -0.10587202
v -0.19578414 -0.62010401 -0.15123049
v -0.19569801 -0.62007119 -0.15125777
v -0.13522741 -0.63616204 -0.17409300
v -0.13526666 -0.63594823 -0.17426753
v -0.05260693 -0.64424138 -0.17981060
v -0.05260959 -0.64398357 -0.17958865
v -0.00598737 -0.64996456 -0.14866859
v -0.00599978 -0.64997790 -0.14873372
v 0.02081212 -0.65371053 -0.10527721
v 0.02081255 -0.65363717 -0.10509177
v -0.07002003 -0.65364967 0.07798120
v -0.06996786 -0.65367362 0.07771832
v -0.10723786 -0.65002907 0.09556550
v -0.10710309 -0.64997865 0.09533611
v -0.17450378 -0.63605521 0.12360325
v -0.17452266 -0.63603395 0.12368197
v -0.21320978 -0.62015203 0.11406375
v -0.21330191 -0.62026698 0.11398288
v -0.24791484 -0.58821477 0.09456281
v -0.24795258 -0.58838721 0.09446408
v -0.25891064 -0.58836927 0.06212226
v -0.25876102 -0.58835426 0.06212723
v -0.28343120 -0.54896545 0.03080551
v -0.28344813 -0.54894870 0.03092078
v 0.02060681 -0.65507261 -0.07009278
v 0.02065193 -0.65491564 -0.07002525
v 0.03644069 -0.65482661 -0.06086805
v 0.03649788 -0.65499666 -0.06092003
v 0.04924973 -0.65509361 -0.04801497
v 0.04934446 -0.65491950 -0.04804450
v 0.05842506 -0.65506823 -0.03230813
v 0.05831792 -0.65475254 -0.03231262
v 0.06316497 -0.65486661 -0.01471334
v 0.06318792 -0.65488655 -0.01464924
v 0.06295573 -0.65489372 0.00325967
v 0.06321254 -0.65485493 0.00343019
v 0.05844979 -0.65491680 0.02098672
v 0.05833630 -0.65489348 0.02111413
v 0.04929931 -0.65499968 0.03674391
v 0.04913397 -0.65488018 0.03668629
v 0.03654572 -0.65485205 0.04944755
v 0.03644568 -0.65489353 0.04952639
v 0.02075863 -0.65488923 0.05870699
v 0.02088100 -0.65501185 0.05876958
v 0.00302661 -0.65477467 0.06326316
v 0.00315719 -0.65495644 0.06348918
v -0.01498602 -0.65496330 0.06339404
v -0.01504171 -0.65482439 0.06346239
v -0.28352233 -0.54887876 -0.04222163
v -0.28353611 -0.54898789 -0.04206263
v -0.21310930 -0.62010682 -0.12528551
v -0.21319165 -0.62022728 -0.12537407
v -0.15615883 -0.63610797 -0.15596382
v -0.15617488 -0.63611783 -0.15600669
v -0.09589416 -0.64420331 -0.16159408
v -0.09599234 -0.64405866 -0.16162866
v -0.07471720 -0.64415093 -0.17212005
v -0.07491223 -0.64397664 -0.17209746
v -0.02457262 -0.65009882 -0.14740959
v -0.02468426 -0.65018300 -0.14745225
v 0.00774646 -0.65371803 -0.10987298
v 0.00773235 -0.65380008 -0.11001089
v -0.03267087 -0.65503330 0.05868167
v -0.03246305 -0.65498471 0.05849364
v -0.04828962 -0.65488637 0.04965420
v -0.04841234 -0.65489813 0.04949783
v -0.07893442 -0.65366850 0.06714250
v -0.07890157 -0.65365750 0.06737312
v -0.11936755 -0.64993393 0.08135618
v -0.11940961 -0.65014154 0.08137169
v -0.14894713 -0.64420909 0.10396053
v -0.14889772 -0.64391815 0.10394890
v -0.19011240 -0.63606055 0.10071052
v -0.18997849 -0.63602874 0.10055738
v -0.22717181 -0.61996019 0.08578704
v -0.22718136 -0.62023944 0.08582971
v -0.26559764 -0.58841431 0.02857879
v -0.26546104 -0.58844736 0.02839489
v -0.28598791 -0.54895708 -0.00560343
v -0.28581192 -0.54912029 -0.00571528
v 0.02440068 -0.65482991 -0.05840506
v 0.02444437 -0.65504070 -0.05844229
v 0.03715518 -0.65497915 -0.04876004
v 0.03712504 -0.65492294 -0.04871161
v 0.04693648 -0.65472321 -0.03605506
v 0.04677590 -0.65497899 -0.03613122
v 0.05282228 -0.65499117 -0.02153489
v 0.05276484 -0.65509756 -0.02141530
v 0.05504961 -0.65491575 -0.00563310
v 0.05491363 -0.65492309 -0.00570568
v 0.05293225 -0.65475670 0.01013678
v 0.05277602 -0.65503388 0.01026691
v 0.04677147 -0.65493317 0.02482023
v 0.04689428 -0.65489848 0.02478064
v 0.03708700 -0.65485022 0.03744659
v 0.03695121 -0.65492516 0.03747693
v 0.02435300 -0.65504427 0.04697188
v 0.02453847 -0.65489968 0.04704358
v 0.00987293 -0.65494153 0.05323044
v 0.00979255 -0.65502864 0.05308951
v -0.00587955 -0.65481509 0.05540016
v -0.00589605 -0.65486859 0.05520060
v -0.25887159 -0.58837532 -0.07347910
v -0.25889935 -0.58831960 -0.07331533
v -0.22686065 -0.62016216 -0.09722260
v -0.22713107 -0.62013739 -0.09725930
v -0.17446173 -0.63620869 -0.13504463
v -0.17435715 -0.63615373 -0.13498146
v -0.11559751 -0.64401601 -0.14859268
v -0.11562453 -0.64406597 -0.14845178
v -0.04294144 -0.64999344 -0.14383493
v -0.04282243 -0.65001701 -0.14379657
v -0.00585081 -0.65380528 -0.10880557
v -0.00586842 -0.65372043 -0.10879035
v 0.00308795 -0.65487063 -0.07466232
v 0.00319978 -0.65493499 -0.07469735
v 0.00984692 -0.65499492 -0.06443907
v 0.00975516 -0.65496774 -0.06440786
v -0.02170194 -0.65498478 0.05323336
v -0.02159844 -0.65494243 0.05308446
v -0.03652417 -0.65491063 0.04696796
v -0.03636910 -0.65500618 0.04711966
v -0.08937953 -0.65353231 0.05852904
v -0.08935707 -0.65356924 0.05835128
v -0.16190500 -0.64403359 0.08440973
v -0.16174895 -0.64398747 0.08434696
v -0.20213315 -0.63605470 0.07556305
v -0.20239426 -0.63612275 0.07566736
v -0.23713615 -0.62024667 0.05623478
v -0.23708270 -0.62011646 0.05616746
v -0.24328218 -0.62015773 0.02554832
v -0.24318258 -0.62007747 0.02561495
v -0.26760877 -0.58831002 -0.00560354
v -0.26775627 -0.58831643 -0.00569396
v -0.00591607 -0.65473785 -0.00572052
v -0.00602754 -0.65476207 -0.00567659
v -0.00597184 -0.65492926 -0.00568792
v -0.00578073 -0.65495934 -0.00561473
v -0.00594562 -0.65484048 -0.00559423
v -0.00599914 -0.65499805 -0.00563393
v -0.00603329 -0.65484782 -0.00546306
v -0.00608997 -0.65491852 -0.00572351
v -0.00582311 -0.65487203 -0.00578149
v -0.00605906 -0.65484479 -0.00555024
v -0.00585168 -0.65497023 -0.00562379
v -0.00584354 -0.65497733 -0.00560581
v -0.00578603 -0.65483434 -0.00572660
v -0.00593527 -0.65482858 -0.00559408
v -0.00583328 -0.65482494 -0.00572433
v -0.00604604 -0.65488294 -0.00578511
v -0.00584202 -0.65499408 -0.00562943
v -0.00602479 -0.65490824 -0.00555787
v -0.00593873 -0.65496023 -0.00574375
v -0.00586573 -0.65494910 -0.00574133
v -0.00606170 -0.65498520 -0.00560202
v -0.00600657 -0.65491637 -0.00564262
v -0.00605926 -0.65483259 -0.00567875
v -0.00598321 -0.65492066 -0.00564223
v -0.00586979 -0.65498504 -0.00570857
v -0.00602431 -0.65499644 -0.00547386
v -0.00603395 -0.65485086 -0.00560038
v -0.00609111 -0.65501344 -0.00563821
v -0.00588688 -0.65496580 -0.00564648
v -0.00593156 -0.65505640 -0.00550692
v -0.00596237 -0.65483287 -0.00561940
v -0.00592198 -0.65482665 -0.00572237
v -0.00586819 -0.65496581 -0.00551611
v -0.00599081 -0.65472082 -0.00562500
v -0.00590950 -0.65483931 -0.00558593
v -0.00597881 -0.65500853 -0.00567527
v -0.00584648 -0.65497977 -0.00561762
v -0.00590506 -0.65483772 -0.00569889
v -0.00591968 -0.65494628 -0.00570714
v -0.00585556 -0.65495417 -0.00568787
v -0.00593449 -0.65499329 -0.00548098
v -0.00584757 -0.65488278 -0.00567388
v -0.00585370 -0.65489288 -0.00570805
v -0.00593854 -0.65479941 -0.00557844
v -0.26552561 -0.58825670 -0.03976987
v -0.26555011 -0.58832179 -0.03984260
v -0.18985081 -0.63600175 -0.11196956
v -0.18981996 -0.63616765 -0.11193986
v -0.13329634 -0.64391484 -0.13305583
v -0.13321847 -0.64404604 -0.13304394
v -0.07747967 -0.65009950 -0.12970307
v -0.07749259 -0.65008319 -0.12954175
v -0.06081945 -0.64984980 -0.13794805
v -0.06073896 -0.65013062 -0.13776156
v -0.01960229 -0.65351051 -0.10993455
v -0.01965111 -0.65359550 -0.10995471
v -0.00599703 -0.65493688 -0.00553117
v -0.00603119 -0.65494576 -0.00578668
v -0.00594677 -0.65477988 -0.00554616
v -0.00590531 -0.65485591 -0.00573812
v -0.00602361 -0.65476599 -0.00567688
v -0.00589501 -0.65479019 -0.00566230
v -0.00606015 -0.65484668 -0.00574420
v -0.00600579 -0.65479155 -0.00554615
v -0.00576526 -0.65500300 -0.00570386
v -0.00592297 -0.65480095 -0.00579125
v -0.04899777 -0.65485881 0.03752751
v -0.04897101 -0.65479093 0.03740895
v -0.06126151 -0.65497427 0.03681144
v -0.06126093 -0.65498962 0.03682527
v -0.09528428 -0.65352169 0.04579782
v -0.09531646 -0.65358130 0.04593022
v -0.13003586 -0.64998679 0.06596150
v -0.12988606 -0.64998692 0.06591602
v -0.17228194 -0.64390666 0.06319830
v -0.17237404 -0.64404056 0.06347756
v -0.21108622 -0.63606341 0.04936632
v -0.21128140 -0.63619525 0.04930785
v -0.24507489 -0.62023996 -0.00559429
v -0.24530772 -0.62003154 -0.00579527
v -0.23698956 -0.62005091 -0.06757072
v -0.23714183 -0.61997975 -0.06748632
v -0.20235603 -0.63606807 -0.08711578
v -0.20224588 -0.63606891 -0.08703042
v -0.14873990 -0.64411373 -0.11541458
v -0.14901877 -0.64400804 -0.11527141
v -0.09300677 -0.65001229 -0.11913530
v -0.09290812 -0.64983202 -0.11930371
v -0.03260288 -0.65369104 -0.10528916
v -0.03265907 -0.65380110 -0.10527105
v -0.01504019 -0.65495004 -0.07467014
v -0.01505258 -0.65497138 -0.07464382
v -0.00588038 -0.65498597 -0.06659858
v -0.00591563 -0.65480427 -0.06651670
v -0.00584061 -0.65490813 -0.00571946
v -0.00580366 -0.65477064 -0.00556089
v -0.00590298 -0.65489283 -0.00575661
v -0.00607923 -0.65503280 -0.00565469
v -0.13805171 -0.65010595 0.04910740
v -0.13823092 -0.64997705 0.04918581
v -0.17983011 -0.64408553 0.04108831
v -0.17985836 -0.64402430 0.04098665
v -0.21651385 -0.63609870 0.02199605
v -0.21661291 -0.63620621 0.02201714
v -0.21847132 -0.63613656 -0.00574734
v -0.21848680 -0.63602315 -0.00565375
v -0.24309814 -0.62023919 -0.03705212
v -0.24304066 -0.62000465 -0.03691278
v -0.16200116 -0.64395763 -0.09571656
v -0.16196724 -0.64398915 -0.09566545
v -0.10711198 -0.64987265 -0.10667777
v -0.10710591 -0.64993716 -0.10686101
v -0.05744797 -0.65356393 -0.09496840
v -0.05762372 -0.65366015 -0.09514707
v -0.04613362 -0.65369351 -0.10291259
v -0.04632722 -0.65370767 -0.10292828
v -0.00587525 -0.65483282 -0.00551441
v -0.00589649 -0.65498062 -0.00567704
v -0.00607211 -0.65488477 -0.00564882
v -0.00594449 -0.65494386 -0.00564568
v -0.05876611 -0.65472899 0.02469240
v -0.05850019 -0.65492128 0.02483924
v -0.10319103 -0.65380051 0.03462371
v -0.10333069 -0.65365717 0.03451511
v -0.14412642 -0.64990460 0.03137607
v -0.14420543 -0.65004871 0.03139908
v -0.18446831 -0.64393014 0.01795065
v -0.18452227 -0.64399397 0.01798786
v -0.21669259 -0.63600933 -0.03333220
v -0.21659159 -0.63616243 -0.03340293
v -0.21125660 -0.63621772 -0.06078806
v -0.21139473 -0.63620693 -0.06066894
v -0.17223291 -0.64397731 -0.07454757
v -0.17233269 -0.64409572 -0.07447227
v -0.11944818 -0.65005436 -0.09267975
v -0.11950483 -0.65005504 -0.09269848
v -0.06995225 -0.65366554 -0.08924991
v -0.07012005 -0.65380277 -0.08904130
v -0.03271182 -0.65491441 -0.07013166
v -0.03248930 -0.65495352 -0.07004733
v -0.02150290 -0.65495180 -0.06447873
v -0.02158380 -0.65481781 -0.06446929
v -0.00593624 -0.65494717 -0.00552282
v -0.00592580 -0.65472378 -0.00553308
v -0.00604454 -0.65483296 -0.00566083
v -0.00604024 -0.65488533 -0.00554264
v -0.07012683 -0.65492616 0.02090842
v -0.07017613 -0.65478507 0.02091182
v -0.10570983 -0.65365423 0.02108766
v -0.10547087 -0.65377003 0.02115283
v -0.14796746 -0.65015688 0.01312477
v -0.14791008 -0.64987740 0.01304186
v -0.18614766 -0.64412431 -0.00565476
v -0.18605549 -0.64406394 -0.00559677
v -0.18445690 -0.64397023 -0.02916636
v -0.18448746 -0.64406361 -0.02923085
v -0.12972145 -0.65000613 -0.07733508
v -0.12972056 -0.64999784 -0.07716855
v -0.07880483 -0.65352700 -0.07868063
v -0.07887476 -0.65368430 -0.07858304
v -0.04834278 -0.65502371 -0.06103796
v -0.04822299 -0.65483890 -0.06073556
v -0.00604687 -0.65490026 -0.00560177
v -0.00577676 -0.65493091 -0.00566012
v -0.00591250 -0.65487940 -0.00560396
v -0.00597159 -0.65490034 -0.00570096
v -0.11028653 -0.65374973 0.00805470
v -0.11028846 -0.65355877 0.00800680
v -0.14903297 -0.64996017 -0.00573214
v -0.14900837 -0.64992887 -0.00567085
v -0.17988453 -0.64397717 -0.05223506
v -0.17983160 -0.64386875 -0.05225411
v -0.13801999 -0.64997274 -0.06045555
v -0.13821862 -0.65014430 -0.06034948
v -0.08937496 -0.65369595 -0.06978387
v -0.08947296 -0.65365764 -0.06980834
v -0.03638417 -0.65482780 -0.05835692
v -0.03635479 -0.65486487 -0.05817376
v -0.00595262 -0.65491311 -0.00556268
v -0.00593907 -0.65476361 -0.00569224
v -0.00592430 -0.65482777 -0.00583337
v -0.06456030 -0.65486390 0.01007566
v -0.06475625 -0.65481658 0.01010048
v -0.00588529 -0.65495322 -0.00548548
v -0.07506558 -0.65497578 0.00359422
v -0.07507859 -0.65491178 0.00342459
v -0.10916651 -0.65371378 -0.00563277
v -0.10907645 -0.65368186 -0.00573966
v -0.14769900 -0.65005824 -0.02447039
v -0.14769906 -0.65004198 -0.02423425
v -0.14401005 -0.65004564 -0.04266948
v -0.14412051 -0.65013208 -0.04270319
v -0.09520583 -0.65367522 -0.05720474
v -0.09527034 -0.65358094 -0.05727890
v -0.06110379 -0.65476118 -0.04806246
v -0.06132661 -0.65487674 -0.04801209
v -0.04901713 -0.65479455 -0.04870138
v -0.04891854 -0.65489554 -0.04857954
v -0.00591634 -0.65498530 -0.00564150
v -0.00595907 -0.65486339 -0.00568111
v -0.00590936 -0.65483170 -0.00574714
v -0.00595330 -0.65481681 -0.00568338
v -0.00600623 -0.65484556 -0.00562543
v -0.00604352 -0.65500891 -0.00550619
v -0.11013481 -0.65366795 -0.01937556
v -0.11017575 -0.65361642 -0.01943012
v -0.10310341 -0.65357597 -0.04589106
v -0.10320415 -0.65372179 -0.04595786
v -0.00609947 -0.65485736 -0.00574336
v -0.00580622 -0.65485321 -0.00558193
v -0.00578833 -0.65478818 -0.00558944
v -0.06679201 -0.65488841 -0.00561483
v -0.06682720 -0.65472551 -0.00555873
v -0.00597107 -0.65484069 -0.00574076
v -0.07480795 -0.65478595 -0.01476206
v -0.07501335 -0.65505450 -0.01456236
v -0.10553648 -0.65353566 -0.03241815
v -0.10566777 -0.65362461 -0.03217681
v -0.07019739 -0.65489595 -0.03232961
v -0.07018551 -0.65484842 -0.03232658
v -0.05852529 -0.65491087 -0.03594841
v -0.05864543 -0.65499170 -0.03619446
v -0.00590571 -0.65484595 -0.00555869
v -0.00599617 -0.65491723 -0.00576696
v -0.00578539 -0.65482990 -0.00554965
v -0.00593502 -0.65478717 -0.00554813
v -0.00597271 -0.65489813 -0.00563916
v -0.00590108 -0.65484849 -0.00550005
v -0.00587427 -0.65491904 -0.00581034
v -0.06484391 -0.65499551 -0.02145040
v -0.06472302 -0.65500172 -0.02139125
v -0.00591555 -0.65496686 -0.00552671
v -0.00594356 -0.65473204 -0.00580350
v -0.00599445 -0.65504160 -0.00553088
v -0.00581484 -0.65494684 -0.00578186
v -0.00602348 -0.65476418 -0.00564985
vn 0.713191066070214 0.567337573009137 -0.41168748041412895
vn 0.6281189304374475 0.6884912333629744 -0.36255541756874515
vn 0.7608243991834033 0.5673304993910814 -0.31509099966181114
vn -0.7608243991834033 -0.5673304993910814 0.31509099966181114
vn -0.6281189304374475 -0.6884912333629744 0.36255541756874515
vn -0.713191066070214 -0.567337573009137 0.41168748041412895
vn 0.8494510027245036 0.39326510126134673 -0.3518175011284088
vn -0.8494510027245036 -0.39326510126134673 0.3518175011284088
vn 0.5754269786186617 0.6884986744172179 -0.4414219835979312
vn -0.5754269786186617 -0.6884986744172179 0.4414219835979312
vn 0.6700734287097757 0.6884774294983084 -0.2774895118892366
vn -0.6700734287097757 -0.6884774294983084 0.2774895118892366
vn 0.8881060259741487 0.3932563115014398 -0.23794360695905942
vn -0.8881060259741487 -0.3932563115014398 0.23794360695905942
vn 0.7962632129539723 0.3932769063980078 -0.4596718074781502
vn -0.7962632129539723 -0.3932769063980078 0.4596718074781502
vn 0.5443684201975685 0.7275213269930463 -0.41758321549348787
vn -0.5443684201975685 -0.7275213269930463 0.41758321549348787
vn 0.6533527248609831 0.5673546215886354 -0.5012374190727832
vn -0.6533527248609831 -0.5673546215886354 0.5012374190727832
vn 0.5942073127531002 0.7275220156143505 -0.34297140736098086
vn -0.5942073127531002 -0.7275220156143505 0.34297140736098086
vn 0.795446584758297 0.5673190891294912 -0.21310509591665264
vn -0.795446584758297 -0.5673190891294912 0.21310509591665264
vn 0.9503944821117798 0.1786207966380191 -0.2546466952070679
vn -0.9503944821117798 -0.1786207966380191 0.2546466952070679
vn 0.9090256918598068 0.17863209840037553 -0.37651409662837093
vn -0.9090256918598068 -0.17863209840037553 0.37651409662837093
vn 0.48519820966599025 0.727546514493989 -0.4850348096627348
vn -0.48519820966599025 -0.727546514493989 0.4850348096627348
vn 0.5128853259850819 0.688517134883381 -0.512730725977249
vn -0.5128853259850819 -0.688517134883381 0.512730725977249
vn 0.633903595211226 0.7275011945041505 -0.2625037980169359
vn -0.633903595211226 -0.7275011945041505 0.2625037980169359
vn 0.700557791585569 0.6884749917306959 -0.18767249774585704
vn -0.700557791585569 -0.6884749917306959 0.18767249774585704
vn 0.9755017629196764 0.17861719321048558 -0.12842199511848226
vn -0.9755017629196764 -0.17861719321048558 0.12842199511848226
vn 0.9115667491322367 0.393251121195713 -0.1199984064677546
vn -0.9115667491322367 -0.393251121195713 0.1199984064677546
vn 0.8521045278259766 0.17864290583368966 -0.49193961606457864
vn -0.8521045278259766 -0.17864290583368966 0.49193961606457864
vn 0.7294525942010087 0.3932919968734133 -0.5596608955508161
vn -0.7294525942010087 -0.3932919968734133 0.5596608955508161
vn 0.5071628315646771 0.6969436433762092 -0.5070063315549367
vn -0.5071628315646771 -0.6969436433762092 0.5070063315549367
vn 0.5690199268768203 0.6969077329174131 -0.4365042206176355
vn -0.5690199268768203 -0.6969077329174131 0.4365042206176355
vn 0.5823414114607819 0.567367011166078 -0.5822140114582744
vn -0.5823414114607819 -0.567367011166078 0.5822140114582744
vn 0.6211098859494448 0.6969180842345354 -0.3585075918899523
vn -0.6211098859494448 -0.6969180842345354 0.3585075918899523
vn 0.8164558192771222 0.5673180133947954 -0.1074717025374858
vn -0.8164558192771222 -0.5673180133947954 0.1074717025374858
vn 0.9910348279991086 0.028760780812561004 -0.13047140368612978
vn -0.9910348279991086 -0.028760780812561004 0.13047140368612978
vn 0.9655264990565056 0.02876734997188914 -0.2587102997471931
vn -0.9655264990565056 -0.02876734997188914 0.2587102997471931
vn 0.9234978803211366 0.028775949386811914 -0.3825226918488045
vn -0.9234978803211366 -0.028775949386811914 0.3825226918488045
vn 0.43666077794372976 0.6969374647968359 -0.5688633712660148
vn -0.43666077794372976 -0.6969374647968359 0.5688633712660148
vn 0.4177466044599338 0.7275497077674444 -0.544205105810026
vn -0.4177466044599338 -0.7275497077674444 0.544205105810026
vn 0.44157662571333 0.6885287400935325 -0.5752723334985287
vn -0.44157662571333 -0.6885287400935325 0.5752723334985287
vn 0.6626120008001403 0.6968867008415289 -0.2743980003313504
vn -0.6626120008001403 -0.6968867008415289 0.2743980003313504
vn 0.6627333027488653 0.7275066030175301 -0.1775351007363746
vn -0.6627333027488653 -0.7275066030175301 0.1775351007363746
vn 0.7190661006588479 0.6884664006308108 -0.09464649008672014
vn -0.7190661006588479 -0.6884664006308108 0.09464649008672014
vn 0.9995863540269034 0.02875970867728 0
vn -0.9995863540269034 -0.02875970867728 0
vn 0.9839193492700676 0.17861330894411703 0
vn -0.9839193492700676 -0.17861330894411703 0
vn 0.9194319220487821 0.3932492094304602 0
vn -0.9194319220487821 -0.3932492094304602 0
vn 0.8656680511616506 0.028789781701498453 -0.49978992953797097
vn -0.8656680511616506 -0.028789781701498453 0.49978992953797097
vn 0.7806037150661397 0.1786609034482673 -0.5989475115600614
vn -0.7806037150661397 -0.1786609034482673 0.5989475115600614
vn 0.6501623993567749 0.3933096996108871 -0.6500740993568621
vn -0.6501623993567749 -0.3933096996108871 0.6500740993568621
vn 0.5360303065735594 0.47420220581533623 -0.6984295085651273
vn -0.5360303065735594 -0.47420220581533623 0.6984295085651273
vn 0.6225908501260513 0.47422976201082834 -0.6224843501345828
vn -0.6225908501260513 -0.47422976201082834 0.6224843501345828
vn 0.6985360091651662 0.4741657062213078 -0.5359238070316069
vn -0.6985360091651662 -0.4741657062213078 0.5359238070316069
vn 0.501364798595033 0.567388798410015 -0.6532252981694763
vn -0.501364798595033 -0.567388798410015 0.6532252981694763
vn 0.762491026176203 0.47419831627915743 -0.440162915110727
vn -0.762491026176203 -0.47419831627915743 0.440162915110727
vn 0.8235023934739083 0.5673127955041596 0
vn -0.8235023934739083 -0.5673127955041596 0
vn 0.9999999488710409 -0.00031977791562788036 0
vn -0.9999999488710409 0.00031977791562788036 0
vn 0.9914448092380574 -0.00031785370296165963 -0.13052620121621347
vn -0.9914448092380574 0.00031785370296165963 0.13052620121621347
vn 0.965925788751931 -0.00031212669636527135 -0.25881899698608946
vn -0.965925788751931 0.00031212669636527135 0.25881899698608946
vn 0.9238794968716223 -0.0003026820989749936 -0.3826833987041836
vn -0.9238794968716223 0.0003026820989749936 0.3826833987041836
vn 0.4402694071994836 0.4742707077554883 -0.7623845124668547
vn -0.4402694071994836 -0.4742707077554883 0.7623845124668547
vn 0.3586640999767998 0.6969769999549161 -0.6209533999598335
vn -0.3586640999767998 -0.6969769999549161 0.6209533999598335
vn 0.3431348044187511 0.7275784093694603 -0.5940439076498567
vn -0.3431348044187511 -0.7275784093694603 0.5940439076498567
vn 0.36271001625754645 0.6885508308625258 -0.6279643281468908
vn -0.36271001625754645 -0.6885508308625258 0.6279643281468908
vn 0.8134448877309493 0.4741398928486288 -0.33689579491865795
vn -0.8134448877309493 -0.4741398928486288 0.33689579491865795
vn 0.6927399991812367 0.6969019991763176 -0.1855771997806624
vn -0.6927399991812367 -0.6969019991763176 0.1855771997806624
vn 0.6802503946732907 0.7274907943033742 -0.08953515929889365
vn -0.6802503946732907 -0.7274907943033742 0.08953515929889365
vn 0.7252653944975855 0.688469394776748 0
vn -0.7252653944975855 -0.688469394776748 0
vn 0.9914448092380574 -0.0003178537029617176 0.13052620121621347
vn -0.9914448092380574 0.0003178537029617176 -0.13052620121621347
vn 0.9910348279991086 0.028760780812560942 0.13047140368612978
vn -0.9910348279991086 -0.028760780812560942 -0.13047140368612978
vn 0.9755017629196764 0.17861719321048553 0.12842199511848235
vn -0.9755017629196764 -0.17861719321048553 -0.12842199511848235
vn 0.9115667491322367 0.393251121195713 0.11999840646775477
vn -0.9115667491322367 -0.393251121195713 -0.11999840646775477
vn 0.866025366498673 -0.0002896943887933507 -0.49999998065799983
vn -0.866025366498673 0.0002896943887933507 0.49999998065799983
vn 0.7930265164607732 0.028805240597907678 -0.6085057126306931
vn -0.7930265164607732 -0.028805240597907678 0.6085057126306931
vn 0.6957477886147381 0.17867799707610182 -0.6957076886153942
vn -0.6957477886147381 -0.17867799707610182 0.6957076886153942
vn 0.5597491953593602 0.39333009673906955 -0.7293642939531543
vn -0.5597491953593602 -0.39333009673906955 0.7293642939531543
vn 0.6012902710311883 0.1564178924641382 -0.7835709622493149
vn -0.6012902710311883 -0.1564178924641382 0.7835709622493149
vn 0.6984217148122187 0.1564073033171066 -0.6983866148114741
vn -0.6984217148122187 -0.1564073033171066 0.6983866148114741
vn 0.7836061195561329 0.15637690390263367 -0.6012551150052746
vn -0.7836061195561329 -0.15637690390263367 0.6012551150052746
vn 0.8553805195762944 0.15637210357874232 -0.4938339113019151
vn -0.8553805195762944 -0.15637210357874232 0.4938339113019151
vn 0.41181490329965453 0.5674053045463182 -0.7130636057134006
vn -0.41181490329965453 -0.5674053045463182 0.7130636057134006
vn 0.9125228238794085 0.15634800409140226 -0.37796480989079495
vn -0.9125228238794085 -0.15634800409140226 0.37796480989079495
vn 0.8164558192771222 0.5673180133947954 0.10747170253748604
vn -0.8164558192771222 -0.5673180133947954 -0.10747170253748604
vn 0.9908424073686077 -0.03485210025918499 0.13044790097010323
vn -0.9908424073686077 0.03485210025918499 -0.13044790097010323
vn 0.9993923813041862 -0.03485495934796198 0
vn -0.9993923813041862 0.03485495934796198 0
vn 0.9908424073686077 -0.03485210025918493 -0.13044790097010323
vn -0.9908424073686077 0.03485210025918493 0.13044790097010323
vn 0.9653386438772312 -0.034847311583903744 -0.2586638117569642
vn -0.9653386438772312 0.034847311583903744 0.2586638117569642
vn 0.9233176053166781 -0.03483694020059914 -0.3824539022022588
vn -0.9233176053166781 0.03483694020059914 0.3824539022022588
vn 0.4938690132721373 0.15645320420449235 -0.8553454229863822
vn -0.4938690132721373 -0.15645320420449235 0.8553454229863822
vn 0.33700229574038193 0.4742468940056475 -0.8133383897196222
vn -0.33700229574038193 -0.4742468940056475 0.8133383897196222
vn 0.27455458144798783 0.6969738529045654 -0.6624554552370183
vn -0.27455458144798783 -0.6969738529045654 0.6624554552370183
vn 0.2626672126484602 0.7275845350360595 -0.6337402305170865
vn -0.2626672126484602 -0.7275845350360595 0.6337402305170865
vn 0.2776440957851392 0.6885655895470204 -0.6699187898300936
vn -0.2776440957851392 -0.6885655895470204 0.6699187898300936
vn 0.8504359194321294 0.47417861083479657 -0.22784510520617174
vn -0.8504359194321294 -0.47417861083479657 0.22784510520617174
vn 0.7110588101759188 0.6968758099729467 -0.09359206133939006
vn -0.7110588101759188 -0.6968758099729467 0.09359206133939006
vn 0.6861061983943743 0.7275013982975013 0
vn -0.6861061983943743 -0.7275013982975013 0
vn 0.7190661006588478 0.6884664006308107 0.09464649008672046
vn -0.7190661006588478 -0.6884664006308107 -0.09464649008672046
vn 0.9653386438772312 -0.034847311583903855 0.2586638117569642
vn -0.9653386438772312 0.034847311583903855 -0.2586638117569642
vn 0.965925788751931 -0.0003121266963653863 0.25881899698608946
vn -0.965925788751931 0.0003121266963653863 -0.25881899698608946
vn 0.9655264990565056 0.02876734997188903 0.2587102997471931
vn -0.9655264990565056 -0.02876734997188903 -0.2587102997471931
vn 0.9503944821117798 0.17862079663801897 0.254646695207068
vn -0.9503944821117798 -0.17862079663801897 -0.254646695207068
vn 0.8881060259741487 0.39325631150143964 0.23794360695905956
vn -0.8881060259741487 -0.39325631150143964 -0.23794360695905956
vn 0.8654981328858433 -0.0348248913232216 -0.4997001189868229
vn -0.8654981328858433 0.0348248913232216 0.4997001189868229
vn 0.7933533097250866 -0.0002733729033509256 -0.6087614074623214
vn -0.7933533097250866 0.0002733729033509256 0.6087614074623214
vn 0.7068162002953671 0.028825450012045842 -0.7068097002953643
vn -0.7068162002953671 -0.028825450012045842 0.7068097002953643
vn 0.5989876071334602 0.1787017021281936 -0.7805636092958844
vn -0.5989876071334602 -0.1787017021281936 0.7805636092958844
vn 0.4597601157403982 0.3933524134668569 -0.7961749272579328
vn -0.4597601157403982 -0.3933524134668569 0.7961749272579328
vn 0.6085428644715677 0.02702850842200035 -0.7930605536989096
vn -0.6085428644715677 -0.02702850842200035 0.7930605536989096
vn 0.4998215016962827 0.027054190091816074 -0.8657058029380124
vn -0.4998215016962827 -0.027054190091816074 0.8657058029380124
vn 0.706851896688208 0.027007699873461792 -0.7068457966882365
vn -0.706851896688208 -0.027007699873461792 0.7068457966882365
vn 0.7930666113104281 0.02698708038488008 -0.6085368086787311
vn -0.7930666113104281 -0.02698708038488008 0.6085368086787311
vn 0.8657118488173073 0.026972028405357458 -0.4998154704498655
vn -0.8657118488173073 -0.026972028405357458 0.4998154704498655
vn 0.31521839191087836 0.5674305854386195 -0.7606969804790247
vn -0.31521839191087836 -0.5674305854386195 0.7606969804790247
vn 0.9540489756665758 0.15634989601222957 -0.25562719348011986
vn -0.9540489756665758 -0.15634989601222957 0.25562719348011986
vn 0.795446584758297 0.567319089129491 0.2131050959166529
vn -0.795446584758297 -0.567319089129491 -0.2131050959166529
vn 0.946742693158558 -0.19829069856709292 0.25369089816675466
vn -0.946742693158558 0.19829069856709292 -0.25369089816675466
vn 0.971755527931704 -0.19829920569982326 0.12793990367744704
vn -0.971755527931704 0.19829920569982326 -0.12793990367744704
vn 0.9801417351860452 -0.19829820711869459 0
vn -0.9801417351860452 0.19829820711869459 0
vn 0.971755527931704 -0.19829920569982318 -0.12793990367744712
vn -0.971755527931704 0.19829920569982318 0.12793990367744712
vn 0.946742693158558 -0.19829069856709283 -0.2536908981667547
vn -0.946742693158558 0.19829069856709283 0.2536908981667547
vn 0.9055289802467322 -0.19828429567461345 -0.37510079181752715
vn -0.9055289802467322 0.19828429567461345 0.37510079181752715
vn 0.37799990716776655 0.15646800296700125 -0.9124877173029116
vn -0.37799990716776655 -0.15646800296700125 0.9124877173029116
vn 0.382548293526327 0.027079259541751464 -0.9235385843714194
vn -0.382548293526327 -0.027079259541751464 0.9235385843714194
vn 0.22795160398624903 0.47431840829452954 -0.8503294148699316
vn -0.22795160398624903 -0.47431840829452954 0.8503294148699316
vn 0.18573370582854856 0.6970158218732004 -0.6925835217341092
vn -0.18573370582854856 -0.6970158218732004 0.6925835217341092
vn 0.17769850487529093 0.7276155199626743 -0.6625699181780995
vn -0.17769850487529093 -0.7276155199626743 0.6625699181780995
vn 0.9235446678692081 0.02695777906211931 -0.3825421866910786
vn -0.9235446678692081 -0.02695777906211931 0.3825421866910786
vn 0.18782710113798243 0.6885901041719403 -0.7004032042435118
vn -0.18782710113798243 -0.6885901041719403 0.7004032042435118
vn 0.8729261133720628 0.4741265072629851 -0.11490890176025087
vn -0.8729261133720628 -0.4741265072629851 0.11490890176025087
vn 0.7171717075327628 0.6968965073198038 0
vn -0.7171717075327628 -0.6968965073198038 0
vn 0.6802503946732906 0.727490794303374 0.08953515929889395
vn -0.6802503946732906 -0.727490794303374 -0.08953515929889395
vn 0.700557791585569 0.6884749917306958 0.18767249774585737
vn -0.700557791585569 -0.6884749917306958 -0.18767249774585737
vn 0.9055289802467322 -0.19828429567461361 0.375100791817527
vn -0.9055289802467322 0.19828429567461361 -0.375100791817527
vn 0.9233176053166781 -0.03483694020059931 0.3824539022022588
vn -0.9233176053166781 0.03483694020059931 -0.3824539022022588
vn 0.9238794968716223 -0.0003026820989751635 0.3826833987041836
vn -0.9238794968716223 0.0003026820989751635 -0.3826833987041836
vn 0.9234978803211366 0.028775949386811744 0.3825226918488045
vn -0.9234978803211366 -0.028775949386811744 -0.3825226918488045
vn 0.9090256918598068 0.1786320984003754 0.37651409662837093
vn -0.9090256918598068 -0.1786320984003754 -0.37651409662837093
vn 0.8494510027245037 0.3932651012613466 0.351817501128409
vn -0.8494510027245037 -0.3932651012613466 -0.351817501128409
vn 0.8488216821272363 -0.19826879582525808 -0.49009308968061477
vn -0.8488216821272363 0.19826879582525808 0.49009308968061477
vn 0.7928697036336625 -0.034807640159520675 -0.6083963027882346
vn -0.7928697036336625 0.034807640159520675 0.6083963027882346
vn 0.7071067083749515 -0.00025400970300832655 -0.7071068083749528
vn -0.7071067083749515 0.00025400970300832655 0.7071068083749528
vn 0.6085122155487462 0.02884668073709256 -0.7930200202633024
vn -0.6085122155487462 -0.02884668073709256 0.7930200202633024
vn 0.4919797847383347 0.1787237944558237 -0.8520643735681797
vn -0.4919797847383347 -0.1787237944558237 0.8520643735681797
vn 0.35190588849543303 0.3933767871396596 -0.8493626722324915
vn -0.35190588849543303 -0.3933767871396596 0.8493626722324915
vn 0.4999999984873866 -0.00011227329966015551 -0.8660253973800767
vn -0.4999999984873866 0.00011227329966015551 0.8660253973800767
vn 0.6087614245219815 -0.0001366954055061553 -0.7933533319576682
vn -0.6087614245219815 0.0001366954055061553 0.7933533319576682
vn 0.25566240760479475 0.1565067046553634 -0.9540138283775756
vn -0.25566240760479475 -0.1565067046553634 0.9540138283775756
vn 0.3826834148213622 -0.00008593030332788303 -0.9238795357819353
vn -0.3826834148213622 0.00008593030332788303 0.9238795357819353
vn 0.7071067722732508 -0.0001587784937738929 -0.7071067722732508
vn -0.7071067722732508 0.0001587784937738929 0.7071067722732508
vn 0.7933533267810481 -0.00017814490601346196 -0.6087614205498211
vn -0.7933533267810481 0.00017814490601346196 0.6087614205498211
vn 0.8660253864635655 -0.00019446309696032806 -0.4999999921847359
vn -0.8660253864635655 0.00019446309696032806 0.4999999921847359
vn 0.21323251648275687 0.5674498438635627 -0.795319161477736
vn -0.21323251648275687 -0.5674498438635627 0.795319161477736
vn 0.9655754077166074 0.02694961021537377 -0.2587235020676456
vn -0.9655754077166074 -0.02694961021537377 0.2587235020676456
vn 0.979255064108393 0.15633299427009104 -0.12891669527495178
vn -0.979255064108393 -0.15633299427009104 0.12891669527495178
vn 0.7608243991834034 0.5673304993910813 0.3150909996618114
vn -0.7608243991834034 -0.5673304993910813 -0.3150909996618114
vn 0.8562071667188427 -0.3756408853986701 0.354687486213138
vn -0.8562071667188427 0.3756408853986701 -0.354687486213138
vn 0.8951751008689913 -0.37565570036466783 0.2398840002328673
vn -0.8951751008689913 0.37565570036466783 -0.2398840002328673
vn 0.9188296253388131 -0.3756549103595371 0.12097730333622372
vn -0.9188296253388131 0.3756549103595371 -0.12097730333622372
vn 0.9267564165681808 -0.37566280671594954 0
vn -0.9267564165681808 0.37566280671594954 0
vn 0.9188296253388128 -0.375654910359537 -0.12097730333622386
vn -0.9188296253388128 0.375654910359537 0.12097730333622386
vn 0.8951751008689913 -0.37565570036466767 -0.23988400023286746
vn -0.8951751008689913 0.37565570036466767 0.23988400023286746
vn 0.8562071667188427 -0.3756408853986699 -0.3546874862131381
vn -0.8562071667188427 0.3756408853986699 0.3546874862131381
vn 0.2587296076876279 0.02710833080546953 -0.9655693286899432
vn -0.2587296076876279 -0.02710833080546953 0.9655693286899432
vn 0.25881900915647044 -0.000058116962055841015 -0.965925834172418
vn -0.25881900915647044 0.000058116962055841015 0.965925834172418
vn 0.12895190410448568 0.15652390498209123 -0.9792199311681645
vn -0.12895190410448568 -0.15652390498209123 0.9792199311681645
vn 0.11501540252963671 0.4742967104316323 -0.872819619196703
vn -0.11501540252963671 -0.4742967104316323 0.872819619196703
vn 0.0937485757997097 0.6970144687711192 -0.710902268148893
vn -0.0937485757997097 -0.6970144687711192 0.710902268148893
vn 0.08969854144079666 0.7276234116875636 -0.6800870109240024
vn -0.08969854144079666 -0.7276234116875636 0.6800870109240024
vn 0.9238795193123094 -0.0002074541043364305 -0.3826834079994201
vn -0.9238795193123094 0.0002074541043364305 0.3826834079994201
vn 0.09480110787394097 0.6886065845569502 -0.7189114838773166
vn -0.09480110787394097 -0.6886065845569502 0.7189114838773166
vn 0.8804322887159836 0.4741718939227996 0
vn -0.8804322887159836 -0.4741718939227996 0
vn 0.7110588101759188 0.6968758099729467 0.0935920613393904
vn -0.7110588101759188 -0.6968758099729467 -0.0935920613393904
vn 0.6627333027488653 0.7275066030175301 0.17753510073637493
vn -0.6627333027488653 -0.7275066030175301 -0.17753510073637493
vn 0.6700734287097757 0.6884774294983083 0.2774895118892369
vn -0.6700734287097757 -0.6884774294983083 -0.2774895118892369
vn 0.8025833005324898 -0.3756349002492226 0.4634204003074654
vn -0.8025833005324898 0.3756349002492226 -0.4634204003074654
vn 0.8488216821272363 -0.19826879582525833 0.4900930896806146
vn -0.8488216821272363 0.19826879582525833 -0.4900930896806146
vn 0.8654981328858433 -0.03482489132322182 0.4997001189868229
vn -0.8654981328858433 0.03482489132322182 -0.4997001189868229
vn 0.866025366498673 -0.0002896943887935727 0.49999998065799983
vn -0.866025366498673 0.0002896943887935727 -0.49999998065799983
vn 0.8656680511616506 0.02878978170149823 0.49978992953797097
vn -0.8656680511616506 -0.02878978170149823 -0.49978992953797097
vn 0.8521045278259766 0.17864290583368947 0.49193961606457864
vn -0.8521045278259766 -0.17864290583368947 -0.49193961606457864
vn 0.7962632129539723 0.3932769063980076 0.45967180747815034
vn -0.7962632129539723 -0.3932769063980076 -0.45967180747815034
vn 0.8025833005324899 -0.37563490024922247 -0.4634204003074657
vn -0.8025833005324899 0.37563490024922247 0.4634204003074657
vn 0.7775890896383105 -0.19825559735816378 -0.5966991920487417
vn -0.7775890896383105 0.19825559735816378 0.5966991920487417
vn 0.7066748993086023 -0.034789229965962704 -0.7066825993085949
vn -0.7066748993086023 0.034789229965962704 0.7066825993085949
vn 0.608761413837356 -0.00023192340527152254 -0.7933533180331934
vn -0.608761413837356 0.00023192340527152254 0.7933533180331934
vn 0.49979639112625385 0.0288719294873871 -0.865661584630419
vn -0.49979639112625385 -0.0288719294873871 0.865661584630419
vn 0.376554309355185 0.17875170444094066 -0.9089855225830047
vn -0.376554309355185 -0.17875170444094066 0.9089855225830047
vn 0.23803200481989464 0.39340220796597597 -0.8880177179814132
vn -0.23803200481989464 -0.39340220796597597 0.8880177179814132
vn 0.00022454669433904085 0.9999999747893906 0
vn -0.00022454669433904085 -0.9999999747893906 0
vn 0.13048409742347733 0.027135859464178937 -0.9910789804302786
vn -0.13048409742347733 -0.027135859464178937 0.9910789804302786
vn 0.10759910024278609 0.567477201280453 -0.8163284018419592
vn -0.10759910024278609 -0.567477201280453 0.8163284018419592
vn 0.9659258130833214 -0.00021689550293775984 -0.2588190035056649
vn -0.9659258130833214 0.00021689550293775984 0.2588190035056649
vn 0.9910850563131589 0.02694260881237495 -0.13047799424855477
vn -0.9910850563131589 -0.02694260881237495 0.13047799424855477
vn 0.98770293287189 0.15634230520325176 0
vn -0.98770293287189 -0.15634230520325176 0
vn 0.713191066070214 0.5673375730091368 0.4116874804141293
vn -0.713191066070214 -0.5673375730091368 -0.4116874804141293
vn 0.750387281992754 -0.49916848802131925 0.4333009896019591
vn -0.750387281992754 0.49916848802131925 -0.4333009896019591
vn 0.8005234152201397 -0.49918040949078507 0.33163410630527135
vn -0.8005234152201397 0.49918040949078507 -0.33163410630527135
vn 0.8369611981086937 -0.49918789887197035 0.22429309949315807
vn -0.8369611981086937 0.49918789887197035 -0.22429309949315807
vn 0.8590756175947452 -0.4991936102239944 0.11311420231669415
vn -0.8590756175947452 0.4991936102239944 -0.11311420231669415
vn 0.8664899019620926 -0.49919460113038366 0
vn -0.8664899019620926 0.49919460113038366 0
vn 0.8590756175947452 -0.4991936102239944 -0.11311420231669435
vn -0.8590756175947452 0.4991936102239944 0.11311420231669435
vn 0.8369611981086937 -0.4991878988719702 -0.22429309949315832
vn -0.8369611981086937 0.4991878988719702 0.22429309949315832
vn 0.8005234152201397 -0.4991804094907849 -0.33163410630527157
vn -0.8005234152201397 0.4991804094907849 0.33163410630527157
vn -0.3806503043284791 0.0006835890077730731 0.9247188105152315
vn -0.49992131159265485 -0.026921050624271334 0.8656523200735763
vn -0.4988568798215379 0.00044537028198484633 0.8666842649431404
vn 0.4988568798215379 -0.00044537028198484633 -0.8666842649431404
vn 0.49992131159265485 0.026921050624271334 -0.8656523200735763
vn 0.3806503043284791 -0.0006835890077730731 -0.9247188105152315
vn -0.608532102500354 -0.0270052701109602 0.793069603258587
vn -0.6071748040085875 0.00035297260233016 0.7945682052457647
vn 0.6071748040085875 -0.00035297260233016 -0.7945682052457647
vn 0.608532102500354 0.0270052701109602 -0.793069603258587
vn -0.7068617931918932 -0.027005259739900245 0.7068359931921417
vn -0.7047671179908872 0.0007630176194777147 0.7094383181101308
vn 0.7047671179908872 -0.0007630176194777147 -0.7094383181101308
vn 0.7068617931918932 0.027005259739900245 -0.7068359931921417
vn 0.1305261948127925 -0.000029309218835009823 -0.9914448605992482
vn -0.1305261948127925 0.000029309218835009823 0.9914448605992482
vn -0.2556270141967582 0.0006621646367744247 0.9667752536918
vn -0.3825499157927107 -0.02707497111772934 0.9235380381261856
vn 0.3825499157927107 0.02707497111772934 -0.9235380381261856
vn 0.2556270141967582 -0.0006621646367744247 -0.9667752536918
vn 0.000006100130150527918 0.02716642067036375 -0.999630924667074
vn -0.000006100130150527918 -0.02716642067036375 0.999630924667074
vn 0.00003515595996833166 0.15656409985896796 -0.987667799110313
vn -0.00003515595996833166 -0.15656409985896796 0.987667799110313
vn 0.00010651810276829924 0.4743695123283907 -0.8803258228787899
vn -0.00010651810276829924 -0.4743695123283907 0.8803258228787899
vn -0.7930754329103356 -0.026625831104895078 0.6085412252526999
vn -0.7920121849976065 0.0007759589853015528 0.6105047884357422
vn 0.7920121849976065 -0.0007759589853015528 -0.6105047884357422
vn 0.7930754329103356 0.026625831104895078 -0.6085412252526999
vn 0.00015652200157802146 0.6970575070275854 -0.7170152072287943
vn -0.00015652200157802146 -0.6970575070275854 0.7170152072287943
vn -0.8656592951677268 -0.0267540798506538 0.4999181972093625
vn -0.8649195350847629 0.0007935196321883722 0.5019099203595709
vn 0.8649195350847629 -0.0007935196321883722 -0.5019099203595709
vn 0.8656592951677268 0.0267540798506538 -0.4999181972093625
vn 0.00016339259428888064 0.7276553745660033 -0.6859428760239948
vn -0.00016339259428888064 -0.7276553745660033 0.6859428760239948
vn -0.9235464344496743 -0.02694369100504038 0.3825389142692783
vn -0.9230352220535804 0.000805185019237764 0.38471460919177775
vn 0.9230352220535804 -0.000805185019237764 -0.38471460919177775
vn 0.9235464344496743 0.02694369100504038 -0.3825389142692783
vn 0.00015463010032717813 0.6886323014570608 -0.7251107015342442
vn -0.00015463010032717813 -0.6886323014570608 0.7251107015342442
vn 0.8729261133720628 0.4741265072629851 0.11490890176025108
vn -0.8729261133720628 -0.4741265072629851 -0.11490890176025108
vn 0.6927399991812369 0.6969019991763176 0.18557719978066275
vn -0.6927399991812369 -0.6969019991763176 -0.18557719978066275
vn 0.633903595211226 0.7275011945041503 0.26250379801693624
vn -0.633903595211226 -0.7275011945041503 -0.26250379801693624
vn 0.6281189304374475 0.6884912333629742 0.36255541756874543
vn -0.6281189304374475 -0.6884912333629742 -0.36255541756874543
vn 0.6874092264162436 -0.49915501918187904 0.5275536202732001
vn -0.6874092264162436 0.49915501918187904 -0.5275536202732001
vn 0.7352298217287289 -0.37561371110075836 0.564226416674953
vn -0.7352298217287289 0.37561371110075836 -0.564226416674953
vn 0.7775890896383106 -0.19825559735816403 0.5966991920487416
vn -0.7775890896383106 0.19825559735816403 -0.5966991920487416
vn 0.7928697036336625 -0.034807640159520946 0.6083963027882346
vn -0.7928697036336625 0.034807640159520946 -0.6083963027882346
vn 0.7933533097250866 -0.00027337290335119595 0.6087614074623214
vn -0.7933533097250866 0.00027337290335119595 -0.6087614074623214
vn 0.7930265164607732 0.028805240597907403 0.6085057126306931
vn -0.7930265164607732 -0.028805240597907403 -0.6085057126306931
vn 0.7806037150661397 0.17866090344826702 0.5989475115600614
vn -0.7806037150661397 -0.17866090344826702 -0.5989475115600614
vn 0.7294525942010087 0.393291996873413 0.5596608955508163
vn -0.7294525942010087 -0.393291996873413 -0.5596608955508163
vn 0.7503872819927541 -0.49916848802131913 -0.43330098960195934
vn -0.7503872819927541 0.49916848802131913 0.43330098960195934
vn 0.7352298217287289 -0.37561371110075803 -0.5642264166749532
vn -0.7352298217287289 0.37561371110075803 0.5642264166749532
vn 0.6930518284084133 -0.1982338081256662 -0.6930963284102375
vn -0.6930518284084133 0.1982338081256662 0.6930963284102375
vn 0.608388503957084 -0.03476622022612647 -0.7928775051570385
vn -0.608388503957084 0.03476622022612647 0.7928775051570385
vn 0.4999999908741706 -0.00020750459621250453 -0.8660253841935998
vn -0.4999999908741706 0.00020750459621250453 0.8660253841935998
vn 0.3825291970145019 0.02889741977446659 -0.923491392792493
vn -0.3825291970145019 -0.02889741977446659 0.923491392792493
vn 0.25468681106523294 0.17877710776722747 -0.9503543412895041
vn -0.25468681106523294 -0.17877710776722747 0.9503543412895041
vn 0.12008679924609449 0.39342889753005167 -0.911478394277734
vn -0.12008679924609449 -0.39342889753005167 0.911478394277734
vn 0 0 -1
vn 0 0 1
vn -0.12854479649908895 0.0002454977933136599 0.9917036729910007
vn -0.2586357035020223 -0.027206920368391892 0.965591713074466
vn 0.2586357035020223 0.027206920368391892 -0.965591713074466
vn 0.12854479649908895 -0.0002454977933136599 -0.9917036729910007
vn -0.9655769193730456 -0.02691748054006431 0.25872120519090464
vn 0.9655769193730456 0.02691748054006431 -0.25872120519090464
vn -0.9653520001344444 0.0008157864001135565 0.26094990003634244
vn 0.9653520001344444 -0.0008157864001135565 -0.26094990003634244
vn 0.00012742969704563056 0.5674976868429585 -0.8233749809106199
vn -0.00012742969704563056 -0.5674976868429585 0.8233749809106199
vn 0.9914448347522825 -0.00022262570780348285 -0.13052620457522535
vn -0.9914448347522825 0.00022262570780348285 0.13052620457522535
vn 0.9996369995113566 0.026941959986830213 0
vn -0.9996369995113566 -0.026941959986830213 0
vn 0.979255064108393 0.156332994270091 0.12891669527495186
vn -0.979255064108393 -0.156332994270091 -0.12891669527495186
vn 0.6533527248609831 0.5673546215886351 0.5012374190727835
vn -0.6533527248609831 -0.5673546215886351 -0.5012374190727835
vn 0.5420034032293511 -0.7301780043505285 0.4160197024787181
vn -0.5420034032293511 0.7301780043505285 -0.4160197024787181
vn 0.5916897008242327 -0.7301642010171296 0.3417068004760025
vn -0.5916897008242327 0.7301642010171296 -0.3417068004760025
vn 0.631203283490465 -0.7301980809011912 0.2615208931597497
vn -0.631203283490465 0.7301980809011912 -0.2615208931597497
vn 0.6599630082926004 -0.7301795091748883 0.17688050222254761
vn -0.6599630082926004 0.7301795091748883 -0.17688050222254761
vn 0.6773766041258568 -0.7302084044476519 0.08919990054331063
vn -0.6773766041258568 0.7302084044476519 -0.08919990054331063
vn 0.6832497018102257 -0.7301848019345772 0
vn -0.6832497018102257 0.7301848019345772 0
vn 0.6773766041258568 -0.7302084044476519 -0.08919990054331095
vn -0.6773766041258568 0.7302084044476519 0.08919990054331095
vn 0.6599630082926004 -0.7301795091748883 -0.17688050222254792
vn -0.6599630082926004 0.7301795091748883 0.17688050222254792
vn 0.6312032834904648 -0.7301980809011911 -0.26152089315974997
vn -0.6312032834904648 0.7301980809011911 0.26152089315974997
vn -0.4961491810974211 -0.1557333940667791 0.8541563674578561
vn 0.4961491810974211 0.1557333940667791 -0.8541563674578561
vn -0.6027407011607158 -0.15659340030155677 0.7824207015067309
vn 0.6027407011607158 0.15659340030155677 -0.7824207015067309
vn -0.7001342239386117 -0.15652300535175032 0.6966438238192698
vn 0.7001342239386117 0.15652300535175032 -0.6966438238192698
vn -0.7853759859669138 -0.15654659720282793 0.5988970892989158
vn 0.7853759859669138 0.15654659720282793 -0.5988970892989158
vn 0.0013192559662437535 0.0003327723914850187 0.9999990744126871
vn -0.13058899353901798 -0.027296568649483342 0.9910607509665743
vn 0.13058899353901798 0.027296568649483342 -0.9910607509665743
vn -0.0013192559662437535 -0.0003327723914850187 -0.9999990744126871
vn -0.3790699996655655 -0.1519558998659371 0.9128062991946765
vn 0.3790699996655655 0.1519558998659371 -0.9128062991946765
vn -0.1305261948127925 0.000029309218835450117 -0.9914448605992482
vn 0.1305261948127925 -0.000029309218835450117 0.9914448605992482
vn -0.13047189745309642 0.027194449469145357 -0.9910789806534385
vn 0.13047189745309642 -0.027194449469145357 0.9910789806534385
vn -0.1288816039008718 0.15658180473927666 -0.9792199296381431
vn 0.1288816039008718 -0.15658180473927666 0.9792199296381431
vn -0.11480240258863292 0.4743483106958883 -0.8728196196808562
vn 0.11480240258863292 -0.4743483106958883 0.8728196196808562
vn -0.8562301016265933 -0.15623160029679564 0.4924040009354273
vn 0.8562301016265933 0.15623160029679564 -0.4924040009354273
vn -0.0934355379223379 0.6970564845000322 -0.7109022841921524
vn 0.0934355379223379 -0.6970564845000322 0.7109022841921524
vn -0.9123822845597092 -0.1586840973145812 0.37732999361442576
vn 0.9123822845597092 0.1586840973145812 -0.37732999361442576
vn -0.08937176206361827 0.7276636168019507 -0.6800870157033938
vn 0.08937176206361827 -0.7276636168019507 0.6800870157033938
vn -0.9540359766905497 -0.15619019618388863 0.25577329375082797
vn 0.9540359766905497 0.15619019618388863 -0.25577329375082797
vn -0.9910866845430972 -0.026912219580279367 0.13047189796517147
vn 0.9910866845430972 0.026912219580279367 -0.13047189796517147
vn -0.9912746742000148 0.0005498966856877658 0.13181129656933685
vn 0.9912746742000148 -0.0005498966856877658 -0.13181129656933685
vn -0.09449185813995994 0.6886490864441773 -0.7189114858484721
vn 0.09449185813995994 -0.6886490864441773 0.7189114858484721
vn 0.8504359194321294 0.4741786108347964 0.227845105206172
vn -0.8504359194321294 -0.4741786108347964 -0.227845105206172
vn 0.6626120008001403 0.6968867008415288 0.27439800033135076
vn -0.6626120008001403 -0.6968867008415288 -0.27439800033135076
vn 0.5942073127531002 0.7275220156143504 0.34297140736098114
vn -0.5942073127531002 -0.7275220156143504 -0.34297140736098114
vn 0.5754269786186617 0.6884986744172177 0.44142198359793156
vn -0.5754269786186617 -0.6884986744172177 -0.44142198359793156
vn 0.48308252114373745 -0.7301398319570348 0.48324642115091093
vn -0.48308252114373745 0.7301398319570348 -0.48324642115091093
vn 0.6126681013946226 -0.4991376011361921 0.6127801013948774
vn -0.6126681013946226 0.4991376011361921 -0.6127801013948774
vn 0.6552910580784177 -0.3756018759712503 0.6553753580730247
vn -0.6552910580784177 0.3756018759712503 -0.6553753580730247
vn 0.6930518284084133 -0.19823380812566654 0.6930963284102373
vn -0.6930518284084133 0.19823380812566654 -0.6930963284102373
vn 0.7066748993086023 -0.034789229965963016 0.7066825993085949
vn -0.7066748993086023 0.034789229965963016 -0.7066825993085949
vn 0.7071067083749515 -0.00025400970300864064 0.7071068083749528
vn -0.7071067083749515 0.00025400970300864064 -0.7071068083749528
vn 0.7068162002953671 0.02882545001204553 0.7068097002953643
vn -0.7068162002953671 -0.02882545001204553 -0.7068097002953643
vn 0.6957477886147381 0.1786779970761015 0.6957076886153942
vn -0.6957477886147381 -0.1786779970761015 -0.6957076886153942
vn 0.6501623993567749 0.39330969961088674 0.6500740993568622
vn -0.6501623993567749 -0.39330969961088674 -0.6500740993568622
vn 0.5916897008242327 -0.7301642010171296 -0.3417068004760028
vn -0.5916897008242327 0.7301642010171296 0.3417068004760028
vn 0.6874092264162434 -0.4991550191818787 -0.5275536202732001
vn -0.6874092264162434 0.4991550191818787 0.5275536202732001
vn 0.6552910580784177 -0.37560187597124994 -0.6553753580730249
vn -0.6552910580784177 0.37560187597124994 0.6553753580730249
vn 0.5966547019501479 -0.1982149006478593 -0.7776336025416722
vn -0.5966547019501479 0.1982149006478593 0.7776336025416722
vn 0.4996923209142071 -0.03474275145412882 -0.8655059362250322
vn -0.4996923209142071 0.03474275145412882 0.8655059362250322
vn 0.38268340995471695 -0.00018115830471225326 -0.9238795240328138
vn -0.38268340995471695 0.00018115830471225326 0.9238795240328138
vn 0.25871680381246576 0.028926070426256455 -0.9655200142279586
vn -0.25871680381246576 -0.028926070426256455 0.9655200142279586
vn 0.12846210446369014 0.1788074062130454 -0.9754616338944977
vn -0.12846210446369014 -0.1788074062130454 0.9754616338944977
vn 0.00008834916776790133 0.393455690059534 -0.9193435767732325
vn -0.00008834916776790133 -0.393455690059534 0.9193435767732325
vn 0.13381179945487232 0.0005736591976627849 0.9910065959627989
vn -0.00000804011099820897 -0.02713419999395576 0.9996317997773202
vn 0.00000804011099820897 0.02713419999395576 -0.9996317997773202
vn -0.13381179945487232 -0.0005736591976627849 -0.9910065959627989
vn -0.2560050097994559 -0.1558936059673542 0.9540223365184254
vn 0.2560050097994559 0.1558936059673542 -0.9540223365184254
vn -0.9792367843827697 -0.15647529750447414 0.12888289794452784
vn 0.9792367843827697 0.15647529750447414 -0.12888289794452784
vn -0.9996326088486496 -0.027104180239923538 -0.00010363380091736223
vn 0.9996326088486496 0.027104180239923538 0.00010363380091736223
vn -0.9999993652009703 0.00016945609410308837 0.0011139489612356326
vn 0.9999993652009703 -0.00016945609410308837 -0.0011139489612356326
vn 0.9999999747893906 -0.00022454669433904085 0
vn -0.9999999747893906 0.00022454669433904085 0
vn -0.10734420463912896 0.5675254245269287 -0.8163284352795279
vn 0.10734420463912896 -0.5675254245269287 0.8163284352795279
vn 0.9910850563131589 0.026942608812374886 0.13047799424855477
vn -0.9910850563131589 -0.026942608812374886 -0.13047799424855477
vn 0.9540489756665758 0.15634989601222946 0.2556271934801199
vn -0.9540489756665758 -0.15634989601222946 -0.2556271934801199
vn 0.5823414114607819 0.5673670111660777 0.5822140114582748
vn -0.5823414114607819 -0.5673670111660777 -0.5822140114582748
vn 0.27187370779088105 -0.9230691264517 0.2720810077968213
vn -0.27187370779088105 0.9230691264517 -0.2720810077968213
vn 0.30503300401085304 -0.9230906121376401 0.2342191030797269
vn -0.30503300401085304 0.9230906121376401 -0.2342191030797269
vn 0.3330225218635654 -0.9230828606021549 0.1923903126307917
vn -0.3330225218635654 0.9230828606021549 -0.1923903126307917
vn 0.35525259011899385 -0.923101874324817 0.14723629590476509
vn -0.35525259011899385 0.923101874324817 -0.14723629590476509
vn 0.3714622927608661 -0.9230914820106024 0.09958855805919742
vn -0.3714622927608661 0.9230914820106024 -0.09958855805919742
vn 0.38124811072079356 -0.9231077259580234 0.05021956141218661
vn -0.38124811072079356 0.9231077259580234 -0.05021956141218661
vn 0.3845734055188361 -0.9230944132469033 0
vn -0.3845734055188361 0.9230944132469033 0
vn 0.38124811072079356 -0.9231077259580234 -0.050219561412187017
vn -0.38124811072079356 0.9231077259580234 0.050219561412187017
vn 0.3714622927608661 -0.9230914820106024 -0.09958855805919782
vn -0.3714622927608661 0.9230914820106024 0.09958855805919782
vn 0.35525259011899385 -0.923101874324817 -0.14723629590476547
vn -0.35525259011899385 0.923101874324817 0.14723629590476547
vn -0.3370308015231483 -0.47007880212443426 0.8157427036865981
vn 0.3370308015231483 0.47007880212443426 -0.8157427036865981
vn -0.4360363856797348 -0.47625578435885335 0.7635788749226154
vn 0.4360363856797348 0.47625578435885335 -0.7635788749226154
vn -0.5344514101141696 -0.4746979089833709 0.6993022132338713
vn 0.5344514101141696 0.4746979089833709 -0.6993022132338713
vn -0.6213998017411932 -0.47459150132982925 0.6233981017467926
vn 0.6213998017411932 0.47459150132982925 -0.6233981017467926
vn -0.6972626878265257 -0.47482249171009794 0.5369993906245545
vn 0.6972626878265257 0.47482249171009794 -0.5369993906245545
vn 0.26075169686525407 0.00015243429816722692 0.9654058883939312
vn 0.13056529471654857 -0.027297058895398223 0.9910638598956386
vn -0.13056529471654857 0.027297058895398223 -0.9910638598956386
vn -0.26075169686525407 -0.00015243429816722692 -0.9654058883939312
vn -0.25881900915647044 0.00005811696205626997 -0.965925834172418
vn 0.25881900915647044 -0.00005811696205626997 0.965925834172418
vn -0.12897989849940272 -0.15666619817729086 0.9791934886077203
vn 0.12897989849940272 0.15666619817729086 -0.9791934886077203
vn -0.2587174076768596 0.02722452080782689 -0.9655693286511072
vn 0.2587174076768596 -0.02722452080782689 0.9655693286511072
vn -0.25559210684538286 0.15662150419470786 -0.9540138255508278
vn 0.25559210684538286 -0.15662150419470786 0.9540138255508278
vn -0.22773860466604412 0.47442070972021405 -0.8503294174220551
vn 0.22773860466604412 -0.47442070972021405 0.8503294174220551
vn -0.7605836304896991 -0.4739150189979455 0.44375341778885
vn 0.7605836304896991 0.4739150189979455 -0.44375341778885
vn -0.18542069674573883 0.6970991877654285 -0.6925834878446818
vn 0.18542069674573883 -0.6970991877654285 0.6925834878446818
vn -0.8515063816232962 -0.47350508978109507 0.22523279513915975
vn 0.8515063816232962 0.47350508978109507 -0.22523279513915975
vn -0.1773716962761708 0.7276952847224052 -0.6625698860896798
vn 0.1773716962761708 -0.7276952847224052 0.6625698860896798
vn -0.8728513962163987 -0.4743149979439583 0.11469839950280987
vn 0.8728513962163987 0.4743149979439583 -0.11469839950280987
vn -0.9876799376732026 -0.156487505968923 -0.000034546851317759727
vn 0.9876799376732026 0.156487505968923 0.000034546851317759727
vn -0.9910765710552116 -0.02723617920455644 -0.13048149618923563
vn 0.9910765710552116 0.02723617920455644 0.13048149618923563
vn -0.9917308982385264 0.00017410749969078558 -0.12833469977205691
vn 0.9917308982385264 -0.00017410749969078558 0.12833469977205691
vn 0.9914448347522825 -0.0002226257078035408 0.13052620457522535
vn -0.9914448347522825 0.0002226257078035408 -0.13052620457522535
vn -0.18751780027167206 0.6886744009977379 -0.7004032010147301
vn 0.18751780027167206 -0.6886744009977379 0.7004032010147301
vn 0.8134448877309493 0.4741398928486286 0.3368957949186582
vn -0.8134448877309493 -0.4741398928486286 -0.3368957949186582
vn 0.6211098859494448 0.6969180842345353 0.3585075918899526
vn -0.6211098859494448 -0.6969180842345353 -0.3585075918899526
vn 0.5443684201975685 0.7275213269930461 0.4175832154934882
vn -0.5443684201975685 -0.7275213269930461 -0.4175832154934882
vn 0.5128853259850819 0.6885171348833806 0.5127307259772493
vn -0.5128853259850819 -0.6885171348833806 -0.5127307259772493
vn 0.23401179238719635 -0.923074669970803 0.30524029007001136
vn -0.23401179238719635 0.923074669970803 -0.30524029007001136
vn 0.4158556922535775 -0.7301496863990129 0.5421673899006847
vn -0.4158556922535775 0.7301496863990129 -0.5421673899006847
vn 0.5274415854033022 -0.49911908618711426 0.6875212809731719
vn -0.5274415854033022 0.49911908618711426 -0.6875212809731719
vn 0.5641420752668441 -0.3755752835340026 0.7353141677623054
vn -0.5641420752668441 0.3755752835340026 -0.7353141677623054
vn 0.5966547019501479 -0.19821490064785957 0.7776336025416721
vn -0.5966547019501479 0.19821490064785957 -0.7776336025416721
vn 0.608388503957084 -0.034766220226126826 0.7928775051570385
vn -0.608388503957084 0.034766220226126826 -0.7928775051570385
vn 0.608761413837356 -0.00023192340527187482 0.7933533180331934
vn -0.608761413837356 0.00023192340527187482 -0.7933533180331934
vn 0.6085122155487462 0.028846680737092206 0.7930200202633024
vn -0.6085122155487462 -0.028846680737092206 -0.7930200202633024
vn 0.5989876071334602 0.17870170212819325 0.7805636092958844
vn -0.5989876071334602 -0.17870170212819325 -0.7805636092958844
vn 0.5597491953593602 0.3933300967390692 0.7293642939531544
vn -0.5597491953593602 -0.3933300967390692 -0.7293642939531544
vn 0.3330225218635654 -0.9230828606021549 -0.19239031263079212
vn -0.3330225218635654 0.9230828606021549 0.19239031263079212
vn 0.5420034032293513 -0.7301780043505283 -0.4160197024787185
vn -0.5420034032293513 0.7301780043505283 0.4160197024787185
vn 0.6126681013946226 -0.49913760113619177 -0.6127801013948776
vn -0.6126681013946226 0.49913760113619177 0.6127801013948776
vn 0.5641420752668441 -0.37557528353400227 -0.7353141677623057
vn -0.5641420752668441 0.37557528353400227 0.7353141677623057
vn 0.4900485954710591 -0.19818819816838015 -0.8488661921549315
vn -0.4900485954710591 0.19818819816838015 0.8488661921549315
vn 0.38244610416063113 -0.03471548037766951 -0.923325410044857
vn -0.38244610416063113 0.03471548037766951 0.923325410044857
vn 0.2588190065504101 -0.00015334820388085145 -0.965925824446467
vn -0.2588190065504101 0.00015334820388085145 0.965925824446467
vn 0.13047789300187512 0.028954018447064064 -0.9910283468466268
vn -0.13047789300187512 -0.028954018447064064 0.9910283468466268
vn 0.000040156640945792595 0.17883420421200757 -0.9838792231728966
vn -0.000040156640945792595 -0.17883420421200757 0.9838792231728966
vn -0.11991009882221844 0.39348279613513154 -0.9114783910472721
vn 0.11991009882221844 -0.39348279613513154 0.9114783910472721
vn 0.38490990721308066 0.000246365304616597 0.922954117295846
vn 0.2586153913160808 -0.02738682908039133 0.9655920675768582
vn -0.2586153913160808 0.02738682908039133 -0.9655920675768582
vn -0.38490990721308066 -0.000246365304616597 -0.922954117295846
vn -0.3826834148213622 0.00008593030332829331 -0.9238795357819353
vn 0.3826834148213622 -0.00008593030332829331 0.9238795357819353
vn -0.00006965225789214971 -0.1567092952575878 0.9876447701114167
vn 0.00006965225789214971 0.1567092952575878 -0.9876447701114167
vn -0.2302610003777593 -0.4760581007810068 0.8487335013924067
vn 0.2302610003777593 0.4760581007810068 -0.8487335013924067
vn -0.8090077231762027 -0.48250471382264576 0.33570180961708135
vn 0.8090077231762027 0.48250471382264576 -0.33570180961708135
vn -0.8803260211976635 -0.4743691114224918 -0.00020622930496596946
vn 0.8803260211976635 0.4743691114224918 0.00020622930496596946
vn -0.9792286332863858 -0.15647530531897985 -0.12894480438315056
vn 0.9792286332863858 0.15647530531897985 0.12894480438315056
vn -0.9655507924886076 -0.02715388978875935 -0.2587939979867416
vn 0.9655507924886076 0.02715388978875935 0.2587939979867416
vn -0.966722800021214 0.0004335558000095709 -0.25582580000561395
vn 0.966722800021214 -0.0004335558000095709 0.25582580000561395
vn 0.9659258130833214 -0.00021689550293787474 0.2588190035056649
vn 0.9655754077166074 0.02694961021537366 0.2587235020676456
vn -0.9655754077166074 -0.02694961021537366 -0.2587235020676456
vn -0.9659258130833214 0.00021689550293787474 -0.2588190035056649
vn -0.21297770217221712 0.5675456057885512 -0.7953191081116743
vn 0.21297770217221712 -0.5675456057885512 0.7953191081116743
vn 0.9125228238794085 0.1563480040914021 0.37796480989079495
vn -0.9125228238794085 -0.1563480040914021 -0.37796480989079495
vn 0.501364798595033 0.5673887984100147 0.6532252981694766
vn -0.501364798595033 -0.5673887984100147 -0.6532252981694766
vn 0.12150810249856445 -0.9798313201482177 0.15863910326208697
vn -0.12150810249856445 0.9798313201482177 -0.15863910326208697
vn 0.1411779948109069 -0.9798343639855223 0.14139799480282042
vn -0.1411779948109069 0.9798343639855223 -0.14139799480282042
vn 0.15841910132259512 -0.9798396081803968 0.12172810101627239
vn -0.15841910132259512 0.9798396081803968 -0.12172810101627239
vn 0.17295649859155038 -0.9798414920207833 0.09998349918579666
vn -0.17295649859155038 0.9798414920207833 -0.09998349918579666
vn 0.1845190965397115 -0.9798454816249477 0.07652146856499191
vn -0.1845190965397115 0.9798454816249477 -0.07652146856499191
vn 0.19293329518268115 -0.9798459755343913 0.05175526870773123
vn -0.19293329518268115 0.9798459755343913 -0.05175526870773123
vn 0.19802950213550044 -0.9798485105664403 0.026100050281456167
vn -0.19802950213550044 0.9798485105664403 -0.026100050281456167
vn 0.1997470012718641 -0.9798475062390567 0
vn -0.1997470012718641 0.9798475062390567 0
vn 0.19802950213550044 -0.9798485105664403 -0.026100050281456604
vn -0.19802950213550044 0.9798485105664403 0.026100050281456604
vn 0.19293329518268115 -0.9798459755343913 -0.05175526870773165
vn -0.19293329518268115 0.9798459755343913 0.05175526870773165
vn 0.1845190965397115 -0.9798454816249477 -0.07652146856499233
vn -0.1845190965397115 0.9798454816249477 0.07652146856499233
vn -0.35869901349800554 -0.6969801262276764 0.6209297233658652
vn 0.35869901349800554 0.6969801262276764 -0.6209297233658652
vn -0.43669260673803373 -0.6969396107535659 0.5688363087769707
vn 0.43669260673803373 0.6969396107535659 -0.5688363087769707
vn -0.5071905713373734 -0.6969465606137808 0.5069745713495799
vn 0.5071905713373734 0.6969465606137808 -0.5069745713495799
vn -0.5690436245454099 -0.6969099300608587 0.4364698188269055
vn 0.5690436245454099 0.6969099300608587 -0.4364698188269055
vn -0.6211284716562656 -0.6969209681976537 0.3584697836420758
vn 0.6211284716562656 0.6969209681976537 -0.3584697836420758
vn 0.5017323180579782 0.00009813145353168256 0.8650229311332651
vn 0.3826704877260647 -0.027272589125247628 0.9234822703798385
vn -0.3826704877260647 0.027272589125247628 -0.9234822703798385
vn -0.5017323180579782 -0.00009813145353168256 -0.8650229311332651
vn -0.4999999984873866 0.00011227329966054008 -0.8660253973800767
vn -0.38253609364621466 0.027251049547370187 -0.9235385846603602
vn 0.38253609364621466 -0.027251049547370187 0.9235385846603602
vn 0.4999999984873866 -0.00011227329966054008 0.8660253973800767
vn 0.12884760307082754 -0.15672420373521134 0.9792016233373322
vn -0.12884760307082754 0.15672420373521134 -0.9792016233373322
vn -0.11519939515405864 -0.47448508004046075 0.8726929632895735
vn 0.11519939515405864 0.47448508004046075 -0.8726929632895735
vn -0.27458700594631624 -0.6969861150935762 0.662429114345227
vn 0.27458700594631624 0.6969861150935762 -0.662429114345227
vn -0.37792960272179416 0.15663780112808293 -0.9124877065716042
vn 0.37792960272179416 -0.15663780112808293 0.9124877065716042
vn -0.3367892936561881 0.47439819106416714 -0.8133383846798403
vn 0.3367892936561881 -0.47439819106416714 0.8133383846798403
vn -0.6626185757338845 -0.6968966744785677 0.2743567899526305
vn 0.6626185757338845 0.6968966744785677 -0.2743567899526305
vn -0.2742414922347275 0.6970970802613795 -0.6624554812422718
vn 0.2742414922347275 -0.6970970802613795 0.6624554812422718
vn -0.6927299192709638 -0.6969235193876252 0.1855340051613463
vn 0.6927299192709638 0.6969235193876252 -0.1855340051613463
vn -0.711044227072742 -0.6968962265340621 0.09355082356191231
vn 0.711044227072742 0.6968962265340621 -0.09355082356191231
vn -0.2623404118664493 0.7277024329161795 -0.6337402286659849
vn 0.2623404118664493 -0.7277024329161795 0.6337402286659849
vn -0.7171509092331477 -0.6969179089726526 -0.00003923334050527469
vn 0.7171509092331477 0.6969179089726526 0.00003923334050527469
vn -0.872799482964224 -0.4743149907420615 -0.11509279775355616
vn 0.872799482964224 0.4743149907420615 0.11509279775355616
vn -0.9538991780819535 -0.15585499641886985 -0.25648699410661635
vn 0.9538991780819535 0.15585499641886985 0.25648699410661635
vn -0.9236093170641821 -0.02694876049789285 -0.38238670706480143
vn 0.9236093170641821 0.02694876049789285 0.38238670706480143
vn -0.9251425513877601 0.0008114439450723673 -0.3796190210862328
vn 0.9251425513877601 -0.0008114439450723673 0.3796190210862328
vn 0.9238795193123094 -0.00020745410433660043 0.3826834079994201
vn 0.9235446678692081 0.026957779062119137 0.3825421866910786
vn -0.9235446678692081 -0.026957779062119137 -0.3825421866910786
vn -0.9238795193123094 0.00020745410433660043 -0.3826834079994201
vn -0.2773348025708215 0.6886902063839794 -0.6699188062099731
vn 0.2773348025708215 -0.6886902063839794 0.6699188062099731
vn 0.8553805195762944 0.1563721035787421 0.4938339113019151
vn -0.8553805195762944 -0.1563721035787421 -0.4938339113019151
vn 0.762491026176203 0.47419831627915726 0.4401629151107272
vn -0.762491026176203 -0.47419831627915726 -0.4401629151107272
vn 0.5690199268768203 0.6969077329174129 0.43650422061763583
vn -0.5690199268768203 -0.6969077329174129 -0.43650422061763583
vn 0.48519820966599025 0.7275465144939889 0.48503480966273516
vn -0.48519820966599025 -0.7275465144939889 -0.48503480966273516
vn 0.44157662571333 0.6885287400935322 0.575272333498529
vn -0.44157662571333 -0.6885287400935322 -0.575272333498529
vn 0.09976347607510688 -0.9798250614517376 0.17317649318689288
vn -0.09976347607510688 0.9798250614517376 -0.17317649318689288
vn 0.1921831037134494 -0.9230512178356158 0.33322980643881783
vn -0.1921831037134494 0.9230512178356158 -0.33322980643881783
vn 0.3415429122891633 -0.7301080262702475 0.5918536212956718
vn -0.3415429122891633 0.7301080262702475 -0.5918536212956718
vn 0.43318891359108797 -0.49909731565893173 0.7504993235465449
vn -0.43318891359108797 0.49909731565893173 -0.7504993235465449
vn 0.46333609307071383 -0.3755587943834415 0.8026675879959416
vn -0.46333609307071383 0.3755587943834415 -0.8026675879959416
vn 0.490048595471059 -0.19818819816838054 0.8488661921549313
vn -0.490048595471059 0.19818819816838054 -0.8488661921549313
vn 0.4996923209142071 -0.03474275145412921 0.8655059362250322
vn -0.4996923209142071 0.03474275145412921 -0.8655059362250322
vn 0.4999999908741706 -0.0002075045962128891 0.8660253841935998
vn -0.4999999908741706 0.0002075045962128891 -0.8660253841935998
vn 0.49979639112625385 0.02887192948738672 0.865661584630419
vn -0.49979639112625385 -0.02887192948738672 -0.865661584630419
vn 0.4919797847383347 0.17872379445582334 0.8520643735681797
vn -0.4919797847383347 -0.17872379445582334 -0.8520643735681797
vn 0.4597601157403981 0.3933524134668565 0.7961749272579329
vn -0.4597601157403981 -0.3933524134668565 -0.7961749272579329
vn 0.17295649859155038 -0.9798414920207833 -0.0999834991857971
vn -0.17295649859155038 0.9798414920207833 0.0999834991857971
vn 0.30503300401085304 -0.9230906121376401 -0.23421910307972732
vn -0.30503300401085304 0.9230906121376401 0.23421910307972732
vn 0.48308252114373745 -0.7301398319570345 -0.48324642115091127
vn -0.48308252114373745 0.7301398319570345 0.48324642115091127
vn 0.5274415854033022 -0.4991190861871139 -0.687521280973172
vn -0.5274415854033022 0.4991190861871139 0.687521280973172
vn 0.46333609307071383 -0.3755587943834412 -0.802667587995942
vn -0.46333609307071383 0.3755587943834412 0.802667587995942
vn 0.37505629276835595 -0.1981651961790796 -0.9055734825391942
vn -0.37505629276835595 0.1981651961790796 0.9055734825391942
vn 0.25865601301295366 -0.03468863174518078 -0.9653464485664667
vn -0.25865601301295366 0.03468863174518078 0.9653464485664667
vn 0.13052619385665662 -0.0001245371941383146 -0.9914448533366753
vn -0.13052619385665662 0.0001245371941383146 0.9914448533366753
vn 0.00000650829681107302 0.02898415915862961 -0.9995798709835594
vn -0.00000650829681107302 -0.02898415915862961 0.9995798709835594
vn -0.12838180591385664 0.17886500823934542 -0.9754616449342515
vn 0.12838180591385664 -0.17886500823934542 0.9754616449342515
vn -0.23785530106628275 0.3935091017640641 -0.8880177039808991
vn 0.23785530106628275 -0.3935091017640641 0.8880177039808991
vn 0.6097893847155388 0.00019038299522784605 0.7925634801342789
vn 0.49967730251168596 -0.027420910137834577 0.8657775043519311
vn -0.49967730251168596 0.027420910137834577 -0.8657775043519311
vn -0.6097893847155388 -0.00019038299522784605 -0.7925634801342789
vn -0.6087614245219815 0.00013669540550650762 -0.7933533319576682
vn -0.4998093016828698 0.02727865009184806 -0.865705802914852
vn 0.4998093016828698 -0.02727865009184806 0.865705802914852
vn 0.6087614245219815 -0.00013669540550650762 0.7933533319576682
vn 0.2561476049169762 -0.15639910300221713 0.9539013183109659
vn -0.2561476049169762 0.15639910300221713 -0.9539013183109659
vn -0.000312791697064796 -0.4745666955467167 0.8802194917401137
vn 0.000312791697064796 0.4745666955467167 -0.8802194917401137
vn -0.18576619883086462 -0.6970371956131373 0.6925532956413568
vn 0.18576619883086462 0.6970371956131373 -0.6925532956413568
vn -0.711034088742714 -0.696896188966549 -0.09362812851765405
vn 0.711034088742714 0.696896188966549 0.09362812851765405
vn -0.8488403917884837 -0.47591919539605043 -0.23015409777353427
vn 0.8488403917884837 0.47591919539605043 0.23015409777353427
vn -0.9128435304739903 -0.15201230507471572 -0.3789577126509673
vn 0.9128435304739903 0.15201230507471572 0.3789577126509673
vn -0.8656583565909497 -0.02683891865414334 -0.49991527493139515
vn 0.8656583565909497 0.02683891865414334 0.49991527493139515
vn -0.8671262968113655 0.0007939215970806676 -0.49808769816841025
vn 0.8671262968113655 -0.0007939215970806676 0.49808769816841025
vn 0.8660253864635655 -0.00019446309696055005 0.4999999921847359
vn 0.8657118488173073 0.026972028405357236 0.4998154704498655
vn -0.8657118488173073 -0.026972028405357236 -0.4998154704498655
vn -0.8660253864635655 0.00019446309696055005 -0.4999999921847359
vn -0.3149635867979284 0.5675720762095446 -0.7606969681144858
vn 0.3149635867979284 -0.5675720762095446 0.7606969681144858
vn 0.41181490329965453 0.5674053045463179 0.7130636057134009
vn -0.41181490329965453 -0.5674053045463179 -0.7130636057134009
vn 0.06400969926693469 -0.9918872886405001 0.10982879874219534
vn -0.06400969926693469 0.9918872886405001 -0.10982879874219534
vn 0.0769815001791802 -0.9918226023085415 0.10179280023693014
vn -0.0769815001791802 0.9918226023085415 -0.10179280023693014
vn 0.09024679874909354 -0.991893186251417 0.08946184875997346
vn -0.09024679874909354 0.991893186251417 -0.08946184875997346
vn 0.1006967032451267 -0.9918279319633829 0.0783423725247192
vn -0.1006967032451267 0.9918279319633829 -0.0783423725247192
vn 0.11031859867318673 -0.9918976880703433 0.06299827924231292
vn -0.11031859867318673 0.9918976880703433 -0.06299827924231292
vn 0.11753450096446572 -0.9918317081387819 0.049553040406622575
vn -0.11753450096446572 0.9918317081387819 -0.049553040406622575
vn 0.1228571011481966 -0.9919005092700933 0.03224147030132178
vn -0.1228571011481966 0.9919005092700933 -0.03224147030132178
vn 0.1263472982250556 -0.9918336860665828 0.017386759755748167
vn -0.1263472982250556 0.9918336860665828 -0.017386759755748167
vn 0.12700800462998968 -0.9919014361590862 -0.0007125345259751775
vn -0.12700800462998968 0.9919014361590862 0.0007125345259751775
vn 0.12653450439501232 -0.9918337344500618 -0.01596441055450337
vn -0.12653450439501232 0.9918337344500618 0.01596441055450337
vn 0.12248830271089092 -0.9919004219525765 -0.033617980744027824
vn -0.12248830271089092 0.9919004219525765 0.033617980744027824
vn 0.11808350373386499 -0.9918318313622652 -0.04822763152498432
vn -0.11808350373386499 0.9918318313622652 0.04822763152498432
vn -0.3431320840183885 -0.7275799661124656 0.5940435723320142
vn 0.3431320840183885 0.7275799661124656 -0.5940435723320142
vn -0.41774540112220404 -0.7275504019544442 0.544205101461917
vn 0.41774540112220404 0.7275504019544442 -0.544205101461917
vn -0.4851957863196188 -0.7275464794863982 0.48503728632408766
vn 0.4851957863196188 0.7275464794863982 -0.48503728632408766
vn -0.5443673176163091 -0.7275219235433883 0.4175836135134526
vn 0.5443673176163091 0.7275219235433883 -0.4175836135134526
vn -0.5942056016011702 -0.72752200196041 0.3429744009241924
vn 0.5942056016011702 0.72752200196041 -0.3429744009241924
vn -0.6339011289641825 -0.7275028332410275 0.26250521199437643
vn 0.6339011289641825 0.7275028332410275 -0.26250521199437643
vn 0.708665590521635 0.0004401762941125086 0.7055443905633808
vn 0.6086247197576831 -0.027087440879335265 0.7929957257428883
vn -0.6086247197576831 0.027087440879335265 -0.7929957257428883
vn -0.708665590521635 -0.0004401762941125086 -0.7055443905633808
vn -0.7071067722732508 0.00015877849377420692 -0.7071067722732508
vn -0.6085306645840975 0.02730179841106163 -0.7930605538446345
vn 0.6085306645840975 -0.02730179841106163 0.7930605538446345
vn 0.7071067722732508 -0.00015877849377420692 0.7071067722732508
vn 0.3765996060448059 -0.15887660255013095 0.9126505146489672
vn -0.3765996060448059 0.15887660255013095 -0.9126505146489672
vn 0.11459189749797133 -0.4745366896388452 0.8727448809442659
vn -0.11459189749797133 0.4745366896388452 -0.8727448809442659
vn -0.09378464835087094 -0.6970347877431933 0.7108775874997783
vn 0.09378464835087094 0.6970347877431933 -0.7108775874997783
vn -0.2626639979150507 -0.7275845942246484 0.6337414949695468
vn 0.2626639979150507 0.7275845942246484 -0.6337414949695468
vn -0.4400563948029846 0.474468394396583 -0.7623844909963268
vn 0.4400563948029846 -0.474468394396583 0.7623844909963268
vn -0.6627311093374373 -0.7275082102501034 0.17753670250137302
vn 0.6627311093374373 0.7275082102501034 -0.17753670250137302
vn -0.35835109518254826 0.6971379906281059 -0.6209533916522844
vn 0.35835109518254826 -0.6971379906281059 0.6209533916522844
vn -0.6802496131239051 -0.7274914140353306 0.08953606172739924
vn 0.6802496131239051 0.7274914140353306 -0.08953606172739924
vn -0.6861061983904211 -0.7275013982933095 0.0000033946299918747903
vn 0.6861061983904211 0.7275013982933095 -0.0000033946299918747903
vn -0.34280801268373046 0.7277324269257475 -0.5940439219793372
vn 0.34280801268373046 -0.7277324269257475 0.5940439219793372
vn -0.6802489980984769 -0.7274923979664158 -0.08953273974972625
vn 0.6802489980984769 0.7274923979664158 0.08953273974972625
vn -0.6927097815677932 -0.696923381455674 -0.1856096950611406
vn 0.6927097815677932 0.696923381455674 0.1856096950611406
vn -0.8158074042017426 -0.47005390242097034 -0.33690890173521915
vn 0.8158074042017426 0.47005390242097034 0.33690890173521915
vn -0.8544239575547607 -0.15568769226589874 -0.4957025753749714
vn 0.8544239575547607 0.15568769226589874 0.4957025753749714
vn -0.793073131464005 -0.02662584105634078 -0.6085442241430933
vn 0.793073131464005 0.02662584105634078 0.6085442241430933
vn -0.7946902146339528 0.0007766457143018042 -0.6070147111779717
vn 0.7946902146339528 -0.0007766457143018042 0.6070147111779717
vn 0.7933533267810481 -0.00017814490601373228 0.6087614205498211
vn 0.7930666113104281 0.026987080384879805 0.6085368086787311
vn -0.7930666113104281 -0.026987080384879805 -0.6085368086787311
vn -0.7933533267810481 0.00017814490601373228 -0.6087614205498211
vn -0.36240070181151973 0.6887137034426493 -0.6279643031389831
vn 0.36240070181151973 -0.6887137034426493 0.6279643031389831
vn 0.7836061195561329 0.1563769039026334 0.6012551150052746
vn -0.7836061195561329 -0.1563769039026334 -0.6012551150052746
vn 0.6985360091651662 0.47416570622130766 0.5359238070316071
vn -0.6985360091651662 -0.47416570622130766 -0.5359238070316071
vn 0.5071628315646771 0.696943643376209 0.507006331554937
vn -0.5071628315646771 -0.696943643376209 -0.507006331554937
vn 0.4177466044599338 0.7275497077674442 0.5442051058100263
vn -0.4177466044599338 -0.7275497077674442 -0.5442051058100263
vn 0.36271001625754645 0.6885508308625254 0.6279643281468912
vn -0.36271001625754645 -0.6885508308625254 -0.6279643281468912
vn 0.04800491986746186 -0.991816097261667 0.11830619967336485
vn -0.04800491986746186 0.991816097261667 -0.11830619967336485
vn 0.07630144743405172 -0.9798211670495052 0.1847391937873887
vn -0.07630144743405172 0.9798211670495052 -0.1847391937873887
vn 0.1470290063301098 -0.9230551397407323 0.3554598153037804
vn -0.1470290063301098 0.9230551397407323 -0.3554598153037804
vn 0.26135689870472834 -0.7301149963815867 0.6313672968709751
vn -0.26135689870472834 0.7301149963815867 -0.6313672968709751
vn 0.3315220006988053 -0.49907510105198555 0.8006355016876354
vn -0.3315220006988053 0.49907510105198555 -0.8006355016876354
vn 0.35460320152165026 -0.37552820161144235 0.8562915036744623
vn -0.35460320152165026 0.37552820161144235 -0.8562915036744623
vn 0.3750562927683559 -0.19816519617907996 0.9055734825391941
vn -0.3750562927683559 0.19816519617907996 -0.9055734825391941
vn 0.38244610416063113 -0.034715480377669916 0.923325410044857
vn -0.38244610416063113 0.034715480377669916 -0.923325410044857
vn 0.38268340995471695 -0.00018115830471266355 0.9238795240328138
vn -0.38268340995471695 0.00018115830471266355 -0.9238795240328138
vn 0.3825291970145019 0.028897419774466183 0.923491392792493
vn -0.3825291970145019 -0.028897419774466183 -0.923491392792493
vn 0.376554309355185 0.17875170444094027 0.9089855225830047
vn -0.376554309355185 -0.17875170444094027 -0.9089855225830047
vn 0.351905888495433 0.39337678713965923 0.8493626722324916
vn -0.351905888495433 -0.39337678713965923 -0.8493626722324916
vn 0.10960600386244405 -0.9918975349538219 -0.06423242226350888
vn -0.10960600386244405 0.9918975349538219 0.06423242226350888
vn 0.15841910132259512 -0.9798396081803968 -0.12172810101627284
vn -0.15841910132259512 0.9798396081803968 0.12172810101627284
vn 0.271873707790881 -0.9230691264516999 -0.27208100779682165
vn -0.271873707790881 0.9230691264516999 0.27208100779682165
vn 0.41585569225357755 -0.7301496863990127 -0.542167389900685
vn -0.41585569225357755 0.7301496863990127 0.542167389900685
vn 0.4331889135910879 -0.49909731565893134 -0.7504993235465451
vn -0.4331889135910879 0.49909731565893134 0.7504993235465451
vn 0.35460320152165026 -0.375528201611442 -0.8562915036744626
vn -0.35460320152165026 0.375528201611442 0.8562915036744626
vn 0.25364639794941973 -0.1981350983981954 -0.9467871923457888
vn -0.25364639794941973 0.1981350983981954 0.9467871923457888
vn 0.13044010144284626 -0.034658900383374706 -0.9908502109601609
vn -0.13044010144284626 0.034658900383374706 0.9908502109601609
vn -2.1383859903034997e-8 -0.0000952312395679524 -0.9999999954655052
vn 2.1383859903034997e-8 0.0000952312395679524 0.9999999954655052
vn -0.13046479444320364 0.029012608764286327 -0.9910283577898178
vn 0.13046479444320364 -0.029012608764286327 0.9910283577898178
vn -0.254606512938505 0.17889140909084147 -0.9503543482947759
vn 0.254606512938505 -0.17889140909084147 0.9503543482947759
vn -0.35172918855209967 0.39353478719143276 -0.8493626723553814
vn 0.35172918855209967 -0.39353478719143276 0.8493626723553814
vn 0.7067622086637596 -0.02719201033333015 0.706928408665797
vn 0.7946903246913558 0.0004196702130391917 0.6070149188602038
vn -0.7946903246913558 -0.0004196702130391917 -0.6070149188602038
vn -0.7067622086637596 0.02719201033333015 -0.706928408665797
vn -0.706839696554245 0.027325139866793524 -0.7068457965542152
vn 0.706839696554245 -0.027325139866793524 0.7068457965542152
vn 0.49170361153964953 -0.15642110367100173 0.8565979201032483
vn -0.49170361153964953 0.15642110367100173 -0.8565979201032483
vn -0.49379870862966335 0.1566750027380643 -0.8553454149480807
vn 0.49379870862966335 -0.1566750027380643 0.8553454149480807
vn 0.2251838985881319 -0.4738187970292298 0.8513447946622
vn -0.2251838985881319 0.4738187970292298 -0.8513447946622
vn -0.00019576009992379188 -0.6970788997286319 0.7169943997208788
vn 0.00019576009992379188 0.6970788997286319 -0.7169943997208788
vn -0.1776973005108211 -0.7276161020916563 0.6625696019046687
vn 0.1776973005108211 0.7276161020916563 -0.6625696019046687
vn -0.6627329185730073 -0.7275072203882992 -0.17753400497536853
vn 0.6627329185730073 0.7275072203882992 0.17753400497536853
vn -0.6625856023658911 -0.6968990024884137 -0.27443050097990784
vn 0.6625856023658911 0.6968990024884137 0.27443050097990784
vn -0.78178640143801 -0.15654750028795178 -0.6035751011102101
vn 0.78178640143801 0.15654750028795178 0.6035751011102101
vn -0.7069380913858957 -0.026789599673566162 -0.7067678913879697
vn 0.7069380913858957 0.026789599673566162 0.7067678913879697
vn -0.708665206392166 0.0007581482068386599 -0.7055445063640173
vn 0.708665206392166 -0.0007581482068386599 0.7055445063640173
vn 0.706851896688208 0.02700769987346148 0.7068457966882365
vn -0.706851896688208 -0.02700769987346148 -0.7068457966882365
vn -0.41156003027786137 0.5675901417567655 -0.7130636524590357
vn 0.41156003027786137 -0.5675901417567655 0.7130636524590357
vn 0.3152183919108783 0.567430585438619 0.7606969804790249
vn -0.3152183919108783 -0.567430585438619 -0.7606969804790249
vn 0.024413878882205323 -0.9976896543205653 0.06339807709730523
vn -0.024413878882205323 0.9976896543205653 -0.06339807709730523
vn 0.031518491027190516 -0.9980888325278067 0.0531532417322688
vn -0.031518491027190516 0.9980888325278067 -0.0531532417322688
vn 0.03998298802255449 -0.9976931506569183 0.05486107728672604
vn -0.03998298802255449 0.9976931506569183 -0.05486107728672604
vn 0.04419395905620219 -0.9980916786849433 0.04312649907899843
vn -0.04419395905620219 0.9980916786849433 -0.04312649907899843
vn 0.05281206162685964 -0.9976960307337257 0.04258540131183024
vn -0.05281206162685964 0.9976960307337257 -0.04258540131183024
vn 0.053842412418686675 -0.9980938448359606 0.030160761354869073
vn -0.053842412418686675 0.9980938448359606 -0.030160761354869073
vn 0.06202681002034968 -0.9976981003273235 0.02740758000899162
vn -0.06202681002034968 0.9976981003273235 -0.02740758000899162
vn 0.059806309079885676 -0.9980951846444014 0.015139609767078333
vn -0.059806309079885676 0.9980951846444014 -0.015139609767078333
vn 0.06699927111560712 -0.9976992166127233 0.010361990172537625
vn -0.06699927111560712 0.9976992166127233 -0.010361990172537625
vn 0.06167925028670409 -0.9980956046394548 -0.0009132817042454354
vn -0.06167925028670409 0.9980956046394548 0.0009132817042454354
vn 0.06739057031442036 -0.997699304654909 -0.007389758034478197
vn -0.06739057031442036 0.997699304654909 0.007389758034478197
vn 0.0593335587292019 -0.9980950786229352 -0.016903929637954156
vn -0.0593335587292019 0.9980950786229352 0.016903929637954156
vn 0.06317404732883927 -0.9976983578147549 -0.02463790895824625
vn -0.06317404732883927 0.9976983578147549 0.02463790895824625
vn -0.3626945234507931 -0.6885365445188087 0.627988940603973
vn 0.3626945234507931 0.6885365445188087 -0.627988940603973
vn -0.4415725911300497 -0.6885139861696924 0.5752930884439812
vn 0.4415725911300497 0.6885139861696924 -0.5752930884439812
vn -0.5128825779317376 -0.688504770375083 0.5127500779374387
vn 0.5128825779317376 0.688504770375083 -0.5127500779374387
vn -0.5754235945469811 -0.6884830934755694 0.44145069581657903
vn 0.5754235945469811 0.6884830934755694 -0.44145069581657903
vn -0.6281174118157492 -0.6884815129512806 0.36257650682056075
vn 0.6281174118157492 0.6884815129512806 -0.36257650682056075
vn -0.6700757807012013 -0.6884635801716158 0.2775181920072207
vn 0.6700757807012013 0.6884635801716158 -0.2775181920072207
vn -0.7005705036678298 -0.6884554036044015 0.1876969009826851
vn 0.7005705036678298 0.6884554036044015 -0.1876969009826851
vn 0.7930538006928348 -0.027354460023897787 0.6085371005316358
vn 0.8671266168363859 0.0004043094078500801 0.49808760967101584
vn -0.8671266168363859 -0.0004043094078500801 -0.49808760967101584
vn -0.7930538006928348 0.027354460023897787 -0.6085371005316358
vn -0.79305441168152 0.027343230402760006 -0.6085368089636156
vn 0.79305441168152 -0.027343230402760006 0.6085368089636156
vn 0.5997335007714222 -0.15686340020176964 0.7846742010093067
vn -0.5997335007714222 0.15686340020176964 -0.7846742010093067
vn -0.6012199704057262 0.15668789228724175 -0.783570961429735
vn 0.6012199704057262 -0.15668789228724175 0.783570961429735
vn 0.4435159991237433 -0.47395209906361063 0.760698998497083
vn -0.4435159991237433 0.47395209906361063 -0.760698998497083
vn 0.33555270304915735 -0.48295410438858966 0.8088014073495541
vn -0.33555270304915735 0.48295410438858966 -0.8088014073495541
vn 0.09339430549242493 -0.6970768409943863 0.7108877418065911
vn -0.09339430549242493 0.6970768409943863 -0.7108877418065911
vn -0.08969516423389233 -0.7276234343461024 0.6800874321022541
vn 0.08969516423389233 0.7276234343461024 -0.6800874321022541
vn -0.2776299961826806 -0.6885562905325818 0.6699341907886293
vn 0.2776299961826806 0.6885562905325818 -0.6699341907886293
vn -0.5358172971039209 0.4744428974356481 -0.6984294962250059
vn 0.5358172971039209 -0.4744428974356481 0.6984294962250059
vn -0.7190808818642763 -0.6884489826368343 0.09466088761258594
vn 0.7190808818642763 0.6884489826368343 -0.09466088761258594
vn -0.43634770000499623 0.6971335000079824 -0.5688634000065134
vn 0.43634770000499623 -0.6971335000079824 0.5688634000065134
vn -0.7252803932967697 -0.6884535936371327 0.000022525559791660043
vn 0.7252803932967697 0.6884535936371327 -0.000022525559791660043
vn -0.7190803703018407 -0.6884552715666633 -0.09461902609221598
vn 0.7190803703018407 0.6884552715666633 0.09461902609221598
vn -0.41741978787200595 0.727737278855834 -0.5442050841883009
vn 0.41741978787200595 -0.727737278855834 0.5442050841883009
vn -0.7005712047893149 -0.6884630047065396 -0.18766640128294398
vn 0.7005712047893149 0.6884630047065396 0.18766640128294398
vn -0.6339048454938183 -0.727501252211006 -0.26250061883903497
vn 0.6339048454938183 0.727501252211006 0.26250061883903497
vn -0.6210862765964199 -0.6969211737388328 -0.3585424864895136
vn 0.6210862765964199 0.6969211737388328 0.3585424864895136
vn -0.7636857932456842 -0.4761821957884708 -0.43592949614448057
vn 0.7636857932456842 0.4761821957884708 0.43592949614448057
vn -0.697637978935739 -0.15664239527038878 -0.6991168788910855
vn 0.697637978935739 0.15664239527038878 0.6991168788910855
vn -0.6084536917503802 -0.026892649635380243 -0.7931335892464282
vn 0.6084536917503802 0.026892649635380243 0.7931335892464282
vn -0.609789204426034 0.00046423540336973666 -0.792563505752665
vn 0.609789204426034 -0.00046423540336973666 0.792563505752665
vn 0.6085428644715677 0.027028508421999997 0.7930605536989096
vn -0.6085428644715677 -0.027028508421999997 -0.7930605536989096
vn 0.6984217148122188 0.1564073033171063 0.6983866148114742
vn -0.6984217148122188 -0.1564073033171063 -0.6983866148114742
vn -0.4412673155049025 0.6887270241999466 -0.5752723202134644
vn 0.4412673155049025 -0.6887270241999466 0.5752723202134644
vn 0.6225908501260513 0.474229762010828 0.622484350134583
vn -0.6225908501260513 -0.474229762010828 -0.622484350134583
vn 0.43666077794372976 0.6969374647968356 0.5688633712660152
vn -0.43666077794372976 -0.6969374647968356 -0.5688633712660152
vn 0.3431348044187511 0.7275784093694599 0.594043907649857
vn -0.3431348044187511 -0.7275784093694599 -0.594043907649857
vn 0.27764409578513916 0.6885655895470199 0.6699187898300937
vn -0.27764409578513916 -0.6885655895470199 -0.6699187898300937
vn 0.01667982000873635 -0.9980855005227648 0.05955768003119417
vn -0.01667982000873635 0.9980855005227648 -0.05955768003119417
vn 0.03339526065428618 -0.9918804194331061 0.12271100240417662
vn -0.03339526065428618 0.9918804194331061 -0.12271100240417662
vn 0.05153525139621644 -0.979814226545572 0.1931533052329969
vn -0.05153525139621644 0.979814226545572 -0.1931533052329969
vn 0.09938129733270491 -0.9230303752267838 0.37166959002475786
vn -0.09938129733270491 0.9230303752267838 -0.37166959002475786
vn 0.17671650790657417 -0.7300710326645251 0.6601269295351156
vn -0.17671650790657417 0.7300710326645251 -0.6601269295351156
vn 0.22418101514910774 -0.49905033372349483 0.8370732565655076
vn -0.22418101514910774 0.49905033372349483 -0.8370732565655076
vn 0.23979970022991878 -0.375508600360036 0.8952594008583702
vn -0.23979970022991878 0.375508600360036 -0.8952594008583702
vn 0.25364639794941973 -0.19813509839819582 0.9467871923457888
vn -0.25364639794941973 0.19813509839819582 -0.9467871923457888
vn 0.25865601301295366 -0.034688631745181206 0.9653464485664667
vn -0.25865601301295366 0.034688631745181206 -0.9653464485664667
vn 0.2588190065504101 -0.0001533482038812804 0.965925824446467
vn -0.2588190065504101 0.0001533482038812804 -0.965925824446467
vn 0.25871680381246576 0.028926070426256032 0.9655200142279586
vn -0.25871680381246576 -0.028926070426256032 -0.9655200142279586
vn 0.254686811065233 0.17877710776722708 0.9503543412895044
vn -0.254686811065233 -0.17877710776722708 -0.9503543412895044
vn 0.23803200481989462 0.3934022079659756 0.8880177179814134
vn -0.23803200481989462 -0.3934022079659756 -0.8880177179814134
vn 0.05292913210517346 -0.9980936396976138 -0.031742611262512946
vn -0.05292913210517346 0.9980936396976138 0.031742611262512946
vn 0.1015701022748989 -0.9918281222142998 -0.07720421172916829
vn -0.1015701022748989 0.9918281222142998 0.07720421172916829
vn 0.1411779948109069 -0.9798343639855223 -0.14139799480282086
vn -0.1411779948109069 0.9798343639855223 0.14139799480282086
vn 0.23401179238719635 -0.923074669970803 -0.3052402900700118
vn -0.23401179238719635 0.923074669970803 0.3052402900700118
vn 0.34154291228916334 -0.7301080262702473 -0.5918536212956722
vn -0.34154291228916334 0.7301080262702473 0.5918536212956722
vn 0.3315220006988052 -0.49907510105198516 -0.8006355016876356
vn -0.3315220006988052 0.49907510105198516 0.8006355016876356
vn 0.23979970022991873 -0.37550860036003564 -0.8952594008583704
vn -0.23979970022991873 0.37550860036003564 0.8952594008583704
vn 0.12789540469534413 -0.1981097072730778 -0.9718000356770881
vn -0.12789540469534413 0.1981097072730778 0.9718000356770881
vn -0.00000777617486464086 -0.034630549397189084 -0.9994001826035355
vn 0.00000777617486464086 0.034630549397189084 0.9994001826035355
vn -0.13052619458526882 -0.00006591876726521453 -0.9914448588710342
vn 0.13052619458526882 0.00006591876726521453 0.9914448588710342
vn -0.25870380273973764 0.029042250307564865 -0.9655200102250971
vn 0.25870380273973764 -0.029042250307564865 0.9655200102250971
vn -0.3764740066713284 0.17892080317057615 -0.908985516107728
vn 0.3764740066713284 -0.17892080317057615 0.908985516107728
vn -0.45958340443158346 0.39355890379493513 -0.796174907677204
vn 0.45958340443158346 -0.39355890379493513 0.796174907677204
vn 0.865762828665859 -0.027142740898710424 0.4997179165459209
vn 0.9251428266700673 0.0003959685114149173 0.3796190109436773
vn -0.9251428266700673 -0.0003959685114149173 -0.3796190109436773
vn -0.865762828665859 0.027142740898710424 -0.4997179165459209
vn -0.8656996486881672 0.027360808378267643 -0.49981547037488944
vn 0.8656996486881672 -0.027360808378267643 0.49981547037488944
vn 0.6960589562289256 -0.15678169014091714 0.7006578559397276
vn -0.6960589562289256 0.15678169014091714 -0.7006578559397276
vn -0.6983514134647985 0.15672090302171007 -0.6983866134654771
vn 0.6983514134647985 -0.15672090302171007 0.6983866134654771
vn 0.5370688025597424 -0.47493850226362117 0.6971302033226167
vn -0.5370688025597424 0.47493850226362117 -0.6971302033226167
vn 0.18537749979031026 -0.697120699211452 0.6925733992165954
vn -0.18537749979031026 0.697120699211452 -0.6925733992165954
vn -0.00016240940142484586 -0.7276560063838525 0.6859422060178898
vn 0.00016240940142484586 0.7276560063838525 -0.6859422060178898
vn -0.1878069067940023 -0.6885739249094824 0.7004245253381832
vn 0.1878069067940023 0.6885739249094824 -0.7004245253381832
vn -0.6700962847339303 -0.6884595843155793 -0.2774785936785093
vn 0.6700962847339303 0.6884595843155793 0.2774785936785093
vn -0.5942072775490254 -0.7275225725119642 -0.3429702870415301
vn 0.5942072775490254 0.7275225725119642 0.3429702870415301
vn -0.6992455301275747 -0.4748220204581013 -0.5344153230257285
vn 0.6992455301275747 0.4748220204581013 0.5344153230257285
vn -0.5993427243602046 -0.1565327063622507 -0.7850387319077939
vn 0.5993427243602046 0.1565327063622507 0.7850387319077939
vn -0.4997918955317637 -0.026967759758902813 -0.8657255922602455
vn 0.4997918955317637 0.026967759758902813 0.8657255922602455
vn -0.5017321011421645 0.0003236475007369572 -0.8650230019691755
vn 0.5017321011421645 -0.0003236475007369572 0.8650230019691755
vn 0.4998215016962827 0.02705419009181569 0.8657058029380124
vn -0.4998215016962827 -0.02705419009181569 -0.8657058029380124
vn 0.6012902710311884 0.15641789246413787 0.783570962249315
vn -0.6012902710311884 -0.15641789246413787 -0.783570962249315
vn -0.5011099839310817 0.5676138817985248 -0.6532252790532538
vn 0.5011099839310817 -0.5676138817985248 0.6532252790532538
vn 0.21323251648275687 0.5674498438635623 0.7953191614777363
vn -0.21323251648275687 -0.5674498438635623 -0.7953191614777363
vn 0.007685917882975498 -0.9997880847773937 0.01909743970922535
vn -0.007685917882975498 0.9997880847773937 -0.01909743970922535
vn 0.012359160422268325 -0.9997891341592203 0.016399340560306615
vn -0.012359160422268325 0.9997891341592203 -0.016399340560306615
vn 0.016174839854038076 -0.9997899909778846 0.0125836598864447
vn -0.016174839854038076 0.9997899909778846 -0.0125836598864447
vn 0.018872939939514895 -0.9997905967958124 0.00791041697464801
vn -0.018872939939514895 0.9997905967958124 -0.00791041697464801
vn 0.02026957021371404 -0.9997909105413856 0.0026980960284473964
vn -0.02026957021371404 0.9997909105413856 -0.0026980960284473964
vn 0.02026957021371404 -0.9997909105413856 -0.00269809602844784
vn -0.02026957021371404 0.9997909105413856 0.00269809602844784
vn 0.018872939939514895 -0.9997905967958124 -0.007910416974648452
vn -0.018872939939514895 0.9997905967958124 0.007910416974648452
vn -0.4118227862685745 -0.5673147810839982 0.7131310762220388
vn 0.4118227862685745 0.5673147810839982 -0.7131310762220388
vn -0.5013755153358915 -0.5672988173523297 0.6532952199827559
vn 0.5013755153358915 0.5672988173523297 -0.6532952199827559
vn -0.5823596295901128 -0.567275628823684 0.5822848295863121
vn 0.5823596295901128 0.567275628823684 -0.5822848295863121
vn -0.6533793167857167 -0.5672662145734182 0.5013028128787775
vn 0.6533793167857167 0.5672662145734182 -0.5013028128787775
vn -0.7132231812849205 -0.5672426851154699 0.4117625891952899
vn 0.7132231812849205 0.5672426851154699 -0.4117625891952899
vn -0.7608710811583785 -0.5672417859532644 0.315137992196167
vn 0.7608710811583785 0.5672417859532644 -0.315137992196167
vn -0.7954991260822808 -0.5672310185979824 0.21314340698839998
vn 0.7954991260822808 0.5672310185979824 -0.21314340698839998
vn -0.8165119159151646 -0.5672290110562295 0.10751530209565054
vn 0.8165119159151646 0.5672290110562295 -0.10751530209565054
vn 0.9235267994159427 -0.027353969982700874 0.38255719975806296
vn 0.9664418734977075 -0.00000602610883480582 0.25688539295554963
vn -0.9664418734977075 0.00000602610883480582 -0.25688539295554963
vn -0.9235267994159427 0.027353969982700874 -0.38255719975806296
vn -0.9235324682601794 0.02737252905926526 -0.3825421868528496
vn 0.9235324682601794 -0.02737252905926526 0.3825421868528496
vn 0.7827033646863465 -0.15684869292337233 0.6023071728253796
vn -0.7827033646863465 0.15684869292337233 -0.6023071728253796
vn -0.7835358149235798 0.15672880298512826 -0.6012551114517786
vn 0.7835358149235798 -0.15672880298512826 0.6012551114517786
vn 0.6232913998192923 -0.4748709998623231 0.6212932998198715
vn -0.6232913998192923 0.4748709998623231 -0.6212932998198715
vn -0.6223777906759436 0.47450929289121274 -0.6224843906743466
vn 0.6223777906759436 -0.47450929289121274 0.6224843906743466
vn 0.3583132856327662 -0.6971408720468476 0.6209719751009801
vn -0.3583132856327662 0.6971408720468476 -0.6209719751009801
vn 0.2742002798014608 -0.6971070486486883 0.6624620512007581
vn -0.2742002798014608 0.6971070486486883 -0.6624620512007581
vn 0.0893751290328513 -0.7276636921257851 0.6800864926406285
vn -0.0893751290328513 0.7276636921257851 -0.6800864926406285
vn -0.09478464920553628 -0.6885887942284029 0.7189306939740836
vn 0.09478464920553628 0.6885887942284029 -0.7189306939740836
vn -0.31519849957628177 -0.5673372992373343 0.7607747989772978
vn 0.31519849957628177 0.5673372992373343 -0.7607747989772978
vn -0.8235650019422733 -0.5672219013377207 0.00004710249011095928
vn 0.8235650019422733 0.5672219013377207 -0.00004710249011095928
vn -0.5068498178554527 0.6971713245601542 -0.5070063178609657
vn 0.5068498178554527 -0.6971713245601542 0.5070063178609657
vn -0.8165273280406146 -0.5672231194791826 -0.10742930368926268
vn 0.8165273280406146 0.5672231194791826 0.10742930368926268
vn -0.7955142995518313 -0.5672270996804413 -0.2130971998799476
vn 0.7955142995518313 0.5672270996804413 0.2130971998799476
vn -0.4848714222789963 0.7277643334395021 -0.485034822286504
vn 0.4848714222789963 -0.7277643334395021 0.485034822286504
vn -0.7608851508385273 -0.5672473633496383 -0.31509397964149516
vn 0.7608851508385273 0.5672473633496383 0.31509397964149516
vn -0.6281448056200116 -0.6884750061597857 -0.36254140324365813
vn 0.6281448056200116 0.6884750061597857 0.36254140324365813
vn -0.5443704720442744 -0.7275213626387016 -0.4175804785554768
vn 0.5443704720442744 0.7275213626387016 0.4175804785554768
vn -0.5689928051854988 -0.6969099063512674 -0.4365361039783588
vn 0.5689928051854988 0.6969099063512674 0.4365361039783588
vn -0.6236661125154885 -0.4747366095268291 -0.6210199124623856
vn 0.6236661125154885 0.4747366095268291 0.6210199124623856
vn -0.49135201526765127 -0.156255704855292 -0.8568298266240466
vn 0.49135201526765127 0.156255704855292 0.8568298266240466
vn -0.38268439788691827 -0.027103139850343454 -0.9234814949007801
vn 0.38268439788691827 0.027103139850343454 0.9234814949007801
vn -0.3849098850250774 0.0004195058836793246 -0.9229540640924635
vn 0.3849098850250774 -0.0004195058836793246 0.9229540640924635
vn 0.382548293526327 0.027079259541751062 0.9235385843714194
vn -0.382548293526327 -0.027079259541751062 -0.9235385843714194
vn 0.4938690132721373 0.156453204204492 0.8553454229863822
vn -0.4938690132721373 -0.156453204204492 -0.8553454229863822
vn -0.5125760974318758 0.6887473965492171 -0.5127306974311011
vn 0.5125760974318758 -0.6887473965492171 0.5127306974311011
vn 0.5360303065735594 0.47420220581533595 0.6984295085651275
vn -0.5360303065735594 -0.47420220581533595 -0.6984295085651275
vn 0.3586640999767998 0.6969769999549158 0.6209533999598338
vn -0.3586640999767998 -0.6969769999549158 -0.6209533999598338
vn 0.2626672126484602 0.7275845350360591 0.6337402305170868
vn -0.2626672126484602 -0.7275845350360591 -0.6337402305170868
vn 0.18782710113798243 0.68859010417194 0.7004032042435121
vn -0.18782710113798243 -0.68859010417194 -0.7004032042435121
vn 0.001769938053870672 -0.9999707304355822 0.00744349322655346
vn -0.001769938053870672 0.9999707304355822 -0.00744349322655346
vn 0.007165731866108675 -0.9976857813582933 0.06761459873662454
vn -0.007165731866108675 0.9976857813582933 -0.06761459873662454
vn 0.0036284961733039772 -0.9999711477605512 0.006673654318746384
vn -0.0036284961733039772 0.9999711477605512 -0.006673654318746384
vn 0.015741699147261243 -0.991808846273027 0.12675729313346928
vn -0.015741699147261243 0.991808846273027 -0.12675729313346928
vn 0.025880041489439246 -0.9798098563896798 0.19824951140958744
vn -0.025880041489439246 0.9798098563896798 -0.19824951140958744
vn 0.005224475032089389 -0.9999715061419521 0.00544901503346832
vn -0.005224475032089389 0.9999715061419521 -0.00544901503346832
vn 0.05001229189423824 -0.9230333349603064 0.3814554144477966
vn -0.05001229189423824 0.9230333349603064 -0.3814554144477966
vn 0.08903597280838246 -0.730076323028148 0.6775405213710576
vn -0.08903597280838246 0.730076323028148 -0.6775405213710576
vn 0.006449112878304777 -0.9999717811304606 0.0038530359272927125
vn -0.006449112878304777 0.9999717811304606 -0.0038530359272927125
vn 0.11300219720221592 -0.4990260876447781 0.8591876787276559
vn -0.11300219720221592 0.4990260876447781 -0.8591876787276559
vn 0.12089299648591327 -0.37547568908576884 0.9189139732892434
vn -0.12089299648591327 0.37547568908576884 -0.9189139732892434
vn 0.007218952667896028 -0.9999719539968368 0.001994477908244912
vn -0.007218952667896028 0.9999719539968368 -0.001994477908244912
vn 0.12789540469534413 -0.19810970727307822 0.9718000356770881
vn -0.12789540469534413 0.19810970727307822 -0.9718000356770881
vn 0.13044010144284626 -0.034658900383375144 0.9908502109601609
vn -0.13044010144284626 0.034658900383375144 -0.9908502109601609
vn 0.007481531096922847 -0.9999720129545856 0
vn -0.007481531096922847 0.9999720129545856 0
vn 0.13052619385665662 -0.0001245371941387549 0.9914448533366753
vn -0.13052619385665662 0.0001245371941387549 -0.9914448533366753
vn 0.13047789300187512 0.028954018447063627 0.9910283468466268
vn -0.13047789300187512 -0.028954018447063627 -0.9910283468466268
vn 0.007218952667896028 -0.9999719539968368 -0.001994477908245356
vn -0.007218952667896028 0.9999719539968368 0.001994477908245356
vn 0.12846210446369014 0.17880740621304494 0.9754616338944977
vn -0.12846210446369014 -0.17880740621304494 -0.9754616338944977
vn 0.12008679924609447 0.3934288975300513 0.9114783942777341
vn -0.12008679924609447 -0.3934288975300513 -0.9114783942777341
vn 0.006449112878304777 -0.9999717811304606 -0.003853035927293157
vn -0.006449112878304777 0.9999717811304606 0.003853035927293157
vn 0.0546370622030843 -0.9976964402292743 -0.040207021621234136
vn -0.0546370622030843 0.9976964402292743 0.040207021621234136
vn 0.08923912635767936 -0.9918929595156032 -0.09046952630746047
vn -0.08923912635767936 0.9918929595156032 0.09046952630746047
vn 0.12150810249856445 -0.9798313201482177 -0.1586391032620874
vn -0.12150810249856445 0.9798313201482177 0.1586391032620874
vn 0.19218310371344938 -0.9230512178356156 -0.33322980643881817
vn -0.19218310371344938 0.9230512178356156 0.33322980643881817
vn 0.26135689870472834 -0.7301149963815864 -0.6313672968709754
vn -0.26135689870472834 0.7301149963815864 0.6313672968709754
vn 0.22418101514910768 -0.49905033372349444 -0.8370732565655078
vn -0.22418101514910768 0.49905033372349444 0.8370732565655078
vn 0.12089299648591324 -0.37547568908576834 -0.9189139732892435
vn -0.12089299648591324 0.37547568908576834 0.9189139732892435
vn -0.000044477791726887576 -0.19807810769054848 -0.9801862380565529
vn 0.000044477791726887576 0.19807810769054848 0.9801862380565529
vn -0.13045570065523815 -0.034600310173786314 -0.9908502049767304
vn 0.13045570065523815 0.034600310173786314 0.9908502049767304
vn -0.25881910271657566 -0.000037114280389338494 -0.9659258101383961
vn 0.25881910271657566 0.000037114280389338494 0.9659258101383961
vn -0.3825161092562791 0.029069210703428692 -0.9234914223470179
vn 0.3825161092562791 -0.029069210703428692 0.9234914223470179
vn -0.4918994080853973 0.17894470294133127 -0.8520644140054638
vn 0.4918994080853973 -0.17894470294133127 0.8520644140054638
vn -0.559572482649619 0.3935814877964179 -0.7293642773849704
vn 0.559572482649619 -0.3935814877964179 0.7293642773849704
vn 0.965531872384594 -0.027545569212162703 0.2588231925973365
vn 0.9916132200316916 0.00010464570211393107 0.1292409026108102
vn -0.9916132200316916 -0.00010464570211393107 -0.1292409026108102
vn -0.965531872384594 0.027545569212162703 -0.2588231925973365
vn -0.9655632074930662 0.027383240212502383 -0.2587235020077736
vn 0.9655632074930662 -0.027383240212502383 0.2587235020077736
vn 0.8547949963392977 -0.15615809933124522 0.4949142978805047
vn -0.8547949963392977 0.15615809933124522 -0.4949142978805047
vn -0.8553102148602924 0.15675620272350668 -0.4938339085799469
vn 0.8553102148602924 -0.15675620272350668 0.4938339085799469
vn 0.6992309827322638 -0.47467618827771746 0.5345638867987711
vn -0.6992309827322638 0.47467618827771746 -0.5345638867987711
vn -0.6983230216955244 0.47447931474114025 -0.5359238166501
vn 0.6983230216955244 -0.47447931474114025 0.5359238166501
vn 0.4363132972691609 -0.697135695636701 0.5688870964393952
vn -0.4363132972691609 0.697135695636701 -0.5688870964393952
vn 0.1773724994329348 -0.7276958976735346 0.6625689978817468
vn -0.1773724994329348 0.7276958976735346 -0.6625689978817468
vn -0.0001365225962781838 -0.6886194812271728 0.7251228802320335
vn 0.0001365225962781838 0.6886194812271728 -0.7251228802320335
vn -0.21320039369894672 -0.567357183231983 0.7953938764924484
vn 0.21320039369894672 0.567357183231983 -0.7953938764924484
vn -0.7132715094173595 -0.567244907489363 -0.4116758054353765
vn 0.7132715094173595 0.567244907489363 0.4116758054353765
vn -0.5754453052302541 -0.6884868062576942 -0.4414166040120599
vn 0.5754453052302541 0.6884868062576942 0.4414166040120599
vn -0.507131101776285 -0.6969466024411355 -0.507034001775945
vn 0.507131101776285 0.6969466024411355 0.507034001775945
vn -0.5370834755824322 -0.4745597784249633 -0.697376768294976
vn 0.5370834755824322 0.4745597784249633 0.697376768294976
vn -0.37742630774773567 -0.1587630032590566 -0.9123287187281108
vn 0.37742630774773567 0.1587630032590566 0.9123287187281108
vn -0.25862479997318494 -0.02727191999717215 -0.9655927998998842
vn 0.25862479997318494 0.02727191999717215 0.9655927998998842
vn -0.26075159722207253 0.0002695360971287009 -0.9654058897150102
vn 0.26075159722207253 -0.0002695360971287009 0.9654058897150102
vn 0.2587296076876279 0.027108330805469108 0.9655693286899432
vn -0.2587296076876279 -0.027108330805469108 -0.9655693286899432
vn 0.37799990716776655 0.15646800296700084 0.9124877173029116
vn -0.37799990716776655 -0.15646800296700084 -0.9124877173029116
vn -0.5820866139170741 0.567628413571394 -0.58221401392012
vn 0.5820866139170741 -0.567628413571394 0.58221401392012
vn 0.10759910024278609 0.5674772012804526 0.8163284018419595
vn -0.10759910024278609 -0.5674772012804526 -0.8163284018419595
vn 0.0024735970358685253 -0.9997869144974634 0.02049407029717513
vn -0.0024735970358685253 0.9997869144974634 -0.02049407029717513
vn 0.016174839854038076 -0.9997899909778846 -0.012583659886445145
vn -0.016174839854038076 0.9997899909778846 0.012583659886445145
vn -0.45976309825719675 -0.39324209850935504 0.7962276969817754
vn 0.45976309825719675 0.39324209850935504 -0.7962276969817754
vn -0.5597595881595623 -0.39323279168205705 0.7294087845710203
vn 0.5597595881595623 0.39323279168205705 -0.7294087845710203
vn -0.6501751176458114 -0.3932030106715654 0.650125917644476
vn 0.6501751176458114 0.3932030106715654 -0.650125917644476
vn -0.7294741116860513 -0.39319470629891257 0.5597012089663181
vn 0.7294741116860513 0.39319470629891257 -0.5597012089663181
vn -0.7962888961709613 -0.39317019810939996 0.4597185977893948
vn 0.7962888961709613 0.39317019810939996 -0.4597185977893948
vn -0.8494852059035144 -0.3931564027322484 0.35185640244523303
vn 0.8494852059035144 0.3931564027322484 -0.35185640244523303
vn -0.8881417856214464 -0.3931573936349864 0.2379735961473312
vn 0.8881417856214464 0.3931573936349864 -0.2379735961473312
vn -0.911603413664475 -0.39315760589323406 0.1200263017991336
vn 0.911603413664475 0.39315760589323406 -0.1200263017991336
vn -0.9194725958354136 -0.393154098219279 0.000023686949892626904
vn 0.9194725958354136 0.393154098219279 -0.000023686949892626904
vn 0.9910731895850021 -0.027353689712545357 0.13048259862878342
vn 0.9999944735595737 0.0003799339899543286 -0.003302801912672027
vn -0.9999944735595737 -0.0003799339899543286 0.003302801912672027
vn -0.9910731895850021 0.027353689712545357 -0.13048259862878342
vn -0.9910728565366493 0.02738769879891663 -0.13047799427790724
vn 0.9910728565366493 -0.02738769879891663 0.13047799427790724
vn 0.9123552027257067 -0.15224310045483394 0.380039501135387
vn -0.9123552027257067 0.15224310045483394 -0.380039501135387
vn -0.9124525170372543 0.1567578029269716 -0.3779648070573344
vn 0.9124525170372543 -0.1567578029269716 0.3779648070573344
vn 0.7635545947316412 -0.47666679671110407 0.4356295969942516
vn -0.7635545947316412 0.47666679671110407 -0.4356295969942516
vn -0.7622779985604761 0.47454069910385366 -0.44016289916877427
vn 0.7622779985604761 -0.47454069910385366 0.44016289916877427
vn 0.5068181180454495 -0.6971742248231502 0.5070340180531365
vn -0.5068181180454495 0.6971742248231502 -0.5070340180531365
vn 0.3428109859584537 -0.7277323701920647 0.5940422756680139
vn -0.3428109859584537 0.7277323701920647 -0.5940422756680139
vn 0.26234178998734664 -0.7277040722261231 0.6337377758124823
vn -0.26234178998734664 0.7277040722261231 -0.6337377758124823
vn 0.09451586839060852 -0.6886338882741225 0.7189228877583691
vn -0.09451586839060852 0.6886338882741225 -0.7189228877583691
vn -0.10758620296223284 -0.5673940156223861 0.8163879224780783
vn 0.10758620296223284 0.5673940156223861 -0.8163879224780783
vn -0.3518982958124349 -0.3932718953200921 0.8494143898920282
vn 0.3518982958124349 0.3932718953200921 -0.8494143898920282
vn -0.9116147253757899 -0.3931462109436535 -0.11997770333971029
vn 0.9116147253757899 0.3931462109436535 0.11997770333971029
vn -0.5687069050730106 0.6971632062188736 -0.4365042038937286
vn 0.5687069050730106 -0.6971632062188736 0.4365042038937286
vn -0.888157781663956 -0.39314589188349125 -0.23793289508786833
vn 0.888157781663956 0.39314589188349125 0.23793289508786833
vn -0.849496677975359 -0.3931676898064613 -0.35181609087857174
vn 0.849496677975359 0.3931676898064613 0.35181609087857174
vn -0.544041696094428 0.7277656947755086 -0.41758319700224944
vn 0.544041696094428 -0.7277656947755086 0.41758319700224944
vn -0.7963103306788356 -0.3931817151478095 -0.45967161770941495
vn 0.7963103306788356 0.3931817151478095 0.45967161770941495
vn -0.6534237113661814 -0.567265009867467 -0.5012463087190845
vn 0.6534237113661814 0.567265009867467 0.5012463087190845
vn -0.5129139113494436 -0.6885009152347247 -0.5127239113452396
vn 0.5129139113494436 0.6885009152347247 0.5127239113452396
vn -0.485198486109653 -0.7275470791716552 -0.48503368611437114
vn 0.485198486109653 0.7275470791716552 0.48503368611437114
vn -0.43662641052891205 -0.6969396168061658 -0.5688871137182779
vn 0.43662641052891205 0.6969396168061658 0.5688871137182779
vn -0.44378080526400365 -0.47405660562312657 -0.760479409020594
vn 0.44378080526400365 0.47405660562312657 0.760479409020594
vn -0.2562047944974321 -0.15628549664342106 -0.9539045795127771
vn 0.2562047944974321 0.15628549664342106 0.9539045795127771
vn -0.13058050006081548 -0.027237310012685065 -0.99106350046157
vn 0.13058050006081548 0.027237310012685065 0.99106350046157
vn -0.1338113035365447 0.0006339480167550489 -0.991006626191653
vn 0.1338113035365447 -0.0006339480167550489 0.991006626191653
vn 0.13048409742347736 0.027135859464178506 0.9910789804302788
vn -0.13048409742347736 -0.027135859464178506 -0.9910789804302788
vn 0.25566240760479475 0.156506704655363 0.9540138283775759
vn -0.25566240760479475 -0.156506704655363 -0.9540138283775759
vn 0.44026940719948354 0.47427070775548785 0.7623845124668549
vn -0.44026940719948354 -0.47427070775548785 -0.7623845124668549
vn -0.5751177126565322 0.688757015157376 -0.4414220097143101
vn 0.5751177126565322 -0.688757015157376 0.4414220097143101
vn 0.27455458144798783 0.6969738529045651 0.6624554552370187
vn -0.27455458144798783 -0.6969738529045651 -0.6624554552370187
vn 0.17769850487529093 0.7276155199626739 0.6625699181780998
vn -0.17769850487529093 -0.7276155199626739 -0.6625699181780998
vn 0.09480110787394097 0.6886065845569499 0.718911483877317
vn -0.09480110787394097 -0.6886065845569499 -0.718911483877317
vn 0.0006891657068791619 -0.9980819099627231 0.061903360617911025
vn -0.0006891657068791619 0.9980819099627231 -0.061903360617911025
vn 0.0004898127149226414 -0.9918730302184185 0.1272307038762123
vn -0.0004898127149226414 0.9918730302184185 -0.1272307038762123
vn -0.00022001140170940323 -0.9798026076126861 0.19996700155366584
vn 0.00022001140170940323 0.9798026076126861 -0.19996700155366584
vn -0.00020725840817049918 -0.923008036386637 0.3847806151687436
vn 0.00020725840817049918 0.923008036386637 -0.3847806151687436
vn -0.0001639260990820838 -0.7300312959121366 0.6834136961731748
vn 0.0001639260990820838 0.7300312959121366 -0.6834136961731748
vn -0.0001120487978173492 -0.49899999027974656 0.8666019831190556
vn 0.0001120487978173492 0.49899999027974656 -0.8666019831190556
vn -0.00008430711328644864 -0.3754547146359258 0.9268407361299816
vn 0.00008430711328644864 0.3754547146359258 -0.9268407361299816
vn -0.00004447779172688757 -0.19807810769054884 0.9801862380565528
vn 0.00004447779172688757 0.19807810769054884 -0.9801862380565528
vn -0.00000777617486464086 -0.034630549397189535 0.9994001826035355
vn 0.00000777617486464086 0.034630549397189535 -0.9994001826035355
vn -2.1383859903034997e-8 -0.00009523123956839649 0.9999999954655052
vn 2.1383859903034997e-8 0.00009523123956839649 -0.9999999954655052
vn 0.00000650829681107302 0.028984159158629164 0.9995798709835594
vn -0.00000650829681107302 -0.028984159158629164 -0.9995798709835594
vn 0.000040156640945792595 0.17883420421200713 0.9838792231728966
vn -0.000040156640945792595 -0.17883420421200713 -0.9838792231728966
vn 0.00008834916776790133 0.3934556900595335 0.9193435767732329
vn -0.00008834916776790133 -0.3934556900595335 -0.9193435767732329
vn 0.042902379511030625 -0.9980913886244975 -0.04441807949375603
vn -0.042902379511030625 0.9980913886244975 0.04441807949375603
vn 0.0781196564173086 -0.99182285451343 -0.10091949537167202
vn -0.0781196564173086 0.99182285451343 0.10091949537167202
vn 0.09976347607510687 -0.9798250614517375 -0.17317649318689332
vn -0.09976347607510687 0.9798250614517375 0.17317649318689332
vn 0.14702900633010976 -0.9230551397407322 -0.35545981530378074
vn -0.14702900633010976 0.9230551397407322 0.35545981530378074
vn 0.1767165079065742 -0.7300710326645249 -0.6601269295351161
vn -0.1767165079065742 0.7300710326645249 0.6601269295351161
vn 0.11300219720221591 -0.4990260876447777 -0.8591876787276561
vn -0.11300219720221591 0.4990260876447777 0.8591876787276561
vn -0.00008430711328644863 -0.3754547146359252 -0.9268407361299819
vn 0.00008430711328644863 0.3754547146359252 0.9268407361299819
vn -0.12798440508301592 -0.19805220786582164 -0.9718000385959139
vn 0.12798440508301592 0.19805220786582164 0.9718000385959139
vn -0.25867160978795006 -0.03457247130819756 -0.965346436528024
vn 0.25867160978795006 0.03457247130819756 0.965346436528024
vn -0.3826834162176917 -0.000009297692393820578 -0.923879539152973
vn 0.3826834162176917 0.000009297692393820578 0.923879539152973
vn -0.49978338701582153 0.029096379244087554 -0.8656615775104483
vn 0.49978338701582153 -0.029096379244087554 0.8656615775104483
vn -0.5989073002704846 0.17897070008082872 -0.7805636003525259
vn 0.5989073002704846 -0.17897070008082872 0.7805636003525259
vn -0.6499857113039471 0.3936016068451533 -0.6500741113054843
vn 0.6499857113039471 -0.3936016068451533 0.6500741113054843
vn 0.9996220530842431 -0.027490768709762137 -0.00009286220564165821
vn 0.9911820420194827 -0.000006127952259754725 -0.13250720561741836
vn -0.9911820420194827 0.000006127952259754725 0.13250720561741836
vn -0.9996220530842431 0.027490768709762137 0.00009286220564165821
vn -0.999624799459096 0.0273908799851786 0
vn 0.999624799459096 -0.0273908799851786 0
vn 0.9539917109564517 -0.15616290179350756 0.25595500293960477
vn -0.9539917109564517 0.15616290179350756 -0.25595500293960477
vn -0.9539786710064804 0.15677829523516126 -0.2556271922309248
vn 0.9539786710064804 -0.15677829523516126 0.2556271922309248
vn 0.8154936756035897 -0.4705033859243622 0.3370409899170396
vn -0.8154936756035897 0.4705033859243622 -0.3370409899170396
vn -0.8132319027807408 0.47450510162250864 -0.33689580115197126
vn 0.8132319027807408 -0.47450510162250864 0.33689580115197126
vn 0.5686797782512943 -0.6971653733374652 0.43653608330502475
vn -0.5686797782512943 0.6971653733374652 -0.43653608330502475
vn 0.41742020850709494 -0.7277379148314228 0.5442039110909681
vn -0.41742020850709494 0.7277379148314228 -0.5442039110909681
vn 0.18752970195639512 -0.6886624071844396 0.7004118073070145
vn -0.18752970195639512 0.6886624071844396 -0.7004118073070145
vn -0.00008698239264966176 -0.5674046172843065 0.8234391250836414
vn 0.00008698239264966176 0.5674046172843065 -0.8234391250836414
vn -0.23801959380092136 -0.3933070897565512 0.8880631768709232
vn 0.23801959380092136 0.3933070897565512 -0.8880631768709232
vn -0.729504518207605 -0.393187109813504 -0.5596669139686512
vn 0.729504518207605 0.393187109813504 0.5596669139686512
vn -0.5824112692879112 -0.567276870085988 -0.5822319692973663
vn 0.5824112692879112 0.567276870085988 0.5822319692973663
vn -0.41774899557129885 -0.7275487922870043 -0.5442044942307006
vn 0.41774899557129885 0.7275487922870043 0.5442044942307006
vn -0.35862629482866265 -0.6969798899496544 -0.6209719910456772
vn 0.35862629482866265 0.6969798899496544 0.6209719910456772
vn -0.33576960748480655 -0.4828033107624075 -0.8088014180293931
vn 0.33576960748480655 0.4828033107624075 0.8088014180293931
vn -0.2253998090097445 -0.47371281893538164 -0.851346634030267
vn 0.2253998090097445 0.47371281893538164 0.851346634030267
vn -0.12891600542125783 -0.15666720658826877 -0.9792017411780142
vn 0.12891600542125783 0.15666720658826877 0.9792017411780142
vn -4.488947834705173e-7 -0.027135549000797732 -0.999631763190938
vn 4.488947834705173e-7 0.027135549000797732 0.999631763190938
vn -0.002206773967319171 0.0005998002911175856 -0.9999973851907153
vn 0.002206773967319171 -0.0005998002911175856 0.9999973851907153
vn 0.000006100130150527918 0.027166420670363303 0.999630924667074
vn -0.000006100130150527918 -0.027166420670363303 -0.999630924667074
vn 0.1289519041044857 0.15652390498209082 0.9792199311681646
vn -0.1289519041044857 -0.15652390498209082 -0.9792199311681646
vn 0.227951603986249 0.47431840829452915 0.8503294148699319
vn -0.227951603986249 -0.47431840829452915 -0.8503294148699319
vn 0.3370022957403819 0.4742468940056471 0.8133383897196225
vn -0.3370022957403819 -0.4742468940056471 -0.8133383897196225
vn -0.6530978836571498 0.5676479857954128 -0.5012373874572437
vn 0.6530978836571498 -0.5676479857954128 0.5012373874572437
vn 0.00012742969704563053 0.5674976868429582 0.8233749809106201
vn -0.00012742969704563053 -0.5674976868429582 -0.8233749809106201
vn -0.0002245399960895733 -0.9999702825852383 0.007706070865796403
vn 0.0002245399960895733 0.9999702825852383 -0.007706070865796403
vn 0.005224475032089389 -0.9999715061419521 -0.005449015033468764
vn -0.005224475032089389 0.9999715061419521 0.005449015033468764
vn -0.4919692819004062 -0.17869599342575862 0.852076268652038
vn 0.4919692819004062 0.17869599342575862 -0.852076268652038
vn -0.5989788976991363 -0.17867459931365562 0.7805764970015636
vn 0.5989788976991363 0.17867459931365562 -0.7805764970015636
vn -0.6957408077436231 -0.17865020198838408 0.6957218077434115
vn 0.6957408077436231 0.17865020198838408 -0.6957218077434115
vn -0.7805986149952956 -0.1786339034315566 0.5989622115060612
vn 0.7805986149952956 0.1786339034315566 -0.5989622115060612
vn -0.8521014126767213 -0.1786151026572588 0.4919551073188211
vn 0.8521014126767213 0.1786151026572588 -0.4919551073188211
vn -0.9090245958610655 -0.17860499918678296 0.37652959828560056
vn 0.9090245958610655 0.17860499918678296 -0.37652959828560056
vn -0.9503954980787707 -0.17859299963897343 0.25466239948519864
vn 0.9503954980787707 0.17859299963897343 -0.25466239948519864
vn -0.9755047205422079 -0.17859010376075582 0.12843720270463446
vn 0.9755047205422079 0.17859010376075582 -0.12843720270463446
vn -0.9839243970730575 -0.17858549946875035 0.000014963869955446367
vn 0.9839243970730575 0.17858549946875035 -0.000014963869955446367
vn -0.9755085673419394 -0.1785900940211636 -0.12840799570115918
vn 0.9755085673419394 0.1785900940211636 0.12840799570115918
vn 0.9910817956581202 -0.027547099879317503 -0.13037649942882706
vn 0.9655835658415054 0.00011624999588759666 -0.2600929907989476
vn -0.9655835658415054 -0.00011624999588759666 0.2600929907989476
vn -0.9910817956581202 0.027547099879317503 0.13037649942882706
vn -0.9910728565366493 0.02738769879891657 0.13047799427790724
vn 0.9910728565366493 -0.02738769879891657 -0.13047799427790724
vn 0.9791554568043133 -0.15691909307747517 0.12896119431084477
vn -0.9791554568043133 0.15691909307747517 -0.12896119431084477
vn -0.9791847474548092 0.15677280759777326 -0.1289167062477665
vn 0.9791847474548092 -0.15677280759777326 0.1289167062477665
vn 0.6207731784019048 -0.6972000757428413 0.35854248752550016
vn -0.6207731784019048 0.6972000757428413 -0.35854248752550016
vn -0.6207968976170773 0.6971968973238168 -0.358507598623872
vn 0.6207968976170773 -0.6971968973238168 0.358507598623872
vn 0.4848737989485075 -0.7277642984217777 0.48503249894816314
vn -0.4848737989485075 0.7277642984217777 -0.48503249894816314
vn 0.3624278013252372 -0.6886978025182616 0.6279661022961924
vn -0.3624278013252372 0.6886978025182616 -0.6279661022961924
vn 0.2773657987717008 -0.6886789969502233 0.6699174970333072
vn -0.2773657987717008 0.6886789969502233 -0.6699174970333072
vn 0.10738420534435687 -0.5674387282406064 0.816383440630225
vn -0.10738420534435687 0.5674387282406064 -0.816383440630225
vn -0.12007349787545919 -0.3933314930405226 0.9115221838718273
vn 0.12007349787545919 0.3933314930405226 -0.9115221838718273
vn -0.37654251514267634 -0.17872460718741937 0.9089957365553097
vn 0.37654251514267634 0.17872460718741937 -0.9089957365553097
vn -0.9504032372836118 -0.1785930070060707 -0.2546335099890832
vn 0.9504032372836118 0.1785930070060707 0.2546335099890832
vn -0.9090358678566877 -0.17860499368456584 -0.37650238668695674
vn 0.9090358678566877 0.17860499368456584 0.37650238668695674
vn -0.852116378309544 -0.17861509545338755 -0.49192918747803865
vn 0.852116378309544 0.17861509545338755 0.49192918747803865
vn -0.5938805098276387 0.7277888120435768 -0.3429714056755507
vn 0.5938805098276387 -0.7277888120435768 0.3429714056755507
vn -0.7806165872875771 -0.17863389709092814 -0.598938790246219
vn 0.7806165872875771 0.17863389709092814 0.598938790246219
vn -0.6502062829195688 -0.3932108896706448 -0.650089982922624
vn 0.6502062829195688 0.3932108896706448 0.650089982922624
vn -0.5014311039203614 -0.5672991044353399 -0.6532523051073521
vn 0.5014311039203614 0.5672991044353399 0.6532523051073521
vn -0.44158871038806324 -0.6885184161969103 -0.5752754135329489
vn 0.44158871038806324 0.6885184161969103 0.5752754135329489
vn -0.3431377773315145 -0.7275783519344693 -0.5940422607561766
vn 0.3431377773315145 0.7275783519344693 0.5940422607561766
vn -0.2745132995503829 -0.696983798858431 -0.6624620989149734
vn 0.2745132995503829 0.696983798858431 0.6624620989149734
vn -0.11479989984888544 -0.4744872993754179 -0.8727443988511805
vn 0.11479989984888544 0.4744872993754179 0.8727443988511805
vn -0.000002555763956786502 -0.15670859735033152 -0.9876448833006526
vn 0.000002555763956786502 0.15670859735033152 0.9876448833006526
vn 0.13047389826719719 -0.027162739639255817 -0.9910795868376318
vn -0.13047389826719719 0.027162739639255817 0.9910795868376318
vn 0.1283451989050006 0.000569100995144836 -0.9917293915388882
vn -0.1283451989050006 -0.000569100995144836 0.9917293915388882
vn -0.13047189745309642 0.02719444946914492 0.9910789806534385
vn 0.13047189745309642 -0.02719444946914492 -0.9910789806534385
vn 0.00003515595996833166 0.15656409985896755 0.9876677991103131
vn -0.00003515595996833166 -0.15656409985896755 -0.9876677991103131
vn 0.1150154025296367 0.4742967104316319 0.8728196191967033
vn -0.1150154025296367 -0.4742967104316319 -0.8728196191967033
vn -0.6278096697784549 0.6887732668437851 -0.36255538254728387
vn 0.6278096697784549 -0.6887732668437851 0.36255538254728387
vn 0.18573370582854856 0.6970158218732001 0.6925835217341095
vn -0.18573370582854856 -0.6970158218732001 -0.6925835217341095
vn 0.08969854144079666 0.7276234116875633 0.6800870109240027
vn -0.08969854144079666 -0.7276234116875633 -0.6800870109240027
vn 0.00015463010032717813 0.6886323014570604 0.7251107015342445
vn -0.00015463010032717813 -0.6886323014570604 -0.7251107015342445
vn -0.002922595008196141 -0.9997857028038044 0.020494070057473456
vn 0.002922595008196141 0.9997857028038044 -0.020494070057473456
vn -0.0105860099485422 -0.9976817951503435 0.06722329967323236
vn 0.0105860099485422 0.9976817951503435 -0.06722329967323236
vn -0.0176094593394388 -0.9918013627958199 0.12656999525214088
vn 0.0176094593394388 0.9918013627958199 -0.12656999525214088
vn -0.026320060966311266 -0.9797981359721804 0.19824950727850618
vn 0.026320060966311266 0.9797981359721804 -0.19824950727850618
vn -0.050426819413003775 -0.9230107892556412 0.3814553955596468
vn 0.050426819413003775 0.9230107892556412 -0.3814553955596468
vn -0.0893638355154039 -0.7300362450567586 0.6775405418168009
vn 0.0893638355154039 0.7300362450567586 -0.6775405418168009
vn -0.11322629723427394 -0.498975287811763 0.8591876790130222
vn 0.11322629723427394 0.498975287811763 -0.8591876790130222
vn -0.12106159528050338 -0.3754213853644756 0.9189139641768197
vn 0.12106159528050338 0.3754213853644756 -0.9189139641768197
vn -0.12798440508301592 -0.19805220786582203 0.9718000385959139
vn 0.12798440508301592 0.19805220786582203 -0.9718000385959139
vn -0.13045570065523815 -0.034600310173786744 0.9908502049767304
vn 0.13045570065523815 0.034600310173786744 -0.9908502049767304
vn -0.13052619458526882 -0.00006591876726565482 0.9914448588710342
vn 0.13052619458526882 0.00006591876726565482 -0.9914448588710342
vn -0.13046479444320364 0.029012608764285894 0.9910283577898178
vn 0.13046479444320364 -0.029012608764285894 -0.9910283577898178
vn -0.12838180591385667 0.178865008239345 0.9754616449342516
vn 0.12838180591385667 -0.178865008239345 -0.9754616449342516
vn -0.11991009882221842 0.39348279613513115 0.9114783910472724
vn 0.11991009882221842 -0.39348279613513115 -0.9114783910472724
vn 0.012359160422268325 -0.9997891341592203 -0.01639934056030706
vn -0.012359160422268325 0.9997891341592203 0.01639934056030706
vn 0.04236136933216338 -0.9976936842711323 -0.05303608916387422
vn -0.04236136933216338 0.9976936842711323 0.05303608916387422
vn 0.06277555095881832 -0.991887015149838 -0.11054130168838085
vn -0.06277555095881832 0.991887015149838 0.11054130168838085
vn 0.07630144743405172 -0.9798211670495052 -0.18473919378738912
vn -0.07630144743405172 0.9798211670495052 0.18473919378738912
vn 0.09938129733270491 -0.9230303752267834 -0.37166959002475836
vn -0.09938129733270491 0.9230303752267834 0.37166959002475836
vn 0.08903597280838246 -0.7300763230281476 -0.6775405213710579
vn -0.08903597280838246 0.7300763230281476 0.6775405213710579
vn -0.00011204879781734918 -0.4989999902797462 -0.8666019831190558
vn 0.00011204879781734918 0.4989999902797462 0.8666019831190558
vn -0.12106159528050336 -0.3754213853644751 -0.9189139641768198
vn 0.12106159528050336 0.3754213853644751 0.9189139641768198
vn -0.25373529997470634 -0.19802119998026002 -0.9467871999056194
vn 0.25373529997470634 0.19802119998026002 0.9467871999056194
vn -0.3824616970293506 -0.03454372973169238 -0.9233253928283641
vn 0.3824616970293506 0.03454372973169238 0.9233253928283641
vn -0.5000000015661018 0.000017042100053571626 -0.8660254027125678
vn 0.5000000015661018 -0.000017042100053571626 0.8660254027125678
vn -0.6084992096481682 0.02911995046171676 -0.7930200125738707
vn 0.6084992096481682 -0.02911995046171676 0.7930200125738707
vn -0.6956674744391635 0.17899049342337137 -0.6957076744376864
vn 0.6956674744391635 -0.17899049342337137 0.6957076744376864
vn -0.729275881471368 0.39361958999935065 -0.5596608857807575
vn 0.729275881471368 -0.39361958999935065 0.5596608857807575
vn 0.9655654787340889 -0.027352339397583615 -0.2587182943019088
vn 0.9230354448225071 0.00039093601898389864 -0.38471471868170753
vn -0.9230354448225071 -0.00039093601898389864 0.38471471868170753
vn -0.9655654787340889 0.027352339397583615 0.2587182943019088
vn -0.9655632074930662 0.027383240212502272 0.2587235020077736
vn 0.9655632074930662 -0.027383240212502272 -0.2587235020077736
vn 0.9876097114143515 -0.15693010181372793 0.00003263119037710186
vn -0.9876097114143515 0.15693010181372793 -0.00003263119037710186
vn -0.9876326143100215 0.1567859022717047 0
vn 0.9876326143100215 -0.1567859022717047 0
vn 0.8486258156331303 -0.47630300877431125 0.23015140423978003
vn -0.8486258156331303 0.47630300877431125 -0.23015140423978003
vn -0.8502228840843932 0.47456049111654336 -0.22784509573489126
vn 0.8502228840843932 -0.47456049111654336 0.22784509573489126
vn 0.6622725254316794 -0.697196526772783 0.2744305105383032
vn -0.6622725254316794 0.697196526772783 -0.2744305105383032
vn -0.662298931765563 0.6971842334387519 -0.2743980131608354
vn 0.662298931765563 -0.6971842334387519 0.2743980131608354
vn 0.5440438203676572 -0.7277647272457144 0.41758211563324316
vn -0.5440438203676572 0.7277647272457144 -0.41758211563324316
vn 0.4412886121873899 -0.6887147190207376 0.5752707158876713
vn -0.4412886121873899 0.6887147190207376 -0.5752707158876713
vn 0.2130185003402214 -0.5674535009063058 0.7953739012703273
vn -0.2130185003402214 0.5674535009063058 -0.7953739012703273
vn -0.00006062021180186158 -0.393349011691818 0.919389227327719
vn 0.00006062021180186158 0.393349011691818 -0.919389227327719
vn -0.25467369649011384 -0.17874929753649615 0.9503630869021957
vn 0.25467369649011384 0.17874929753649615 -0.9503630869021957
vn -0.6957619587466989 -0.1786501894074258 -0.6957006587503334
vn 0.6957619587466989 0.1786501894074258 0.6957006587503334
vn -0.5597977801974785 -0.39322518608988716 -0.7293835741984795
vn 0.5597977801974785 0.39322518608988716 0.7293835741984795
vn -0.36274329741801314 -0.6885315950990698 -0.6279661955301713
vn 0.36274329741801314 0.6885315950990698 0.6279661955301713
vn -0.2626678039357461 -0.7275852109019476 -0.6337392094957837
vn 0.2626678039357461 0.7275852109019476 0.6337392094957837
vn -0.18569049877661806 -0.6970373954077187 -0.6925733954371291
vn 0.18569049877661806 0.6970373954077187 0.6925733954371291
vn -0.09370734468573255 -0.6970348348544588 -0.7108877355471583
vn 0.09370734468573255 0.6970348348544588 0.7108877355471583
vn 0.00009467924766872187 -0.4745645883148411 -0.88022067832641
vn -0.00009467924766872187 0.4745645883148411 0.88022067832641
vn 0.12891139786602782 -0.15672509740560545 -0.9791930837906435
vn -0.12891139786602782 0.15672509740560545 0.9791930837906435
vn 0.2587895946721409 -0.027107359441924057 -0.9655532801215662
vn -0.2587895946721409 0.027107359441924057 0.9655532801215662
vn 0.25754459323765605 0.0002752377927733006 -0.9662663746287603
vn -0.25754459323765605 -0.0002752377927733006 0.9662663746287603
vn -0.2587174076768596 0.027224520807826467 0.9655693286511072
vn 0.2587174076768596 -0.027224520807826467 -0.9655693286511072
vn -0.1288816039008718 0.15658180473927621 0.9792199296381431
vn 0.1288816039008718 -0.15658180473927621 -0.9792199296381431
vn 0.00010651810276829923 0.4743695123283903 0.8803258228787901
vn -0.00010651810276829923 -0.4743695123283903 -0.8803258228787901
vn 0.0937485757997097 0.6970144687711188 0.7109022681488933
vn -0.0937485757997097 -0.6970144687711188 -0.7109022681488933
vn -0.712936199705012 0.5676577997651231 -0.4116874998296579
vn 0.712936199705012 -0.5676577997651231 0.4116874998296579
vn -0.10734420463912894 0.5675254245269282 0.816328435279528
vn 0.10734420463912894 -0.5675254245269282 -0.816328435279528
vn -0.002219018077065428 -0.9999698347284701 0.00744349325850871
vn 0.002219018077065428 0.9999698347284701 -0.00744349325850871
vn 0.0036284961733039772 -0.9999711477605512 -0.006673654318746827
vn -0.0036284961733039772 0.9999711477605512 0.006673654318746827
vn -0.49979608588344215 -0.028871489184535526 0.8656617755496995
vn 0.49979608588344215 0.028871489184535526 -0.8656617755496995
vn -0.6085118894140953 -0.028846249498179825 0.7930202862043169
vn 0.6085118894140953 0.028846249498179825 -0.7930202862043169
vn -0.706815909465039 -0.028825000385998473 0.7068100094649601
vn 0.706815909465039 0.028825000385998473 -0.7068100094649601
vn -0.7930263070647056 -0.028804820256608993 0.6085060054208994
vn 0.7930263070647056 0.028804820256608993 -0.6085060054208994
vn -0.8656678642538266 -0.028789328811197355 0.4997902793620732
vn 0.8656678642538266 0.028789328811197355 -0.4997902793620732
vn -0.9234977710552207 -0.028775519098101804 0.38252298801075235
vn 0.9234977710552207 0.028775519098101804 -0.38252298801075235
vn -0.9655264045850926 -0.028766910136608387 0.2587107012285656
vn 0.9655264045850926 0.028766910136608387 -0.2587107012285656
vn -0.9910348011796982 -0.028760360034235502 0.1304717001553096
vn 0.9910348011796982 0.028760360034235502 -0.1304717001553096
vn -0.9995863669632477 -0.02875925904949432 3.7339858765263286e-7
vn 0.9995863669632477 0.02875925904949432 -3.7339858765263286e-7
vn -0.9910348934758489 -0.028760359810665635 -0.13047099914108726
vn 0.9910348934758489 0.028760359810665635 0.13047099914108726
vn -0.9655265929909972 -0.02876690979117364 -0.2587099981219584
vn 0.9655265929909972 0.02876690979117364 0.2587099981219584
vn 0.923517092836688 -0.027263389788529904 -0.3825870970324418
vn 0.8643692224629288 0.00041086471067752187 -0.5028575130680873
vn -0.8643692224629288 -0.00041086471067752187 0.5028575130680873
vn -0.923517092836688 0.027263389788529904 0.3825870970324418
vn -0.9235324682601794 0.027372529059265086 0.3825421868528496
vn 0.9235324682601794 -0.027372529059265086 -0.3825421868528496
vn 0.9791665387848509 -0.15691590621544932 -0.12888090510498112
vn -0.9791665387848509 0.15691590621544932 0.12888090510498112
vn -0.9791847474548092 0.1567728075977732 0.12891670624776658
vn 0.9791847474548092 -0.1567728075977732 -0.12891670624776658
vn 0.8725846103122399 -0.4747090056101301 0.11509760136022797
vn -0.8725846103122399 0.4747090056101301 -0.11509760136022797
vn -0.8727130925587814 0.4745184959540014 -0.11490889902022514
vn 0.8727130925587814 -0.4745184959540014 0.11490889902022514
vn 0.5938804745478572 -0.7277893688088771 0.3429702853012026
vn -0.5938804745478572 0.7277893688088771 -0.3429702853012026
vn 0.5126029095266585 -0.6887368128000844 0.5127181095287994
vn -0.5126029095266585 0.6887368128000844 -0.5127181095287994
vn 0.4116195112570426 -0.5675018155201393 0.7130996195019732
vn -0.4116195112570426 0.5675018155201393 -0.7130996195019732
vn 0.3150361055092979 -0.5674772099239453 0.7607377133036518
vn -0.3150361055092979 0.5674772099239453 -0.7607377133036518
vn 0.11993420652690126 -0.3933854214083029 0.9115172496053897
vn -0.11993420652690126 0.3933854214083029 -0.9115172496053897
vn -0.1284481058148292 -0.17878030809336173 0.9754684441593306
vn 0.1284481058148292 0.17878030809336173 -0.9754684441593306
vn -0.3825287896466557 -0.028896989217887886 0.9234915750052113
vn 0.3825287896466557 0.028896989217887886 -0.9234915750052113
vn -0.9234980477667555 -0.028775521488376962 -0.3825223197854778
vn 0.9234980477667555 0.028775521488376962 0.3825223197854778
vn -0.8656682422960107 -0.028789331406628673 -0.4997896244194095
vn 0.8656682422960107 0.028789331406628673 0.4997896244194095
vn -0.7930267821558538 -0.02880481935185352 -0.608505386307828
vn 0.7930267821558538 0.02880481935185352 0.608505386307828
vn -0.6335768072245751 0.7277858082988253 -0.26250380299328874
vn 0.6335768072245751 -0.7277858082988253 0.26250380299328874
vn -0.7068164595038355 -0.028824998348507637 -0.7068094595042367
vn 0.7068164595038355 0.028824998348507637 0.7068094595042367
vn -0.5990023179662661 -0.17867460535910346 -0.7805585234117995
vn 0.5990023179662661 0.17867460535910346 0.7805585234117995
vn -0.45979829593567273 -0.3932535965238858 -0.7962016929620788
vn 0.45979829593567273 0.3932535965238858 0.7962016929620788
vn -0.411863784353845 -0.5673219784481958 -0.7131016729102202
vn 0.411863784353845 0.5673219784481958 0.7131016729102202
vn -0.2776726921204418 -0.6885499804609174 -0.669922980989499
vn 0.2776726921204418 0.6885499804609174 0.669922980989499
vn -0.17770169801880817 -0.7276154918878328 -0.6625690926130339
vn 0.17770169801880817 0.7276154918878328 0.6625690926130339
vn -0.00011729340139495215 -0.6970789082902507 -0.7169944085271029
vn 0.00011729340139495215 0.6970789082902507 0.7169944085271029
vn 0.11499109705336122 -0.47453888783997417 -0.87269117763735
vn -0.11499109705336122 0.47453888783997417 0.87269117763735
vn 0.25643610005785455 -0.15612260003522263 -0.9538691002152024
vn -0.25643610005785455 0.15612260003522263 0.9538691002152024
vn 0.38267289929955517 -0.02715288995029912 -0.9234847983096525
vn -0.38267289929955517 0.02715288995029912 0.9234847983096525
vn 0.38083640979062294 0.0001309231033660041 -0.9246424237709027
vn -0.38083640979062294 -0.0001309231033660041 0.9246424237709027
vn -0.38253609364621466 0.02725104954736978 0.9235385846603602
vn 0.38253609364621466 -0.02725104954736978 -0.9235385846603602
vn -0.25559210684538286 0.15662150419470747 0.9540138255508278
vn 0.25559210684538286 -0.15662150419470747 -0.9540138255508278
vn -0.1148024025886329 0.4743483106958879 0.8728196196808564
vn 0.1148024025886329 -0.4743483106958879 -0.8728196196808564
vn 0.00015652200157802146 0.6970575070275851 0.7170152072287945
vn -0.00015652200157802146 -0.6970575070275851 -0.7170152072287945
vn -0.6697641823306901 0.6887782818290719 -0.2774894926794414
vn 0.6697641823306901 -0.6887782818290719 0.2774894926794414
vn 0.00016339259428888064 0.7276553745660029 0.6859428760239952
vn -0.00016339259428888064 -0.7276553745660029 -0.6859428760239952
vn -0.09449185813995994 0.688649086444177 0.7189114858484724
vn 0.09449185813995994 -0.688649086444177 -0.7189114858484724
vn -0.015363720081818622 -0.9980783053152096 0.060030430319688445
vn 0.015363720081818622 0.9980783053152096 -0.060030430319688445
vn -0.008134916262297646 -0.9997845322364877 0.019097440615766865
vn 0.008134916262297646 0.9997845322364877 -0.019097440615766865
vn -0.03246419114819749 -0.9918656350804254 0.1230798043531014
vn 0.03246419114819749 0.9918656350804254 -0.1230798043531014
vn -0.05197527920184245 -0.9797909849538553 0.19315329703384426
vn 0.05197527920184245 0.9797909849538553 -0.19315329703384426
vn -0.09979581502726835 -0.9229856540084926 0.37166958148005386
vn 0.09979581502726835 0.9229856540084926 -0.37166958148005386
vn -0.17704440179297026 -0.7299916073927968 0.6601269066852602
vn 0.17704440179297026 0.7299916073927968 -0.6601269066852602
vn -0.22440511184809542 -0.498949626343441 0.8370732441956226
vn 0.22440511184809542 0.498949626343441 -0.8370732441956226
vn -0.23996830732696567 -0.37540081146213394 0.8952594273350057
vn 0.23996830732696567 0.37540081146213394 -0.8952594273350057
vn -0.25373529997470634 -0.19802119998026044 0.9467871999056194
vn 0.25373529997470634 0.19802119998026044 -0.9467871999056194
vn -0.25867160978795006 -0.03457247130819799 0.965346436528024
vn 0.25867160978795006 0.03457247130819799 -0.965346436528024
vn -0.25881910271657566 -0.00003711428038976745 0.9659258101383961
vn 0.25881910271657566 0.00003711428038976745 -0.9659258101383961
vn -0.25870380273973764 0.029042250307564438 0.9655200102250971
vn 0.25870380273973764 -0.029042250307564438 -0.9655200102250971
vn -0.25460651293850506 0.17889140909084109 0.950354348294776
vn 0.25460651293850506 -0.17889140909084109 -0.950354348294776
vn -0.23785530106628267 0.3935091017640637 0.8880177039808991
vn 0.23785530106628267 -0.3935091017640637 -0.8880177039808991
vn 0.007685917882975498 -0.9997880847773937 -0.019097439709225797
vn -0.007685917882975498 0.9997880847773937 0.019097439709225797
vn 0.02993663931275984 -0.9980884770873919 -0.0540665287588225
vn -0.02993663931275984 0.9980884770873919 0.0540665287588225
vn 0.049330329730688224 -0.9918163945853227 -0.11775719935712192
vn -0.049330329730688224 0.9918163945853227 0.11775719935712192
vn 0.05153525139621644 -0.979814226545572 -0.1931533052329973
vn -0.05153525139621644 0.979814226545572 0.1931533052329973
vn 0.050012291894238246 -0.9230333349603063 -0.3814554144477972
vn -0.050012291894238246 0.9230333349603063 0.3814554144477972
vn -0.0001639260990820838 -0.7300312959121362 -0.6834136961731752
vn 0.0001639260990820838 0.7300312959121362 0.6834136961731752
vn -0.11322629723427394 -0.49897528781176265 -0.8591876790130225
vn 0.11322629723427394 0.49897528781176265 0.8591876790130225
vn -0.2399683073269656 -0.37540081146213355 -0.895259427335006
vn 0.2399683073269656 0.37540081146213355 0.895259427335006
vn -0.3751452900164029 -0.19799669473079007 -0.9055734759003221
vn 0.3751452900164029 0.19799669473079007 0.9055734759003221
vn -0.49970790898135636 -0.03451834062040527 -0.8655059155559216
vn 0.49970790898135636 0.03451834062040527 0.8655059155559216
vn -0.6087614296861323 0.00004146737202232447 -0.7933533386877207
vn 0.6087614296861323 -0.00004146737202232447 0.7933533386877207
vn -0.7068031920780908 0.029142869673364446 -0.706809692078018
vn 0.7068031920780908 -0.029142869673364446 0.706809692078018
vn -0.7805233988931943 0.17901149974615646 -0.5989474991506745
vn 0.7805233988931943 -0.17901149974615646 0.5989474991506745
vn -0.7960865318192409 0.3936344157334006 -0.45967181837288745
vn 0.7960865318192409 -0.3936344157334006 0.45967181837288745
vn 0.8656731830759883 -0.027439559463553302 -0.49985699022773755
vn 0.7921353141083893 0.000038762100690511016 -0.6103455108706074
vn -0.7921353141083893 -0.000038762100690511016 0.6103455108706074
vn -0.8656731830759883 0.027439559463553302 0.49985699022773755
vn -0.8656996486881672 0.02736080837826742 0.49981547037488944
vn 0.8656996486881672 -0.02736080837826742 -0.49981547037488944
vn 0.9538694546434227 -0.15655719255569153 -0.2561696878191086
vn -0.9538694546434227 0.15655719255569153 0.2561696878191086
vn -0.9539786710064804 0.15677829523516115 0.25562719223092484
vn 0.9539786710064804 -0.15677829523516115 -0.25562719223092484
vn 0.8801140929301885 -0.47476219618631355 0.00020124119838335717
vn -0.8801140929301885 0.47476219618631355 -0.00020124119838335717
vn -0.8802192808955757 0.4745671896999155 0
vn 0.8802192808955757 -0.4745671896999155 0
vn 0.6923967140389181 -0.6972344141370067 0.18560970376339064
vn -0.6923967140389181 0.6972344141370067 -0.18560970376339064
vn -0.6924269948560152 0.6972129948204605 -0.18557719862136166
vn 0.6924269948560152 -0.6972129948204605 0.18557719862136166
vn 0.6335780714767023 -0.7277858672355251 0.2625005881823837
vn -0.6335780714767023 0.7277858672355251 -0.2625005881823837
vn 0.5751302725179153 -0.6887493670887287 0.44141757890725636
vn -0.5751302725179153 0.6887493670887287 -0.44141757890725636
vn 0.5011675021152953 -0.5675252023953736 0.6532582027572297
vn -0.5011675021152953 0.5675252023953736 -0.6532582027572297
vn 0.23789048854515343 -0.39339878105715503 0.8880571572384814
vn -0.23789048854515343 0.39339878105715503 -0.8880571572384814
vn -0.00002518652943202096 -0.1788063959677541 0.9838842778125186
vn 0.00002518652943202096 0.1788063959677541 -0.9838842778125186
vn -0.2587165022807614 -0.02892562025499916 0.9655201085117142
vn 0.2587165022807614 0.02892562025499916 -0.9655201085117142
vn -0.6085125085230233 -0.028846250404029754 -0.7930198111072925
vn 0.6085125085230233 0.028846250404029754 0.7930198111072925
vn -0.4919952009355954 -0.1786960003398144 -0.8520613016203096
vn 0.4919952009355954 0.1786960003398144 0.8520613016203096
vn -0.31528819700232025 -0.5673394946058806 -0.7607359927671163
vn 0.31528819700232025 0.5673394946058806 0.7607359927671163
vn -0.1878478956221663 -0.688580383952493 -0.7004071836768673
vn 0.1878478956221663 0.688580383952493 0.7004071836768673
vn -0.08969944384170377 -0.727624031163136 -0.6800862291271577
vn 0.08969944384170377 0.727624031163136 0.6800862291271577
vn -0.00016678719407675803 -0.7276553741582146 -0.6859428756395831
vn 0.00016678719407675803 0.7276553741582146 0.6859428756395831
vn 0.0934716049258304 -0.6970768621587087 -0.7108775614095286
vn -0.0934716049258304 0.6970768621587087 0.7108775614095286
vn 0.23004280037299832 -0.4761593007720588 -0.848735901376166
vn -0.23004280037299832 0.4761593007720588 0.848735901376166
vn 0.3799412163054873 -0.15230180653615608 -0.912386339155804
vn -0.3799412163054873 0.15230180653615608 0.912386339155804
vn 0.4996253979058535 -0.027191419886028786 -0.8658146963709955
vn -0.4996253979058535 0.027191419886028786 0.8658146963709955
vn 0.49713708375981025 0.0004930403838938316 -0.8676718716553921
vn -0.49713708375981025 -0.0004930403838938316 0.8676718716553921
vn -0.4998093016828698 0.027278650091847673 0.865705802914852
vn 0.4998093016828698 -0.027278650091847673 -0.865705802914852
vn -0.37792960272179416 0.1566378011280825 0.9124877065716042
vn 0.37792960272179416 -0.1566378011280825 -0.9124877065716042
vn -0.2277386046660441 0.47442070972021366 0.8503294174220554
vn 0.2277386046660441 -0.47442070972021366 -0.8503294174220554
vn -0.0934355379223379 0.6970564845000319 0.7109022841921527
vn 0.0934355379223379 -0.6970564845000319 -0.7109022841921527
vn -0.7605695320467272 0.567672123918962 -0.31509101327641353
vn 0.7605695320467272 -0.567672123918962 0.31509101327641353
vn -0.2129777021722171 0.5675456057885507 0.7953191081116745
vn 0.2129777021722171 -0.5675456057885507 -0.7953191081116745
vn -0.0040775760709088294 -0.9999694173894147 0.006673654116054267
vn 0.0040775760709088294 0.9999694173894147 -0.006673654116054267
vn 0.001769938053870672 -0.9999707304355822 -0.007443493226553903
vn -0.001769938053870672 0.9999707304355822 0.007443493226553903
vn -0.4999999908742432 0.00020750389621254745 0.8660253841937255
vn 0.4999999908742432 -0.00020750389621254745 -0.8660253841937255
vn -0.608761413837455 0.00023192270527154426 0.7933533180333223
vn 0.608761413837455 -0.00023192270527154426 -0.7933533180333223
vn -0.7071067083750593 0.0002540091030083582 0.7071068083750605
vn 0.7071067083750593 -0.0002540091030083582 -0.7071068083750605
vn -0.7933533097252384 0.0002733722033509693 0.6087614074624379
vn 0.7933533097252384 -0.0002733722033509693 -0.6087614074624379
vn -0.8660253664988486 0.0002896936887934365 0.4999999806581012
vn 0.8660253664988486 -0.0002896936887934365 -0.4999999806581012
vn -0.9238794968718179 0.00030268139897506003 0.38268339870426465
vn 0.9238794968718179 -0.00030268139897506003 -0.38268339870426465
vn -0.9659257887521421 0.00031212599636534777 0.258818996986146
vn 0.9659257887521421 -0.00031212599636534777 -0.258818996986146
vn -0.991444809238278 0.0003178530029617238 0.13052620121624253
vn 0.991444809238278 -0.0003178530029617238 -0.13052620121624253
vn -0.9999999488712328 0.00031977731562791235 0
vn 0.9999999488712328 -0.00031977731562791235 0
vn -0.991444809238278 0.0003178530029617817 -0.13052620121624253
vn 0.991444809238278 -0.0003178530029617817 0.13052620121624253
vn -0.9659257887521421 0.0003121259963654627 -0.258818996986146
vn 0.9659257887521421 -0.0003121259963654627 0.258818996986146
vn -0.9238794968718179 0.00030268139897523 -0.38268339870426465
vn 0.9238794968718179 -0.00030268139897523 0.38268339870426465
vn 0.7930468327198688 -0.027320091127183983 -0.6085477251077249
vn 0.7061734052147675 0.00017449970128875767 -0.7080389052285434
vn -0.7061734052147675 -0.00017449970128875767 0.7080389052285434
vn -0.7930468327198688 0.027320091127183983 0.6085477251077249
vn -0.79305441168152 0.02734323040275973 0.6085368089636156
vn 0.79305441168152 -0.02734323040275973 -0.6085368089636156
vn 0.9126096371528091 -0.15899400647272793 -0.3766491153335798
vn -0.9126096371528091 0.15899400647272793 0.3766491153335798
vn -0.9124525170372543 0.15675780292697145 0.3779648070573344
vn 0.9124525170372543 -0.15675780292697145 -0.3779648070573344
vn 0.8726378358938943 -0.4747090195260332 -0.11469330471763804
vn -0.8726378358938943 0.4747090195260332 0.11469330471763804
vn -0.8727130925587814 0.4745184959540014 0.11490889902022534
vn 0.8727130925587814 -0.4745184959540014 -0.11490889902022534
vn 0.7107209928897529 -0.6972154930248655 0.09362812906331844
vn -0.7107209928897529 0.6972154930248655 -0.09362812906331844
vn -0.7107457739239129 0.6971950744210658 -0.09359205656626209
vn 0.7107457739239129 -0.6971950744210658 0.09359205656626209
vn 0.6278354922855908 -0.6887570915370282 0.36254139554534137
vn -0.6278354922855908 0.6887570915370282 -0.36254139554534137
vn 0.5821568915829254 -0.5675377917942948 0.582232091581838
vn -0.5821568915829254 0.5675377917942948 -0.582232091581838
vn 0.4596216759880337 -0.39346007944450706 0.7962016584041213
vn -0.4596216759880337 0.39346007944450706 -0.7962016584041213
vn 0.3517711016944058 -0.3934299018950674 0.8493939040913477
vn -0.3517711016944058 0.3934299018950674 -0.8493939040913477
vn 0.12839709798509194 -0.17883799719353402 0.9754645846922442
vn -0.12839709798509194 0.17883799719353402 -0.9754645846922442
vn -0.1304775014361203 -0.02895359031868228 0.991028410907904
vn 0.1304775014361203 0.02895359031868228 -0.991028410907904
vn -0.38268340995475864 0.00018115770471225737 0.9238795240329144
vn 0.38268340995475864 -0.00018115770471225737 -0.9238795240329144
vn -0.8660253664988486 0.00028969368879365855 -0.4999999806581012
vn 0.8660253664988486 -0.00028969368879365855 0.4999999806581012
vn -0.7933533097252384 0.0002733722033512397 -0.6087614074624379
vn 0.7933533097252384 -0.0002733722033512397 0.6087614074624379
vn -0.7071067083750593 0.00025400910300867226 -0.7071068083750605
vn 0.7071067083750593 -0.00025400910300867226 0.7071068083750605
vn -0.6624064879071404 0.7278041867132433 -0.17753509675892803
vn 0.6624064879071404 -0.7278041867132433 0.17753509675892803
vn -0.608761413837455 0.00023192270527189654 -0.7933533180333223
vn 0.608761413837455 -0.00023192270527189654 0.7933533180333223
vn -0.49979678408771516 -0.0288714890808035 -0.8656613724394978
vn 0.49979678408771516 0.0288714890808035 0.8656613724394978
vn -0.3765698119823461 -0.17872460568696683 -0.9089844289236305
vn 0.3765698119823461 0.17872460568696683 0.9089844289236305
vn -0.35194230722637165 -0.3932832080752172 -0.8493909174403996
vn 0.35194230722637165 0.3932832080752172 0.8493909174403996
vn -0.2132967022545408 -0.5673550059969281 -0.795369608407037
vn 0.2132967022545408 0.5673550059969281 0.795369608407037
vn -0.09482037068991697 -0.6885943050102407 -0.7189207052308971
vn 0.09482037068991697 0.6885943050102407 0.7189207052308971
vn 0.0893706919806795 -0.7276642161268705 -0.6800865150724293
vn -0.0893706919806795 0.7276642161268705 0.6800865150724293
vn 0.18545319131379093 -0.6971205673484453 -0.6925532675623677
vn -0.18545319131379093 0.6971205673484453 0.6925532675623677
vn 0.33692200004876943 -0.4704759000681012 -0.8155587001180521
vn -0.33692200004876943 0.4704759000681012 0.8155587001180521
vn 0.4944674934484318 -0.15611179793155833 -0.8550619886706468
vn -0.4944674934484318 0.15611179793155833 0.8550619886706468
vn 0.608624281461277 -0.02716596917252318 -0.7929933758453861
vn -0.608624281461277 0.02716596917252318 0.7929933758453861
vn 0.6070147961696127 0.0004618973970855096 -0.7946903949853416
vn -0.6070147961696127 -0.0004618973970855096 0.7946903949853416
vn -0.6085306645840975 0.027301798411061277 0.7930605538446345
vn 0.6085306645840975 -0.027301798411061277 -0.7930605538446345
vn -0.49379870862966335 0.15667500273806395 0.8553454149480807
vn 0.49379870862966335 -0.15667500273806395 -0.8553454149480807
vn -0.33678929365618804 0.47439819106416675 0.8133383846798405
vn 0.33678929365618804 -0.47439819106416675 -0.8133383846798405
vn -0.18542069674573883 0.6970991877654281 0.6925834878446822
vn 0.18542069674573883 -0.6970991877654281 -0.6925834878446822
vn -0.08937176206361827 0.7276636168019504 0.6800870157033941
vn 0.08937176206361827 -0.7276636168019504 -0.6800870157033941
vn -0.7002485335003282 0.6887895329521226 -0.18767250897837015
vn 0.7002485335003282 -0.6887895329521226 0.18767250897837015
vn -0.18751780027167206 0.6886744009977376 0.7004032010147304
vn 0.18751780027167206 -0.6886744009977376 -0.7004032010147304
vn -0.02763160910700308 -0.9976779677570949 0.06225083798818041
vn 0.02763160910700308 0.9976779677570949 -0.06225083798818041
vn -0.030384870972298143 -0.9980749319378156 0.054066531730097254
vn 0.030384870972298143 0.9980749319378156 -0.054066531730097254
vn -0.012808159781061987 -0.9997834829100657 0.016399339719675443
vn 0.012808159781061987 0.9997834829100657 -0.016399339719675443
vn -0.04977575198518863 -0.9917941395553732 0.11775720469646854
vn 0.04977575198518863 0.9917941395553732 -0.11775720469646854
vn -0.07674147999142528 -0.9797867998905233 0.18473919997935792
vn 0.07674147999142528 0.9797867998905233 -0.18473919997935792
vn -0.14744350374290574 -0.9229890234304043 0.35545980902347335
vn 0.14744350374290574 0.9229890234304043 -0.35545980902347335
vn -0.2616847871687984 -0.7299975642059977 0.6313672690421409
vn 0.2616847871687984 0.7299975642059977 -0.6313672690421409
vn -0.3317460947298982 -0.4989261920740837 0.8006354872811448
vn 0.3317460947298982 0.4989261920740837 -0.8006354872811448
vn -0.35477180458813967 -0.3753689048545149 0.8562915110741183
vn 0.35477180458813967 0.3753689048545149 -0.8562915110741183
vn -0.37514529001640284 -0.19799669473079043 0.905573475900322
vn 0.37514529001640284 0.19799669473079043 -0.905573475900322
vn -0.3824616970293506 -0.034543729731692785 0.9233253928283641
vn 0.3824616970293506 0.034543729731692785 -0.9233253928283641
vn -0.3826834162176917 -0.000009297692394230862 0.923879539152973
vn 0.3826834162176917 0.000009297692394230862 -0.923879539152973
vn -0.3825161092562791 0.029069210703428286 0.9234914223470179
vn 0.3825161092562791 -0.029069210703428286 -0.9234914223470179
vn -0.3764740066713284 0.17892080317057577 0.908985516107728
vn 0.3764740066713284 -0.17892080317057577 -0.908985516107728
vn -0.3517291885520996 0.39353478719143237 0.8493626723553817
vn 0.3517291885520996 -0.39353478719143237 -0.8493626723553817
vn 0.027183559351277014 -0.9976902761905863 -0.06225083851441295
vn -0.027183559351277014 0.9976902761905863 0.06225083851441295
vn 0.0024735970358685253 -0.9997869144974634 -0.02049407029717558
vn -0.0024735970358685253 0.9997869144974634 0.02049407029717558
vn 0.014915490065554066 -0.9980851043866165 -0.06003043026383593
vn -0.014915490065554066 0.9980851043866165 0.06003043026383593
vn 0.03201875047554868 -0.9918801147315958 -0.12307980182800529
vn -0.03201875047554868 0.9918801147315958 0.12307980182800529
vn 0.025880041489439242 -0.9798098563896795 -0.19824951140958783
vn -0.025880041489439242 0.9798098563896795 0.19824951140958783
vn -0.0002072584081704992 -0.9230080363866368 -0.3847806151687442
vn 0.0002072584081704992 0.9230080363866368 0.3847806151687442
vn -0.0893638355154039 -0.7300362450567582 -0.6775405418168012
vn 0.0893638355154039 0.7300362450567582 0.6775405418168012
vn -0.22440511184809542 -0.49894962634344064 -0.8370732441956229
vn 0.22440511184809542 0.49894962634344064 0.8370732441956229
vn -0.3547718045881396 -0.3753689048545145 -0.8562915110741185
vn 0.3547718045881396 0.3753689048545145 0.8562915110741185
vn -0.49013758503761684 -0.19796809395664675 -0.8488661740867435
vn 0.49013758503761684 0.19796809395664675 0.8488661740867435
vn -0.6084040862311464 -0.03449298921938554 -0.7928774820563106
vn 0.6084040862311464 0.03449298921938554 0.7928774820563106
vn -0.7071067797588095 0.00006354724818109375 -0.7071067797588095
vn 0.7071067797588095 -0.00006354724818109375 0.7071067797588095
vn -0.7930135062655028 0.029161380230400637 -0.6085057048077293
vn 0.7930135062655028 -0.029161380230400637 0.6085057048077293
vn -0.852024211549546 0.17902560242676735 -0.491939606668448
vn 0.852024211549546 -0.17902560242676735 0.491939606668448
vn -0.8492743182980442 0.39364650848131294 -0.35181750758008584
vn 0.8492743182980442 -0.39364650848131294 0.35181750758008584
vn 0.7068447077435941 -0.02696259029537923 -0.7068547077437035
vn -0.7068447077435941 0.02696259029537923 0.7068547077437035
vn -0.706839696554245 0.02732513986679321 0.7068457965542152
vn 0.706839696554245 -0.02732513986679321 -0.7068457965542152
vn 0.856562828830175 -0.15650320526758174 -0.4917386165509288
vn -0.856562828830175 0.15650320526758174 0.4917386165509288
vn -0.8553102148602924 0.1567562027235065 0.4938339085799469
vn 0.8553102148602924 -0.1567562027235065 -0.4938339085799469
vn 0.8512402182843166 -0.473954610180365 -0.2252934048392169
vn -0.8512402182843166 0.473954610180365 0.2252934048392169
vn -0.8502228840843932 0.4745604911165432 0.2278450957348915
vn 0.8502228840843932 -0.4745604911165432 -0.2278450957348915
vn 0.716837880441912 -0.6972398809766206 0.00003923333892940915
vn -0.716837880441912 0.6972398809766206 -0.00003923333892940915
vn -0.7168586883482005 0.6972184886674317 0
vn 0.7168586883482005 -0.6972184886674317 0
vn 0.6624061035186185 -0.7278048038660082 0.17753400094303826
vn -0.6624061035186185 0.7278048038660082 -0.17753400094303826
vn 0.6697870928357798 -0.6887603926328365 0.2774785970320153
vn -0.6697870928357798 0.6887603926328365 -0.2774785970320153
vn 0.6531781851907623 -0.5675547871320661 0.5012382886356324
vn -0.6531781851907623 0.5675547871320661 -0.5012382886356324
vn 0.5596189025243458 -0.39347280177488914 0.729387303290142
vn -0.5596189025243458 0.39347280177488914 -0.729387303290142
vn 0.25462228862202385 -0.1788635920073547 0.9503553575327018
vn -0.25462228862202385 0.1788635920073547 -0.9503553575327018
vn -0.0000061347799001666305 -0.02898371952833825 0.9995798837334948
vn 0.0000061347799001666305 0.02898371952833825 -0.9995798837334948
vn -0.25881900655043794 0.0001533475038808502 0.9659258244465707
vn 0.25881900655043794 -0.0001533475038808502 -0.9659258244465707
vn -0.4999999908742432 0.00020750389621293201 -0.8660253841937255
vn 0.4999999908742432 -0.00020750389621293201 0.8660253841937255
vn -0.3825294931953742 -0.028896989485965707 -0.9234912835724755
vn 0.3825294931953742 0.028896989485965707 0.9234912835724755
vn -0.23807050422208872 -0.3932956069749461 -0.8880546157493069
vn 0.23807050422208872 0.3932956069749461 0.8880546157493069
vn -0.10763239706020945 -0.5673884845027765 -0.8163856777018542
vn 0.10763239706020945 0.5673884845027765 0.8163856777018542
vn -0.00017715209968489364 -0.6886163987751349 -0.7251257987101948
vn 0.00017715209968489364 0.6886163987751349 0.7251257987101948
vn 0.09447563935874143 -0.6886368953258392 -0.7189252951202553
vn -0.09447563935874143 0.6886368953258392 0.7189252951202553
vn 0.17736979708964723 -0.7276942880597084 -0.6625714891282689
vn -0.17736979708964723 0.7276942880597084 0.6625714891282689
vn 0.27427399243399164 -0.6971093807698301 -0.6624290817265066
vn -0.27427399243399164 0.6971093807698301 0.6624290817265066
vn 0.6031417975152848 -0.15680279935403182 -0.7820695967781705
vn -0.6031417975152848 0.15680279935403182 0.7820695967781705
vn -0.6012199704057262 0.1566878922872414 0.783570961429735
vn 0.6012199704057262 -0.1566878922872414 -0.783570961429735
vn -0.2742414922347275 0.6970970802613792 0.662455481242272
vn 0.2742414922347275 -0.6970970802613792 -0.662455481242272
vn -0.1773716962761708 0.7276952847224049 0.6625698860896801
vn 0.1773716962761708 -0.7276952847224049 -0.6625698860896801
vn -0.7951916980213284 0.567676298587454 -0.21310509946973155
vn 0.7951916980213284 -0.567676298587454 0.21310509946973155
vn -0.31496358679792835 0.5675720762095443 0.760696968114486
vn 0.31496358679792835 -0.5675720762095443 -0.760696968114486
vn -0.005673554767538528 -0.9999690590284595 0.005449014776738339
vn 0.005673554767538528 0.9999690590284595 -0.005449014776738339
vn -0.0002245399960895733 -0.9999702825852383 -0.007706070865796846
vn 0.0002245399960895733 0.9999702825852383 0.007706070865796846
vn -0.49969279298157687 0.03474214951202978 0.8655056878435606
vn 0.49969279298157687 -0.03474214951202978 -0.8655056878435606
vn -0.6083889756581256 0.034765648609013 0.7928771682766829
vn 0.6083889756581256 -0.034765648609013 -0.7928771682766829
vn -0.7066752641218655 0.034788628233769804 0.7066822641215101
vn 0.7066752641218655 -0.034788628233769804 -0.7066822641215101
vn -0.7928700608588584 0.03480706828170016 0.6083958699656853
vn 0.7928700608588584 -0.03480706828170016 -0.6083958699656853
vn -0.865498467278576 0.034824298683416806 0.4996995811081332
vn 0.865498467278576 -0.034824298683416806 -0.4996995811081332
vn -0.923317830032552 0.03483636113311442 0.3824534124399763
vn 0.923317830032552 -0.03483636113311442 -0.3824534124399763
vn -0.96533880253394 0.03484671009146987 0.2586633006789712
vn 0.96533880253394 -0.03484671009146987 -0.2586633006789712
vn -0.9908425067724826 0.03485152023821272 0.13044730089161705
vn 0.9908425067724826 -0.03485152023821272 -0.13044730089161705
vn -0.9993924022041143 0.0348543600768697 -5.672803012433716e-7
vn 0.9993924022041143 -0.0348543600768697 5.672803012433716e-7
vn -0.9908423498453844 0.034851518235880334 -0.13044849339693743
vn 0.9908423498453844 -0.034851518235880334 0.13044849339693743
vn -0.9653385074295184 0.0348467102681902 -0.25866440199075447
vn 0.9653385074295184 -0.0348467102681902 0.25866440199075447
vn -0.9233174179122797 0.034836360675822534 -0.38245440741958314
vn 0.9233174179122797 -0.034836360675822534 0.38245440741958314
vn -0.865497884241335 0.034824299365932156 -0.4997005909016366
vn 0.865497884241335 -0.034824299365932156 0.4997005909016366
vn 0.7841474130321224 -0.15696020260859683 -0.6003968099782828
vn -0.7841474130321224 0.15696020260859683 0.6003968099782828
vn -0.7835358149235798 0.15672880298512798 0.6012551114517786
vn 0.7835358149235798 -0.15672880298512798 -0.6012551114517786
vn 0.7605925901505504 -0.47402329386153813 -0.443622394255221
vn -0.7605925901505504 0.47402329386153813 0.443622394255221
vn -0.7622779985604761 0.4745406991038535 0.44016289916877444
vn 0.7622779985604761 -0.4745406991038535 -0.44016289916877444
vn 0.8086929745785225 -0.48306028481487207 -0.33566118944840184
vn -0.8086929745785225 0.48306028481487207 0.33566118944840184
vn -0.8132319027807408 0.4745051016225085 0.33689580115197154
vn 0.8132319027807408 -0.4745051016225085 -0.33689580115197154
vn 0.7107311829366372 -0.6972154832611246 -0.0935508177540152
vn -0.7107311829366372 0.6972154832611246 0.0935508177540152
vn -0.7107457739239129 0.6971950744210658 0.0935920565662624
vn 0.7107457739239129 -0.6971950744210658 -0.0935920565662624
vn 0.6799222179262897 -0.7277978191885398 0.08953274236054908
vn -0.6799222179262897 0.7277978191885398 -0.08953274236054908
vn -0.6799236151461059 0.727796216212525 -0.0895351619945019
vn 0.6799236151461059 -0.727796216212525 0.0895351619945019
vn 0.713016687509527 -0.5675651900575152 0.4116757927883518
vn -0.713016687509527 0.5675651900575152 -0.4116757927883518
vn 0.6500359023755595 -0.39349130143801614 0.6500907023757597
vn -0.6500359023755595 0.39349130143801614 -0.6500907023757597
vn 0.49191490371265156 -0.17891690135034777 0.8520613064308007
vn -0.49191490371265156 0.17891690135034777 -0.8520613064308007
vn 0.3764895114917212 -0.17889370546043545 0.9089844277452502
vn -0.3764895114917212 0.17889370546043545 -0.9089844277452502
vn 0.130465202191797 -0.029012180487400757 0.9910283166491359
vn -0.130465202191797 0.029012180487400757 -0.9910283166491359
vn -0.1305261938566664 0.0001245365941383522 0.9914448533367495
vn 0.1305261938566664 -0.0001245365941383522 -0.9914448533367495
vn -0.38244660922023177 0.034714910836925836 0.9233252222600288
vn 0.38244660922023177 -0.034714910836925836 -0.9233252222600288
vn -0.7928693667674421 0.03480706854108652 -0.6083967744994802
vn 0.7928693667674421 -0.03480706854108652 0.6083967744994802
vn -0.7066744641174966 0.03478862823355304 -0.70668306411706
vn 0.7066744641174966 -0.03478862823355304 0.70668306411706
vn -0.6083880711167945 0.03476564834950206 -0.7928778623581473
vn 0.6083880711167945 -0.03476564834950206 0.7928778623581473
vn -0.4996918264306246 0.03474215183764637 -0.8655062457799577
vn 0.4996918264306246 -0.03474215183764637 0.8655062457799577
vn -0.3826834099547655 0.0001811576047126683 -0.9238795240329309
vn 0.3826834099547655 -0.0001811576047126683 0.9238795240329309
vn -0.25871720538594456 -0.028925620602169973 -0.9655199201000809
vn 0.25871720538594456 0.028925620602169973 0.9655199201000809
vn -0.254702585608488 -0.1787492899000923 -0.9503553463018785
vn 0.254702585608488 0.1787492899000923 0.9503553463018785
vn -0.12011540396336094 -0.3933202129781019 -0.9115215300768156
vn 0.12011540396336094 0.3933202129781019 0.9115215300768156
vn -0.00016090640242800766 -0.5674094085619612 -0.8234358124252887
vn 0.00016090640242800766 0.5674094085619612 0.8234358124252887
vn 0.1875108955226196 -0.6886574835562539 -0.700421683275349
vn -0.1875108955226196 0.6886574835562539 0.700421683275349
vn 0.26233719687394536 -0.7277024913285733 -0.6337414924482289
vn -0.26233719687394536 0.7277024913285733 0.6337414924482289
vn 0.35838592527156465 -0.6971411491588713 -0.6209297437848285
vn -0.35838592527156465 0.6971411491588713 0.6209297437848285
vn 0.4355225074894519 -0.47659320819572304 -0.7636616131322881
vn -0.4355225074894519 0.47659320819572304 0.7636616131322881
vn 0.7004028270888223 -0.15689600606811932 -0.6962898269297476
vn -0.7004028270888223 0.15689600606811932 0.6962898269297476
vn -0.6983514134647986 0.15672090302170977 0.6983866134654773
vn 0.6983514134647986 -0.15672090302170977 -0.6983866134654773
vn -0.44005639480298453 0.4744683943965826 0.762384490996327
vn 0.44005639480298453 -0.4744683943965826 -0.762384490996327
vn -0.35835109518254826 0.6971379906281056 0.6209533916522847
vn 0.35835109518254826 -0.6971379906281056 -0.6209533916522847
vn -0.2623404118664493 0.7277024329161793 0.6337402286659852
vn 0.2623404118664493 -0.7277024329161793 -0.6337402286659852
vn -0.7187568016495288 0.6887893015807542 -0.09464649021721115
vn 0.7187568016495288 -0.6887893015807542 0.09464649021721115
vn -0.2773348025708215 0.688690206383979 0.6699188062099733
vn 0.2773348025708215 -0.688690206383979 -0.6699188062099733
vn -0.042809418271176264 -0.9976745597097196 0.05303608785818026
vn 0.042809418271176264 0.9976745597097196 -0.05303608785818026
vn -0.043350610901643764 -0.9980720207587712 0.044418080923845714
vn 0.043350610901643764 0.9980720207587712 -0.044418080923845714
vn -0.016623840433731787 -0.9997826260852783 0.012583660328319427
vn 0.016623840433731787 0.9997826260852783 -0.012583660328319427
vn -0.06322100143472542 -0.9918587225090538 0.11054130250860314
vn 0.06322100143472542 0.9918587225090538 -0.11054130250860314
vn -0.10020349589784232 -0.9797801598894961 0.17317649291045392
vn 0.10020349589784232 0.9797801598894961 -0.17317649291045392
vn -0.19259760412420426 -0.9229648197639814 0.3332298071356431
vn 0.19259760412420426 0.9229648197639814 -0.3332298071356431
vn -0.34187079217342214 -0.7299545832888726 0.5918535864504709
vn 0.34187079217342214 0.7299545832888726 -0.5918535864504709
vn -0.43341301474974303 -0.49890271697846317 0.7504993255407006
vn 0.43341301474974303 0.49890271697846317 -0.7504993255407006
vn -0.46350471021281425 -0.37535060827043615 0.802667617685894
vn 0.46350471021281425 0.37535060827043615 -0.802667617685894
vn -0.4901375850376168 -0.1979680939566471 0.8488661740867434
vn 0.4901375850376168 0.1979680939566471 -0.8488661740867434
vn -0.49970790898135636 -0.03451834062040566 0.8655059155559216
vn 0.49970790898135636 0.03451834062040566 -0.8655059155559216
vn -0.5000000015661018 0.000017042100053187032 0.8660254027125678
vn 0.5000000015661018 -0.000017042100053187032 -0.8660254027125678
vn -0.49978338701582153 0.02909637924408717 0.8656615775104483
vn 0.49978338701582153 -0.02909637924408717 -0.8656615775104483
vn -0.4918994080853973 0.1789447029413309 0.8520644140054638
vn 0.4918994080853973 -0.1789447029413309 -0.8520644140054638
vn -0.45958340443158346 0.39355890379493486 0.7961749076772043
vn 0.45958340443158346 -0.39355890379493486 -0.7961749076772043
vn 0.010137960491484221 -0.9976864483674353 -0.06722330325895876
vn -0.010137960491484221 0.9976864483674353 0.06722330325895876
vn -0.002922595008196141 -0.9997857028038044 -0.020494070057473904
vn 0.002922595008196141 0.9997857028038044 0.020494070057473904
vn -0.001137397999831807 -0.9980814998524087 -0.06190335999084626
vn 0.001137397999831807 0.9980814998524087 0.06190335999084626
vn 0.017164049496088896 -0.9918091708819499 -0.12656999628409235
vn -0.017164049496088896 0.9918091708819499 0.12656999628409235
vn -0.0002200114017094032 -0.979802607612686 -0.19996700155366623
vn 0.0002200114017094032 0.979802607612686 0.19996700155366623
vn -0.05042681941300378 -0.9230107892556411 -0.38145539555964736
vn 0.05042681941300378 0.9230107892556411 0.38145539555964736
vn -0.17704440179297026 -0.7299916073927964 -0.6601269066852605
vn 0.17704440179297026 0.7299916073927964 0.6601269066852605
vn -0.3317460947298981 -0.4989261920740832 -0.8006354872811449
vn 0.3317460947298981 0.4989261920740832 0.8006354872811449
vn -0.4635047102128142 -0.37535060827043576 -0.8026676176858942
vn 0.4635047102128142 0.37535060827043576 0.8026676176858942
vn -0.5967436778764297 -0.1979469926613478 -0.7776335711701498
vn 0.5967436778764297 0.1979469926613478 0.7776335711701498
vn -0.7066904255373969 -0.034471861245696074 -0.706682625537115
vn 0.7066904255373969 0.034471861245696074 0.706682625537115
vn -0.793353336642588 0.00008291688382981492 -0.6087614281168467
vn 0.793353336642588 -0.00008291688382981492 0.6087614281168467
vn -0.8656550387971268 0.029178541307730694 -0.4997899223996998
vn 0.8656550387971268 -0.029178541307730694 0.4997899223996998
vn -0.9089453833190071 0.1790402967142472 -0.3765140930902022
vn 0.9089453833190071 -0.1790402967142472 0.3765140930902022
vn -0.8879293282648065 0.39365511253093605 -0.2379436075742852
vn 0.8879293282648065 -0.39365511253093605 0.2379436075742852
vn 0.6970235703861283 -0.47497447982014673 -0.5371753771774681
vn -0.6970235703861283 0.47497447982014673 0.5371753771774681
vn -0.6983230216955244 0.4744793147411401 0.5359238166501002
vn 0.6983230216955244 -0.4744793147411401 -0.5359238166501002
vn 0.6924169081179443 -0.6972345081744261 -0.18553400217521382
vn -0.6924169081179443 0.6972345081744261 0.18553400217521382
vn -0.6924269948560152 0.6972129948204603 0.185577198621362
vn 0.6924269948560152 -0.6972129948204603 -0.185577198621362
vn 0.6857794844464756 -0.7278093834932348 -0.0000033946299231711734
vn -0.6857794844464756 0.7278093834932348 0.0000033946299231711734
vn -0.6857794314797728 0.727809433409103 0
vn 0.6857794314797728 -0.727809433409103 0
vn 0.7002619040116849 -0.6887776039458933 0.18766640107510968
vn -0.7002619040116849 0.6887776039458933 -0.18766640107510968
vn 0.7606303171008372 -0.5675890127607947 0.3150940070840868
vn -0.7606303171008372 0.5675890127607947 -0.3150940070840868
vn 0.7293278372232382 -0.3935147200840987 0.5596669285641303
vn -0.7293278372232382 0.3935147200840987 -0.5596669285641303
vn 0.5989220161747247 -0.17894360483262195 0.7805585210800721
vn -0.5989220161747247 0.17894360483262195 -0.7805585210800721
vn 0.2587042042528739 -0.02904181047742252 0.9655199158723142
vn -0.2587042042528739 0.02904181047742252 -0.9655199158723142
vn 2.0942479905037774e-8 0.00009523056956796151 0.9999999954655691
vn -2.0942479905037774e-8 -0.00009523056956796151 -0.9999999954655691
vn -0.2586566032238273 0.03468803043234219 0.9653463120318202
vn 0.2586566032238273 -0.03468803043234219 -0.9653463120318202
vn -0.38244561423634166 0.03471491129224495 -0.9233256343703227
vn 0.38244561423634166 -0.03471491129224495 0.9233256343703227
vn -0.25881900655043794 0.00015334750388127917 -0.9659258244465707
vn 0.25881900655043794 -0.00015334750388127917 0.9659258244465707
vn -0.1284773984690627 -0.1787802978696529 -0.9754645883763593
vn 0.1284773984690627 0.1787802978696529 0.9754645883763593
vn -0.0001080647990866876 -0.3933567966755348 -0.9193858922297868
vn 0.0001080647990866876 0.3933567966755348 0.9193858922297868
vn 0.10731339718418396 -0.5674340851109921 -0.8163959785784354
vn -0.10731339718418396 0.5674340851109921 0.8163959785784354
vn 0.2129717999525797 -0.567460799873649 -0.7953811998229007
vn -0.2129717999525797 0.567460799873649 0.7953811998229007
vn 0.27731170447171094 -0.6886742111050198 -0.6699448108030045
vn -0.27731170447171094 0.6886742111050198 0.6699448108030045
vn 0.3428068922690499 -0.7277329835882312 -0.594043886603176
vn -0.3428068922690499 0.7277329835882312 0.594043886603176
vn 0.5345277757876322 -0.47480037849308865 -0.6991742683296822
vn -0.5345277757876322 0.47480037849308865 0.6991742683296822
vn -0.5358172971039209 0.4744428974356478 0.698429496225006
vn 0.5358172971039209 -0.4744428974356478 -0.698429496225006
vn -0.34280801268373046 0.7277324269257471 0.5940439219793375
vn 0.34280801268373046 -0.7277324269257471 -0.5940439219793375
vn -0.8162009821337485 0.5676845875736541 -0.1074716976474955
vn 0.8162009821337485 -0.5676845875736541 0.1074716976474955
vn -0.41156003027786137 0.5675901417567653 0.713063652459036
vn 0.41156003027786137 -0.5675901417567653 -0.713063652459036
vn -0.006898193889834743 -0.9999687840303391 0.003853035938466179
vn 0.006898193889834743 0.9999687840303391 -0.003853035938466179
vn -0.002219018077065428 -0.9999698347284701 -0.007443493258509153
vn 0.002219018077065428 0.9999698347284701 0.007443493258509153
vn -0.4900699915095865 0.1981455965671472 0.8488637852935199
vn 0.4900699915095865 -0.1981455965671472 -0.8488637852935199
vn -0.5966736814136778 0.19817709382680426 0.7776286757769488
vn 0.5966736814136778 -0.19817709382680426 -0.7776286757769488
vn -0.6930697134248331 0.19819370383903273 0.6930899134252246
vn 0.6930697134248331 -0.19819370383903273 -0.6930899134252246
vn -0.7776075245216748 0.19821390625062987 0.5966890188164513
vn 0.7776075245216748 -0.19821390625062987 -0.5966890188164513
vn -0.848837282960326 0.19822869602073034 0.49008229016202215
vn 0.848837282960326 -0.19822869602073034 -0.49008229016202215
vn -0.9055438818178472 0.19824139601956847 0.3750874924687272
vn 0.9055438818178472 -0.19824139601956847 -0.3750874924687272
vn -0.9467560949342584 0.19824819893924722 0.2536740986426838
vn 0.9467560949342584 -0.19824819893924722 -0.2536740986426838
vn -0.9717655827638669 0.1982599964834773 0.12792429773101638
vn 0.9717655827638669 -0.1982599964834773 -0.12792429773101638
vn -0.9801503325600528 0.1982557065859451 -0.000019711050654746197
vn 0.9801503325600528 -0.1982557065859451 0.000019711050654746197
vn -0.9717607757099797 0.19826129504428355 -0.12795879680155664
vn 0.9717607757099797 -0.19826129504428355 0.12795879680155664
vn -0.94674549215681 0.19825199835760715 -0.2537106978981667
vn 0.94674549215681 -0.19825199835760715 0.2537106978981667
vn -0.9055291450247529 0.19824640985721528 -0.375120418651751
vn 0.9055291450247529 -0.19824640985721528 0.375120418651751
vn -0.8488192619213364 0.19822999110725523 -0.4901129780131671
vn 0.8488192619213364 -0.19822999110725523 0.4901129780131671
vn -0.7775841786575812 0.19821769455950228 -0.5967181836218255
vn 0.7775841786575812 -0.19821769455950228 0.5967181836218255
vn 0.6209609334377351 -0.4751743255873635 -0.6233914335686136
vn -0.6209609334377351 0.4751743255873635 0.6233914335686136
vn -0.6223777906759436 0.47450929289121246 0.6224843906743468
vn 0.6223777906759436 -0.47450929289121246 -0.6224843906743468
vn 0.6208154249849532 -0.6971998280590725 -0.35846981442675435
vn -0.6208154249849532 0.6971998280590725 0.35846981442675435
vn 0.6623055061097253 -0.6971942064315712 -0.2743568025309238
vn -0.6623055061097253 0.6971942064315712 0.2743568025309238
vn -0.6207968976170773 0.6971968973238166 0.3585075986238723
vn 0.6207968976170773 -0.6971968973238166 -0.3585075986238723
vn -0.662298931765563 0.6971842334387518 0.27439801316083573
vn 0.662298931765563 -0.6971842334387518 -0.27439801316083573
vn 0.6799242968805645 -0.7277952966609365 -0.08953745958920983
vn -0.6799242968805645 0.7277952966609365 0.08953745958920983
vn -0.6799236151461058 0.7277962162125249 0.0895351619945022
vn 0.6799236151461058 -0.7277962162125249 -0.0895351619945022
vn 0.7187771769255793 -0.6887721778888095 0.0946163669625942
vn -0.7187771769255793 0.6887721778888095 -0.0946163669625942
vn 0.7961336885489148 -0.39353929433957885 0.4596715933883734
vn -0.7961336885489148 0.39353929433957885 -0.4596715933883734
vn 0.695681651411275 -0.17896268750064967 0.695700651409948
vn -0.695681651411275 0.17896268750064967 -0.695700651409948
vn 0.49978370500779934 -0.02909594029153957 0.8656614086738695
vn -0.49978370500779934 0.02909594029153957 -0.8656614086738695
vn 0.3825164908351673 -0.029068779303532195 0.9234912778737826
vn -0.3825164908351673 0.029068779303532195 -0.9234912778737826
vn 0.1305261945852744 0.00006591811726524431 0.9914448588710765
vn -0.1305261945852744 -0.00006591811726524431 -0.9914448588710765
vn -0.1304406938561292 0.03465831836756266 0.9908501533300907
vn 0.1304406938561292 -0.03465831836756266 -0.9908501533300907
vn -0.3750747978608734 0.19812599887004761 0.9055743948353282
vn 0.3750747978608734 -0.19812599887004761 -0.9055743948353282
vn -0.6930454646437391 0.19819368988899277 -0.6931141646402342
vn 0.6930454646437391 -0.19819368988899277 0.6931141646402342
vn -0.5966445151198254 0.19817330502199515 -0.7776520197068144
vn 0.5966445151198254 -0.19817330502199515 0.7776520197068144
vn -0.4900379016674667 0.19814820067424505 -0.8488817028885152
vn 0.4900379016674667 -0.19814820067424505 0.8488817028885152
vn -0.3750429984629988 0.19812219918805582 -0.9055883962887177
vn 0.3750429984629988 -0.19812219918805582 0.9055883962887177
vn -0.2586555019092538 0.03468803025604833 -0.965346607125662
vn 0.2586555019092538 -0.03468803025604833 0.965346607125662
vn -0.1305261938566664 0.0001245365941387925 -0.9914448533367495
vn 0.1305261938566664 -0.0001245365941387925 0.9914448533367495
vn -0.1304782024497271 -0.02895359054360319 -0.9910283186065479
vn 0.1304782024497271 0.02895359054360319 0.9910283186065479
vn -0.00005511425869089771 -0.17880639575289808 -0.9838842766302734
vn 0.00005511425869089771 0.17880639575289808 0.9838842766302734
vn 0.11988939890075029 -0.39337789639317106 -0.9115263916423377
vn -0.11988939890075029 0.39337789639317106 0.9115263916423377
vn 0.31494249562195603 -0.5674842921113497 -0.7607711894244514
vn -0.31494249562195603 0.5674842921113497 0.7607711894244514
vn 0.36239109679660225 -0.6887008939121492 -0.6279838944488644
vn -0.36239109679660225 0.6887008939121492 0.6279838944488644
vn 0.41741870626561756 -0.7277363109236058 -0.5442072081687627
vn -0.41741870626561756 0.7277363109236058 0.5442072081687627
vn 0.4363795025239252 -0.6971357040320829 -0.5688363032900271
vn -0.4363795025239252 0.6971357040320829 0.5688363032900271
vn -0.43634770000499623 0.697133500007982 0.5688634000065137
vn 0.43634770000499623 -0.697133500007982 -0.5688634000065137
vn -0.41741978787200595 0.7277372788558337 0.5442050841883013
vn 0.41741978787200595 -0.7277372788558337 -0.5442050841883013
vn -0.3624007018115197 0.6887137034426488 0.6279643031389833
vn 0.3624007018115197 -0.6887137034426488 -0.6279643031389833
vn -0.7249560866929889 0.6887950873567461 0
vn 0.7249560866929889 -0.6887950873567461 0
vn -0.07856506773828281 -0.991787671448593 0.10091949709474725
vn 0.07856506773828281 0.991787671448593 -0.10091949709474725
vn -0.05508511015654548 -0.9976718028352672 0.040207020114263456
vn 0.05508511015654548 0.9976718028352672 -0.040207020114263456
vn -0.05337735835805318 -0.9980697692982655 0.03174260902356187
vn 0.05337735835805318 0.9980697692982655 -0.03174260902356187
vn -0.019321930394167013 -0.9997820203955341 0.007910417161372137
vn 0.019321930394167013 0.9997820203955341 -0.007910417161372137
vn -0.12194809481688233 -0.9797766583568916 0.1586390932574173
vn 0.12194809481688233 0.9797766583568916 -0.1586390932574173
vn -0.23442639112798108 -0.9229694650696214 0.30524028844798295
vn 0.23442639112798108 0.9229694650696214 -0.30524028844798295
vn -0.41618357629665426 -0.7299628584256491 0.5421673691213651
vn 0.41618357629665426 0.7299628584256491 -0.5421673691213651
vn -0.5276656793189304 -0.49888218044705684 0.6875212730536285
vn 0.5276656793189304 0.49888218044705684 -0.6875212730536285
vn -0.56431068096136 -0.37532188733743926 0.7353141751920663
vn 0.56431068096136 0.37532188733743926 -0.7353141751920663
vn -0.5967436778764297 -0.1979469926613481 0.7776335711701495
vn 0.5967436778764297 0.1979469926613481 -0.7776335711701495
vn -0.6084040862311464 -0.03449298921938589 0.7928774820563106
vn 0.6084040862311464 0.03449298921938589 -0.7928774820563106
vn -0.6087614296861323 0.00004146737202197214 0.7933533386877207
vn 0.6087614296861323 -0.00004146737202197214 -0.7933533386877207
vn -0.6084992096481682 0.029119950461716407 0.7930200125738707
vn 0.6084992096481682 -0.029119950461716407 -0.7930200125738707
vn -0.5989073002704846 0.17897070008082835 0.7805636003525259
vn 0.5989073002704846 -0.17897070008082835 -0.7805636003525259
vn -0.559572482649619 0.39358148779641755 0.7293642773849707
vn 0.559572482649619 -0.39358148779641755 -0.7293642773849707
vn -0.0009352563099454563 -0.9918727105475117 -0.12723070135296344
vn 0.0009352563099454563 0.9918727105475117 0.12723070135296344
vn -0.007613784715771953 -0.9976824627557979 -0.06761459747589878
vn 0.007613784715771953 0.9976824627557979 0.06761459747589878
vn -0.008134916262297646 -0.9997845322364877 -0.01909744061576731
vn 0.008134916262297646 0.9997845322364877 0.01909744061576731
vn -0.017128050155760816 -0.9980779090764232 -0.059557680541611965
vn 0.017128050155760816 0.9980779090764232 0.059557680541611965
vn -0.026320060966311263 -0.9797981359721801 -0.19824950727850657
vn 0.026320060966311263 0.9797981359721801 0.19824950727850657
vn -0.09979581502726836 -0.9229856540084925 -0.3716695814800544
vn 0.09979581502726836 0.9229856540084925 0.3716695814800544
vn -0.2616847871687984 -0.7299975642059975 -0.6313672690421414
vn 0.2616847871687984 0.7299975642059975 0.6313672690421414
vn -0.43341301474974303 -0.49890271697846283 -0.750499325540701
vn 0.43341301474974303 0.49890271697846283 0.750499325540701
vn -0.56431068096136 -0.37532188733743893 -0.7353141751920665
vn 0.56431068096136 0.37532188733743893 0.7353141751920665
vn -0.6931408118857776 -0.19792250339391754 -0.6930963118850146
vn 0.6931408118857776 0.19792250339391754 0.6930963118850146
vn -0.792885273245972 -0.03445156883751361 -0.6083962794711144
vn 0.792885273245972 0.03445156883751361 0.6083962794711144
vn -0.8660253985744659 0.00009923189983676887 -0.4999999991769675
vn 0.8660253985744659 -0.00009923189983676887 0.4999999991769675
vn -0.9234848665965545 0.029190678944141683 -0.3825226861637411
vn 0.9234848665965545 -0.029190678944141683 0.3825226861637411
vn -0.9503141697760707 0.17904759430554448 -0.2546466919011798
vn 0.9503141697760707 -0.17904759430554448 0.2546466919011798
vn -0.9113900285434556 0.3936605123288944 -0.11999840375818137
vn 0.9113900285434556 -0.3936605123288944 0.11999840375818137
vn 0.5687306066411925 -0.6971654081409538 -0.4364698050967541
vn -0.5687306066411925 0.6971654081409538 0.4364698050967541
vn -0.5687069050730106 0.6971632062188734 0.43650420389372896
vn 0.5687069050730106 -0.6971632062188734 -0.43650420389372896
vn 0.6624055994690123 -0.7278047994165879 -0.17753589985768647
vn -0.6624055994690123 0.7278047994165879 0.17753589985768647
vn -0.6624064879071404 0.7278041867132433 0.17753509675892834
vn 0.6624064879071404 -0.7278041867132433 -0.17753509675892834
vn 0.7249686082100244 -0.6887819078002222 -0.000024435760276879666
vn -0.7249686082100244 0.6887819078002222 0.000024435760276879666
vn 0.7952647632451777 -0.5675816737680273 0.21308449015185504
vn -0.7952647632451777 0.5675816737680273 -0.21308449015185504
vn 0.8493199985392333 -0.393549199323125 0.35181609939490266
vn -0.8493199985392333 0.393549199323125 -0.35181609939490266
vn 0.7805362932848551 -0.17898439846015352 0.5989387948471828
vn -0.7805362932848551 0.17898439846015352 -0.5989387948471828
vn 0.6084995025192759 -0.029119530120559244 0.7930198032832166
vn -0.6084995025192759 0.029119530120559244 -0.7930198032832166
vn 0.25881910271658193 0.00003711363038933257 0.9659258101384194
vn -0.25881910271658193 -0.00003711363038933257 -0.9659258101384194
vn 0.000007208751024333107 0.03462995011689302 0.999400203373471
vn -0.000007208751024333107 -0.03462995011689302 -0.999400203373471
vn -0.25366619634525356 0.1980963971458864 0.9467899863589341
vn 0.25366619634525356 -0.1980963971458864 -0.9467899863589341
vn -0.25362960143138785 0.19809250111795804 -0.9468006053433782
vn 0.25362960143138785 -0.19809250111795804 0.9468006053433782
vn -0.1304395996475866 0.03465831990636258 -0.9908502973229839
vn 0.1304395996475866 -0.03465831990636258 0.9908502973229839
vn -0.00000688159588797999 -0.02898371952819693 -0.9995798837286364
vn 0.00000688159588797999 0.02898371952819693 0.9995798837286364
vn 0.12836780502435452 -0.17883800699977317 -0.9754684381801281
vn -0.12836780502435452 0.17883800699977317 0.9754684381801281
vn 0.2378471893026302 -0.393410282306054 -0.8880636600586185
vn -0.2378471893026302 0.393410282306054 0.8880636600586185
vn 0.3517234073940069 -0.3934412082710075 -0.8494084178564508
vn -0.3517234073940069 0.3934412082710075 0.8494084178564508
vn 0.41155709816832803 -0.5674970974743029 -0.713139396826109
vn -0.41155709816832803 0.5674970974743029 0.713139396826109
vn 0.44126798432782727 -0.688710675539597 -0.5752913795678225
vn -0.44126798432782727 0.688710675539597 0.5752913795678225
vn 0.5068774874213537 -0.697174282698958 -0.5069745874189444
vn -0.5068774874213537 0.697174282698958 0.5069745874189444
vn -0.5068498178554527 0.6971713245601541 0.5070063178609661
vn 0.5068498178554527 -0.6971713245601541 -0.5070063178609661
vn -0.44126731550490267 0.6887270241999465 0.5752723202134649
vn 0.44126731550490267 -0.6887270241999465 -0.5752723202134649
vn -0.8232475079859083 0.5676826055068024 0
vn 0.8232475079859083 -0.5676826055068024 0
vn -0.5011099839310817 0.5676138817985245 0.6532252790532541
vn 0.5011099839310817 -0.5676138817985245 -0.6532252790532541
vn -0.08968456843848649 -0.9918527827306799 0.09046952842481919
vn 0.08968456843848649 0.9918527827306799 -0.09046952842481919
vn -0.007668033085657522 -0.9999686111703786 0.001994478022279552
vn 0.007668033085657522 0.9999686111703786 -0.001994478022279552
vn -0.016187109613481514 -0.9918016763175951 -0.12675729697326846
vn 0.016187109613481514 0.9918016763175951 0.12675729697326846
vn -0.0040775760709088294 -0.9999694173894147 -0.00667365411605471
vn 0.0040775760709088294 0.9999694173894147 0.00667365411605471
vn -0.46335350418448296 0.37551910339126215 0.8026761072488598
vn 0.46335350418448296 -0.37551910339126215 -0.8026761072488598
vn -0.5641631020919563 0.3755356013925122 0.7353183027266118
vn 0.5641631020919563 -0.3755356013925122 -0.7353183027266118
vn -0.6553063919281291 0.37556389537391455 0.6553817919272005
vn 0.6553063919281291 -0.37556389537391455 -0.6553817919272005
vn -0.7352487813876113 0.37557469049254827 0.5642276857169093
vn 0.7352487813876113 -0.37557469049254827 -0.5642276857169093
vn -0.8026021782159405 0.37559568980566066 0.4634194874219658
vn 0.8026021782159405 -0.37559568980566066 -0.4634194874219658
vn -0.8562236988946238 0.3756029995151002 0.3546876995421018
vn 0.8562236988946238 -0.3756029995151002 -0.3546876995421018
vn -0.8951949130627469 0.3756148054809975 0.23987410350025978
vn 0.8951949130627469 -0.3756148054809975 -0.23987410350025978
vn -0.918846385819407 0.37561639420309717 0.12096959813307143
vn 0.918846385819407 -0.37561639420309717 -0.12096959813307143
vn -0.9267725092085931 0.3756231037322647 -0.000010851180107736047
vn 0.9267725092085931 -0.3756231037322647 0.000010851180107736047
vn -0.9188436882084653 0.37561529517972325 -0.12099349844728854
vn 0.9188436882084653 -0.37561529517972325 0.12099349844728854
vn -0.8951876273678823 0.3756167114834407 -0.23989830733422624
vn 0.8951876273678823 -0.3756167114834407 0.23989830733422624
vn -0.8562176154870844 0.3756025067938194 -0.3547029064157916
vn 0.8562176154870844 -0.3756025067938194 0.3547029064157916
vn -0.8025917237870291 0.3755959111318254 -0.46343741373525155
vn 0.8025917237870291 -0.3755959111318254 0.46343741373525155
vn -0.7352359730895957 0.3755752862535525 -0.564243979348081
vn 0.7352359730895957 -0.3755752862535525 0.564243979348081
vn -0.6552974914365888 0.3755638950921406 -0.6553906914353708
vn 0.6552974914365888 -0.3755638950921406 0.6553906914353708
vn 0.593878798351915 -0.7277887979802986 -0.34297439904820504
vn -0.593878798351915 0.7277887979802986 0.34297439904820504
vn 0.6335744000123039 -0.7277874000141336 -0.262505200005098
vn -0.6335744000123039 0.7277874000141336 0.262505200005098
vn -0.6335768072245751 0.7277858082988252 0.26250380299328907
vn 0.6335768072245751 -0.7277858082988252 -0.26250380299328907
vn -0.5938805098276387 0.7277888120435767 0.342971405675551
vn 0.5938805098276387 -0.7277888120435767 -0.342971405675551
vn 0.7187677040327172 -0.6887757038644441 -0.09466265053111432
vn -0.7187677040327172 0.6887757038644441 0.09466265053111432
vn -0.7187568016495288 0.6887893015807542 0.09464649021721148
vn 0.7187568016495288 -0.6887893015807542 -0.09464649021721148
vn 0.8162660468846579 -0.5675962326015705 0.10744420617137607
vn -0.8162660468846579 0.5675962326015705 -0.10744420617137607
vn 0.8520360719165975 -0.17899779410017116 0.49192918378584466
vn -0.8520360719165975 0.17899779410017116 -0.49192918378584466
vn 0.7068034511850436 -0.02914242798729585 0.7068094511846292
vn -0.7068034511850436 0.02914242798729585 -0.7068094511846292
vn 0.500000001566096 -0.000017042770053573523 0.8660254027125578
vn -0.500000001566096 0.000017042770053573523 -0.8660254027125578
vn 0.38268341621769403 0.000009297035393792792 0.9238795391529787
vn -0.38268341621769403 -0.000009297035393792792 -0.9238795391529787
vn 0.13045510051306897 0.03459974013607766 0.9908503038969312
vn -0.13045510051306897 -0.03459974013607766 -0.9908503038969312
vn -0.12791569576565157 0.19806799344342443 0.9718058678306509
vn 0.12791569576565157 -0.19806799344342443 -0.9718058678306509
vn -0.3546143939540728 0.37549099359814125 0.8563031854006302
vn 0.3546143939540728 -0.37549099359814125 -0.8563031854006302
vn -0.5641433841089668 0.37553628942173267 -0.7353330792868218
vn 0.5641433841089668 -0.37553628942173267 0.7353330792868218
vn -0.46333511689910384 0.3755195136962279 -0.8026865292761814
vn 0.46333511689910384 -0.3755195136962279 0.8026865292761814
vn -0.3546033995305548 0.3754903995029035 -0.856307998866368
vn 0.3546033995305548 -0.3754903995029035 0.856307998866368
vn -0.23978969473849382 0.3754675917614266 -0.8952792803556301
vn 0.23978969473849382 -0.3754675917614266 0.8952792803556301
vn -0.1278798960193374 0.19807049383443526 -0.9718100697493655
vn 0.1278798960193374 -0.19807049383443526 0.9718100697493655
vn 0.000008343311028089204 0.034629950116587954 -0.999400203364654
vn -0.000008343311028089204 -0.034629950116587954 0.999400203364654
vn 2.1824919901036406e-8 0.0000952305695684056 -0.9999999954655691
vn -2.1824919901036406e-8 -0.0000952305695684056 0.9999999954655691
vn 0.13046450117710537 -0.029012180261759817 -0.9910284089414734
vn -0.13046450117710537 0.029012180261759817 0.9910284089414734
vn 0.2545933989090508 -0.17886359923355769 -0.9503630959276326
vn -0.2545933989090508 0.17886359923355769 0.9503630959276326
vn 0.4595822931340658 -0.3934521941220169 -0.7962282881047398
vn -0.4595822931340658 0.3934521941220169 0.7962282881047398
vn 0.5011286229059159 -0.5675307259410666 -0.6532832298606985
vn -0.5011286229059159 0.5675307259410666 0.6532832298606985
vn 0.5125650958219153 -0.6887307943859314 -0.5127639958202942
vn -0.5125650958219153 0.6887307943859314 0.5127639958202942
vn 0.4848689985679927 -0.727764297850628 -0.48503729856749583
vn -0.4848689985679927 0.727764297850628 0.48503729856749583
vn -0.4848714222789963 0.727764333439502 0.48503482228650435
vn 0.4848714222789963 -0.727764333439502 -0.48503482228650435
vn -0.5125760974318758 0.688747396549217 0.5127306974311014
vn 0.5125760974318758 -0.688747396549217 -0.5127306974311014
vn -0.10201550095732703 -0.9917824093070182 0.07720421072449438
vn 0.10201550095732703 0.9917824093070182 -0.07720421072449438
vn -0.06362210908205926 -0.997669885605604 0.02463790964452365
vn 0.06362210908205926 0.997669885605604 -0.02463790964452365
vn -0.059781801855460524 -0.9980683309772594 0.01690393052465067
vn 0.059781801855460524 0.9980683309772594 -0.01690393052465067
vn -0.020718570139645648 -0.9997817067386486 0.0026980960181852694
vn 0.020718570139645648 0.9997817067386486 -0.0026980960181852694
vn -0.1416179951272924 -0.9797708662886278 0.1413979951348618
vn 0.1416179951272924 0.9797708662886278 -0.1413979951348618
vn -0.2722883042071947 -0.9229469142606836 0.27208100420399145
vn 0.2722883042071947 0.9229469142606836 -0.27208100420399145
vn -0.4834104019575801 -0.7299228029558371 0.4832464019569158
vn 0.4834104019575801 0.7299228029558371 -0.4832464019569158
vn -0.6128922018660697 -0.498862401518884 0.6127801018657285
vn 0.6128922018660697 0.498862401518884 -0.6127801018657285
vn -0.655459682694062 -0.3753074900908504 0.6553753826962877
vn 0.655459682694062 0.3753074900908504 -0.6553753826962877
vn -0.6931408118857777 -0.19792250339391787 0.6930963118850145
vn 0.6931408118857777 0.19792250339391787 -0.6930963118850145
vn -0.7066904255373969 -0.034471861245696386 0.706682625537115
vn 0.7066904255373969 0.034471861245696386 -0.706682625537115
vn -0.7071067797588095 0.00006354724818077974 0.7071067797588095
vn 0.7071067797588095 -0.00006354724818077974 -0.7071067797588095
vn -0.7068031920780908 0.02914286967336413 0.706809692078018
vn 0.7068031920780908 -0.02914286967336413 -0.706809692078018
vn -0.6956674744391635 0.17899049342337103 0.6957076744376864
vn 0.6956674744391635 -0.17899049342337103 -0.6957076744376864
vn -0.6499857113039472 0.39360160684515305 0.6500741113054845
vn 0.6499857113039472 -0.39360160684515305 -0.6500741113054845
vn -0.033840700747175954 -0.991865321899603 -0.12271100270936226
vn 0.033840700747175954 0.991865321899603 0.12271100270936226
vn -0.02486192973883822 -0.9976785895198996 -0.063398079334036
vn 0.02486192973883822 0.9976785895198996 0.063398079334036
vn -0.012808159781061987 -0.9997834829100657 -0.016399339719675887
vn 0.012808159781061987 0.9997834829100657 0.016399339719675887
vn -0.03196671927634994 -0.9980745774059792 -0.05315323879673804
vn 0.03196671927634994 0.9980745774059792 0.05315323879673804
vn -0.05197527920184245 -0.9797909849538553 -0.19315329703384468
vn 0.05197527920184245 0.9797909849538553 0.19315329703384468
vn -0.1474435037429057 -0.9229890234304042 -0.35545980902347374
vn 0.1474435037429057 0.9229890234304042 0.35545980902347374
vn -0.34187079217342214 -0.7299545832888723 -0.5918535864504713
vn 0.34187079217342214 0.7299545832888723 0.5918535864504713
vn -0.5276656793189304 -0.4988821804470565 -0.6875212730536286
vn 0.5276656793189304 0.4988821804470565 0.6875212730536286
vn -0.6554596826940621 -0.3753074900908501 -0.6553753826962879
vn 0.6554596826940621 0.3753074900908501 0.6553753826962879
vn -0.7776780347838556 -0.19790630885192084 -0.5966992266890653
vn 0.7776780347838556 0.19790630885192084 0.5966992266890653
vn -0.8655136971013341 -0.03443619988467064 -0.4997000983264693
vn 0.8655136971013341 0.03443619988467064 0.4997000983264693
vn -0.9238795333749142 0.00011222610405422457 -0.3826834138243415
vn 0.9238795333749142 -0.00011222610405422457 0.3826834138243415
vn -0.9655134835509034 0.0292009595025141 -0.25871029559244824
vn 0.9655134835509034 -0.0292009595025141 0.25871029559244824
vn -0.9754214622544628 0.1790551930711649 -0.1284219950304997
vn 0.9754214622544628 -0.1790551930711649 0.1284219950304997
vn -0.9192552130058756 0.3936621055696397 0
vn 0.9192552130058756 -0.3936621055696397 0
vn 0.5440405228374888 -0.7277663305498481 -0.41758361752913775
vn -0.5440405228374888 0.7277663305498481 0.41758361752913775
vn -0.544041696094428 0.7277656947755082 0.4175831970022497
vn 0.544041696094428 -0.7277656947755082 -0.4175831970022497
vn 0.7002617987576901 -0.6887714987780745 -0.18768919966702732
vn -0.7002617987576901 0.6887714987780745 0.18768919966702732
vn -0.7002485335003282 0.6887895329521224 0.18767250897837048
vn 0.7002485335003282 -0.6887895329521224 -0.18767250897837048
vn 0.8233094180116569 -0.5675928124173084 -0.000038800990848980814
vn -0.8233094180116569 0.5675928124173084 0.000038800990848980814
vn 0.8879806198008091 -0.39354840877561614 0.2379287053054996
vn -0.8879806198008091 0.39354840877561614 -0.2379287053054996
vn 0.9089555701174681 -0.17901319411481975 0.37650238762222826
vn -0.9089555701174681 0.17901319411481975 -0.37650238762222826
vn 0.7930137720828541 -0.02916095897342182 0.6085053785782618
vn -0.7930137720828541 0.02916095897342182 -0.6085053785782618
vn 0.6087614296861165 -0.000041468002022354096 0.7933533386877
vn -0.6087614296861165 0.000041468002022354096 -0.7933533386877
vn 0.2586710053586471 0.03457187071619314 0.9653466199981898
vn -0.2586710053586471 -0.03457187071619314 -0.9653466199981898
vn 0.00002734853060779318 0.19803810440119451 0.9801943217838184
vn -0.00002734853060779318 -0.19803810440119451 -0.9801943217838184
vn -0.23981790610057668 0.3754683095513017 0.8952714227742461
vn 0.23981790610057668 -0.3754683095513017 -0.8952714227742461
vn -0.12088530131145925 0.37543720407303965 -0.9189307099692862
vn 0.12088530131145925 -0.37543720407303965 0.9189307099692862
vn 0.00006417928163870952 0.19803560505650478 -0.9801948250276187
vn -0.00006417928163870952 -0.19803560505650478 0.9801948250276187
vn 0.1305261945852744 0.0000659181172656846 -0.9914448588710765
vn -0.1305261945852744 -0.0000659181172656846 0.9914448588710765
vn 0.25870340783824175 -0.029041810879913733 -0.9655201292535003
vn -0.25870340783824175 0.029041810879913733 0.9655201292535003
vn 0.376462213826136 -0.17889370657013784 -0.9089957333842232
vn -0.376462213826136 0.17889370657013784 0.9089957333842232
vn 0.49188898365740696 -0.17891689405563818 -0.8520762716904906
vn -0.49188898365740696 0.17891689405563818 0.8520762716904906
vn 0.5595829588549635 -0.3934841710678811 -0.7294087463680066
vn -0.5595829588549635 0.3934841710678811 0.7294087463680066
vn 0.5820956978895248 -0.5675390979423017 -0.5822919978888133
vn -0.5820956978895248 0.5675390979423017 0.5822919978888133
vn -0.5820866139170741 0.5676284135713937 0.5822140139201202
vn 0.5820866139170741 -0.5676284135713937 -0.5822140139201202
vn -0.8162009821337484 0.567684587573654 0.10747169764749573
vn 0.8162009821337484 -0.567684587573654 -0.10747169764749573
vn -0.11005150064520187 -0.991848205814935 0.06423242037657691
vn 0.11005150064520187 0.991848205814935 -0.06423242037657691
vn -0.007930610621008844 -0.9999685522131073 0
vn 0.007930610621008844 0.9999685522131073 0
vn -0.04845033185790289 -0.9917944380318913 -0.11830620453663458
vn 0.04845033185790289 0.9917944380318913 0.11830620453663458
vn -0.005673554767538528 -0.9999690590284595 -0.005449014776738784
vn 0.005673554767538528 0.9999690590284595 0.005449014776738784
vn -0.4332256052564367 0.4990527060551336 0.7505078091061028
vn 0.4332256052564367 -0.4990527060551336 -0.7505078091061028
vn -0.527480917695073 0.49907401674212426 0.6875238230639326
vn 0.527480917695073 -0.49907401674212426 -0.6875238230639326
vn -0.6127077995417988 0.4990900996267652 0.6127790995417455
vn 0.6127077995417988 -0.4990900996267652 -0.6127790995417455
vn -0.6874455143385908 0.4991117104103647 0.5275473110034685
vn 0.6874455143385908 -0.4991117104103647 -0.5275473110034685
vn -0.7504254365492992 0.49912212430962877 0.43328832110320864
vn 0.7504254365492992 -0.49912212430962877 -0.43328832110320864
vn -0.800556863734783 0.49913707738909585 0.3316185849776818
vn 0.800556863734783 -0.49913707738909585 -0.3316185849776818
vn -0.8369927918781025 0.49914449515646897 0.22427179782374174
vn 0.8369927918781025 -0.49914449515646897 -0.22427179782374174
vn -0.8591052645534979 0.499148479405239 0.113088195334005
vn 0.8591052645534979 -0.499148479405239 -0.113088195334005
vn -0.8665155964041356 0.49914999792862846 -0.000027499739885770803
vn 0.8665155964041356 -0.49914999792862846 0.000027499739885770803
vn -0.8590975072303795 0.49914850420095863 -0.11314700095227335
vn 0.8590975072303795 -0.49914850420095863 0.11314700095227335
vn -0.8369801091564537 0.49914050546053235 -0.22432800245411907
vn 0.8369801091564537 -0.49914050546053235 0.22432800245411907
vn -0.8005371684733539 0.4991341803431656 -0.3316704869381978
vn 0.8005371684733539 -0.4991341803431656 0.3316704869381978
vn -0.7503965854195243 0.49912099030189966 -0.43333959158005575
vn 0.7503965854195243 -0.49912099030189966 0.43333959158005575
vn -0.6874131002377281 0.49910880017260695 -0.5275923001824572
vn 0.6874131002377281 -0.49910880017260695 0.5275923001824572
vn -0.6126670967490475 0.4990900973517133 -0.6128197967482372
vn 0.6126670967490475 -0.4990900973517133 0.6128197967482372
vn -0.527435272797661 0.499075774260295 -0.6875575645393947
vn 0.527435272797661 -0.499075774260295 0.6875575645393947
vn 0.6278081958339465 -0.6887634954294549 -0.3625764975939897
vn -0.6278081958339465 0.6887634954294549 0.3625764975939897
vn 0.6697664824810055 -0.6887644819840771 -0.277518192740993
vn -0.6697664824810055 0.6887644819840771 0.277518192740993
vn -0.6697641823306901 0.6887782818290716 0.27748949267944173
vn 0.6697641823306901 -0.6887782818290716 -0.27748949267944173
vn -0.6278096697784549 0.688773266843785 0.3625553825472842
vn 0.6278096697784549 -0.688773266843785 -0.3625553825472842
vn 0.8162559849917258 -0.5675952895637817 -0.10752559802295653
vn -0.8162559849917258 0.5675952895637817 0.10752559802295653
vn 0.911433794351061 -0.3935631975607504 0.11998519925634847
vn -0.911433794351061 0.3935631975607504 -0.11998519925634847
vn 0.865655229832726 -0.02917810100555321 0.49978961722404747
vn -0.865655229832726 0.02917810100555321 -0.49978961722404747
vn 0.707106779758779 -0.00006354792818107156 0.707106779758779
vn -0.707106779758779 0.00006354792818107156 -0.707106779758779
vn 0.4997074144345717 0.03451774099708088 0.8655062250010532
vn -0.4997074144345717 -0.03451774099708088 -0.8655062250010532
vn 0.3824612072031363 0.03454315065057303 0.9233256173895813
vn -0.3824612072031363 -0.03454315065057303 -0.9233256173895813
vn 0.1279674987100403 0.19801429800394243 0.9718099902037958
vn -0.1279674987100403 -0.19801429800394243 -0.9718099902037958
vn -0.1209055019659398 0.37543680610465296 0.918928214941897
vn 0.1209055019659398 -0.37543680610465296 -0.918928214941897
vn -0.33155840711086526 0.49902891070257066 0.8006492171713598
vn 0.33155840711086526 -0.49902891070257066 -0.8006492171713598
vn -0.4331762899115951 0.499050888377417 -0.7505374825204513
vn 0.4331762899115951 -0.499050888377417 0.7505374825204513
vn -0.33150650258894976 0.4990318038972639 -0.8006689062529437
vn 0.33150650258894976 -0.4990318038972639 0.8006689062529437
vn -0.22415978702253178 0.499006871110582 -0.8371048515367954
vn 0.22415978702253178 -0.499006871110582 0.8371048515367954
vn -0.11297620401344921 0.4989809177261629 -0.859217330523464
vn 0.11297620401344921 -0.4989809177261629 0.859217330523464
vn 0.000095149391951293 0.37541500769889 -0.9268568190076802
vn -0.000095149391951293 -0.37541500769889 0.9268568190076802
vn 0.12800200136158993 0.198013002106315 -0.9718057103373452
vn -0.12800200136158993 -0.198013002106315 0.9718057103373452
vn 0.13045619471870626 0.03459973859928955 -0.9908501598871424
vn -0.13045619471870626 -0.03459973859928955 0.9908501598871424
vn 0.25881910271658193 0.000037113630389761525 -0.9659258101384194
vn -0.25881910271658193 -0.000037113630389761525 0.9659258101384194
vn 0.382515787283093 -0.029068779033595348 -0.923491569298113
vn -0.382515787283093 0.029068779033595348 0.923491569298113
vn 0.5988985947850395 -0.17894359844183322 -0.7805764932030639
vn -0.5988985947850395 0.17894359844183322 0.7805764932030639
vn 0.6499978000483435 -0.39350650002926685 -0.6501196000483527
vn -0.6499978000483435 0.39350650002926685 0.6501196000483527
vn 0.6531184890648829 -0.5675530904974982 -0.5013179916064682
vn -0.6531184890648829 0.5675530904974982 0.5013179916064682
vn 0.5751119215354631 -0.6887474257906229 -0.44144451653019495
vn -0.5751119215354631 0.6887474257906229 0.44144451653019495
vn -0.5751177126565322 0.6887570151573759 0.44142200971431045
vn 0.5751177126565322 -0.6887570151573759 -0.44142200971431045
vn -0.6530978836571497 0.5676479857954124 0.5012373874572439
vn 0.6530978836571497 -0.5676479857954124 -0.5012373874572439
vn -0.15885909510547352 -0.979768369812857 0.12172809624949756
vn 0.15885909510547352 0.979768369812857 -0.12172809624949756
vn -0.11852890034347797 -0.9917787028740175 0.048227630139755805
vn 0.11852890034347797 0.9917787028740175 -0.048227630139755805
vn -0.06783863263652186 -0.9976689387740122 0.0073897582871998374
vn 0.06783863263652186 0.9976689387740122 -0.0073897582871998374
vn -0.06212748027176256 -0.9980678043658211 0.000913281703994722
vn 0.06212748027176256 0.9980678043658211 -0.000913281703994722
vn -0.020718570139645648 -0.9997817067386486 -0.002698096018185713
vn 0.020718570139645648 0.9997817067386486 0.002698096018185713
vn -0.3054475114201772 -0.9229535345077058 0.23421910875706484
vn 0.3054475114201772 0.9229535345077058 -0.23421910875706484
vn -0.542331298905025 -0.7299344985262515 0.4160196991600498
vn 0.542331298905025 0.7299344985262515 -0.4160196991600498
vn -0.6876333044127012 -0.49884630320121165 0.5275536033854327
vn 0.6876333044127012 0.49884630320121165 -0.5275536033854327
vn -0.7353984670425815 -0.37528348318139726 0.5642263747137837
vn 0.7353984670425815 0.37528348318139726 -0.5642263747137837
vn -0.7776780347838556 -0.19790630885192106 0.596699226689065
vn 0.7776780347838556 0.19790630885192106 -0.596699226689065
vn -0.792885273245972 -0.03445156883751388 0.6083962794711144
vn 0.792885273245972 0.03445156883751388 -0.6083962794711144
vn -0.793353336642588 0.00008291688382954458 0.6087614281168467
vn 0.793353336642588 -0.00008291688382954458 -0.6087614281168467
vn -0.7930135062655028 0.029161380230400366 0.6085057048077293
vn 0.7930135062655028 -0.029161380230400366 -0.6085057048077293
vn -0.7805233988931943 0.17901149974615616 0.5989474991506745
vn 0.7805233988931943 -0.17901149974615616 -0.5989474991506745
vn -0.7292758814713681 0.39361958999935037 0.5596608857807577
vn 0.7292758814713681 -0.39361958999935037 -0.5596608857807577
vn -0.07674147999142528 -0.9797867998905233 -0.1847391999793583
vn 0.07674147999142528 0.9797867998905233 0.1847391999793583
vn -0.06445514270607124 -0.9918584416419776 -0.1098288046110298
vn 0.06445514270607124 0.9918584416419776 0.1098288046110298
vn -0.040431049735927045 -0.9976750934837455 -0.05486107964167839
vn 0.040431049735927045 0.9976750934837455 0.05486107964167839
vn -0.016623840433731787 -0.9997826260852783 -0.012583660328319873
vn 0.016623840433731787 0.9997826260852783 0.012583660328319873
vn -0.044642191373391676 -0.9980717307051103 -0.04312650132676256
vn 0.044642191373391676 0.9980717307051103 0.04312650132676256
vn -0.19259760412420424 -0.9229648197639813 -0.33322980713564343
vn 0.19259760412420424 0.9229648197639813 0.33322980713564343
vn -0.41618357629665426 -0.729962858425649 -0.5421673691213654
vn 0.41618357629665426 0.729962858425649 0.5421673691213654
vn -0.6128922018660697 -0.49886240151888367 -0.6127801018657286
vn 0.6128922018660697 0.49886240151888367 0.6127801018657286
vn -0.7353984670425815 -0.375283483181397 -0.5642263747137838
vn 0.7353984670425815 0.375283483181397 0.5642263747137838
vn -0.8489106356049172 -0.19788750829977617 -0.4900931205554323
vn 0.8489106356049172 0.19788750829977617 0.4900931205554323
vn -0.9233331643557172 -0.0344222786711649 -0.38245388523577956
vn 0.9233331643557172 0.0344222786711649 0.38245388523577956
vn -0.9659258286547611 0.00012166420360929803 -0.25881900767801896
vn 0.9659258286547611 -0.00012166420360929803 0.25881900767801896
vn -0.9910218119084044 0.02920585035094597 -0.13047140156778206
vn 0.9910218119084044 -0.02920585035094597 0.13047140156778206
vn -0.9838390282519023 0.17905520514174578 0
vn 0.9838390282519023 -0.17905520514174578 0
vn -0.9113900285434556 0.3936605123288944 0.11999840375818153
vn 0.9113900285434556 -0.3936605123288944 -0.11999840375818153
vn 0.79524431175956 -0.5675882083931283 -0.2131434031518273
vn -0.79524431175956 0.5675882083931283 0.2131434031518273
vn -0.7951916980213284 0.5676762985874538 0.2131050994697318
vn 0.7951916980213284 -0.5676762985874538 -0.2131050994697318
vn 0.9193008645661797 -0.3935554848306742 -0.00002770500893221685
vn -0.9193008645661797 0.3935554848306742 0.00002770500893221685
vn 0.9503229368826517 -0.17901980694787528 0.2546335098824922
vn -0.9503229368826517 0.17901980694787528 -0.2546335098824922
vn 0.9234850342071088 -0.02919025108124565 0.38252231416913307
vn -0.9234850342071088 0.02919025108124565 -0.38252231416913307
vn 0.793353336642546 -0.00008291752382984009 0.6087614281168146
vn -0.793353336642546 0.00008291752382984009 -0.6087614281168146
vn 0.6084035903145719 0.03449241945090075 0.7928778873778494
vn -0.6084035903145719 -0.03449241945090075 -0.7928778873778494
vn 0.2537185026056168 0.19797860203318368 0.9468006097233725
vn -0.2537185026056168 -0.19797860203318368 -0.9468006097233725
vn 0.0000780031296133409 0.37541679813907025 0.926856095405603
vn -0.0000780031296133409 -0.37541679813907025 -0.926856095405603
vn -0.22421698882943256 0.4990039751394503 0.837091258295826
vn 0.22421698882943256 -0.4990039751394503 -0.837091258295826
vn 0.000139538506436778 0.49895542301633716 -0.8666276399767049
vn -0.000139538506436778 -0.49895542301633716 0.8666276399767049
vn 0.12107340346454092 0.3753829107416613 -0.9189281262953216
vn -0.12107340346454092 -0.3753829107416613 0.9189281262953216
vn 0.2586721066689037 0.03457187089130805 -0.9653463248878851
vn -0.2586721066689037 -0.03457187089130805 0.9653463248878851
vn 0.38268341621769403 0.000009297035394203076 -0.9238795391529787
vn -0.38268341621769403 -0.000009297035394203076 0.9238795391529787
vn 0.49978308182055725 -0.029095938941644747 -0.8656617685118424
vn -0.49978308182055725 0.029095938941644747 0.8656617685118424
vn 0.6084988834060163 -0.029119529205899778 -0.7930202783740515
vn -0.6084988834060163 0.029119529205899778 0.7930202783740515
vn 0.695660499218502 -0.17896269979895496 -0.6957217992184331
vn -0.695660499218502 0.17896269979895496 0.6957217992184331
vn 0.7292951882403413 -0.3935146936546975 -0.5597094909748581
vn -0.7292951882403413 0.3935146936546975 0.5597094909748581
vn -0.17339650396018635 -0.9797637223767309 0.09998350228351353
vn 0.17339650396018635 0.9797637223767309 -0.09998350228351353
vn -0.12293370231686634 -0.991845318692783 0.03361798063358004
vn 0.12293370231686634 0.991845318692783 -0.03361798063358004
vn -0.007668033085657522 -0.9999686111703786 -0.001994478022279996
vn 0.007668033085657522 0.9999686111703786 0.001994478022279996
vn -0.10020349589784232 -0.9797801598894961 -0.17317649291045437
vn 0.10020349589784232 0.9797801598894961 0.17317649291045437
vn -0.07742691235724698 -0.9917879301947867 -0.1017928030990619
vn 0.07742691235724698 0.9917879301947867 0.1017928030990619
vn -0.006898193889834743 -0.9999687840303391 -0.0038530359384666237
vn 0.006898193889834743 0.9999687840303391 0.0038530359384666237
vn -0.3416844876969225 0.7299875737152429 0.5919204786866429
vn 0.3416844876969225 -0.7299875737152429 -0.5919204786866429
vn -0.4160016820404299 0.730032068483151 0.542213776591618
vn 0.4160016820404299 -0.730032068483151 -0.542213776591618
vn -0.4832365036233146 0.7300194054736964 0.4832744036235989
vn 0.4832365036233146 -0.7300194054736964 -0.4832744036235989
vn -0.5421564095359864 0.730060412841029 0.416026707317492
vn 0.5421564095359864 -0.730060412841029 -0.416026707317492
vn -0.5918456786453412 0.7300437736589516 0.3416939876711807
vn 0.5918456786453412 -0.7300437736589516 -0.3416939876711807
vn -0.6313529311748889 0.7300804360498468 0.26148811291173696
vn 0.6313529311748889 -0.7300804360498468 -0.26148811291173696
vn -0.6601103220654454 0.7300591244036174 0.17682770591080318
vn 0.6601103220654454 -0.7300591244036174 -0.17682770591080318
vn -0.6775126099124058 0.7300908106816556 0.08912952130401719
vn 0.6775126099124058 -0.7300908106816556 -0.08912952130401719
vn -0.6833784247155086 0.7300643264039812 -0.00008913838322367462
vn 0.6833784247155086 -0.7300643264039812 0.00008913838322367462
vn -0.6774897840003242 0.7300907827580931 -0.08930308789100797
vn 0.6774897840003242 -0.7300907827580931 0.08930308789100797
vn -0.6600641992691572 0.7300590991916567 -0.17699989980402023
vn 0.6600641992691572 -0.7300590991916567 0.17699989980402023
vn -0.6312859328764222 0.7300804380214915 -0.2616498136263287
vn 0.6312859328764222 -0.7300804380214915 0.2616498136263287
vn -0.5917564900013126 0.730043787664724 -0.3418483942239158
vn 0.5917564900013126 -0.730043787664724 0.3418483942239158
vn -0.5420498760518222 0.7300603677453752 -0.41616558161348643
vn 0.5420498760518222 -0.7300603677453752 0.41616558161348643
vn -0.48311049364546166 0.7300193903977741 -0.4834003936416484
vn 0.48311049364546166 -0.7300193903977741 0.4834003936416484
vn -0.41586282136704683 0.7300320375090728 -0.542320327864438
vn 0.41586282136704683 -0.7300320375090728 0.542320327864438
vn -0.34153008773020227 0.7299875737744926 -0.5920095787314849
vn 0.34153008773020227 -0.7299875737744926 0.5920095787314849
vn 0.7129735840470984 -0.5675655873006263 -0.41174989078702845
vn -0.7129735840470984 0.5675655873006263 0.41174989078702845
vn 0.7606162029592953 -0.5675835022082716 -0.31513800122609337
vn -0.7606162029592953 0.5675835022082716 0.31513800122609337
vn -0.7605695320467272 0.5676721239189618 0.3150910132764138
vn 0.7605695320467272 -0.5676721239189618 -0.3150910132764138
vn -0.712936199705012 0.567657799765123 0.41168749982965824
vn 0.712936199705012 -0.567657799765123 -0.41168749982965824
vn 0.9114267866815301 -0.39356689424889757 -0.12002629824608341
vn -0.9114267866815301 0.39356689424889757 0.12002629824608341
vn 0.9754282613242067 -0.17902819290152067 0.1284079949086147
vn -0.9754282613242067 0.17902819290152067 -0.1284079949086147
vn 0.8660253985744084 -0.0000992325698367612 0.4999999991769344
vn -0.8660253985744084 0.0000992325698367612 -0.4999999991769344
vn 0.7066899899717077 0.0344712695108349 0.7066830899718056
vn -0.7066899899717077 -0.0344712695108349 -0.7066830899718056
vn 0.49012549925854304 0.19792929970057435 0.8488821987158196
vn -0.49012549925854304 -0.19792929970057435 -0.8488821987158196
vn 0.3751328063311295 0.19795750334093554 0.9055872152836272
vn -0.3751328063311295 -0.19795750334093554 -0.9055872152836272
vn 0.12104960177360122 0.3753818055000396 0.9189317134640544
vn -0.12104960177360122 -0.3753818055000396 -0.9189317134640544
vn -0.11303230171912015 0.49898270758908025 0.8592089130677988
vn 0.11303230171912015 -0.49898270758908025 -0.8592089130677988
vn -0.2614858926632838 0.7299973795178869 0.6314498822829122
vn 0.2614858926632838 -0.7299973795178869 -0.6314498822829122
vn -0.26132420124148076 0.7299973034680203 -0.6315169030001662
vn 0.26132420124148076 -0.7299973034680203 0.6315169030001662
vn -0.17666378870135382 0.7299505533155431 -0.6602742577717351
vn 0.17666378870135382 -0.7299505533155431 0.6602742577717351
vn -0.08896562543098709 0.729958644560986 -0.6776765413693774
vn 0.08896562543098709 -0.729958644560986 0.6776765413693774
vn 0.00025303741064353107 0.7299108307022927 -0.6835423287518908
vn -0.00025303741064353107 -0.7299108307022927 0.6835423287518908
vn 0.11325900099106327 0.4989301043658457 -0.8592096075184406
vn -0.11325900099106327 -0.4989301043658457 0.8592096075184406
vn 0.23998299954489025 0.37536119928815587 -0.8952720983021836
vn -0.23998299954489025 -0.37536119928815587 0.8952720983021836
vn 0.25375660004647804 0.19797860003626197 -0.9467904001734142
vn -0.25375660004647804 -0.19797860003626197 0.9467904001734142
vn 0.38246220218083726 0.03454315019696866 -0.9233252052648915
vn -0.38246220218083726 -0.03454315019696866 0.9233252052648915
vn 0.500000001566096 -0.00001704277005318893 -0.8660254027125578
vn -0.500000001566096 0.00001704277005318893 0.8660254027125578
vn 0.7068029011398204 -0.02914243004699616 -0.7068100011398318
vn -0.7068029011398204 0.02914243004699616 0.7068100011398318
vn 0.7805183198614246 -0.1789844045545185 -0.5989622152414652
vn -0.7805183198614246 0.1789844045545185 0.5989622152414652
vn 0.7961155735290901 -0.3935240869152908 -0.4597159847144048
vn -0.7961155735290901 0.3935240869152908 0.4597159847144048
vn -0.7960865318192409 0.3936344157334004 0.4596718183728876
vn 0.7960865318192409 -0.3936344157334004 -0.4596718183728876
vn -0.1849592002365766 -0.9797625012531893 0.07652147009787645
vn 0.1849592002365766 0.9797625012531893 -0.07652147009787645
vn -0.12697999975842766 -0.9917767981132002 0.015964409969628383
vn 0.12697999975842766 0.9917767981132002 -0.015964409969628383
vn -0.06744733179673323 -0.9976690265769609 -0.010361990276033859
vn 0.06744733179673323 0.9976690265769609 0.010361990276033859
vn -0.06025455149317122 -0.9980682247331815 -0.015139610375175708
vn 0.06025455149317122 0.9980682247331815 0.015139610375175708
vn -0.019321930394167013 -0.9997820203955341 -0.00791041716137258
vn 0.019321930394167013 0.9997820203955341 0.00791041716137258
vn -0.33343709685689854 -0.9229331913000903 0.19239029818645767
vn 0.33343709685689854 0.9229331913000903 -0.19239029818645767
vn -0.592017520189263 -0.7298984248913433 0.341706811653048
vn 0.592017520189263 0.7298984248913433 -0.341706811653048
vn -0.7506113640445119 -0.4988314761051723 0.4333009792441881
vn 0.7506113640445119 0.4988314761051723 -0.4333009792441881
vn -0.8027518877821084 -0.3752744942883186 0.46342039294673704
vn 0.8027518877821084 0.3752744942883186 -0.46342039294673704
vn -0.8489106356049172 -0.19788750829977642 0.49009312055543214
vn 0.8489106356049172 0.19788750829977642 -0.49009312055543214
vn -0.8655136971013341 -0.034436199884670865 0.4997000983264693
vn 0.8655136971013341 0.034436199884670865 -0.4997000983264693
vn -0.8660253985744659 0.00009923189983654683 0.4999999991769675
vn 0.8660253985744659 -0.00009923189983654683 -0.4999999991769675
vn -0.8656550387971268 0.029178541307730472 0.4997899223996998
vn 0.8656550387971268 -0.029178541307730472 -0.4997899223996998
vn -0.8520242115495462 0.17902560242676716 0.49193960666844805
vn 0.8520242115495462 -0.17902560242676716 -0.49193960666844805
vn -0.12194809481688233 -0.9797766583568916 -0.15863909325741773
vn 0.12194809481688233 0.9797766583568916 0.15863909325741773
vn -0.09069224605750635 -0.9918525568830568 -0.08946184611099343
vn 0.09069224605750635 0.9918525568830568 0.08946184611099343
vn -0.053260120657005826 -0.9976722123070777 -0.042585400525324904
vn 0.053260120657005826 0.9976722123070777 0.042585400525324904
vn -0.05429063805966492 -0.9980695643292202 -0.03016075892206154
vn 0.05429063805966492 0.9980695643292202 0.03016075892206154
vn -0.23442639112798105 -0.9229694650696213 -0.30524028844798334
vn 0.23442639112798105 0.9229694650696213 0.30524028844798334
vn -0.48341040195758006 -0.7299228029558368 -0.4832464019569161
vn 0.48341040195758006 0.7299228029558368 0.4832464019569161
vn -0.6876333044127011 -0.4988463032012114 -0.5275536033854328
vn 0.6876333044127011 0.4988463032012114 0.5275536033854328
vn -0.8027518877821083 -0.3752744942883184 -0.4634203929467371
vn 0.8027518877821083 0.3752744942883184 0.4634203929467371
vn -0.9056179291867938 -0.19787760637731724 -0.3751008120889725
vn 0.9056179291867938 0.19787760637731724 0.3751008120889725
vn -0.9653541994487981 -0.034413779980350216 -0.25866379985230703
vn 0.9653541994487981 0.034413779980350216 0.25866379985230703
vn -0.9914448529794282 0.00012739769395802637 -0.13052619380962416
vn 0.9914448529794282 -0.00012739769395802637 0.13052619380962416
vn -0.9995733374984836 0.029208611095746136 0
vn 0.9995733374984836 -0.029208611095746136 0
vn -0.9754214622544628 0.17905519307116488 0.12842199503049978
vn 0.9754214622544628 -0.17905519307116488 -0.12842199503049978
vn -0.8879293282648066 0.39365511253093594 0.2379436075742854
vn 0.8879293282648066 -0.39365511253093594 -0.2379436075742854
vn 0.8879651285598847 -0.39355621265806473 -0.23797360765401557
vn -0.8879651285598847 0.39355621265806473 0.23797360765401557
vn 0.983844088548307 -0.17902739791616698 -0.000014963869825864141
vn -0.983844088548307 0.17902739791616698 0.000014963869825864141
vn 0.9655135776709393 -0.029200519324690893 0.2587099940169136
vn -0.9655135776709393 0.029200519324690893 -0.2587099940169136
vn 0.9238795333748522 -0.00011222670405423869 0.38268341382431575
vn -0.9238795333748522 0.00011222670405423869 -0.38268341382431575
vn 0.7928848993616364 0.034450989972262855 0.6083967995101706
vn -0.7928848993616364 -0.034450989972262855 -0.6083967995101706
vn 0.5967334967494913 0.19790529892197606 0.7776519957639974
vn -0.5967334967494913 -0.19790529892197606 -0.7776519957639974
vn 0.23996200575588114 0.3753612090036523 0.8952777214747004
vn -0.23996200575588114 -0.3753612090036523 -0.8952777214747004
vn 0.00008326029217280158 0.4989525130209103 0.8666293226159857
vn -0.00008326029217280158 -0.4989525130209103 -0.8666293226159857
vn -0.17683600058656768 0.729950602421257 0.6602281021899866
vn 0.17683600058656768 -0.729950602421257 -0.6602281021899866
vn 0.08946698811898746 0.7299185846537138 -0.677653685752565
vn -0.08946698811898746 -0.7299185846537138 0.677653685752565
vn 0.224438308484363 0.4989050188599323 -0.837090931644256
vn -0.224438308484363 -0.4989050188599323 0.837090931644256
vn 0.3751637920142542 0.19795749578627203 -0.9055743807239213
vn -0.3751637920142542 -0.19795749578627203 0.9055743807239213
vn 0.49970838097666265 0.03451773868594861 -0.8655056670511704
vn -0.49970838097666265 -0.03451773868594861 0.8655056670511704
vn 0.6087614296861165 -0.00004146800202200178 -0.7933533386877
vn -0.6087614296861165 0.00004146800202200178 0.7933533386877
vn 0.707106779758779 -0.00006354792818075753 -0.707106779758779
vn -0.707106779758779 0.00006354792818075753 0.707106779758779
vn 0.7930132969861484 -0.029160959889173464 -0.6085059976873695
vn -0.7930132969861484 0.029160959889173464 0.6085059976873695
vn 0.8520211052543886 -0.17899780110387398 -0.49195510303387235
vn -0.8520211052543886 0.17899780110387398 0.49195510303387235
vn -0.19337330666071434 -0.9797592337476589 0.05175527178270231
vn 0.19337330666071434 0.9797592337476589 -0.05175527178270231
vn -0.12745340048945522 -0.9918443038089482 0.0007125345027361033
vn 0.12745340048945522 0.9918443038089482 -0.0007125345027361033
vn -0.14161799512729237 -0.9797708662886276 -0.14139799513486223
vn 0.14161799512729237 0.9797708662886276 0.14139799513486223
vn -0.10114220014054637 -0.9917826013781728 -0.07834237010886412
vn 0.10114220014054637 0.9917826013781728 0.07834237010886412
vn -0.19230399244273688 0.9229863637279979 0.3333396869002424
vn 0.19230399244273688 -0.9229863637279979 -0.3333396869002424
vn -0.23414330482211818 0.9230109190091608 0.3053322062882346
vn 0.23414330482211818 -0.9230109190091608 -0.3053322062882346
vn -0.27201899270266494 0.9230042752389662 0.27215579269899526
vn 0.27201899270266494 -0.9230042752389662 -0.27215579269899526
vn -0.30518369861286226 0.9230268958046073 0.23427389893516556
vn 0.30518369861286226 -0.9230268958046073 -0.23427389893516556
vn -0.33318220210807037 0.9230180058400086 0.19242500121748857
vn 0.33318220210807037 -0.9230180058400086 -0.19242500121748857
vn -0.35541229234964916 0.9230381801313403 0.14725019683039778
vn 0.35541229234964916 -0.9230381801313403 -0.14725019683039778
vn -0.3716255110861916 0.923026627535381 0.09958074297065524
vn 0.3716255110861916 -0.923026627535381 -0.09958074297065524
vn -0.3814060071524961 0.9230440173098184 0.050191630941242446
vn 0.3814060071524961 -0.9230440173098184 -0.050191630941242446
vn -0.3847289906901002 0.9230295776639841 -0.00004979983879470909
vn 0.3847289906901002 -0.9230295776639841 0.00004979983879470909
vn -0.38139340493936497 0.9230440119541953 -0.050287400651263886
vn 0.38139340493936497 -0.9230440119541953 0.050287400651263886
vn -0.37159979850703023 0.9230265962915727 -0.09967693959952956
vn 0.37159979850703023 -0.9230265962915727 0.09967693959952956
vn -0.35537538358578713 0.9230381573663639 -0.14733939319463207
vn 0.35537538358578713 -0.9230381573663639 0.14733939319463207
vn -0.3331323958555915 0.9230179885169872 -0.19251129760501973
vn 0.3331323958555915 -0.9230179885169872 0.19251129760501973
vn -0.3051248970137625 0.923026890966396 -0.23435049770642674
vn 0.3051248970137625 -0.923026890966396 0.23435049770642674
vn -0.27194860643548846 0.9230042218422999 -0.2722263064420598
vn 0.27194860643548846 -0.9230042218422999 0.2722263064420598
vn -0.23406660495807266 0.9230109195515084 -0.3053910064688884
vn 0.23406660495807266 -0.9230109195515084 0.3053910064688884
vn -0.19221780467716096 0.9229863224586666 -0.33338950811223683
vn 0.19221780467716096 -0.9229863224586666 0.33338950811223683
vn -0.14704289714600552 0.922991382085416 -0.355619593097685
vn 0.14704289714600552 -0.922991382085416 0.355619593097685
vn 0.8493085562642922 -0.3935378797345056 -0.3518563818809222
vn -0.8493085562642922 0.3935378797345056 0.3518563818809222
vn -0.8492743182980442 0.3936465084813128 0.351817507580086
vn 0.8492743182980442 -0.3936465084813128 -0.351817507580086
vn 0.9754244142146454 -0.17902820260893862 -0.12843720187168717
vn -0.9754244142146454 0.17902820260893862 0.12843720187168717
vn 0.9910218778615693 -0.029205419347580374 0.13047099708540932
vn -0.9910218778615693 0.029205419347580374 -0.13047099708540932
vn 0.8655134234695739 0.034435600933768046 0.49970061355006196
vn -0.8655134234695739 -0.034435600933768046 -0.49970061355006196
vn 0.6931343741768461 0.197882492627764 0.6931141741775988
vn -0.6931343741768461 -0.197882492627764 -0.6931141741775988
vn 0.46350030461016406 0.37531030373299 0.8026890079838741
vn -0.46350030461016406 -0.37531030373299 -0.8026890079838741
vn 0.35477218651918574 0.3753316857379552 0.8563076674615853
vn -0.35477218651918574 -0.3753316857379552 -0.8563076674615853
vn 0.11320020574008033 0.49893012529941494 0.8592173435686186
vn -0.11320020574008033 -0.49893012529941494 -0.8592173435686186
vn -0.08913917847391713 0.7299586875029421 0.6776536883984159
vn 0.08913917847391713 -0.7299586875029421 -0.6776536883984159
vn -0.14713220042862846 0.9229914026888769 0.35558260103589057
vn 0.14713220042862846 -0.9229914026888769 -0.35558260103589057
vn -0.09937348821819014 0.9229654834508277 -0.3718327933328761
vn 0.09937348821819014 -0.9229654834508277 0.3718327933328761
vn -0.04998437921262021 0.922969585460906 -0.38161329398862975
vn 0.04998437921262021 -0.922969585460906 0.38161329398862975
vn 0.00025704370167505566 0.922943106014468 -0.38493630250848265
vn -0.00025704370167505566 -0.922943106014468 0.38493630250848265
vn 0.05049464081502846 0.9229470148971867 -0.38160070615937486
vn -0.05049464081502846 -0.9229470148971867 0.38160070615937486
vn 0.17716380188898603 0.7298711077821559 -0.6602281070395961
vn -0.17716380188898603 -0.7298711077821559 0.6602281070395961
vn 0.33178340721854865 0.49888111085406184 -0.800648117419549
vn -0.33178340721854865 -0.49888111085406184 0.800648117419549
vn 0.3547869106364798 0.37533041125237226 -0.8563021256718609
vn -0.3547869106364798 -0.37533041125237226 0.8563021256718609
vn 0.49015889957113556 0.1979254998268253 -0.8488637992572867
vn -0.49015889957113556 -0.1979254998268253 0.8488637992572867
vn 0.6084044948475603 0.03449241970789171 -0.7928771932853029
vn -0.6084044948475603 -0.03449241970789171 0.7928771932853029
vn 0.793353336642546 -0.00008291752382956975 -0.6087614281168146
vn -0.793353336642546 0.00008291752382956975 0.6087614281168146
vn 0.8656548517883456 -0.029178098374959154 -0.49979027216475386
vn -0.8656548517883456 0.029178098374959154 0.49979027216475386
vn 0.9089442972945773 -0.17901319946717698 -0.3765295988792804
vn -0.9089442972945773 0.17901319946717698 0.3765295988792804
vn -0.9089453833190071 0.17904029671424704 0.3765140930902022
vn 0.9089453833190071 -0.17904029671424704 -0.3765140930902022
vn -0.35566711447548477 -0.9229422375633162 0.14723630599244836
vn 0.35566711447548477 0.9229422375633162 -0.14723630599244836
vn -0.19846959279809306 -0.9797594644472669 0.026100049052901936
vn 0.19846959279809306 0.9797594644472669 -0.026100049052901936
vn -0.12679270575544896 -0.991776845019317 -0.01738676078923028
vn 0.12679270575544896 0.991776845019317 0.01738676078923028
vn -0.06247487270962953 -0.9976701432704598 -0.027407581188708386
vn 0.06247487270962953 0.9976701432704598 0.027407581188708386
vn -0.6315311952570428 -0.7299144945181598 0.26152089803591255
vn 0.6315311952570428 0.7299144945181598 -0.26152089803591255
vn -0.8007474898641903 -0.49882089368595767 0.33163409580219705
vn 0.8007474898641903 0.49882089368595767 -0.33163409580219705
vn -0.8563757896500221 -0.37525629546473127 0.3546874957133213
vn 0.8563757896500221 0.37525629546473127 -0.3546874957133213
vn -0.9056179291867938 -0.1978776063773174 0.37510081208897234
vn 0.9056179291867938 0.1978776063773174 -0.37510081208897234
vn -0.9233331643557172 -0.034422278671165076 0.38245388523577956
vn 0.9233331643557172 0.034422278671165076 -0.38245388523577956
vn -0.9238795333749142 0.00011222610405405464 0.3826834138243415
vn 0.9238795333749142 -0.00011222610405405464 -0.3826834138243415
vn -0.9234848665965545 0.029190678944141513 0.3825226861637411
vn 0.9234848665965545 -0.029190678944141513 -0.3825226861637411
vn -0.2722883042071947 -0.9229469142606834 -0.27208100420399184
vn 0.2722883042071947 0.9229469142606834 0.27208100420399184
vn -0.1588590951054735 -0.9797683698128569 -0.12172809624949799
vn 0.1588590951054735 0.9797683698128569 0.12172809624949799
vn -0.11076400542284201 -0.9918480485594146 -0.06299828308430307
vn 0.11076400542284201 0.9918480485594146 0.06299828308430307
vn -0.542331298905025 -0.7299344985262513 -0.41601969916005016
vn 0.542331298905025 0.7299344985262513 0.41601969916005016
vn -0.7506113640445119 -0.49883147610517214 -0.43330097924418826
vn 0.7506113640445119 0.49883147610517214 0.43330097924418826
vn -0.8563757896500221 -0.3752562954647311 -0.3546874957133215
vn 0.8563757896500221 0.3752562954647311 0.3546874957133215
vn -0.9468316437475901 -0.1978655091422157 -0.2536909117215833
vn 0.9468316437475901 0.1978655091422157 0.2536909117215833
vn -0.9908579603671873 -0.03440710862376791 -0.13044789478228247
vn 0.9908579603671873 0.03440710862376791 0.13044789478228247
vn -0.9999999916387508 0.00012931549891876087 0
vn 0.9999999916387508 -0.00012931549891876087 0
vn -0.9910218119084044 0.029205850350945906 0.13047140156778206
vn 0.9910218119084044 -0.029205850350945906 -0.13047140156778206
vn -0.9503141697760707 0.17904759430554437 0.25464669190117983
vn 0.9503141697760707 -0.17904759430554437 -0.25464669190117983
vn 0.9503151970935371 -0.17901979945248223 -0.2546623992211355
vn -0.9503151970935371 0.17901979945248223 0.2546623992211355
vn 0.9995733504299351 -0.029208168551531202 -3.734083814887073e-7
vn -0.9995733504299351 0.029208168551531202 3.734083814887073e-7
vn 0.965925828654679 -0.00012166490360930846 0.258819007677997
vn -0.965925828654679 0.00012166490360930846 -0.258819007677997
vn 0.9233329767323554 0.03442169913258601 0.3824543903622929
vn -0.9233329767323554 -0.03442169913258601 -0.3824543903622929
vn 0.7776730984574465 0.19786849960751782 0.5967181988163797
vn -0.7776730984574465 -0.19786849960751782 -0.5967181988163797
vn 0.5643119841055834 0.3752828894297784 0.7353330792886016
vn -0.5643119841055834 -0.3752828894297784 -0.7353330792886016
vn 0.22438520390081784 0.49890510867320076 0.8371051145526289
vn -0.22438520390081784 -0.49890510867320076 -0.8371051145526289
vn 0.00007476069987226154 0.7299108987528513 0.6835422988320785
vn -0.00007476069987226154 -0.7299108987528513 -0.6835422988320785
vn -0.09946970096200432 0.9229655089263041 0.3718070035958685
vn 0.09946970096200432 -0.9229655089263041 -0.3718070035958685
vn 0.09988419423761469 0.922920739155169 -0.37180701577401565
vn -0.09988419423761469 -0.922920739155169 0.37180701577401565
vn 0.2618136923888522 0.7298798787817684 -0.6314498816432121
vn -0.2618136923888522 -0.7298798787817684 0.6314498816432121
vn 0.4635220987437114 0.37531099898279097 -0.8026760978244989
vn -0.4635220987437114 -0.37531099898279097 0.8026760978244989
vn 0.5967617720828374 0.1979077907416592 -0.7776296636216414
vn -0.5967617720828374 -0.1979077907416592 0.7776296636216414
vn 0.706690789967343 0.03447126951062287 -0.7066822899674637
vn -0.706690789967343 -0.03447126951062287 0.7066822899674637
vn 0.7928855934443623 0.03445098971515677 -0.608395894969737
vn -0.7928855934443623 -0.03445098971515677 0.608395894969737
vn 0.8660253985744084 -0.00009923256983653915 -0.4999999991769344
vn -0.8660253985744084 0.00009923256983653915 0.4999999991769344
vn 0.9234847427766673 -0.029190251352119355 -0.38252301771881997
vn -0.9234847427766673 0.029190251352119355 0.38252301771881997
vn -0.371876790155255 -0.9229245755672918 0.09958855736357834
vn 0.371876790155255 0.9229245755672918 -0.09958855736357834
vn -0.2001870014335101 -0.9797577070159029 0
vn 0.2001870014335101 0.9797577070159029 0
vn -0.1233026034328949 -0.9918452276141811 -0.0322414708976421
vn 0.1233026034328949 0.9918452276141811 0.0322414708976421
vn -0.3054475114201771 -0.9229535345077057 -0.23421910875706523
vn 0.3054475114201771 0.9229535345077057 0.23421910875706523
vn -0.17339650396018635 -0.9797637223767309 -0.09998350228351398
vn 0.17339650396018635 0.9797637223767309 0.09998350228351398
vn -0.11797990302578981 -0.9917788254358089 -0.04955304127086995
vn 0.11797990302578981 0.9917788254358089 0.04955304127086995
vn -0.09979750119065353 0.979814011689862 0.17321940206662803
vn 0.09979750119065353 -0.979814011689862 -0.17321940206662803
vn -0.12154569757721201 0.9798207804690905 0.15867539683710055
vn 0.12154569757721201 -0.9798207804690905 -0.15867539683710055
vn -0.14122200232146026 0.9798233161067033 0.14143060232488952
vn 0.14122200232146026 -0.9798233161067033 -0.14143060232488952
vn -0.1584648936494894 0.979829060733165 0.12175339512070987
vn 0.1584648936494894 -0.979829060733165 -0.12175339512070987
vn -0.17300739228404607 0.9798304563005571 0.10000359553994147
vn 0.17300739228404607 -0.9798304563005571 -0.10000359553994147
vn -0.18456990524964947 0.9798349278690608 0.07653407217682882
vn 0.18456990524964947 -0.9798349278690608 -0.07653407217682882
vn -0.19298760955291483 0.9798349485019728 0.051761532562203616
vn 0.19298760955291483 -0.9798349485019728 -0.051761532562203616
vn -0.19808188937008858 0.9798379474177543 0.026099078599413347
vn 0.19808188937008858 -0.9798379474177543 -0.026099078599413347
vn -0.1998010953688342 0.9798364772884871 -0.000008018851813914423
vn 0.1998010953688342 -0.9798364772884871 0.000008018851813914423
vn -0.19807979192162584 0.979837960038843 -0.026114518934960015
vn 0.19807979192162584 -0.979837960038843 0.026114518934960015
vn -0.19298350749448182 0.9798349380517237 -0.051777022010751655
vn 0.19298350749448182 -0.9798349380517237 0.051777022010751655
vn -0.18456400280414084 0.9798349148869501 -0.07654847116302556
vn 0.18456400280414084 -0.9798349148869501 0.07654847116302556
vn -0.1729993912257427 0.9798304503045392 -0.10001749492726959
vn 0.1729993912257427 -0.9798304503045392 0.10001749492726959
vn -0.15845539294512162 0.9798290563752632 -0.12176579457864518
vn 0.15845539294512162 -0.9798290563752632 0.12176579457864518
vn -0.14121060196711666 0.9798233136493063 -0.14144200197033996
vn 0.14121060196711666 -0.9798233136493063 0.14144200197033996
vn -0.12153339605525632 0.9798207681968751 -0.15868489484938886
vn 0.12153339605525632 -0.9798207681968751 0.15868489484938886
vn -0.09978361122078303 0.9798140119873426 -0.17322740211931648
vn 0.09978361122078303 -0.9798140119873426 0.17322740211931648
vn -0.07631406031570961 0.9798106040534552 -0.18479000076447205
vn 0.07631406031570961 -0.9798106040534552 0.18479000076447205
vn -0.051541519595092136 0.9798031923027101 -0.19320759848216956
vn 0.051541519595092136 -0.9798031923027101 0.19320759848216956
vn 0.9910217855640303 -0.02920541957457183 -0.13047169809945097
vn -0.9910217855640303 0.02920541957457183 0.13047169809945097
vn 0.9914448529793524 -0.00012739829395798813 0.13052619380961417
vn -0.9914448529793524 0.00012739829395798813 -0.13052619380961417
vn 0.8489082003554845 0.19784500008284844 0.49011450020523795
vn -0.8489082003554845 -0.19784500008284844 -0.49011450020523795
vn 0.6554660834233089 0.3752695905094583 0.6553906834252158
vn -0.6554660834233089 -0.3752695905094583 -0.6553906834252158
vn 0.4334003883683788 0.49885628661167 0.750537479857038
vn -0.4334003883683788 -0.49885628661167 -0.750537479857038
vn 0.33173011592688906 0.49887992395201625 0.8006709384414818
vn -0.33173011592688906 -0.49887992395201625 -0.8006709384414818
vn 0.0892934336646305 0.7299186299560891 0.6776765278120572
vn -0.0892934336646305 -0.7299186299560891 -0.6776765278120572
vn -0.05008015004535578 0.9229696008359001 0.38160070034560223
vn 0.05008015004535578 -0.9229696008359001 -0.38160070034560223
vn -0.07632846105583896 0.9798106135535578 0.1847840025560867
vn 0.07632846105583896 -0.9798106135535578 -0.1847840025560867
vn -0.02587906950715687 0.979799281340622 -0.19830189622352218
vn 0.02587906950715687 -0.979799281340622 0.19830189622352218
vn 0.00022802779180554236 0.9797915647899916 -0.20002109281199718
vn -0.00022802779180554236 -0.9797915647899916 0.20002109281199718
vn 0.026334529219653652 0.979787570966876 -0.19829979412396842
vn -0.026334529219653652 -0.979787570966876 0.19829979412396842
vn 0.05199703166429291 0.979779931360267 -0.19320350618395327
vn -0.05199703166429291 -0.979779931360267 0.19320350618395327
vn 0.14754670450764854 0.9229252281959708 -0.3555826108632817
vn -0.14754670450764854 -0.9229252281959708 0.3555826108632817
vn 0.34201228201112066 0.7298340616127914 -0.5919204688666561
vn -0.34201228201112066 -0.7298340616127914 0.5919204688666561
vn 0.4334496990840037 0.4988580989457783 -0.7505077984139742
vn -0.4334496990840037 -0.4988580989457783 0.7505077984139742
vn 0.5643280113938364 0.37528340757700795 -0.7353205148461912
vn -0.5643280113938364 -0.37528340757700795 0.7353205148461912
vn 0.693160793653108 0.19787989818812277 -0.6930884936537698
vn -0.693160793653108 -0.19787989818812277 0.6930884936537698
vn 0.8655140064984871 0.034435600258550865 -0.4996996037518647
vn -0.8655140064984871 -0.034435600258550865 0.4996996037518647
vn 0.9238795333748522 -0.00011222670405406875 -0.38268341382431575
vn -0.9238795333748522 0.00011222670405406875 0.38268341382431575
vn 0.965513389262371 -0.029200519675256293 -0.25871069712283695
vn -0.965513389262371 0.029200519675256293 0.25871069712283695
vn -0.9655134835509034 0.029200959502513984 0.25871029559244824
vn 0.9655134835509034 -0.029200959502513984 -0.25871029559244824
vn -0.3816626963316789 -0.9229363911292692 0.050219559517318435
vn 0.3816626963316789 0.9229363911292692 -0.050219559517318435
vn -0.19846959279809306 -0.9797594644472669 -0.02610004905290237
vn 0.19846959279809306 0.9797594644472669 0.02610004905290237
vn -0.6602908028027693 -0.7298831030981713 0.17688050075081332
vn 0.6602908028027693 0.7298831030981713 -0.17688050075081332
vn -0.8371852863590287 -0.4988119918724323 0.22429309634540182
vn 0.8371852863590287 0.4988119918724323 -0.22429309634540182
vn -0.8953436937552552 -0.37525369738272196 0.2398839983268834
vn 0.8953436937552552 0.37525369738272196 -0.2398839983268834
vn -0.9468316437475901 -0.1978655091422158 0.25369091172158326
vn 0.9468316437475901 0.1978655091422158 -0.25369091172158326
vn -0.9653541994487981 -0.03441377998035033 0.25866379985230703
vn 0.9653541994487981 0.03441377998035033 -0.25866379985230703
vn -0.9659258286547611 0.00012166420360918311 0.25881900767801896
vn 0.9659258286547611 -0.00012166420360918311 -0.25881900767801896
vn -0.33343709685689854 -0.9229331913000903 -0.1923902981864581
vn 0.33343709685689854 0.9229331913000903 0.1923902981864581
vn -0.18495920023657658 -0.9797625012531891 -0.07652147009787687
vn 0.18495920023657658 0.9797625012531891 0.07652147009787687
vn -0.592017520189263 -0.7298984248913432 -0.34170681165304834
vn 0.592017520189263 0.7298984248913432 0.34170681165304834
vn -0.8007474898641903 -0.4988208936859575 -0.3316340958021973
vn 0.8007474898641903 0.4988208936859575 0.3316340958021973
vn -0.8953436937552552 -0.3752536973827218 -0.23988399832688356
vn 0.8953436937552552 0.3752536973827218 0.23988399832688356
vn -0.9718445008534982 -0.19786270017376792 -0.12793990011236006
vn 0.9718445008534982 0.19786270017376792 0.12793990011236006
vn -0.9994079334541268 -0.0344061411517093 0
vn 0.9994079334541268 0.0344061411517093 0
vn -0.9914448529794282 0.0001273976939579684 0.13052619380962416
vn 0.9914448529794282 -0.0001273976939579684 -0.13052619380962416
vn 0.9999999916386733 -0.00012931609891874581 0
vn -0.9999999916386733 0.00012931609891874581 0
vn 0.9653540627509055 0.034413178672135086 0.2586643900191913
vn -0.9653540627509055 -0.034413178672135086 -0.2586643900191913
vn 0.9056188304919646 0.19783840666117072 0.37511931263017567
vn -0.9056188304919646 -0.19783840666117072 -0.37511931263017567
vn 0.7354025460172825 0.3752438234806108 0.5642474353073753
vn -0.7354025460172825 -0.3752438234806108 -0.5642474353073753
vn 0.5276593162044997 0.49883881531941743 0.6875576211150015
vn -0.5276593162044997 -0.49883881531941743 -0.6875576211150015
vn 0.17699159997112734 0.7298710998809359 0.6602742998922896
vn -0.17699159997112734 -0.7298710998809359 -0.6602742998922896
vn 0.00015744400427587115 0.9229431250653297 0.3849363104541174
vn -0.00015744400427587115 -0.9229431250653297 -0.3849363104541174
vn -0.0515570092673071 0.9798031860757083 0.19320349725432442
vn 0.0515570092673071 -0.9798031860757083 -0.19320349725432442
vn 0.07676847281246753 0.9797762358947981 -0.18478400676969312
vn -0.07676847281246753 -0.9797762358947981 0.18478400676969312
vn 0.19271849987874634 0.9228998994193345 -0.33333969979027084
vn -0.19271849987874634 -0.9228998994193345 0.33333969979027084
vn 0.5277050013382995 0.4988371012650884 -0.6875238017436118
vn -0.5277050013382995 -0.4988371012650884 0.6875238017436118
vn 0.655478671276627 0.37526788355559115 -0.6553790712809915
vn -0.655478671276627 -0.37526788355559115 0.6553790712809915
vn 0.7776950647686958 0.19786849103612042 -0.5966895729686443
vn -0.7776950647686958 -0.19786849103612042 0.5966895729686443
vn 0.8489262054857697 0.1978475012784927 -0.4900823031669167
vn -0.8489262054857697 -0.1978475012784927 0.4900823031669167
vn 0.9233333888470513 0.03442169958422021 -0.3824533953803435
vn -0.9233333888470513 -0.03442169958422021 0.3824533953803435
vn 0.965925828654679 -0.00012166490360919354 -0.258819007677997
vn -0.965925828654679 0.00012166490360919354 0.258819007677997
vn -0.38498790714287895 -0.9229216171234401 0
vn 0.38498790714287895 0.9229216171234401 0
vn -0.19337330666071434 -0.9797592337476589 -0.05175527178270274
vn 0.19337330666071434 0.9797592337476589 0.05175527178270274
vn -0.35566711447548466 -0.922942237563316 -0.14723630599244872
vn 0.35566711447548466 0.922942237563316 0.14723630599244872
vn -0.06278921872935003 0.9918848799274697 0.11055269776277249
vn 0.06278921872935003 -0.9918848799274697 -0.11055269776277249
vn -0.07812715072911687 0.9918220092561183 0.10092200094184862
vn 0.07812715072911687 -0.9918220092561183 -0.10092200094184862
vn -0.08925527223689726 0.9918908248585635 0.09047700226751623
vn 0.08925527223689726 -0.9918908248585635 -0.09047700226751623
vn -0.10157799759934188 0.9918272765595085 0.07720468817537222
vn 0.10157799759934188 -0.9918272765595085 -0.07720468817537222
vn -0.1096235993126857 0.9918953937810481 0.06423545959725892
vn 0.1096235993126857 -0.9918953937810481 -0.06423545959725892
vn -0.11809119905662595 0.9918309920767371 0.0482260496147454
vn 0.11809119905662595 -0.9918309920767371 -0.0482260496147454
vn -0.12250599886172361 0.9918982907836806 0.03361637968765036
vn 0.12250599886172361 -0.9918982907836806 -0.03361637968765036
vn -0.12654159824465644 0.9918328862416194 0.01596087977859613
vn 0.12654159824465644 -0.9918328862416194 -0.01596087977859613
vn -0.12702470033330612 0.9918993026026915 0.0007064004018537777
vn 0.12702470033330612 -0.9918993026026915 -0.0007064004018537777
vn -0.12635320533070032 0.9918328418443175 -0.017391990733748405
vn 0.12635320533070032 -0.9918328418443175 0.017391990733748405
vn -0.12287169606648339 0.9918983682461555 -0.03225171896751894
vn 0.12287169606648339 -0.9918983682461555 0.03225171896751894
vn -0.11753889505550569 0.9918308582767728 -0.049559627915180975
vn 0.11753889505550569 -0.9918308582767728 0.049559627915180975
vn -0.11032999477135554 0.9918955529931167 -0.06301193701380355
vn 0.11032999477135554 -0.9918955529931167 0.06301193701380355
vn -0.10069919870414888 0.9918270872366387 -0.0783498589917519
vn 0.10069919870414888 -0.9918270872366387 0.0783498589917519
vn -0.09025427443968762 0.9918910487919983 -0.08947800440150198
vn 0.09025427443968762 -0.9918910487919983 0.08947800440150198
vn -0.07698197650808031 0.991821755010743 -0.10180069538229741
vn 0.07698197650808031 -0.991821755010743 0.10180069538229741
vn -0.06401273710390261 0.9918851551246183 -0.10984629503027682
vn 0.06401273710390261 -0.9918851551246183 0.10984629503027682
vn -0.04800334262733329 0.9918152542843288 -0.11831390647559184
vn 0.04800334262733329 -0.9918152542843288 0.11831390647559184
vn -0.03339365945997819 0.9918782839599518 -0.12272869801530645
vn 0.03339365945997819 -0.9918782839599518 0.12272869801530645
vn -0.015738170105339986 0.9918080066384493 -0.1267643008484688
vn 0.015738170105339986 -0.9918080066384493 0.1267643008484688
vn 0.9914448529793524 -0.00012739829395793016 -0.13052619380961417
vn -0.9914448529793524 0.00012739829395793016 0.13052619380961417
vn 0.9908579004263506 0.03440654001480457 0.13044850005612996
vn -0.9908579004263506 -0.03440654001480457 -0.13044850005612996
vn 0.8027603962237991 0.3752347982348879 0.46343779781997946
vn -0.8027603962237991 -0.3752347982348879 -0.46343779781997946
vn 0.6128911893444302 0.4988148913277315 0.6128197893456717
vn -0.6128911893444302 -0.4988148913277315 -0.6128197893456717
vn 0.3418578993492085 0.729834098610622 0.5920095988729973
vn -0.3418578993492085 -0.729834098610622 -0.5920095988729973
vn 0.2616519957463732 0.7298798881344812 0.6315168897335501
vn -0.2616519957463732 -0.7298798881344812 -0.6315168897335501
vn 0.05039888194914797 0.9229470356944491 0.38161331475867716
vn -0.05039888194914797 -0.9229470356944491 -0.38161331475867716
vn -0.025894509940330372 0.9797992977422142 0.198299799543051
vn 0.025894509940330372 -0.9797992977422142 -0.198299799543051
vn -0.0493369221671269 0.99181554356555 0.11776160517268494
vn 0.0493369221671269 -0.99181554356555 -0.11776160517268494
vn -0.0004836790958841226 0.9918708915596539 -0.12724739891718537
vn 0.0004836790958841226 -0.9918708915596539 0.12724739891718537
vn 0.0176147002825649 0.9918005159098937 -0.12657590203045763
vn -0.0176147002825649 -0.9918005159098937 0.12657590203045763
vn 0.03247443962334645 0.9918634884959092 -0.1230943985722941
vn -0.03247443962334645 -0.9918634884959092 0.1230943985722941
vn 0.04978233935941766 0.9917932872379386 -0.11776159848468326
vn -0.04978233935941766 -0.9917932872379386 0.11776159848468326
vn 0.10023749968638594 0.9797690969345867 -0.1732193994580465
vn -0.10023749968638594 -0.9797690969345867 0.1732193994580465
vn 0.23455770022533726 0.9229057008866263 -0.30533220029332936
vn -0.23455770022533726 -0.9229057008866263 0.30533220029332936
vn 0.41632948471160525 0.7298451731987247 -0.542213780088899
vn -0.41632948471160525 -0.7298451731987247 0.542213780088899
vn 0.6129298015156773 0.4988178012334967 -0.6127788015153038
vn -0.6129298015156773 -0.4988178012334967 0.6127788015153038
vn 0.7354198259417546 0.375243813236634 -0.5642249199028961
vn -0.7354198259417546 -0.375243813236634 0.5642249199028961
vn 0.9056328137582924 0.19783470300548717 -0.3750875056982957
vn -0.9056328137582924 -0.19783470300548717 0.3750875056982957
vn 0.9653543578507171 0.03441317849745254 -0.2586632887062486
vn -0.9653543578507171 -0.03441317849745254 0.2586632887062486
vn -0.67770449773746 -0.7299040975631896 0.08919989970220286
vn 0.67770449773746 0.7299040975631896 -0.08919989970220286
vn -0.3816626963316789 -0.9229363911292692 -0.050219559517318844
vn 0.3816626963316789 0.9229363911292692 0.050219559517318844
vn -0.8592997351277357 -0.4988077203910057 0.11311420462405099
vn 0.8592997351277357 0.4988077203910057 -0.11311420462405099
vn -0.9189982425590991 -0.37524221737758573 0.12097730560249718
vn 0.9189982425590991 0.37524221737758573 -0.12097730560249718
vn -0.9718445008534982 -0.197862700173768 0.12793990011235998
vn 0.9718445008534982 0.197862700173768 -0.12793990011235998
vn -0.9908579603671873 -0.03440710862376797 0.13044789478228247
vn 0.9908579603671873 0.03440710862376797 -0.13044789478228247
vn -0.6315311952570428 -0.7299144945181597 -0.26152089803591283
vn 0.6315311952570428 0.7299144945181597 0.26152089803591283
vn -0.371876790155255 -0.9229245755672918 -0.09958855736357874
vn 0.371876790155255 0.9229245755672918 0.09958855736357874
vn -0.8371852863590287 -0.49881199187243214 -0.22429309634540207
vn 0.8371852863590287 0.49881199187243214 0.22429309634540207
vn -0.9189982425590991 -0.37524221737758573 -0.12097730560249735
vn 0.9189982425590991 0.37524221737758573 0.12097730560249735
vn -0.9802306934390759 -0.19785799867568793 0
vn 0.9802306934390759 0.19785799867568793 0
vn 0.9994079542036238 0.034405538423417606 5.672899740124242e-7
vn -0.9994079542036238 -0.034405538423417606 -5.672899740124242e-7
vn 0.9468348437880589 0.19782300914867634 0.2537121117333672
vn -0.9468348437880589 -0.19782300914867634 -0.2537121117333672
vn 0.8563864008612849 0.3752178003773639 0.3547026003567315
vn -0.8563864008612849 -0.3752178003773639 -0.3547026003567315
vn 0.6876358855668598 0.4988010895304096 0.5275929889260819
vn -0.6876358855668598 -0.4988010895304096 -0.5275929889260819
vn 0.41619061263482104 0.7298452221568276 0.5423203164638989
vn -0.41619061263482104 -0.7298452221568276 -0.5423203164638989
vn 0.09978797624892215 0.9229207653069659 0.37183278602262765
vn -0.09978797624892215 -0.9229207653069659 -0.37183278602262765
vn 0.00021199009312987047 0.9797915682471248 0.20002109351775946
vn -0.00021199009312987047 -0.9797915682471248 -0.20002109351775946
vn -0.03202899911862025 0.9918779727053237 0.1230943966126665
vn 0.03202899911862025 -0.9918779727053237 -0.1230943966126665
vn 0.06323465884071378 0.9918565818162114 -0.11055269797322806
vn -0.06323465884071378 -0.9918565818162114 0.11055269797322806
vn 0.12198579825096703 0.979766085952109 -0.15867539772491115
vn -0.12198579825096703 -0.979766085952109 0.15867539772491115
vn 0.48356430604089334 0.7298023091170045 -0.4832744060372716
vn -0.48356430604089334 -0.7298023091170045 0.4832744060372716
vn 0.6876720022170476 0.49880110160812985 -0.5275459017008027
vn -0.6876720022170476 -0.49880110160812985 0.5275459017008027
vn 0.8027683834783967 0.3752364922773386 -0.46342259046239936
vn -0.8027683834783967 -0.3752364922773386 0.46342259046239936
vn 0.8563923069671197 0.37521840305256315 -0.3546877028855369
vn -0.8563923069671197 -0.37521840305256315 0.3546877028855369
vn 0.9468450376342451 0.19782298697001158 -0.2536740832912725
vn -0.9468450376342451 -0.19782298697001158 0.2536740832912725
vn 0.9908580591728481 0.034406538582318694 -0.13044729462507118
vn -0.9908580591728481 -0.034406538582318694 0.13044729462507118
vn -0.683577571245252 -0.729877869297626 0
vn 0.683577571245252 0.729877869297626 0
vn -0.6602908028027693 -0.7298831030981713 -0.17688050075081366
vn 0.6602908028027693 0.7298831030981713 0.17688050075081366
vn -0.02997871925352451 0.9980821751475748 0.05415946865141973
vn 0.02997871925352451 -0.9980821751475748 -0.05415946865141973
vn -0.04227320031305566 0.9977036073885291 0.052919640391898476
vn 0.04227320031305566 -0.9977036073885291 -0.052919640391898476
vn -0.042967079650785535 0.9980850918880745 0.04449695963835169
vn 0.042967079650785535 -0.9980850918880745 -0.04449695963835169
vn -0.05452174772112608 0.997706358298347 0.040117348323194496
vn 0.05452174772112608 -0.997706358298347 -0.040117348323194496
vn -0.053012042496164986 0.998087346996693 0.031802061497456055
vn 0.053012042496164986 -0.998087346996693 -0.031802061497456055
vn -0.06303946815234952 0.9977082707577457 0.02458112927954149
vn 0.06303946815234952 -0.9977082707577457 -0.02458112927954149
vn -0.05942903929598068 0.9980887881762552 0.016939899799323636
vn 0.05942903929598068 -0.9980887881762552 -0.016939899799323636
vn -0.06724588102833629 0.9977092152571515 0.007369754112699847
vn 0.06724588102833629 -0.9977092152571515 -0.007369754112699847
vn -0.06178077102491327 0.9980893165578215 0.0009233118153175204
vn 0.06178077102491327 -0.9980893165578215 -0.0009233118153175204
vn -0.06685433183507594 0.9977091273859893 -0.010343860283927066
vn 0.06685433183507594 -0.9977091273859893 0.010343860283927066
vn -0.059906979731785354 0.998088895531371 -0.015156199932142662
vn 0.059906979731785354 -0.998088895531371 0.015156199932142662
vn -0.06189150081774754 0.9977080131823152 -0.027352560361398173
vn 0.06189150081774754 -0.9977080131823152 0.027352560361398173
vn -0.053935347567694095 0.9980875549895503 -0.030202828637952036
vn 0.053935347567694095 -0.9980875549895503 0.030202828637952036
vn -0.052695612509213494 0.9977059475078875 -0.042497232023595725
vn 0.052695612509213494 -0.9977059475078875 0.042497232023595725
vn -0.04427283934006319 0.9980853851224069 -0.04319119935618603
vn 0.04427283934006319 -0.9980853851224069 0.04319119935618603
vn -0.03989331893967468 0.9977030734820301 -0.05474577854491064
vn 0.03989331893967468 -0.9977030734820301 0.05474577854491064
vn -0.03157794109310651 0.9980825345497673 -0.05323615184283
vn 0.03157794109310651 -0.9980825345497673 0.05323615184283
vn -0.02435709962742382 0.9976995847387783 -0.06326349903229536
vn 0.02435709962742382 -0.9976995847387783 0.06326349903229536
vn -0.016715779957553863 0.9980791974655921 -0.05965314984852341
vn 0.016715779957553863 -0.9980791974655921 0.05965314984852341
vn -0.007145724143181084 0.9976957199911375 -0.06746991135191524
vn 0.007145724143181084 -0.9976957199911375 0.06746991135191524
vn -0.0006991972004978296 0.9980756007106315 -0.062004890044147366
vn 0.0006991972004978296 -0.9980756007106315 0.062004890044147366
vn 0.9718501411125564 0.19782360836860938 0.1279575054130364
vn -0.9718501411125564 -0.19782360836860938 -0.1279575054130364
vn 0.7506198257697511 0.49878691712400103 0.4333376148770418
vn -0.7506198257697511 -0.49878691712400103 -0.4333376148770418
vn 0.4834383160229976 0.7298023241884445 0.48340041602174166
vn -0.4834383160229976 -0.7298023241884445 -0.48340041602174166
vn 0.19263230123924696 0.9228999059372227 0.3333895021447699
vn -0.19263230123924696 -0.9228999059372227 -0.3333895021447699
vn 0.14745740667141854 0.9229252417559262 0.355619616089306
vn -0.14745740667141854 -0.9229252417559262 -0.355619616089306
vn 0.02631908895834577 0.9797875612220674 0.19830189215162808
vn -0.02631908895834577 -0.9797875612220674 -0.19830189215162808
vn -0.017169290455597393 0.9918083263182274 0.12657590335876756
vn 0.017169290455597393 -0.9918083263182274 -0.12657590335876756
vn -0.027128530182717533 0.9977002067197641 0.06211554041836415
vn 0.027128530182717533 -0.9977002067197641 -0.06211554041836415
vn 0.010567890449514575 0.9976917424377013 -0.06707836285323732
vn -0.010567890449514575 -0.9976917424377013 0.06707836285323732
vn 0.015380309843836745 0.9980719898661229 -0.060131099389461484
vn -0.015380309843836745 -0.9980719898661229 0.060131099389461484
vn 0.027576590628306023 0.997687922731357 -0.06211554141524248
vn -0.027576590628306023 -0.997687922731357 0.06211554141524248
vn 0.03042695033799864 0.9980686110870735 -0.05415947060163179
vn -0.03042695033799864 -0.9980686110870735 0.05415947060163179
vn 0.07857257174845013 0.9917868220699128 -0.10092200224578458
vn -0.07857257174845013 -0.9917868220699128 0.10092200224578458
vn 0.14166199981892763 0.979759798747671 -0.14143059981922318
vn -0.14166199981892763 -0.979759798747671 0.14143059981922318
vn 0.272433503089411 0.922882010465533 -0.2721558030862617
vn -0.272433503089411 -0.922882010465533 0.2721558030862617
vn 0.5424841918930783 0.7298168890935655 -0.41602669378286794
vn -0.5424841918930783 -0.7298168890935655 0.41602669378286794
vn 0.7506494133231076 0.49878400885280527 -0.4332897076903615
vn -0.7506494133231076 -0.49878400885280527 0.4332897076903615
vn 0.8953635218359692 0.37521270915062205 -0.2398741058500077
vn -0.8953635218359692 -0.37521270915062205 0.2398741058500077
vn 0.9718545134029914 0.19782360272821503 -0.1279243017642232
vn -0.9718545134029914 -0.19782360272821503 0.1279243017642232
vn -0.6777044977374599 -0.7299040975631895 -0.08919989970220317
vn 0.6777044977374599 0.7299040975631895 0.08919989970220317
vn -0.8667140065587888 -0.49880540377467 0
vn 0.8667140065587888 0.49880540377467 0
vn -0.9269250155553963 -0.3752466062972835 0
vn 0.9269250155553963 0.3752466062972835 0
vn -0.8592997351277357 -0.4988077203910057 -0.11311420462405118
vn 0.8592997351277357 0.4988077203910057 0.11311420462405118
vn 0.9802392717233981 0.19781549429368916 0.000019711049431446527
vn -0.9802392717233981 -0.19781549429368916 -0.000019711049431446527
vn 0.8953563932496174 0.3752139971711397 0.23989869819132584
vn -0.8953563932496174 -0.3752139971711397 -0.23989869819132584
vn 0.8007601942375336 0.49877569641068786 0.3316713976132115
vn -0.8007601942375336 -0.49877569641068786 -0.3316713976132115
vn 0.5423776773269159 0.729816869491371 0.41616558260297665
vn -0.5423776773269159 -0.729816869491371 -0.41616558260297665
vn 0.23448110231776362 0.9229057091226 0.3053910030186834
vn -0.23448110231776362 -0.9229057091226 -0.3053910030186834
vn 0.05198154234846007 0.9797799442652136 0.19320760872887457
vn -0.05198154234846007 -0.9797799442652136 -0.19320760872887457
vn 0.0009291216762060056 0.9918705745990611 0.12724739674130556
vn -0.0009291216762060056 -0.9918705745990611 -0.12724739674130556
vn -0.014932079946171524 0.9980787964020376 0.060131099783234325
vn 0.014932079946171524 -0.9980787964020376 -0.060131099783234325
vn 0.04272126094213268 0.9976845220019533 -0.052919641167037505
vn -0.04272126094213268 -0.9976845220019533 0.052919641167037505
vn 0.08970072361413736 0.9918506399627152 -0.09047700364541429
vn -0.08970072361413736 -0.9918506399627152 0.09047700364541429
vn 0.30559821246374086 0.9228897376398097 -0.23427390955479815
vn -0.30559821246374086 -0.9228897376398097 0.23427390955479815
vn 0.5921734919859208 0.7297778901236752 -0.3416939953757423
vn -0.5921734919859208 -0.7297778901236752 0.3416939953757423
vn 0.8007809239525511 0.49877751491917904 -0.3316186099192068
vn -0.8007809239525511 -0.49877751491917904 0.3316186099192068
vn 0.8372168605391196 0.4987685764913393 -0.22427178942930703
vn -0.8372168605391196 -0.4987685764913393 0.22427178942930703
vn 0.9190149858274794 0.3752036942138244 -0.12096959813447634
vn -0.9190149858274794 -0.3752036942138244 0.12096959813447634
vn -0.007682831321284338 0.9997880418096174 0.019100930798772137
vn 0.007682831321284338 -0.9997880418096174 -0.019100930798772137
vn -0.012357079894685204 0.9997890914791694 0.016403509860199207
vn 0.012357079894685204 -0.9997890914791694 -0.016403509860199207
vn -0.016173910786137266 0.9997899485950582 0.01258822061185406
vn 0.016173910786137266 -0.9997899485950582 -0.01258822061185406
vn -0.01887321914505449 0.9997905547100873 0.007915068641452357
vn 0.01887321914505449 -0.9997905547100873 -0.007915068641452357
vn -0.02027104936370963 0.9997908686174461 0.002702514915170661
vn 0.02027104936370963 -0.9997908686174461 -0.002702514915170661
vn -0.020272149365928162 0.9997908687285635 -0.00269420991573034
vn 0.020272149365928162 -0.9997908687285635 0.00269420991573034
vn -0.01887642915692552 0.9997905553465385 -0.00790732964683617
vn 0.01887642915692552 -0.9997905553465385 0.00790732964683617
vn -0.01617901080359623 0.999789949658625 -0.012581580624915037
vn 0.01617901080359623 -0.999789949658625 0.012581580624915037
vn -0.012363719914062401 0.9997890930506778 -0.0163984098860179
vn 0.012363719914062401 -0.9997890930506778 0.0163984098860179
vn -0.007690570335616023 0.9997880436306895 -0.019097720833423155
vn 0.007690570335616023 -0.9997880436306895 0.019097720833423155
vn -0.00247801593365768 0.9997868732333519 -0.02049554945128567
vn 0.00247801593365768 -0.9997868732333519 0.02049554945128567
vn 0.002918708886976008 0.9997856612843312 -0.020496649206288173
vn -0.002918708886976008 -0.9997856612843312 0.020496649206288173
vn 0.9190124137087888 0.37520370559686494 0.1209891018047788
vn -0.9190124137087888 -0.37520370559686494 -0.1209891018047788
vn 0.5920843206585742 0.7297779254628789 0.3418484119275256
vn -0.5920843206585742 -0.7297779254628789 -0.3418484119275256
vn 0.27236309964901934 0.9228819988107281 0.27222629964919576
vn -0.27236309964901934 -0.9228819988107281 -0.27222629964919576
vn 0.10022360042983247 0.9797691042019702 0.17322740074292667
vn -0.10022360042983247 -0.9797691042019702 -0.17322740074292667
vn 0.07675408249515682 0.9797762318510139 0.18479000600723824
vn -0.07675408249515682 -0.9797762318510139 -0.18479000600723824
vn 0.016183590621284674 0.9918008380750275 0.12676430486645549
vn -0.016183590621284674 -0.9918008380750275 -0.12676430486645549
vn -0.010119829879004894 0.9976963880713032 0.06707835919799532
vn 0.010119829879004894 -0.9976963880713032 -0.06707835919799532
vn 0.008131828924333331 0.9997844906970053 -0.019100929822265623
vn -0.008131828924333331 -0.9997844906970053 0.019100929822265623
vn 0.012806080526708681 0.9997834411206705 -0.01640351067466924
vn -0.012806080526708681 -0.9997834411206705 0.01640351067466924
vn 0.04341530978057626 0.9980656949557123 -0.04449695977510931
vn -0.04341530978057626 -0.9980656949557123 0.04449695977510931
vn 0.10202339589844958 0.9917815601283408 -0.07720468689621253
vn -0.10202339589844958 -0.9917815601283408 0.07720468689621253
vn 0.15890489965705062 0.9797577978854818 -0.12175339973723097
vn -0.15890489965705062 -0.9797577978854818 0.12175339973723097
vn 0.3335966936581969 0.9228682824559142 -0.19242499634192564
vn -0.3335966936581969 -0.9228682824559142 0.19242499634192564
vn 0.6316807307993824 0.729796835583311 -0.26148811274959305
vn -0.6316807307993824 -0.729796835583311 0.26148811274959305
vn 0.8593293352426049 0.4987626204551308 -0.11308820463794574
vn -0.8593293352426049 -0.4987626204551308 0.11308820463794574
vn 0.9269410903623302 0.3752068960988673 0.000010851179887260513
vn -0.9269410903623302 -0.3752068960988673 -0.000010851179887260513
vn -0.0036390659682810638 0.9999709912840229 0.006691321941677121
vn 0.0036390659682810638 -0.9999709912840229 -0.006691321941677121
vn -0.005239257741230605 0.9999713506109463 0.005463344730163065
vn 0.005239257741230605 -0.9999713506109463 -0.005463344730163065
vn -0.0064671021701563575 0.9999716263103202 0.0038630511016412186
vn 0.0064671021701563575 -0.9999716263103202 -0.0038630511016412186
vn -0.00723892099724654 0.999971799619642 0.0019994969992396757
vn 0.00723892099724654 -0.999971799619642 -0.0019994969992396757
vn -0.007502116690353162 0.9999718587265651 -3.202398865601896e-7
vn 0.007502116690353162 -0.9999718587265651 3.202398865601896e-7
vn -0.0072387549969988 0.99997179958541 -0.002000114999170527
vn 0.0072387549969988 -0.99997179958541 0.002000114999170527
vn -0.006466781169706495 0.999971626242063 -0.00386360610139165
vn 0.006466781169706495 -0.999971626242063 0.00386360610139165
vn -0.005238804740720106 0.9999713505092327 -0.005463797729584489
vn 0.005238804740720106 -0.9999713505092327 0.005463797729584489
vn -0.003638510967842925 0.9999709911622798 -0.006691641940859204
vn 0.003638510967842925 -0.9999709911622798 0.006691641940859204
vn -0.0017749569515553812 0.9999705727073983 -0.007463460796296521
vn 0.0017749569515553812 -0.9999705727073983 0.007463460796296521
vn 0.0002248602053196849 0.999970123657036 -0.007726657182795046
vn -0.0002248602053196849 -0.999970123657036 0.007726657182795046
vn 0.8372028984527025 0.4987674990781903 0.2243262995854059
vn -0.8372028984527025 -0.4987674990781903 -0.2243262995854059
vn 0.6316138064801303 0.7297968074874526 0.26164980268443294
vn -0.6316138064801303 -0.7297968074874526 -0.26164980268443294
vn 0.3055393901086742 0.92288977012299 0.23435049241329567
vn -0.3055393901086742 -0.92288977012299 -0.23435049241329567
vn 0.12197339887145456 0.979766090934822 0.15868489853178566
vn -0.12197339887145456 -0.979766090934822 -0.15868489853178566
vn 0.033839099559977666 0.991863187102436 0.12272869840411357
vn -0.033839099559977666 -0.991863187102436 -0.12272869840411357
vn 0.0011474259840362191 0.9980751861140905 0.06200488913734549
vn -0.0011474259840362191 -0.9980751861140905 -0.06200488913734549
vn -0.0024697119289337987 0.9997868712310354 0.020496649410207138
vn 0.0024697119289337987 -0.9997868712310354 -0.020496649410207138
vn -0.0017755749517903016 0.9999705728492005 0.0074632947973598375
vn 0.0017755749517903016 -0.9999705728492005 -0.0074632947973598375
vn 0.0022246549435157715 0.9999696746106623 -0.00746329481050592
vn -0.0022246549435157715 -0.9999696746106623 0.00746329481050592
vn 0.004088145820795488 0.9999692561661911 -0.006691321706684645
vn -0.004088145820795488 -0.9999692561661911 0.006691321706684645
vn 0.05496980846541617 0.9976817721478687 -0.040117348880049815
vn -0.05496980846541617 -0.9976817721478687 0.040117348880049815
vn 0.17344739360525402 0.9797526638779847 -0.10000359631301675
vn -0.17344739360525402 -0.9797526638779847 0.10000359631301675
vn 0.3558267895457148 0.9228784728855863 -0.14725019567375008
vn -0.3558267895457148 -0.9228784728855863 0.14725019567375008
vn 0.6604381093195546 0.7297626102978044 -0.17682770249524563
vn -0.6604381093195546 -0.7297626102978044 0.17682770249524563
vn 0.6778403949874243 0.729786494603287 -0.08912951934089415
vn -0.6778403949874243 -0.729786494603287 0.08912951934089415
vn 0.8667396809625114 0.49876078904497734 0.0000274997393960932
vn -0.8667396809625114 -0.49876078904497734 -0.0000274997393960932
vn 0.8593216055880311 0.49876260324337346 0.11314700073577696
vn -0.8593216055880311 -0.49876260324337346 -0.11314700073577696
vn 0.3335468942843088 0.9228682841856416 0.19251129670110836
vn -0.3335468942843088 -0.9228682841856416 -0.19251129670110836
vn 0.1416506001742019 0.9797598012049087 0.14144200017394562
vn -0.1416506001742019 -0.9797598012049087 -0.14144200017394562
vn 0.06445818043695259 0.991856306723649 0.10984630074463225
vn -0.06445818043695259 -0.991856306723649 -0.10984630074463225
vn 0.048448749871350824 0.9917935973664247 0.11831389968583349
vn -0.048448749871350824 -0.9917935973664247 -0.11831389968583349
vn 0.0075937820786023584 0.9976924103269986 0.06746991069837345
vn -0.0075937820786023584 -0.9976924103269986 -0.06746991069837345
vn 0.005688337982095953 0.9999688968525973 -0.005463344982803896
vn -0.005688337982095953 -0.9999688968525973 0.005463344982803896
vn 0.016622909736673193 0.9997825841622461 -0.012588219800587296
vn -0.016622909736673193 -0.9997825841622461 0.012588219800587296
vn 0.05346027208740242 0.9980634389702477 -0.031802061241738684
vn -0.05346027208740242 -0.9980634389702477 0.031802061241738684
vn 0.11006899641353271 0.991846067681876 -0.0642354579069638
vn -0.11006899641353271 -0.991846067681876 0.0642354579069638
vn 0.18501000466924789 0.9797519247267957 -0.07653407193155237
vn -0.18501000466924789 -0.9797519247267957 0.07653407193155237
vn 0.3720400136369209 0.9228596338269094 -0.09958074365007687
vn -0.3720400136369209 -0.9228596338269094 0.09958074365007687
vn 0.6837061867638412 0.7297573858723165 0.00008913837827449426
vn -0.6837061867638412 -0.7297573858723165 -0.00008913837827449426
vn 0.6603919964924038 0.7297625961239499 0.17699989905988553
vn -0.6603919964924038 -0.7297625961239499 -0.17699989905988553
vn 0.3557898862137434 0.92287846424002 0.14733939429084777
vn -0.3557898862137434 -0.92287846424002 -0.14733939429084777
vn 0.15889539961454835 0.979757797623284 0.1217657997046183
vn -0.15889539961454835 -0.979757797623284 -0.1217657997046183
vn 0.07742738864621648 0.9917870826590433 0.1018006982200602
vn -0.07742738864621648 -0.9917870826590433 -0.1018006982200602
vn 0.017164009826036216 0.9980715898841638 0.05965314939539281
vn -0.017164009826036216 -0.9980715898841638 -0.05965314939539281
vn 0.0029270138815946085 0.999785659556047 0.020495549170901486
vn -0.0029270138815946085 -0.999785659556047 -0.020495549170901486
vn 0.00022421980533677625 0.999970123800827 0.007726657183906547
vn -0.00022421980533677625 -0.999970123800827 -0.007726657183906547
vn 0.11853669383171199 0.9917778483909058 -0.04822604749046336
vn -0.11853669383171199 -0.9917778483909058 0.04822604749046336
vn 0.19342769356674291 0.9797481674143256 -0.051761528278450965
vn -0.19342769356674291 -0.9797481674143256 0.051761528278450965
vn 0.38182051340704204 0.9228726324052579 -0.05019163176240201
vn -0.38182051340704204 -0.9228726324052579 0.05019163176240201
vn 0.3851434986891325 0.9228566968589815 0.00004979983983070707
vn -0.3851434986891325 -0.9228566968589815 -0.00004979983983070707
vn 0.6778175741292091 0.7297864721456717 0.08930308659149974
vn -0.6778175741292091 -0.7297864721456717 -0.08930308659149974
vn 0.17343939315470283 0.9797526613311717 0.10001749605251477
vn -0.17343939315470283 -0.9797526613311717 -0.10001749605251477
vn 0.09069972146605951 0.9918504160321522 0.08947800144631199
vn -0.09069972146605951 -0.9918504160321522 -0.08947800144631199
vn 0.0320261684836157 0.9980682527431752 0.053236147479359695
vn -0.0320261684836157 -0.9980682527431752 -0.053236147479359695
vn 0.024805161123337395 0.9976885451817606 0.06326350286497893
vn -0.024805161123337395 -0.9976885451817606 -0.06326350286497893
vn 0.006916182146199636 0.9999686211381141 -0.003863051081659956
vn -0.006916182146199636 -0.9999686211381141 0.003863051081659956
vn 0.06348752741981653 0.9976798594534991 -0.024581129001003194
vn -0.06348752741981653 -0.9976798594534991 0.024581129001003194
vn 0.12295139747012106 0.9918431795915849 -0.03361637930830069
vn -0.12295139747012106 -0.9918431795915849 0.03361637930830069
vn 0.19852189862943798 0.9797488932359771 -0.026099079819816094
vn -0.19852189862943798 -0.9797488932359771 0.026099079819816094
vn 0.38180791318536805 0.9228726318705165 0.05028740173662714
vn -0.38180791318536805 -0.9228726318705165 -0.05028740173662714
vn 0.37201421884594993 0.9228596467513492 0.09967694504955643
vn -0.37201421884594993 -0.9228596467513492 -0.09967694504955643
vn 0.18500400612095472 0.9797519324156072 0.07654847253264663
vn -0.18500400612095472 -0.9797519324156072 -0.07654847253264663
vn 0.10114469546308655 0.9917817555129611 0.07834985648556461
vn -0.10114469546308655 -0.9917817555129611 -0.07834985648556461
vn 0.040341378262696105 0.9976850570346325 0.05474577764236999
vn -0.040341378262696105 -0.9976850570346325 -0.05474577764236999
vn 0.008139566910870132 0.999784489052162 0.019097719790876412
vn -0.008139566910870132 -0.999784489052162 -0.019097719790876412
vn 0.00222403694383332 0.9999696747463832 0.007463460811515127
vn -0.00222403694383332 -0.9999696747463832 -0.007463460811515127
vn 0.019322219574650294 0.9997819779912981 -0.007915068825761401
vn -0.019322219574650294 -0.9997819779912981 0.007915068825761401
vn 0.05987726989465604 0.9980619982440782 -0.01693989997019688
vn -0.05987726989465604 -0.9980619982440782 0.01693989997019688
vn 0.12698699479128728 0.9917759593196448 -0.01596087934532144
vn -0.12698699479128728 -0.9917759593196448 0.01596087934532144
vn 0.20024111017174084 0.9797466497686464 0.000008018852407554925
vn -0.20024111017174084 -0.9797466497686464 -0.000008018852407554925
vn 0.19851980136997718 0.9797489067612078 0.026114520180215473
vn -0.19851980136997718 -0.9797489067612078 -0.026114520180215473
vn 0.1107754009319239 0.9918459083441349 0.06301194053010287
vn -0.1107754009319239 -0.9918459083441349 -0.06301194053010287
vn 0.04472107007744472 0.9980654017283775 0.04319120007479562
vn -0.04472107007744472 -0.9980654017283775 -0.04319120007479562
vn 0.012812720508921998 0.9997834397114559 0.01639841065134604
vn -0.012812720508921998 -0.9997834397114559 -0.01639841065134604
vn 0.06769394100552735 0.9976789148195455 -0.007369754109470276
vn -0.06769394100552735 -0.9976789148195455 0.007369754109470276
vn 0.12747009521372904 0.9918421627581251 -0.0007064003734757264
vn -0.12747009521372904 -0.9918421627581251 0.0007064003734757264
vn 0.1934234955942412 0.9797481776835066 0.05177701882063441
vn -0.1934234955942412 -0.9797481776835066 -0.05177701882063441
vn 0.11798429685830078 0.9917779735908239 0.049559628680320815
vn -0.11798429685830078 -0.9917779735908239 -0.049559628680320815
vn 0.05314365906061387 0.9976821823646165 0.04249722924880415
vn -0.05314365906061387 -0.9976821823646165 -0.04249722924880415
vn 0.004087590821340954 0.9999692562936798 0.006691641707524195
vn -0.004087590821340954 -0.9999692562936798 -0.006691641707524195
vn 0.007688001367693324 0.9999684478253975 -0.001999497095629539
vn -0.007688001367693324 -0.9999684478253975 0.001999497095629539
vn 0.020720049257038953 0.9997816641507207 -0.002702514903095409
vn -0.020720049257038953 -0.9997816641507207 0.002702514903095409
vn 0.0622289981727099 0.9980614706929584 -0.0009233117728876842
vn -0.0622289981727099 -0.9980614706929584 0.0009233117728876842
vn 0.12679859997120915 0.9917759997748075 0.017391989996051196
vn -0.12679859997120915 -0.9917759997748075 -0.017391989996051196
vn 0.12331709903732642 0.9918430922571877 0.03225171974822752
vn -0.12331709903732642 -0.9918430922571877 -0.03225171974822752
vn 0.05438358174277994 0.998063231984002 0.03020283096788219
vn -0.05438358174277994 -0.998063231984002 -0.03020283096788219
vn 0.016628009716204633 0.9997825829364028 0.012581579785266524
vn -0.016628009716204633 -0.9997825829364028 -0.012581579785266524
vn 0.00568788498267593 0.9999688969543107 0.0054637979833586725
vn -0.00568788498267593 -0.9999688969543107 -0.0054637979833586725
vn 0.0673023901958361 0.9976790029030405 0.010343860030098724
vn -0.0673023901958361 -0.9976790029030405 -0.010343860030098724
vn 0.06233956108422347 0.9976801173518738 0.027352560475722022
vn -0.06233956108422347 -0.9976801173518738 -0.027352560475722022
vn 0.007951196910420243 0.9999683887341585 3.202398966141516e-7
vn -0.007951196910420243 -0.9999683887341585 -3.202398966141516e-7
vn 0.020721149249068295 0.9997816637680448 0.0026942099023624117
vn -0.020721149249068295 -0.9997816637680448 -0.0026942099023624117
vn 0.06035520945667655 0.99806189101535 0.015156199863562642
vn -0.06035520945667655 -0.99806189101535 -0.015156199863562642
vn 0.019325429559028356 0.9997819771867682 0.007907329819569136
vn -0.019325429559028356 -0.9997819771867682 -0.007907329819569136
vn 0.006915861146717732 0.9999686212140072 0.003863606081965362
vn -0.006915861146717732 -0.9999686212140072 -0.003863606081965362
vn 0.0076878353679953135 0.9999684478657106 0.0020001150957401725
vn -0.0076878353679953135 -0.9999684478657106 -0.0020001150957401725
usemtl material_0_0
f 1//1 2//2 3//3
f 4//4 5//5 6//6
f 1//1 3//3 7//7
f 8//8 4//4 6//6
f 1//1 9//9 2//2
f 5//5 10//10 6//6
f 2//2 11//11 3//3
f 4//4 12//12 5//5
f 7//7 3//3 13//13
f 14//14 4//4 8//8
f 15//15 1//1 7//7
f 8//8 6//6 16//16
f 2//2 9//9 17//17
f 18//18 10//10 5//5
f 1//1 19//19 9//9
f 10//10 20//20 6//6
f 11//11 2//2 21//21
f 22//22 5//5 12//12
f 3//3 11//11 23//23
f 24//24 12//12 4//4
f 7//7 13//13 25//25
f 26//26 14//14 8//8
f 3//3 23//23 13//13
f 14//14 24//24 4//4
f 15//15 7//7 27//27
f 28//28 8//8 16//16
f 19//19 1//1 15//15
f 16//16 6//6 20//20
f 9//9 29//29 17//17
f 18//18 30//30 10//10
f 2//2 17//17 21//21
f 22//22 18//18 5//5
f 19//19 31//31 9//9
f 10//10 32//32 20//20
f 11//11 21//21 33//33
f 34//34 22//22 12//12
f 11//11 35//35 23//23
f 24//24 36//36 12//12
f 25//25 13//13 37//37
f 38//38 14//14 26//26
f 27//27 7//7 25//25
f 26//26 8//8 28//28
f 13//13 23//23 39//39
f 40//40 24//24 14//14
f 41//41 15//15 27//27
f 28//28 16//16 42//42
f 43//43 19//19 15//15
f 16//16 20//20 44//44
f 17//17 29//29 45//45
f 46//46 30//30 18//18
f 9//9 31//31 29//29
f 30//30 32//32 10//10
f 21//21 17//17 47//47
f 48//48 18//18 22//22
f 19//19 49//49 31//31
f 32//32 50//50 20//20
f 33//33 21//21 51//51
f 52//52 22//22 34//34
f 35//35 11//11 33//33
f 34//34 12//12 36//36
f 23//23 35//35 53//53
f 54//54 36//36 24//24
f 25//25 37//37 55//55
f 56//56 38//38 26//26
f 13//13 39//39 37//37
f 38//38 40//40 14//14
f 27//27 25//25 57//57
f 58//58 26//26 28//28
f 23//23 53//53 39//39
f 40//40 54//54 24//24
f 41//41 27//27 59//59
f 60//60 28//28 42//42
f 43//43 15//15 41//41
f 42//42 16//16 44//44
f 49//49 19//19 43//43
f 44//44 20//20 50//50
f 29//29 61//61 45//45
f 46//46 62//62 30//30
f 17//17 45//45 47//47
f 48//48 46//46 18//18
f 31//31 63//63 29//29
f 30//30 64//64 32//32
f 21//21 47//47 51//51
f 52//52 48//48 22//22
f 49//49 65//65 31//31
f 32//32 66//66 50//50
f 33//33 51//51 67//67
f 68//68 52//52 34//34
f 35//35 33//33 69//69
f 70//70 34//34 36//36
f 35//35 71//71 53//53
f 54//54 72//72 36//36
f 55//55 37//37 73//73
f 74//74 38//38 56//56
f 57//57 25//25 55//55
f 56//56 26//26 58//58
f 37//37 39//39 75//75
f 76//76 40//40 38//38
f 59//59 27//27 57//57
f 58//58 28//28 60//60
f 39//39 53//53 77//77
f 78//78 54//54 40//40
f 79//79 41//41 59//59
f 60//60 42//42 80//80
f 81//81 43//43 41//41
f 42//42 44//44 82//82
f 83//83 49//49 43//43
f 44//44 50//50 84//84
f 45//45 61//61 85//85
f 86//86 62//62 46//46
f 29//29 63//63 61//61
f 62//62 64//64 30//30
f 47//47 45//45 87//87
f 88//88 46//46 48//48
f 31//31 65//65 63//63
f 64//64 66//66 32//32
f 51//51 47//47 89//89
f 90//90 48//48 52//52
f 49//49 91//91 65//65
f 66//66 92//92 50//50
f 51//51 93//93 67//67
f 68//68 94//94 52//52
f 69//69 33//33 67//67
f 68//68 34//34 70//70
f 71//71 35//35 69//69
f 70//70 36//36 72//72
f 53//53 71//71 95//95
f 96//96 72//72 54//54
f 55//55 73//73 97//97
f 98//98 74//74 56//56
f 37//37 75//75 73//73
f 74//74 76//76 38//38
f 57//57 55//55 99//99
f 100//100 56//56 58//58
f 39//39 77//77 75//75
f 76//76 78//78 40//40
f 59//59 57//57 101//101
f 102//102 58//58 60//60
f 53//53 95//95 77//77
f 78//78 96//96 54//54
f 79//79 59//59 103//103
f 104//104 60//60 80//80
f 81//81 41//41 79//79
f 80//80 42//42 82//82
f 83//83 43//43 81//81
f 82//82 44//44 84//84
f 91//91 49//49 83//83
f 84//84 50//50 92//92
f 61//61 105//105 85//85
f 86//86 106//106 62//62
f 45//45 85//85 87//87
f 88//88 86//86 46//46
f 63//63 107//107 61//61
f 62//62 108//108 64//64
f 47//47 87//87 89//89
f 90//90 88//88 48//48
f 65//65 109//109 63//63
f 64//64 110//110 66//66
f 51//51 89//89 93//93
f 94//94 90//90 52//52
f 91//91 111//111 65//65
f 66//66 112//112 92//92
f 93//93 113//113 67//67
f 68//68 114//114 94//94
f 69//69 67//67 115//115
f 116//116 68//68 70//70
f 71//71 69//69 117//117
f 118//118 70//70 72//72
f 71//71 119//119 95//95
f 96//96 120//120 72//72
f 73//73 121//121 97//97
f 98//98 122//122 74//74
f 99//99 55//55 97//97
f 98//98 56//56 100//100
f 75//75 123//123 73//73
f 74//74 124//124 76//76
f 101//101 57//57 99//99
f 100//100 58//58 102//102
f 77//77 125//125 75//75
f 76//76 126//126 78//78
f 103//103 59//59 101//101
f 102//102 60//60 104//104
f 95//95 127//127 77//77
f 78//78 128//128 96//96
f 129//129 79//79 103//103
f 104//104 80//80 130//130
f 131//131 81//81 79//79
f 80//80 82//82 132//132
f 133//133 83//83 81//81
f 82//82 84//84 134//134
f 91//91 83//83 135//135
f 136//136 84//84 92//92
f 137//137 85//85 105//105
f 106//106 86//86 138//138
f 61//61 107//107 105//105
f 106//106 108//108 62//62
f 139//139 87//87 85//85
f 86//86 88//88 140//140
f 63//63 109//109 107//107
f 108//108 110//110 64//64
f 87//87 141//141 89//89
f 90//90 142//142 88//88
f 65//65 111//111 109//109
f 110//110 112//112 66//66
f 89//89 143//143 93//93
f 94//94 144//144 90//90
f 91//91 145//145 111//111
f 112//112 146//146 92//92
f 93//93 147//147 113//113
f 114//114 148//148 94//94
f 67//67 113//113 115//115
f 116//116 114//114 68//68
f 117//117 69//69 115//115
f 116//116 70//70 118//118
f 119//119 71//71 117//117
f 118//118 72//72 120//120
f 119//119 149//149 95//95
f 96//96 150//150 120//120
f 97//97 121//121 151//151
f 152//152 122//122 98//98
f 73//73 123//123 121//121
f 122//122 124//124 74//74
f 99//99 97//97 153//153
f 154//154 98//98 100//100
f 75//75 125//125 123//123
f 124//124 126//126 76//76
f 101//101 99//99 155//155
f 156//156 100//100 102//102
f 77//77 127//127 125//125
f 126//126 128//128 78//78
f 103//103 101//101 157//157
f 158//158 102//102 104//104
f 95//95 149//149 127//127
f 128//128 150//150 96//96
f 129//129 103//103 159//159
f 160//160 104//104 130//130
f 131//131 79//79 129//129
f 130//130 80//80 132//132
f 133//133 81//81 131//131
f 132//132 82//82 134//134
f 135//135 83//83 133//133
f 134//134 84//84 136//136
f 145//145 91//91 135//135
f 136//136 92//92 146//146
f 137//137 139//139 85//85
f 86//86 140//140 138//138
f 161//161 137//137 105//105
f 106//106 138//138 162//162
f 163//163 105//105 107//107
f 108//108 106//106 164//164
f 87//87 139//139 141//141
f 142//142 140//140 88//88
f 109//109 165//165 107//107
f 108//108 166//166 110//110
f 89//89 141//141 143//143
f 144//144 142//142 90//90
f 111//111 167//167 109//109
f 110//110 168//168 112//112
f 93//93 143//143 147//147
f 148//148 144//144 94//94
f 169//169 111//111 145//145
f 146//146 112//112 170//170
f 113//113 147//147 171//171
f 172//172 148//148 114//114
f 113//113 171//171 115//115
f 116//116 172//172 114//114
f 117//117 115//115 173//173
f 174//174 116//116 118//118
f 119//119 117//117 175//175
f 176//176 118//118 120//120
f 119//119 177//177 149//149
f 150//150 178//178 120//120
f 151//151 121//121 179//179
f 180//180 122//122 152//152
f 97//97 151//151 153//153
f 154//154 152//152 98//98
f 123//123 181//181 121//121
f 122//122 182//182 124//124
f 99//99 153//153 155//155
f 156//156 154//154 100//100
f 125//125 183//183 123//123
f 124//124 184//184 126//126
f 101//101 155//155 157//157
f 158//158 156//156 102//102
f 127//127 185//185 125//125
f 126//126 186//186 128//128
f 103//103 157//157 159//159
f 160//160 158//158 104//104
f 149//149 187//187 127//127
f 128//128 188//188 150//150
f 129//129 159//159 189//189
f 190//190 160//160 130//130
f 191//191 131//131 129//129
f 130//130 132//132 192//192
f 193//193 133//133 131//131
f 132//132 134//134 194//194
f 135//135 133//133 195//195
f 196//196 134//134 136//136
f 145//145 135//135 197//197
f 198//198 136//136 146//146
f 199//199 139//139 137//137
f 138//138 140//140 200//200
f 161//161 105//105 163//163
f 164//164 106//106 162//162
f 201//201 137//137 161//161
f 162//162 138//138 202//202
f 163//163 107//107 165//165
f 166//166 108//108 164//164
f 139//139 203//203 141//141
f 142//142 204//204 140//140
f 109//109 167//167 165//165
f 166//166 168//168 110//110
f 141//141 205//205 143//143
f 144//144 206//206 142//142
f 111//111 169//169 167//167
f 168//168 170//170 112//112
f 143//143 207//207 147//147
f 148//148 208//208 144//144
f 169//169 145//145 209//209
f 210//210 146//146 170//170
f 147//147 211//211 171//171
f 172//172 212//212 148//148
f 115//115 171//171 173//173
f 174//174 172//172 116//116
f 175//175 117//117 173//173
f 174//174 118//118 176//176
f 119//119 175//175 177//177
f 178//178 176//176 120//120
f 177//177 213//213 149//149
f 150//150 214//214 178//178
f 151//151 179//179 215//215
f 216//216 180//180 152//152
f 121//121 181//181 179//179
f 180//180 182//182 122//122
f 153//153 151//151 217//217
f 218//218 152//152 154//154
f 123//123 183//183 181//181
f 182//182 184//184 124//124
f 155//155 153//153 219//219
f 220//220 154//154 156//156
f 125//125 185//185 183//183
f 184//184 186//186 126//126
f 157//157 155//155 221//221
f 222//222 156//156 158//158
f 127//127 187//187 185//185
f 186//186 188//188 128//128
f 159//159 157//157 223//223
f 224//224 158//158 160//160
f 149//149 213//213 187//187
f 188//188 214//214 150//150
f 189//189 159//159 225//225
f 226//226 160//160 190//190
f 191//191 129//129 189//189
f 190//190 130//130 192//192
f 193//193 131//131 191//191
f 192//192 132//132 194//194
f 195//195 133//133 193//193
f 194//194 134//134 196//196
f 197//197 135//135 195//195
f 196//196 136//136 198//198
f 209//209 145//145 197//197
f 198//198 146//146 210//210
f 201//201 199//199 137//137
f 138//138 200//200 202//202
f 199//199 203//203 139//139
f 140//140 204//204 200//200
f 227//227 161//161 163//163
f 164//164 162//162 228//228
f 229//229 201//201 161//161
f 162//162 202//202 230//230
f 231//231 163//163 165//165
f 166//166 164//164 232//232
f 203//203 205//205 141//141
f 142//142 206//206 204//204
f 167//167 233//233 165//165
f 166//166 234//234 168//168
f 205//205 207//207 143//143
f 144//144 208//208 206//206
f 169//169 235//235 167//167
f 168//168 236//236 170//170
f 207//207 237//237 147//147
f 148//148 238//238 208//208
f 239//239 169//169 209//209
f 210//210 170//170 240//240
f 147//147 237//237 211//211
f 212//212 238//238 148//148
f 171//171 211//211 241//241
f 242//242 212//212 172//172
f 171//171 241//241 173//173
f 174//174 242//242 172//172
f 175//175 173//173 243//243
f 244//244 174//174 176//176
f 177//177 175//175 245//245
f 246//246 176//176 178//178
f 177//177 247//247 213//213
f 214//214 248//248 178//178
f 215//215 179//179 249//249
f 250//250 180//180 216//216
f 217//217 151//151 215//215
f 216//216 152//152 218//218
f 179//179 181//181 251//251
f 252//252 182//182 180//180
f 153//153 217//217 219//219
f 220//220 218//218 154//154
f 183//183 253//253 181//181
f 182//182 254//254 184//184
f 155//155 219//219 221//221
f 222//222 220//220 156//156
f 185//185 255//255 183//183
f 184//184 256//256 186//186
f 157//157 221//221 223//223
f 224//224 222//222 158//158
f 187//187 257//257 185//185
f 186//186 258//258 188//188
f 159//159 223//223 225//225
f 226//226 224//224 160//160
f 213//213 259//259 187//187
f 188//188 260//260 214//214
f 189//189 225//225 261//261
f 262//262 226//226 190//190
f 191//191 189//189 263//263
f 264//264 190//190 192//192
f 265//265 193//193 191//191
f 192//192 194//194 266//266
f 195//195 193//193 267//267
f 268//268 194//194 196//196
f 197//197 195//195 269//269
f 270//270 196//196 198//198
f 209//209 197//197 271//271
f 272//272 198//198 210//210
f 273//273 199//199 201//201
f 202//202 200//200 274//274
f 275//275 203//203 199//199
f 200//200 204//204 276//276
f 277//277 227//227 163//163
f 164//164 228//228 278//278
f 229//229 161//161 227//227
f 228//228 162//162 230//230
f 279//279 201//201 229//229
f 230//230 202//202 280//280
f 277//277 163//163 231//231
f 232//232 164//164 278//278
f 231//231 165//165 233//233
f 234//234 166//166 232//232
f 281//281 205//205 203//203
f 204//204 206//206 282//282
f 167//167 235//235 233//233
f 234//234 236//236 168//168
f 283//283 207//207 205//205
f 206//206 208//208 284//284
f 169//169 239//239 235//235
f 236//236 240//240 170//170
f 285//285 237//237 207//207
f 208//208 238//238 286//286
f 239//239 209//209 287//287
f 288//288 210//210 240//240
f 237//237 289//289 211//211
f 212//212 290//290 238//238
f 211//211 291//291 241//241
f 242//242 292//292 212//212
f 173//173 241//241 243//243
f 244//244 242//242 174//174
f 175//175 243//243 245//245
f 246//246 244//244 176//176
f 177//177 245//245 247//247
f 248//248 246//246 178//178
f 247//247 293//293 213//213
f 214//214 294//294 248//248
f 215//215 249//249 295//295
f 296//296 250//250 216//216
f 179//179 251//251 249//249
f 250//250 252//252 180//180
f 217//217 215//215 297//297
f 298//298 216//216 218//218
f 181//181 253//253 251//251
f 252//252 254//254 182//182
f 219//219 217//217 299//299
f 300//300 218//218 220//220
f 183//183 255//255 253//253
f 254//254 256//256 184//184
f 221//221 219//219 301//301
f 302//302 220//220 222//222
f 185//185 257//257 255//255
f 256//256 258//258 186//186
f 223//223 221//221 303//303
f 304//304 222//222 224//224
f 187//187 259//259 257//257
f 258//258 260//260 188//188
f 225//225 223//223 305//305
f 306//306 224//224 226//226
f 213//213 293//293 259//259
f 260//260 294//294 214//214
f 261//261 225//225 307//307
f 308//308 226//226 262//262
f 263//263 189//189 261//261
f 262//262 190//190 264//264
f 265//265 191//191 263//263
f 264//264 192//192 266//266
f 267//267 193//193 265//265
f 266//266 194//194 268//268
f 269//269 195//195 267//267
f 268//268 196//196 270//270
f 271//271 197//197 269//269
f 270//270 198//198 272//272
f 287//287 209//209 271//271
f 272//272 210//210 288//288
f 279//279 273//273 201//201
f 202//202 274//274 280//280
f 273//273 275//275 199//199
f 200//200 276//276 274//274
f 275//275 281//281 203//203
f 204//204 282//282 276//276
f 309//309 227//227 277//277
f 278//278 228//228 310//310
f 309//309 229//229 227//227
f 228//228 230//230 310//310
f 311//311 279//279 229//229
f 230//230 280//280 312//312
f 313//313 277//277 231//231
f 232//232 278//278 314//314
f 315//315 231//231 233//233
f 234//234 232//232 316//316
f 281//281 283//283 205//205
f 206//206 284//284 282//282
f 235//235 317//317 233//233
f 234//234 318//318 236//236
f 283//283 285//285 207//207
f 208//208 286//286 284//284
f 239//239 319//319 235//235
f 236//236 320//320 240//240
f 285//285 321//321 237//237
f 238//238 322//322 286//286
f 323//323 239//239 287//287
f 288//288 240//240 324//324
f 321//321 289//289 237//237
f 238//238 290//290 322//322
f 211//211 289//289 291//291
f 292//292 290//290 212//212
f 241//241 291//291 325//325
f 326//326 292//292 242//242
f 241//241 325//325 243//243
f 244//244 326//326 242//242
f 245//245 243//243 327//327
f 328//328 244//244 246//246
f 247//247 245//245 329//329
f 330//330 246//246 248//248
f 247//247 331//331 293//293
f 294//294 332//332 248//248
f 295//295 249//249 333//333
f 334//334 250//250 296//296
f 297//297 215//215 295//295
f 296//296 216//216 298//298
f 249//249 251//251 335//335
f 336//336 252//252 250//250
f 299//299 217//217 297//297
f 298//298 218//218 300//300
f 251//251 253//253 337//337
f 338//338 254//254 252//252
f 219//219 299//299 301//301
f 302//302 300//300 220//220
f 255//255 339//339 253//253
f 254//254 340//340 256//256
f 221//221 301//301 303//303
f 304//304 302//302 222//222
f 257//257 341//341 255//255
f 256//256 342//342 258//258
f 223//223 303//303 305//305
f 306//306 304//304 224//224
f 259//259 343//343 257//257
f 258//258 344//344 260//260
f 225//225 305//305 307//307
f 308//308 306//306 226//226
f 293//293 345//345 259//259
f 260//260 346//346 294//294
f 261//261 307//307 347//347
f 348//348 308//308 262//262
f 263//263 261//261 349//349
f 350//350 262//262 264//264
f 265//265 263//263 351//351
f 352//352 264//264 266//266
f 267//267 265//265 353//353
f 354//354 266//266 268//268
f 269//269 267//267 355//355
f 356//356 268//268 270//270
f 271//271 269//269 357//357
f 358//358 270//270 272//272
f 287//287 271//271 359//359
f 360//360 272//272 288//288
f 361//361 362//361 363//361
f 362//361 361//361 364//361
f 365//362 366//362 367//362
f 368//362 367//362 366//362
f 369//361 370//361 371//361
f 370//361 369//361 372//361
f 373//362 374//362 375//362
f 376//362 375//362 374//362
f 377//361 378//361 379//361
f 378//361 377//361 380//361
f 381//362 382//362 383//362
f 384//362 383//362 382//362
f 385//363 309//309 277//277
f 278//278 310//310 386//364
f 311//311 229//229 309//309
f 310//310 230//230 312//312
f 387//361 388//361 389//361
f 388//361 387//361 390//361
f 391//362 392//362 393//362
f 394//362 393//362 392//362
f 385//363 277//277 313//313
f 314//314 278//278 386//364
f 313//313 231//231 315//315
f 316//316 232//232 314//314
f 315//315 233//233 317//317
f 318//318 234//234 316//316
f 395//361 396//361 397//361
f 396//361 395//361 398//361
f 399//362 400//362 401//362
f 402//362 401//362 400//362
f 235//235 319//319 317//317
f 318//318 320//320 236//236
f 403//361 404//361 405//361
f 404//361 403//361 406//361
f 407//362 408//362 409//362
f 410//362 409//362 408//362
f 239//239 323//323 319//319
f 320//320 324//324 240//240
f 411//361 412//361 413//361
f 412//361 411//361 414//361
f 415//362 416//362 417//362
f 418//362 417//362 416//362
f 323//323 287//287 419//365
f 420//366 288//288 324//324
f 321//321 421//367 289//289
f 290//290 422//368 322//322
f 289//289 423//369 291//291
f 292//292 424//370 290//290
f 291//291 425//371 325//325
f 326//326 426//372 292//292
f 325//325 327//327 243//243
f 244//244 328//328 326//326
f 245//245 327//327 329//329
f 330//330 328//328 246//246
f 247//247 329//329 331//331
f 332//332 330//330 248//248
f 331//331 427//373 293//293
f 294//294 428//374 332//332
f 295//295 333//333 429//375
f 430//376 334//334 296//296
f 249//249 335//335 333//333
f 334//334 336//336 250//250
f 297//297 295//295 431//377
f 432//378 296//296 298//298
f 251//251 337//337 335//335
f 336//336 338//338 252//252
f 299//299 297//297 433//379
f 434//380 298//298 300//300
f 253//253 339//339 337//337
f 338//338 340//340 254//254
f 301//301 299//299 435//381
f 436//382 300//300 302//302
f 255//255 341//341 339//339
f 340//340 342//342 256//256
f 303//303 301//301 437//383
f 438//384 302//302 304//304
f 257//257 343//343 341//341
f 342//342 344//344 258//258
f 305//305 303//303 439//385
f 440//386 304//304 306//306
f 259//259 345//345 343//343
f 344//344 346//346 260//260
f 307//307 305//305 441//387
f 442//388 306//306 308//308
f 293//293 427//373 345//345
f 346//346 428//374 294//294
f 347//347 307//307 443//389
f 444//390 308//308 348//348
f 349//349 261//261 347//347
f 348//348 262//262 350//350
f 351//351 263//263 349//349
f 350//350 264//264 352//352
f 353//353 265//265 351//351
f 352//352 266//266 354//354
f 355//355 267//267 353//353
f 354//354 268//268 356//356
f 357//357 269//269 355//355
f 356//356 270//270 358//358
f 359//359 271//271 357//357
f 358//358 272//272 360//360
f 419//365 287//287 359//359
f 360//360 288//288 420//366
f 445//391 446//392 447//393
f 448//394 449//395 450//396
f 447//393 451//397 452//398
f 453//399 454//400 448//394
f 452//398 455//401 456//402
f 457//403 458//404 453//399
f 459//405 309//309 385//363
f 386//364 310//310 460//406
f 459//405 311//311 309//309
f 310//310 312//312 460//406
f 461//361 462//361 463//361
f 462//361 461//361 464//361
f 465//362 466//362 467//362
f 468//362 467//362 466//362
f 469//407 470//408 445//391
f 450//396 471//409 472//410
f 473//411 385//363 313//313
f 314//314 386//364 474//412
f 475//413 313//313 315//315
f 316//316 314//314 476//414
f 477//415 315//315 317//317
f 318//318 316//316 478//416
f 456//402 479//417 480//418
f 481//419 482//420 457//403
f 319//319 483//421 317//317
f 318//318 484//422 320//320
f 480//418 485//423 486//424
f 487//425 488//426 481//419
f 323//323 489//427 319//319
f 320//320 490//428 324//324
f 486//424 491//429 492//430
f 493//431 494//432 487//425
f 495//361 496//361 497//361
f 496//361 495//361 498//361
f 499//362 500//362 501//362
f 502//362 501//362 500//362
f 503//433 323//323 419//365
f 420//366 324//324 504//434
f 421//367 423//369 289//289
f 290//290 424//370 422//368
f 291//291 423//369 425//371
f 426//372 424//370 292//292
f 425//371 505//435 325//325
f 326//326 506//436 426//372
f 325//325 505//435 327//327
f 328//328 506//436 326//326
f 329//329 327//327 507//437
f 508//438 328//328 330//330
f 331//331 329//329 509//439
f 510//440 330//330 332//332
f 331//331 511//441 427//373
f 428//374 512//442 332//332
f 429//375 333//333 513//443
f 514//444 334//334 430//376
f 431//377 295//295 429//375
f 430//376 296//296 432//378
f 333//333 335//335 515//445
f 516//446 336//336 334//334
f 433//379 297//297 431//377
f 432//378 298//298 434//380
f 335//335 337//337 517//447
f 518//448 338//338 336//336
f 435//381 299//299 433//379
f 434//380 300//300 436//382
f 337//337 339//339 519//449
f 520//450 340//340 338//338
f 301//301 435//381 437//383
f 438//384 436//382 302//302
f 341//341 521//451 339//339
f 340//340 522//452 342//342
f 303//303 437//383 439//385
f 440//386 438//384 304//304
f 343//343 523//453 341//341
f 342//342 524//454 344//344
f 305//305 439//385 441//387
f 442//388 440//386 306//306
f 345//345 525//455 343//343
f 344//344 526//456 346//346
f 307//307 441//387 443//389
f 444//390 442//388 308//308
f 427//373 527//457 345//345
f 346//346 528//458 428//374
f 347//347 443//389 529//459
f 530//460 444//390 348//348
f 349//349 347//347 531//461
f 532//462 348//348 350//350
f 351//351 349//349 533//463
f 534//464 350//350 352//352
f 353//353 351//351 535//465
f 536//466 352//352 354//354
f 355//355 353//353 537//467
f 538//468 354//354 356//356
f 357//357 355//355 539//469
f 540//470 356//356 358//358
f 359//359 357//357 541//471
f 542//472 358//358 360//360
f 419//365 359//359 543//473
f 544//474 360//360 420//366
f 445//391 470//408 446//392
f 449//395 471//409 450//396
f 447//393 446//392 451//397
f 454//400 449//395 448//394
f 452//398 451//397 455//401
f 458//404 454//400 453//399
f 456//402 455//401 479//417
f 482//420 458//404 457//403
f 545//475 459//405 385//363
f 386//364 460//406 546//476
f 547//361 548//361 549//361
f 548//361 547//361 550//361
f 551//362 552//362 553//362
f 554//362 553//362 552//362
f 555//477 556//478 469//407
f 472//410 557//479 558//480
f 469//407 556//478 470//408
f 471//409 557//479 472//410
f 545//475 385//363 473//411
f 474//412 386//364 546//476
f 473//411 313//313 475//413
f 476//414 314//314 474//412
f 475//413 315//315 477//415
f 478//416 316//316 476//414
f 477//415 317//317 483//421
f 484//422 318//318 478//416
f 480//418 479//417 485//423
f 488//426 482//420 481//419
f 319//319 489//427 483//421
f 484//422 490//428 320//320
f 486//424 485//423 491//429
f 494//432 488//426 487//425
f 323//323 503//433 489//427
f 490//428 504//434 324//324
f 492//430 491//429 559//481
f 560//482 494//432 493//431
f 492//430 559//481 561//483
f 562//484 560//482 493//431
f 563//361 564//361 565//361
f 564//361 563//361 566//361
f 567//362 568//362 569//362
f 570//362 569//362 568//362
f 503//433 419//365 571//485
f 572//486 420//366 504//434
f 421//367 573//487 423//369
f 424//370 574//488 422//368
f 423//369 575//489 425//371
f 426//372 576//490 424//370
f 425//371 577//491 505//435
f 506//436 578//492 426//372
f 505//435 507//437 327//327
f 328//328 508//438 506//436
f 329//329 507//437 509//439
f 510//440 508//438 330//330
f 331//331 509//439 511//441
f 512//442 510//440 332//332
f 427//373 511//441 579//493
f 580//494 512//442 428//374
f 429//375 513//443 581//495
f 582//496 514//444 430//376
f 333//333 515//445 513//443
f 514//444 516//446 334//334
f 431//377 429//375 583//497
f 584//498 430//376 432//378
f 335//335 517//447 515//445
f 516//446 518//448 336//336
f 433//379 431//377 585//499
f 586//500 432//378 434//380
f 337//337 519//449 517//447
f 518//448 520//450 338//338
f 435//381 433//379 587//501
f 588//502 434//380 436//382
f 339//339 521//451 519//449
f 520//450 522//452 340//340
f 437//383 435//381 589//503
f 590//504 436//382 438//384
f 341//341 523//453 521//451
f 522//452 524//454 342//342
f 439//385 437//383 591//505
f 592//506 438//384 440//386
f 343//343 525//455 523//453
f 524//454 526//456 344//344
f 441//387 439//385 593//507
f 594//508 440//386 442//388
f 345//345 527//457 525//455
f 526//456 528//458 346//346
f 443//389 441//387 595//509
f 596//510 442//388 444//390
f 427//373 579//493 527//457
f 528//458 580//494 428//374
f 529//459 443//389 597//511
f 598//512 444//390 530//460
f 531//461 347//347 529//459
f 530//460 348//348 532//462
f 533//463 349//349 531//461
f 532//462 350//350 534//464
f 535//465 351//351 533//463
f 534//464 352//352 536//466
f 537//467 353//353 535//465
f 536//466 354//354 538//468
f 539//469 355//355 537//467
f 538//468 356//356 540//470
f 541//471 357//357 539//469
f 540//470 358//358 542//472
f 543//473 359//359 541//471
f 542//472 360//360 544//474
f 571//485 419//365 543//473
f 544//474 420//366 572//486
f 470//408 599//513 446//392
f 449//395 600//514 471//409
f 446//392 601//515 451//397
f 454//400 602//516 449//395
f 451//397 603//517 455//401
f 458//404 604//518 454//400
f 455//401 605//519 479//417
f 482//420 606//520 458//404
f 607//361 608//361 609//361
f 608//361 607//361 610//361
f 611//362 612//362 613//362
f 614//362 613//362 612//362
f 615//521 616//522 555//477
f 558//480 617//523 618//524
f 555//477 616//522 556//478
f 557//479 617//523 558//480
f 556//478 619//525 470//408
f 471//409 620//526 557//479
f 621//527 545//475 473//411
f 474//412 546//476 622//528
f 623//529 473//411 475//413
f 476//414 474//412 624//530
f 625//531 475//413 477//415
f 478//416 476//414 626//532
f 627//533 477//415 483//421
f 484//422 478//416 628//534
f 479//417 629//535 485//423
f 488//426 630//536 482//420
f 483//421 489//427 631//537
f 632//538 490//428 484//422
f 485//423 633//539 491//429
f 494//432 634//540 488//426
f 489//427 503//433 635//541
f 636//542 504//434 490//428
f 491//429 637//543 559//481
f 560//482 638//544 494//432
f 561//483 559//481 639//545
f 640//546 560//482 562//484
f 561//483 639//545 641//547
f 642//548 640//546 562//484
f 643//361 644//361 645//361
f 644//361 643//361 646//361
f 647//362 648//362 649//362
f 650//362 649//362 648//362
f 651//549 503//433 571//485
f 572//486 504//434 652//550
f 573//487 575//489 423//369
f 424//370 576//490 574//488
f 575//489 577//491 425//371
f 426//372 578//492 576//490
f 577//491 653//551 505//435
f 506//436 654//552 578//492
f 505//435 653//551 507//437
f 508//438 654//552 506//436
f 509//439 507//437 655//553
f 656//554 508//438 510//440
f 511//441 509//439 657//555
f 658//556 510//440 512//442
f 579//493 511//441 659//557
f 660//558 512//442 580//494
f 581//495 513//443 661//559
f 662//560 514//444 582//496
f 583//497 429//375 581//495
f 582//496 430//376 584//498
f 513//443 515//445 663//561
f 664//562 516//446 514//444
f 585//499 431//377 583//497
f 584//498 432//378 586//500
f 515//445 517//447 665//563
f 666//564 518//448 516//446
f 587//501 433//379 585//499
f 586//500 434//380 588//502
f 517//447 519//449 667//565
f 668//566 520//450 518//448
f 589//503 435//381 587//501
f 588//502 436//382 590//504
f 519//449 521//451 669//567
f 670//568 522//452 520//450
f 437//383 589//503 591//505
f 592//506 590//504 438//384
f 523//453 671//569 521//451
f 522//452 672//570 524//454
f 439//385 591//505 593//507
f 594//508 592//506 440//386
f 525//455 673//571 523//453
f 524//454 674//572 526//456
f 441//387 593//507 595//509
f 596//510 594//508 442//388
f 527//457 675//573 525//455
f 526//456 676//574 528//458
f 443//389 595//509 597//511
f 598//512 596//510 444//390
f 579//493 677//575 527//457
f 528//458 678//576 580//494
f 529//459 597//511 679//577
f 680//578 598//512 530//460
f 531//461 529//459 681//579
f 682//580 530//460 532//462
f 533//463 531//461 683//581
f 684//582 532//462 534//464
f 535//465 533//463 685//583
f 686//584 534//464 536//466
f 537//467 535//465 687//585
f 688//586 536//466 538//468
f 539//469 537//467 689//587
f 690//588 538//468 540//470
f 541//471 539//469 691//589
f 692//590 540//470 542//472
f 543//473 541//471 693//591
f 694//592 542//472 544//474
f 571//485 543//473 695//593
f 696//594 544//474 572//486
f 470//408 619//525 599//513
f 600//514 620//526 471//409
f 446//392 599//513 601//515
f 602//516 600//514 449//395
f 451//397 601//515 603//517
f 604//518 602//516 454//400
f 603//517 605//519 455//401
f 458//404 606//520 604//518
f 605//519 629//535 479//417
f 482//420 630//536 606//520
f 697//361 698//361 699//361
f 698//361 697//361 700//361
f 701//362 702//362 703//362
f 704//362 703//362 702//362
f 705//595 706//596 615//521
f 618//524 707//597 708//598
f 615//521 706//596 616//522
f 617//523 707//597 618//524
f 616//522 709//599 556//478
f 557//479 710//600 617//523
f 556//478 709//599 619//525
f 620//526 710//600 557//479
f 621//527 473//411 623//529
f 624//530 474//412 622//528
f 623//529 475//413 625//531
f 626//532 476//414 624//530
f 625//531 477//415 627//533
f 628//534 478//416 626//532
f 627//533 483//421 631//537
f 632//538 484//422 628//534
f 629//535 633//539 485//423
f 488//426 634//540 630//536
f 489//427 635//541 631//537
f 632//538 636//542 490//428
f 633//539 637//543 491//429
f 494//432 638//544 634//540
f 503//433 651//549 635//541
f 636//542 652//550 504//434
f 637//543 711//601 559//481
f 560//482 712//602 638//544
f 559//481 711//601 639//545
f 640//546 712//602 560//482
f 641//547 639//545 713//603
f 714//604 640//546 642//548
f 641//547 713//603 715//605
f 716//606 714//604 642//548
f 717//361 718//361 719//361
f 718//361 717//361 720//361
f 721//362 722//362 723//362
f 724//362 723//362 722//362
f 573//487 725//607 575//489
f 576//490 726//608 574//488
f 651//549 571//485 727//609
f 728//610 572//486 652//550
f 575//489 729//611 577//491
f 578//492 730//612 576//490
f 577//491 731//613 653//551
f 654//552 732//614 578//492
f 653//551 655//553 507//437
f 508//438 656//554 654//552
f 509//439 655//553 657//555
f 658//556 656//554 510//440
f 511//441 657//555 659//557
f 660//558 658//556 512//442
f 579//493 659//557 733//615
f 734//616 660//558 580//494
f 581//495 661//559 735//617
f 736//618 662//560 582//496
f 513//443 663//561 661//559
f 662//560 664//562 514//444
f 583//497 581//495 737//619
f 738//620 582//496 584//498
f 515//445 665//563 663//561
f 664//562 666//564 516//446
f 585//499 583//497 739//621
f 740//622 584//498 586//500
f 517//447 667//565 665//563
f 666//564 668//566 518//448
f 587//501 585//499 741//623
f 742//624 586//500 588//502
f 519//449 669//567 667//565
f 668//566 670//568 520//450
f 589//503 587//501 743//625
f 744//626 588//502 590//504
f 521//451 671//569 669//567
f 670//568 672//570 522//452
f 591//505 589//503 745//627
f 746//628 590//504 592//506
f 523//453 673//571 671//569
f 672//570 674//572 524//454
f 591//505 747//629 593//507
f 594//508 748//630 592//506
f 525//455 675//573 673//571
f 674//572 676//574 526//456
f 593//507 749//631 595//509
f 596//510 750//632 594//508
f 527//457 677//575 675//573
f 676//574 678//576 528//458
f 595//509 751//633 597//511
f 598//512 752//634 596//510
f 579//493 733//615 677//575
f 678//576 734//616 580//494
f 597//511 753//635 679//577
f 680//578 754//636 598//512
f 681//579 529//459 679//577
f 680//578 530//460 682//580
f 683//581 531//461 681//579
f 682//580 532//462 684//582
f 685//583 533//463 683//581
f 684//582 534//464 686//584
f 687//585 535//465 685//583
f 686//584 536//466 688//586
f 689//587 537//467 687//585
f 688//586 538//468 690//588
f 691//589 539//469 689//587
f 690//588 540//470 692//590
f 693//591 541//471 691//589
f 692//590 542//472 694//592
f 695//593 543//473 693//591
f 694//592 544//474 696//594
f 727//609 571//485 695//593
f 696//594 572//486 728//610
f 619//525 755//637 599//513
f 600//514 756//638 620//526
f 599//513 757//639 601//515
f 602//516 758//640 600//514
f 603//517 601//515 759//641
f 760//642 602//516 604//518
f 761//643 605//519 603//517
f 604//518 606//520 762//644
f 763//645 629//535 605//519
f 606//520 630//536 764//646
f 765//361 766//361 767//361
f 766//361 765//361 768//361
f 769//362 770//362 771//362
f 772//362 771//362 770//362
f 773//647 774//648 705//595
f 708//598 775//649 776//650
f 777//651 621//527 623//529
f 624//530 622//528 778//652
f 705//595 774//648 706//596
f 707//597 775//649 708//598
f 706//596 779//653 616//522
f 617//523 780//654 707//597
f 616//522 779//653 709//599
f 710//600 780//654 617//523
f 619//525 709//599 755//637
f 756//638 710//600 620//526
f 781//655 623//529 625//531
f 626//532 624//530 782//656
f 783//657 625//531 627//533
f 628//534 626//532 784//658
f 785//659 627//533 631//537
f 632//538 628//534 786//660
f 787//661 633//539 629//535
f 630//536 634//540 788//662
f 631//537 635//541 789//663
f 790//664 636//542 632//538
f 633//539 791//665 637//543
f 638//544 792//666 634//540
f 635//541 651//549 793//667
f 794//668 652//550 636//542
f 637//543 795//669 711//601
f 712//602 796//670 638//544
f 711//601 797//671 639//545
f 640//546 798//672 712//602
f 639//545 797//671 713//603
f 714//604 798//672 640//546
f 715//605 713//603 799//673
f 800//674 714//604 716//606
f 715//605 799//673 801//675
f 802//676 800//674 716//606
f 803//361 804//361 805//361
f 804//361 803//361 806//361
f 807//362 808//362 809//362
f 810//362 809//362 808//362
f 725//607 811//677 729//611
f 730//612 812//678 726//608
f 725//607 729//611 575//489
f 576//490 730//612 726//608
f 813//679 651//549 727//609
f 728//610 652//550 814//680
f 729//611 731//613 577//491
f 578//492 732//614 730//612
f 731//613 815//681 653//551
f 654//552 816//682 732//614
f 653//551 815//681 655//553
f 656//554 816//682 654//552
f 657//555 655//553 817//683
f 818//684 656//554 658//556
f 659//557 657//555 819//685
f 820//686 658//556 660//558
f 733//615 659//557 821//687
f 822//688 660//558 734//616
f 661//559 823//689 735//617
f 736//618 824//690 662//560
f 581//495 735//617 737//619
f 738//620 736//618 582//496
f 663//561 825//691 661//559
f 662//560 826//692 664//562
f 583//497 737//619 739//621
f 740//622 738//620 584//498
f 665//563 827//693 663//561
f 664//562 828//694 666//564
f 585//499 739//621 741//623
f 742//624 740//622 586//500
f 667//565 829//695 665//563
f 666//564 830//696 668//566
f 587//501 741//623 743//625
f 744//626 742//624 588//502
f 669//567 831//697 667//565
f 668//566 832//698 670//568
f 589//503 743//625 745//627
f 746//628 744//626 590//504
f 671//569 833//699 669//567
f 670//568 834//700 672//570
f 591//505 745//627 747//629
f 748//630 746//628 592//506
f 673//571 835//701 671//569
f 672//570 836//702 674//572
f 593//507 747//629 749//631
f 750//632 748//630 594//508
f 675//573 837//703 673//571
f 674//572 838//704 676//574
f 595//509 749//631 751//633
f 752//634 750//632 596//510
f 677//575 839//705 675//573
f 676//574 840//706 678//576
f 597//511 751//633 753//635
f 754//636 752//634 598//512
f 733//615 841//707 677//575
f 678//576 842//708 734//616
f 679//577 753//635 843//709
f 844//710 754//636 680//578
f 681//579 679//577 845//711
f 846//712 680//578 682//580
f 683//581 681//579 847//713
f 848//714 682//580 684//582
f 685//583 683//581 849//715
f 850//716 684//582 686//584
f 687//585 685//583 851//717
f 852//718 686//584 688//586
f 689//587 687//585 853//719
f 854//720 688//586 690//588
f 691//589 689//587 855//721
f 856//722 690//588 692//590
f 693//591 691//589 857//723
f 858//724 692//590 694//592
f 695//593 693//591 859//725
f 860//726 694//592 696//594
f 727//609 695//593 861//727
f 862//728 696//594 728//610
f 599//513 755//637 757//639
f 758//640 756//638 600//514
f 601//515 757//639 759//641
f 760//642 758//640 602//516
f 603//517 759//641 761//643
f 762//644 760//642 604//518
f 761//643 763//645 605//519
f 606//520 764//646 762//644
f 763//645 787//661 629//535
f 630//536 788//662 764//646
f 863//361 864//361 865//361
f 864//361 863//361 866//361
f 867//362 868//362 869//362
f 870//362 869//362 868//362
f 871//729 872//730 773//647
f 776//650 873//731 874//732
f 875//733 777//651 781//655
f 782//656 778//652 876//734
f 773//647 872//730 774//648
f 775//649 873//731 776//650
f 777//651 623//529 781//655
f 782//656 624//530 778//652
f 774//648 877//735 706//596
f 707//597 878//736 775//649
f 706//596 877//735 779//653
f 780//654 878//736 707//597
f 779//653 879//737 709//599
f 710//600 880//738 780//654
f 709//599 879//737 755//637
f 756//638 880//738 710//600
f 781//655 625//531 783//657
f 784//658 626//532 782//656
f 783//657 627//533 785//659
f 786//660 628//534 784//658
f 785//659 631//537 789//663
f 790//664 632//538 786//660
f 787//661 881//739 633//539
f 634//540 882//740 788//662
f 635//541 793//667 789//663
f 790//664 794//668 636//542
f 881//739 791//665 633//539
f 634//540 792//666 882//740
f 791//665 795//669 637//543
f 638//544 796//670 792//666
f 651//549 813//679 793//667
f 794//668 814//680 652//550
f 795//669 883//741 711//601
f 712//602 884//742 796//670
f 711//601 883//741 797//671
f 798//672 884//742 712//602
f 713//603 797//671 885//743
f 886//744 798//672 714//604
f 713//603 885//743 799//673
f 800//674 886//744 714//604
f 801//675 799//673 887//745
f 888//746 800//674 802//676
f 801//675 887//745 889//747
f 890//748 888//746 802//676
f 891//361 892//361 893//361
f 892//361 891//361 894//361
f 895//362 896//362 897//362
f 898//362 897//362 896//362
f 811//677 899//749 900//750
f 901//751 902//752 812//678
f 811//677 900//750 729//611
f 730//612 901//751 812//678
f 813//679 727//609 903//753
f 904//754 728//610 814//680
f 729//611 900//750 731//613
f 732//614 901//751 730//612
f 731//613 905//755 815//681
f 816//682 906//756 732//614
f 815//681 817//683 655//553
f 656//554 818//684 816//682
f 657//555 817//683 819//685
f 820//686 818//684 658//556
f 659//557 819//685 821//687
f 822//688 820//686 660//558
f 733//615 821//687 907//757
f 908//758 822//688 734//616
f 735//617 823//689 909//759
f 910//760 824//690 736//618
f 661//559 825//691 823//689
f 824//690 826//692 662//560
f 737//619 735//617 911//761
f 912//762 736//618 738//620
f 827//693 825//691 663//561
f 664//562 826//692 828//694
f 739//621 737//619 913//763
f 914//764 738//620 740//622
f 829//695 827//693 665//563
f 666//564 828//694 830//696
f 741//623 739//621 915//765
f 916//766 740//622 742//624
f 831//697 829//695 667//565
f 668//566 830//696 832//698
f 743//625 741//623 917//767
f 918//768 742//624 744//626
f 833//699 831//697 669//567
f 670//568 832//698 834//700
f 745//627 743//625 919//769
f 920//770 744//626 746//628
f 835//701 833//699 671//569
f 672//570 834//700 836//702
f 747//629 745//627 921//771
f 922//772 746//628 748//630
f 837//703 835//701 673//571
f 674//572 836//702 838//704
f 747//629 923//773 749//631
f 750//632 924//774 748//630
f 839//705 837//703 675//573
f 676//574 838//704 840//706
f 749//631 925//775 751//633
f 752//634 926//776 750//632
f 841//707 839//705 677//575
f 678//576 840//706 842//708
f 751//633 927//777 753//635
f 754//636 928//778 752//634
f 907//757 841//707 733//615
f 734//616 842//708 908//758
f 753//635 929//779 843//709
f 844//710 930//780 754//636
f 679//577 843//709 845//711
f 846//712 844//710 680//578
f 847//713 681//579 845//711
f 846//712 682//580 848//714
f 849//715 683//581 847//713
f 848//714 684//582 850//716
f 851//717 685//583 849//715
f 850//716 686//584 852//718
f 853//719 687//585 851//717
f 852//718 688//586 854//720
f 855//721 689//587 853//719
f 854//720 690//588 856//722
f 857//723 691//589 855//721
f 856//722 692//590 858//724
f 859//725 693//591 857//723
f 858//724 694//592 860//726
f 861//727 695//593 859//725
f 860//726 696//594 862//728
f 903//753 727//609 861//727
f 862//728 728//610 904//754
f 755//637 931//781 757//639
f 758//640 932//782 756//638
f 933//783 759//641 757//639
f 758//640 760//642 934//784
f 935//785 761//643 759//641
f 760//642 762//644 936//786
f 937//787 763//645 761//643
f 762//644 764//646 938//788
f 939//789 787//661 763//645
f 764//646 788//662 940//790
f 941//361 942//361 943//361
f 942//361 941//361 944//361
f 945//362 946//362 947//362
f 948//362 947//362 946//362
f 949//791 950//792 871//729
f 874//732 951//793 952//794
f 953//795 875//733 954//796
f 955//797 876//734 956//798
f 871//729 950//792 872//730
f 873//731 951//793 874//732
f 875//733 781//655 954//796
f 955//797 782//656 876//734
f 872//730 957//799 774//648
f 775//649 958//800 873//731
f 774//648 957//799 877//735
f 878//736 958//800 775//649
f 877//735 959//801 779//653
f 780//654 960//802 878//736
f 779//653 959//801 879//737
f 880//738 960//802 780//654
f 755//637 879//737 961//803
f 962//804 880//738 756//638
f 954//796 781//655 783//657
f 784//658 782//656 955//797
f 963//805 783//657 785//659
f 786//660 784//658 964//806
f 965//807 785//659 789//663
f 790//664 786//660 966//808
f 787//661 967//809 881//739
f 882//740 968//810 788//662
f 789//663 793//667 969//811
f 970//812 794//668 790//664
f 881//739 971//813 791//665
f 792//666 972//814 882//740
f 791//665 973//815 795//669
f 796//670 974//816 792//666
f 793//667 813//679 975//817
f 976//818 814//680 794//668
f 795//669 977//819 883//741
f 884//742 978//820 796//670
f 797//671 883//741 979//821
f 980//822 884//742 798//672
f 797//671 979//821 885//743
f 886//744 980//822 798//672
f 799//673 885//743 981//823
f 982//824 886//744 800//674
f 799//673 981//823 887//745
f 888//746 982//824 800//674
f 889//747 887//745 983//825
f 984//826 888//746 890//748
f 889//747 983//825 985//827
f 986//828 984//826 890//748
f 987//361 988//361 989//361
f 988//361 987//361 990//361
f 991//362 992//362 993//362
f 994//362 993//362 992//362
f 899//749 995//829 996//830
f 997//831 998//832 902//752
f 899//749 996//830 900//750
f 901//751 997//831 902//752
f 999//833 813//679 903//753
f 904//754 814//680 1000//834
f 900//750 905//755 731//613
f 732//614 906//756 901//751
f 905//755 1001//835 815//681
f 816//682 1002//836 906//756
f 815//681 1003//837 817//683
f 818//684 1004//838 816//682
f 819//685 817//683 1005//839
f 1006//840 818//684 820//686
f 821//687 819//685 1007//841
f 1008//842 820//686 822//688
f 821//687 1009//843 907//757
f 908//758 1010//844 822//688
f 823//689 1011//845 909//759
f 910//760 1012//846 824//690
f 735//617 909//759 911//761
f 912//762 910//760 736//618
f 825//691 1013//847 823//689
f 824//690 1014//848 826//692
f 737//619 911//761 913//763
f 914//764 912//762 738//620
f 827//693 1015//849 825//691
f 826//692 1016//850 828//694
f 739//621 913//763 915//765
f 916//766 914//764 740//622
f 829//695 1017//851 827//693
f 828//694 1018//852 830//696
f 741//623 915//765 917//767
f 918//768 916//766 742//624
f 831//697 1019//853 829//695
f 830//696 1020//854 832//698
f 743//625 917//767 919//769
f 920//770 918//768 744//626
f 833//699 1021//855 831//697
f 832//698 1022//856 834//700
f 745//627 919//769 921//771
f 922//772 920//770 746//628
f 835//701 1023//857 833//699
f 834//700 1024//858 836//702
f 747//629 921//771 923//773
f 924//774 922//772 748//630
f 837//703 1025//859 835//701
f 836//702 1026//860 838//704
f 749//631 923//773 925//775
f 926//776 924//774 750//632
f 839//705 1027//861 837//703
f 838//704 1028//862 840//706
f 751//633 925//775 927//777
f 928//778 926//776 752//634
f 841//707 1029//863 839//705
f 840//706 1030//864 842//708
f 753//635 927//777 929//779
f 930//780 928//778 754//636
f 907//757 1031//865 841//707
f 842//708 1032//866 908//758
f 843//709 929//779 1033//867
f 1034//868 930//780 844//710
f 845//711 843//709 1035//869
f 1036//870 844//710 846//712
f 847//713 845//711 1037//871
f 1038//872 846//712 848//714
f 849//715 847//713 1039//873
f 1040//874 848//714 850//716
f 851//717 849//715 1041//875
f 1042//876 850//716 852//718
f 853//719 851//717 1043//877
f 1044//878 852//718 854//720
f 855//721 853//719 1045//879
f 1046//880 854//720 856//722
f 857//723 855//721 1047//881
f 1048//882 856//722 858//724
f 859//725 857//723 1049//883
f 1050//884 858//724 860//726
f 861//727 859//725 1051//885
f 1052//886 860//726 862//728
f 903//753 861//727 1053//887
f 1054//888 862//728 904//754
f 755//637 961//803 931//781
f 932//782 962//804 756//638
f 933//783 757//639 931//781
f 932//782 758//640 934//784
f 935//785 759//641 933//783
f 934//784 760//642 936//786
f 937//787 761//643 935//785
f 936//786 762//644 938//788
f 939//789 763//645 937//787
f 938//788 764//646 940//790
f 939//789 967//809 787//661
f 788//662 968//810 940//790
f 1055//361 1056//361 1057//361
f 1056//361 1055//361 1058//361
f 1059//362 1060//362 1061//362
f 1062//362 1061//362 1060//362
f 1063//889 1064//890 949//791
f 952//794 1065//891 1066//892
f 1067//893 953//795 1068//894
f 1069//895 956//798 1070//896
f 949//791 1064//890 950//792
f 951//793 1065//891 952//794
f 953//795 954//796 1068//894
f 1069//895 955//797 956//798
f 950//792 1071//897 872//730
f 873//731 1072//898 951//793
f 872//730 1071//897 957//799
f 958//800 1072//898 873//731
f 957//799 1073//899 877//735
f 878//736 1074//900 958//800
f 877//735 1073//899 959//801
f 960//802 1074//900 878//736
f 959//801 1075//901 879//737
f 880//738 1076//902 960//802
f 879//737 1075//901 961//803
f 962//804 1076//902 880//738
f 954//796 783//657 963//805
f 964//806 784//658 955//797
f 963//805 785//659 965//807
f 966//808 786//660 964//806
f 965//807 789//663 969//811
f 970//812 790//664 966//808
f 967//809 971//813 881//739
f 882//740 972//814 968//810
f 793//667 975//817 969//811
f 970//812 976//818 794//668
f 971//813 973//815 791//665
f 792//666 974//816 972//814
f 973//815 977//819 795//669
f 796//670 978//820 974//816
f 813//679 999//833 975//817
f 976//818 1000//834 814//680
f 977//819 1077//903 883//741
f 884//742 1078//904 978//820
f 883//741 1077//903 979//821
f 980//822 1078//904 884//742
f 885//743 979//821 1079//905
f 1080//906 980//822 886//744
f 885//743 1079//905 981//823
f 982//824 1080//906 886//744
f 887//745 981//823 1081//907
f 1082//908 982//824 888//746
f 887//745 1081//907 983//825
f 984//826 1082//908 888//746
f 985//827 983//825 1083//909
f 1084//910 984//826 986//828
f 985//827 1083//909 1085//911
f 1086//912 1084//910 986//828
f 1087//361 1088//361 1089//361
f 1088//361 1087//361 1090//361
f 1091//362 1092//362 1093//362
f 1094//362 1093//362 1092//362
f 995//829 1095//913 1096//914
f 1097//915 1098//916 998//832
f 995//829 1096//914 996//830
f 997//831 1097//915 998//832
f 900//750 996//830 905//755
f 906//756 997//831 901//751
f 999//833 903//753 1099//917
f 1100//918 904//754 1000//834
f 996//830 1001//835 905//755
f 906//756 1002//836 997//831
f 815//681 1001//835 1003//837
f 1004//838 1002//836 816//682
f 817//683 1003//837 1005//839
f 1006//840 1004//838 818//684
f 819//685 1005//839 1007//841
f 1008//842 1006//840 820//686
f 821//687 1007//841 1009//843
f 1010//844 1008//842 822//688
f 907//757 1009//843 1101//919
f 1102//920 1010//844 908//758
f 909//759 1011//845 1103//921
f 1104//922 1012//846 910//760
f 823//689 1013//847 1011//845
f 1012//846 1014//848 824//690
f 911//761 909//759 1105//923
f 1106//924 910//760 912//762
f 825//691 1015//849 1013//847
f 1014//848 1016//850 826//692
f 913//763 911//761 1107//925
f 1108//926 912//762 914//764
f 1017//851 1015//849 827//693
f 828//694 1016//850 1018//852
f 915//765 913//763 1109//927
f 1110//928 914//764 916//766
f 1019//853 1017//851 829//695
f 830//696 1018//852 1020//854
f 917//767 915//765 1111//929
f 1112//930 916//766 918//768
f 1021//855 1019//853 831//697
f 832//698 1020//854 1022//856
f 919//769 917//767 1113//931
f 1114//932 918//768 920//770
f 1023//857 1021//855 833//699
f 834//700 1022//856 1024//858
f 921//771 919//769 1115//933
f 1116//934 920//770 922//772
f 1025//859 1023//857 835//701
f 836//702 1024//858 1026//860
f 923//773 921//771 1117//935
f 1118//936 922//772 924//774
f 1027//861 1025//859 837//703
f 838//704 1026//860 1028//862
f 923//773 1119//937 925//775
f 926//776 1120//938 924//774
f 1029//863 1027//861 839//705
f 840//706 1028//862 1030//864
f 925//775 1121//939 927//777
f 928//778 1122//940 926//776
f 1031//865 1029//863 841//707
f 842//708 1030//864 1032//866
f 927//777 1123//941 929//779
f 930//780 1124//942 928//778
f 1101//919 1031//865 907//757
f 908//758 1032//866 1102//920
f 929//779 1125//943 1033//867
f 1034//868 1126//944 930//780
f 843//709 1033//867 1035//869
f 1036//870 1034//868 844//710
f 845//711 1035//869 1037//871
f 1038//872 1036//870 846//712
f 1039//873 847//713 1037//871
f 1038//872 848//714 1040//874
f 1041//875 849//715 1039//873
f 1040//874 850//716 1042//876
f 1043//877 851//717 1041//875
f 1042//876 852//718 1044//878
f 1045//879 853//719 1043//877
f 1044//878 854//720 1046//880
f 1047//881 855//721 1045//879
f 1046//880 856//722 1048//882
f 1049//883 857//723 1047//881
f 1048//882 858//724 1050//884
f 1051//885 859//725 1049//883
f 1050//884 860//726 1052//886
f 1053//887 861//727 1051//885
f 1052//886 862//728 1054//888
f 1099//917 903//753 1053//887
f 1054//888 904//754 1100//918
f 1127//945 931//781 961//803
f 962//804 932//782 1128//946
f 1129//947 933//783 931//781
f 932//782 934//784 1130//948
f 1131//949 935//785 933//783
f 934//784 936//786 1132//950
f 1133//951 937//787 935//785
f 936//786 938//788 1134//952
f 1135//953 939//789 937//787
f 938//788 940//790 1136//954
f 1137//955 967//809 939//789
f 940//790 968//810 1138//956
f 1139//361 1140//361 1141//361
f 1140//361 1139//361 1142//361
f 1143//362 1144//362 1145//362
f 1146//362 1145//362 1144//362
f 1147//957 1148//958 1063//889
f 1066//892 1149//959 1150//960
f 1151//961 1067//893 1152//962
f 1153//963 1070//896 1154//964
f 1063//889 1148//958 1064//890
f 1065//891 1149//959 1066//892
f 1067//893 1068//894 1152//962
f 1153//963 1069//895 1070//896
f 1064//890 1155//965 950//792
f 951//793 1156//966 1065//891
f 1068//894 954//796 963//805
f 964//806 955//797 1069//895
f 950//792 1155//965 1071//897
f 1072//898 1156//966 951//793
f 1071//897 1157//967 957//799
f 958//800 1158//968 1072//898
f 957//799 1157//967 1073//899
f 1074//900 1158//968 958//800
f 1073//899 1159//969 959//801
f 960//802 1160//970 1074//900
f 959//801 1159//969 1075//901
f 1076//902 1160//970 960//802
f 1161//971 961//803 1075//901
f 1076//902 962//804 1162//972
f 963//805 965//807 1163//973
f 1164//974 966//808 964//806
f 1163//973 965//807 969//811
f 970//812 966//808 1164//974
f 1165//975 971//813 967//809
f 968//810 972//814 1166//976
f 969//811 975//817 1167//977
f 1168//978 976//818 970//812
f 1169//979 973//815 971//813
f 972//814 974//816 1170//980
f 1171//981 977//819 973//815
f 974//816 978//820 1172//982
f 975//817 999//833 1173//983
f 1174//984 1000//834 976//818
f 1175//985 1077//903 977//819
f 978//820 1078//904 1176//986
f 979//821 1077//903 1177//987
f 1178//988 1078//904 980//822
f 979//821 1177//987 1079//905
f 1080//906 1178//988 980//822
f 981//823 1079//905 1179//989
f 1180//990 1080//906 982//824
f 981//823 1179//989 1081//907
f 1082//908 1180//990 982//824
f 983//825 1081//907 1181//991
f 1182//992 1082//908 984//826
f 983//825 1181//991 1083//909
f 1084//910 1182//992 984//826
f 1085//911 1083//909 1183//993
f 1184//994 1084//910 1086//912
f 1085//911 1183//993 1185//995
f 1186//996 1184//994 1086//912
f 1187//361 1188//361 1189//361
f 1188//361 1187//361 1190//361
f 1191//362 1192//362 1193//362
f 1194//362 1193//362 1192//362
f 1095//913 1195//997 1196//998
f 1197//999 1198//1000 1098//916
f 1095//913 1196//998 1096//914
f 1097//915 1197//999 1098//916
f 996//830 1096//914 1001//835
f 1002//836 1097//915 997//831
f 1199//1001 999//833 1099//917
f 1100//918 1000//834 1200//1002
f 1001//835 1201//1003 1003//837
f 1004//838 1202//1004 1002//836
f 1005//839 1003//837 1203//1005
f 1204//1006 1004//838 1006//840
f 1007//841 1005//839 1205//1007
f 1206//1008 1006//840 1008//842
f 1009//843 1007//841 1207//1009
f 1208//1010 1008//842 1010//844
f 1009//843 1209//1011 1101//919
f 1102//920 1210//1012 1010//844
f 1011//845 1211//1013 1103//921
f 1104//922 1212//1014 1012//846
f 909//759 1103//921 1105//923
f 1106//924 1104//922 910//760
f 1013//847 1213//1015 1011//845
f 1012//846 1214//1016 1014//848
f 911//761 1105//923 1107//925
f 1108//926 1106//924 912//762
f 1015//849 1215//1017 1013//847
f 1014//848 1216//1018 1016//850
f 913//763 1107//925 1109//927
f 1110//928 1108//926 914//764
f 1017//851 1217//1019 1015//849
f 1016//850 1218//1020 1018//852
f 915//765 1109//927 1111//929
f 1112//930 1110//928 916//766
f 1019//853 1219//1021 1017//851
f 1018//852 1220//1022 1020//854
f 917//767 1111//929 1113//931
f 1114//932 1112//930 918//768
f 1021//855 1221//1023 1019//853
f 1020//854 1222//1024 1022//856
f 919//769 1113//931 1115//933
f 1116//934 1114//932 920//770
f 1023//857 1223//1025 1021//855
f 1022//856 1224//1026 1024//858
f 921//771 1115//933 1117//935
f 1118//936 1116//934 922//772
f 1025//859 1225//1027 1023//857
f 1024//858 1226//1028 1026//860
f 923//773 1117//935 1119//937
f 1120//938 1118//936 924//774
f 1027//861 1227//1029 1025//859
f 1026//860 1228//1030 1028//862
f 925//775 1119//937 1121//939
f 1122//940 1120//938 926//776
f 1029//863 1229//1031 1027//861
f 1028//862 1230//1032 1030//864
f 927//777 1121//939 1123//941
f 1124//942 1122//940 928//778
f 1031//865 1231//1033 1029//863
f 1030//864 1232//1034 1032//866
f 929//779 1123//941 1125//943
f 1126//944 1124//942 930//780
f 1101//919 1233//1035 1031//865
f 1032//866 1234//1036 1102//920
f 1033//867 1125//943 1235//1037
f 1236//1038 1126//944 1034//868
f 1035//869 1033//867 1237//1039
f 1238//1040 1034//868 1036//870
f 1037//871 1035//869 1239//1041
f 1240//1042 1036//870 1038//872
f 1039//873 1037//871 1241//1043
f 1242//1044 1038//872 1040//874
f 1041//875 1039//873 1243//1045
f 1244//1046 1040//874 1042//876
f 1043//877 1041//875 1245//1047
f 1246//1048 1042//876 1044//878
f 1045//879 1043//877 1247//1049
f 1248//1050 1044//878 1046//880
f 1047//881 1045//879 1249//1051
f 1250//1052 1046//880 1048//882
f 1049//883 1047//881 1251//1053
f 1252//1054 1048//882 1050//884
f 1051//885 1049//883 1253//1055
f 1254//1056 1050//884 1052//886
f 1053//887 1051//885 1255//1057
f 1256//1058 1052//886 1054//888
f 1099//917 1053//887 1257//1059
f 1258//1060 1054//888 1100//918
f 1127//945 961//803 1161//971
f 1162//972 962//804 1128//946
f 1129//947 931//781 1127//945
f 1128//946 932//782 1130//948
f 1131//949 933//783 1129//947
f 1130//948 934//784 1132//950
f 1133//951 935//785 1131//949
f 1132//950 936//786 1134//952
f 1135//953 937//787 1133//951
f 1134//952 938//788 1136//954
f 1137//955 939//789 1135//953
f 1136//954 940//790 1138//956
f 1165//975 967//809 1137//955
f 1138//956 968//810 1166//976
f 1259//361 1260//361 1261//361
f 1260//361 1259//361 1262//361
f 1263//362 1264//362 1265//362
f 1266//362 1265//362 1264//362
f 1267//1061 1147//957 1268//1062
f 1269//1063 1150//960 1270//1064
f 1151//961 1271//1065 1272//1000
f 1273//997 1274//1066 1154//964
f 1147//957 1267//1061 1148//958
f 1149//959 1270//1064 1150//960
f 1151//961 1152//962 1271//1065
f 1274//1066 1153//963 1154//964
f 1148//958 1275//1067 1064//890
f 1065//891 1276//1068 1149//959
f 1152//962 1068//894 1277//1069
f 1278//1070 1069//895 1153//963
f 1064//890 1275//1067 1155//965
f 1156//966 1276//1068 1065//891
f 1068//894 963//805 1277//1069
f 1278//1070 964//806 1069//895
f 1071//897 1155//965 1279//1071
f 1280//1072 1156//966 1072//898
f 1071//897 1279//1071 1157//967
f 1158//968 1280//1072 1072//898
f 1157//967 1281//1073 1073//899
f 1074//900 1282//1074 1158//968
f 1073//899 1281//1073 1159//969
f 1160//970 1282//1074 1074//900
f 1283//1075 1075//901 1159//969
f 1160//970 1076//902 1284//1076
f 1161//971 1075//901 1283//1075
f 1284//1076 1076//902 1162//972
f 1277//1069 963//805 1163//973
f 1164//974 964//806 1278//1070
f 1163//973 969//811 1167//977
f 1168//978 970//812 1164//974
f 1169//979 971//813 1165//975
f 1166//976 972//814 1170//980
f 1167//977 975//817 1173//983
f 1174//984 976//818 1168//978
f 1171//981 973//815 1169//979
f 1170//980 974//816 1172//982
f 1171//981 1175//985 977//819
f 978//820 1176//986 1172//982
f 1173//983 999//833 1199//1001
f 1200//1002 1000//834 1174//984
f 1175//985 1285//1077 1077//903
f 1078//904 1286//1078 1176//986
f 1285//1077 1177//987 1077//903
f 1078//904 1178//988 1286//1078
f 1079//905 1177//987 1287//1079
f 1288//1080 1178//988 1080//906
f 1079//905 1287//1079 1179//989
f 1180//990 1288//1080 1080//906
f 1081//907 1179//989 1181//991
f 1182//992 1180//990 1082//908
f 1083//909 1181//991 1289//1081
f 1290//1082 1182//992 1084//910
f 1083//909 1289//1081 1183//993
f 1184//994 1290//1082 1084//910
f 1185//995 1183//993 1291//1083
f 1292//1084 1184//994 1186//996
f 1185//995 1291//1083 1293//1085
f 1294//1086 1292//1084 1186//996
f 1295//361 1296//361 1297//361
f 1296//361 1295//361 1298//361
f 1299//362 1300//362 1301//362
f 1302//362 1301//362 1300//362
f 1195//997 1303//964 1304//1087
f 1305//1088 1306//961 1198//1000
f 1195//997 1304//1087 1196//998
f 1197//999 1305//1088 1198//1000
f 1096//914 1196//998 1201//1003
f 1202//1004 1197//999 1097//915
f 1096//914 1201//1003 1001//835
f 1002//836 1202//1004 1097//915
f 1199//1001 1099//917 1307//1089
f 1308//1090 1100//918 1200//1002
f 1003//837 1201//1003 1203//1005
f 1204//1006 1202//1004 1004//838
f 1005//839 1203//1005 1205//1007
f 1206//1008 1204//1006 1006//840
f 1007//841 1205//1007 1207//1009
f 1208//1010 1206//1008 1008//842
f 1009//843 1207//1009 1209//1011
f 1210//1012 1208//1010 1010//844
f 1209//1011 1309//1091 1101//919
f 1102//920 1310//1092 1210//1012
f 1103//921 1211//1013 1311//1093
f 1312//1094 1212//1014 1104//922
f 1011//845 1213//1015 1211//1013
f 1212//1014 1214//1016 1012//846
f 1105//923 1103//921 1313//1095
f 1314//1096 1104//922 1106//924
f 1013//847 1215//1017 1213//1015
f 1214//1016 1216//1018 1014//848
f 1107//925 1105//923 1315//1097
f 1316//1098 1106//924 1108//926
f 1015//849 1217//1019 1215//1017
f 1216//1018 1218//1020 1016//850
f 1109//927 1107//925 1317//1099
f 1318//1100 1108//926 1110//928
f 1219//1021 1217//1019 1017//851
f 1018//852 1218//1020 1220//1022
f 1111//929 1109//927 1319//1101
f 1320//1102 1110//928 1112//930
f 1221//1023 1219//1021 1019//853
f 1020//854 1220//1022 1222//1024
f 1113//931 1111//929 1321//1103
f 1322//1104 1112//930 1114//932
f 1223//1025 1221//1023 1021//855
f 1022//856 1222//1024 1224//1026
f 1115//933 1113//931 1323//1105
f 1324//1106 1114//932 1116//934
f 1225//1027 1223//1025 1023//857
f 1024//858 1224//1026 1226//1028
f 1117//935 1115//933 1325//1107
f 1326//1108 1116//934 1118//936
f 1227//1029 1225//1027 1025//859
f 1026//860 1226//1028 1228//1030
f 1119//937 1117//935 1327//1109
f 1328//1110 1118//936 1120//938
f 1229//1031 1227//1029 1027//861
f 1028//862 1228//1030 1230//1032
f 1119//937 1329//1111 1121//939
f 1122//940 1330//1112 1120//938
f 1231//1033 1229//1031 1029//863
f 1030//864 1230//1032 1232//1034
f 1121//939 1331//1113 1123//941
f 1124//942 1332//1114 1122//940
f 1233//1035 1231//1033 1031//865
f 1032//866 1232//1034 1234//1036
f 1123//941 1333//1115 1125//943
f 1126//944 1334//1116 1124//942
f 1309//1091 1233//1035 1101//919
f 1102//920 1234//1036 1310//1092
f 1125//943 1335//1117 1235//1037
f 1236//1038 1336//1118 1126//944
f 1033//867 1235//1037 1237//1039
f 1238//1040 1236//1038 1034//868
f 1035//869 1237//1039 1239//1041
f 1240//1042 1238//1040 1036//870
f 1037//871 1239//1041 1241//1043
f 1242//1044 1240//1042 1038//872
f 1243//1045 1039//873 1241//1043
f 1242//1044 1040//874 1244//1046
f 1245//1047 1041//875 1243//1045
f 1244//1046 1042//876 1246//1048
f 1247//1049 1043//877 1245//1047
f 1246//1048 1044//878 1248//1050
f 1249//1051 1045//879 1247//1049
f 1248//1050 1046//880 1250//1052
f 1251//1053 1047//881 1249//1051
f 1250//1052 1048//882 1252//1054
f 1253//1055 1049//883 1251//1053
f 1252//1054 1050//884 1254//1056
f 1255//1057 1051//885 1253//1055
f 1254//1056 1052//886 1256//1058
f 1257//1059 1053//887 1255//1057
f 1256//1058 1054//888 1258//1060
f 1307//1089 1099//917 1257//1059
f 1258//1060 1100//918 1308//1090
f 1337//1119 1127//945 1161//971
f 1162//972 1128//946 1338//1120
f 1339//1121 1129//947 1127//945
f 1128//946 1130//948 1340//1122
f 1341//1123 1131//949 1129//947
f 1130//948 1132//950 1342//1124
f 1343//1125 1133//951 1131//949
f 1132//950 1134//952 1344//1126
f 1345//1127 1135//953 1133//951
f 1134//952 1136//954 1346//1128
f 1347//1129 1137//955 1135//953
f 1136//954 1138//956 1348//1130
f 1349//1131 1165//975 1137//955
f 1138//956 1166//976 1350//1132
f 1351//361 1352//361 1353//361
f 1352//361 1351//361 1354//361
f 1355//362 1356//362 1357//362
f 1358//362 1357//362 1356//362
f 1359//1133 1268//1062 1360//1134
f 1361//1135 1269//1063 1362//1136
f 1272//1000 1363//1137 1364//916
f 1365//913 1366//1138 1273//997
f 1267//1061 1268//1062 1359//1133
f 1362//1136 1269//1063 1270//1064
f 1271//1065 1363//1137 1272//1000
f 1273//997 1366//1138 1274//1066
f 1267//1061 1367//1139 1148//958
f 1149//959 1368//1140 1270//1064
f 1271//1065 1152//962 1369//1141
f 1370//1142 1153//963 1274//1066
f 1148//958 1367//1139 1275//1067
f 1276//1068 1368//1140 1149//959
f 1152//962 1277//1069 1369//1141
f 1370//1142 1278//1070 1153//963
f 1275//1067 1371//1143 1155//965
f 1156//966 1372//1144 1276//1068
f 1155//965 1373//1145 1279//1071
f 1280//1072 1374//1146 1156//966
f 1279//1071 1375//1147 1157//967
f 1158//968 1376//1148 1280//1072
f 1157//967 1375//1147 1281//1073
f 1282//1074 1376//1148 1158//968
f 1377//1149 1159//969 1281//1073
f 1282//1074 1160//970 1378//1150
f 1283//1075 1159//969 1377//1149
f 1378//1150 1160//970 1284//1076
f 1379//1151 1161//971 1283//1075
f 1284//1076 1162//972 1380//1152
f 1277//1069 1163//973 1381//1153
f 1382//1154 1164//974 1278//1070
f 1163//973 1167//977 1381//1153
f 1382//1154 1168//978 1164//974
f 1383//1155 1169//979 1165//975
f 1166//976 1170//980 1384//1156
f 1167//977 1173//983 1385//1157
f 1386//1158 1174//984 1168//978
f 1387//1159 1171//981 1169//979
f 1170//980 1172//982 1388//1160
f 1389//1161 1175//985 1171//981
f 1172//982 1176//986 1390//1162
f 1173//983 1199//1001 1391//1163
f 1392//1164 1200//1002 1174//984
f 1393//1165 1285//1077 1175//985
f 1176//986 1286//1078 1394//1166
f 1285//1077 1395//1167 1177//987
f 1178//988 1396//1168 1286//1078
f 1395//1167 1287//1079 1177//987
f 1178//988 1288//1080 1396//1168
f 1179//989 1287//1079 1397//1169
f 1398//1170 1288//1080 1180//990
f 1179//989 1399//1171 1181//991
f 1182//992 1400//1172 1180//990
f 1181//991 1399//1171 1289//1081
f 1290//1082 1400//1172 1182//992
f 1183//993 1289//1081 1401//1173
f 1402//1174 1290//1082 1184//994
f 1183//993 1401//1173 1291//1083
f 1292//1084 1402//1174 1184//994
f 1293//1085 1291//1083 1403//1175
f 1404//1176 1292//1084 1294//1086
f 1405//1177 1293//1085 1403//1175
f 1404//1176 1294//1086 1406//1178
f 1407//361 1408//361 1409//361
f 1408//361 1407//361 1410//361
f 1411//362 1412//362 1413//362
f 1414//362 1413//362 1412//362
f 1415//896 1416//1179 1303//964
f 1306//961 1417//1180 1418//893
f 1303//964 1416//1179 1304//1087
f 1305//1088 1417//1180 1306//961
f 1196//998 1304//1087 1419//1181
f 1420//1182 1305//1088 1197//999
f 1196//998 1419//1181 1201//1003
f 1202//1004 1420//1182 1197//999
f 1199//1001 1307//1089 1421//1183
f 1422//1184 1308//1090 1200//1002
f 1201//1003 1419//1181 1203//1005
f 1204//1006 1420//1182 1202//1004
f 1205//1007 1203//1005 1423//1185
f 1424//1186 1204//1006 1206//1008
f 1207//1009 1205//1007 1425//1187
f 1426//1188 1206//1008 1208//1010
f 1209//1011 1207//1009 1427//1189
f 1428//1190 1208//1010 1210//1012
f 1429//1191 1309//1091 1209//1011
f 1210//1012 1310//1092 1430//1192
f 1211//1013 1431//1193 1311//1093
f 1312//1094 1432//1194 1212//1014
f 1103//921 1311//1093 1313//1095
f 1314//1096 1312//1094 1104//922
f 1213//1015 1433//1195 1211//1013
f 1212//1014 1434//1196 1214//1016
f 1105//923 1313//1095 1315//1097
f 1316//1098 1314//1096 1106//924
f 1215//1017 1435//1197 1213//1015
f 1214//1016 1436//1198 1216//1018
f 1107//925 1315//1097 1317//1099
f 1318//1100 1316//1098 1108//926
f 1217//1019 1437//1199 1215//1017
f 1216//1018 1438//1200 1218//1020
f 1109//927 1317//1099 1319//1101
f 1320//1102 1318//1100 1110//928
f 1219//1021 1439//1201 1217//1019
f 1218//1020 1440//1202 1220//1022
f 1111//929 1319//1101 1321//1103
f 1322//1104 1320//1102 1112//930
f 1221//1023 1441//1203 1219//1021
f 1220//1022 1442//1204 1222//1024
f 1113//931 1321//1103 1323//1105
f 1324//1106 1322//1104 1114//932
f 1223//1025 1443//1205 1221//1023
f 1222//1024 1444//1206 1224//1026
f 1115//933 1323//1105 1325//1107
f 1326//1108 1324//1106 1116//934
f 1225//1027 1445//1207 1223//1025
f 1224//1026 1446//1208 1226//1028
f 1117//935 1325//1107 1327//1109
f 1328//1110 1326//1108 1118//936
f 1227//1029 1447//1209 1225//1027
f 1226//1028 1448//1210 1228//1030
f 1119//937 1327//1109 1329//1111
f 1330//1112 1328//1110 1120//938
f 1229//1031 1449//1211 1227//1029
f 1228//1030 1450//1212 1230//1032
f 1121//939 1329//1111 1331//1113
f 1332//1114 1330//1112 1122//940
f 1231//1033 1451//1213 1229//1031
f 1230//1032 1452//1214 1232//1034
f 1123//941 1331//1113 1333//1115
f 1334//1116 1332//1114 1124//942
f 1233//1035 1453//1215 1231//1033
f 1232//1034 1454//1216 1234//1036
f 1125//943 1333//1115 1335//1117
f 1336//1118 1334//1116 1126//944
f 1309//1091 1455//1217 1233//1035
f 1234//1036 1456//1218 1310//1092
f 1235//1037 1335//1117 1457//1219
f 1458//1220 1336//1118 1236//1038
f 1237//1039 1235//1037 1459//1221
f 1460//1222 1236//1038 1238//1040
f 1239//1041 1237//1039 1461//1223
f 1462//1224 1238//1040 1240//1042
f 1239//1041 1463//1225 1241//1043
f 1242//1044 1464//1226 1240//1042
f 1243//1045 1241//1043 1465//1227
f 1466//1228 1242//1044 1244//1046
f 1245//1047 1243//1045 1467//1229
f 1468//1230 1244//1046 1246//1048
f 1247//1049 1245//1047 1469//1231
f 1470//1232 1246//1048 1248//1050
f 1249//1051 1247//1049 1471//1233
f 1472//1234 1248//1050 1250//1052
f 1251//1053 1249//1051 1473//1235
f 1474//1236 1250//1052 1252//1054
f 1253//1055 1251//1053 1475//1237
f 1476//1238 1252//1054 1254//1056
f 1255//1057 1253//1055 1477//1239
f 1478//1240 1254//1056 1256//1058
f 1257//1059 1255//1057 1479//1241
f 1480//1242 1256//1058 1258//1060
f 1307//1089 1257//1059 1481//1243
f 1482//1244 1258//1060 1308//1090
f 1337//1119 1161//971 1379//1151
f 1380//1152 1162//972 1338//1120
f 1339//1121 1127//945 1337//1119
f 1338//1120 1128//946 1340//1122
f 1341//1123 1129//947 1339//1121
f 1340//1122 1130//948 1342//1124
f 1343//1125 1131//949 1341//1123
f 1342//1124 1132//950 1344//1126
f 1345//1127 1133//951 1343//1125
f 1344//1126 1134//952 1346//1128
f 1347//1129 1135//953 1345//1127
f 1346//1128 1136//954 1348//1130
f 1349//1131 1137//955 1347//1129
f 1348//1130 1138//956 1350//1132
f 1383//1155 1165//975 1349//1131
f 1350//1132 1166//976 1384//1156
f 1483//361 1484//361 1485//361
f 1484//361 1483//361 1486//361
f 1487//362 1488//362 1489//362
f 1490//362 1489//362 1488//362
f 1491//1245 1360//1134 1492//1246
f 1493//1247 1361//1135 1494//1248
f 1364//916 1495//1249 1496//832
f 1497//829 1498//1250 1365//913
f 1359//1133 1360//1134 1491//1245
f 1494//1248 1361//1135 1362//1136
f 1363//1137 1495//1249 1364//916
f 1365//913 1498//1250 1366//1138
f 1499//1251 1267//1061 1359//1133
f 1362//1136 1270//1064 1500//1252
f 1501//1253 1363//1137 1271//1065
f 1274//1066 1366//1138 1502//1254
f 1267//1061 1499//1251 1367//1139
f 1368//1140 1500//1252 1270//1064
f 1271//1065 1369//1141 1501//1253
f 1502//1254 1370//1142 1274//1066
f 1275//1067 1367//1139 1503//1255
f 1504//1256 1368//1140 1276//1068
f 1369//1141 1277//1069 1381//1153
f 1382//1154 1278//1070 1370//1142
f 1275//1067 1503//1255 1371//1143
f 1372//1144 1504//1256 1276//1068
f 1155//965 1371//1143 1373//1145
f 1374//1146 1372//1144 1156//966
f 1279//1071 1373//1145 1505//1257
f 1506//1258 1374//1146 1280//1072
f 1279//1071 1505//1257 1375//1147
f 1376//1148 1506//1258 1280//1072
f 1281//1073 1375//1147 1507//1259
f 1508//1260 1376//1148 1282//1074
f 1377//1149 1281//1073 1507//1259
f 1508//1260 1282//1074 1378//1150
f 1509//1261 1283//1075 1377//1149
f 1378//1150 1284//1076 1510//1262
f 1379//1151 1283//1075 1509//1261
f 1510//1262 1284//1076 1380//1152
f 1381//1153 1167//977 1385//1157
f 1386//1158 1168//978 1382//1154
f 1387//1159 1169//979 1383//1155
f 1384//1156 1170//980 1388//1160
f 1385//1157 1173//983 1391//1163
f 1392//1164 1174//984 1386//1158
f 1387//1159 1389//1161 1171//981
f 1172//982 1390//1162 1388//1160
f 1389//1161 1393//1165 1175//985
f 1176//986 1394//1166 1390//1162
f 1391//1163 1199//1001 1421//1183
f 1422//1184 1200//1002 1392//1164
f 1393//1165 1511//1263 1285//1077
f 1286//1078 1512//1264 1394//1166
f 1511//1263 1395//1167 1285//1077
f 1286//1078 1396//1168 1512//1264
f 1395//1167 1513//1265 1287//1079
f 1288//1080 1514//1266 1396//1168
f 1513//1265 1397//1169 1287//1079
f 1288//1080 1398//1170 1514//1266
f 1179//989 1397//1169 1399//1171
f 1400//1172 1398//1170 1180//990
f 1399//1171 1515//1267 1289//1081
f 1290//1082 1516//1268 1400//1172
f 1289//1081 1515//1267 1401//1173
f 1402//1174 1516//1268 1290//1082
f 1291//1083 1401//1173 1517//1269
f 1518//1270 1402//1174 1292//1084
f 1403//1175 1291//1083 1517//1269
f 1518//1270 1292//1084 1404//1176
f 1405//1177 1403//1175 1519//1271
f 1520//1272 1404//1176 1406//1178
f 1521//1273 1405//1177 1519//1271
f 1520//1272 1406//1178 1522//1274
f 1523//361 1524//361 1525//361
f 1524//361 1523//361 1526//361
f 1527//362 1528//362 1529//362
f 1530//362 1529//362 1528//362
f 1531//798 1532//1275 1415//896
f 1418//893 1533//1276 1534//795
f 1415//896 1532//1275 1416//1179
f 1417//1180 1533//1276 1418//893
f 1416//1179 1535//1277 1304//1087
f 1305//1088 1536//1278 1417//1180
f 1304//1087 1535//1277 1419//1181
f 1420//1182 1536//1278 1305//1088
f 1307//1089 1537//1279 1421//1183
f 1422//1184 1538//1280 1308//1090
f 1203//1005 1419//1181 1423//1185
f 1424//1186 1420//1182 1204//1006
f 1205//1007 1423//1185 1425//1187
f 1426//1188 1424//1186 1206//1008
f 1207//1009 1425//1187 1427//1189
f 1428//1190 1426//1188 1208//1010
f 1209//1011 1427//1189 1429//1191
f 1430//1192 1428//1190 1210//1012
f 1429//1191 1539//1281 1309//1091
f 1310//1092 1540//1282 1430//1192
f 1311//1093 1431//1193 1541//1283
f 1542//1284 1432//1194 1312//1094
f 1211//1013 1433//1195 1431//1193
f 1432//1194 1434//1196 1212//1014
f 1313//1095 1311//1093 1541//1283
f 1542//1284 1312//1094 1314//1096
f 1213//1015 1435//1197 1433//1195
f 1434//1196 1436//1198 1214//1016
f 1315//1097 1313//1095 1543//1285
f 1544//1286 1314//1096 1316//1098
f 1215//1017 1437//1199 1435//1197
f 1436//1198 1438//1200 1216//1018
f 1317//1099 1315//1097 1543//1285
f 1544//1286 1316//1098 1318//1100
f 1217//1019 1439//1201 1437//1199
f 1438//1200 1440//1202 1218//1020
f 1319//1101 1317//1099 1545//1287
f 1546//1288 1318//1100 1320//1102
f 1441//1203 1439//1201 1219//1021
f 1220//1022 1440//1202 1442//1204
f 1321//1103 1319//1101 1545//1287
f 1546//1288 1320//1102 1322//1104
f 1443//1205 1441//1203 1221//1023
f 1222//1024 1442//1204 1444//1206
f 1323//1105 1321//1103 1547//1289
f 1548//1290 1322//1104 1324//1106
f 1445//1207 1443//1205 1223//1025
f 1224//1026 1444//1206 1446//1208
f 1325//1107 1323//1105 1547//1289
f 1548//1290 1324//1106 1326//1108
f 1447//1209 1445//1207 1225//1027
f 1226//1028 1446//1208 1448//1210
f 1327//1109 1325//1107 1549//1291
f 1550//1292 1326//1108 1328//1110
f 1449//1211 1447//1209 1227//1029
f 1228//1030 1448//1210 1450//1212
f 1327//1109 1549//1291 1329//1111
f 1330//1112 1550//1292 1328//1110
f 1451//1213 1449//1211 1229//1031
f 1230//1032 1450//1212 1452//1214
f 1331//1113 1329//1111 1551//1293
f 1552//1294 1330//1112 1332//1114
f 1453//1215 1451//1213 1231//1033
f 1232//1034 1452//1214 1454//1216
f 1331//1113 1551//1293 1333//1115
f 1334//1116 1552//1294 1332//1114
f 1455//1217 1453//1215 1233//1035
f 1234//1036 1454//1216 1456//1218
f 1333//1115 1553//1295 1335//1117
f 1336//1118 1554//1296 1334//1116
f 1539//1281 1455//1217 1309//1091
f 1310//1092 1456//1218 1540//1282
f 1335//1117 1553//1295 1457//1219
f 1458//1220 1554//1296 1336//1118
f 1235//1037 1457//1219 1459//1221
f 1460//1222 1458//1220 1236//1038
f 1237//1039 1459//1221 1461//1223
f 1462//1224 1460//1222 1238//1040
f 1239//1041 1461//1223 1463//1225
f 1464//1226 1462//1224 1240//1042
f 1241//1043 1463//1225 1465//1227
f 1466//1228 1464//1226 1242//1044
f 1467//1229 1243//1045 1465//1227
f 1466//1228 1244//1046 1468//1230
f 1469//1231 1245//1047 1467//1229
f 1468//1230 1246//1048 1470//1232
f 1471//1233 1247//1049 1469//1231
f 1470//1232 1248//1050 1472//1234
f 1473//1235 1249//1051 1471//1233
f 1472//1234 1250//1052 1474//1236
f 1475//1237 1251//1053 1473//1235
f 1474//1236 1252//1054 1476//1238
f 1477//1239 1253//1055 1475//1237
f 1476//1238 1254//1056 1478//1240
f 1479//1241 1255//1057 1477//1239
f 1478//1240 1256//1058 1480//1242
f 1481//1243 1257//1059 1479//1241
f 1480//1242 1258//1060 1482//1244
f 1537//1279 1307//1089 1481//1243
f 1482//1244 1308//1090 1538//1280
f 1379//1151 1555//1297 1337//1119
f 1338//1120 1556//1298 1380//1152
f 1557//1299 1339//1121 1337//1119
f 1338//1120 1340//1122 1558//1300
f 1559//1301 1341//1123 1339//1121
f 1340//1122 1342//1124 1560//1302
f 1561//1303 1343//1125 1341//1123
f 1342//1124 1344//1126 1562//1304
f 1563//1305 1345//1127 1343//1125
f 1344//1126 1346//1128 1564//1306
f 1345//1127 1565//1307 1347//1129
f 1348//1130 1566//1308 1346//1128
f 1347//1129 1567//1309 1349//1131
f 1350//1132 1568//1310 1348//1130
f 1349//1131 1569//1311 1383//1155
f 1384//1156 1570//1312 1350//1132
f 1571//361 1572//361 1573//361
f 1572//361 1571//361 1574//361
f 1575//362 1576//362 1577//362
f 1578//362 1577//362 1576//362
f 1579//1313 1492//1246 1580//1314
f 1581//1315 1493//1247 1582//1316
f 1583//1317 1584//752 1496//832
f 1497//829 1585//749 1586//1318
f 1491//1245 1492//1246 1579//1313
f 1582//1316 1493//1247 1494//1248
f 1495//1249 1583//1317 1496//832
f 1497//829 1586//1318 1498//1250
f 1587//1319 1359//1133 1491//1245
f 1494//1248 1362//1136 1588//1320
f 1589//1321 1495//1249 1363//1137
f 1366//1138 1498//1250 1590//1322
f 1499//1251 1359//1133 1587//1319
f 1588//1320 1362//1136 1500//1252
f 1501//1253 1589//1321 1363//1137
f 1366//1138 1590//1322 1502//1254
f 1499//1251 1591//1323 1367//1139
f 1368//1140 1592//1324 1500//1252
f 1501//1253 1369//1141 1593//1325
f 1594//1326 1370//1142 1502//1254
f 1367//1139 1591//1323 1503//1255
f 1504//1256 1592//1324 1368//1140
f 1369//1141 1381//1153 1593//1325
f 1594//1326 1382//1154 1370//1142
f 1371//1143 1503//1255 1595//1327
f 1596//1328 1504//1256 1372//1144
f 1371//1143 1597//1329 1373//1145
f 1374//1146 1598//1330 1372//1144
f 1373//1145 1597//1329 1505//1257
f 1506//1258 1598//1330 1374//1146
f 1375//1147 1505//1257 1599//1331
f 1600//1332 1506//1258 1376//1148
f 1507//1259 1375//1147 1599//1331
f 1600//1332 1376//1148 1508//1260
f 1601//1333 1377//1149 1507//1259
f 1508//1260 1378//1150 1602//1334
f 1509//1261 1377//1149 1601//1333
f 1602//1334 1378//1150 1510//1262
f 1509//1261 1603//1335 1379//1151
f 1380//1152 1604//1336 1510//1262
f 1381//1153 1385//1157 1593//1325
f 1594//1326 1386//1158 1382//1154
f 1383//1155 1605//1337 1387//1159
f 1388//1160 1606//1338 1384//1156
f 1385//1157 1391//1163 1607//1339
f 1608//1340 1392//1164 1386//1158
f 1387//1159 1609//1341 1389//1161
f 1390//1162 1610//1342 1388//1160
f 1389//1161 1611//1343 1393//1165
f 1394//1166 1612//1344 1390//1162
f 1391//1163 1421//1183 1613//1345
f 1614//1346 1422//1184 1392//1164
f 1393//1165 1615//1347 1511//1263
f 1512//1264 1616//1348 1394//1166
f 1511//1263 1617//1349 1395//1167
f 1396//1168 1618//1350 1512//1264
f 1617//1349 1513//1265 1395//1167
f 1396//1168 1514//1266 1618//1350
f 1513//1265 1619//1351 1397//1169
f 1398//1170 1620//1352 1514//1266
f 1397//1169 1621//1353 1399//1171
f 1400//1172 1622//1354 1398//1170
f 1621//1353 1515//1267 1399//1171
f 1400//1172 1516//1268 1622//1354
f 1515//1267 1623//1355 1401//1173
f 1402//1174 1624//1356 1516//1268
f 1517//1269 1401//1173 1623//1355
f 1624//1356 1402//1174 1518//1270
f 1403//1175 1517//1269 1625//1357
f 1626//1358 1518//1270 1404//1176
f 1519//1271 1403//1175 1625//1357
f 1626//1358 1404//1176 1520//1272
f 1521//1273 1519//1271 1627//1359
f 1628//1360 1520//1272 1522//1274
f 1629//1361 1521//1273 1627//1359
f 1628//1360 1522//1274 1630//1362
f 1631//361 1632//361 1633//361
f 1632//361 1631//361 1634//361
f 1635//362 1636//362 1637//362
f 1638//362 1637//362 1636//362
f 1639//734 1640//1363 1531//798
f 1534//795 1641//1364 1642//733
f 1531//798 1640//1363 1532//1275
f 1533//1276 1641//1364 1534//795
f 1532//1275 1643//1365 1416//1179
f 1417//1180 1644//1366 1533//1276
f 1416//1179 1643//1365 1535//1277
f 1536//1278 1644//1366 1417//1180
f 1535//1277 1423//1185 1419//1181
f 1420//1182 1424//1186 1536//1278
f 1421//1183 1537//1279 1645//1367
f 1646//1368 1538//1280 1422//1184
f 1425//1187 1423//1185 1647//1369
f 1648//1370 1424//1186 1426//1188
f 1427//1189 1425//1187 1649//1371
f 1650//1372 1426//1188 1428//1190
f 1429//1191 1427//1189 1651//1373
f 1652//1374 1428//1190 1430//1192
f 1653//1375 1539//1281 1429//1191
f 1430//1192 1540//1282 1654//1376
f 1431//1193 1655//1377 1541//1283
f 1542//1284 1656//1378 1432//1194
f 1433//1195 1657//1379 1431//1193
f 1432//1194 1658//1380 1434//1196
f 1313//1095 1541//1283 1659//1381
f 1660//1382 1542//1284 1314//1096
f 1435//1197 1661//1383 1433//1195
f 1434//1196 1662//1384 1436//1198
f 1313//1095 1659//1381 1543//1285
f 1544//1286 1660//1382 1314//1096
f 1437//1199 1663//1385 1435//1197
f 1436//1198 1664//1386 1438//1200
f 1317//1099 1543//1285 1665//1387
f 1666//1388 1544//1286 1318//1100
f 1439//1201 1667//1389 1437//1199
f 1438//1200 1668//1390 1440//1202
f 1317//1099 1665//1387 1545//1287
f 1546//1288 1666//1388 1318//1100
f 1441//1203 1669//1391 1439//1201
f 1440//1202 1670//1392 1442//1204
f 1321//1103 1545//1287 1671//1393
f 1672//1394 1546//1288 1322//1104
f 1443//1205 1673//1395 1441//1203
f 1442//1204 1674//1396 1444//1206
f 1321//1103 1671//1393 1547//1289
f 1548//1290 1672//1394 1322//1104
f 1445//1207 1675//1397 1443//1205
f 1444//1206 1676//1398 1446//1208
f 1325//1107 1547//1289 1677//1399
f 1678//1400 1548//1290 1326//1108
f 1447//1209 1679//1401 1445//1207
f 1446//1208 1680//1402 1448//1210
f 1325//1107 1677//1399 1549//1291
f 1550//1292 1678//1400 1326//1108
f 1449//1211 1681//1403 1447//1209
f 1448//1210 1682//1404 1450//1212
f 1329//1111 1549//1291 1683//1405
f 1684//1406 1550//1292 1330//1112
f 1451//1213 1685//1407 1449//1211
f 1450//1212 1686//1408 1452//1214
f 1329//1111 1683//1405 1551//1293
f 1552//1294 1684//1406 1330//1112
f 1453//1215 1687//1409 1451//1213
f 1452//1214 1688//1410 1454//1216
f 1333//1115 1551//1293 1689//1411
f 1690//1412 1552//1294 1334//1116
f 1455//1217 1691//1413 1453//1215
f 1454//1216 1692//1414 1456//1218
f 1333//1115 1689//1411 1553//1295
f 1554//1296 1690//1412 1334//1116
f 1539//1281 1693//1415 1455//1217
f 1456//1218 1694//1416 1540//1282
f 1457//1219 1553//1295 1695//1417
f 1696//1418 1554//1296 1458//1220
f 1459//1221 1457//1219 1697//1419
f 1698//1420 1458//1220 1460//1222
f 1461//1223 1459//1221 1699//1421
f 1700//1422 1460//1222 1462//1224
f 1463//1225 1461//1223 1701//1423
f 1702//1424 1462//1224 1464//1226
f 1463//1225 1703//1425 1465//1227
f 1466//1228 1704//1426 1464//1226
f 1467//1229 1465//1227 1705//1427
f 1706//1428 1466//1228 1468//1230
f 1469//1231 1467//1229 1707//1429
f 1708//1430 1468//1230 1470//1232
f 1471//1233 1469//1231 1709//1431
f 1710//1432 1470//1232 1472//1234
f 1473//1235 1471//1233 1711//1433
f 1712//1434 1472//1234 1474//1236
f 1475//1237 1473//1235 1713//1435
f 1714//1436 1474//1236 1476//1238
f 1477//1239 1475//1237 1715//1437
f 1716//1438 1476//1238 1478//1240
f 1479//1241 1477//1239 1717//1439
f 1718//1440 1478//1240 1480//1242
f 1481//1243 1479//1241 1719//1441
f 1720//1442 1480//1242 1482//1244
f 1537//1279 1481//1243 1721//1443
f 1722//1444 1482//1244 1538//1280
f 1379//1151 1603//1335 1555//1297
f 1556//1298 1604//1336 1380//1152
f 1557//1299 1337//1119 1555//1297
f 1556//1298 1338//1120 1558//1300
f 1559//1301 1339//1121 1557//1299
f 1558//1300 1340//1122 1560//1302
f 1561//1303 1341//1123 1559//1301
f 1560//1302 1342//1124 1562//1304
f 1563//1305 1343//1125 1561//1303
f 1562//1304 1344//1126 1564//1306
f 1563//1305 1565//1307 1345//1127
f 1346//1128 1566//1308 1564//1306
f 1565//1307 1567//1309 1347//1129
f 1348//1130 1568//1310 1566//1308
f 1567//1309 1569//1311 1349//1131
f 1350//1132 1570//1312 1568//1310
f 1569//1311 1605//1337 1383//1155
f 1384//1156 1606//1338 1570//1312
f 1723//361 1724//361 1725//361
f 1724//361 1723//361 1726//361
f 1727//362 1728//362 1729//362
f 1730//362 1729//362 1728//362
f 1731//1445 1580//1314 1732//1446
f 1733//1447 1581//1315 1734//1448
f 1735//1449 1736//678 1584//752
f 1585//749 1737//677 1738//1450
f 1579//1313 1580//1314 1731//1445
f 1734//1448 1581//1315 1582//1316
f 1583//1317 1735//1449 1584//752
f 1585//749 1738//1450 1586//1318
f 1739//1451 1491//1245 1579//1313
f 1582//1316 1494//1248 1740//1452
f 1741//1453 1583//1317 1495//1249
f 1498//1250 1586//1318 1742//1454
f 1587//1319 1491//1245 1739//1451
f 1740//1452 1494//1248 1588//1320
f 1589//1321 1741//1453 1495//1249
f 1498//1250 1742//1454 1590//1322
f 1499//1251 1587//1319 1743//1455
f 1744//1456 1588//1320 1500//1252
f 1501//1253 1745//1457 1589//1321
f 1590//1322 1746//1458 1502//1254
f 1591//1323 1499//1251 1743//1455
f 1744//1456 1500//1252 1592//1324
f 1593//1325 1745//1457 1501//1253
f 1502//1254 1746//1458 1594//1326
f 1503//1255 1591//1323 1747//1459
f 1748//1460 1592//1324 1504//1256
f 1503//1255 1747//1459 1595//1327
f 1596//1328 1748//1460 1504//1256
f 1371//1143 1595//1327 1597//1329
f 1598//1330 1596//1328 1372//1144
f 1505//1257 1597//1329 1749//1461
f 1750//1462 1598//1330 1506//1258
f 1599//1331 1505//1257 1749//1461
f 1750//1462 1506//1258 1600//1332
f 1507//1259 1599//1331 1751//1463
f 1752//1464 1600//1332 1508//1260
f 1601//1333 1507//1259 1751//1463
f 1752//1464 1508//1260 1602//1334
f 1601//1333 1753//1465 1509//1261
f 1510//1262 1754//1466 1602//1334
f 1509//1261 1753//1465 1603//1335
f 1604//1336 1754//1466 1510//1262
f 1593//1325 1385//1157 1607//1339
f 1608//1340 1386//1158 1594//1326
f 1605//1337 1609//1341 1387//1159
f 1388//1160 1610//1342 1606//1338
f 1607//1339 1391//1163 1613//1345
f 1614//1346 1392//1164 1608//1340
f 1389//1161 1609//1341 1611//1343
f 1612//1344 1610//1342 1390//1162
f 1393//1165 1611//1343 1615//1347
f 1616//1348 1612//1344 1394//1166
f 1613//1345 1421//1183 1645//1367
f 1646//1368 1422//1184 1614//1346
f 1511//1263 1615//1347 1755//1467
f 1756//1468 1616//1348 1512//1264
f 1511//1263 1755//1467 1617//1349
f 1618//1350 1756//1468 1512//1264
f 1617//1349 1757//1469 1513//1265
f 1514//1266 1758//1470 1618//1350
f 1757//1469 1619//1351 1513//1265
f 1514//1266 1620//1352 1758//1470
f 1619//1351 1621//1353 1397//1169
f 1398//1170 1622//1354 1620//1352
f 1621//1353 1759//1471 1515//1267
f 1516//1268 1760//1472 1622//1354
f 1759//1471 1623//1355 1515//1267
f 1516//1268 1624//1356 1760//1472
f 1517//1269 1623//1355 1761//1473
f 1762//1474 1624//1356 1518//1270
f 1517//1269 1761//1473 1625//1357
f 1626//1358 1762//1474 1518//1270
f 1519//1271 1625//1357 1763//1475
f 1764//1476 1626//1358 1520//1272
f 1627//1359 1519//1271 1763//1475
f 1764//1476 1520//1272 1628//1360
f 1629//1361 1627//1359 1765//1477
f 1766//1478 1628//1360 1630//1362
f 1767//1479 1629//1361 1765//1477
f 1766//1478 1630//1362 1768//1480
f 1769//361 1770//361 1771//361
f 1770//361 1769//361 1772//361
f 1773//362 1774//362 1775//362
f 1776//362 1775//362 1774//362
f 1777//652 1778//1481 1639//734
f 1642//733 1779//1482 1780//651
f 1639//734 1778//1481 1640//1363
f 1641//1364 1779//1482 1642//733
f 1640//1363 1781//1483 1532//1275
f 1533//1276 1782//1484 1641//1364
f 1532//1275 1781//1483 1643//1365
f 1644//1366 1782//1484 1533//1276
f 1643//1365 1647//1369 1535//1277
f 1536//1278 1648//1370 1644//1366
f 1535//1277 1647//1369 1423//1185
f 1424//1186 1648//1370 1536//1278
f 1537//1279 1783//1485 1645//1367
f 1646//1368 1784//1486 1538//1280
f 1425//1187 1647//1369 1649//1371
f 1650//1372 1648//1370 1426//1188
f 1427//1189 1649//1371 1651//1373
f 1652//1374 1650//1372 1428//1190
f 1429//1191 1651//1373 1653//1375
f 1654//1376 1652//1374 1430//1192
f 1653//1375 1785//1487 1539//1281
f 1540//1282 1786//1488 1654//1376
f 1431//1193 1787//1489 1655//1377
f 1656//1378 1788//1490 1432//1194
f 1541//1283 1655//1377 1789//362
f 1790//361 1656//1378 1542//1284
f 1431//1193 1657//1379 1787//1489
f 1788//1490 1658//1380 1432//1194
f 1433//1195 1661//1383 1657//1379
f 1658//1380 1662//1384 1434//1196
f 1659//1381 1541//1283 1791//362
f 1792//361 1542//1284 1660//1382
f 1435//1197 1663//1385 1661//1383
f 1662//1384 1664//1386 1436//1198
f 1543//1285 1659//1381 1793//362
f 1794//361 1660//1382 1544//1286
f 1437//1199 1667//1389 1663//1385
f 1664//1386 1668//1390 1438//1200
f 1665//1387 1543//1285 1795//362
f 1796//361 1544//1286 1666//1388
f 1439//1201 1669//1391 1667//1389
f 1668//1390 1670//1392 1440//1202
f 1545//1287 1665//1387 1797//362
f 1798//361 1666//1388 1546//1288
f 1673//1395 1669//1391 1441//1203
f 1442//1204 1670//1392 1674//1396
f 1545//1287 1799//362 1671//1393
f 1672//1394 1800//361 1546//1288
f 1675//1397 1673//1395 1443//1205
f 1444//1206 1674//1396 1676//1398
f 1547//1289 1671//1393 1801//362
f 1802//361 1672//1394 1548//1290
f 1679//1401 1675//1397 1445//1207
f 1446//1208 1676//1398 1680//1402
f 1547//1289 1803//362 1677//1399
f 1678//1400 1804//361 1548//1290
f 1681//1403 1679//1401 1447//1209
f 1448//1210 1680//1402 1682//1404
f 1549//1291 1677//1399 1805//362
f 1806//361 1678//1400 1550//1292
f 1685//1407 1681//1403 1449//1211
f 1450//1212 1682//1404 1686//1408
f 1549//1291 1807//362 1683//1405
f 1684//1406 1808//361 1550//1292
f 1687//1409 1685//1407 1451//1213
f 1452//1214 1686//1408 1688//1410
f 1551//1293 1683//1405 1809//362
f 1810//361 1684//1406 1552//1294
f 1691//1413 1687//1409 1453//1215
f 1454//1216 1688//1410 1692//1414
f 1551//1293 1811//362 1689//1411
f 1690//1412 1812//361 1552//1294
f 1693//1415 1691//1413 1455//1217
f 1456//1218 1692//1414 1694//1416
f 1553//1295 1689//1411 1813//362
f 1814//361 1690//1412 1554//1296
f 1785//1487 1693//1415 1539//1281
f 1540//1282 1694//1416 1786//1488
f 1553//1295 1815//362 1695//1417
f 1696//1418 1816//361 1554//1296
f 1457//1219 1695//1417 1817//1491
f 1818//1492 1696//1418 1458//1220
f 1457//1219 1817//1491 1697//1419
f 1698//1420 1818//1492 1458//1220
f 1459//1221 1697//1419 1699//1421
f 1700//1422 1698//1420 1460//1222
f 1461//1223 1699//1421 1701//1423
f 1702//1424 1700//1422 1462//1224
f 1463//1225 1701//1423 1703//1425
f 1704//1426 1702//1424 1464//1226
f 1465//1227 1703//1425 1705//1427
f 1706//1428 1704//1426 1466//1228
f 1707//1429 1467//1229 1705//1427
f 1706//1428 1468//1230 1708//1430
f 1709//1431 1469//1231 1707//1429
f 1708//1430 1470//1232 1710//1432
f 1711//1433 1471//1233 1709//1431
f 1710//1432 1472//1234 1712//1434
f 1713//1435 1473//1235 1711//1433
f 1712//1434 1474//1236 1714//1436
f 1715//1437 1475//1237 1713//1435
f 1714//1436 1476//1238 1716//1438
f 1717//1439 1477//1239 1715//1437
f 1716//1438 1478//1240 1718//1440
f 1719//1441 1479//1241 1717//1439
f 1718//1440 1480//1242 1720//1442
f 1721//1443 1481//1243 1719//1441
f 1720//1442 1482//1244 1722//1444
f 1783//1485 1537//1279 1721//1443
f 1722//1444 1538//1280 1784//1486
f 1603//1335 1819//1493 1555//1297
f 1556//1298 1820//1494 1604//1336
f 1555//1297 1821//1495 1557//1299
f 1558//1300 1822//1496 1556//1298
f 1557//1299 1823//1497 1559//1301
f 1560//1302 1824//1498 1558//1300
f 1559//1301 1825//1499 1561//1303
f 1562//1304 1826//1500 1560//1302
f 1561//1303 1827//1501 1563//1305
f 1564//1306 1828//1502 1562//1304
f 1563//1305 1829//1503 1565//1307
f 1566//1308 1830//1504 1564//1306
f 1565//1307 1831//1505 1567//1309
f 1568//1310 1832//1506 1566//1308
f 1567//1309 1833//1507 1569//1311
f 1570//1312 1834//1508 1568//1310
f 1569//1311 1835//1509 1605//1337
f 1606//1338 1836//1510 1570//1312
f 1837//361 1838//361 1839//361
f 1838//361 1837//361 1840//361
f 1841//362 1842//362 1843//362
f 1844//362 1843//362 1842//362
f 1845//1511 1732//1446 1846//1512
f 1847//1513 1733//1447 1848//1514
f 1736//678 1849//1515 1850//608
f 1851//607 1852//1516 1737//677
f 1731//1445 1732//1446 1845//1511
f 1848//1514 1733//1447 1734//1448
f 1735//1449 1849//1515 1736//678
f 1737//677 1852//1516 1738//1450
f 1853//1517 1579//1313 1731//1445
f 1734//1448 1582//1316 1854//1518
f 1855//1519 1735//1449 1583//1317
f 1586//1318 1738//1450 1856//1520
f 1739//1451 1579//1313 1853//1517
f 1854//1518 1582//1316 1740//1452
f 1741//1453 1855//1519 1583//1317
f 1586//1318 1856//1520 1742//1454
f 1587//1319 1739//1451 1857//1521
f 1858//1522 1740//1452 1588//1320
f 1589//1321 1859//1523 1741//1453
f 1742//1454 1860//1524 1590//1322
f 1743//1455 1587//1319 1857//1521
f 1858//1522 1588//1320 1744//1456
f 1745//1457 1859//1523 1589//1321
f 1590//1322 1860//1524 1746//1458
f 1591//1323 1743//1455 1861//1525
f 1862//1526 1744//1456 1592//1324
f 1593//1325 1607//1339 1745//1457
f 1746//1458 1608//1340 1594//1326
f 1591//1323 1861//1525 1747//1459
f 1748//1460 1862//1526 1592//1324
f 1595//1327 1747//1459 1863//1527
f 1864//1528 1748//1460 1596//1328
f 1597//1329 1595//1327 1865//1529
f 1866//1530 1596//1328 1598//1330
f 1749//1461 1597//1329 1865//1529
f 1866//1530 1598//1330 1750//1462
f 1599//1331 1749//1461 1867//1531
f 1868//1532 1750//1462 1600//1332
f 1751//1463 1599//1331 1867//1531
f 1868//1532 1600//1332 1752//1464
f 1751//1463 1869//1533 1601//1333
f 1602//1334 1870//1534 1752//1464
f 1601//1333 1869//1533 1753//1465
f 1754//1466 1870//1534 1602//1334
f 1753//1465 1871//1535 1603//1335
f 1604//1336 1872//1536 1754//1466
f 1605//1337 1873//1537 1609//1341
f 1610//1342 1874//1538 1606//1338
f 1607//1339 1613//1345 1875//1539
f 1876//1540 1614//1346 1608//1340
f 1609//1341 1877//1541 1611//1343
f 1612//1344 1878//1542 1610//1342
f 1611//1343 1879//1543 1615//1347
f 1616//1348 1880//1544 1612//1344
f 1613//1345 1645//1367 1881//1545
f 1882//1546 1646//1368 1614//1346
f 1615//1347 1883//1547 1755//1467
f 1756//1468 1884//1548 1616//1348
f 1755//1467 1885//1549 1617//1349
f 1618//1350 1886//1550 1756//1468
f 1885//1549 1757//1469 1617//1349
f 1618//1350 1758//1470 1886//1550
f 1757//1469 1887//1551 1619//1351
f 1620//1352 1888//1552 1758//1470
f 1619//1351 1889//1553 1621//1353
f 1622//1354 1890//1554 1620//1352
f 1889//1553 1759//1471 1621//1353
f 1622//1354 1760//1472 1890//1554
f 1759//1471 1891//1555 1623//1355
f 1624//1356 1892//1556 1760//1472
f 1891//1555 1761//1473 1623//1355
f 1624//1356 1762//1474 1892//1556
f 1625//1357 1761//1473 1893//1557
f 1894//1558 1762//1474 1626//1358
f 1625//1357 1893//1557 1763//1475
f 1764//1476 1894//1558 1626//1358
f 1627//1359 1763//1475 1895//1559
f 1896//1560 1764//1476 1628//1360
f 1765//1477 1627//1359 1895//1559
f 1896//1560 1628//1360 1766//1478
f 1767//1479 1765//1477 1897//1561
f 1898//1562 1766//1478 1768//1480
f 1899//1563 1767//1479 1897//1561
f 1898//1562 1768//1480 1900//1564
f 1901//361 1902//361 1903//361
f 1902//361 1901//361 1904//361
f 1905//362 1906//362 1907//362
f 1908//362 1907//362 1906//362
f 1909//528 1910//1565 1777//652
f 1780//651 1911//1566 1912//527
f 1777//652 1910//1565 1778//1481
f 1779//1482 1911//1566 1780//651
f 1778//1481 1913//1567 1640//1363
f 1641//1364 1914//1568 1779//1482
f 1640//1363 1913//1567 1781//1483
f 1782//1484 1914//1568 1641//1364
f 1781//1483 1915//1569 1643//1365
f 1644//1366 1916//1570 1782//1484
f 1643//1365 1915//1569 1647//1369
f 1648//1370 1916//1570 1644//1366
f 1645//1367 1783//1485 1917//1571
f 1918//1572 1784//1486 1646//1368
f 1649//1371 1647//1369 1915//1569
f 1916//1570 1648//1370 1650//1372
f 1651//1373 1649//1371 1919//1573
f 1920//1574 1650//1372 1652//1374
f 1651//1373 1921//1575 1653//1375
f 1654//1376 1922//1576 1652//1374
f 1923//1577 1785//1487 1653//1375
f 1654//1376 1786//1488 1924//1578
f 1655//1377 1787//1489 1925//362
f 1926//361 1788//1490 1656//1378
f 1657//1379 1927//1579 1787//1489
f 1788//1490 1928//1580 1658//1380
f 1661//1383 1927//1579 1657//1379
f 1658//1380 1928//1580 1662//1384
f 1663//1385 1929//1581 1661//1383
f 1662//1384 1930//1582 1664//1386
f 1667//1389 1931//1583 1663//1385
f 1664//1386 1932//1584 1668//1390
f 1669//1391 1933//1585 1667//1389
f 1668//1390 1934//1586 1670//1392
f 1673//1395 1935//1587 1669//1391
f 1670//1392 1936//1588 1674//1396
f 1675//1397 1937//1589 1673//1395
f 1674//1396 1938//1590 1676//1398
f 1679//1401 1939//1591 1675//1397
f 1676//1398 1940//1592 1680//1402
f 1681//1403 1941//1593 1679//1401
f 1680//1402 1942//1594 1682//1404
f 1685//1407 1943//1595 1681//1403
f 1682//1404 1944//1596 1686//1408
f 1687//1409 1945//1597 1685//1407
f 1686//1408 1946//1598 1688//1410
f 1691//1413 1947//1599 1687//1409
f 1688//1410 1948//1600 1692//1414
f 1693//1415 1949//1601 1691//1413
f 1692//1414 1950//1602 1694//1416
f 1785//1487 1951//1603 1693//1415
f 1694//1416 1952//1604 1786//1488
f 1817//1491 1695//1417 1953//362
f 1954//361 1696//1418 1818//1492
f 1697//1419 1817//1491 1955//1605
f 1956//1606 1818//1492 1698//1420
f 1699//1421 1697//1419 1955//1605
f 1956//1606 1698//1420 1700//1422
f 1701//1423 1699//1421 1957//1607
f 1958//1608 1700//1422 1702//1424
f 1701//1423 1959//1609 1703//1425
f 1704//1426 1960//1610 1702//1424
f 1703//1425 1961//1611 1705//1427
f 1706//1428 1962//1612 1704//1426
f 1707//1429 1705//1427 1963//1613
f 1964//1614 1706//1428 1708//1430
f 1709//1431 1707//1429 1965//1615
f 1966//1616 1708//1430 1710//1432
f 1711//1433 1709//1431 1967//1617
f 1968//1618 1710//1432 1712//1434
f 1713//1435 1711//1433 1969//1619
f 1970//1620 1712//1434 1714//1436
f 1715//1437 1713//1435 1971//1621
f 1972//1622 1714//1436 1716//1438
f 1717//1439 1715//1437 1973//1623
f 1974//1624 1716//1438 1718//1440
f 1719//1441 1717//1439 1975//1625
f 1976//1626 1718//1440 1720//1442
f 1721//1443 1719//1441 1977//1627
f 1978//1628 1720//1442 1722//1444
f 1783//1485 1721//1443 1979//1629
f 1980//1630 1722//1444 1784//1486
f 1603//1335 1871//1535 1819//1493
f 1820//1494 1872//1536 1604//1336
f 1555//1297 1819//1493 1821//1495
f 1822//1496 1820//1494 1556//1298
f 1557//1299 1821//1495 1823//1497
f 1824//1498 1822//1496 1558//1300
f 1823//1497 1825//1499 1559//1301
f 1560//1302 1826//1500 1824//1498
f 1825//1499 1827//1501 1561//1303
f 1562//1304 1828//1502 1826//1500
f 1827//1501 1829//1503 1563//1305
f 1564//1306 1830//1504 1828//1502
f 1829//1503 1831//1505 1565//1307
f 1566//1308 1832//1506 1830//1504
f 1831//1505 1833//1507 1567//1309
f 1568//1310 1834//1508 1832//1506
f 1833//1507 1835//1509 1569//1311
f 1570//1312 1836//1510 1834//1508
f 1605//1337 1835//1509 1873//1537
f 1874//1538 1836//1510 1606//1338
f 1981//361 1982//361 1983//361
f 1982//361 1981//361 1984//361
f 1985//362 1986//362 1987//362
f 1988//362 1987//362 1986//362
f 1989//1631 1846//1512 1990//1632
f 1991//1633 1847//1513 1992//1634
f 1993//1635 1994//488 1850//608
f 1851//607 1995//487 1996//1636
f 1845//1511 1846//1512 1989//1631
f 1992//1634 1847//1513 1848//1514
f 1849//1515 1993//1635 1850//608
f 1851//607 1996//1636 1852//1516
f 1997//1637 1731//1445 1845//1511
f 1848//1514 1734//1448 1998//1638
f 1999//1639 1849//1515 1735//1449
f 1738//1450 1852//1516 2000//1640
f 1853//1517 1731//1445 1997//1637
f 1998//1638 1734//1448 1854//1518
f 1855//1519 1999//1639 1735//1449
f 1738//1450 2000//1640 1856//1520
f 1739//1451 1853//1517 2001//1641
f 2002//1642 1854//1518 1740//1452
f 1741//1453 2003//1643 1855//1519
f 1856//1520 2004//1644 1742//1454
f 1857//1521 1739//1451 2001//1641
f 2002//1642 1740//1452 1858//1522
f 1859//1523 2003//1643 1741//1453
f 1742//1454 2004//1644 1860//1524
f 1743//1455 1857//1521 2005//1645
f 2006//1646 1858//1522 1744//1456
f 1745//1457 1875//1539 1859//1523
f 1860//1524 1876//1540 1746//1458
f 1743//1455 2005//1645 1861//1525
f 1862//1526 2006//1646 1744//1456
f 1745//1457 1607//1339 1875//1539
f 1876//1540 1608//1340 1746//1458
f 1747//1459 1861//1525 2007//1647
f 2008//1648 1862//1526 1748//1460
f 1747//1459 2007//1647 1863//1527
f 1864//1528 2008//1648 1748//1460
f 1595//1327 1863//1527 1865//1529
f 1866//1530 1864//1528 1596//1328
f 1749//1461 1865//1529 2009//1649
f 2010//1650 1866//1530 1750//1462
f 1867//1531 1749//1461 2009//1649
f 2010//1650 1750//1462 1868//1532
f 1867//1531 2011//1651 1751//1463
f 1752//1464 2012//1652 1868//1532
f 1751//1463 2011//1651 1869//1533
f 1870//1534 2012//1652 1752//1464
f 1869//1533 2013//1653 1753//1465
f 1754//1466 2014//1654 1870//1534
f 1753//1465 2013//1653 1871//1535
f 1872//1536 2014//1654 1754//1466
f 1609//1341 1873//1537 1877//1541
f 1878//1542 1874//1538 1610//1342
f 1875//1539 1613//1345 1881//1545
f 1882//1546 1614//1346 1876//1540
f 1611//1343 1877//1541 1879//1543
f 1880//1544 1878//1542 1612//1344
f 1615//1347 1879//1543 1883//1547
f 1884//1548 1880//1544 1616//1348
f 1881//1545 1645//1367 1917//1571
f 1918//1572 1646//1368 1882//1546
f 1755//1467 1883//1547 2015//1655
f 2016//1656 1884//1548 1756//1468
f 1755//1467 2015//1655 1885//1549
f 1886//1550 2016//1656 1756//1468
f 1885//1549 2017//1657 1757//1469
f 1758//1470 2018//1658 1886//1550
f 2017//1657 1887//1551 1757//1469
f 1758//1470 1888//1552 2018//1658
f 1887//1551 1889//1553 1619//1351
f 1620//1352 1890//1554 1888//1552
f 1889//1553 2019//1659 1759//1471
f 1760//1472 2020//1660 1890//1554
f 2019//1659 1891//1555 1759//1471
f 1760//1472 1892//1556 2020//1660
f 1891//1555 2021//1661 1761//1473
f 1762//1474 2022//1662 1892//1556
f 2021//1661 1893//1557 1761//1473
f 1762//1474 1894//1558 2022//1662
f 1763//1475 1893//1557 2023//1663
f 2024//1664 1894//1558 1764//1476
f 1895//1559 1763//1475 2025//1665
f 2026//1666 1764//1476 1896//1560
f 1765//1477 1895//1559 2027//1667
f 2028//1668 1896//1560 1766//1478
f 1897//1561 1765//1477 2027//1667
f 2028//1668 1766//1478 1898//1562
f 1899//1563 1897//1561 2029//1669
f 2030//1670 1898//1562 1900//1564
f 2031//1671 1899//1563 2029//1669
f 2030//1670 1900//1564 2032//1672
f 2033//361 2034//361 2035//361
f 2034//361 2033//361 2036//361
f 2037//362 2038//362 2039//362
f 2040//362 2039//362 2038//362
f 2041//476 2042//1673 1909//528
f 1912//527 2043//1674 2044//475
f 1909//528 2042//1673 1910//1565
f 1911//1566 2043//1674 1912//527
f 1910//1565 2045//1675 1778//1481
f 1779//1482 2046//1676 1911//1566
f 1778//1481 2045//1675 1913//1567
f 1914//1568 2046//1676 1779//1482
f 1913//1567 2047//1677 1781//1483
f 1782//1484 2048//1678 1914//1568
f 1781//1483 2049//1679 1915//1569
f 1916//1570 2050//1680 1782//1484
f 1917//1571 1783//1485 2051//1681
f 2052//1682 1784//1486 1918//1572
f 1915//1569 1919//1573 1649//1371
f 1650//1372 1920//1574 1916//1570
f 1651//1373 1919//1573 1921//1575
f 1922//1576 1920//1574 1652//1374
f 1653//1375 1921//1575 1923//1577
f 1924//1578 1922//1576 1654//1376
f 1923//1577 2053//1683 1785//1487
f 1786//1488 2054//1684 1924//1578
f 1787//1489 2055//1685 2056//362
f 2057//361 2058//1686 1788//1490
f 1787//1489 1927//1579 2055//1685
f 2058//1686 1928//1580 1788//1490
f 1661//1383 1929//1581 1927//1579
f 1928//1580 1930//1582 1662//1384
f 1663//1385 1931//1583 1929//1581
f 1930//1582 1932//1584 1664//1386
f 1667//1389 1933//1585 1931//1583
f 1932//1584 1934//1586 1668//1390
f 1669//1391 1935//1587 1933//1585
f 1934//1586 1936//1588 1670//1392
f 1937//1589 1935//1587 1673//1395
f 1674//1396 1936//1588 1938//1590
f 1939//1591 1937//1589 1675//1397
f 1676//1398 1938//1590 1940//1592
f 1941//1593 1939//1591 1679//1401
f 1680//1402 1940//1592 1942//1594
f 1943//1595 1941//1593 1681//1403
f 1682//1404 1942//1594 1944//1596
f 1945//1597 1943//1595 1685//1407
f 1686//1408 1944//1596 1946//1598
f 1947//1599 1945//1597 1687//1409
f 1688//1410 1946//1598 1948//1600
f 1949//1601 1947//1599 1691//1413
f 1692//1414 1948//1600 1950//1602
f 1951//1603 1949//1601 1693//1415
f 1694//1416 1950//1602 1952//1604
f 2053//1683 1951//1603 1785//1487
f 1786//1488 1952//1604 2054//1684
f 1817//1491 2059//362 2060//1687
f 2061//1688 2062//361 1818//1492
f 1955//1605 1817//1491 2060//1687
f 2061//1688 1818//1492 1956//1606
f 1699//1421 1955//1605 1957//1607
f 1958//1608 1956//1606 1700//1422
f 1701//1423 1957//1607 1959//1609
f 1960//1610 1958//1608 1702//1424
f 1703//1425 1959//1609 1961//1611
f 1962//1612 1960//1610 1704//1426
f 1705//1427 1961//1611 1963//1613
f 1964//1614 1962//1612 1706//1428
f 1965//1615 1707//1429 1963//1613
f 1964//1614 1708//1430 1966//1616
f 1967//1617 1709//1431 1965//1615
f 1966//1616 1710//1432 1968//1618
f 1969//1619 1711//1433 1967//1617
f 1968//1618 1712//1434 1970//1620
f 1971//1621 1713//1435 1969//1619
f 1970//1620 1714//1436 1972//1622
f 1973//1623 1715//1437 1971//1621
f 1972//1622 1716//1438 1974//1624
f 1975//1625 1717//1439 1973//1623
f 1974//1624 1718//1440 1976//1626
f 1977//1627 1719//1441 1975//1625
f 1976//1626 1720//1442 1978//1628
f 1979//1629 1721//1443 1977//1627
f 1978//1628 1722//1444 1980//1630
f 1979//1629 2051//1681 1783//1485
f 1784//1486 2052//1682 1980//1630
f 1871//1535 2063//1689 1819//1493
f 1820//1494 2064//1690 1872//1536
f 1819//1493 2065//1691 1821//1495
f 1822//1496 2066//1692 1820//1494
f 1821//1495 2067//1693 1823//1497
f 1824//1498 2068//1694 1822//1496
f 1823//1497 2069//1695 1825//1499
f 1826//1500 2070//1696 1824//1498
f 1825//1499 2071//1697 1827//1501
f 1828//1502 2072//1698 1826//1500
f 1827//1501 2073//1699 1829//1503
f 1830//1504 2074//1700 1828//1502
f 1829//1503 2075//1701 1831//1505
f 1832//1506 2076//1702 1830//1504
f 1831//1505 2077//1703 1833//1507
f 1834//1508 2078//1704 1832//1506
f 1833//1507 2079//1705 1835//1509
f 1836//1510 2080//1706 1834//1508
f 1835//1509 2081//1707 1873//1537
f 1874//1538 2082//1708 1836//1510
f 2083//361 2084//361 2085//361
f 2084//361 2083//361 2086//361
f 2087//362 2088//362 2089//362
f 2090//362 2089//362 2088//362
f 2091//1709 1990//1632 2092//1710
f 2093//1711 1991//1633 2094//1712
f 2095//1713 2096//368 1994//488
f 1995//487 2097//367 2098//1714
f 1989//1631 1990//1632 2091//1709
f 2094//1712 1991//1633 1992//1634
f 1993//1635 2095//1713 1994//488
f 1995//487 2098//1714 1996//1636
f 2099//1715 1845//1511 1989//1631
f 1992//1634 1848//1514 2100//1716
f 2101//1717 1993//1635 1849//1515
f 1852//1516 1996//1636 2102//1718
f 1997//1637 1845//1511 2099//1715
f 2100//1716 1848//1514 1998//1638
f 1999//1639 2101//1717 1849//1515
f 1852//1516 2102//1718 2000//1640
f 2001//1641 1853//1517 1997//1637
f 1998//1638 1854//1518 2002//1642
f 2003//1643 1999//1639 1855//1519
f 1856//1520 2000//1640 2004//1644
f 2103//1719 1857//1521 2001//1641
f 2002//1642 1858//1522 2104//1720
f 2105//1721 2003//1643 1859//1523
f 1860//1524 2004//1644 2106//1722
f 1857//1521 2103//1719 2005//1645
f 2006//1646 2104//1720 1858//1522
f 1859//1523 1875//1539 2105//1721
f 2106//1722 1876//1540 1860//1524
f 1861//1525 2005//1645 2107//1723
f 2108//1724 2006//1646 1862//1526
f 1861//1525 2107//1723 2007//1647
f 2008//1648 2108//1724 1862//1526
f 1863//1527 2007//1647 2109//1725
f 2110//1726 2008//1648 1864//1528
f 1865//1529 1863//1527 2111//1727
f 2112//1728 1864//1528 1866//1530
f 2009//1649 1865//1529 2111//1727
f 2112//1728 1866//1530 2010//1650
f 2009//1649 2113//1729 1867//1531
f 1868//1532 2114//1730 2010//1650
f 1867//1531 2113//1729 2011//1651
f 2012//1652 2114//1730 1868//1532
f 2011//1651 2115//1731 1869//1533
f 1870//1534 2116//1732 2012//1652
f 1869//1533 2115//1731 2013//1653
f 2014//1654 2116//1732 1870//1534
f 2013//1653 2117//1733 1871//1535
f 1872//1536 2118//1734 2014//1654
f 1873//1537 2119//1735 1877//1541
f 1878//1542 2120//1736 1874//1538
f 1875//1539 1881//1545 2105//1721
f 2106//1722 1882//1546 1876//1540
f 1877//1541 2121//1737 1879//1543
f 1880//1544 2122//1738 1878//1542
f 1879//1543 2123//1739 1883//1547
f 1884//1548 2124//1740 1880//1544
f 1881//1545 1917//1571 2125//1741
f 2126//1742 1918//1572 1882//1546
f 1883//1547 2127//1743 2015//1655
f 2016//1656 2128//1744 1884//1548
f 1885//1549 2015//1655 2129//1745
f 2130//1746 2016//1656 1886//1550
f 1885//1549 2129//1745 2017//1657
f 2018//1658 2130//1746 1886//1550
f 2017//1657 2131//1747 1887//1551
f 1888//1552 2132//1748 2018//1658
f 1887//1551 2133//1749 1889//1553
f 1890//1554 2134//1750 1888//1552
f 2133//1749 2019//1659 1889//1553
f 1890//1554 2020//1660 2134//1750
f 2019//1659 2135//1751 1891//1555
f 1892//1556 2136//1752 2020//1660
f 2135//1751 2021//1661 1891//1555
f 1892//1556 2022//1662 2136//1752
f 1893//1557 2021//1661 2137//1753
f 2138//1754 2022//1662 1894//1558
f 1763//1475 2023//1663 2025//1665
f 2026//1666 2024//1664 1764//1476
f 1893//1557 2137//1753 2023//1663
f 2024//1664 2138//1754 1894//1558
f 1895//1559 2025//1665 2139//1755
f 2140//1756 2026//1666 1896//1560
f 2027//1667 1895//1559 2139//1755
f 2140//1756 1896//1560 2028//1668
f 1897//1561 2027//1667 2141//1757
f 2142//1758 2028//1668 1898//1562
f 2029//1669 1897//1561 2141//1757
f 2142//1758 1898//1562 2030//1670
f 2031//1671 2029//1669 2143//1759
f 2144//1760 2030//1670 2032//1672
f 2145//1761 2031//1671 2143//1759
f 2144//1760 2032//1672 2146//1762
f 2147//361 2148//361 2149//361
f 2148//361 2147//361 2150//361
f 2151//362 2152//362 2153//362
f 2154//362 2153//362 2152//362
f 2155//406 2156//1763 2041//476
f 2044//475 2157//1764 2158//405
f 2041//476 2156//1763 2042//1673
f 2043//1674 2157//1764 2044//475
f 2042//1673 2159//1765 1910//1565
f 1911//1566 2160//1766 2043//1674
f 1910//1565 2159//1765 2045//1675
f 2046//1676 2160//1766 1911//1566
f 2045//1675 2161//1767 1913//1567
f 1914//1568 2162//1768 2046//1676
f 1913//1567 2161//1767 2047//1677
f 2048//1678 2162//1768 1914//1568
f 1781//1483 2047//1677 2049//1679
f 2050//1680 2048//1678 1782//1484
f 2049//1679 1919//1573 1915//1569
f 1916//1570 1920//1574 2050//1680
f 1917//1571 2051//1681 2163//1769
f 2164//1770 2052//1682 1918//1572
f 1919//1573 2165//1771 1921//1575
f 1922//1576 2166//1772 1920//1574
f 1921//1575 2167//1773 1923//1577
f 1924//1578 2168//1774 1922//1576
f 2169//1775 2053//1683 1923//1577
f 1924//1578 2054//1684 2170//1776
f 2055//1685 2171//1777 2172//362
f 2173//361 2174//1778 2058//1686
f 1927//1579 2171//1777 2055//1685
f 2058//1686 2174//1778 1928//1580
f 1929//1581 2175//1779 1927//1579
f 1928//1580 2176//1780 1930//1582
f 1931//1583 2177//1781 1929//1581
f 1930//1582 2178//1782 1932//1584
f 1933//1585 2179//1783 1931//1583
f 1932//1584 2180//1784 1934//1586
f 1935//1587 2181//1785 1933//1585
f 1934//1586 2182//1786 1936//1588
f 1937//1589 2183//1787 1935//1587
f 1936//1588 2184//1788 1938//1590
f 1939//1591 2185//1789 1937//1589
f 1938//1590 2186//1790 1940//1592
f 1941//1593 2187//1791 1939//1591
f 1940//1592 2188//1792 1942//1594
f 1943//1595 2189//1793 1941//1593
f 1942//1594 2190//1794 1944//1596
f 1945//1597 2191//1795 1943//1595
f 1944//1596 2192//1796 1946//1598
f 1947//1599 2193//1797 1945//1597
f 1946//1598 2194//1798 1948//1600
f 1949//1601 2195//1799 1947//1599
f 1948//1600 2196//1800 1950//1602
f 1951//1603 2197//1801 1949//1601
f 1950//1602 2198//1802 1952//1604
f 2053//1683 2199//1803 1951//1603
f 1952//1604 2200//1804 2054//1684
f 2060//1687 2201//362 2202//1805
f 2203//1806 2204//361 2061//1688
f 1955//1605 2060//1687 2202//1805
f 2203//1806 2061//1688 1956//1606
f 1957//1607 1955//1605 2205//1807
f 2206//1808 1956//1606 1958//1608
f 1959//1609 1957//1607 2207//1809
f 2208//1810 1958//1608 1960//1610
f 1959//1609 2209//1811 1961//1611
f 1962//1612 2210//1812 1960//1610
f 1961//1611 2211//1813 1963//1613
f 1964//1614 2212//1814 1962//1612
f 1965//1615 1963//1613 2213//1815
f 2214//1816 1964//1614 1966//1616
f 1967//1617 1965//1615 2215//1817
f 2216//1818 1966//1616 1968//1618
f 1969//1619 1967//1617 2217//1819
f 2218//1820 1968//1618 1970//1620
f 1971//1621 1969//1619 2219//1821
f 2220//1822 1970//1620 1972//1622
f 1973//1623 1971//1621 2221//1823
f 2222//1824 1972//1622 1974//1624
f 1975//1625 1973//1623 2223//1825
f 2224//1826 1974//1624 1976//1626
f 1977//1627 1975//1625 2225//1827
f 2226//1828 1976//1626 1978//1628
f 1979//1629 1977//1627 2227//1829
f 2228//1830 1978//1628 1980//1630
f 1979//1629 2229//1831 2051//1681
f 2052//1682 2230//1832 1980//1630
f 1871//1535 2117//1733 2063//1689
f 2064//1690 2118//1734 1872//1536
f 1819//1493 2063//1689 2065//1691
f 2066//1692 2064//1690 1820//1494
f 1821//1495 2065//1691 2067//1693
f 2068//1694 2066//1692 1822//1496
f 2067//1693 2069//1695 1823//1497
f 1824//1498 2070//1696 2068//1694
f 2069//1695 2071//1697 1825//1499
f 1826//1500 2072//1698 2070//1696
f 2071//1697 2073//1699 1827//1501
f 1828//1502 2074//1700 2072//1698
f 2073//1699 2075//1701 1829//1503
f 1830//1504 2076//1702 2074//1700
f 2075//1701 2077//1703 1831//1505
f 1832//1506 2078//1704 2076//1702
f 2077//1703 2079//1705 1833//1507
f 1834//1508 2080//1706 2078//1704
f 1835//1509 2079//1705 2081//1707
f 2082//1708 2080//1706 1836//1510
f 1873//1537 2081//1707 2119//1735
f 2120//1736 2082//1708 1874//1538
f 2231//361 2232//361 2233//361
f 2232//361 2231//361 2234//361
f 2235//362 2236//362 2237//362
f 2238//362 2237//362 2236//362
f 2239//1833 2092//1710 2240//1834
f 2241//1835 2093//1711 2242//1836
f 2243//1837 2244//322 2096//368
f 2097//367 2245//321 2246//1838
f 2091//1709 2092//1710 2239//1833
f 2242//1836 2093//1711 2094//1712
f 2095//1713 2243//1837 2096//368
f 2097//367 2246//1838 2098//1714
f 2247//1839 1989//1631 2091//1709
f 2094//1712 1992//1634 2248//1840
f 2249//1841 2095//1713 1993//1635
f 1996//1636 2098//1714 2250//1842
f 2099//1715 1989//1631 2247//1839
f 2248//1840 1992//1634 2100//1716
f 2101//1717 2249//1841 1993//1635
f 1996//1636 2250//1842 2102//1718
f 2251//1843 1997//1637 2099//1715
f 2100//1716 1998//1638 2252//1844
f 2253//1845 2101//1717 1999//1639
f 2000//1640 2102//1718 2254//1846
f 2001//1641 1997//1637 2251//1843
f 2252//1844 1998//1638 2002//1642
f 2003//1643 2253//1845 1999//1639
f 2000//1640 2254//1846 2004//1644
f 2103//1719 2001//1641 2255//1847
f 2256//1848 2002//1642 2104//1720
f 2105//1721 2257//1849 2003//1643
f 2004//1644 2258//1850 2106//1722
f 2005//1645 2103//1719 2259//1851
f 2260//1852 2104//1720 2006//1646
f 2005//1645 2259//1851 2107//1723
f 2108//1724 2260//1852 2006//1646
f 2007//1647 2107//1723 2261//1853
f 2262//1854 2108//1724 2008//1648
f 2007//1647 2261//1853 2109//1725
f 2110//1726 2262//1854 2008//1648
f 1863//1527 2109//1725 2111//1727
f 2112//1728 2110//1726 1864//1528
f 2111//1727 2263//1855 2009//1649
f 2010//1650 2264//1856 2112//1728
f 2009//1649 2263//1855 2113//1729
f 2114//1730 2264//1856 2010//1650
f 2113//1729 2265//1857 2011//1651
f 2012//1652 2266//1858 2114//1730
f 2011//1651 2265//1857 2115//1731
f 2116//1732 2266//1858 2012//1652
f 2115//1731 2267//1859 2013//1653
f 2014//1654 2268//1860 2116//1732
f 2013//1653 2267//1859 2117//1733
f 2118//1734 2268//1860 2014//1654
f 1877//1541 2119//1735 2121//1737
f 2122//1738 2120//1736 1878//1542
f 2105//1721 1881//1545 2125//1741
f 2126//1742 1882//1546 2106//1722
f 1879//1543 2121//1737 2123//1739
f 2124//1740 2122//1738 1880//1544
f 1883//1547 2123//1739 2127//1743
f 2128//1744 2124//1740 1884//1548
f 2125//1741 1917//1571 2163//1769
f 2164//1770 1918//1572 2126//1742
f 2015//1655 2127//1743 2269//1861
f 2270//1862 2128//1744 2016//1656
f 2015//1655 2269//1861 2129//1745
f 2130//1746 2270//1862 2016//1656
f 2017//1657 2129//1745 2271//1863
f 2272//1864 2130//1746 2018//1658
f 2131//1747 2017//1657 2271//1863
f 2272//1864 2018//1658 2132//1748
f 1887//1551 2131//1747 2133//1749
f 2134//1750 2132//1748 1888//1552
f 2133//1749 2273//1865 2019//1659
f 2020//1660 2274//1866 2134//1750
f 2273//1865 2135//1751 2019//1659
f 2020//1660 2136//1752 2274//1866
f 2135//1751 2275//1867 2021//1661
f 2022//1662 2276//1868 2136//1752
f 2275//1867 2137//1753 2021//1661
f 2022//1662 2138//1754 2276//1868
f 2025//1665 2023//1663 2277//1869
f 2278//1870 2024//1664 2026//1666
f 2023//1663 2137//1753 2277//1869
f 2278//1870 2138//1754 2024//1664
f 2139//1755 2025//1665 2279//1871
f 2280//1872 2026//1666 2140//1756
f 2027//1667 2139//1755 2281//1873
f 2282//1874 2140//1756 2028//1668
f 2141//1757 2027//1667 2281//1873
f 2282//1874 2028//1668 2142//1758
f 2029//1669 2141//1757 2283//1875
f 2284//1876 2142//1758 2030//1670
f 2143//1759 2029//1669 2283//1875
f 2284//1876 2030//1670 2144//1760
f 2145//1761 2143//1759 2285//1877
f 2286//1878 2144//1760 2146//1762
f 2287//1879 2145//1761 2285//1877
f 2286//1878 2146//1762 2288//1880
f 2289//361 2290//361 2291//361
f 2290//361 2289//361 2292//361
f 2293//362 2294//362 2295//362
f 2296//362 2295//362 2294//362
f 2297//312 2298//1881 2155//406
f 2158//405 2299//1882 2300//311
f 2155//406 2298//1881 2156//1763
f 2157//1764 2299//1882 2158//405
f 2156//1763 2301//1883 2042//1673
f 2043//1674 2302//1884 2157//1764
f 2042//1673 2301//1883 2159//1765
f 2160//1766 2302//1884 2043//1674
f 2159//1765 2303//1885 2045//1675
f 2046//1676 2304//1886 2160//1766
f 2045//1675 2303//1885 2161//1767
f 2162//1768 2304//1886 2046//1676
f 2161//1767 2305//1887 2047//1677
f 2048//1678 2306//1888 2162//1768
f 2047//1677 2165//1771 2049//1679
f 2050//1680 2166//1772 2048//1678
f 2049//1679 2165//1771 1919//1573
f 1920//1574 2166//1772 2050//1680
f 2163//1769 2051//1681 2307//1889
f 2308//1890 2052//1682 2164//1770
f 1921//1575 2165//1771 2167//1773
f 2168//1774 2166//1772 1922//1576
f 1923//1577 2167//1773 2169//1775
f 2170//1776 2168//1774 1924//1578
f 2169//1775 2309//1891 2053//1683
f 2054//1684 2310//1892 2170//1776
f 2311//362 2171//1777 2312//1893
f 2313//1894 2174//1778 2314//361
f 1927//1579 2175//1779 2171//1777
f 2174//1778 2176//1780 1928//1580
f 1929//1581 2177//1781 2175//1779
f 2176//1780 2178//1782 1930//1582
f 1931//1583 2179//1783 2177//1781
f 2178//1782 2180//1784 1932//1584
f 1933//1585 2181//1785 2179//1783
f 2180//1784 2182//1786 1934//1586
f 1935//1587 2183//1787 2181//1785
f 2182//1786 2184//1788 1936//1588
f 2185//1789 2183//1787 1937//1589
f 1938//1590 2184//1788 2186//1790
f 2187//1791 2185//1789 1939//1591
f 1940//1592 2186//1790 2188//1792
f 2189//1793 2187//1791 1941//1593
f 1942//1594 2188//1792 2190//1794
f 2191//1795 2189//1793 1943//1595
f 1944//1596 2190//1794 2192//1796
f 2193//1797 2191//1795 1945//1597
f 1946//1598 2192//1796 2194//1798
f 2195//1799 2193//1797 1947//1599
f 1948//1600 2194//1798 2196//1800
f 2197//1801 2195//1799 1949//1601
f 1950//1602 2196//1800 2198//1802
f 2199//1803 2197//1801 1951//1603
f 1952//1604 2198//1802 2200//1804
f 2309//1891 2199//1803 2053//1683
f 2054//1684 2200//1804 2310//1892
f 2202//1805 2315//362 2316//1895
f 2317//1896 2318//361 2203//1806
f 1955//1605 2202//1805 2205//1807
f 2206//1808 2203//1806 1956//1606
f 1957//1607 2205//1807 2207//1809
f 2208//1810 2206//1808 1958//1608
f 1959//1609 2207//1809 2209//1811
f 2210//1812 2208//1810 1960//1610
f 1961//1611 2209//1811 2211//1813
f 2212//1814 2210//1812 1962//1612
f 1963//1613 2211//1813 2213//1815
f 2214//1816 2212//1814 1964//1614
f 2215//1817 1965//1615 2213//1815
f 2214//1816 1966//1616 2216//1818
f 2217//1819 1967//1617 2215//1817
f 2216//1818 1968//1618 2218//1820
f 2219//1821 1969//1619 2217//1819
f 2218//1820 1970//1620 2220//1822
f 2221//1823 1971//1621 2219//1821
f 2220//1822 1972//1622 2222//1824
f 2223//1825 1973//1623 2221//1823
f 2222//1824 1974//1624 2224//1826
f 2225//1827 1975//1625 2223//1825
f 2224//1826 1976//1626 2226//1828
f 2227//1829 1977//1627 2225//1827
f 2226//1828 1978//1628 2228//1830
f 2227//1829 2229//1831 1979//1629
f 1980//1630 2230//1832 2228//1830
f 2229//1831 2307//1889 2051//1681
f 2052//1682 2308//1890 2230//1832
f 2117//1733 2319//1897 2063//1689
f 2064//1690 2320//1898 2118//1734
f 2063//1689 2321//1899 2065//1691
f 2066//1692 2322//1900 2064//1690
f 2065//1691 2323//1901 2067//1693
f 2068//1694 2324//1902 2066//1692
f 2067//1693 2325//1903 2069//1695
f 2070//1696 2326//1904 2068//1694
f 2069//1695 2327//1905 2071//1697
f 2072//1698 2328//1906 2070//1696
f 2071//1697 2329//1907 2073//1699
f 2074//1700 2330//1908 2072//1698
f 2073//1699 2331//1909 2075//1701
f 2076//1702 2332//1910 2074//1700
f 2075//1701 2333//1911 2077//1703
f 2078//1704 2334//1912 2076//1702
f 2077//1703 2335//1913 2079//1705
f 2080//1706 2336//1914 2078//1704
f 2079//1705 2337//1915 2081//1707
f 2082//1708 2338//1916 2080//1706
f 2081//1707 2339//1917 2119//1735
f 2120//1736 2340//1918 2082//1708
f 2341//361 2342//361 2343//361
f 2342//361 2341//361 2344//361
f 2345//362 2346//362 2347//362
f 2348//362 2347//362 2346//362
f 2349//1919 2240//1834 2350//1920
f 2351//1921 2241//1835 2352//1922
f 2353//1923 2354//286 2244//322
f 2245//321 2355//285 2356//1924
f 2239//1833 2240//1834 2349//1919
f 2352//1922 2241//1835 2242//1836
f 2243//1837 2353//1923 2244//322
f 2245//321 2356//1924 2246//1838
f 2091//1709 2239//1833 2357//1925
f 2358//1926 2242//1836 2094//1712
f 2095//1713 2359//1927 2243//1837
f 2246//1838 2360//1928 2098//1714
f 2247//1839 2091//1709 2357//1925
f 2358//1926 2094//1712 2248//1840
f 2249//1841 2359//1927 2095//1713
f 2098//1714 2360//1928 2250//1842
f 2361//1929 2099//1715 2247//1839
f 2248//1840 2100//1716 2362//1930
f 2363//1931 2249//1841 2101//1717
f 2102//1718 2250//1842 2364//1932
f 2251//1843 2099//1715 2361//1929
f 2362//1930 2100//1716 2252//1844
f 2253//1845 2363//1931 2101//1717
f 2102//1718 2364//1932 2254//1846
f 2255//1847 2001//1641 2251//1843
f 2252//1844 2002//1642 2256//1848
f 2257//1849 2253//1845 2003//1643
f 2004//1644 2254//1846 2258//1850
f 2103//1719 2255//1847 2365//1933
f 2366//1934 2256//1848 2104//1720
f 2105//1721 2125//1741 2257//1849
f 2258//1850 2126//1742 2106//1722
f 2103//1719 2365//1933 2259//1851
f 2260//1852 2366//1934 2104//1720
f 2107//1723 2259//1851 2367//1935
f 2368//1936 2260//1852 2108//1724
f 2107//1723 2367//1935 2261//1853
f 2262//1854 2368//1936 2108//1724
f 2109//1725 2261//1853 2369//1937
f 2370//1938 2262//1854 2110//1726
f 2109//1725 2371//1939 2111//1727
f 2112//1728 2372//1940 2110//1726
f 2111//1727 2371//1939 2263//1855
f 2264//1856 2372//1940 2112//1728
f 2263//1855 2373//1941 2113//1729
f 2114//1730 2374//1942 2264//1856
f 2113//1729 2373//1941 2265//1857
f 2266//1858 2374//1942 2114//1730
f 2265//1857 2375//1943 2115//1731
f 2116//1732 2376//1944 2266//1858
f 2115//1731 2375//1943 2267//1859
f 2268//1860 2376//1944 2116//1732
f 2267//1859 2377//1945 2117//1733
f 2118//1734 2378//1946 2268//1860
f 2119//1735 2379//1947 2121//1737
f 2122//1738 2380//1948 2120//1736
f 2121//1737 2381//1949 2123//1739
f 2124//1740 2382//1950 2122//1738
f 2123//1739 2383//1951 2127//1743
f 2128//1744 2384//1952 2124//1740
f 2125//1741 2163//1769 2385//1953
f 2386//1954 2164//1770 2126//1742
f 2127//1743 2387//1955 2269//1861
f 2270//1862 2388//1956 2128//1744
f 2129//1745 2269//1861 2389//1957
f 2390//1958 2270//1862 2130//1746
f 2271//1863 2129//1745 2389//1957
f 2390//1958 2130//1746 2272//1864
f 2131//1747 2271//1863 2391//1959
f 2392//1960 2272//1864 2132//1748
f 2131//1747 2393//1961 2133//1749
f 2134//1750 2394//1962 2132//1748
f 2133//1749 2393//1961 2273//1865
f 2274//1866 2394//1962 2134//1750
f 2273//1865 2395//1963 2135//1751
f 2136//1752 2396//1964 2274//1866
f 2395//1963 2275//1867 2135//1751
f 2136//1752 2276//1868 2396//1964
f 2275//1867 2397//1965 2137//1753
f 2138//1754 2398//1966 2276//1868
f 2025//1665 2277//1869 2279//1871
f 2280//1872 2278//1870 2026//1666
f 2137//1753 2397//1965 2277//1869
f 2278//1870 2398//1966 2138//1754
f 2139//1755 2279//1871 2399//1967
f 2400//1968 2280//1872 2140//1756
f 2281//1873 2139//1755 2399//1967
f 2400//1968 2140//1756 2282//1874
f 2141//1757 2281//1873 2401//1969
f 2402//1970 2282//1874 2142//1758
f 2283//1875 2141//1757 2401//1969
f 2402//1970 2142//1758 2284//1876
f 2143//1759 2283//1875 2403//1971
f 2404//1972 2284//1876 2144//1760
f 2285//1877 2143//1759 2403//1971
f 2404//1972 2144//1760 2286//1878
f 2287//1879 2285//1877 2405//1973
f 2406//1974 2286//1878 2288//1880
f 2407//1975 2287//1879 2405//1973
f 2406//1974 2288//1880 2408//1976
f 2409//361 2410//361 2411//361
f 2410//361 2409//361 2412//361
f 2413//362 2414//362 2415//362
f 2416//362 2415//362 2414//362
f 2417//280 2418//1977 2297//312
f 2300//311 2419//1978 2420//279
f 2297//312 2418//1977 2298//1881
f 2299//1882 2419//1978 2300//311
f 2298//1881 2421//1979 2156//1763
f 2157//1764 2422//1980 2299//1882
f 2156//1763 2421//1979 2301//1883
f 2302//1884 2422//1980 2157//1764
f 2301//1883 2423//1981 2159//1765
f 2160//1766 2424//1982 2302//1884
f 2159//1765 2423//1981 2303//1885
f 2304//1886 2424//1982 2160//1766
f 2303//1885 2425//1983 2161//1767
f 2162//1768 2426//1984 2304//1886
f 2161//1767 2425//1983 2305//1887
f 2306//1888 2426//1984 2162//1768
f 2047//1677 2305//1887 2165//1771
f 2166//1772 2306//1888 2048//1678
f 2307//1889 2427//1985 2163//1769
f 2164//1770 2428//1986 2308//1890
f 2165//1771 2305//1887 2167//1773
f 2168//1774 2306//1888 2166//1772
f 2167//1773 2429//1987 2169//1775
f 2170//1776 2430//1988 2168//1774
f 2431//1989 2309//1891 2169//1775
f 2170//1776 2310//1892 2432//1990
f 2171//1777 2433//1991 2312//1893
f 2313//1894 2434//1992 2174//1778
f 2435//362 2312//1893 2436//1993
f 2437//1994 2313//1894 2438//361
f 2171//1777 2175//1779 2433//1991
f 2434//1992 2176//1780 2174//1778
f 2175//1779 2177//1781 2433//1991
f 2434//1992 2178//1782 2176//1780
f 2177//1781 2179//1783 2439//1995
f 2440//1996 2180//1784 2178//1782
f 2179//1783 2181//1785 2441//1997
f 2442//1998 2182//1786 2180//1784
f 2181//1785 2183//1787 2443//1999
f 2444//2000 2184//1788 2182//1786
f 2185//1789 2445//2001 2183//1787
f 2184//1788 2446//2002 2186//1790
f 2187//1791 2447//2003 2185//1789
f 2186//1790 2448//2004 2188//1792
f 2189//1793 2449//2005 2187//1791
f 2188//1792 2450//2006 2190//1794
f 2191//1795 2451//2007 2189//1793
f 2190//1794 2452//2008 2192//1796
f 2193//1797 2453//2009 2191//1795
f 2192//1796 2454//2010 2194//1798
f 2195//1799 2455//2011 2193//1797
f 2194//1798 2456//2012 2196//1800
f 2197//1801 2457//2013 2195//1799
f 2196//1800 2458//2014 2198//1802
f 2199//1803 2459//2015 2197//1801
f 2198//1802 2460//2016 2200//1804
f 2309//1891 2461//2017 2199//1803
f 2200//1804 2462//2018 2310//1892
f 2316//1895 2463//362 2464//2019
f 2465//2020 2466//361 2317//1896
f 2467//2021 2202//1805 2316//1895
f 2317//1896 2203//1806 2468//2022
f 2205//1807 2202//1805 2467//2021
f 2468//2022 2203//1806 2206//1808
f 2207//1809 2205//1807 2467//2021
f 2468//2022 2206//1808 2208//1810
f 2207//1809 2469//2023 2209//1811
f 2210//1812 2470//2024 2208//1810
f 2209//1811 2471//2025 2211//1813
f 2212//1814 2472//2026 2210//1812
f 2211//1813 2473//2027 2213//1815
f 2214//1816 2474//2028 2212//1814
f 2215//1817 2213//1815 2475//2029
f 2476//2030 2214//1816 2216//1818
f 2217//1819 2215//1817 2477//2031
f 2478//2032 2216//1818 2218//1820
f 2219//1821 2217//1819 2479//2033
f 2480//2034 2218//1820 2220//1822
f 2221//1823 2219//1821 2481//2035
f 2482//2036 2220//1822 2222//1824
f 2223//1825 2221//1823 2483//2037
f 2484//2038 2222//1824 2224//1826
f 2225//1827 2223//1825 2485//2039
f 2486//2040 2224//1826 2226//1828
f 2227//1829 2225//1827 2487//2041
f 2488//2042 2226//1828 2228//1830
f 2227//1829 2489//2043 2229//1831
f 2230//1832 2490//2044 2228//1830
f 2229//1831 2491//2045 2307//1889
f 2308//1890 2492//2046 2230//1832
f 2117//1733 2377//1945 2319//1897
f 2320//1898 2378//1946 2118//1734
f 2063//1689 2319//1897 2321//1899
f 2322//1900 2320//1898 2064//1690
f 2065//1691 2321//1899 2323//1901
f 2324//1902 2322//1900 2066//1692
f 2323//1901 2325//1903 2067//1693
f 2068//1694 2326//1904 2324//1902
f 2325//1903 2327//1905 2069//1695
f 2070//1696 2328//1906 2326//1904
f 2327//1905 2329//1907 2071//1697
f 2072//1698 2330//1908 2328//1906
f 2329//1907 2331//1909 2073//1699
f 2074//1700 2332//1910 2330//1908
f 2331//1909 2333//1911 2075//1701
f 2076//1702 2334//1912 2332//1910
f 2333//1911 2335//1913 2077//1703
f 2078//1704 2336//1914 2334//1912
f 2079//1705 2335//1913 2337//1915
f 2338//1916 2336//1914 2080//1706
f 2081//1707 2337//1915 2339//1917
f 2340//1918 2338//1916 2082//1708
f 2119//1735 2339//1917 2379//1947
f 2380//1948 2340//1918 2120//1736
f 2493//361 2494//361 2495//361
f 2494//361 2493//361 2496//361
f 2497//362 2498//362 2499//362
f 2500//362 2499//362 2498//362
f 2501//2047 2350//1920 2502//2048
f 2503//2049 2351//1921 2504//2050
f 2354//286 2505//2051 2506//284
f 2507//283 2508//2052 2355//285
f 2349//1919 2350//1920 2501//2047
f 2504//2050 2351//1921 2352//1922
f 2353//1923 2505//2051 2354//286
f 2355//285 2508//2052 2356//1924
f 2239//1833 2349//1919 2509//2053
f 2510//2054 2352//1922 2242//1836
f 2243//1837 2511//2055 2353//1923
f 2356//1924 2512//2056 2246//1838
f 2357//1925 2239//1833 2509//2053
f 2510//2054 2242//1836 2358//1926
f 2359//1927 2511//2055 2243//1837
f 2246//1838 2512//2056 2360//1928
f 2513//2057 2247//1839 2357//1925
f 2358//1926 2248//1840 2514//2058
f 2515//2059 2359//1927 2249//1841
f 2250//1842 2360//1928 2516//2060
f 2361//1929 2247//1839 2513//2057
f 2514//2058 2248//1840 2362//1930
f 2363//1931 2515//2059 2249//1841
f 2250//1842 2516//2060 2364//1932
f 2517//2061 2251//1843 2361//1929
f 2362//1930 2252//1844 2518//2062
f 2519//2063 2363//1931 2253//1845
f 2254//1846 2364//1932 2520//2064
f 2255//1847 2251//1843 2517//2061
f 2518//2062 2252//1844 2256//1848
f 2257//1849 2519//2063 2253//1845
f 2254//1846 2520//2064 2258//1850
f 2255//1847 2521//2065 2365//1933
f 2366//1934 2522//2066 2256//1848
f 2257//1849 2125//1741 2385//1953
f 2386//1954 2126//1742 2258//1850
f 2259//1851 2365//1933 2523//2067
f 2524//2068 2366//1934 2260//1852
f 2259//1851 2523//2067 2367//1935
f 2368//1936 2524//2068 2260//1852
f 2261//1853 2367//1935 2525//2069
f 2526//2070 2368//1936 2262//1854
f 2369//1937 2261//1853 2525//2069
f 2526//2070 2262//1854 2370//1938
f 2109//1725 2369//1937 2371//1939
f 2372//1940 2370//1938 2110//1726
f 2371//1939 2527//2071 2263//1855
f 2264//1856 2528//2072 2372//1940
f 2263//1855 2527//2071 2373//1941
f 2374//1942 2528//2072 2264//1856
f 2373//1941 2529//2073 2265//1857
f 2266//1858 2530//2074 2374//1942
f 2265//1857 2529//2073 2375//1943
f 2376//1944 2530//2074 2266//1858
f 2375//1943 2531//2075 2267//1859
f 2268//1860 2532//2076 2376//1944
f 2267//1859 2531//2075 2377//1945
f 2378//1946 2532//2076 2268//1860
f 2121//1737 2379//1947 2381//1949
f 2382//1950 2380//1948 2122//1738
f 2123//1739 2381//1949 2383//1951
f 2384//1952 2382//1950 2124//1740
f 2127//1743 2383//1951 2387//1955
f 2388//1956 2384//1952 2128//1744
f 2385//1953 2163//1769 2427//1985
f 2428//1986 2164//1770 2386//1954
f 2269//1861 2387//1955 2533//2077
f 2534//2078 2388//1956 2270//1862
f 2389//1957 2269//1861 2533//2077
f 2534//2078 2270//1862 2390//1958
f 2271//1863 2389//1957 2535//2079
f 2536//2080 2390//1958 2272//1864
f 2391//1959 2271//1863 2535//2079
f 2536//2080 2272//1864 2392//1960
f 2393//1961 2131//1747 2391//1959
f 2392//1960 2132//1748 2394//1962
f 2273//1865 2393//1961 2537//2081
f 2538//2082 2394//1962 2274//1866
f 2395//1963 2273//1865 2537//2081
f 2538//2082 2274//1866 2396//1964
f 2395//1963 2539//2083 2275//1867
f 2276//1868 2540//2084 2396//1964
f 2275//1867 2539//2083 2397//1965
f 2398//1966 2540//2084 2276//1868
f 2277//1869 2541//2085 2279//1871
f 2280//1872 2542//2086 2278//1870
f 2397//1965 2541//2085 2277//1869
f 2278//1870 2542//2086 2398//1966
f 2279//1871 2543//2087 2399//1967
f 2400//1968 2544//2088 2280//1872
f 2281//1873 2399//1967 2545//2089
f 2546//2090 2400//1968 2282//1874
f 2401//1969 2281//1873 2545//2089
f 2546//2090 2282//1874 2402//1970
f 2283//1875 2401//1969 2547//2091
f 2548//2092 2402//1970 2284//1876
f 2403//1971 2283//1875 2547//2091
f 2548//2092 2284//1876 2404//1972
f 2285//1877 2403//1971 2549//2093
f 2550//2094 2404//1972 2286//1878
f 2405//1973 2285//1877 2549//2093
f 2550//2094 2286//1878 2406//1974
f 2407//1975 2405//1973 2551//2095
f 2552//2096 2406//1974 2408//1976
f 2553//2097 2407//1975 2551//2095
f 2552//2096 2408//1976 2554//2098
f 2555//361 2556//361 2557//361
f 2556//361 2555//361 2558//361
f 2559//362 2560//362 2561//362
f 2562//362 2561//362 2560//362
f 2563//274 2564//2099 2417//280
f 2420//279 2565//2100 2566//273
f 2417//280 2564//2099 2418//1977
f 2419//1978 2565//2100 2420//279
f 2418//1977 2567//2101 2298//1881
f 2299//1882 2568//2102 2419//1978
f 2298//1881 2567//2101 2421//1979
f 2422//1980 2568//2102 2299//1882
f 2421//1979 2569//2103 2301//1883
f 2302//1884 2570//2104 2422//1980
f 2301//1883 2569//2103 2423//1981
f 2424//1982 2570//2104 2302//1884
f 2423//1981 2571//2105 2303//1885
f 2304//1886 2572//2106 2424//1982
f 2303//1885 2571//2105 2425//1983
f 2426//1984 2572//2106 2304//1886
f 2305//1887 2425//1983 2429//1987
f 2430//1988 2426//1984 2306//1888
f 2307//1889 2573//2107 2427//1985
f 2428//1986 2574//2108 2308//1890
f 2167//1773 2305//1887 2429//1987
f 2430//1988 2306//1888 2168//1774
f 2429//1987 2431//1989 2169//1775
f 2170//1776 2432//1990 2430//1988
f 2431//1989 2575//2109 2309//1891
f 2310//1892 2576//2110 2432//1990
f 2312//1893 2433//1991 2436//1993
f 2437//1994 2434//1992 2313//1894
f 2577//362 2436//1993 2578//2111
f 2579//2112 2437//1994 2580//361
f 2177//1781 2439//1995 2433//1991
f 2434//1992 2440//1996 2178//1782
f 2179//1783 2441//1997 2439//1995
f 2440//1996 2442//1998 2180//1784
f 2181//1785 2443//1999 2441//1997
f 2442//1998 2444//2000 2182//1786
f 2183//1787 2445//2001 2443//1999
f 2444//2000 2446//2002 2184//1788
f 2447//2003 2445//2001 2185//1789
f 2186//1790 2446//2002 2448//2004
f 2449//2005 2447//2003 2187//1791
f 2188//1792 2448//2004 2450//2006
f 2451//2007 2449//2005 2189//1793
f 2190//1794 2450//2006 2452//2008
f 2453//2009 2451//2007 2191//1795
f 2192//1796 2452//2008 2454//2010
f 2455//2011 2453//2009 2193//1797
f 2194//1798 2454//2010 2456//2012
f 2457//2013 2455//2011 2195//1799
f 2196//1800 2456//2012 2458//2014
f 2459//2015 2457//2013 2197//1801
f 2198//1802 2458//2014 2460//2016
f 2461//2017 2459//2015 2199//1803
f 2200//1804 2460//2016 2462//2018
f 2575//2109 2461//2017 2309//1891
f 2310//1892 2462//2018 2576//2110
f 2467//2021 2316//1895 2464//2019
f 2465//2020 2317//1896 2468//2022
f 2464//2019 2581//362 2582//2113
f 2583//2114 2584//361 2465//2020
f 2207//1809 2467//2021 2469//2023
f 2470//2024 2468//2022 2208//1810
f 2209//1811 2469//2023 2471//2025
f 2472//2026 2470//2024 2210//1812
f 2211//1813 2471//2025 2473//2027
f 2474//2028 2472//2026 2212//1814
f 2213//1815 2473//2027 2475//2029
f 2476//2030 2474//2028 2214//1816
f 2477//2031 2215//1817 2475//2029
f 2476//2030 2216//1818 2478//2032
f 2479//2033 2217//1819 2477//2031
f 2478//2032 2218//1820 2480//2034
f 2481//2035 2219//1821 2479//2033
f 2480//2034 2220//1822 2482//2036
f 2483//2037 2221//1823 2481//2035
f 2482//2036 2222//1824 2484//2038
f 2485//2039 2223//1825 2483//2037
f 2484//2038 2224//1826 2486//2040
f 2487//2041 2225//1827 2485//2039
f 2486//2040 2226//1828 2488//2042
f 2487//2041 2489//2043 2227//1829
f 2228//1830 2490//2044 2488//2042
f 2489//2043 2491//2045 2229//1831
f 2230//1832 2492//2046 2490//2044
f 2491//2045 2573//2107 2307//1889
f 2308//1890 2574//2108 2492//2046
f 2377//1945 2585//2115 2319//1897
f 2320//1898 2586//2116 2378//1946
f 2319//1897 2587//2117 2321//1899
f 2322//1900 2588//2118 2320//1898
f 2321//1899 2589//2119 2323//1901
f 2324//1902 2590//2120 2322//1900
f 2323//1901 2591//2121 2325//1903
f 2326//1904 2592//2122 2324//1902
f 2325//1903 2593//2123 2327//1905
f 2328//1906 2594//2124 2326//1904
f 2327//1905 2595//2125 2329//1907
f 2330//1908 2596//2126 2328//1906
f 2329//1907 2597//2127 2331//1909
f 2332//1910 2598//2128 2330//1908
f 2331//1909 2599//2129 2333//1911
f 2334//1912 2600//2130 2332//1910
f 2333//1911 2601//2131 2335//1913
f 2336//1914 2602//2132 2334//1912
f 2335//1913 2603//2133 2337//1915
f 2338//1916 2604//2134 2336//1914
f 2337//1915 2605//2135 2339//1917
f 2340//1918 2606//2136 2338//1916
f 2339//1917 2607//2137 2379//1947
f 2380//1948 2608//2138 2340//1918
f 2609//361 2610//361 2611//361
f 2610//361 2609//361 2612//361
f 2613//362 2614//362 2615//362
f 2616//362 2615//362 2614//362
f 2617//2139 2502//2048 2618//2140
f 2619//2141 2503//2049 2620//2142
f 2506//284 2621//2143 2622//282
f 2623//281 2624//2144 2507//283
f 2501//2047 2502//2048 2617//2139
f 2620//2142 2503//2049 2504//2050
f 2505//2051 2621//2143 2506//284
f 2507//283 2624//2144 2508//2052
f 2349//1919 2501//2047 2625//2145
f 2626//2146 2504//2050 2352//1922
f 2353//1923 2627//2147 2505//2051
f 2508//2052 2628//2148 2356//1924
f 2509//2053 2349//1919 2625//2145
f 2626//2146 2352//1922 2510//2054
f 2511//2055 2627//2147 2353//1923
f 2356//1924 2628//2148 2512//2056
f 2357//1925 2509//2053 2629//2149
f 2630//2150 2510//2054 2358//1926
f 2359//1927 2631//2151 2511//2055
f 2512//2056 2632//2152 2360//1928
f 2513//2057 2357//1925 2629//2149
f 2630//2150 2358//1926 2514//2058
f 2515//2059 2631//2151 2359//1927
f 2360//1928 2632//2152 2516//2060
f 2633//2153 2361//1929 2513//2057
f 2514//2058 2362//1930 2634//2154
f 2635//2155 2515//2059 2363//1931
f 2364//1932 2516//2060 2636//2156
f 2517//2061 2361//1929 2633//2153
f 2634//2154 2362//1930 2518//2062
f 2519//2063 2635//2155 2363//1931
f 2364//1932 2636//2156 2520//2064
f 2255//1847 2517//2061 2521//2065
f 2522//2066 2518//2062 2256//1848
f 2257//1849 2385//1953 2519//2063
f 2520//2064 2386//1954 2258//1850
f 2365//1933 2521//2065 2637//2157
f 2638//2158 2522//2066 2366//1934
f 2365//1933 2637//2157 2523//2067
f 2524//2068 2638//2158 2366//1934
f 2367//1935 2523//2067 2639//2159
f 2640//2160 2524//2068 2368//1936
f 2525//2069 2367//1935 2639//2159
f 2640//2160 2368//1936 2526//2070
f 2525//2069 2641//2161 2369//1937
f 2370//1938 2642//2162 2526//2070
f 2369//1937 2643//2163 2371//1939
f 2372//1940 2644//2164 2370//1938
f 2371//1939 2643//2163 2527//2071
f 2528//2072 2644//2164 2372//1940
f 2527//2071 2645//2165 2373//1941
f 2374//1942 2646//2166 2528//2072
f 2373//1941 2645//2165 2529//2073
f 2530//2074 2646//2166 2374//1942
f 2529//2073 2647//2167 2375//1943
f 2376//1944 2648//2168 2530//2074
f 2375//1943 2647//2167 2531//2075
f 2532//2076 2648//2168 2376//1944
f 2531//2075 2649//2169 2377//1945
f 2378//1946 2650//2170 2532//2076
f 2379//1947 2651//2171 2381//1949
f 2382//1950 2652//2172 2380//1948
f 2381//1949 2653//2173 2383//1951
f 2384//1952 2654//2174 2382//1950
f 2383//1951 2655//2175 2387//1955
f 2388//1956 2656//2176 2384//1952
f 2385//1953 2427//1985 2657//2177
f 2658//2178 2428//1986 2386//1954
f 2533//2077 2387//1955 2659//2179
f 2660//2180 2388//1956 2534//2078
f 2389//1957 2533//2077 2661//2181
f 2662//2182 2534//2078 2390//1958
f 2535//2079 2389//1957 2661//2181
f 2662//2182 2390//1958 2536//2080
f 2391//1959 2535//2079 2663//2183
f 2664//2184 2536//2080 2392//1960
f 2393//1961 2391//1959 2665//2185
f 2666//2186 2392//1960 2394//1962
f 2537//2081 2393//1961 2665//2185
f 2666//2186 2394//1962 2538//2082
f 2395//1963 2537//2081 2667//2187
f 2668//2188 2538//2082 2396//1964
f 2539//2083 2395//1963 2667//2187
f 2668//2188 2396//1964 2540//2084
f 2539//2083 2669//2189 2397//1965
f 2398//1966 2670//2190 2540//2084
f 2541//2085 2543//2087 2279//1871
f 2280//1872 2544//2088 2542//2086
f 2397//1965 2669//2189 2541//2085
f 2542//2086 2670//2190 2398//1966
f 2399//1967 2543//2087 2671//2191
f 2672//2192 2544//2088 2400//1968
f 2399//1967 2671//2191 2545//2089
f 2546//2090 2672//2192 2400//1968
f 2401//1969 2545//2089 2673//2193
f 2674//2194 2546//2090 2402//1970
f 2547//2091 2401//1969 2673//2193
f 2674//2194 2402//1970 2548//2092
f 2403//1971 2547//2091 2675//2195
f 2676//2196 2548//2092 2404//1972
f 2549//2093 2403//1971 2675//2195
f 2676//2196 2404//1972 2550//2094
f 2405//1973 2549//2093 2677//2197
f 2678//2198 2550//2094 2406//1974
f 2551//2095 2405//1973 2677//2197
f 2678//2198 2406//1974 2552//2096
f 2553//2097 2551//2095 2679//2199
f 2680//2200 2552//2096 2554//2098
f 2681//2201 2553//2097 2679//2199
f 2680//2200 2554//2098 2682//2202
f 2683//276 2684//2203 2563//274
f 2566//273 2685//2204 2686//275
f 2563//274 2684//2203 2564//2099
f 2565//2100 2685//2204 2566//273
f 2564//2099 2687//2205 2418//1977
f 2419//1978 2688//2206 2565//2100
f 2418//1977 2687//2205 2567//2101
f 2568//2102 2688//2206 2419//1978
f 2567//2101 2689//2207 2421//1979
f 2422//1980 2690//2208 2568//2102
f 2421//1979 2689//2207 2569//2103
f 2570//2104 2690//2208 2422//1980
f 2569//2103 2691//2209 2423//1981
f 2424//1982 2692//2210 2570//2104
f 2423//1981 2691//2209 2571//2105
f 2572//2106 2692//2210 2424//1982
f 2425//1983 2571//2105 2693//2211
f 2694//2212 2572//2106 2426//1984
f 2425//1983 2693//2211 2429//1987
f 2430//1988 2694//2212 2426//1984
f 2573//2107 2695//2213 2427//1985
f 2428//1986 2696//2214 2574//2108
f 2429//1987 2693//2211 2431//1989
f 2432//1990 2694//2212 2430//1988
f 2697//2215 2575//2109 2431//1989
f 2432//1990 2576//2110 2698//2216
f 2436//1993 2433//1991 2699//2217
f 2700//2218 2434//1992 2437//1994
f 2436//1993 2701//2219 2578//2111
f 2579//2112 2702//2220 2437//1994
f 2703//362 2578//2111 2704//2221
f 2705//2222 2579//2112 2706//361
f 2433//1991 2439//1995 2699//2217
f 2700//2218 2440//1996 2434//1992
f 2439//1995 2441//1997 2707//2223
f 2708//2224 2442//1998 2440//1996
f 2441//1997 2443//1999 2709//2225
f 2710//2226 2444//2000 2442//1998
f 2443//1999 2445//2001 2711//2227
f 2712//2228 2446//2002 2444//2000
f 2447//2003 2713//2229 2445//2001
f 2446//2002 2714//2230 2448//2004
f 2449//2005 2715//2231 2447//2003
f 2448//2004 2716//2232 2450//2006
f 2451//2007 2717//2233 2449//2005
f 2450//2006 2718//2234 2452//2008
f 2453//2009 2719//2235 2451//2007
f 2452//2008 2720//2236 2454//2010
f 2455//2011 2721//2237 2453//2009
f 2454//2010 2722//2238 2456//2012
f 2457//2013 2723//2239 2455//2011
f 2456//2012 2724//2240 2458//2014
f 2459//2015 2725//2241 2457//2013
f 2458//2014 2726//2242 2460//2016
f 2461//2017 2727//2243 2459//2015
f 2460//2016 2728//2244 2462//2018
f 2575//2109 2729//2245 2461//2017
f 2462//2018 2730//2246 2576//2110
f 2467//2021 2464//2019 2731//2247
f 2732//2248 2465//2020 2468//2022
f 2582//2113 2733//362 2734//2249
f 2735//2250 2736//361 2583//2114
f 2737//2251 2464//2019 2582//2113
f 2583//2114 2465//2020 2738//2252
f 2469//2023 2467//2021 2731//2247
f 2732//2248 2468//2022 2470//2024
f 2469//2023 2739//2253 2471//2025
f 2472//2026 2740//2254 2470//2024
f 2471//2025 2741//2255 2473//2027
f 2474//2028 2742//2256 2472//2026
f 2473//2027 2743//2257 2475//2029
f 2476//2030 2744//2258 2474//2028
f 2477//2031 2475//2029 2745//2259
f 2746//2260 2476//2030 2478//2032
f 2479//2033 2477//2031 2747//2261
f 2748//2262 2478//2032 2480//2034
f 2481//2035 2479//2033 2749//2263
f 2750//2264 2480//2034 2482//2036
f 2483//2037 2481//2035 2751//2265
f 2752//2266 2482//2036 2484//2038
f 2485//2039 2483//2037 2753//2267
f 2754//2268 2484//2038 2486//2040
f 2487//2041 2485//2039 2755//2269
f 2756//2270 2486//2040 2488//2042
f 2487//2041 2757//2271 2489//2043
f 2490//2044 2758//2272 2488//2042
f 2489//2043 2759//2273 2491//2045
f 2492//2046 2760//2274 2490//2044
f 2491//2045 2761//2275 2573//2107
f 2574//2108 2762//2276 2492//2046
f 2377//1945 2649//2169 2585//2115
f 2586//2116 2650//2170 2378//1946
f 2319//1897 2585//2115 2587//2117
f 2588//2118 2586//2116 2320//1898
f 2321//1899 2587//2117 2589//2119
f 2590//2120 2588//2118 2322//1900
f 2589//2119 2591//2121 2323//1901
f 2324//1902 2592//2122 2590//2120
f 2591//2121 2593//2123 2325//1903
f 2326//1904 2594//2124 2592//2122
f 2593//2123 2595//2125 2327//1905
f 2328//1906 2596//2126 2594//2124
f 2595//2125 2597//2127 2329//1907
f 2330//1908 2598//2128 2596//2126
f 2597//2127 2599//2129 2331//1909
f 2332//1910 2600//2130 2598//2128
f 2599//2129 2601//2131 2333//1911
f 2334//1912 2602//2132 2600//2130
f 2335//1913 2601//2131 2603//2133
f 2604//2134 2602//2132 2336//1914
f 2337//1915 2603//2133 2605//2135
f 2606//2136 2604//2134 2338//1916
f 2339//1917 2605//2135 2607//2137
f 2608//2138 2606//2136 2340//1918
f 2379//1947 2607//2137 2651//2171
f 2652//2172 2608//2138 2380//1948
f 2618//2140 2681//2201 2763//2277
f 2764//2278 2682//2202 2619//2141
f 2622//282 2765//2279 2683//276
f 2686//275 2766//2280 2623//281
f 2617//2139 2618//2140 2763//2277
f 2764//2278 2619//2141 2620//2142
f 2621//2143 2765//2279 2622//282
f 2623//281 2766//2280 2624//2144
f 2501//2047 2617//2139 2767//2281
f 2768//2282 2620//2142 2504//2050
f 2505//2051 2769//2283 2621//2143
f 2624//2144 2770//2284 2508//2052
f 2625//2145 2501//2047 2767//2281
f 2768//2282 2504//2050 2626//2146
f 2627//2147 2769//2283 2505//2051
f 2508//2052 2770//2284 2628//2148
f 2509//2053 2625//2145 2771//2285
f 2772//2286 2626//2146 2510//2054
f 2511//2055 2773//2287 2627//2147
f 2628//2148 2774//2288 2512//2056
f 2629//2149 2509//2053 2771//2285
f 2772//2286 2510//2054 2630//2150
f 2631//2151 2773//2287 2511//2055
f 2512//2056 2774//2288 2632//2152
f 2513//2057 2629//2149 2775//2289
f 2776//2290 2630//2150 2514//2058
f 2777//2291 2631//2151 2515//2059
f 2516//2060 2632//2152 2778//2292
f 2633//2153 2513//2057 2775//2289
f 2776//2290 2514//2058 2634//2154
f 2635//2155 2777//2291 2515//2059
f 2516//2060 2778//2292 2636//2156
f 2517//2061 2633//2153 2779//2293
f 2780//2294 2634//2154 2518//2062
f 2519//2063 2657//2177 2635//2155
f 2636//2156 2658//2178 2520//2064
f 2517//2061 2779//2293 2521//2065
f 2522//2066 2780//2294 2518//2062
f 2519//2063 2385//1953 2657//2177
f 2658//2178 2386//1954 2520//2064
f 2521//2065 2781//2295 2637//2157
f 2638//2158 2782//2296 2522//2066
f 2523//2067 2637//2157 2783//2297
f 2784//2298 2638//2158 2524//2068
f 2523//2067 2783//2297 2639//2159
f 2640//2160 2784//2298 2524//2068
f 2639//2159 2785//2299 2525//2069
f 2526//2070 2786//2300 2640//2160
f 2525//2069 2785//2299 2641//2161
f 2642//2162 2786//2300 2526//2070
f 2369//1937 2641//2161 2643//2163
f 2644//2164 2642//2162 2370//1938
f 2643//2163 2787//2301 2527//2071
f 2528//2072 2788//2302 2644//2164
f 2527//2071 2787//2301 2645//2165
f 2646//2166 2788//2302 2528//2072
f 2645//2165 2789//2303 2529//2073
f 2530//2074 2790//2304 2646//2166
f 2529//2073 2789//2303 2647//2167
f 2648//2168 2790//2304 2530//2074
f 2647//2167 2791//2305 2531//2075
f 2532//2076 2792//2306 2648//2168
f 2531//2075 2791//2305 2649//2169
f 2650//2170 2792//2306 2532//2076
f 2381//1949 2651//2171 2653//2173
f 2654//2174 2652//2172 2382//1950
f 2383//1951 2653//2173 2655//2175
f 2656//2176 2654//2174 2384//1952
f 2387//1955 2655//2175 2659//2179
f 2660//2180 2656//2176 2388//1956
f 2657//2177 2427//1985 2695//2213
f 2696//2214 2428//1986 2658//2178
f 2533//2077 2659//2179 2793//2307
f 2794//2308 2660//2180 2534//2078
f 2661//2181 2533//2077 2793//2307
f 2794//2308 2534//2078 2662//2182
f 2535//2079 2661//2181 2795//2309
f 2796//2310 2662//2182 2536//2080
f 2663//2183 2535//2079 2795//2309
f 2796//2310 2536//2080 2664//2184
f 2665//2185 2391//1959 2663//2183
f 2664//2184 2392//1960 2666//2186
f 2537//2081 2665//2185 2797//2311
f 2798//2312 2666//2186 2538//2082
f 2667//2187 2537//2081 2797//2311
f 2798//2312 2538//2082 2668//2188
f 2539//2083 2667//2187 2799//2313
f 2800//2314 2668//2188 2540//2084
f 2669//2189 2539//2083 2799//2313
f 2800//2314 2540//2084 2670//2190
f 2541//2085 2801//2315 2543//2087
f 2544//2088 2802//2316 2542//2086
f 2669//2189 2801//2315 2541//2085
f 2542//2086 2802//2316 2670//2190
f 2543//2087 2803//2317 2671//2191
f 2672//2192 2804//2318 2544//2088
f 2545//2089 2671//2191 2805//2319
f 2806//2320 2672//2192 2546//2090
f 2545//2089 2805//2319 2673//2193
f 2674//2194 2806//2320 2546//2090
f 2547//2091 2673//2193 2807//2321
f 2808//2322 2674//2194 2548//2092
f 2675//2195 2547//2091 2807//2321
f 2808//2322 2548//2092 2676//2196
f 2549//2093 2675//2195 2677//2197
f 2678//2198 2676//2196 2550//2094
f 2551//2095 2677//2197 2809//2323
f 2810//2324 2678//2198 2552//2096
f 2679//2199 2551//2095 2809//2323
f 2810//2324 2552//2096 2680//2200
f 2681//2201 2679//2199 2763//2277
f 2764//2278 2680//2200 2682//2202
f 2683//276 2765//2279 2684//2203
f 2685//2204 2766//2280 2686//275
f 2684//2203 2811//2325 2564//2099
f 2565//2100 2812//2326 2685//2204
f 2564//2099 2811//2325 2687//2205
f 2688//2206 2812//2326 2565//2100
f 2687//2205 2689//2207 2567//2101
f 2568//2102 2690//2208 2688//2206
f 2689//2207 2813//2327 2569//2103
f 2570//2104 2814//2328 2690//2208
f 2569//2103 2813//2327 2691//2209
f 2692//2210 2814//2328 2570//2104
f 2571//2105 2691//2209 2815//2329
f 2816//2330 2692//2210 2572//2106
f 2571//2105 2815//2329 2693//2211
f 2694//2212 2816//2330 2572//2106
f 2573//2107 2817//2331 2695//2213
f 2696//2214 2818//2332 2574//2108
f 2693//2211 2697//2215 2431//1989
f 2432//1990 2698//2216 2694//2212
f 2697//2215 2819//2333 2575//2109
f 2576//2110 2820//2334 2698//2216
f 2436//1993 2699//2217 2701//2219
f 2702//2220 2700//2218 2437//1994
f 2578//2111 2701//2219 2704//2221
f 2705//2222 2702//2220 2579//2112
f 2821//362 2704//2221 2822//2335
f 2823//2336 2705//2222 2824//361
f 2439//1995 2707//2223 2699//2217
f 2700//2218 2708//2224 2440//1996
f 2441//1997 2709//2225 2707//2223
f 2708//2224 2710//2226 2442//1998
f 2443//1999 2711//2227 2709//2225
f 2710//2226 2712//2228 2444//2000
f 2445//2001 2713//2229 2711//2227
f 2712//2228 2714//2230 2446//2002
f 2715//2231 2713//2229 2447//2003
f 2448//2004 2714//2230 2716//2232
f 2717//2233 2715//2231 2449//2005
f 2450//2006 2716//2232 2718//2234
f 2719//2235 2717//2233 2451//2007
f 2452//2008 2718//2234 2720//2236
f 2721//2237 2719//2235 2453//2009
f 2454//2010 2720//2236 2722//2238
f 2723//2239 2721//2237 2455//2011
f 2456//2012 2722//2238 2724//2240
f 2725//2241 2723//2239 2457//2013
f 2458//2014 2724//2240 2726//2242
f 2727//2243 2725//2241 2459//2015
f 2460//2016 2726//2242 2728//2244
f 2729//2245 2727//2243 2461//2017
f 2462//2018 2728//2244 2730//2246
f 2819//2333 2729//2245 2575//2109
f 2576//2110 2730//2246 2820//2334
f 2731//2247 2464//2019 2737//2251
f 2738//2252 2465//2020 2732//2248
f 2737//2251 2582//2113 2734//2249
f 2735//2250 2583//2114 2738//2252
f 2734//2249 2825//362 2826//2337
f 2827//2338 2828//361 2735//2250
f 2469//2023 2731//2247 2739//2253
f 2740//2254 2732//2248 2470//2024
f 2471//2025 2739//2253 2741//2255
f 2742//2256 2740//2254 2472//2026
f 2473//2027 2741//2255 2743//2257
f 2744//2258 2742//2256 2474//2028
f 2475//2029 2743//2257 2745//2259
f 2746//2260 2744//2258 2476//2030
f 2747//2261 2477//2031 2745//2259
f 2746//2260 2478//2032 2748//2262
f 2749//2263 2479//2033 2747//2261
f 2748//2262 2480//2034 2750//2264
f 2751//2265 2481//2035 2749//2263
f 2750//2264 2482//2036 2752//2266
f 2753//2267 2483//2037 2751//2265
f 2752//2266 2484//2038 2754//2268
f 2755//2269 2485//2039 2753//2267
f 2754//2268 2486//2040 2756//2270
f 2755//2269 2757//2271 2487//2041
f 2488//2042 2758//2272 2756//2270
f 2757//2271 2759//2273 2489//2043
f 2490//2044 2760//2274 2758//2272
f 2759//2273 2761//2275 2491//2045
f 2492//2046 2762//2276 2760//2274
f 2761//2275 2817//2331 2573//2107
f 2574//2108 2818//2332 2762//2276
f 2649//2169 2829//2339 2585//2115
f 2586//2116 2830//2340 2650//2170
f 2585//2115 2831//2341 2587//2117
f 2588//2118 2832//2342 2586//2116
f 2587//2117 2833//2343 2589//2119
f 2590//2120 2834//2344 2588//2118
f 2589//2119 2835//2345 2591//2121
f 2592//2122 2836//2346 2590//2120
f 2591//2121 2837//2347 2593//2123
f 2594//2124 2838//2348 2592//2122
f 2593//2123 2839//2349 2595//2125
f 2596//2126 2840//2350 2594//2124
f 2595//2125 2841//2351 2597//2127
f 2598//2128 2842//2352 2596//2126
f 2597//2127 2843//2353 2599//2129
f 2600//2130 2844//2354 2598//2128
f 2599//2129 2845//2355 2601//2131
f 2602//2132 2846//2356 2600//2130
f 2601//2131 2847//2357 2603//2133
f 2604//2134 2848//2358 2602//2132
f 2603//2133 2849//2359 2605//2135
f 2606//2136 2850//2360 2604//2134
f 2605//2135 2851//2361 2607//2137
f 2608//2138 2852//2362 2606//2136
f 2607//2137 2853//2363 2651//2171
f 2652//2172 2854//2364 2608//2138
f 2617//2139 2763//2277 2855//2365
f 2856//2366 2764//2278 2620//2142
f 2621//2143 2857//2367 2765//2279
f 2766//2280 2858//2368 2624//2144
f 2767//2281 2617//2139 2855//2365
f 2856//2366 2620//2142 2768//2282
f 2769//2283 2857//2367 2621//2143
f 2624//2144 2858//2368 2770//2284
f 2625//2145 2767//2281 2859//2369
f 2860//2370 2768//2282 2626//2146
f 2627//2147 2861//2371 2769//2283
f 2770//2284 2862//2372 2628//2148
f 2771//2285 2625//2145 2863//2373
f 2864//2374 2626//2146 2772//2286
f 2773//2287 2865//2375 2627//2147
f 2628//2148 2866//2376 2774//2288
f 2629//2149 2771//2285 2867//2377
f 2868//2378 2772//2286 2630//2150
f 2631//2151 2869//2379 2773//2287
f 2774//2288 2870//2380 2632//2152
f 2775//2289 2629//2149 2867//2377
f 2868//2378 2630//2150 2776//2290
f 2777//2291 2869//2379 2631//2151
f 2632//2152 2870//2380 2778//2292
f 2633//2153 2775//2289 2871//2381
f 2872//2382 2776//2290 2634//2154
f 2635//2155 2873//2383 2777//2291
f 2778//2292 2874//2384 2636//2156
f 2633//2153 2871//2381 2779//2293
f 2780//2294 2872//2382 2634//2154
f 2635//2155 2657//2177 2873//2383
f 2874//2384 2658//2178 2636//2156
f 2521//2065 2779//2293 2781//2295
f 2782//2296 2780//2294 2522//2066
f 2875//2385 2637//2157 2781//2295
f 2782//2296 2638//2158 2876//2386
f 2637//2157 2875//2385 2783//2297
f 2784//2298 2876//2386 2638//2158
f 2877//2387 2639//2159 2783//2297
f 2784//2298 2640//2160 2878//2388
f 2639//2159 2877//2387 2785//2299
f 2786//2300 2878//2388 2640//2160
f 2785//2299 2879//2389 2641//2161
f 2642//2162 2880//2390 2786//2300
f 2641//2161 2881//2391 2643//2163
f 2644//2164 2882//2392 2642//2162
f 2643//2163 2881//2391 2787//2301
f 2788//2302 2882//2392 2644//2164
f 2787//2301 2883//2393 2645//2165
f 2646//2166 2884//2394 2788//2302
f 2645//2165 2883//2393 2789//2303
f 2790//2304 2884//2394 2646//2166
f 2789//2303 2885//2395 2647//2167
f 2648//2168 2886//2396 2790//2304
f 2647//2167 2885//2395 2791//2305
f 2792//2306 2886//2396 2648//2168
f 2791//2305 2887//2397 2649//2169
f 2650//2170 2888//2398 2792//2306
f 2651//2171 2889//2399 2653//2173
f 2654//2174 2890//2400 2652//2172
f 2653//2173 2891//2401 2655//2175
f 2656//2176 2892//2402 2654//2174
f 2659//2179 2655//2175 2893//2403
f 2894//2404 2656//2176 2660//2180
f 2657//2177 2695//2213 2873//2383
f 2874//2384 2696//2214 2658//2178
f 2793//2307 2659//2179 2895//2405
f 2896//2406 2660//2180 2794//2308
f 2661//2181 2793//2307 2897//2407
f 2898//2408 2794//2308 2662//2182
f 2795//2309 2661//2181 2897//2407
f 2898//2408 2662//2182 2796//2310
f 2663//2183 2795//2309 2899//2409
f 2900//2410 2796//2310 2664//2184
f 2665//2185 2663//2183 2901//2411
f 2902//2412 2664//2184 2666//2186
f 2797//2311 2665//2185 2901//2411
f 2902//2412 2666//2186 2798//2312
f 2667//2187 2797//2311 2903//2413
f 2904//2414 2798//2312 2668//2188
f 2799//2313 2667//2187 2903//2413
f 2904//2414 2668//2188 2800//2314
f 2669//2189 2799//2313 2905//2415
f 2906//2416 2800//2314 2670//2190
f 2543//2087 2801//2315 2803//2317
f 2804//2318 2802//2316 2544//2088
f 2801//2315 2669//2189 2905//2415
f 2906//2416 2670//2190 2802//2316
f 2671//2191 2803//2317 2907//2417
f 2908//2418 2804//2318 2672//2192
f 2671//2191 2907//2417 2805//2319
f 2806//2320 2908//2418 2672//2192
f 2673//2193 2805//2319 2909//2419
f 2910//2420 2806//2320 2674//2194
f 2673//2193 2909//2419 2807//2321
f 2808//2322 2910//2420 2674//2194
f 2675//2195 2807//2321 2911//2421
f 2912//2422 2808//2322 2676//2196
f 2677//2197 2675//2195 2913//2423
f 2914//2424 2676//2196 2678//2198
f 2809//2323 2677//2197 2913//2423
f 2914//2424 2678//2198 2810//2324
f 2679//2199 2809//2323 2915//2425
f 2916//2426 2810//2324 2680//2200
f 2763//2277 2679//2199 2915//2425
f 2916//2426 2680//2200 2764//2278
f 2765//2279 2917//2427 2684//2203
f 2685//2204 2918//2428 2766//2280
f 2684//2203 2917//2427 2811//2325
f 2812//2326 2918//2428 2685//2204
f 2811//2325 2919//2429 2687//2205
f 2688//2206 2920//2430 2812//2326
f 2687//2205 2919//2429 2689//2207
f 2690//2208 2920//2430 2688//2206
f 2689//2207 2921//2431 2813//2327
f 2814//2328 2922//2432 2690//2208
f 2691//2209 2813//2327 2923//2433
f 2924//2434 2814//2328 2692//2210
f 2691//2209 2923//2433 2815//2329
f 2816//2330 2924//2434 2692//2210
f 2693//2211 2815//2329 2697//2215
f 2698//2216 2816//2330 2694//2212
f 2817//2331 2925//2435 2695//2213
f 2696//2214 2926//2436 2818//2332
f 2927//2437 2819//2333 2697//2215
f 2698//2216 2820//2334 2928//2438
f 2699//2217 2707//2223 2701//2219
f 2702//2220 2708//2224 2700//2218
f 2704//2221 2701//2219 2929//2439
f 2930//2440 2702//2220 2705//2222
f 2704//2221 2931//2441 2822//2335
f 2823//2336 2932//2442 2705//2222
f 2933//362 2822//2335 2934//2443
f 2935//2444 2823//2336 2936//361
f 2707//2223 2709//2225 2937//2445
f 2938//2446 2710//2226 2708//2224
f 2709//2225 2711//2227 2939//2447
f 2940//2448 2712//2228 2710//2226
f 2711//2227 2713//2229 2941//2449
f 2942//2450 2714//2230 2712//2228
f 2715//2231 2943//2451 2713//2229
f 2714//2230 2944//2452 2716//2232
f 2717//2233 2945//2453 2715//2231
f 2716//2232 2946//2454 2718//2234
f 2719//2235 2947//2455 2717//2233
f 2718//2234 2948//2456 2720//2236
f 2721//2237 2949//2457 2719//2235
f 2720//2236 2950//2458 2722//2238
f 2723//2239 2951//2459 2721//2237
f 2722//2238 2952//2460 2724//2240
f 2725//2241 2953//2461 2723//2239
f 2724//2240 2954//2462 2726//2242
f 2727//2243 2955//2463 2725//2241
f 2726//2242 2956//2464 2728//2244
f 2729//2245 2957//2465 2727//2243
f 2728//2244 2958//2466 2730//2246
f 2819//2333 2959//2467 2729//2245
f 2730//2246 2960//2468 2820//2334
f 2731//2247 2737//2251 2739//2253
f 2740//2254 2738//2252 2732//2248
f 2737//2251 2734//2249 2961//2469
f 2962//2470 2735//2250 2738//2252
f 2963//362 2964//2471 2826//2337
f 2827//2338 2965//2472 2966//361
f 2734//2249 2826//2337 2967//2473
f 2968//2474 2827//2338 2735//2250
f 2739//2253 2969//2475 2741//2255
f 2742//2256 2970//2476 2740//2254
f 2741//2255 2971//2477 2743//2257
f 2744//2258 2972//2478 2742//2256
f 2743//2257 2973//2479 2745//2259
f 2746//2260 2974//2480 2744//2258
f 2747//2261 2745//2259 2975//2481
f 2976//2482 2746//2260 2748//2262
f 2749//2263 2747//2261 2977//2483
f 2978//2484 2748//2262 2750//2264
f 2751//2265 2749//2263 2979//2485
f 2980//2486 2750//2264 2752//2266
f 2753//2267 2751//2265 2981//2487
f 2982//2488 2752//2266 2754//2268
f 2755//2269 2753//2267 2983//2489
f 2984//2490 2754//2268 2756//2270
f 2755//2269 2985//2491 2757//2271
f 2758//2272 2986//2492 2756//2270
f 2757//2271 2987//2493 2759//2273
f 2760//2274 2988//2494 2758//2272
f 2759//2273 2989//2495 2761//2275
f 2762//2276 2990//2496 2760//2274
f 2761//2275 2991//2497 2817//2331
f 2818//2332 2992//2498 2762//2276
f 2649//2169 2887//2397 2829//2339
f 2830//2340 2888//2398 2650//2170
f 2585//2115 2829//2339 2831//2341
f 2832//2342 2830//2340 2586//2116
f 2587//2117 2831//2341 2833//2343
f 2834//2344 2832//2342 2588//2118
f 2589//2119 2833//2343 2835//2345
f 2836//2346 2834//2344 2590//2120
f 2591//2121 2835//2345 2837//2347
f 2838//2348 2836//2346 2592//2122
f 2593//2123 2837//2347 2839//2349
f 2840//2350 2838//2348 2594//2124
f 2595//2125 2839//2349 2841//2351
f 2842//2352 2840//2350 2596//2126
f 2597//2127 2841//2351 2843//2353
f 2844//2354 2842//2352 2598//2128
f 2599//2129 2843//2353 2845//2355
f 2846//2356 2844//2354 2600//2130
f 2601//2131 2845//2355 2847//2357
f 2848//2358 2846//2356 2602//2132
f 2847//2357 2849//2359 2603//2133
f 2604//2134 2850//2360 2848//2358
f 2849//2359 2851//2361 2605//2135
f 2606//2136 2852//2362 2850//2360
f 2851//2361 2853//2363 2607//2137
f 2608//2138 2854//2364 2852//2362
f 2853//2363 2889//2399 2651//2171
f 2652//2172 2890//2400 2854//2364
f 2855//2365 2763//2277 2915//2425
f 2916//2426 2764//2278 2856//2366
f 2857//2367 2917//2427 2765//2279
f 2766//2280 2918//2428 2858//2368
f 2767//2281 2855//2365 2993//2499
f 2994//2500 2856//2366 2768//2282
f 2769//2283 2995//2501 2857//2367
f 2858//2368 2996//2502 2770//2284
f 2767//2281 2993//2499 2859//2369
f 2860//2370 2994//2500 2768//2282
f 2625//2145 2859//2369 2863//2373
f 2864//2374 2860//2370 2626//2146
f 2769//2283 2861//2371 2995//2501
f 2996//2502 2862//2372 2770//2284
f 2627//2147 2865//2375 2861//2371
f 2862//2372 2866//2376 2628//2148
f 2771//2285 2863//2373 2997//2503
f 2998//2504 2864//2374 2772//2286
f 2773//2287 2999//2505 2865//2375
f 2866//2376 3000//2506 2774//2288
f 2867//2377 2771//2285 2997//2503
f 2998//2504 2772//2286 2868//2378
f 2869//2379 2999//2505 2773//2287
f 2774//2288 3000//2506 2870//2380
f 2867//2377 3001//2507 2775//2289
f 2776//2290 3002//2508 2868//2378
f 2869//2379 2777//2291 3003//2509
f 3004//2510 2778//2292 2870//2380
f 2775//2289 3001//2507 2871//2381
f 2872//2382 3002//2508 2776//2290
f 2777//2291 2873//2383 3003//2509
f 3004//2510 2874//2384 2778//2292
f 2779//2293 2871//2381 3005//2511
f 3006//2512 2872//2382 2780//2294
f 2779//2293 3005//2511 2781//2295
f 2782//2296 3006//2512 2780//2294
f 2875//2385 2781//2295 3007//2513
f 3008//2514 2782//2296 2876//2386
f 3009//2515 2783//2297 2875//2385
f 2876//2386 2784//2298 3010//2516
f 2877//2387 2783//2297 3009//2515
f 3010//2516 2784//2298 2878//2388
f 2877//2387 3011//2517 2785//2299
f 2786//2300 3012//2518 2878//2388
f 2785//2299 3011//2517 2879//2389
f 2880//2390 3012//2518 2786//2300
f 2641//2161 2879//2389 2881//2391
f 2882//2392 2880//2390 2642//2162
f 2881//2391 3013//2519 2787//2301
f 2788//2302 3014//2520 2882//2392
f 2787//2301 3013//2519 2883//2393
f 2884//2394 3014//2520 2788//2302
f 2883//2393 3015//2521 2789//2303
f 2790//2304 3016//2522 2884//2394
f 2789//2303 3015//2521 2885//2395
f 2886//2396 3016//2522 2790//2304
f 2885//2395 3017//2523 2791//2305
f 2792//2306 3018//2524 2886//2396
f 2791//2305 3017//2523 2887//2397
f 2888//2398 3018//2524 2792//2306
f 2889//2399 2891//2401 2653//2173
f 2654//2174 2892//2402 2890//2400
f 2655//2175 2891//2401 2893//2403
f 2894//2404 2892//2402 2656//2176
f 2659//2179 2893//2403 2895//2405
f 2896//2406 2894//2404 2660//2180
f 2873//2383 2695//2213 2925//2435
f 2926//2436 2696//2214 2874//2384
f 2793//2307 2895//2405 3019//2525
f 3020//2526 2896//2406 2794//2308
f 2897//2407 2793//2307 3019//2525
f 3020//2526 2794//2308 2898//2408
f 2795//2309 2897//2407 3021//2527
f 3022//2528 2898//2408 2796//2310
f 2899//2409 2795//2309 3021//2527
f 3022//2528 2796//2310 2900//2410
f 2901//2411 2663//2183 2899//2409
f 2900//2410 2664//2184 2902//2412
f 2797//2311 2901//2411 3023//2529
f 3024//2530 2902//2412 2798//2312
f 2903//2413 2797//2311 3023//2529
f 3024//2530 2798//2312 2904//2414
f 2799//2313 2903//2413 3025//2531
f 3026//2532 2904//2414 2800//2314
f 2905//2415 2799//2313 3025//2531
f 3026//2532 2800//2314 2906//2416
f 2803//2317 2801//2315 3027//2533
f 3028//2534 2802//2316 2804//2318
f 2801//2315 2905//2415 3027//2533
f 3028//2534 2906//2416 2802//2316
f 2907//2417 2803//2317 3029//2535
f 3030//2536 2804//2318 2908//2418
f 2805//2319 2907//2417 3031//2537
f 3032//2538 2908//2418 2806//2320
f 2805//2319 3031//2537 2909//2419
f 2910//2420 3032//2538 2806//2320
f 2807//2321 2909//2419 3033//2539
f 3034//2540 2910//2420 2808//2322
f 2807//2321 3033//2539 2911//2421
f 2912//2422 3034//2540 2808//2322
f 2675//2195 2911//2421 2913//2423
f 2914//2424 2912//2422 2676//2196
f 2809//2323 2913//2423 3035//2541
f 3036//2542 2914//2424 2810//2324
f 2809//2323 3035//2541 2915//2425
f 2916//2426 3036//2542 2810//2324
f 2917//2427 3037//2543 2811//2325
f 2812//2326 3038//2544 2918//2428
f 2811//2325 3037//2543 2919//2429
f 2920//2430 3038//2544 2812//2326
f 2919//2429 2921//2431 2689//2207
f 2690//2208 2922//2432 2920//2430
f 2813//2327 2921//2431 3039//2545
f 3040//2546 2922//2432 2814//2328
f 2813//2327 3039//2545 2923//2433
f 2924//2434 3040//2546 2814//2328
f 2815//2329 2923//2433 2927//2437
f 2928//2438 2924//2434 2816//2330
f 2815//2329 2927//2437 2697//2215
f 2698//2216 2928//2438 2816//2330
f 2817//2331 3041//2547 2925//2435
f 2926//2436 3042//2548 2818//2332
f 2927//2437 3043//2549 2819//2333
f 2820//2334 3044//2550 2928//2438
f 2701//2219 2707//2223 2937//2445
f 2938//2446 2708//2224 2702//2220
f 2701//2219 2937//2445 2929//2439
f 2930//2440 2938//2446 2702//2220
f 2704//2221 2929//2439 2931//2441
f 2932//2442 2930//2440 2705//2222
f 2822//2335 2931//2441 2934//2443
f 2935//2444 2932//2442 2823//2336
f 3045//362 2934//2443 3046//2551
f 3047//2552 2935//2444 3048//361
f 2709//2225 2939//2447 2937//2445
f 2938//2446 2940//2448 2710//2226
f 2711//2227 2941//2449 2939//2447
f 2940//2448 2942//2450 2712//2228
f 2713//2229 2943//2451 2941//2449
f 2942//2450 2944//2452 2714//2230
f 2945//2453 2943//2451 2715//2231
f 2716//2232 2944//2452 2946//2454
f 2947//2455 2945//2453 2717//2233
f 2718//2234 2946//2454 2948//2456
f 2949//2457 2947//2455 2719//2235
f 2720//2236 2948//2456 2950//2458
f 2951//2459 2949//2457 2721//2237
f 2722//2238 2950//2458 2952//2460
f 2953//2461 2951//2459 2723//2239
f 2724//2240 2952//2460 2954//2462
f 2955//2463 2953//2461 2725//2241
f 2726//2242 2954//2462 2956//2464
f 2957//2465 2955//2463 2727//2243
f 2728//2244 2956//2464 2958//2466
f 2959//2467 2957//2465 2729//2245
f 2730//2246 2958//2466 2960//2468
f 3043//2549 2959//2467 2819//2333
f 2820//2334 2960//2468 3044//2550
f 2739//2253 2737//2251 2969//2475
f 2970//2476 2738//2252 2740//2254
f 2961//2469 2734//2249 2967//2473
f 2968//2474 2735//2250 2962//2470
f 2737//2251 2961//2469 2969//2475
f 2970//2476 2962//2470 2738//2252
f 2967//2473 2826//2337 2964//2471
f 2965//2472 2827//2338 2968//2474
f 3049//362 3050//2553 2964//2471
f 2965//2472 3051//2554 3052//361
f 2741//2255 2969//2475 2971//2477
f 2972//2478 2970//2476 2742//2256
f 2743//2257 2971//2477 2973//2479
f 2974//2480 2972//2478 2744//2258
f 2973//2479 2975//2481 2745//2259
f 2746//2260 2976//2482 2974//2480
f 2977//2483 2747//2261 2975//2481
f 2976//2482 2748//2262 2978//2484
f 2979//2485 2749//2263 2977//2483
f 2978//2484 2750//2264 2980//2486
f 2981//2487 2751//2265 2979//2485
f 2980//2486 2752//2266 2982//2488
f 2983//2489 2753//2267 2981//2487
f 2982//2488 2754//2268 2984//2490
f 2755//2269 2983//2489 2985//2491
f 2986//2492 2984//2490 2756//2270
f 2985//2491 2987//2493 2757//2271
f 2758//2272 2988//2494 2986//2492
f 2987//2493 2989//2495 2759//2273
f 2760//2274 2990//2496 2988//2494
f 2989//2495 2991//2497 2761//2275
f 2762//2276 2992//2498 2990//2496
f 2991//2497 3041//2547 2817//2331
f 2818//2332 3042//2548 2992//2498
f 2887//2397 3053//2555 2829//2339
f 2830//2340 3054//2556 2888//2398
f 2829//2339 3055//2557 2831//2341
f 2832//2342 3056//2558 2830//2340
f 2831//2341 3057//2559 2833//2343
f 2834//2344 3058//2560 2832//2342
f 2833//2343 3059//2561 2835//2345
f 2836//2346 3060//2562 2834//2344
f 2835//2345 3061//2563 2837//2347
f 2838//2348 3062//2564 2836//2346
f 2837//2347 3063//2565 2839//2349
f 2840//2350 3064//2566 2838//2348
f 2839//2349 3065//2567 2841//2351
f 2842//2352 3066//2568 2840//2350
f 2841//2351 3067//2569 2843//2353
f 2844//2354 3068//2570 2842//2352
f 2843//2353 3069//2571 2845//2355
f 2846//2356 3070//2572 2844//2354
f 2845//2355 3071//2573 2847//2357
f 2848//2358 3072//2574 2846//2356
f 2847//2357 3073//2575 2849//2359
f 2850//2360 3074//2576 2848//2358
f 2849//2359 3075//2577 2851//2361
f 2852//2362 3076//2578 2850//2360
f 2851//2361 3077//2579 2853//2363
f 2854//2364 3078//2580 2852//2362
f 2853//2363 3079//2581 2889//2399
f 2890//2400 3080//2582 2854//2364
f 2855//2365 2915//2425 3081//2583
f 3082//2584 2916//2426 2856//2366
f 2857//2367 3083//2585 2917//2427
f 2918//2428 3084//2586 2858//2368
f 2855//2365 3081//2583 2993//2499
f 2994//2500 3082//2584 2856//2366
f 2857//2367 2995//2501 3083//2585
f 3084//2586 2996//2502 2858//2368
f 2993//2499 3085//2587 2859//2369
f 2860//2370 3086//2588 2994//2500
f 2863//2373 2859//2369 3087//2589
f 3088//2590 2860//2370 2864//2374
f 2995//2501 2861//2371 3089//2591
f 3090//2592 2862//2372 2996//2502
f 2865//2375 3091//2593 2861//2371
f 2862//2372 3092//2594 2866//2376
f 2997//2503 2863//2373 3087//2589
f 3088//2590 2864//2374 2998//2504
f 2999//2505 3091//2593 2865//2375
f 2866//2376 3092//2594 3000//2506
f 2997//2503 3093//2595 2867//2377
f 2868//2378 3094//2596 2998//2504
f 2999//2505 2869//2379 3095//2597
f 3096//2598 2870//2380 3000//2506
f 2867//2377 3093//2595 3001//2507
f 3002//2508 3094//2596 2868//2378
f 2869//2379 3003//2509 3095//2597
f 3096//2598 3004//2510 2870//2380
f 2871//2381 3001//2507 3097//2599
f 3098//2600 3002//2508 2872//2382
f 2873//2383 2925//2435 3003//2509
f 3004//2510 2926//2436 2874//2384
f 2871//2381 3097//2599 3005//2511
f 3006//2512 3098//2600 2872//2382
f 3007//2513 2781//2295 3005//2511
f 3006//2512 2782//2296 3008//2514
f 3099//2601 2875//2385 3007//2513
f 3008//2514 2876//2386 3100//2602
f 3009//2515 2875//2385 3099//2601
f 3100//2602 2876//2386 3010//2516
f 3101//2603 2877//2387 3009//2515
f 3010//2516 2878//2388 3102//2604
f 2877//2387 3101//2603 3011//2517
f 3012//2518 3102//2604 2878//2388
f 3011//2517 3103//2605 2879//2389
f 2880//2390 3104//2606 3012//2518
f 2879//2389 3105//2607 2881//2391
f 2882//2392 3106//2608 2880//2390
f 2881//2391 3105//2607 3013//2519
f 3014//2520 3106//2608 2882//2392
f 3013//2519 3107//2609 2883//2393
f 2884//2394 3108//2610 3014//2520
f 2883//2393 3107//2609 3015//2521
f 3016//2522 3108//2610 2884//2394
f 3015//2521 3109//2611 2885//2395
f 2886//2396 3110//2612 3016//2522
f 2885//2395 3109//2611 3017//2523
f 3018//2524 3110//2612 2886//2396
f 3017//2523 3111//2613 2887//2397
f 2888//2398 3112//2614 3018//2524
f 2889//2399 3113//2615 2891//2401
f 2892//2402 3114//2616 2890//2400
f 2893//2403 2891//2401 3115//2617
f 3116//2618 2892//2402 2894//2404
f 2895//2405 2893//2403 3117//2619
f 3118//2620 2894//2404 2896//2406
f 3019//2525 2895//2405 3119//2621
f 3120//2622 2896//2406 3020//2526
f 2897//2407 3019//2525 3121//2623
f 3122//2624 3020//2526 2898//2408
f 3021//2527 2897//2407 3121//2623
f 3122//2624 2898//2408 3022//2528
f 2899//2409 3021//2527 3123//2625
f 3124//2626 3022//2528 2900//2410
f 2901//2411 2899//2409 3125//2627
f 3126//2628 2900//2410 2902//2412
f 3023//2529 2901//2411 3125//2627
f 3126//2628 2902//2412 3024//2530
f 2903//2413 3023//2529 3127//2629
f 3128//2630 3024//2530 2904//2414
f 3025//2531 2903//2413 3127//2629
f 3128//2630 2904//2414 3026//2532
f 2905//2415 3025//2531 3129//2631
f 3130//2632 3026//2532 2906//2416
f 2803//2317 3027//2533 3029//2535
f 3030//2536 3028//2534 2804//2318
f 3027//2533 2905//2415 3129//2631
f 3130//2632 2906//2416 3028//2534
f 2907//2417 3029//2535 3131//2633
f 3132//2634 3030//2536 2908//2418
f 3031//2537 2907//2417 3131//2633
f 3132//2634 2908//2418 3032//2538
f 2909//2419 3031//2537 3133//2635
f 3134//2636 3032//2538 2910//2420
f 2909//2419 3133//2635 3033//2539
f 3034//2540 3134//2636 2910//2420
f 2911//2421 3033//2539 3135//2637
f 3136//2638 3034//2540 2912//2422
f 2913//2423 2911//2421 3137//2639
f 3138//2640 2912//2422 2914//2424
f 2913//2423 3137//2639 3035//2541
f 3036//2542 3138//2640 2914//2424
f 2915//2425 3035//2541 3081//2583
f 3082//2584 3036//2542 2916//2426
f 2917//2427 3083//2585 3037//2543
f 3038//2544 3084//2586 2918//2428
f 2919//2429 3037//2543 3139//2641
f 3140//2642 3038//2544 2920//2430
f 2919//2429 3139//2641 2921//2431
f 2922//2432 3140//2642 2920//2430
f 2921//2431 3141//2643 3039//2545
f 3040//2546 3142//2644 2922//2432
f 2923//2433 3039//2545 3143//2645
f 3144//2646 3040//2546 2924//2434
f 2923//2433 3143//2645 2927//2437
f 2928//2438 3144//2646 2924//2434
f 3041//2547 3145//2647 2925//2435
f 2926//2436 3146//2648 3042//2548
f 3143//2645 3043//2549 2927//2437
f 2928//2438 3044//2550 3144//2646
f 2929//2439 2937//2445 3147//2649
f 3148//2650 2938//2446 2930//2440
f 2929//2439 3147//2649 2931//2441
f 2932//2442 3148//2650 2930//2440
f 2934//2443 2931//2441 3149//2651
f 3150//2652 2932//2442 2935//2444
f 3046//2551 2934//2443 3151//2653
f 3152//2654 2935//2444 3047//2552
f 3153//362 3046//2551 3154//2655
f 3155//2656 3047//2552 3156//361
f 2937//2445 2939//2447 3147//2649
f 3148//2650 2940//2448 2938//2446
f 2939//2447 2941//2449 3157//2657
f 3158//2658 2942//2450 2940//2448
f 2941//2449 2943//2451 3159//2659
f 3160//2660 2944//2452 2942//2450
f 2945//2453 3161//2661 2943//2451
f 2944//2452 3162//2662 2946//2454
f 2947//2455 3163//2663 2945//2453
f 2946//2454 3164//2664 2948//2456
f 2949//2457 3165//2665 2947//2455
f 2948//2456 3166//2666 2950//2458
f 2951//2459 3167//2667 2949//2457
f 2950//2458 3168//2668 2952//2460
f 2953//2461 3169//2669 2951//2459
f 2952//2460 3170//2670 2954//2462
f 2955//2463 3171//2671 2953//2461
f 2954//2462 3172//2672 2956//2464
f 2957//2465 3173//2673 2955//2463
f 2956//2464 3174//2674 2958//2466
f 2959//2467 3175//2675 2957//2465
f 2958//2466 3176//2676 2960//2468
f 3043//2549 3177//2677 2959//2467
f 2960//2468 3178//2678 3044//2550
f 2961//2469 2967//2473 3179//2679
f 3180//2680 2968//2474 2962//2470
f 2969//2475 2961//2469 3179//2679
f 3180//2680 2962//2470 2970//2476
f 2967//2473 2964//2471 3181//2681
f 3182//2682 2965//2472 2968//2474
f 3183//362 3184//2683 3050//2553
f 3051//2554 3185//2684 3186//361
f 2964//2471 3050//2553 3187//2685
f 3188//2686 3051//2554 2965//2472
f 2969//2475 3179//2679 2971//2477
f 2972//2478 3180//2680 2970//2476
f 2971//2477 3189//2687 2973//2479
f 2974//2480 3190//2688 2972//2478
f 2973//2479 3191//2689 2975//2481
f 2976//2482 3192//2690 2974//2480
f 2977//2483 2975//2481 3193//2691
f 3194//2692 2976//2482 2978//2484
f 2979//2485 2977//2483 3195//2693
f 3196//2694 2978//2484 2980//2486
f 2981//2487 2979//2485 3197//2695
f 3198//2696 2980//2486 2982//2488
f 2983//2489 2981//2487 3199//2697
f 3200//2698 2982//2488 2984//2490
f 2983//2489 3201//2699 2985//2491
f 2986//2492 3202//2700 2984//2490
f 2985//2491 3203//2701 2987//2493
f 2988//2494 3204//2702 2986//2492
f 2987//2493 3205//2703 2989//2495
f 2990//2496 3206//2704 2988//2494
f 2989//2495 3207//2705 2991//2497
f 2992//2498 3208//2706 2990//2496
f 2991//2497 3209//2707 3041//2547
f 3042//2548 3210//2708 2992//2498
f 2887//2397 3111//2613 3053//2555
f 3054//2556 3112//2614 2888//2398
f 2829//2339 3053//2555 3055//2557
f 3056//2558 3054//2556 2830//2340
f 2831//2341 3055//2557 3057//2559
f 3058//2560 3056//2558 2832//2342
f 2833//2343 3057//2559 3059//2561
f 3060//2562 3058//2560 2834//2344
f 2835//2345 3059//2561 3061//2563
f 3062//2564 3060//2562 2836//2346
f 2837//2347 3061//2563 3063//2565
f 3064//2566 3062//2564 2838//2348
f 2839//2349 3063//2565 3065//2567
f 3066//2568 3064//2566 2840//2350
f 2841//2351 3065//2567 3067//2569
f 3068//2570 3066//2568 2842//2352
f 2843//2353 3067//2569 3069//2571
f 3070//2572 3068//2570 2844//2354
f 2845//2355 3069//2571 3071//2573
f 3072//2574 3070//2572 2846//2356
f 3071//2573 3073//2575 2847//2357
f 2848//2358 3074//2576 3072//2574
f 3073//2575 3075//2577 2849//2359
f 2850//2360 3076//2578 3074//2576
f 3075//2577 3077//2579 2851//2361
f 2852//2362 3078//2580 3076//2578
f 3077//2579 3079//2581 2853//2363
f 2854//2364 3080//2582 3078//2580
f 3079//2581 3113//2615 2889//2399
f 2890//2400 3114//2616 3080//2582
f 3081//2583 3211//2709 2993//2499
f 2994//2500 3212//2710 3082//2584
f 3083//2585 2995//2501 3213//2711
f 3214//2712 2996//2502 3084//2586
f 2993//2499 3211//2709 3085//2587
f 3086//2588 3212//2710 2994//2500
f 3087//2589 2859//2369 3085//2587
f 3086//2588 2860//2370 3088//2590
f 3091//2593 3089//2591 2861//2371
f 2862//2372 3090//2592 3092//2594
f 2995//2501 3089//2591 3213//2711
f 3214//2712 3090//2592 2996//2502
f 3087//2589 3215//2713 2997//2503
f 2998//2504 3216//2714 3088//2590
f 3091//2593 2999//2505 3217//2715
f 3218//2716 3000//2506 3092//2594
f 2997//2503 3215//2713 3093//2595
f 3094//2596 3216//2714 2998//2504
f 2999//2505 3095//2597 3217//2715
f 3218//2716 3096//2598 3000//2506
f 3093//2595 3219//2717 3001//2507
f 3002//2508 3220//2718 3094//2596
f 3095//2597 3003//2509 3145//2647
f 3146//2648 3004//2510 3096//2598
f 3001//2507 3219//2717 3097//2599
f 3098//2600 3220//2718 3002//2508
f 3003//2509 2925//2435 3145//2647
f 3146//2648 2926//2436 3004//2510
f 3221//2719 3005//2511 3097//2599
f 3098//2600 3006//2512 3222//2720
f 3007//2513 3005//2511 3221//2719
f 3222//2720 3006//2512 3008//2514
f 3099//2601 3007//2513 3223//2721
f 3224//2722 3008//2514 3100//2602
f 3225//2723 3009//2515 3099//2601
f 3100//2602 3010//2516 3226//2724
f 3101//2603 3009//2515 3225//2723
f 3226//2724 3010//2516 3102//2604
f 3101//2603 3227//2725 3011//2517
f 3012//2518 3228//2726 3102//2604
f 3011//2517 3227//2725 3103//2605
f 3104//2606 3228//2726 3012//2518
f 2879//2389 3103//2605 3105//2607
f 3106//2608 3104//2606 2880//2390
f 3105//2607 3229//2727 3013//2519
f 3014//2520 3230//2728 3106//2608
f 3013//2519 3229//2727 3107//2609
f 3108//2610 3230//2728 3014//2520
f 3107//2609 3231//2729 3015//2521
f 3016//2522 3232//2730 3108//2610
f 3015//2521 3231//2729 3109//2611
f 3110//2612 3232//2730 3016//2522
f 3109//2611 3233//2731 3017//2523
f 3018//2524 3234//2732 3110//2612
f 3017//2523 3233//2731 3111//2613
f 3112//2614 3234//2732 3018//2524
f 2891//2401 3113//2615 3115//2617
f 3116//2618 3114//2616 2892//2402
f 2893//2403 3115//2617 3117//2619
f 3118//2620 3116//2618 2894//2404
f 2895//2405 3117//2619 3119//2621
f 3120//2622 3118//2620 2896//2406
f 3019//2525 3119//2621 3235//2733
f 3236//2734 3120//2622 3020//2526
f 3121//2623 3019//2525 3235//2733
f 3236//2734 3020//2526 3122//2624
f 3021//2527 3121//2623 3237//2735
f 3238//2736 3122//2624 3022//2528
f 3123//2625 3021//2527 3237//2735
f 3238//2736 3022//2528 3124//2626
f 3125//2627 2899//2409 3123//2625
f 3124//2626 2900//2410 3126//2628
f 3023//2529 3125//2627 3239//2737
f 3240//2738 3126//2628 3024//2530
f 3127//2629 3023//2529 3239//2737
f 3240//2738 3024//2530 3128//2630
f 3025//2531 3127//2629 3241//2739
f 3242//2740 3128//2630 3026//2532
f 3129//2631 3025//2531 3241//2739
f 3242//2740 3026//2532 3130//2632
f 3029//2535 3027//2533 3243//2741
f 3244//2742 3028//2534 3030//2536
f 3027//2533 3129//2631 3243//2741
f 3244//2742 3130//2632 3028//2534
f 3131//2633 3029//2535 3245//2743
f 3246//2744 3030//2536 3132//2634
f 3031//2537 3131//2633 3247//2745
f 3248//2746 3132//2634 3032//2538
f 3133//2635 3031//2537 3247//2745
f 3248//2746 3032//2538 3134//2636
f 3033//2539 3133//2635 3249//2747
f 3250//2748 3134//2636 3034//2540
f 3033//2539 3249//2747 3135//2637
f 3136//2638 3250//2748 3034//2540
f 2911//2421 3135//2637 3137//2639
f 3138//2640 3136//2638 2912//2422
f 3035//2541 3137//2639 3251//2749
f 3252//2750 3138//2640 3036//2542
f 3035//2541 3251//2749 3081//2583
f 3082//2584 3252//2750 3036//2542
f 3037//2543 3083//2585 3253//2751
f 3254//2752 3084//2586 3038//2544
f 3037//2543 3253//2751 3139//2641
f 3140//2642 3254//2752 3038//2544
f 2921//2431 3139//2641 3141//2643
f 3142//2644 3140//2642 2922//2432
f 3039//2545 3141//2643 3255//2753
f 3256//2754 3142//2644 3040//2546
f 3039//2545 3255//2753 3143//2645
f 3144//2646 3256//2754 3040//2546
f 3041//2547 3257//2755 3145//2647
f 3146//2648 3258//2756 3042//2548
f 3143//2645 3259//2757 3043//2549
f 3044//2550 3260//2758 3144//2646
f 2931//2441 3147//2649 3261//2759
f 3262//2760 3148//2650 2932//2442
f 2931//2441 3261//2759 3149//2651
f 3150//2652 3262//2760 2932//2442
f 2934//2443 3149//2651 3151//2653
f 3152//2654 3150//2652 2935//2444
f 3046//2551 3151//2653 3154//2655
f 3155//2656 3152//2654 3047//2552
f 3263//362 3154//2655 3264//2761
f 3265//2762 3155//2656 3266//361
f 3147//2649 2939//2447 3157//2657
f 3158//2658 2940//2448 3148//2650
f 2941//2449 3159//2659 3157//2657
f 3158//2658 3160//2660 2942//2450
f 2943//2451 3161//2661 3159//2659
f 3160//2660 3162//2662 2944//2452
f 3163//2663 3161//2661 2945//2453
f 2946//2454 3162//2662 3164//2664
f 3165//2665 3163//2663 2947//2455
f 2948//2456 3164//2664 3166//2666
f 3167//2667 3165//2665 2949//2457
f 2950//2458 3166//2666 3168//2668
f 3169//2669 3167//2667 2951//2459
f 2952//2460 3168//2668 3170//2670
f 3171//2671 3169//2669 2953//2461
f 2954//2462 3170//2670 3172//2672
f 3173//2673 3171//2671 2955//2463
f 2956//2464 3172//2672 3174//2674
f 3175//2675 3173//2673 2957//2465
f 2958//2466 3174//2674 3176//2676
f 3177//2677 3175//2675 2959//2467
f 2960//2468 3176//2676 3178//2678
f 3259//2757 3177//2677 3043//2549
f 3044//2550 3178//2678 3260//2758
f 3179//2679 2967//2473 3267//2763
f 3268//2764 2968//2474 3180//2680
f 2964//2471 3187//2685 3181//2681
f 3182//2682 3188//2686 2965//2472
f 2967//2473 3181//2681 3267//2763
f 3268//2764 3182//2682 2968//2474
f 3050//2553 3184//2683 3187//2685
f 3188//2686 3185//2684 3051//2554
f 3269//362 3270//2765 3184//2683
f 3185//2684 3271//2766 3272//361
f 2971//2477 3179//2679 3189//2687
f 3190//2688 3180//2680 2972//2478
f 3189//2687 3191//2689 2973//2479
f 2974//2480 3192//2690 3190//2688
f 3191//2689 3193//2691 2975//2481
f 2976//2482 3194//2692 3192//2690
f 3195//2693 2977//2483 3193//2691
f 3194//2692 2978//2484 3196//2694
f 3197//2695 2979//2485 3195//2693
f 3196//2694 2980//2486 3198//2696
f 3199//2697 2981//2487 3197//2695
f 3198//2696 2982//2488 3200//2698
f 2983//2489 3199//2697 3201//2699
f 3202//2700 3200//2698 2984//2490
f 2985//2491 3201//2699 3203//2701
f 3204//2702 3202//2700 2986//2492
f 3203//2701 3205//2703 2987//2493
f 2988//2494 3206//2704 3204//2702
f 3205//2703 3207//2705 2989//2495
f 2990//2496 3208//2706 3206//2704
f 3207//2705 3209//2707 2991//2497
f 2992//2498 3210//2708 3208//2706
f 3209//2707 3257//2755 3041//2547
f 3042//2548 3258//2756 3210//2708
f 3111//2613 3273//2767 3053//2555
f 3054//2556 3274//2768 3112//2614
f 3053//2555 3275//2769 3055//2557
f 3056//2558 3276//2770 3054//2556
f 3055//2557 3277//2771 3057//2559
f 3058//2560 3278//2772 3056//2558
f 3057//2559 3279//2773 3059//2561
f 3060//2562 3280//2774 3058//2560
f 3059//2561 3281//2775 3061//2563
f 3062//2564 3282//2776 3060//2562
f 3061//2563 3283//2777 3063//2565
f 3064//2566 3284//2778 3062//2564
f 3063//2565 3285//2779 3065//2567
f 3066//2568 3286//2780 3064//2566
f 3065//2567 3287//2781 3067//2569
f 3068//2570 3288//2782 3066//2568
f 3067//2569 3289//2783 3069//2571
f 3070//2572 3290//2784 3068//2570
f 3069//2571 3291//2785 3071//2573
f 3072//2574 3292//2786 3070//2572
f 3071//2573 3293//2787 3073//2575
f 3074//2576 3294//2788 3072//2574
f 3073//2575 3295//2789 3075//2577
f 3076//2578 3296//2790 3074//2576
f 3075//2577 3297//2791 3077//2579
f 3078//2580 3298//2792 3076//2578
f 3077//2579 3299//2793 3079//2581
f 3080//2582 3300//2794 3078//2580
f 3079//2581 3301//2795 3113//2615
f 3114//2616 3302//2796 3080//2582
f 3081//2583 3251//2749 3211//2709
f 3212//2710 3252//2750 3082//2584
f 3083//2585 3213//2711 3253//2751
f 3254//2752 3214//2712 3084//2586
f 3211//2709 3303//2797 3085//2587
f 3086//2588 3304//2798 3212//2710
f 3085//2587 3305//2799 3087//2589
f 3088//2590 3306//2800 3086//2588
f 3089//2591 3091//2593 3307//2801
f 3308//2802 3092//2594 3090//2592
f 3213//2711 3089//2591 3309//2803
f 3310//2804 3090//2592 3214//2712
f 3087//2589 3305//2799 3215//2713
f 3216//2714 3306//2800 3088//2590
f 3091//2593 3217//2715 3307//2801
f 3308//2802 3218//2716 3092//2594
f 3215//2713 3311//2805 3093//2595
f 3094//2596 3312//2806 3216//2714
f 3217//2715 3095//2597 3313//2807
f 3314//2808 3096//2598 3218//2716
f 3093//2595 3311//2805 3219//2717
f 3220//2718 3312//2806 3094//2596
f 3095//2597 3145//2647 3313//2807
f 3314//2808 3146//2648 3096//2598
f 3315//2809 3097//2599 3219//2717
f 3220//2718 3098//2600 3316//2810
f 3221//2719 3097//2599 3315//2809
f 3316//2810 3098//2600 3222//2720
f 3223//2721 3007//2513 3221//2719
f 3222//2720 3008//2514 3224//2722
f 3317//2811 3099//2601 3223//2721
f 3224//2722 3100//2602 3318//2812
f 3225//2723 3099//2601 3317//2811
f 3318//2812 3100//2602 3226//2724
f 3319//2813 3101//2603 3225//2723
f 3226//2724 3102//2604 3320//2814
f 3101//2603 3319//2813 3227//2725
f 3228//2726 3320//2814 3102//2604
f 3227//2725 3321//2815 3103//2605
f 3104//2606 3322//2816 3228//2726
f 3103//2605 3323//2817 3105//2607
f 3106//2608 3324//2818 3104//2606
f 3105//2607 3323//2817 3229//2727
f 3230//2728 3324//2818 3106//2608
f 3229//2727 3325//2819 3107//2609
f 3108//2610 3326//2820 3230//2728
f 3107//2609 3325//2819 3231//2729
f 3232//2730 3326//2820 3108//2610
f 3231//2729 3327//2821 3109//2611
f 3110//2612 3328//2822 3232//2730
f 3109//2611 3327//2821 3233//2731
f 3234//2732 3328//2822 3110//2612
f 3233//2731 3329//2823 3111//2613
f 3112//2614 3330//2824 3234//2732
f 3115//2617 3113//2615 3331//2825
f 3332//2826 3114//2616 3116//2618
f 3117//2619 3115//2617 3333//2827
f 3334//2828 3116//2618 3118//2620
f 3119//2621 3117//2619 3335//2829
f 3336//2830 3118//2620 3120//2622
f 3235//2733 3119//2621 3337//2831
f 3338//2832 3120//2622 3236//2734
f 3121//2623 3235//2733 3339//2833
f 3340//2834 3236//2734 3122//2624
f 3237//2735 3121//2623 3339//2833
f 3340//2834 3122//2624 3238//2736
f 3123//2625 3237//2735 3341//2835
f 3342//2836 3238//2736 3124//2626
f 3125//2627 3123//2625 3343//2837
f 3344//2838 3124//2626 3126//2628
f 3239//2737 3125//2627 3343//2837
f 3344//2838 3126//2628 3240//2738
f 3127//2629 3239//2737 3345//2839
f 3346//2840 3240//2738 3128//2630
f 3241//2739 3127//2629 3345//2839
f 3346//2840 3128//2630 3242//2740
f 3129//2631 3241//2739 3347//2841
f 3348//2842 3242//2740 3130//2632
f 3029//2535 3243//2741 3245//2743
f 3246//2744 3244//2742 3030//2536
f 3243//2741 3129//2631 3347//2841
f 3348//2842 3130//2632 3244//2742
f 3131//2633 3245//2743 3349//2843
f 3350//2844 3246//2744 3132//2634
f 3247//2745 3131//2633 3349//2843
f 3350//2844 3132//2634 3248//2746
f 3133//2635 3247//2745 3351//2845
f 3352//2846 3248//2746 3134//2636
f 3133//2635 3351//2845 3249//2747
f 3250//2748 3352//2846 3134//2636
f 3135//2637 3249//2747 3353//2847
f 3354//2848 3250//2748 3136//2638
f 3137//2639 3135//2637 3355//2849
f 3356//2850 3136//2638 3138//2640
f 3137//2639 3355//2849 3251//2749
f 3252//2750 3356//2850 3138//2640
f 3139//2641 3253//2751 3357//2851
f 3358//2852 3254//2752 3140//2642
f 3139//2641 3357//2851 3141//2643
f 3142//2644 3358//2852 3140//2642
f 3141//2643 3359//2853 3255//2753
f 3256//2754 3360//2854 3142//2644
f 3143//2645 3255//2753 3259//2757
f 3260//2758 3256//2754 3144//2646
f 3257//2755 3313//2807 3145//2647
f 3146//2648 3314//2808 3258//2756
f 3147//2649 3157//2657 3261//2759
f 3262//2760 3158//2658 3148//2650
f 3149//2651 3261//2759 3361//2855
f 3362//2856 3262//2760 3150//2652
f 3149//2651 3361//2855 3151//2653
f 3152//2654 3362//2856 3150//2652
f 3154//2655 3151//2653 3363//2857
f 3364//2858 3152//2654 3155//2656
f 3264//2761 3154//2655 3365//2859
f 3366//2860 3155//2656 3265//2762
f 2577//362 3264//2761 3367//2861
f 3368//2862 3265//2762 2580//361
f 3157//2657 3159//2659 3369//2863
f 3370//2864 3160//2660 3158//2658
f 3159//2659 3161//2661 3371//2865
f 3372//2866 3162//2662 3160//2660
f 3163//2663 3373//2867 3161//2661
f 3162//2662 3374//2868 3164//2664
f 3165//2665 3375//2869 3163//2663
f 3164//2664 3376//2870 3166//2666
f 3167//2667 3377//2871 3165//2665
f 3166//2666 3378//2872 3168//2668
f 3169//2669 3379//2873 3167//2667
f 3168//2668 3380//2874 3170//2670
f 3171//2671 3381//2875 3169//2669
f 3170//2670 3382//2876 3172//2672
f 3173//2673 3383//2877 3171//2671
f 3172//2672 3384//2878 3174//2674
f 3175//2675 3385//2879 3173//2673
f 3174//2674 3386//2880 3176//2676
f 3177//2677 3387//2881 3175//2675
f 3176//2676 3388//2882 3178//2678
f 3259//2757 3389//2883 3177//2677
f 3178//2678 3390//2884 3260//2758
f 3179//2679 3267//2763 3189//2687
f 3190//2688 3268//2764 3180//2680
f 3181//2681 3187//2685 3391//2885
f 3392//2886 3188//2686 3182//2682
f 3181//2681 3391//2885 3267//2763
f 3268//2764 3392//2886 3182//2682
f 3184//2683 3393//2887 3187//2685
f 3188//2686 3394//2888 3185//2684
f 3395//362 3396//2889 3270//2765
f 3271//2766 3397//2890 3398//361
f 3184//2683 3270//2765 3399//2891
f 3400//2892 3271//2766 3185//2684
f 3189//2687 3401//2893 3191//2689
f 3192//2690 3402//2894 3190//2688
f 3191//2689 3403//2895 3193//2691
f 3194//2692 3404//2896 3192//2690
f 3195//2693 3193//2691 3405//2897
f 3406//2898 3194//2692 3196//2694
f 3197//2695 3195//2693 3407//2899
f 3408//2900 3196//2694 3198//2696
f 3199//2697 3197//2695 3409//2901
f 3410//2902 3198//2696 3200//2698
f 3199//2697 3411//2903 3201//2699
f 3202//2700 3412//2904 3200//2698
f 3201//2699 3413//2905 3203//2701
f 3204//2702 3414//2906 3202//2700
f 3203//2701 3415//2907 3205//2703
f 3206//2704 3416//2908 3204//2702
f 3205//2703 3417//2909 3207//2705
f 3208//2706 3418//2910 3206//2704
f 3207//2705 3419//2911 3209//2707
f 3210//2708 3420//2912 3208//2706
f 3209//2707 3421//2913 3257//2755
f 3258//2756 3422//2914 3210//2708
f 3111//2613 3329//2823 3273//2767
f 3274//2768 3330//2824 3112//2614
f 3053//2555 3273//2767 3275//2769
f 3276//2770 3274//2768 3054//2556
f 3055//2557 3275//2769 3277//2771
f 3278//2772 3276//2770 3056//2558
f 3057//2559 3277//2771 3279//2773
f 3280//2774 3278//2772 3058//2560
f 3059//2561 3279//2773 3281//2775
f 3282//2776 3280//2774 3060//2562
f 3061//2563 3281//2775 3283//2777
f 3284//2778 3282//2776 3062//2564
f 3063//2565 3283//2777 3285//2779
f 3286//2780 3284//2778 3064//2566
f 3065//2567 3285//2779 3287//2781
f 3288//2782 3286//2780 3066//2568
f 3067//2569 3287//2781 3289//2783
f 3290//2784 3288//2782 3068//2570
f 3289//2783 3291//2785 3069//2571
f 3070//2572 3292//2786 3290//2784
f 3291//2785 3293//2787 3071//2573
f 3072//2574 3294//2788 3292//2786
f 3293//2787 3295//2789 3073//2575
f 3074//2576 3296//2790 3294//2788
f 3295//2789 3297//2791 3075//2577
f 3076//2578 3298//2792 3296//2790
f 3297//2791 3299//2793 3077//2579
f 3078//2580 3300//2794 3298//2792
f 3299//2793 3301//2795 3079//2581
f 3080//2582 3302//2796 3300//2794
f 3113//2615 3301//2795 3331//2825
f 3332//2826 3302//2796 3114//2616
f 3251//2749 3423//2915 3211//2709
f 3212//2710 3424//2916 3252//2750
f 3253//2751 3213//2711 3425//2917
f 3426//2918 3214//2712 3254//2752
f 3211//2709 3423//2915 3303//2797
f 3304//2798 3424//2916 3212//2710
f 3085//2587 3303//2797 3305//2799
f 3306//2800 3304//2798 3086//2588
f 3089//2591 3307//2801 3309//2803
f 3310//2804 3308//2802 3090//2592
f 3213//2711 3309//2803 3425//2917
f 3426//2918 3310//2804 3214//2712
f 3305//2799 3427//2919 3215//2713
f 3216//2714 3428//2920 3306//2800
f 3307//2801 3217//2715 3429//2921
f 3430//2922 3218//2716 3308//2802
f 3215//2713 3427//2919 3311//2805
f 3312//2806 3428//2920 3216//2714
f 3217//2715 3313//2807 3429//2921
f 3430//2922 3314//2808 3218//2716
f 3219//2717 3311//2805 3431//2923
f 3432//2924 3312//2806 3220//2718
f 3315//2809 3219//2717 3431//2923
f 3432//2924 3220//2718 3316//2810
f 3433//2925 3221//2719 3315//2809
f 3316//2810 3222//2720 3434//2926
f 3223//2721 3221//2719 3433//2925
f 3434//2926 3222//2720 3224//2722
f 3317//2811 3223//2721 3435//2927
f 3436//2928 3224//2722 3318//2812
f 3437//2929 3225//2723 3317//2811
f 3318//2812 3226//2724 3438//2930
f 3319//2813 3225//2723 3437//2929
f 3438//2930 3226//2724 3320//2814
f 3319//2813 3439//2931 3227//2725
f 3228//2726 3440//2932 3320//2814
f 3227//2725 3439//2931 3321//2815
f 3322//2816 3440//2932 3228//2726
f 3103//2605 3321//2815 3323//2817
f 3324//2818 3322//2816 3104//2606
f 3323//2817 3441//2933 3229//2727
f 3230//2728 3442//2934 3324//2818
f 3229//2727 3441//2933 3325//2819
f 3326//2820 3442//2934 3230//2728
f 3325//2819 3443//2935 3231//2729
f 3232//2730 3444//2936 3326//2820
f 3231//2729 3443//2935 3327//2821
f 3328//2822 3444//2936 3232//2730
f 3327//2821 3445//2937 3233//2731
f 3234//2732 3446//2938 3328//2822
f 3233//2731 3445//2937 3329//2823
f 3330//2824 3446//2938 3234//2732
f 3115//2617 3331//2825 3333//2827
f 3334//2828 3332//2826 3116//2618
f 3117//2619 3333//2827 3335//2829
f 3336//2830 3334//2828 3118//2620
f 3119//2621 3335//2829 3337//2831
f 3338//2832 3336//2830 3120//2622
f 3235//2733 3337//2831 3447//2939
f 3448//2940 3338//2832 3236//2734
f 3339//2833 3235//2733 3447//2939
f 3448//2940 3236//2734 3340//2834
f 3237//2735 3339//2833 3449//2941
f 3450//2942 3340//2834 3238//2736
f 3341//2835 3237//2735 3449//2941
f 3450//2942 3238//2736 3342//2836
f 3343//2837 3123//2625 3341//2835
f 3342//2836 3124//2626 3344//2838
f 3239//2737 3343//2837 3451//2943
f 3452//2944 3344//2838 3240//2738
f 3345//2839 3239//2737 3451//2943
f 3452//2944 3240//2738 3346//2840
f 3241//2739 3345//2839 3453//2945
f 3454//2946 3346//2840 3242//2740
f 3347//2841 3241//2739 3453//2945
f 3454//2946 3242//2740 3348//2842
f 3245//2743 3243//2741 3455//2947
f 3456//2948 3244//2742 3246//2744
f 3243//2741 3347//2841 3455//2947
f 3456//2948 3348//2842 3244//2742
f 3349//2843 3245//2743 3457//2949
f 3458//2950 3246//2744 3350//2844
f 3247//2745 3349//2843 3459//2951
f 3460//2952 3350//2844 3248//2746
f 3351//2845 3247//2745 3459//2951
f 3460//2952 3248//2746 3352//2846
f 3249//2747 3351//2845 3461//2953
f 3462//2954 3352//2846 3250//2748
f 3249//2747 3461//2953 3353//2847
f 3354//2848 3462//2954 3250//2748
f 3135//2637 3353//2847 3355//2849
f 3356//2850 3354//2848 3136//2638
f 3251//2749 3355//2849 3423//2915
f 3424//2916 3356//2850 3252//2750
f 3253//2751 3425//2917 3357//2851
f 3358//2852 3426//2918 3254//2752
f 3141//2643 3357//2851 3359//2853
f 3360//2854 3358//2852 3142//2644
f 3255//2753 3359//2853 3463//2955
f 3464//2956 3360//2854 3256//2754
f 3255//2753 3463//2955 3259//2757
f 3260//2758 3464//2956 3256//2754
f 3257//2755 3465//2957 3313//2807
f 3314//2808 3466//2958 3258//2756
f 3261//2759 3157//2657 3369//2863
f 3370//2864 3158//2658 3262//2760
f 3261//2759 3369//2863 3361//2855
f 3362//2856 3370//2864 3262//2760
f 3151//2653 3361//2855 3467//2959
f 3468//2960 3362//2856 3152//2654
f 3151//2653 3467//2959 3363//2857
f 3364//2858 3468//2960 3152//2654
f 3154//2655 3363//2857 3365//2859
f 3366//2860 3364//2858 3155//2656
f 3264//2761 3365//2859 3367//2861
f 3368//2862 3366//2860 3265//2762
f 3469//362 3367//2861 3470//2961
f 3471//2962 3368//2862 3472//361
f 3369//2863 3159//2659 3371//2865
f 3372//2866 3160//2660 3370//2864
f 3161//2661 3373//2867 3371//2865
f 3372//2866 3374//2868 3162//2662
f 3375//2869 3373//2867 3163//2663
f 3164//2664 3374//2868 3376//2870
f 3377//2871 3375//2869 3165//2665
f 3166//2666 3376//2870 3378//2872
f 3379//2873 3377//2871 3167//2667
f 3168//2668 3378//2872 3380//2874
f 3381//2875 3379//2873 3169//2669
f 3170//2670 3380//2874 3382//2876
f 3383//2877 3381//2875 3171//2671
f 3172//2672 3382//2876 3384//2878
f 3385//2879 3383//2877 3173//2673
f 3174//2674 3384//2878 3386//2880
f 3387//2881 3385//2879 3175//2675
f 3176//2676 3386//2880 3388//2882
f 3389//2883 3387//2881 3177//2677
f 3178//2678 3388//2882 3390//2884
f 3463//2955 3389//2883 3259//2757
f 3260//2758 3390//2884 3464//2956
f 3267//2763 3401//2893 3189//2687
f 3190//2688 3402//2894 3268//2764
f 3187//2685 3473//2963 3391//2885
f 3392//2886 3474//2964 3188//2686
f 3267//2763 3391//2885 3401//2893
f 3402//2894 3392//2886 3268//2764
f 3184//2683 3399//2891 3393//2887
f 3394//2888 3400//2892 3185//2684
f 3187//2685 3393//2887 3473//2963
f 3474//2964 3394//2888 3188//2686
f 3270//2765 3396//2889 3399//2891
f 3400//2892 3397//2890 3271//2766
f 3475//362 3476//2965 3396//2889
f 3397//2890 3477//2966 3478//361
f 3401//2893 3403//2895 3191//2689
f 3192//2690 3404//2896 3402//2894
f 3403//2895 3405//2897 3193//2691
f 3194//2692 3406//2898 3404//2896
f 3407//2899 3195//2693 3405//2897
f 3406//2898 3196//2694 3408//2900
f 3409//2901 3197//2695 3407//2899
f 3408//2900 3198//2696 3410//2902
f 3199//2697 3409//2901 3411//2903
f 3412//2904 3410//2902 3200//2698
f 3201//2699 3411//2903 3413//2905
f 3414//2906 3412//2904 3202//2700
f 3203//2701 3413//2905 3415//2907
f 3416//2908 3414//2906 3204//2702
f 3415//2907 3417//2909 3205//2703
f 3206//2704 3418//2910 3416//2908
f 3417//2909 3419//2911 3207//2705
f 3208//2706 3420//2912 3418//2910
f 3419//2911 3421//2913 3209//2707
f 3210//2708 3422//2914 3420//2912
f 3421//2913 3465//2957 3257//2755
f 3258//2756 3466//2958 3422//2914
f 3329//2823 3479//2967 3273//2767
f 3274//2768 3480//2968 3330//2824
f 3273//2767 3481//2969 3275//2769
f 3276//2770 3482//2970 3274//2768
f 3275//2769 3483//2971 3277//2771
f 3278//2772 3484//2972 3276//2770
f 3277//2771 3485//2973 3279//2773
f 3280//2774 3486//2974 3278//2772
f 3279//2773 3487//2975 3281//2775
f 3282//2776 3488//2976 3280//2774
f 3281//2775 3489//2977 3283//2777
f 3284//2778 3490//2978 3282//2776
f 3283//2777 3491//2979 3285//2779
f 3286//2780 3492//2980 3284//2778
f 3285//2779 3493//2981 3287//2781
f 3288//2782 3494//2982 3286//2780
f 3287//2781 3495//2983 3289//2783
f 3290//2784 3496//2984 3288//2782
f 3289//2783 3497//2985 3291//2785
f 3292//2786 3498//2986 3290//2784
f 3291//2785 3499//2987 3293//2787
f 3294//2788 3500//2988 3292//2786
f 3293//2787 3501//2989 3295//2789
f 3296//2790 3502//2990 3294//2788
f 3295//2789 3503//2991 3297//2791
f 3298//2792 3504//2992 3296//2790
f 3297//2791 3505//2993 3299//2793
f 3300//2794 3506//2994 3298//2792
f 3299//2793 3507//2995 3301//2795
f 3302//2796 3508//2996 3300//2794
f 3331//2825 3301//2795 3509//2997
f 3510//2998 3302//2796 3332//2826
f 3423//2915 3511//2999 3303//2797
f 3304//2798 3512//3000 3424//2916
f 3303//2797 3513//3001 3305//2799
f 3306//2800 3514//3002 3304//2798
f 3309//2803 3307//2801 3515//3003
f 3516//3004 3308//2802 3310//2804
f 3425//2917 3309//2803 3517//3005
f 3518//3006 3310//2804 3426//2918
f 3305//2799 3513//3001 3427//2919
f 3428//2920 3514//3002 3306//2800
f 3307//2801 3429//2921 3515//3003
f 3516//3004 3430//2922 3308//2802
f 3311//2805 3427//2919 3519//3007
f 3520//3008 3428//2920 3312//2806
f 3313//2807 3465//2957 3429//2921
f 3430//2922 3466//2958 3314//2808
f 3431//2923 3311//2805 3519//3007
f 3520//3008 3312//2806 3432//2924
f 3521//3009 3315//2809 3431//2923
f 3432//2924 3316//2810 3522//3010
f 3433//2925 3315//2809 3521//3009
f 3522//3010 3316//2810 3434//2926
f 3435//2927 3223//2721 3433//2925
f 3434//2926 3224//2722 3436//2928
f 3523//3011 3317//2811 3435//2927
f 3436//2928 3318//2812 3524//3012
f 3437//2929 3317//2811 3523//3011
f 3524//3012 3318//2812 3438//2930
f 3525//3013 3319//2813 3437//2929
f 3438//2930 3320//2814 3526//3014
f 3319//2813 3525//3013 3439//2931
f 3440//2932 3526//3014 3320//2814
f 3439//2931 3527//3015 3321//2815
f 3322//2816 3528//3016 3440//2932
f 3321//2815 3529//3017 3323//2817
f 3324//2818 3530//3018 3322//2816
f 3323//2817 3529//3017 3441//2933
f 3442//2934 3530//3018 3324//2818
f 3441//2933 3531//3019 3325//2819
f 3326//2820 3532//3020 3442//2934
f 3325//2819 3531//3019 3443//2935
f 3444//2936 3532//3020 3326//2820
f 3443//2935 3533//3021 3327//2821
f 3328//2822 3534//3022 3444//2936
f 3327//2821 3533//3021 3445//2937
f 3446//2938 3534//3022 3328//2822
f 3445//2937 3535//3023 3329//2823
f 3330//2824 3536//3024 3446//2938
f 3333//2827 3331//2825 3537//3025
f 3538//3026 3332//2826 3334//2828
f 3335//2829 3333//2827 3539//3027
f 3540//3028 3334//2828 3336//2830
f 3337//2831 3335//2829 3541//3029
f 3542//3030 3336//2830 3338//2832
f 3447//2939 3337//2831 3543//3031
f 3544//3032 3338//2832 3448//2940
f 3339//2833 3447//2939 3545//3033
f 3546//3034 3448//2940 3340//2834
f 3449//2941 3339//2833 3545//3033
f 3546//3034 3340//2834 3450//2942
f 3341//2835 3449//2941 3547//3035
f 3548//3036 3450//2942 3342//2836
f 3343//2837 3341//2835 3549//3037
f 3550//3038 3342//2836 3344//2838
f 3451//2943 3343//2837 3549//3037
f 3550//3038 3344//2838 3452//2944
f 3345//2839 3451//2943 3551//3039
f 3552//3040 3452//2944 3346//2840
f 3453//2945 3345//2839 3551//3039
f 3552//3040 3346//2840 3454//2946
f 3347//2841 3453//2945 3553//3041
f 3554//3042 3454//2946 3348//2842
f 3245//2743 3455//2947 3457//2949
f 3458//2950 3456//2948 3246//2744
f 3455//2947 3347//2841 3553//3041
f 3554//3042 3348//2842 3456//2948
f 3349//2843 3457//2949 3555//3043
f 3556//3044 3458//2950 3350//2844
f 3459//2951 3349//2843 3555//3043
f 3556//3044 3350//2844 3460//2952
f 3351//2845 3459//2951 3557//3045
f 3558//3046 3460//2952 3352//2846
f 3461//2953 3351//2845 3557//3045
f 3558//3046 3352//2846 3462//2954
f 3353//2847 3461//2953 3559//3047
f 3560//3048 3462//2954 3354//2848
f 3355//2849 3353//2847 3561//3049
f 3562//3050 3354//2848 3356//2850
f 3355//2849 3561//3049 3423//2915
f 3424//2916 3562//3050 3356//2850
f 3357//2851 3425//2917 3563//3051
f 3564//3052 3426//2918 3358//2852
f 3357//2851 3563//3051 3359//2853
f 3360//2854 3564//3052 3358//2852
f 3359//2853 3565//3053 3463//2955
f 3464//2956 3566//3054 3360//2854
f 3361//2855 3369//2863 3567//3055
f 3568//3056 3370//2864 3362//2856
f 3361//2855 3567//3055 3467//2959
f 3468//2960 3568//3056 3362//2856
f 3363//2857 3467//2959 3569//3057
f 3570//3058 3468//2960 3364//2858
f 3363//2857 3569//3057 3365//2859
f 3366//2860 3570//3058 3364//2858
f 3367//2861 3365//2859 3571//3059
f 3572//3060 3366//2860 3368//2862
f 3470//2961 3367//2861 3573//3061
f 3574//3062 3368//2862 3471//2962
f 3575//362 3470//2961 3576//3063
f 3577//3064 3471//2962 3578//361
f 3369//2863 3371//2865 3567//3055
f 3568//3056 3372//2866 3370//2864
f 3371//2865 3373//2867 3579//3065
f 3580//3066 3374//2868 3372//2866
f 3581//3067 3373//2867 3375//2869
f 3376//2870 3374//2868 3582//3068
f 3583//3069 3375//2869 3377//2871
f 3378//2872 3376//2870 3584//3070
f 3585//3071 3377//2871 3379//2873
f 3380//2874 3378//2872 3586//3072
f 3587//3073 3379//2873 3381//2875
f 3382//2876 3380//2874 3588//3074
f 3589//3075 3381//2875 3383//2877
f 3384//2878 3382//2876 3590//3076
f 3591//3077 3383//2877 3385//2879
f 3386//2880 3384//2878 3592//3078
f 3593//3079 3385//2879 3387//2881
f 3388//2882 3386//2880 3594//3080
f 3595//3081 3387//2881 3389//2883
f 3390//2884 3388//2882 3596//3082
f 3597//3083 3389//2883 3463//2955
f 3464//2956 3390//2884 3598//3084
f 3391//2885 3473//2963 3599//3085
f 3600//3086 3474//2964 3392//2886
f 3391//2885 3599//3085 3401//2893
f 3402//2894 3600//3086 3392//2886
f 3393//2887 3399//2891 3601//3087
f 3602//3088 3400//2892 3394//2888
f 3393//2887 3601//3087 3473//2963
f 3474//2964 3602//3088 3394//2888
f 3396//2889 3603//3089 3399//2891
f 3400//2892 3604//3090 3397//2890
f 3605//362 3606//3091 3476//2965
f 3477//2966 3607//3092 3608//361
f 3396//2889 3476//2965 3609//3093
f 3610//3094 3477//2966 3397//2890
f 3401//2893 3599//3085 3403//2895
f 3404//2896 3600//3086 3402//2894
f 3403//2895 3611//3095 3405//2897
f 3406//2898 3612//3096 3404//2896
f 3407//2899 3405//2897 3613//3097
f 3614//3098 3406//2898 3408//2900
f 3409//2901 3407//2899 3615//3099
f 3616//3100 3408//2900 3410//2902
f 3409//2901 3617//3101 3411//2903
f 3412//2904 3618//3102 3410//2902
f 3411//2903 3619//3103 3413//2905
f 3414//2906 3620//3104 3412//2904
f 3413//2905 3621//3105 3415//2907
f 3416//2908 3622//3106 3414//2906
f 3415//2907 3623//3107 3417//2909
f 3418//2910 3624//3108 3416//2908
f 3417//2909 3625//3109 3419//2911
f 3420//2912 3626//3110 3418//2910
f 3419//2911 3627//3111 3421//2913
f 3422//2914 3628//3112 3420//2912
f 3421//2913 3629//3113 3465//2957
f 3466//2958 3630//3114 3422//2914
f 3329//2823 3535//3023 3479//2967
f 3480//2968 3536//3024 3330//2824
f 3273//2767 3479//2967 3481//2969
f 3482//2970 3480//2968 3274//2768
f 3275//2769 3481//2969 3483//2971
f 3484//2972 3482//2970 3276//2770
f 3277//2771 3483//2971 3485//2973
f 3486//2974 3484//2972 3278//2772
f 3279//2773 3485//2973 3487//2975
f 3488//2976 3486//2974 3280//2774
f 3281//2775 3487//2975 3489//2977
f 3490//2978 3488//2976 3282//2776
f 3283//2777 3489//2977 3491//2979
f 3492//2980 3490//2978 3284//2778
f 3285//2779 3491//2979 3493//2981
f 3494//2982 3492//2980 3286//2780
f 3287//2781 3493//2981 3495//2983
f 3496//2984 3494//2982 3288//2782
f 3289//2783 3495//2983 3497//2985
f 3498//2986 3496//2984 3290//2784
f 3497//2985 3499//2987 3291//2785
f 3292//2786 3500//2988 3498//2986
f 3499//2987 3501//2989 3293//2787
f 3294//2788 3502//2990 3500//2988
f 3501//2989 3503//2991 3295//2789
f 3296//2790 3504//2992 3502//2990
f 3503//2991 3505//2993 3297//2791
f 3298//2792 3506//2994 3504//2992
f 3505//2993 3507//2995 3299//2793
f 3300//2794 3508//2996 3506//2994
f 3301//2795 3507//2995 3509//2997
f 3510//2998 3508//2996 3302//2796
f 3331//2825 3509//2997 3537//3025
f 3538//3026 3510//2998 3332//2826
f 3423//2915 3561//3049 3511//2999
f 3512//3000 3562//3050 3424//2916
f 3303//2797 3511//2999 3513//3001
f 3514//3002 3512//3000 3304//2798
f 3309//2803 3515//3003 3517//3005
f 3518//3006 3516//3004 3310//2804
f 3425//2917 3517//3005 3563//3051
f 3564//3052 3518//3006 3426//2918
f 3427//2919 3513//3001 3631//3115
f 3632//3116 3514//3002 3428//2920
f 3429//2921 3633//3117 3515//3003
f 3516//3004 3634//3118 3430//2922
f 3519//3007 3427//2919 3631//3115
f 3632//3116 3428//2920 3520//3008
f 3465//2957 3633//3117 3429//2921
f 3430//2922 3634//3118 3466//2958
f 3635//3119 3431//2923 3519//3007
f 3520//3008 3432//2924 3636//3120
f 3521//3009 3431//2923 3635//3119
f 3636//3120 3432//2924 3522//3010
f 3637//3121 3433//2925 3521//3009
f 3522//3010 3434//2926 3638//3122
f 3435//2927 3433//2925 3637//3121
f 3638//3122 3434//2926 3436//2928
f 3523//3011 3435//2927 3639//3123
f 3640//3124 3436//2928 3524//3012
f 3641//3125 3437//2929 3523//3011
f 3524//3012 3438//2930 3642//3126
f 3525//3013 3437//2929 3641//3125
f 3642//3126 3438//2930 3526//3014
f 3525//3013 3643//3127 3439//2931
f 3440//2932 3644//3128 3526//3014
f 3439//2931 3643//3127 3527//3015
f 3528//3016 3644//3128 3440//2932
f 3321//2815 3527//3015 3529//3017
f 3530//3018 3528//3016 3322//2816
f 3529//3017 3645//3129 3441//2933
f 3442//2934 3646//3130 3530//3018
f 3441//2933 3645//3129 3531//3019
f 3532//3020 3646//3130 3442//2934
f 3531//3019 3647//3131 3443//2935
f 3444//2936 3648//3132 3532//3020
f 3443//2935 3647//3131 3533//3021
f 3534//3022 3648//3132 3444//2936
f 3533//3021 3649//3133 3445//2937
f 3446//2938 3650//3134 3534//3022
f 3445//2937 3649//3133 3535//3023
f 3536//3024 3650//3134 3446//2938
f 3333//2827 3537//3025 3539//3027
f 3540//3028 3538//3026 3334//2828
f 3335//2829 3539//3027 3541//3029
f 3542//3030 3540//3028 3336//2830
f 3337//2831 3541//3029 3543//3031
f 3544//3032 3542//3030 3338//2832
f 3447//2939 3543//3031 3651//3135
f 3652//3136 3544//3032 3448//2940
f 3545//3033 3447//2939 3651//3135
f 3652//3136 3448//2940 3546//3034
f 3449//2941 3545//3033 3653//3137
f 3654//3138 3546//3034 3450//2942
f 3547//3035 3449//2941 3653//3137
f 3654//3138 3450//2942 3548//3036
f 3549//3037 3341//2835 3547//3035
f 3548//3036 3342//2836 3550//3038
f 3451//2943 3549//3037 3655//3139
f 3656//3140 3550//3038 3452//2944
f 3551//3039 3451//2943 3655//3139
f 3656//3140 3452//2944 3552//3040
f 3453//2945 3551//3039 3657//3141
f 3658//3142 3552//3040 3454//2946
f 3553//3041 3453//2945 3657//3141
f 3658//3142 3454//2946 3554//3042
f 3457//2949 3455//2947 3659//3143
f 3660//3144 3456//2948 3458//2950
f 3455//2947 3553//3041 3659//3143
f 3660//3144 3554//3042 3456//2948
f 3555//3043 3457//2949 3661//3145
f 3662//3146 3458//2950 3556//3044
f 3459//2951 3555//3043 3663//3147
f 3664//3148 3556//3044 3460//2952
f 3557//3045 3459//2951 3663//3147
f 3664//3148 3460//2952 3558//3046
f 3665//3149 3461//2953 3557//3045
f 3558//3046 3462//2954 3666//3150
f 3559//3047 3461//2953 3665//3149
f 3666//3150 3462//2954 3560//3048
f 3353//2847 3559//3047 3561//3049
f 3562//3050 3560//3048 3354//2848
f 3359//2853 3563//3051 3565//3053
f 3566//3054 3564//3052 3360//2854
f 3565//3053 3597//3083 3463//2955
f 3464//2956 3598//3084 3566//3054
f 3467//2959 3567//3055 3667//3151
f 3668//3152 3568//3056 3468//2960
f 3467//2959 3667//3151 3569//3057
f 3570//3058 3668//3152 3468//2960
f 3365//2859 3569//3057 3669//3153
f 3670//3154 3570//3058 3366//2860
f 3365//2859 3669//3153 3571//3059
f 3572//3060 3670//3154 3366//2860
f 3367//2861 3571//3059 3573//3061
f 3574//3062 3572//3060 3368//2862
f 3470//2961 3573//3061 3576//3063
f 3577//3064 3574//3062 3471//2962
f 3671//362 3576//3063 3672//3155
f 3673//3156 3577//3064 3674//361
f 3567//3055 3371//2865 3579//3065
f 3580//3066 3372//2866 3568//3056
f 3579//3065 3373//2867 3581//3067
f 3582//3068 3374//2868 3580//3066
f 3581//3067 3375//2869 3583//3069
f 3584//3070 3376//2870 3582//3068
f 3583//3069 3377//2871 3585//3071
f 3586//3072 3378//2872 3584//3070
f 3585//3071 3379//2873 3587//3073
f 3588//3074 3380//2874 3586//3072
f 3587//3073 3381//2875 3589//3075
f 3590//3076 3382//2876 3588//3074
f 3589//3075 3383//2877 3591//3077
f 3592//3078 3384//2878 3590//3076
f 3593//3079 3591//3077 3385//2879
f 3386//2880 3592//3078 3594//3080
f 3595//3081 3593//3079 3387//2881
f 3388//2882 3594//3080 3596//3082
f 3597//3083 3595//3081 3389//2883
f 3390//2884 3596//3082 3598//3084
f 3473//2963 3675//3157 3599//3085
f 3600//3086 3676//3158 3474//2964
f 3399//2891 3677//3159 3601//3087
f 3602//3088 3678//3160 3400//2892
f 3473//2963 3601//3087 3675//3157
f 3676//3158 3602//3088 3474//2964
f 3396//2889 3609//3093 3603//3089
f 3604//3090 3610//3094 3397//2890
f 3399//2891 3603//3089 3677//3159
f 3678//3160 3604//3090 3400//2892
f 3476//2965 3606//3091 3609//3093
f 3610//3094 3607//3092 3477//2966
f 3679//362 3680//3161 3606//3091
f 3607//3092 3681//3162 3682//361
f 3599//3085 3611//3095 3403//2895
f 3404//2896 3612//3096 3600//3086
f 3611//3095 3613//3097 3405//2897
f 3406//2898 3614//3098 3612//3096
f 3615//3099 3407//2899 3613//3097
f 3614//3098 3408//2900 3616//3100
f 3409//2901 3615//3099 3617//3101
f 3618//3102 3616//3100 3410//2902
f 3411//2903 3617//3101 3619//3103
f 3620//3104 3618//3102 3412//2904
f 3413//2905 3619//3103 3621//3105
f 3622//3106 3620//3104 3414//2906
f 3415//2907 3621//3105 3623//3107
f 3624//3108 3622//3106 3416//2908
f 3623//3107 3625//3109 3417//2909
f 3418//2910 3626//3110 3624//3108
f 3625//3109 3627//3111 3419//2911
f 3420//2912 3628//3112 3626//3110
f 3421//2913 3627//3111 3629//3113
f 3630//3114 3628//3112 3422//2914
f 3465//2957 3629//3113 3633//3117
f 3634//3118 3630//3114 3466//2958
f 3535//3023 3683//3163 3479//2967
f 3480//2968 3684//3164 3536//3024
f 3479//2967 3685//3165 3481//2969
f 3482//2970 3686//3166 3480//2968
f 3481//2969 3687//3167 3483//2971
f 3484//2972 3688//3168 3482//2970
f 3483//2971 3689//3169 3485//2973
f 3486//2974 3690//3170 3484//2972
f 3485//2973 3691//3171 3487//2975
f 3488//2976 3692//3172 3486//2974
f 3487//2975 3693//3173 3489//2977
f 3490//2978 3694//3174 3488//2976
f 3489//2977 3695//3175 3491//2979
f 3492//2980 3696//3176 3490//2978
f 3491//2979 3697//3177 3493//2981
f 3494//2982 3698//3178 3492//2980
f 3493//2981 3699//3179 3495//2983
f 3496//2984 3700//3180 3494//2982
f 3495//2983 3701//3181 3497//2985
f 3498//2986 3702//3182 3496//2984
f 3497//2985 3703//3183 3499//2987
f 3500//2988 3704//3184 3498//2986
f 3499//2987 3705//3185 3501//2989
f 3502//2990 3706//3186 3500//2988
f 3501//2989 3707//3187 3503//2991
f 3504//2992 3708//3188 3502//2990
f 3503//2991 3709//3189 3505//2993
f 3506//2994 3710//3190 3504//2992
f 3505//2993 3711//3191 3507//2995
f 3508//2996 3712//3192 3506//2994
f 3509//2997 3507//2995 3713//3193
f 3714//3194 3508//2996 3510//2998
f 3537//3025 3509//2997 3715//3195
f 3716//3196 3510//2998 3538//3026
f 3561//3049 3717//3197 3511//2999
f 3512//3000 3718//3198 3562//3050
f 3513//3001 3511//2999 3719//3199
f 3720//3200 3512//3000 3514//3002
f 3515//3003 3721//3201 3517//3005
f 3518//3006 3722//3202 3516//3004
f 3563//3051 3517//3005 3723//3203
f 3724//3204 3518//3006 3564//3052
f 3631//3115 3513//3001 3719//3199
f 3720//3200 3514//3002 3632//3116
f 3633//3117 3721//3201 3515//3003
f 3516//3004 3722//3202 3634//3118
f 3519//3007 3631//3115 3725//3205
f 3726//3206 3632//3116 3520//3008
f 3635//3119 3519//3007 3725//3205
f 3726//3206 3520//3008 3636//3120
f 3727//3207 3521//3009 3635//3119
f 3636//3120 3522//3010 3728//3208
f 3637//3121 3521//3009 3727//3207
f 3728//3208 3522//3010 3638//3122
f 3639//3123 3435//2927 3637//3121
f 3638//3122 3436//2928 3640//3124
f 3729//3209 3523//3011 3639//3123
f 3640//3124 3524//3012 3730//3210
f 3641//3125 3523//3011 3729//3209
f 3730//3210 3524//3012 3642//3126
f 3525//3013 3641//3125 3731//3211
f 3732//3212 3642//3126 3526//3014
f 3525//3013 3731//3211 3643//3127
f 3644//3128 3732//3212 3526//3014
f 3643//3127 3733//3213 3527//3015
f 3528//3016 3734//3214 3644//3128
f 3527//3015 3735//3215 3529//3017
f 3530//3018 3736//3216 3528//3016
f 3529//3017 3735//3215 3645//3129
f 3646//3130 3736//3216 3530//3018
f 3645//3129 3737//3217 3531//3019
f 3532//3020 3738//3218 3646//3130
f 3531//3019 3737//3217 3647//3131
f 3648//3132 3738//3218 3532//3020
f 3647//3131 3739//3219 3533//3021
f 3534//3022 3740//3220 3648//3132
f 3533//3021 3739//3219 3649//3133
f 3650//3134 3740//3220 3534//3022
f 3649//3133 3741//3221 3535//3023
f 3536//3024 3742//3222 3650//3134
f 3539//3027 3537//3025 3743//3223
f 3744//3224 3538//3026 3540//3028
f 3541//3029 3539//3027 3745//3225
f 3746//3226 3540//3028 3542//3030
f 3543//3031 3541//3029 3747//3227
f 3748//3228 3542//3030 3544//3032
f 3651//3135 3543//3031 3749//3229
f 3750//3230 3544//3032 3652//3136
f 3545//3033 3651//3135 3751//3231
f 3752//3232 3652//3136 3546//3034
f 3653//3137 3545//3033 3751//3231
f 3752//3232 3546//3034 3654//3138
f 3547//3035 3653//3137 3753//3233
f 3754//3234 3654//3138 3548//3036
f 3549//3037 3547//3035 3755//3235
f 3756//3236 3548//3036 3550//3038
f 3655//3139 3549//3037 3755//3235
f 3756//3236 3550//3038 3656//3140
f 3551//3039 3655//3139 3757//3237
f 3758//3238 3656//3140 3552//3040
f 3657//3141 3551//3039 3757//3237
f 3758//3238 3552//3040 3658//3142
f 3553//3041 3657//3141 3759//3239
f 3760//3240 3658//3142 3554//3042
f 3457//2949 3659//3143 3661//3145
f 3662//3146 3660//3144 3458//2950
f 3659//3143 3553//3041 3759//3239
f 3760//3240 3554//3042 3660//3144
f 3555//3043 3661//3145 3761//3241
f 3762//3242 3662//3146 3556//3044
f 3663//3147 3555//3043 3761//3241
f 3762//3242 3556//3044 3664//3148
f 3763//3243 3557//3045 3663//3147
f 3664//3148 3558//3046 3764//3244
f 3665//3149 3557//3045 3763//3243
f 3764//3244 3558//3046 3666//3150
f 3765//3245 3559//3047 3665//3149
f 3666//3150 3560//3048 3766//3246
f 3561//3049 3559//3047 3717//3197
f 3718//3198 3560//3048 3562//3050
f 3563//3051 3723//3203 3565//3053
f 3566//3054 3724//3204 3564//3052
f 3767//3247 3597//3083 3565//3053
f 3566//3054 3598//3084 3768//3248
f 3567//3055 3579//3065 3667//3151
f 3668//3152 3580//3066 3568//3056
f 3569//3057 3667//3151 3769//3249
f 3770//3250 3668//3152 3570//3058
f 3569//3057 3769//3249 3669//3153
f 3670//3154 3770//3250 3570//3058
f 3571//3059 3669//3153 3771//3251
f 3772//3252 3670//3154 3572//3060
f 3573//3061 3571//3059 3771//3251
f 3772//3252 3572//3060 3574//3062
f 3576//3063 3573//3061 3773//3253
f 3774//3254 3574//3062 3577//3064
f 3672//3155 3576//3063 3775//3255
f 3776//3256 3577//3064 3673//3156
f 3777//362 3672//3155 3778//3257
f 3779//3258 3673//3156 3780//361
f 3579//3065 3581//3067 3781//3259
f 3782//3260 3582//3068 3580//3066
f 3783//3261 3581//3067 3583//3069
f 3584//3070 3582//3068 3784//3262
f 3785//3263 3583//3069 3585//3071
f 3586//3072 3584//3070 3786//3264
f 3787//3265 3585//3071 3587//3073
f 3588//3074 3586//3072 3788//3266
f 3789//3267 3587//3073 3589//3075
f 3590//3076 3588//3074 3790//3268
f 3791//3269 3589//3075 3591//3077
f 3592//3078 3590//3076 3792//3270
f 3793//3271 3591//3077 3593//3079
f 3594//3080 3592//3078 3794//3272
f 3795//3273 3593//3079 3595//3081
f 3596//3082 3594//3080 3796//3274
f 3797//3275 3595//3081 3597//3083
f 3598//3084 3596//3082 3798//3276
f 3599//3085 3675//3157 3611//3095
f 3612//3096 3676//3158 3600//3086
f 3601//3087 3677//3159 3799//3277
f 3800//3278 3678//3160 3602//3088
f 3601//3087 3799//3277 3675//3157
f 3676//3158 3800//3278 3602//3088
f 3603//3089 3609//3093 3801//3279
f 3802//3280 3610//3094 3604//3090
f 3603//3089 3801//3279 3677//3159
f 3678//3160 3802//3280 3604//3090
f 3606//3091 3803//3281 3609//3093
f 3610//3094 3804//3282 3607//3092
f 3805//362 3778//3257 3680//3161
f 3681//3162 3779//3258 3806//361
f 3680//3161 3807//3283 3606//3091
f 3607//3092 3808//3284 3681//3162
f 3611//3095 3809//3285 3613//3097
f 3614//3098 3810//3286 3612//3096
f 3615//3099 3613//3097 3811//3287
f 3812//3288 3614//3098 3616//3100
f 3615//3099 3813//3289 3617//3101
f 3618//3102 3814//3290 3616//3100
f 3617//3101 3815//3291 3619//3103
f 3620//3104 3816//3292 3618//3102
f 3619//3103 3817//3293 3621//3105
f 3622//3106 3818//3294 3620//3104
f 3621//3105 3819//3295 3623//3107
f 3624//3108 3820//3296 3622//3106
f 3623//3107 3821//3297 3625//3109
f 3626//3110 3822//3298 3624//3108
f 3625//3109 3823//3299 3627//3111
f 3628//3112 3824//3300 3626//3110
f 3627//3111 3825//3301 3629//3113
f 3630//3114 3826//3302 3628//3112
f 3629//3113 3827//3303 3633//3117
f 3634//3118 3828//3304 3630//3114
f 3535//3023 3741//3221 3683//3163
f 3684//3164 3742//3222 3536//3024
f 3479//2967 3683//3163 3685//3165
f 3686//3166 3684//3164 3480//2968
f 3481//2969 3685//3165 3687//3167
f 3688//3168 3686//3166 3482//2970
f 3483//2971 3687//3167 3689//3169
f 3690//3170 3688//3168 3484//2972
f 3485//2973 3689//3169 3691//3171
f 3692//3172 3690//3170 3486//2974
f 3487//2975 3691//3171 3693//3173
f 3694//3174 3692//3172 3488//2976
f 3489//2977 3693//3173 3695//3175
f 3696//3176 3694//3174 3490//2978
f 3491//2979 3695//3175 3697//3177
f 3698//3178 3696//3176 3492//2980
f 3493//2981 3697//3177 3699//3179
f 3700//3180 3698//3178 3494//2982
f 3495//2983 3699//3179 3701//3181
f 3702//3182 3700//3180 3496//2984
f 3701//3181 3703//3183 3497//2985
f 3498//2986 3704//3184 3702//3182
f 3703//3183 3705//3185 3499//2987
f 3500//2988 3706//3186 3704//3184
f 3705//3185 3707//3187 3501//2989
f 3502//2990 3708//3188 3706//3186
f 3707//3187 3709//3189 3503//2991
f 3504//2992 3710//3190 3708//3188
f 3709//3189 3711//3191 3505//2993
f 3506//2994 3712//3192 3710//3190
f 3507//2995 3711//3191 3713//3193
f 3714//3194 3712//3192 3508//2996
f 3509//2997 3713//3193 3715//3195
f 3716//3196 3714//3194 3510//2998
f 3537//3025 3715//3195 3743//3223
f 3744//3224 3716//3196 3538//3026
f 3719//3199 3511//2999 3717//3197
f 3718//3198 3512//3000 3720//3200
f 3721//3201 3723//3203 3517//3005
f 3518//3006 3724//3204 3722//3202
f 3631//3115 3719//3199 3829//3305
f 3830//3306 3720//3200 3632//3116
f 3633//3117 3827//3303 3721//3201
f 3722//3202 3828//3304 3634//3118
f 3725//3205 3631//3115 3829//3305
f 3830//3306 3632//3116 3726//3206
f 3831//3307 3635//3119 3725//3205
f 3726//3206 3636//3120 3832//3308
f 3727//3207 3635//3119 3831//3307
f 3832//3308 3636//3120 3728//3208
f 3833//3309 3637//3121 3727//3207
f 3728//3208 3638//3122 3834//3310
f 3639//3123 3637//3121 3833//3309
f 3834//3310 3638//3122 3640//3124
f 3729//3209 3639//3123 3835//3311
f 3836//3312 3640//3124 3730//3210
f 3641//3125 3729//3209 3837//3313
f 3838//3314 3730//3210 3642//3126
f 3731//3211 3641//3125 3837//3313
f 3838//3314 3642//3126 3732//3212
f 3731//3211 3839//3315 3643//3127
f 3644//3128 3840//3316 3732//3212
f 3643//3127 3839//3315 3733//3213
f 3734//3214 3840//3316 3644//3128
f 3527//3015 3733//3213 3735//3215
f 3736//3216 3734//3214 3528//3016
f 3735//3215 3841//3317 3645//3129
f 3646//3130 3842//3318 3736//3216
f 3645//3129 3841//3317 3737//3217
f 3738//3218 3842//3318 3646//3130
f 3737//3217 3843//3319 3647//3131
f 3648//3132 3844//3320 3738//3218
f 3647//3131 3843//3319 3739//3219
f 3740//3220 3844//3320 3648//3132
f 3739//3219 3845//3321 3649//3133
f 3650//3134 3846//3322 3740//3220
f 3649//3133 3845//3321 3741//3221
f 3742//3222 3846//3322 3650//3134
f 3539//3027 3743//3223 3745//3225
f 3746//3226 3744//3224 3540//3028
f 3541//3029 3745//3225 3747//3227
f 3748//3228 3746//3226 3542//3030
f 3543//3031 3747//3227 3749//3229
f 3750//3230 3748//3228 3544//3032
f 3651//3135 3749//3229 3847//3323
f 3848//3324 3750//3230 3652//3136
f 3751//3231 3651//3135 3847//3323
f 3848//3324 3652//3136 3752//3232
f 3653//3137 3751//3231 3849//3325
f 3850//3326 3752//3232 3654//3138
f 3753//3233 3653//3137 3849//3325
f 3850//3326 3654//3138 3754//3234
f 3755//3235 3547//3035 3753//3233
f 3754//3234 3548//3036 3756//3236
f 3655//3139 3755//3235 3851//3327
f 3852//3328 3756//3236 3656//3140
f 3757//3237 3655//3139 3851//3327
f 3852//3328 3656//3140 3758//3238
f 3657//3141 3757//3237 3853//3329
f 3854//3330 3758//3238 3658//3142
f 3759//3239 3657//3141 3853//3329
f 3854//3330 3658//3142 3760//3240
f 3661//3145 3659//3143 3855//3331
f 3856//3332 3660//3144 3662//3146
f 3659//3143 3759//3239 3855//3331
f 3856//3332 3760//3240 3660//3144
f 3761//3241 3661//3145 3857//3333
f 3858//3334 3662//3146 3762//3242
f 3859//3335 3663//3147 3761//3241
f 3762//3242 3664//3148 3860//3336
f 3763//3243 3663//3147 3859//3335
f 3860//3336 3664//3148 3764//3244
f 3861//3337 3665//3149 3763//3243
f 3764//3244 3666//3150 3862//3338
f 3765//3245 3665//3149 3861//3337
f 3862//3338 3666//3150 3766//3246
f 3717//3197 3559//3047 3765//3245
f 3766//3246 3560//3048 3718//3198
f 3723//3203 3767//3247 3565//3053
f 3566//3054 3768//3248 3724//3204
f 3767//3247 3797//3275 3597//3083
f 3598//3084 3798//3276 3768//3248
f 3667//3151 3579//3065 3781//3259
f 3782//3260 3580//3066 3668//3152
f 3667//3151 3781//3259 3769//3249
f 3770//3250 3782//3260 3668//3152
f 3669//3153 3769//3249 3863//3339
f 3864//3340 3770//3250 3670//3154
f 3669//3153 3863//3339 3771//3251
f 3772//3252 3864//3340 3670//3154
f 3573//3061 3771//3251 3865//3341
f 3866//3342 3772//3252 3574//3062
f 3573//3061 3865//3341 3773//3253
f 3774//3254 3866//3342 3574//3062
f 3576//3063 3773//3253 3775//3255
f 3776//3256 3774//3254 3577//3064
f 3672//3155 3775//3255 3778//3257
f 3779//3258 3776//3256 3673//3156
f 3781//3259 3581//3067 3783//3261
f 3784//3262 3582//3068 3782//3260
f 3783//3261 3583//3069 3785//3263
f 3786//3264 3584//3070 3784//3262
f 3785//3263 3585//3071 3787//3265
f 3788//3266 3586//3072 3786//3264
f 3787//3265 3587//3073 3789//3267
f 3790//3268 3588//3074 3788//3266
f 3789//3267 3589//3075 3791//3269
f 3792//3270 3590//3076 3790//3268
f 3791//3269 3591//3077 3793//3271
f 3794//3272 3592//3078 3792//3270
f 3795//3273 3793//3271 3593//3079
f 3594//3080 3794//3272 3796//3274
f 3797//3275 3795//3273 3595//3081
f 3596//3082 3796//3274 3798//3276
f 3675//3157 3809//3285 3611//3095
f 3612//3096 3810//3286 3676//3158
f 3677//3159 3867//3343 3799//3277
f 3800//3278 3868//3344 3678//3160
f 3675//3157 3799//3277 3809//3285
f 3810//3286 3800//3278 3676//3158
f 3609//3093 3869//3345 3801//3279
f 3802//3280 3870//3346 3610//3094
f 3677//3159 3801//3279 3867//3343
f 3868//3344 3802//3280 3678//3160
f 3606//3091 3807//3283 3803//3281
f 3804//3282 3808//3284 3607//3092
f 3609//3093 3803//3281 3869//3345
f 3870//3346 3804//3282 3610//3094
f 3680//3161 3778//3257 3807//3283
f 3808//3284 3779//3258 3681//3162
f 3809//3285 3811//3287 3613//3097
f 3614//3098 3812//3288 3810//3286
f 3615//3099 3811//3287 3813//3289
f 3814//3290 3812//3288 3616//3100
f 3617//3101 3813//3289 3815//3291
f 3816//3292 3814//3290 3618//3102
f 3619//3103 3815//3291 3817//3293
f 3818//3294 3816//3292 3620//3104
f 3621//3105 3817//3293 3819//3295
f 3820//3296 3818//3294 3622//3106
f 3623//3107 3819//3295 3821//3297
f 3822//3298 3820//3296 3624//3108
f 3821//3297 3823//3299 3625//3109
f 3626//3110 3824//3300 3822//3298
f 3627//3111 3823//3299 3825//3301
f 3826//3302 3824//3300 3628//3112
f 3629//3113 3825//3301 3827//3303
f 3828//3304 3826//3302 3630//3114
f 3683//3163 3741//3221 3871//3347
f 3872//3348 3742//3222 3684//3164
f 3685//3165 3683//3163 3873//3349
f 3874//3350 3684//3164 3686//3166
f 3687//3167 3685//3165 3875//3351
f 3876//3352 3686//3166 3688//3168
f 3689//3169 3687//3167 3877//3353
f 3878//3354 3688//3168 3690//3170
f 3691//3171 3689//3169 3879//3355
f 3880//3356 3690//3170 3692//3172
f 3693//3173 3691//3171 3881//3357
f 3882//3358 3692//3172 3694//3174
f 3695//3175 3693//3173 3883//3359
f 3884//3360 3694//3174 3696//3176
f 3697//3177 3695//3175 3885//3361
f 3886//3362 3696//3176 3698//3178
f 3699//3179 3697//3177 3887//3363
f 3888//3364 3698//3178 3700//3180
f 3699//3179 3889//3365 3701//3181
f 3702//3182 3890//3366 3700//3180
f 3701//3181 3891//3367 3703//3183
f 3704//3184 3892//3368 3702//3182
f 3703//3183 3893//3369 3705//3185
f 3706//3186 3894//3370 3704//3184
f 3705//3185 3895//3371 3707//3187
f 3708//3188 3896//3372 3706//3186
f 3707//3187 3897//3373 3709//3189
f 3710//3190 3898//3374 3708//3188
f 3709//3189 3899//3375 3711//3191
f 3712//3192 3900//3376 3710//3190
f 3711//3191 3901//3377 3713//3193
f 3714//3194 3902//3378 3712//3192
f 3713//3193 3903//3379 3715//3195
f 3716//3196 3904//3380 3714//3194
f 3715//3195 3905//3381 3743//3223
f 3744//3224 3906//3382 3716//3196
f 3719//3199 3717//3197 3907//3383
f 3908//3384 3718//3198 3720//3200
f 3721//3201 3909//3385 3723//3203
f 3724//3204 3910//3386 3722//3202
f 3829//3305 3719//3199 3907//3383
f 3908//3384 3720//3200 3830//3306
f 3827//3303 3909//3385 3721//3201
f 3722//3202 3910//3386 3828//3304
f 3725//3205 3829//3305 3911//3387
f 3912//3388 3830//3306 3726//3206
f 3831//3307 3725//3205 3911//3387
f 3912//3388 3726//3206 3832//3308
f 3913//3389 3727//3207 3831//3307
f 3832//3308 3728//3208 3914//3390
f 3833//3309 3727//3207 3913//3389
f 3914//3390 3728//3208 3834//3310
f 3835//3311 3639//3123 3833//3309
f 3834//3310 3640//3124 3836//3312
f 3729//3209 3835//3311 3915//3391
f 3916//3392 3836//3312 3730//3210
f 3837//3313 3729//3209 3915//3391
f 3916//3392 3730//3210 3838//3314
f 3731//3211 3837//3313 3917//3393
f 3918//3394 3838//3314 3732//3212
f 3731//3211 3917//3393 3839//3315
f 3840//3316 3918//3394 3732//3212
f 3839//3315 3919//3395 3733//3213
f 3734//3214 3920//3396 3840//3316
f 3733//3213 3921//3397 3735//3215
f 3736//3216 3922//3398 3734//3214
f 3735//3215 3921//3397 3841//3317
f 3842//3318 3922//3398 3736//3216
f 3841//3317 3923//3399 3737//3217
f 3738//3218 3924//3400 3842//3318
f 3737//3217 3923//3399 3843//3319
f 3844//3320 3924//3400 3738//3218
f 3843//3319 3925//3401 3739//3219
f 3740//3220 3926//3402 3844//3320
f 3739//3219 3925//3401 3845//3321
f 3846//3322 3926//3402 3740//3220
f 3741//3221 3845//3321 3927//3403
f 3928//3404 3846//3322 3742//3222
f 3743//3223 3929//3405 3745//3225
f 3746//3226 3930//3406 3744//3224
f 3745//3225 3931//3407 3747//3227
f 3748//3228 3932//3408 3746//3226
f 3747//3227 3933//3409 3749//3229
f 3750//3230 3934//3410 3748//3228
f 3749//3229 3935//3411 3847//3323
f 3848//3324 3936//3412 3750//3230
f 3751//3231 3847//3323 3937//3413
f 3938//3414 3848//3324 3752//3232
f 3849//3325 3751//3231 3937//3413
f 3938//3414 3752//3232 3850//3326
f 3753//3233 3849//3325 3939//3415
f 3940//3416 3850//3326 3754//3234
f 3755//3235 3753//3233 3941//3417
f 3942//3418 3754//3234 3756//3236
f 3851//3327 3755//3235 3941//3417
f 3942//3418 3756//3236 3852//3328
f 3757//3237 3851//3327 3943//3419
f 3944//3420 3852//3328 3758//3238
f 3853//3329 3757//3237 3943//3419
f 3944//3420 3758//3238 3854//3330
f 3759//3239 3853//3329 3945//3421
f 3946//3422 3854//3330 3760//3240
f 3661//3145 3855//3331 3857//3333
f 3858//3334 3856//3332 3662//3146
f 3855//3331 3759//3239 3945//3421
f 3946//3422 3760//3240 3856//3332
f 3947//3423 3761//3241 3857//3333
f 3858//3334 3762//3242 3948//3424
f 3859//3335 3761//3241 3947//3423
f 3948//3424 3762//3242 3860//3336
f 3949//3425 3763//3243 3859//3335
f 3860//3336 3764//3244 3950//3426
f 3861//3337 3763//3243 3949//3425
f 3950//3426 3764//3244 3862//3338
f 3951//3427 3765//3245 3861//3337
f 3862//3338 3766//3246 3952//3428
f 3907//3383 3717//3197 3765//3245
f 3766//3246 3718//3198 3908//3384
f 3909//3385 3767//3247 3723//3203
f 3724//3204 3768//3248 3910//3386
f 3953//3429 3797//3275 3767//3247
f 3768//3248 3798//3276 3954//3430
f 3769//3249 3781//3259 3955//3431
f 3956//3432 3782//3260 3770//3250
f 3769//3249 3955//3431 3863//3339
f 3864//3340 3956//3432 3770//3250
f 3771//3251 3863//3339 3957//3433
f 3958//3434 3864//3340 3772//3252
f 3771//3251 3957//3433 3865//3341
f 3866//3342 3958//3434 3772//3252
f 3773//3253 3865//3341 3959//3435
f 3960//3436 3866//3342 3774//3254
f 3775//3255 3773//3253 3959//3435
f 3960//3436 3774//3254 3776//3256
f 3778//3257 3775//3255 3961//3437
f 3962//3438 3776//3256 3779//3258
f 3781//3259 3783//3261 3955//3431
f 3956//3432 3784//3262 3782//3260
f 3963//3439 3783//3261 3785//3263
f 3786//3264 3784//3262 3964//3440
f 3965//3441 3785//3263 3787//3265
f 3788//3266 3786//3264 3966//3442
f 3967//3443 3787//3265 3789//3267
f 3790//3268 3788//3266 3968//3444
f 3969//3445 3789//3267 3791//3269
f 3792//3270 3790//3268 3970//3446
f 3971//3447 3791//3269 3793//3271
f 3794//3272 3792//3270 3972//3448
f 3973//3449 3793//3271 3795//3273
f 3796//3274 3794//3272 3974//3450
f 3975//3451 3795//3273 3797//3275
f 3798//3276 3796//3274 3976//3452
f 3799//3277 3867//3343 3977//3453
f 3978//3454 3868//3344 3800//3278
f 3799//3277 3977//3453 3809//3285
f 3810//3286 3978//3454 3800//3278
f 3801//3279 3869//3345 3979//3455
f 3980//3456 3870//3346 3802//3280
f 3801//3279 3979//3455 3867//3343
f 3868//3344 3980//3456 3802//3280
f 3803//3281 3807//3283 3981//3457
f 3982//3458 3808//3284 3804//3282
f 3803//3281 3981//3457 3869//3345
f 3870//3346 3982//3458 3804//3282
f 3778//3257 3961//3437 3807//3283
f 3808//3284 3962//3438 3779//3258
f 3809//3285 3977//3453 3811//3287
f 3812//3288 3978//3454 3810//3286
f 3811//3287 3983//3459 3813//3289
f 3814//3290 3984//3460 3812//3288
f 3813//3289 3985//3461 3815//3291
f 3816//3292 3986//3462 3814//3290
f 3815//3291 3987//3463 3817//3293
f 3818//3294 3988//3464 3816//3292
f 3817//3293 3989//3465 3819//3295
f 3820//3296 3990//3466 3818//3294
f 3819//3295 3991//3467 3821//3297
f 3822//3298 3992//3468 3820//3296
f 3821//3297 3993//3469 3823//3299
f 3824//3300 3994//3470 3822//3298
f 3823//3299 3995//3471 3825//3301
f 3826//3302 3996//3472 3824//3300
f 3825//3301 3997//3473 3827//3303
f 3828//3304 3998//3474 3826//3302
f 3871//3347 3741//3221 3927//3403
f 3928//3404 3742//3222 3872//3348
f 3873//3349 3683//3163 3871//3347
f 3872//3348 3684//3164 3874//3350
f 3875//3351 3685//3165 3873//3349
f 3874//3350 3686//3166 3876//3352
f 3687//3167 3875//3351 3877//3353
f 3878//3354 3876//3352 3688//3168
f 3689//3169 3877//3353 3879//3355
f 3880//3356 3878//3354 3690//3170
f 3691//3171 3879//3355 3881//3357
f 3882//3358 3880//3356 3692//3172
f 3693//3173 3881//3357 3883//3359
f 3884//3360 3882//3358 3694//3174
f 3695//3175 3883//3359 3885//3361
f 3886//3362 3884//3360 3696//3176
f 3697//3177 3885//3361 3887//3363
f 3888//3364 3886//3362 3698//3178
f 3699//3179 3887//3363 3889//3365
f 3890//3366 3888//3364 3700//3180
f 3701//3181 3889//3365 3891//3367
f 3892//3368 3890//3366 3702//3182
f 3703//3183 3891//3367 3893//3369
f 3894//3370 3892//3368 3704//3184
f 3705//3185 3893//3369 3895//3371
f 3896//3372 3894//3370 3706//3186
f 3707//3187 3895//3371 3897//3373
f 3898//3374 3896//3372 3708//3188
f 3709//3189 3897//3373 3899//3375
f 3900//3376 3898//3374 3710//3190
f 3711//3191 3899//3375 3901//3377
f 3902//3378 3900//3376 3712//3192
f 3713//3193 3901//3377 3903//3379
f 3904//3380 3902//3378 3714//3194
f 3715//3195 3903//3379 3905//3381
f 3906//3382 3904//3380 3716//3196
f 3743//3223 3905//3381 3929//3405
f 3930//3406 3906//3382 3744//3224
f 3829//3305 3907//3383 3999//3475
f 4000//3476 3908//3384 3830//3306
f 3827//3303 3997//3473 3909//3385
f 3910//3386 3998//3474 3828//3304
f 3911//3387 3829//3305 3999//3475
f 4000//3476 3830//3306 3912//3388
f 4001//3477 3831//3307 3911//3387
f 3912//3388 3832//3308 4002//3478
f 3913//3389 3831//3307 4001//3477
f 4002//3478 3832//3308 3914//3390
f 4003//3479 3833//3309 3913//3389
f 3914//3390 3834//3310 4004//3480
f 3835//3311 3833//3309 4003//3479
f 4004//3480 3834//3310 3836//3312
f 3915//3391 3835//3311 4005//3481
f 4006//3482 3836//3312 3916//3392
f 3837//3313 3915//3391 4007//3483
f 4008//3484 3916//3392 3838//3314
f 3917//3393 3837//3313 4007//3483
f 4008//3484 3838//3314 3918//3394
f 3917//3393 4009//3485 3839//3315
f 3840//3316 4010//3486 3918//3394
f 3839//3315 4009//3485 3919//3395
f 3920//3396 4010//3486 3840//3316
f 3733//3213 3919//3395 3921//3397
f 3922//3398 3920//3396 3734//3214
f 3921//3397 4011//3487 3841//3317
f 3842//3318 4012//3488 3922//3398
f 3841//3317 4011//3487 3923//3399
f 3924//3400 4012//3488 3842//3318
f 3923//3399 4013//3489 3843//3319
f 3844//3320 4014//3490 3924//3400
f 3843//3319 4013//3489 3925//3401
f 3926//3402 4014//3490 3844//3320
f 3845//3321 3925//3401 4015//3491
f 4016//3492 3926//3402 3846//3322
f 3927//3403 3845//3321 4015//3491
f 4016//3492 3846//3322 3928//3404
f 3745//3225 3929//3405 3931//3407
f 3932//3408 3930//3406 3746//3226
f 3747//3227 3931//3407 3933//3409
f 3934//3410 3932//3408 3748//3228
f 3749//3229 3933//3409 3935//3411
f 3936//3412 3934//3410 3750//3230
f 3935//3411 4017//3493 3847//3323
f 3848//3324 4018//3494 3936//3412
f 3847//3323 4017//3493 3937//3413
f 3938//3414 4018//3494 3848//3324
f 3849//3325 3937//3413 4019//3495
f 4020//3496 3938//3414 3850//3326
f 3939//3415 3849//3325 4019//3495
f 4020//3496 3850//3326 3940//3416
f 3941//3417 3753//3233 3939//3415
f 3940//3416 3754//3234 3942//3418
f 3851//3327 3941//3417 4021//3497
f 4022//3498 3942//3418 3852//3328
f 3943//3419 3851//3327 4021//3497
f 4022//3498 3852//3328 3944//3420
f 3853//3329 3943//3419 4023//3499
f 4024//3500 3944//3420 3854//3330
f 3945//3421 3853//3329 4023//3499
f 4024//3500 3854//3330 3946//3422
f 3857//3333 3855//3331 4025//3501
f 4026//3502 3856//3332 3858//3334
f 3855//3331 3945//3421 4025//3501
f 4026//3502 3946//3422 3856//3332
f 4027//3503 3947//3423 3857//3333
f 3858//3334 3948//3424 4028//3504
f 4029//3505 3859//3335 3947//3423
f 3948//3424 3860//3336 4030//3506
f 3949//3425 3859//3335 4029//3505
f 4030//3506 3860//3336 3950//3426
f 4031//3507 3861//3337 3949//3425
f 3950//3426 3862//3338 4032//3508
f 3951//3427 3861//3337 4031//3507
f 4032//3508 3862//3338 3952//3428
f 3907//3383 3765//3245 3951//3427
f 3952//3428 3766//3246 3908//3384
f 3909//3385 3953//3429 3767//3247
f 3768//3248 3954//3430 3910//3386
f 3953//3429 3975//3451 3797//3275
f 3798//3276 3976//3452 3954//3430
f 3863//3339 3955//3431 4033//3509
f 4034//3510 3956//3432 3864//3340
f 3863//3339 4033//3509 3957//3433
f 3958//3434 4034//3510 3864//3340
f 3865//3341 3957//3433 4035//3511
f 4036//3512 3958//3434 3866//3342
f 3959//3435 3865//3341 4035//3511
f 4036//3512 3866//3342 3960//3436
f 3775//3255 3959//3435 4037//3513
f 4038//3514 3960//3436 3776//3256
f 3961//3437 3775//3255 4037//3513
f 4038//3514 3776//3256 3962//3438
f 3955//3431 3783//3261 3963//3439
f 3964//3440 3784//3262 3956//3432
f 3963//3439 3785//3263 3965//3441
f 3966//3442 3786//3264 3964//3440
f 3965//3441 3787//3265 3967//3443
f 3968//3444 3788//3266 3966//3442
f 3967//3443 3789//3267 3969//3445
f 3970//3446 3790//3268 3968//3444
f 3969//3445 3791//3269 3971//3447
f 3972//3448 3792//3270 3970//3446
f 3971//3447 3793//3271 3973//3449
f 3974//3450 3794//3272 3972//3448
f 3975//3451 3973//3449 3795//3273
f 3796//3274 3974//3450 3976//3452
f 3867//3343 4039//3515 3977//3453
f 3978//3454 4040//3516 3868//3344
f 3869//3345 4041//3517 3979//3455
f 3980//3456 4042//3518 3870//3346
f 3867//3343 3979//3455 4039//3515
f 4040//3516 3980//3456 3868//3344
f 3807//3283 4043//3519 3981//3457
f 3982//3458 4044//3520 3808//3284
f 3869//3345 3981//3457 4041//3517
f 4042//3518 3982//3458 3870//3346
f 3807//3283 3961//3437 4043//3519
f 4044//3520 3962//3438 3808//3284
f 3977//3453 3983//3459 3811//3287
f 3812//3288 3984//3460 3978//3454
f 3813//3289 3983//3459 3985//3461
f 3986//3462 3984//3460 3814//3290
f 3815//3291 3985//3461 3987//3463
f 3988//3464 3986//3462 3816//3292
f 3817//3293 3987//3463 3989//3465
f 3990//3466 3988//3464 3818//3294
f 3819//3295 3989//3465 3991//3467
f 3992//3468 3990//3466 3820//3296
f 3821//3297 3991//3467 3993//3469
f 3994//3470 3992//3468 3822//3298
f 3823//3299 3993//3469 3995//3471
f 3996//3472 3994//3470 3824//3300
f 3825//3301 3995//3471 3997//3473
f 3998//3474 3996//3472 3826//3302
f 3871//3347 3927//3403 4045//3521
f 4046//3522 3928//3404 3872//3348
f 3873//3349 3871//3347 4047//3523
f 4048//3524 3872//3348 3874//3350
f 3875//3351 3873//3349 4049//3525
f 4050//3526 3874//3350 3876//3352
f 3877//3353 3875//3351 4051//3527
f 4052//3528 3876//3352 3878//3354
f 3879//3355 3877//3353 4053//3529
f 4054//3530 3878//3354 3880//3356
f 3881//3357 3879//3355 4055//3531
f 4056//3532 3880//3356 3882//3358
f 3883//3359 3881//3357 4057//3533
f 4058//3534 3882//3358 3884//3360
f 3885//3361 3883//3359 4059//3535
f 4060//3536 3884//3360 3886//3362
f 3887//3363 3885//3361 4061//3537
f 4062//3538 3886//3362 3888//3364
f 3887//3363 4063//3539 3889//3365
f 3890//3366 4064//3540 3888//3364
f 3889//3365 4065//3541 3891//3367
f 3892//3368 4066//3542 3890//3366
f 3891//3367 4067//3543 3893//3369
f 3894//3370 4068//3544 3892//3368
f 3893//3369 4069//3545 3895//3371
f 3896//3372 4070//3546 3894//3370
f 3895//3371 4071//3547 3897//3373
f 3898//3374 4072//3548 3896//3372
f 3897//3373 4073//3549 3899//3375
f 3900//3376 4074//3550 3898//3374
f 3899//3375 4075//3551 3901//3377
f 3902//3378 4076//3552 3900//3376
f 3901//3377 4077//3553 3903//3379
f 3904//3380 4078//3554 3902//3378
f 3903//3379 4079//3555 3905//3381
f 3906//3382 4080//3556 3904//3380
f 3905//3381 4081//3557 3929//3405
f 3930//3406 4082//3558 3906//3382
f 3999//3475 3907//3383 3951//3427
f 3952//3428 3908//3384 4000//3476
f 3997//3473 3953//3429 3909//3385
f 3910//3386 3954//3430 3998//3474
f 3911//3387 3999//3475 4083//3559
f 4084//3560 4000//3476 3912//3388
f 4001//3477 3911//3387 4083//3559
f 4084//3560 3912//3388 4002//3478
f 4085//3561 3913//3389 4001//3477
f 4002//3478 3914//3390 4086//3562
f 4003//3479 3913//3389 4085//3561
f 4086//3562 3914//3390 4004//3480
f 3835//3311 4003//3479 4005//3481
f 4006//3482 4004//3480 3836//3312
f 3915//3391 4005//3481 4087//3563
f 4088//3564 4006//3482 3916//3392
f 4007//3483 3915//3391 4087//3563
f 4088//3564 3916//3392 4008//3484
f 3917//3393 4007//3483 4089//3565
f 4090//3566 4008//3484 3918//3394
f 3917//3393 4089//3565 4009//3485
f 4010//3486 4090//3566 3918//3394
f 4009//3485 4091//3567 3919//3395
f 3920//3396 4092//3568 4010//3486
f 3919//3395 4093//3569 3921//3397
f 3922//3398 4094//3570 3920//3396
f 3921//3397 4093//3569 4011//3487
f 4012//3488 4094//3570 3922//3398
f 4011//3487 4095//3571 3923//3399
f 3924//3400 4096//3572 4012//3488
f 3923//3399 4095//3571 4013//3489
f 4014//3490 4096//3572 3924//3400
f 3925//3401 4013//3489 4097//3573
f 4098//3574 4014//3490 3926//3402
f 4015//3491 3925//3401 4097//3573
f 4098//3574 3926//3402 4016//3492
f 3927//3403 4015//3491 4099//3575
f 4100//3576 4016//3492 3928//3404
f 3929//3405 4101//3577 3931//3407
f 3932//3408 4102//3578 3930//3406
f 3931//3407 4103//3579 3933//3409
f 3934//3410 4104//3580 3932//3408
f 3933//3409 4105//3581 3935//3411
f 3936//3412 4106//3582 3934//3410
f 3935//3411 4107//3583 4017//3493
f 4018//3494 4108//3584 3936//3412
f 4017//3493 4109//3585 3937//3413
f 3938//3414 4110//3586 4018//3494
f 3937//3413 4109//3585 4019//3495
f 4020//3496 4110//3586 3938//3414
f 3939//3415 4019//3495 4111//3587
f 4112//3588 4020//3496 3940//3416
f 3941//3417 3939//3415 4113//3589
f 4114//3590 3940//3416 3942//3418
f 4021//3497 3941//3417 4113//3589
f 4114//3590 3942//3418 4022//3498
f 3943//3419 4021//3497 4115//3591
f 4116//3592 4022//3498 3944//3420
f 4023//3499 3943//3419 4115//3591
f 4116//3592 3944//3420 4024//3500
f 3945//3421 4023//3499 4117//3593
f 4118//3594 4024//3500 3946//3422
f 4027//3503 3857//3333 4025//3501
f 4026//3502 3858//3334 4028//3504
f 4025//3501 3945//3421 4117//3593
f 4118//3594 3946//3422 4026//3502
f 4119//3595 3947//3423 4027//3503
f 4028//3504 3948//3424 4120//3596
f 4119//3595 4029//3505 3947//3423
f 3948//3424 4030//3506 4120//3596
f 4121//3597 3949//3425 4029//3505
f 4030//3506 3950//3426 4122//3598
f 4031//3507 3949//3425 4121//3597
f 4122//3598 3950//3426 4032//3508
f 4123//3599 3951//3427 4031//3507
f 4032//3508 3952//3428 4124//3600
f 4125//3601 3975//3451 3953//3429
f 3954//3430 3976//3452 4126//3602
f 3955//3431 3963//3439 4033//3509
f 4034//3510 3964//3440 3956//3432
f 3957//3433 4033//3509 4127//3603
f 4128//3604 4034//3510 3958//3434
f 3957//3433 4127//3603 4035//3511
f 4036//3512 4128//3604 3958//3434
f 3959//3435 4035//3511 4129//3605
f 4130//3606 4036//3512 3960//3436
f 4037//3513 3959//3435 4129//3605
f 4130//3606 3960//3436 4038//3514
f 3961//3437 4037//3513 4043//3519
f 4044//3520 4038//3514 3962//3438
f 4131//3607 3963//3439 3965//3441
f 3966//3442 3964//3440 4132//3608
f 4133//3609 3965//3441 3967//3443
f 3968//3444 3966//3442 4134//3610
f 4135//3611 3967//3443 3969//3445
f 3970//3446 3968//3444 4136//3612
f 4137//3613 3969//3445 3971//3447
f 3972//3448 3970//3446 4138//3614
f 4139//3615 3971//3447 3973//3449
f 3974//3450 3972//3448 4140//3616
f 4141//3617 3973//3449 3975//3451
f 3976//3452 3974//3450 4142//3618
f 3977//3453 4039//3515 3983//3459
f 3984//3460 4040//3516 3978//3454
f 3979//3455 4041//3517 4143//3619
f 4144//3620 4042//3518 3980//3456
f 3979//3455 4143//3619 4039//3515
f 4040//3516 4144//3620 3980//3456
f 3981//3457 4043//3519 4145//3621
f 4146//3622 4044//3520 3982//3458
f 3981//3457 4145//3621 4041//3517
f 4042//3518 4146//3622 3982//3458
f 3983//3459 4147//3623 3985//3461
f 3986//3462 4148//3624 3984//3460
f 3985//3461 4149//3625 3987//3463
f 3988//3464 4150//3626 3986//3462
f 3987//3463 4151//3627 3989//3465
f 3990//3466 4152//3628 3988//3464
f 3989//3465 4153//3629 3991//3467
f 3992//3468 4154//3630 3990//3466
f 3991//3467 4155//3631 3993//3469
f 3994//3470 4156//3632 3992//3468
f 3993//3469 4157//3633 3995//3471
f 3996//3472 4158//3634 3994//3470
f 3995//3471 4125//3601 3997//3473
f 3998//3474 4126//3602 3996//3472
f 4045//3521 3927//3403 4099//3575
f 4100//3576 3928//3404 4046//3522
f 4047//3523 3871//3347 4045//3521
f 4046//3522 3872//3348 4048//3524
f 3873//3349 4047//3523 4049//3525
f 4050//3526 4048//3524 3874//3350
f 3875//3351 4049//3525 4051//3527
f 4052//3528 4050//3526 3876//3352
f 3877//3353 4051//3527 4053//3529
f 4054//3530 4052//3528 3878//3354
f 3879//3355 4053//3529 4055//3531
f 4056//3532 4054//3530 3880//3356
f 3881//3357 4055//3531 4057//3533
f 4058//3534 4056//3532 3882//3358
f 3883//3359 4057//3533 4059//3535
f 4060//3536 4058//3534 3884//3360
f 3885//3361 4059//3535 4061//3537
f 4062//3538 4060//3536 3886//3362
f 3887//3363 4061//3537 4063//3539
f 4064//3540 4062//3538 3888//3364
f 3889//3365 4063//3539 4065//3541
f 4066//3542 4064//3540 3890//3366
f 3891//3367 4065//3541 4067//3543
f 4068//3544 4066//3542 3892//3368
f 3893//3369 4067//3543 4069//3545
f 4070//3546 4068//3544 3894//3370
f 3895//3371 4069//3545 4071//3547
f 4072//3548 4070//3546 3896//3372
f 3897//3373 4071//3547 4073//3549
f 4074//3550 4072//3548 3898//3374
f 3899//3375 4073//3549 4075//3551
f 4076//3552 4074//3550 3900//3376
f 3901//3377 4075//3551 4077//3553
f 4078//3554 4076//3552 3902//3378
f 3903//3379 4077//3553 4079//3555
f 4080//3556 4078//3554 3904//3380
f 3905//3381 4079//3555 4081//3557
f 4082//3558 4080//3556 3906//3382
f 3929//3405 4081//3557 4101//3577
f 4102//3578 4082//3558 3930//3406
f 3999//3475 3951//3427 4123//3599
f 4124//3600 3952//3428 4000//3476
f 3997//3473 4125//3601 3953//3429
f 3954//3430 4126//3602 3998//3474
f 4083//3559 3999//3475 4123//3599
f 4124//3600 4000//3476 4084//3560
f 4159//3635 4001//3477 4083//3559
f 4084//3560 4002//3478 4160//3636
f 4085//3561 4001//3477 4159//3635
f 4160//3636 4002//3478 4086//3562
f 4003//3479 4085//3561 4161//3637
f 4162//3638 4086//3562 4004//3480
f 4005//3481 4003//3479 4161//3637
f 4162//3638 4004//3480 4006//3482
f 4087//3563 4005//3481 4163//3639
f 4164//3640 4006//3482 4088//3564
f 4007//3483 4087//3563 4165//3641
f 4166//3642 4088//3564 4008//3484
f 4089//3565 4007//3483 4165//3641
f 4166//3642 4008//3484 4090//3566
f 4089//3565 4167//3643 4009//3485
f 4010//3486 4168//3644 4090//3566
f 4009//3485 4167//3643 4091//3567
f 4092//3568 4168//3644 4010//3486
f 3919//3395 4091//3567 4093//3569
f 4094//3570 4092//3568 3920//3396
f 4093//3569 4169//3645 4011//3487
f 4012//3488 4170//3646 4094//3570
f 4011//3487 4169//3645 4095//3571
f 4096//3572 4170//3646 4012//3488
f 4013//3489 4095//3571 4171//3647
f 4172//3648 4096//3572 4014//3490
f 4097//3573 4013//3489 4171//3647
f 4172//3648 4014//3490 4098//3574
f 4015//3491 4097//3573 4173//3649
f 4174//3650 4098//3574 4016//3492
f 4099//3575 4015//3491 4173//3649
f 4174//3650 4016//3492 4100//3576
f 3931//3407 4101//3577 4103//3579
f 4104//3580 4102//3578 3932//3408
f 4103//3579 4105//3581 3933//3409
f 3934//3410 4106//3582 4104//3580
f 4105//3581 4107//3583 3935//3411
f 3936//3412 4108//3584 4106//3582
f 4107//3583 4175//3651 4017//3493
f 4018//3494 4176//3652 4108//3584
f 4017//3493 4175//3651 4109//3585
f 4110//3586 4176//3652 4018//3494
f 4109//3585 4177//3653 4019//3495
f 4020//3496 4178//3654 4110//3586
f 4019//3495 4177//3653 4111//3587
f 4112//3588 4178//3654 4020//3496
f 4113//3589 3939//3415 4111//3587
f 4112//3588 3940//3416 4114//3590
f 4021//3497 4113//3589 4179//3655
f 4180//3656 4114//3590 4022//3498
f 4115//3591 4021//3497 4179//3655
f 4180//3656 4022//3498 4116//3592
f 4023//3499 4115//3591 4181//3657
f 4182//3658 4116//3592 4024//3500
f 4117//3593 4023//3499 4181//3657
f 4182//3658 4024//3500 4118//3594
f 4183//3659 4027//3503 4025//3501
f 4026//3502 4028//3504 4184//3660
f 4183//3659 4025//3501 4117//3593
f 4118//3594 4026//3502 4184//3660
f 4185//3661 4119//3595 4027//3503
f 4028//3504 4120//3596 4186//3662
f 4187//3663 4029//3505 4119//3595
f 4120//3596 4030//3506 4188//3664
f 4187//3663 4121//3597 4029//3505
f 4030//3506 4122//3598 4188//3664
f 4189//3665 4031//3507 4121//3597
f 4122//3598 4032//3508 4190//3666
f 4123//3599 4031//3507 4189//3665
f 4190//3666 4032//3508 4124//3600
f 4125//3601 4141//3617 3975//3451
f 3976//3452 4142//3618 4126//3602
f 4033//3509 3963//3439 4131//3607
f 4132//3608 3964//3440 4034//3510
f 4033//3509 4131//3607 4127//3603
f 4128//3604 4132//3608 4034//3510
f 4035//3511 4127//3603 4191//3667
f 4192//3668 4128//3604 4036//3512
f 4129//3605 4035//3511 4191//3667
f 4192//3668 4036//3512 4130//3606
f 4037//3513 4129//3605 4193//3669
f 4194//3670 4130//3606 4038//3514
f 4043//3519 4037//3513 4193//3669
f 4194//3670 4038//3514 4044//3520
f 4131//3607 3965//3441 4133//3609
f 4134//3610 3966//3442 4132//3608
f 4133//3609 3967//3443 4135//3611
f 4136//3612 3968//3444 4134//3610
f 4135//3611 3969//3445 4137//3613
f 4138//3614 3970//3446 4136//3612
f 4137//3613 3971//3447 4139//3615
f 4140//3616 3972//3448 4138//3614
f 4139//3615 3973//3449 4141//3617
f 4142//3618 3974//3450 4140//3616
f 4039//3515 4147//3623 3983//3459
f 3984//3460 4148//3624 4040//3516
f 4041//3517 4195//3671 4143//3619
f 4144//3620 4196//3672 4042//3518
f 4039//3515 4143//3619 4147//3623
f 4148//3624 4144//3620 4040//3516
f 4043//3519 4193//3669 4145//3621
f 4146//3622 4194//3670 4044//3520
f 4041//3517 4145//3621 4195//3671
f 4196//3672 4146//3622 4042//3518
f 3985//3461 4147//3623 4149//3625
f 4150//3626 4148//3624 3986//3462
f 3987//3463 4149//3625 4151//3627
f 4152//3628 4150//3626 3988//3464
f 3989//3465 4151//3627 4153//3629
f 4154//3630 4152//3628 3990//3466
f 3991//3467 4153//3629 4155//3631
f 4156//3632 4154//3630 3992//3468
f 3993//3469 4155//3631 4157//3633
f 4158//3634 4156//3632 3994//3470
f 3995//3471 4157//3633 4125//3601
f 4126//3602 4158//3634 3996//3472
f 4045//3521 4099//3575 4197//3673
f 4198//3674 4100//3576 4046//3522
f 4047//3523 4045//3521 4199//3675
f 4200//3676 4046//3522 4048//3524
f 4049//3525 4047//3523 4201//3677
f 4202//3678 4048//3524 4050//3526
f 4051//3527 4049//3525 4203//3679
f 4204//3680 4050//3526 4052//3528
f 4053//3529 4051//3527 4205//3681
f 4206//3682 4052//3528 4054//3530
f 4055//3531 4053//3529 4207//3683
f 4208//3684 4054//3530 4056//3532
f 4057//3533 4055//3531 4209//3685
f 4210//3686 4056//3532 4058//3534
f 4059//3535 4057//3533 4211//3687
f 4212//3688 4058//3534 4060//3536
f 4061//3537 4059//3535 4213//3689
f 4214//3690 4060//3536 4062//3538
f 4061//3537 4215//3691 4063//3539
f 4064//3540 4216//3692 4062//3538
f 4063//3539 4217//3693 4065//3541
f 4066//3542 4218//3694 4064//3540
f 4065//3541 4219//3695 4067//3543
f 4068//3544 4220//3696 4066//3542
f 4067//3543 4221//3697 4069//3545
f 4070//3546 4222//3698 4068//3544
f 4069//3545 4223//3699 4071//3547
f 4072//3548 4224//3700 4070//3546
f 4071//3547 4225//3701 4073//3549
f 4074//3550 4226//3702 4072//3548
f 4073//3549 4227//3703 4075//3551
f 4076//3552 4228//3704 4074//3550
f 4075//3551 4229//3705 4077//3553
f 4078//3554 4230//3706 4076//3552
f 4077//3553 4231//3707 4079//3555
f 4080//3556 4232//3708 4078//3554
f 4079//3555 4233//3709 4081//3557
f 4082//3558 4234//3710 4080//3556
f 4081//3557 4235//3711 4101//3577
f 4102//3578 4236//3712 4082//3558
f 4083//3559 4123//3599 4237//3713
f 4238//3714 4124//3600 4084//3560
f 4159//3635 4083//3559 4237//3713
f 4238//3714 4084//3560 4160//3636
f 4085//3561 4159//3635 4239//3715
f 4240//3716 4160//3636 4086//3562
f 4161//3637 4085//3561 4239//3715
f 4240//3716 4086//3562 4162//3638
f 4005//3481 4161//3637 4163//3639
f 4164//3640 4162//3638 4006//3482
f 4087//3563 4163//3639 4241//3717
f 4242//3718 4164//3640 4088//3564
f 4165//3641 4087//3563 4241//3717
f 4242//3718 4088//3564 4166//3642
f 4089//3565 4165//3641 4243//3719
f 4244//3720 4166//3642 4090//3566
f 4089//3565 4243//3719 4167//3643
f 4168//3644 4244//3720 4090//3566
f 4167//3643 4245//3721 4091//3567
f 4092//3568 4246//3722 4168//3644
f 4091//3567 4247//3723 4093//3569
f 4094//3570 4248//3724 4092//3568
f 4093//3569 4247//3723 4169//3645
f 4170//3646 4248//3724 4094//3570
f 4249//3725 4095//3571 4169//3645
f 4170//3646 4096//3572 4250//3726
f 4171//3647 4095//3571 4249//3725
f 4250//3726 4096//3572 4172//3648
f 4097//3573 4171//3647 4251//3727
f 4252//3728 4172//3648 4098//3574
f 4173//3649 4097//3573 4251//3727
f 4252//3728 4098//3574 4174//3650
f 4099//3575 4173//3649 4253//3729
f 4254//3730 4174//3650 4100//3576
f 4101//3577 4255//3731 4103//3579
f 4104//3580 4256//3732 4102//3578
f 4103//3579 4257//3733 4105//3581
f 4106//3582 4258//3734 4104//3580
f 4105//3581 4259//3735 4107//3583
f 4108//3584 4260//3736 4106//3582
f 4107//3583 4261//3737 4175//3651
f 4176//3652 4262//3738 4108//3584
f 4175//3651 4263//3739 4109//3585
f 4110//3586 4264//3740 4176//3652
f 4109//3585 4263//3739 4177//3653
f 4178//3654 4264//3740 4110//3586
f 4177//3653 4265//3741 4111//3587
f 4112//3588 4266//3742 4178//3654
f 4113//3589 4111//3587 4267//3743
f 4268//3744 4112//3588 4114//3590
f 4179//3655 4113//3589 4267//3743
f 4268//3744 4114//3590 4180//3656
f 4115//3591 4179//3655 4269//3745
f 4270//3746 4180//3656 4116//3592
f 4181//3657 4115//3591 4269//3745
f 4270//3746 4116//3592 4182//3658
f 4271//3747 4117//3593 4181//3657
f 4182//3658 4118//3594 4272//3748
f 4185//3661 4027//3503 4183//3659
f 4184//3660 4028//3504 4186//3662
f 4271//3747 4183//3659 4117//3593
f 4118//3594 4184//3660 4272//3748
f 4273//3749 4119//3595 4185//3661
f 4186//3662 4120//3596 4274//3750
f 4273//3749 4187//3663 4119//3595
f 4120//3596 4188//3664 4274//3750
f 4275//3751 4121//3597 4187//3663
f 4188//3664 4122//3598 4276//3752
f 4275//3751 4189//3665 4121//3597
f 4122//3598 4190//3666 4276//3752
f 4237//3713 4123//3599 4189//3665
f 4190//3666 4124//3600 4238//3714
f 4157//3633 4141//3617 4125//3601
f 4126//3602 4142//3618 4158//3634
f 4127//3603 4131//3607 4277//3753
f 4278//3754 4132//3608 4128//3604
f 4127//3603 4277//3753 4191//3667
f 4192//3668 4278//3754 4128//3604
f 4129//3605 4191//3667 4279//3755
f 4280//3756 4192//3668 4130//3606
f 4193//3669 4129//3605 4279//3755
f 4280//3756 4130//3606 4194//3670
f 4277//3753 4131//3607 4133//3609
f 4134//3610 4132//3608 4278//3754
f 4281//3757 4133//3609 4135//3611
f 4136//3612 4134//3610 4282//3758
f 4283//3759 4135//3611 4137//3613
f 4138//3614 4136//3612 4284//3760
f 4285//3761 4137//3613 4139//3615
f 4140//3616 4138//3614 4286//3762
f 4287//3763 4139//3615 4141//3617
f 4142//3618 4140//3616 4288//3764
f 4143//3619 4195//3671 4289//3765
f 4290//3766 4196//3672 4144//3620
f 4143//3619 4289//3765 4147//3623
f 4148//3624 4290//3766 4144//3620
f 4145//3621 4193//3669 4291//3767
f 4292//3768 4194//3670 4146//3622
f 4145//3621 4291//3767 4195//3671
f 4196//3672 4292//3768 4146//3622
f 4147//3623 4289//3765 4149//3625
f 4150//3626 4290//3766 4148//3624
f 4149//3625 4293//3769 4151//3627
f 4152//3628 4294//3770 4150//3626
f 4151//3627 4295//3771 4153//3629
f 4154//3630 4296//3772 4152//3628
f 4153//3629 4297//3773 4155//3631
f 4156//3632 4298//3774 4154//3630
f 4155//3631 4287//3763 4157//3633
f 4158//3634 4288//3764 4156//3632
f 4197//3673 4099//3575 4253//3729
f 4254//3730 4100//3576 4198//3674
f 4045//3521 4197//3673 4199//3675
f 4200//3676 4198//3674 4046//3522
f 4047//3523 4199//3675 4201//3677
f 4202//3678 4200//3676 4048//3524
f 4049//3525 4201//3677 4203//3679
f 4204//3680 4202//3678 4050//3526
f 4051//3527 4203//3679 4205//3681
f 4206//3682 4204//3680 4052//3528
f 4053//3529 4205//3681 4207//3683
f 4208//3684 4206//3682 4054//3530
f 4055//3531 4207//3683 4209//3685
f 4210//3686 4208//3684 4056//3532
f 4057//3533 4209//3685 4211//3687
f 4212//3688 4210//3686 4058//3534
f 4059//3535 4211//3687 4213//3689
f 4214//3690 4212//3688 4060//3536
f 4061//3537 4213//3689 4215//3691
f 4216//3692 4214//3690 4062//3538
f 4063//3539 4215//3691 4217//3693
f 4218//3694 4216//3692 4064//3540
f 4065//3541 4217//3693 4219//3695
f 4220//3696 4218//3694 4066//3542
f 4067//3543 4219//3695 4221//3697
f 4222//3698 4220//3696 4068//3544
f 4069//3545 4221//3697 4223//3699
f 4224//3700 4222//3698 4070//3546
f 4071//3547 4223//3699 4225//3701
f 4226//3702 4224//3700 4072//3548
f 4073//3549 4225//3701 4227//3703
f 4228//3704 4226//3702 4074//3550
f 4075//3551 4227//3703 4229//3705
f 4230//3706 4228//3704 4076//3552
f 4077//3553 4229//3705 4231//3707
f 4232//3708 4230//3706 4078//3554
f 4079//3555 4231//3707 4233//3709
f 4234//3710 4232//3708 4080//3556
f 4081//3557 4233//3709 4235//3711
f 4236//3712 4234//3710 4082//3558
f 4101//3577 4235//3711 4255//3731
f 4256//3732 4236//3712 4102//3578
f 4299//3775 4159//3635 4237//3713
f 4238//3714 4160//3636 4300//3776
f 4239//3715 4159//3635 4299//3775
f 4300//3776 4160//3636 4240//3716
f 4161//3637 4239//3715 4301//3777
f 4302//3778 4240//3716 4162//3638
f 4163//3639 4161//3637 4301//3777
f 4302//3778 4162//3638 4164//3640
f 4241//3717 4163//3639 4303//3779
f 4304//3780 4164//3640 4242//3718
f 4165//3641 4241//3717 4305//3781
f 4306//3782 4242//3718 4166//3642
f 4243//3719 4165//3641 4305//3781
f 4306//3782 4166//3642 4244//3720
f 4243//3719 4307//3783 4167//3643
f 4168//3644 4308//3784 4244//3720
f 4167//3643 4307//3783 4245//3721
f 4246//3722 4308//3784 4168//3644
f 4091//3567 4245//3721 4247//3723
f 4248//3724 4246//3722 4092//3568
f 4309//3785 4169//3645 4247//3723
f 4248//3724 4170//3646 4310//3786
f 4249//3725 4169//3645 4309//3785
f 4310//3786 4170//3646 4250//3726
f 4171//3647 4249//3725 4311//3787
f 4312//3788 4250//3726 4172//3648
f 4251//3727 4171//3647 4311//3787
f 4312//3788 4172//3648 4252//3728
f 4173//3649 4251//3727 4313//3789
f 4314//3790 4252//3728 4174//3650
f 4253//3729 4173//3649 4313//3789
f 4314//3790 4174//3650 4254//3730
f 4103//3579 4255//3731 4257//3733
f 4258//3734 4256//3732 4104//3580
f 4257//3733 4259//3735 4105//3581
f 4106//3582 4260//3736 4258//3734
f 4259//3735 4261//3737 4107//3583
f 4108//3584 4262//3738 4260//3736
f 4261//3737 4315//3791 4175//3651
f 4176//3652 4316//3792 4262//3738
f 4175//3651 4315//3791 4263//3739
f 4264//3740 4316//3792 4176//3652
f 4263//3739 4317//3793 4177//3653
f 4178//3654 4318//3794 4264//3740
f 4177//3653 4317//3793 4265//3741
f 4266//3742 4318//3794 4178//3654
f 4111//3587 4265//3741 4267//3743
f 4268//3744 4266//3742 4112//3588
f 4179//3655 4267//3743 4319//3795
f 4320//3796 4268//3744 4180//3656
f 4269//3745 4179//3655 4319//3795
f 4320//3796 4180//3656 4270//3746
f 4321//3797 4181//3657 4269//3745
f 4270//3746 4182//3658 4322//3798
f 4321//3797 4271//3747 4181//3657
f 4182//3658 4272//3748 4322//3798
f 4323//3799 4185//3661 4183//3659
f 4184//3660 4186//3662 4324//3800
f 4323//3799 4183//3659 4271//3747
f 4272//3748 4184//3660 4324//3800
f 4325//3801 4273//3749 4185//3661
f 4186//3662 4274//3750 4326//3802
f 4327//3803 4187//3663 4273//3749
f 4274//3750 4188//3664 4328//3804
f 4327//3803 4275//3751 4187//3663
f 4188//3664 4276//3752 4328//3804
f 4329//3805 4189//3665 4275//3751
f 4276//3752 4190//3666 4330//3806
f 4329//3805 4237//3713 4189//3665
f 4190//3666 4238//3714 4330//3806
f 4287//3763 4141//3617 4157//3633
f 4158//3634 4142//3618 4288//3764
f 4191//3667 4277//3753 4331//3807
f 4332//3808 4278//3754 4192//3668
f 4279//3755 4191//3667 4331//3807
f 4332//3808 4192//3668 4280//3756
f 4193//3669 4279//3755 4291//3767
f 4292//3768 4280//3756 4194//3670
f 4277//3753 4133//3609 4281//3757
f 4282//3758 4134//3610 4278//3754
f 4281//3757 4135//3611 4283//3759
f 4284//3760 4136//3612 4282//3758
f 4283//3759 4137//3613 4285//3761
f 4286//3762 4138//3614 4284//3760
f 4285//3761 4139//3615 4287//3763
f 4288//3764 4140//3616 4286//3762
f 4195//3671 4333//3809 4289//3765
f 4290//3766 4334//3810 4196//3672
f 4195//3671 4291//3767 4333//3809
f 4334//3810 4292//3768 4196//3672
f 4149//3625 4289//3765 4293//3769
f 4294//3770 4290//3766 4150//3626
f 4151//3627 4293//3769 4295//3771
f 4296//3772 4294//3770 4152//3628
f 4153//3629 4295//3771 4297//3773
f 4298//3774 4296//3772 4154//3630
f 4155//3631 4297//3773 4287//3763
f 4288//3764 4298//3774 4156//3632
f 4197//3673 4253//3729 4335//3811
f 4336//3812 4254//3730 4198//3674
f 4199//3675 4197//3673 4337//3813
f 4338//3814 4198//3674 4200//3676
f 4201//3677 4199//3675 4339//3815
f 4340//3816 4200//3676 4202//3678
f 4203//3679 4201//3677 4341//3817
f 4342//3818 4202//3678 4204//3680
f 4205//3681 4203//3679 4343//3819
f 4344//3820 4204//3680 4206//3682
f 4207//3683 4205//3681 4345//3821
f 4346//3822 4206//3682 4208//3684
f 4209//3685 4207//3683 4347//3823
f 4348//3824 4208//3684 4210//3686
f 4211//3687 4209//3685 4349//3825
f 4350//3826 4210//3686 4212//3688
f 4213//3689 4211//3687 4351//3827
f 4352//3828 4212//3688 4214//3690
f 4213//3689 4353//3829 4215//3691
f 4216//3692 4354//3830 4214//3690
f 4215//3691 4355//3831 4217//3693
f 4218//3694 4356//3832 4216//3692
f 4217//3693 4357//3833 4219//3695
f 4220//3696 4358//3834 4218//3694
f 4219//3695 4359//3835 4221//3697
f 4222//3698 4360//3836 4220//3696
f 4221//3697 4361//3837 4223//3699
f 4224//3700 4362//3838 4222//3698
f 4223//3699 4363//3839 4225//3701
f 4226//3702 4364//3840 4224//3700
f 4225//3701 4365//3841 4227//3703
f 4228//3704 4366//3842 4226//3702
f 4227//3703 4367//3843 4229//3705
f 4230//3706 4368//3844 4228//3704
f 4229//3705 4369//3845 4231//3707
f 4232//3708 4370//3846 4230//3706
f 4231//3707 4371//3847 4233//3709
f 4234//3710 4372//3848 4232//3708
f 4233//3709 4373//3849 4235//3711
f 4236//3712 4374//3850 4234//3710
f 4235//3711 4375//3851 4255//3731
f 4256//3732 4376//3852 4236//3712
f 4299//3775 4237//3713 4329//3805
f 4330//3806 4238//3714 4300//3776
f 4239//3715 4299//3775 4377//3853
f 4378//3854 4300//3776 4240//3716
f 4301//3777 4239//3715 4377//3853
f 4378//3854 4240//3716 4302//3778
f 4163//3639 4301//3777 4303//3779
f 4304//3780 4302//3778 4164//3640
f 4241//3717 4303//3779 4379//3855
f 4380//3856 4304//3780 4242//3718
f 4305//3781 4241//3717 4379//3855
f 4380//3856 4242//3718 4306//3782
f 4243//3719 4305//3781 4381//3857
f 4382//3858 4306//3782 4244//3720
f 4243//3719 4381//3857 4307//3783
f 4308//3784 4382//3858 4244//3720
f 4383//3859 4245//3721 4307//3783
f 4308//3784 4246//3722 4384//3860
f 4385//3861 4247//3723 4245//3721
f 4246//3722 4248//3724 4386//3862
f 4309//3785 4247//3723 4385//3861
f 4386//3862 4248//3724 4310//3786
f 4387//3863 4249//3725 4309//3785
f 4310//3786 4250//3726 4388//3864
f 4311//3787 4249//3725 4387//3863
f 4388//3864 4250//3726 4312//3788
f 4251//3727 4311//3787 4389//3865
f 4390//3866 4312//3788 4252//3728
f 4313//3789 4251//3727 4389//3865
f 4390//3866 4252//3728 4314//3790
f 4253//3729 4313//3789 4391//3867
f 4392//3868 4314//3790 4254//3730
f 4255//3731 4393//3869 4257//3733
f 4258//3734 4394//3870 4256//3732
f 4257//3733 4395//3871 4259//3735
f 4260//3736 4396//3872 4258//3734
f 4259//3735 4397//3873 4261//3737
f 4262//3738 4398//3874 4260//3736
f 4399//3875 4315//3791 4261//3737
f 4262//3738 4316//3792 4400//3876
f 4315//3791 4401//3877 4263//3739
f 4264//3740 4402//3878 4316//3792
f 4401//3877 4317//3793 4263//3739
f 4264//3740 4318//3794 4402//3878
f 4317//3793 4403//3879 4265//3741
f 4266//3742 4404//3880 4318//3794
f 4265//3741 4405//3881 4267//3743
f 4268//3744 4406//3882 4266//3742
f 4267//3743 4405//3881 4319//3795
f 4320//3796 4406//3882 4268//3744
f 4407//3883 4269//3745 4319//3795
f 4320//3796 4270//3746 4408//3884
f 4407//3883 4321//3797 4269//3745
f 4270//3746 4322//3798 4408//3884
f 4409//3885 4271//3747 4321//3797
f 4322//3798 4272//3748 4410//3886
f 4325//3801 4185//3661 4323//3799
f 4324//3800 4186//3662 4326//3802
f 4409//3885 4323//3799 4271//3747
f 4272//3748 4324//3800 4410//3886
f 4411//3887 4273//3749 4325//3801
f 4326//3802 4274//3750 4412//3888
f 4411//3887 4327//3803 4273//3749
f 4274//3750 4328//3804 4412//3888
f 4413//3889 4275//3751 4327//3803
f 4328//3804 4276//3752 4414//3890
f 4413//3889 4329//3805 4275//3751
f 4276//3752 4330//3806 4414//3890
f 4331//3807 4277//3753 4281//3757
f 4282//3758 4278//3754 4332//3808
f 4279//3755 4331//3807 4415//3891
f 4416//3892 4332//3808 4280//3756
f 4291//3767 4279//3755 4415//3891
f 4416//3892 4280//3756 4292//3768
f 4417//3893 4281//3757 4283//3759
f 4284//3760 4282//3758 4418//3894
f 4419//3895 4283//3759 4285//3761
f 4286//3762 4284//3760 4420//3896
f 4297//3773 4285//3761 4287//3763
f 4288//3764 4286//3762 4298//3774
f 4289//3765 4333//3809 4293//3769
f 4294//3770 4334//3810 4290//3766
f 4291//3767 4415//3891 4333//3809
f 4334//3810 4416//3892 4292//3768
f 4293//3769 4421//3897 4295//3771
f 4296//3772 4422//3898 4294//3770
f 4295//3771 4419//3895 4297//3773
f 4298//3774 4420//3896 4296//3772
f 4253//3729 4391//3867 4335//3811
f 4336//3812 4392//3868 4254//3730
f 4197//3673 4335//3811 4337//3813
f 4338//3814 4336//3812 4198//3674
f 4199//3675 4337//3813 4339//3815
f 4340//3816 4338//3814 4200//3676
f 4201//3677 4339//3815 4341//3817
f 4342//3818 4340//3816 4202//3678
f 4203//3679 4341//3817 4343//3819
f 4344//3820 4342//3818 4204//3680
f 4205//3681 4343//3819 4345//3821
f 4346//3822 4344//3820 4206//3682
f 4207//3683 4345//3821 4347//3823
f 4348//3824 4346//3822 4208//3684
f 4209//3685 4347//3823 4349//3825
f 4350//3826 4348//3824 4210//3686
f 4211//3687 4349//3825 4351//3827
f 4352//3828 4350//3826 4212//3688
f 4213//3689 4351//3827 4353//3829
f 4354//3830 4352//3828 4214//3690
f 4215//3691 4353//3829 4355//3831
f 4356//3832 4354//3830 4216//3692
f 4217//3693 4355//3831 4357//3833
f 4358//3834 4356//3832 4218//3694
f 4219//3695 4357//3833 4359//3835
f 4360//3836 4358//3834 4220//3696
f 4221//3697 4359//3835 4361//3837
f 4362//3838 4360//3836 4222//3698
f 4223//3699 4361//3837 4363//3839
f 4364//3840 4362//3838 4224//3700
f 4225//3701 4363//3839 4365//3841
f 4366//3842 4364//3840 4226//3702
f 4227//3703 4365//3841 4367//3843
f 4368//3844 4366//3842 4228//3704
f 4229//3705 4367//3843 4369//3845
f 4370//3846 4368//3844 4230//3706
f 4231//3707 4369//3845 4371//3847
f 4372//3848 4370//3846 4232//3708
f 4233//3709 4371//3847 4373//3849
f 4374//3850 4372//3848 4234//3710
f 4235//3711 4373//3849 4375//3851
f 4376//3852 4374//3850 4236//3712
f 4375//3851 4393//3869 4255//3731
f 4256//3732 4394//3870 4376//3852
f 4423//3899 4299//3775 4329//3805
f 4330//3806 4300//3776 4424//3900
f 4377//3853 4299//3775 4423//3899
f 4424//3900 4300//3776 4378//3854
f 4301//3777 4377//3853 4425//3901
f 4426//3902 4378//3854 4302//3778
f 4303//3779 4301//3777 4425//3901
f 4426//3902 4302//3778 4304//3780
f 4379//3855 4303//3779 4427//3903
f 4428//3904 4304//3780 4380//3856
f 4305//3781 4379//3855 4429//3905
f 4430//3906 4380//3856 4306//3782
f 4381//3857 4305//3781 4429//3905
f 4430//3906 4306//3782 4382//3858
f 4431//3907 4307//3783 4381//3857
f 4382//3858 4308//3784 4432//3908
f 4383//3859 4307//3783 4431//3907
f 4432//3908 4308//3784 4384//3860
f 4385//3861 4245//3721 4383//3859
f 4384//3860 4246//3722 4386//3862
f 4433//3909 4309//3785 4385//3861
f 4386//3862 4310//3786 4434//3910
f 4387//3863 4309//3785 4433//3909
f 4434//3910 4310//3786 4388//3864
f 4435//3911 4311//3787 4387//3863
f 4388//3864 4312//3788 4436//3912
f 4389//3865 4311//3787 4435//3911
f 4436//3912 4312//3788 4390//3866
f 4313//3789 4389//3865 4437//3913
f 4438//3914 4390//3866 4314//3790
f 4391//3867 4313//3789 4437//3913
f 4438//3914 4314//3790 4392//3868
f 4393//3869 4395//3871 4257//3733
f 4258//3734 4396//3872 4394//3870
f 4395//3871 4397//3873 4259//3735
f 4260//3736 4398//3874 4396//3872
f 4397//3873 4399//3875 4261//3737
f 4262//3738 4400//3876 4398//3874
f 4399//3875 4439//3915 4315//3791
f 4316//3792 4440//3916 4400//3876
f 4439//3915 4401//3877 4315//3791
f 4316//3792 4402//3878 4440//3916
f 4401//3877 4441//3917 4317//3793
f 4318//3794 4442//3918 4402//3878
f 4441//3917 4403//3879 4317//3793
f 4318//3794 4404//3880 4442//3918
f 4403//3879 4405//3881 4265//3741
f 4266//3742 4406//3882 4404//3880
f 4405//3881 4443//3919 4319//3795
f 4320//3796 4444//3920 4406//3882
f 4443//3919 4407//3883 4319//3795
f 4320//3796 4408//3884 4444//3920
f 4445//3921 4321//3797 4407//3883
f 4408//3884 4322//3798 4446//3922
f 4445//3921 4409//3885 4321//3797
f 4322//3798 4410//3886 4446//3922
f 4447//3923 4325//3801 4323//3799
f 4324//3800 4326//3802 4448//3924
f 4447//3923 4323//3799 4409//3885
f 4410//3886 4324//3800 4448//3924
f 4449//3925 4411//3887 4325//3801
f 4326//3802 4412//3888 4450//3926
f 4451//3927 4327//3803 4411//3887
f 4412//3888 4328//3804 4452//3928
f 4451//3927 4413//3889 4327//3803
f 4328//3804 4414//3890 4452//3928
f 4423//3899 4329//3805 4413//3889
f 4414//3890 4330//3806 4424//3900
f 4417//3893 4331//3807 4281//3757
f 4282//3758 4332//3808 4418//3894
f 4415//3891 4331//3807 4417//3893
f 4418//3894 4332//3808 4416//3892
f 4417//3893 4283//3759 4419//3895
f 4420//3896 4284//3760 4418//3894
f 4297//3773 4419//3895 4285//3761
f 4286//3762 4420//3896 4298//3774
f 4293//3769 4333//3809 4421//3897
f 4422//3898 4334//3810 4294//3770
f 4333//3809 4415//3891 4421//3897
f 4422//3898 4416//3892 4334//3810
f 4295//3771 4421//3897 4419//3895
f 4420//3896 4422//3898 4296//3772
f 4335//3811 4391//3867 4453//3929
f 4454//3930 4392//3868 4336//3812
f 4337//3813 4335//3811 4455//3931
f 4456//3932 4336//3812 4338//3814
f 4339//3815 4337//3813 4455//3931
f 4456//3932 4338//3814 4340//3816
f 4341//3817 4339//3815 4457//3933
f 4458//3934 4340//3816 4342//3818
f 4343//3819 4341//3817 4457//3933
f 4458//3934 4342//3818 4344//3820
f 4345//3821 4343//3819 4459//3935
f 4460//3936 4344//3820 4346//3822
f 4347//3823 4345//3821 4459//3935
f 4460//3936 4346//3822 4348//3824
f 4349//3825 4347//3823 4461//3937
f 4462//3938 4348//3824 4350//3826
f 4349//3825 4461//3937 4351//3827
f 4352//3828 4462//3938 4350//3826
f 4353//3829 4351//3827 4463//3939
f 4464//3940 4352//3828 4354//3830
f 4353//3829 4463//3939 4355//3831
f 4356//3832 4464//3940 4354//3830
f 4355//3831 4465//3941 4357//3833
f 4358//3834 4466//3942 4356//3832
f 4357//3833 4465//3941 4359//3835
f 4360//3836 4466//3942 4358//3834
f 4359//3835 4467//3943 4361//3837
f 4362//3838 4468//3944 4360//3836
f 4361//3837 4467//3943 4363//3839
f 4364//3840 4468//3944 4362//3838
f 4363//3839 4469//3945 4365//3841
f 4366//3842 4470//3946 4364//3840
f 4365//3841 4469//3945 4367//3843
f 4368//3844 4470//3946 4366//3842
f 4367//3843 4471//3947 4369//3845
f 4370//3846 4472//3948 4368//3844
f 4369//3845 4471//3947 4371//3847
f 4372//3848 4472//3948 4370//3846
f 4371//3847 4473//3949 4373//3849
f 4374//3850 4474//3950 4372//3848
f 4373//3849 4473//3949 4375//3851
f 4376//3852 4474//3950 4374//3850
f 4375//3851 4475//3951 4393//3869
f 4394//3870 4476//3952 4376//3852
f 4377//3853 4423//3899 4477//3953
f 4478//3954 4424//3900 4378//3854
f 4425//3901 4377//3853 4477//3953
f 4478//3954 4378//3854 4426//3902
f 4303//3779 4425//3901 4427//3903
f 4428//3904 4426//3902 4304//3780
f 4379//3855 4427//3903 4479//3955
f 4480//3956 4428//3904 4380//3856
f 4429//3905 4379//3855 4479//3955
f 4480//3956 4380//3856 4430//3906
f 4481//3957 4381//3857 4429//3905
f 4430//3906 4382//3858 4482//3958
f 4431//3907 4381//3857 4481//3957
f 4482//3958 4382//3858 4432//3908
f 4483//3959 4383//3859 4431//3907
f 4432//3908 4384//3860 4484//3960
f 4485//3961 4385//3861 4383//3859
f 4384//3860 4386//3862 4486//3962
f 4433//3909 4385//3861 4485//3961
f 4486//3962 4386//3862 4434//3910
f 4487//3963 4387//3863 4433//3909
f 4434//3910 4388//3864 4488//3964
f 4435//3911 4387//3863 4487//3963
f 4488//3964 4388//3864 4436//3912
f 4389//3865 4435//3911 4489//3965
f 4490//3966 4436//3912 4390//3866
f 4437//3913 4389//3865 4489//3965
f 4490//3966 4390//3866 4438//3914
f 4391//3867 4437//3913 4453//3929
f 4454//3930 4438//3914 4392//3868
f 4475//3951 4395//3871 4393//3869
f 4394//3870 4396//3872 4476//3952
f 4491//3967 4397//3873 4395//3871
f 4396//3872 4398//3874 4492//3968
f 4491//3967 4399//3875 4397//3873
f 4398//3874 4400//3876 4492//3968
f 4493//3969 4439//3915 4399//3875
f 4400//3876 4440//3916 4494//3970
f 4439//3915 4495//3971 4401//3877
f 4402//3878 4496//3972 4440//3916
f 4495//3971 4441//3917 4401//3877
f 4402//3878 4442//3918 4496//3972
f 4441//3917 4497//3973 4403//3879
f 4404//3880 4498//3974 4442//3918
f 4403//3879 4499//3975 4405//3881
f 4406//3882 4500//3976 4404//3880
f 4499//3975 4443//3919 4405//3881
f 4406//3882 4444//3920 4500//3976
f 4443//3919 4501//3977 4407//3883
f 4408//3884 4502//3978 4444//3920
f 4501//3977 4445//3921 4407//3883
f 4408//3884 4446//3922 4502//3978
f 4503//3979 4409//3885 4445//3921
f 4446//3922 4410//3886 4504//3980
f 4449//3925 4325//3801 4447//3923
f 4448//3924 4326//3802 4450//3926
f 4503//3979 4447//3923 4409//3885
f 4410//3886 4448//3924 4504//3980
f 4505//3981 4411//3887 4449//3925
f 4450//3926 4412//3888 4506//3982
f 4505//3981 4451//3927 4411//3887
f 4412//3888 4452//3928 4506//3982
f 4507//3983 4413//3889 4451//3927
f 4452//3928 4414//3890 4508//3984
f 4423//3899 4413//3889 4507//3983
f 4508//3984 4414//3890 4424//3900
f 4421//3897 4415//3891 4417//3893
f 4418//3894 4416//3892 4422//3898
f 4421//3897 4417//3893 4419//3895
f 4420//3896 4418//3894 4422//3898
f 4335//3811 4453//3929 4509//3985
f 4510//3986 4454//3930 4336//3812
f 4335//3811 4509//3985 4455//3931
f 4456//3932 4510//3986 4336//3812
f 4339//3815 4455//3931 4511//3987
f 4512//3988 4456//3932 4340//3816
f 4339//3815 4511//3987 4457//3933
f 4458//3934 4512//3988 4340//3816
f 4343//3819 4457//3933 4513//3989
f 4514//3990 4458//3934 4344//3820
f 4343//3819 4513//3989 4459//3935
f 4460//3936 4514//3990 4344//3820
f 4347//3823 4459//3935 4515//3991
f 4516//3992 4460//3936 4348//3824
f 4347//3823 4515//3991 4461//3937
f 4462//3938 4516//3992 4348//3824
f 4351//3827 4461//3937 4517//3993
f 4518//3994 4462//3938 4352//3828
f 4351//3827 4517//3993 4463//3939
f 4464//3940 4518//3994 4352//3828
f 4355//3831 4463//3939 4519//3995
f 4520//3996 4464//3940 4356//3832
f 4355//3831 4519//3995 4465//3941
f 4466//3942 4520//3996 4356//3832
f 4359//3835 4465//3941 4521//3997
f 4522//3998 4466//3942 4360//3836
f 4359//3835 4521//3997 4467//3943
f 4468//3944 4522//3998 4360//3836
f 4363//3839 4467//3943 4523//3999
f 4524//4000 4468//3944 4364//3840
f 4363//3839 4523//3999 4469//3945
f 4470//3946 4524//4000 4364//3840
f 4367//3843 4469//3945 4525//4001
f 4526//4002 4470//3946 4368//3844
f 4367//3843 4525//4001 4471//3947
f 4472//3948 4526//4002 4368//3844
f 4371//3847 4471//3947 4527//4003
f 4528//4004 4472//3948 4372//3848
f 4371//3847 4527//4003 4473//3949
f 4474//3950 4528//4004 4372//3848
f 4473//3949 4529//4005 4375//3851
f 4376//3852 4530//4006 4474//3950
f 4529//4005 4475//3951 4375//3851
f 4376//3852 4476//3952 4530//4006
f 4477//3953 4423//3899 4507//3983
f 4508//3984 4424//3900 4478//3954
f 4425//3901 4477//3953 4531//4007
f 4532//4008 4478//3954 4426//3902
f 4427//3903 4425//3901 4531//4007
f 4532//4008 4426//3902 4428//3904
f 4479//3955 4427//3903 4533//4009
f 4534//4010 4428//3904 4480//3956
f 4535//4011 4429//3905 4479//3955
f 4480//3956 4430//3906 4536//4012
f 4481//3957 4429//3905 4535//4011
f 4536//4012 4430//3906 4482//3958
f 4537//4013 4431//3907 4481//3957
f 4482//3958 4432//3908 4538//4014
f 4483//3959 4431//3907 4537//4013
f 4538//4014 4432//3908 4484//3960
f 4485//3961 4383//3859 4483//3959
f 4484//3960 4384//3860 4486//3962
f 4539//4015 4433//3909 4485//3961
f 4486//3962 4434//3910 4540//4016
f 4487//3963 4433//3909 4539//4015
f 4540//4016 4434//3910 4488//3964
f 4435//3911 4487//3963 4541//4017
f 4542//4018 4488//3964 4436//3912
f 4489//3965 4435//3911 4541//4017
f 4542//4018 4436//3912 4490//3966
f 4437//3913 4489//3965 4543//4019
f 4544//4020 4490//3966 4438//3914
f 4437//3913 4545//4021 4453//3929
f 4454//3930 4546//4022 4438//3914
f 4475//3951 4547//4023 4395//3871
f 4396//3872 4548//4024 4476//3952
f 4547//4023 4491//3967 4395//3871
f 4396//3872 4492//3968 4548//4024
f 4491//3967 4549//4025 4399//3875
f 4400//3876 4550//4026 4492//3968
f 4549//4025 4493//3969 4399//3875
f 4400//3876 4494//3970 4550//4026
f 4493//3969 4495//3971 4439//3915
f 4440//3916 4496//3972 4494//3970
f 4495//3971 4551//4027 4441//3917
f 4442//3918 4552//4028 4496//3972
f 4551//4027 4497//3973 4441//3917
f 4442//3918 4498//3974 4552//4028
f 4497//3973 4499//3975 4403//3879
f 4404//3880 4500//3976 4498//3974
f 4499//3975 4553//4029 4443//3919
f 4444//3920 4554//4030 4500//3976
f 4553//4029 4501//3977 4443//3919
f 4444//3920 4502//3978 4554//4030
f 4501//3977 4555//4031 4445//3921
f 4446//3922 4556//4032 4502//3978
f 4555//4031 4503//3979 4445//3921
f 4446//3922 4504//3980 4556//4032
f 4557//4033 4449//3925 4447//3923
f 4448//3924 4450//3926 4558//4034
f 4557//4033 4447//3923 4503//3979
f 4504//3980 4448//3924 4558//4034
f 4559//4035 4505//3981 4449//3925
f 4450//3926 4506//3982 4560//4036
f 4561//4037 4451//3927 4505//3981
f 4506//3982 4452//3928 4562//4038
f 4561//4037 4507//3983 4451//3927
f 4452//3928 4508//3984 4562//4038
f 4509//3985 4453//3929 4563//361
f 4564//362 4454//3930 4510//3986
f 4455//3931 4509//3985 4565//361
f 4566//362 4510//3986 4456//3932
f 4511//3987 4455//3931 4567//361
f 4568//362 4456//3932 4512//3988
f 4457//3933 4511//3987 4569//361
f 4570//362 4512//3988 4458//3934
f 4457//3933 4571//361 4513//3989
f 4514//3990 4572//362 4458//3934
f 4459//3935 4513//3989 4573//361
f 4574//362 4514//3990 4460//3936
f 4459//3935 4575//361 4515//3991
f 4516//3992 4576//362 4460//3936
f 4461//3937 4515//3991 4577//361
f 4578//362 4516//3992 4462//3938
f 4461//3937 4579//361 4517//3993
f 4518//3994 4580//362 4462//3938
f 4463//3939 4517//3993 4581//361
f 4582//362 4518//3994 4464//3940
f 4463//3939 4583//361 4519//3995
f 4520//3996 4584//362 4464//3940
f 4465//3941 4519//3995 4585//361
f 4586//362 4520//3996 4466//3942
f 4465//3941 4587//361 4521//3997
f 4522//3998 4588//362 4466//3942
f 4467//3943 4521//3997 4589//361
f 4590//362 4522//3998 4468//3944
f 4467//3943 4591//361 4523//3999
f 4524//4000 4592//362 4468//3944
f 4523//3999 4593//361 4469//3945
f 4470//3946 4594//362 4524//4000
f 4469//3945 4595//361 4525//4001
f 4526//4002 4596//362 4470//3946
f 4525//4001 4597//361 4471//3947
f 4472//3948 4598//362 4526//4002
f 4471//3947 4599//361 4527//4003
f 4528//4004 4600//362 4472//3948
f 4527//4003 4601//361 4473//3949
f 4474//3950 4602//362 4528//4004
f 4473//3949 4603//361 4529//4005
f 4530//4006 4604//362 4474//3950
f 4605//361 4475//3951 4529//4005
f 4530//4006 4476//3952 4606//362
f 4477//3953 4507//3983 4607//4039
f 4608//4040 4508//3984 4478//3954
f 4531//4007 4477//3953 4607//4039
f 4608//4040 4478//3954 4532//4008
f 4427//3903 4531//4007 4533//4009
f 4534//4010 4532//4008 4428//3904
f 4609//4041 4479//3955 4533//4009
f 4534//4010 4480//3956 4610//4042
f 4535//4011 4479//3955 4609//4041
f 4610//4042 4480//3956 4536//4012
f 4611//4043 4481//3957 4535//4011
f 4536//4012 4482//3958 4612//4044
f 4537//4013 4481//3957 4611//4043
f 4612//4044 4482//3958 4538//4014
f 4613//4045 4483//3959 4537//4013
f 4538//4014 4484//3960 4614//4046
f 4615//4047 4485//3961 4483//3959
f 4484//3960 4486//3962 4616//4048
f 4539//4015 4485//3961 4615//4047
f 4616//4048 4486//3962 4540//4016
f 4617//4049 4487//3963 4539//4015
f 4540//4016 4488//3964 4618//4050
f 4541//4017 4487//3963 4617//4049
f 4618//4050 4488//3964 4542//4018
f 4489//3965 4541//4017 4543//4019
f 4544//4020 4542//4018 4490//3966
f 4437//3913 4543//4019 4545//4021
f 4546//4022 4544//4020 4438//3914
f 4453//3929 4545//4021 4619//361
f 4620//362 4546//4022 4454//3930
f 4621//361 4547//4023 4475//3951
f 4476//3952 4548//4024 4622//362
f 4623//361 4491//3967 4547//4023
f 4548//4024 4492//3968 4624//362
f 4625//361 4549//4025 4491//3967
f 4492//3968 4550//4026 4626//362
f 4627//361 4493//3969 4549//4025
f 4550//4026 4494//3970 4628//362
f 4493//3969 4629//4051 4495//3971
f 4496//3972 4630//4052 4494//3970
f 4631//4053 4551//4027 4495//3971
f 4496//3972 4552//4028 4632//4054
f 4551//4027 4633//4055 4497//3973
f 4498//3974 4634//4056 4552//4028
f 4497//3973 4635//4057 4499//3975
f 4500//3976 4636//4058 4498//3974
f 4635//4057 4553//4029 4499//3975
f 4500//3976 4554//4030 4636//4058
f 4553//4029 4637//4059 4501//3977
f 4502//3978 4638//4060 4554//4030
f 4637//4059 4555//4031 4501//3977
f 4502//3978 4556//4032 4638//4060
f 4555//4031 4639//4061 4503//3979
f 4504//3980 4640//4062 4556//4032
f 4559//4035 4449//3925 4557//4033
f 4558//4034 4450//3926 4560//4036
f 4639//4061 4557//4033 4503//3979
f 4504//3980 4558//4034 4640//4062
f 4641//4063 4505//3981 4559//4035
f 4560//4036 4506//3982 4642//4064
f 4641//4063 4561//4037 4505//3981
f 4506//3982 4562//4038 4642//4064
f 4607//4039 4507//3983 4561//4037
f 4562//4038 4508//3984 4608//4040
f 4531//4007 4607//4039 4643//4065
f 4644//4066 4608//4040 4532//4008
f 4533//4009 4531//4007 4643//4065
f 4644//4066 4532//4008 4534//4010
f 4609//4041 4533//4009 4645//4067
f 4646//4068 4534//4010 4610//4042
f 4647//4069 4535//4011 4609//4041
f 4610//4042 4536//4012 4648//4070
f 4611//4043 4535//4011 4647//4069
f 4648//4070 4536//4012 4612//4044
f 4649//4071 4537//4013 4611//4043
f 4612//4044 4538//4014 4650//4072
f 4613//4045 4537//4013 4649//4071
f 4650//4072 4538//4014 4614//4046
f 4615//4047 4483//3959 4613//4045
f 4614//4046 4484//3960 4616//4048
f 4651//4073 4539//4015 4615//4047
f 4616//4048 4540//4016 4652//4074
f 4617//4049 4539//4015 4651//4073
f 4652//4074 4540//4016 4618//4050
f 4541//4017 4617//4049 4653//4075
f 4654//4076 4618//4050 4542//4018
f 4543//4019 4541//4017 4655//4077
f 4656//4078 4542//4018 4544//4020
f 4545//4021 4543//4019 4657//361
f 4658//362 4544//4020 4546//4022
f 4659//361 4629//4051 4493//3969
f 4494//3970 4630//4052 4660//362
f 4629//4051 4631//4053 4495//3971
f 4496//3972 4632//4054 4630//4052
f 4631//4053 4633//4055 4551//4027
f 4552//4028 4634//4056 4632//4054
f 4633//4055 4635//4057 4497//3973
f 4498//3974 4636//4058 4634//4056
f 4635//4057 4661//4079 4553//4029
f 4554//4030 4662//4080 4636//4058
f 4661//4079 4637//4059 4553//4029
f 4554//4030 4638//4060 4662//4080
f 4637//4059 4663//4081 4555//4031
f 4556//4032 4664//4082 4638//4060
f 4663//4081 4639//4061 4555//4031
f 4556//4032 4640//4062 4664//4082
f 4665//4083 4559//4035 4557//4033
f 4558//4034 4560//4036 4666//4084
f 4639//4061 4665//4083 4557//4033
f 4558//4034 4666//4084 4640//4062
f 4667//4085 4641//4063 4559//4035
f 4560//4036 4642//4064 4668//4086
f 4669//4087 4561//4037 4641//4063
f 4642//4064 4562//4038 4670//4088
f 4607//4039 4561//4037 4669//4087
f 4670//4088 4562//4038 4608//4040
f 4643//4065 4607//4039 4669//4087
f 4670//4088 4608//4040 4644//4066
f 4645//4067 4533//4009 4643//4065
f 4644//4066 4534//4010 4646//4068
f 4671//4089 4609//4041 4645//4067
f 4646//4068 4610//4042 4672//4090
f 4647//4069 4609//4041 4671//4089
f 4672//4090 4610//4042 4648//4070
f 4673//4091 4611//4043 4647//4069
f 4648//4070 4612//4044 4674//4092
f 4649//4071 4611//4043 4673//4091
f 4674//4092 4612//4044 4650//4072
f 4675//4093 4613//4045 4649//4071
f 4650//4072 4614//4046 4676//4094
f 4677//4095 4615//4047 4613//4045
f 4614//4046 4616//4048 4678//4096
f 4651//4073 4615//4047 4677//4095
f 4678//4096 4616//4048 4652//4074
f 4653//4075 4617//4049 4651//4073
f 4652//4074 4618//4050 4654//4076
f 4541//4017 4653//4075 4655//4077
f 4656//4078 4654//4076 4542//4018
f 4543//4019 4655//4077 4679//361
f 4680//362 4656//4078 4544//4020
f 4681//361 4631//4053 4629//4051
f 4630//4052 4632//4054 4682//362
f 4683//4097 4633//4055 4631//4053
f 4632//4054 4634//4056 4684//4098
f 4633//4055 4685//4099 4635//4057
f 4636//4058 4686//4100 4634//4056
f 4685//4099 4661//4079 4635//4057
f 4636//4058 4662//4080 4686//4100
f 4661//4079 4687//4101 4637//4059
f 4638//4060 4688//4102 4662//4080
f 4687//4101 4663//4081 4637//4059
f 4638//4060 4664//4082 4688//4102
f 4663//4081 4689//4103 4639//4061
f 4640//4062 4690//4104 4664//4082
f 4665//4083 4667//4085 4559//4035
f 4560//4036 4668//4086 4666//4084
f 4689//4103 4665//4083 4639//4061
f 4640//4062 4666//4084 4690//4104
f 4691//4105 4641//4063 4667//4085
f 4668//4086 4642//4064 4692//4106
f 4691//4105 4669//4087 4641//4063
f 4642//4064 4670//4088 4692//4106
f 4693//4107 4643//4065 4669//4087
f 4670//4088 4644//4066 4694//4108
f 4645//4067 4643//4065 4693//4107
f 4694//4108 4644//4066 4646//4068
f 4671//4089 4645//4067 4695//4109
f 4696//4110 4646//4068 4672//4090
f 4697//4111 4647//4069 4671//4089
f 4672//4090 4648//4070 4698//4112
f 4673//4091 4647//4069 4697//4111
f 4698//4112 4648//4070 4674//4092
f 4699//4113 4649//4071 4673//4091
f 4674//4092 4650//4072 4700//4114
f 4675//4093 4649//4071 4699//4113
f 4700//4114 4650//4072 4676//4094
f 4677//4095 4613//4045 4675//4093
f 4676//4094 4614//4046 4678//4096
f 4701//4115 4651//4073 4677//4095
f 4678//4096 4652//4074 4702//4116
f 4653//4075 4651//4073 4703//4117
f 4704//4118 4652//4074 4654//4076
f 4655//4077 4653//4075 4705//361
f 4706//362 4654//4076 4656//4078
f 4707//361 4683//4097 4631//4053
f 4632//4054 4684//4098 4708//362
f 4683//4097 4709//4119 4633//4055
f 4634//4056 4710//4120 4684//4098
f 4709//4119 4685//4099 4633//4055
f 4634//4056 4686//4100 4710//4120
f 4685//4099 4711//4121 4661//4079
f 4662//4080 4712//4122 4686//4100
f 4711//4121 4687//4101 4661//4079
f 4662//4080 4688//4102 4712//4122
f 4687//4101 4713//4123 4663//4081
f 4664//4082 4714//4124 4688//4102
f 4713//4123 4689//4103 4663//4081
f 4664//4082 4690//4104 4714//4124
f 4715//4125 4667//4085 4665//4083
f 4666//4084 4668//4086 4716//4126
f 4689//4103 4715//4125 4665//4083
f 4666//4084 4716//4126 4690//4104
f 4717//4127 4691//4105 4667//4085
f 4668//4086 4692//4106 4718//4128
f 4693//4107 4669//4087 4691//4105
f 4692//4106 4670//4088 4694//4108
f 4695//4109 4645//4067 4693//4107
f 4694//4108 4646//4068 4696//4110
f 4719//4129 4671//4089 4695//4109
f 4696//4110 4672//4090 4720//4130
f 4697//4111 4671//4089 4719//4129
f 4720//4130 4672//4090 4698//4112
f 4721//4131 4673//4091 4697//4111
f 4698//4112 4674//4092 4722//4132
f 4699//4113 4673//4091 4721//4131
f 4722//4132 4674//4092 4700//4114
f 4723//4133 4675//4093 4699//4113
f 4700//4114 4676//4094 4724//4134
f 4701//4115 4677//4095 4675//4093
f 4676//4094 4678//4096 4702//4116
f 4703//4117 4651//4073 4701//4115
f 4702//4116 4652//4074 4704//4118
f 4725//361 4653//4075 4703//4117
f 4704//4118 4654//4076 4726//362
f 4727//361 4709//4119 4683//4097
f 4684//4098 4710//4120 4728//362
f 4709//4119 4711//4121 4685//4099
f 4686//4100 4712//4122 4710//4120
f 4711//4121 4729//4135 4687//4101
f 4688//4102 4730//4136 4712//4122
f 4729//4135 4713//4123 4687//4101
f 4688//4102 4714//4124 4730//4136
f 4713//4123 4731//4137 4689//4103
f 4690//4104 4732//4138 4714//4124
f 4717//4127 4667//4085 4715//4125
f 4716//4126 4668//4086 4718//4128
f 4731//4137 4715//4125 4689//4103
f 4690//4104 4716//4126 4732//4138
f 4733//4139 4691//4105 4717//4127
f 4718//4128 4692//4106 4734//4140
f 4733//4139 4693//4107 4691//4105
f 4692//4106 4694//4108 4734//4140
f 4695//4109 4693//4107 4733//4139
f 4734//4140 4694//4108 4696//4110
f 4719//4129 4695//4109 4735//4141
f 4736//4142 4696//4110 4720//4130
f 4737//4143 4697//4111 4719//4129
f 4720//4130 4698//4112 4738//4144
f 4721//4131 4697//4111 4737//4143
f 4738//4144 4698//4112 4722//4132
f 4723//4133 4699//4113 4721//4131
f 4722//4132 4700//4114 4724//4134
f 4739//4145 4675//4093 4723//4133
f 4724//4134 4676//4094 4740//4146
f 4701//4115 4675//4093 4739//4145
f 4740//4146 4676//4094 4702//4116
f 4741//361 4703//4117 4701//4115
f 4702//4116 4704//4118 4742//362
f 4743//361 4744//4147 4709//4119
f 4710//4120 4745//4148 4746//362
f 4744//4147 4711//4121 4709//4119
f 4710//4120 4712//4122 4745//4148
f 4747//4149 4729//4135 4711//4121
f 4712//4122 4730//4136 4748//4150
f 4749//4151 4713//4123 4729//4135
f 4730//4136 4714//4124 4750//4152
f 4749//4151 4731//4137 4713//4123
f 4714//4124 4732//4138 4750//4152
f 4751//4153 4717//4127 4715//4125
f 4716//4126 4718//4128 4752//4154
f 4751//4153 4715//4125 4731//4137
f 4732//4138 4716//4126 4752//4154
f 4753//4155 4733//4139 4717//4127
f 4718//4128 4734//4140 4754//4156
f 4735//4141 4695//4109 4733//4139
f 4734//4140 4696//4110 4736//4142
f 4755//4157 4719//4129 4735//4141
f 4736//4142 4720//4130 4756//4158
f 4737//4143 4719//4129 4755//4157
f 4756//4158 4720//4130 4738//4144
f 4757//4159 4721//4131 4737//4143
f 4738//4144 4722//4132 4758//4160
f 4723//4133 4721//4131 4759//4161
f 4760//4162 4722//4132 4724//4134
f 4761//361 4739//4145 4723//4133
f 4724//4134 4740//4146 4762//362
f 4763//361 4701//4115 4739//4145
f 4740//4146 4702//4116 4764//362
f 4765//361 4747//4149 4744//4147
f 4745//4148 4748//4150 4766//362
f 4744//4147 4747//4149 4711//4121
f 4712//4122 4748//4150 4745//4148
f 4747//4149 4749//4151 4729//4135
f 4730//4136 4750//4152 4748//4150
f 4749//4151 4767//4163 4731//4137
f 4732//4138 4768//4164 4750//4152
f 4753//4155 4717//4127 4751//4153
f 4752//4154 4718//4128 4754//4156
f 4767//4163 4751//4153 4731//4137
f 4732//4138 4752//4154 4768//4164
f 4735//4141 4733//4139 4753//4155
f 4754//4156 4734//4140 4736//4142
f 4755//4157 4735//4141 4769//4165
f 4770//4166 4736//4142 4756//4158
f 4757//4159 4737//4143 4755//4157
f 4756//4158 4738//4144 4758//4160
f 4759//4161 4721//4131 4757//4159
f 4758//4160 4722//4132 4760//4162
f 4771//361 4723//4133 4759//4161
f 4760//4162 4724//4134 4772//362
f 4773//361 4774//4167 4747//4149
f 4748//4150 4775//4168 4776//362
f 4774//4167 4749//4151 4747//4149
f 4748//4150 4750//4152 4775//4168
f 4777//4169 4767//4163 4749//4151
f 4750//4152 4768//4164 4778//4170
f 4779//4171 4753//4155 4751//4153
f 4752//4154 4754//4156 4780//4172
f 4779//4171 4751//4153 4767//4163
f 4768//4164 4752//4154 4780//4172
f 4769//4165 4735//4141 4753//4155
f 4754//4156 4736//4142 4770//4166
f 4781//4173 4755//4157 4769//4165
f 4770//4166 4756//4158 4782//4174
f 4783//4175 4757//4159 4755//4157
f 4756//4158 4758//4160 4784//4176
f 4785//361 4759//4161 4757//4159
f 4758//4160 4760//4162 4786//362
f 4787//361 4777//4169 4774//4167
f 4775//4168 4778//4170 4788//362
f 4774//4167 4777//4169 4749//4151
f 4750//4152 4778//4170 4775//4168
f 4777//4169 4779//4171 4767//4163
f 4768//4164 4780//4172 4778//4170
f 4769//4165 4753//4155 4779//4171
f 4780//4172 4754//4156 4770//4166
f 4781//4173 4769//4165 4779//4171
f 4780//4172 4770//4166 4782//4174
f 4783//4175 4755//4157 4781//4173
f 4782//4174 4756//4158 4784//4176
f 4789//361 4757//4159 4783//4175
f 4784//4176 4758//4160 4790//362
f 4791//361 4792//4177 4777//4169
f 4778//4170 4793//4178 4794//362
f 4792//4177 4779//4171 4777//4169
f 4778//4170 4780//4172 4793//4178
f 4792//4177 4781//4173 4779//4171
f 4780//4172 4782//4174 4793//4178
f 4795//361 4783//4175 4781//4173
f 4782//4174 4784//4176 4796//362
f 4797//361 4781//4173 4792//4177
f 4793//4178 4782//4174 4798//362
