# SSTK version 0.8.0
# 13
mtllib original-13.mtl
o group_18/ID2461#ID2461
v 0.23158042 0.40409176 -0.14261676
v 0.20284599 0.44250457 -0.12605868
v 0.24735699 0.40402196 -0.11044956
v 0.24748001 0.40401812 -0.11051138
v 0.20297320 0.44248960 -0.12613739
v 0.23168795 0.40400780 -0.14263474
v 0.26345858 0.37249996 -0.11711438
v 0.26332152 0.37256495 -0.11717936
v 0.18537620 0.44248797 -0.15219876
v 0.18537622 0.44246159 -0.15229705
v 0.21680633 0.44261618 -0.09774699
v 0.21692953 0.44258659 -0.09775954
v 0.27560443 0.37250527 -0.08102113
v 0.27564733 0.37267258 -0.08108620
v 0.24653562 0.37261113 -0.15132016
v 0.24654869 0.37256153 -0.15135460
v 0.13854659 0.49852659 -0.11630611
v 0.13862590 0.49853501 -0.11635761
v 0.21166526 0.40404786 -0.17249746
v 0.21163565 0.40401023 -0.17250798
v 0.15178400 0.49867880 -0.09649984
v 0.15174660 0.49860735 -0.09661535
v 0.25892168 0.40409846 -0.07658827
v 0.25906604 0.40404996 -0.07661269
v 0.28643998 0.33750118 -0.08385592
v 0.28648225 0.33739855 -0.08398242
v 0.27369973 0.33741251 -0.12133138
v 0.27388553 0.33755224 -0.12148671
v 0.12302006 0.49864984 -0.13423406
v 0.12296613 0.49862789 -0.13420861
v 0.16464624 0.44246660 -0.17592737
v 0.16471835 0.44256694 -0.17601642
v 0.16243291 0.49855597 -0.07532895
v 0.16240177 0.49863675 -0.07522641
v 0.22707980 0.44251158 -0.06795040
v 0.22698280 0.44262115 -0.06796178
v 0.29423147 0.33753517 -0.04520509
v 0.29430927 0.33751153 -0.04519087
v 0.28298696 0.37268533 -0.04356183
v 0.28296414 0.37260863 -0.04362284
v 0.25633284 0.33746181 -0.15683271
v 0.25637232 0.33742030 -0.15685190
v 0.22529120 0.37264414 -0.18302000
v 0.22543125 0.37263088 -0.18284851
v 0.08349907 0.55063488 -0.09488653
v 0.08358535 0.55070656 -0.09490907
v 0.09448230 0.55063331 -0.08245008
v 0.09451566 0.55061457 -0.08252314
v 0.18803768 0.40417044 -0.19940161
v 0.18804125 0.40415006 -0.19931341
v 0.10355871 0.55070760 -0.06878589
v 0.10367962 0.55061102 -0.06863834
v 0.26592057 0.40414100 -0.04137671
v 0.26603819 0.40400569 -0.04140720
v 0.30038715 0.21217039 -0.04585397
v 0.30051106 0.21210798 -0.04603400
v 0.29258190 0.21220988 -0.08565782
v 0.29255598 0.21221936 -0.08563238
v 0.27961675 0.21207261 -0.12384630
v 0.27964451 0.21216243 -0.12374969
v 0.07106660 0.55070723 -0.10564990
v 0.07110110 0.55074677 -0.10579110
v 0.10498617 0.49861037 -0.14991172
v 0.10495029 0.49856302 -0.14996156
v 0.14093827 0.44257903 -0.19664668
v 0.14091943 0.44251146 -0.19674238
v 0.11092852 0.55069102 -0.05388651
v 0.11099380 0.55076666 -0.05395332
v 0.17000526 0.49855695 -0.05276887
v 0.16995820 0.49865888 -0.05265133
v 0.23316962 0.44258200 -0.03698832
v 0.23323074 0.44251573 -0.03713811
v 0.30321287 0.21212427 -0.00567684
v 0.30316043 0.21211404 -0.00556379
v 0.29675247 0.33753593 -0.00571128
v 0.29680015 0.33745465 -0.00560807
v 0.28547485 0.37249187 -0.00571880
v 0.28560310 0.37268641 -0.00561501
v 0.26168048 0.21212028 -0.16006936
v 0.26169949 0.21216639 -0.16000049
v 0.23424673 0.33753541 -0.18985571
v 0.23424608 0.33756828 -0.18971056
v 0.20015167 0.37265859 -0.21151402
v 0.20021544 0.37253222 -0.21164350
v 0.05708452 0.57721896 -0.08733803
v 0.05701831 0.57719110 -0.08721261
v 0.06705839 0.57719517 -0.07836802
v 0.06705956 0.57726175 -0.07839410
v 0.07599894 0.57727888 -0.06824628
v 0.07605823 0.57728256 -0.06834559
v 0.16108456 0.40408172 -0.22298607
v 0.16112517 0.40404867 -0.22294929
v 0.08355626 0.57714159 -0.05717928
v 0.08345842 0.57720677 -0.05700554
v 0.26841725 0.40398706 -0.00562647
v 0.26825277 0.40402839 -0.00568679
v 0.30538789 -0.08976914 -0.00564193
v 0.30529977 -0.08974433 -0.00568349
v 0.30259364 -0.08991207 -0.04616601
v 0.30259964 -0.08979666 -0.04633769
v 0.29473990 -0.08985098 -0.08619244
v 0.29469562 -0.08975077 -0.08609945
v 0.28158623 -0.08985766 -0.12466278
v 0.28163350 -0.08984871 -0.12467642
v 0.04586170 0.57719757 -0.09481398
v 0.04583152 0.57724785 -0.09467279
v 0.05746221 0.55071748 -0.11486526
v 0.05739565 0.55079889 -0.11482643
v 0.08522257 0.49864742 -0.16315229
v 0.08530340 0.49867694 -0.16305189
v 0.11483503 0.44263100 -0.21416755
v 0.11467147 0.44262978 -0.21432007
v 0.08943999 0.57718752 -0.04507175
v 0.08940262 0.57725603 -0.04508002
v 0.11616101 0.55070779 -0.03834357
v 0.11622522 0.55074637 -0.03832796
v 0.17470902 0.49859327 -0.02938026
v 0.17463419 0.49861488 -0.02943482
v 0.23521721 0.44247358 -0.00569301
v 0.23524239 0.44260765 -0.00566035
v 0.30277660 -0.08988023 0.03505481
v 0.30268458 -0.08988407 0.03495296
v 0.30044268 0.21220138 0.03467970
v 0.30048939 0.21210846 0.03462210
v 0.29414452 0.33740718 0.03389856
v 0.29419264 0.33737547 0.03384196
v 0.28298584 0.37262293 0.03231853
v 0.28300407 0.37254318 0.03241789
v 0.26373032 -0.08984481 -0.16124449
v 0.26361610 -0.08981285 -0.16128085
v 0.23924152 0.21210702 -0.19360985
v 0.23938682 0.21218672 -0.19374535
v 0.20819036 0.33738474 -0.21952774
v 0.20818986 0.33752663 -0.21952294
v 0.17152831 0.37259118 -0.23665468
v 0.17156295 0.37251533 -0.23658723
v 0.05371259 0.59710680 -0.08315163
v 0.05386329 0.59702618 -0.08313623
v 0.06336253 0.59717726 -0.07474353
v 0.06348151 0.59703568 -0.07465125
v 0.07186442 0.59710215 -0.06515897
v 0.07180241 0.59713906 -0.06498852
v 0.07889517 0.59707788 -0.05444457
v 0.07899193 0.59697972 -0.05440470
v 0.13125570 0.40409055 -0.24293437
v 0.13140159 0.40412987 -0.24298270
v 0.08452138 0.59710906 -0.04303132
v 0.08448196 0.59710875 -0.04310422
v 0.26602819 0.40413009 0.03015244
v 0.26594592 0.40402414 0.03011423
v 0.30030782 -0.39140478 0.03473996
v 0.30018420 -0.39138040 0.03458842
v 0.30294016 -0.39148508 -0.00566020
v 0.30302304 -0.39147229 -0.00556500
v 0.30021635 -0.39145368 -0.04590892
v 0.30034680 -0.39133562 -0.04600760
v 0.29249612 -0.39134744 -0.08552916
v 0.29242769 -0.39150004 -0.08558654
v 0.27948305 -0.39139646 -0.12388690
v 0.27938550 -0.39139875 -0.12384627
v 0.04320376 0.59704295 -0.09015974
v 0.04309857 0.59717808 -0.09026199
v 0.03377329 0.57722896 -0.10079862
v 0.03381841 0.57723513 -0.10069302
v 0.04271245 0.55078315 -0.12226391
v 0.04271931 0.55069170 -0.12213199
v 0.06403136 0.49870276 -0.17366083
v 0.06397877 0.49872710 -0.17366198
v 0.08650956 0.44248579 -0.22824141
v 0.08641005 0.44254681 -0.22825164
v 0.09371063 0.57726314 -0.03230980
v 0.09367250 0.57727528 -0.03229282
v 0.11944851 0.55077932 -0.02202605
v 0.11933609 0.55075946 -0.02202520
v 0.17621034 0.49861997 -0.00572909
v 0.17629626 0.49864984 -0.00570873
v 0.23318349 0.44258876 0.02573954
v 0.23322144 0.44253193 0.02574622
v 0.29240075 -0.39135245 0.07423003
v 0.29233544 -0.39137977 0.07422567
v 0.29469330 -0.08977964 0.07496023
v 0.29465608 -0.08985854 0.07491948
v 0.29267565 0.21211143 0.07435637
v 0.29262086 0.21218852 0.07428770
v 0.28661994 0.33740650 0.07257719
v 0.28643058 0.33737755 0.07271234
v 0.27567126 0.37255338 0.06965307
v 0.27565655 0.37260911 0.06976870
v 0.26152985 -0.39149040 -0.16012665
v 0.26153759 -0.39146037 -0.16009035
v 0.24105603 -0.08977702 -0.19505360
v 0.24103334 -0.08981912 -0.19505408
v 0.21265545 0.21210950 -0.22395983
v 0.21263514 0.21208750 -0.22407662
v 0.17850578 0.33750608 -0.24558238
v 0.17850655 0.33751584 -0.24560922
v 0.13993775 0.37259617 -0.25777914
v 0.13985368 0.37270602 -0.25787107
v 0.05273110 0.62931414 -0.08164454
v 0.05265506 0.62930332 -0.08170001
v 0.04223752 0.62945450 -0.08873409
v 0.04225430 0.62939222 -0.08871229
v 0.06221755 0.62944905 -0.07336540
v 0.06214106 0.62931840 -0.07352620
v 0.07050191 0.62939789 -0.06391153
v 0.07034809 0.62930359 -0.06408113
v 0.07733259 0.62942593 -0.05355857
v 0.07746416 0.62934965 -0.05352473
v 0.09907365 0.40415718 -0.25881240
v 0.09908301 0.40413024 -0.25879307
v 0.08875909 0.59700492 -0.03089927
v 0.08863797 0.59710206 -0.03098834
v 0.25901894 0.40400164 0.06524491
v 0.25893723 0.40414645 0.06523001
v 0.28498363 -0.51548678 0.07231266
v 0.28494109 -0.51545380 0.07228624
v 0.29268121 -0.51545443 0.03359992
v 0.29273864 -0.51542868 0.03375660
v 0.29520518 -0.51542326 -0.00572171
v 0.29531562 -0.51554639 -0.00570408
v 0.29258949 -0.51542303 -0.04486508
v 0.29274930 -0.51539344 -0.04504736
v 0.28502916 -0.51543982 -0.08360732
v 0.28495104 -0.51550538 -0.08355458
v 0.27231200 -0.51546936 -0.12092744
v 0.27226509 -0.51536939 -0.12082929
v 0.03179435 0.59699533 -0.09592697
v 0.03181789 0.59710339 -0.09590829
v 0.03112228 0.62945795 -0.09414717
v 0.03114256 0.62946086 -0.09427230
v 0.02099132 0.57722101 -0.10506515
v 0.02108421 0.57720685 -0.10496576
v 0.02692881 0.55080734 -0.12753184
v 0.02694583 0.55071625 -0.12746315
v 0.04145210 0.49864919 -0.18137675
v 0.04138059 0.49867680 -0.18135928
v 0.08288146 0.62933656 -0.04237823
v 0.08288143 0.62938761 -0.04229294
v 0.05664902 0.44248296 -0.23830371
v 0.05661458 0.44265881 -0.23836452
v 0.09641351 0.57728397 -0.01903310
v 0.09643084 0.57711403 -0.01917238
v 0.12045581 0.55063186 -0.00555341
v 0.12047412 0.55074608 -0.00563999
v 0.17459861 0.49862561 0.01809485
v 0.17470505 0.49855961 0.01813950
v 0.22706512 0.44254540 0.05675497
v 0.22705434 0.44247842 0.05660874
v 0.27229064 -0.51543584 0.10966786
v 0.27223505 -0.51536896 0.10963077
v 0.27950938 -0.39149175 0.11255453
v 0.27946195 -0.39145271 0.11260627
v 0.28163101 -0.08977199 0.11343320
v 0.28159773 -0.08991524 0.11339536
v 0.27968410 0.21210122 0.11259830
v 0.27951465 0.21210345 0.11255651
v 0.27373623 0.33744022 0.11003395
v 0.27370508 0.33741351 0.11011946
v 0.26330879 0.37255138 0.10585781
v 0.26341326 0.37254355 0.10572227
v 0.25484745 -0.51549862 -0.15621075
v 0.25487231 -0.51552757 -0.15629106
v 0.23917647 -0.39139426 -0.19361430
v 0.23916466 -0.39139729 -0.19360462
v 0.21421206 -0.08983604 -0.22567178
v 0.21423749 -0.08973454 -0.22560307
v 0.18230984 0.21219275 -0.25061331
v 0.18224253 0.21223794 -0.25065188
v 0.14563339 0.33755492 -0.26763223
v 0.14547125 0.33743552 -0.26754436
v 0.10584538 0.37270767 -0.27469242
v 0.10565842 0.37267580 -0.27473589
v 0.04241253 0.66791012 -0.08864366
v 0.04225226 0.66794163 -0.08872812
v 0.05268849 0.66797149 -0.08163274
v 0.05275432 0.66786609 -0.08161641
v 0.01965701 0.59701442 -0.09991396
v 0.01955857 0.59715380 -0.10004073
v 0.03114248 0.66788018 -0.09428196
v 0.03101457 0.66789012 -0.09416962
v 0.06211669 0.66799065 -0.07334222
v 0.06219384 0.66780989 -0.07336854
v 0.07044988 0.66788854 -0.06398111
v 0.07038144 0.66782626 -0.06398649
v 0.07750466 0.66794454 -0.05350857
v 0.07732528 0.66796384 -0.05363361
v 0.06517971 0.40405285 -0.27035255
v 0.06525509 0.40415775 -0.27027315
v 0.08689649 0.62928629 -0.03048444
v 0.08700183 0.62929931 -0.03044104
v 0.09107870 0.59711859 -0.01834839
v 0.09123011 0.59712226 -0.01834837
v 0.24742274 0.40410771 0.09921356
v 0.24737718 0.40411475 0.09924499
v 0.26018302 -0.55248516 0.10456188
v 0.26021448 -0.55237066 0.10454715
v 0.27236293 -0.55245530 0.06887339
v 0.27241950 -0.55246469 0.06886434
v 0.27965247 -0.55249266 0.03200219
v 0.27978588 -0.55245758 0.03200667
v 0.28220154 -0.55234061 -0.00558908
v 0.28223673 -0.55250112 -0.00560880
v 0.27972356 -0.55237640 -0.04330548
v 0.27962880 -0.55240828 -0.04326086
v 0.27246245 -0.55238698 -0.08015499
v 0.27230793 -0.55250528 -0.08028470
v 0.26022229 -0.55234873 -0.11592975
v 0.26020403 -0.55242713 -0.11594103
v 0.01912826 0.62932996 -0.09822742
v 0.01912705 0.62942004 -0.09824553
v 0.01928769 0.66796190 -0.09825844
v 0.01919954 0.66787674 -0.09819548
v 0.00711952 0.59704292 -0.10254129
v 0.00706237 0.59719170 -0.10244603
v 0.00774737 0.57727944 -0.10758634
v 0.00786940 0.57725666 -0.10766184
v 0.01073025 0.55073051 -0.13072102
v 0.01080449 0.55069637 -0.13079412
v 0.01808644 0.49869730 -0.18605255
v 0.01813780 0.49870738 -0.18588716
v 0.08298447 0.66784880 -0.04235659
v 0.08304759 0.66781245 -0.04236689
v 0.02582701 0.44266390 -0.24455041
v 0.02578633 0.44257331 -0.24448221
v 0.09721647 0.57721606 -0.00556267
v 0.09728588 0.57711245 -0.00564659
v 0.11932835 0.55078309 0.01080874
v 0.11943265 0.55063216 0.01079871
v 0.17001652 0.49860896 0.04143747
v 0.17000005 0.49852025 0.04137049
v 0.21690592 0.44255342 0.08656144
v 0.21678412 0.44245716 0.08653033
v 0.24356853 -0.55235691 0.13838244
v 0.24353811 -0.55241208 0.13838610
v 0.25487494 -0.51551812 0.14496870
v 0.25498832 -0.51537667 0.14495626
v 0.26150857 -0.39148084 0.14883469
v 0.26154118 -0.39144570 0.14868277
v 0.26375457 -0.08981306 0.14991387
v 0.26359821 -0.08974349 0.14993961
v 0.26173816 0.21219281 0.14886602
v 0.26179082 0.21225759 0.14880082
v 0.25629190 0.33738502 0.14562624
v 0.25628108 0.33738120 0.14560380
v 0.24655319 0.37254193 0.14006966
v 0.24646757 0.37268910 0.13988354
v 0.24362072 -0.55235402 -0.14977681
v 0.24353382 -0.55235758 -0.14976001
v 0.23299212 -0.51540232 -0.18896176
v 0.23311386 -0.51544877 -0.18887048
v 0.21258692 -0.39135801 -0.22407626
v 0.21241305 -0.39134841 -0.22408669
v 0.18353252 -0.08975290 -0.25249729
v 0.18366147 -0.08983097 -0.25238858
v 0.14859712 0.21228262 -0.27318611
v 0.14871259 0.21209740 -0.27313472
v 0.11009423 0.33748655 -0.28516150
v 0.11002910 0.33742628 -0.28521580
v 0.06970533 0.37255121 -0.28694669
v 0.06978008 0.37268927 -0.28704452
v 0.03771977 0.66792777 -0.08116817
v 0.03110823 0.66782982 -0.09420805
v 0.02756501 0.66788662 -0.08616721
v 0.04236079 0.66797086 -0.08866673
v 0.04240313 0.66791610 -0.08865602
v 0.03769980 0.66796942 -0.08123013
v 0.03104819 0.66797663 -0.09420329
v 0.02749300 0.66791315 -0.08615668
v 0.04720912 0.66788908 -0.07491513
v 0.04231558 0.66799367 -0.08858201
v 0.03785839 0.66782944 -0.08116404
v 0.05276348 0.66799853 -0.08175169
v 0.05273215 0.66785056 -0.08180745
v 0.04726766 0.66784575 -0.07490666
v 0.04236369 0.66789860 -0.08861332
v 0.03777788 0.66798077 -0.08108857
v 0.05578018 0.66795224 -0.06730352
v 0.05283504 0.66786706 -0.08165733
v 0.04724916 0.66790879 -0.07492648
v 0.06226103 0.66782411 -0.07339515
v 0.06211460 0.66782908 -0.07337147
v 0.05592813 0.66798537 -0.06732105
v 0.05281432 0.66795487 -0.08172796
v 0.04718418 0.66784223 -0.07488514
v 0.00697576 0.62948091 -0.10076089
v 0.00686325 0.62938388 -0.10078570
v 0.02752796 0.66786426 -0.08623145
v 0.01909641 0.66788578 -0.09816493
v 0.01671842 0.66783593 -0.08993274
v 0.03112507 0.66798877 -0.09428365
v 0.03097727 0.66796756 -0.09419620
v 0.02762126 0.66797577 -0.08619001
v 0.01921237 0.66797807 -0.09833738
v 0.01679524 0.66791780 -0.08975935
v 0.06337793 0.66800233 -0.05872926
v 0.06218893 0.66787874 -0.07353881
v 0.05575834 0.66789641 -0.06736727
v 0.07043079 0.66794478 -0.06406285
v 0.07037079 0.66799775 -0.06408121
v 0.06339582 0.66782357 -0.05879614
v 0.06224717 0.66787260 -0.07350367
v 0.05581788 0.66790755 -0.06741687
v 0.06976339 0.66799618 -0.04938792
v 0.07045453 0.66785774 -0.06406848
v 0.06332343 0.66793375 -0.05873977
v 0.07735489 0.66784894 -0.05353841
v 0.07742636 0.66793252 -0.05351374
v 0.06968935 0.66792525 -0.04935495
v 0.07034584 0.66790192 -0.06398308
v 0.06344530 0.66798473 -0.05886967
v 0.07478162 0.66797506 -0.03919114
v 0.07746430 0.66792045 -0.05361167
v 0.06964574 0.66790835 -0.04928094
v 0.08303818 0.66788756 -0.04238188
v 0.08303686 0.66799508 -0.04231998
v 0.07485928 0.66785173 -0.03907330
v 0.07737214 0.66792270 -0.05355355
v 0.06969381 0.66791513 -0.04929476
v 0.03010318 0.40412837 -0.27739301
v 0.03009615 0.40410623 -0.27721174
v 0.08702493 0.66785917 -0.03045050
v 0.08697348 0.66788533 -0.03050160
v 0.08951372 0.62931247 -0.01824595
v 0.08948077 0.62932625 -0.01811814
v 0.09209665 0.59701522 -0.00572182
v 0.09201452 0.59714869 -0.00572813
v 0.23164145 0.40399847 0.13126780
v 0.23171221 0.40414942 0.13134838
v 0.22745241 -0.59275150 0.12914180
v 0.22742746 -0.59292270 0.12907041
v 0.24311031 -0.59291737 0.09739136
v 0.24314234 -0.59278612 0.09756377
v 0.25429810 -0.59287122 0.06418087
v 0.25444794 -0.59283374 0.06403367
v 0.26130140 -0.59278336 0.02943340
v 0.26128982 -0.59288936 0.02953151
v 0.26364571 -0.59286807 -0.00565580
v 0.26355995 -0.59286474 -0.00563704
v 0.26129732 -0.59281049 -0.04079091
v 0.26128436 -0.59289879 -0.04077238
v 0.25446529 -0.59281480 -0.07528961
v 0.25431674 -0.59277415 -0.07539749
v 0.24302485 -0.59289390 -0.10867427
v 0.24296766 -0.59288275 -0.10870228
v 0.02756830 0.66790569 -0.08618644
v 0.03796283 0.62923011 -0.08111872
v 0.03780822 0.66780975 -0.08121365
v 0.03785431 0.66799074 -0.08124176
v 0.03784147 0.62912270 -0.08116677
v 0.02756458 0.66788655 -0.08618532
v 0.04749188 0.62919700 -0.07483350
v 0.04717145 0.66794848 -0.07492694
v 0.04734012 0.66782013 -0.07495201
v 0.04729685 0.62919384 -0.07468695
v 0.05604303 0.62915730 -0.06714651
v 0.05587028 0.66794409 -0.06746226
v 0.05579494 0.66792313 -0.06746930
v 0.05597992 0.62921704 -0.06727705
v 0.00682210 0.66796208 -0.10071018
v 0.00687089 0.66791189 -0.10078550
v 0.01669330 0.66784612 -0.08983400
v 0.00683542 0.66789552 -0.10062225
v 0.00554103 0.66789908 -0.09202348
v 0.01926222 0.66789099 -0.09820954
v 0.01921822 0.66787596 -0.09832407
v 0.01667688 0.66794151 -0.08990351
v 0.00691729 0.66782718 -0.10072671
v 0.00552408 0.66797152 -0.09196255
v 0.01674113 0.66786051 -0.08977635
v 0.02769143 0.62920488 -0.08609024
v 0.02774628 0.62917145 -0.08618597
v 0.01668596 0.66789539 -0.08990450
v -0.00564931 0.62933567 -0.10157846
v -0.00556106 0.62943882 -0.10153126
v -0.00556346 0.59709760 -0.10336205
v -0.00558731 0.59716068 -0.10321728
v -0.00561370 0.57728877 -0.10845104
v -0.00559431 0.57722223 -0.10846354
v 0.06350897 0.62915967 -0.05871975
v 0.06339391 0.66782711 -0.05889569
v 0.06337029 0.66782500 -0.05873276
v 0.06354296 0.62913404 -0.05857772
v -0.00568690 0.55070981 -0.13182764
v -0.00565716 0.55081172 -0.13189174
v 0.06971471 0.62905648 -0.04921573
v 0.06976364 0.66792934 -0.04935379
v 0.06963918 0.66783602 -0.04934173
v 0.06974662 0.62914557 -0.04915022
v -0.00572564 0.49872202 -0.18755526
v -0.00566546 0.49855045 -0.18744486
v 0.07479557 0.62911014 -0.03891195
v 0.07485966 0.66792774 -0.03908954
v 0.07484029 0.66792867 -0.03908019
v 0.07492858 0.62906786 -0.03900278
v 0.07847649 0.66787568 -0.02839139
v 0.08291581 0.66785824 -0.04234134
v 0.07488163 0.66781812 -0.03909155
v 0.08692186 0.66787576 -0.03047442
v 0.08696580 0.66790574 -0.03036583
v 0.07850781 0.66791751 -0.02845586
v 0.08294458 0.66789092 -0.04233770
v 0.07479826 0.66788312 -0.03910418
v -0.00564374 0.44257855 -0.24643550
v -0.00567577 0.44249048 -0.24658010
v 0.09634538 0.57714434 0.00780844
v 0.09629125 0.57717979 0.00781829
v 0.11626603 0.55061908 0.02693367
v 0.11626209 0.55060229 0.02708440
v 0.16231811 0.49857873 0.06390837
v 0.16227493 0.49857189 0.06395850
v 0.20285232 0.44255512 0.11475596
v 0.20289752 0.44248765 0.11480700
v 0.20780416 -0.59284157 0.15841457
v 0.20779807 -0.59291609 0.15844698
v 0.22265831 -0.55234725 0.16981953
v 0.22265940 -0.55250035 0.16965090
v 0.23303176 -0.51541724 0.17769184
v 0.23307656 -0.51548237 0.17763637
v 0.23910087 -0.39149713 0.18241249
v 0.23905575 -0.39143962 0.18234863
v 0.24104472 -0.08975309 0.18382681
v 0.24098377 -0.08987496 0.18376765
v 0.23935875 0.21208829 0.18240049
v 0.23931324 0.21213594 0.18245403
v 0.23421352 0.33745950 0.17844909
v 0.23422567 0.33737536 0.17849523
v 0.22526756 0.37261239 0.17161734
v 0.22540664 0.37257150 0.17167741
v 0.22743972 -0.59290586 -0.14036718
v 0.22739243 -0.59279382 -0.14032077
v 0.22272986 -0.55238910 -0.18110790
v 0.22258240 -0.55232953 -0.18110456
v 0.20711832 -0.51539288 -0.21865675
v 0.20704776 -0.51534361 -0.21853125
v 0.18214274 -0.39137847 -0.25057341
v 0.18203096 -0.39139140 -0.25055127
v 0.14971294 -0.08983617 -0.27503258
v 0.14979022 -0.08981895 -0.27518157
v 0.11244723 0.21220873 -0.29087522
v 0.11237599 0.21226107 -0.29103389
v 0.07262564 0.33756861 -0.29778603
v 0.07252875 0.33760541 -0.29788725
v 0.03227107 0.37260308 -0.29435689
v 0.03236810 0.37255631 -0.29438877
v -0.00569276 0.66797964 -0.10161132
v -0.00554312 0.66796352 -0.10145716
v 0.00561672 0.66785105 -0.09191809
v -0.00563075 0.66798815 -0.10151462
v -0.00578504 0.66798025 -0.09277096
v 0.00697780 0.66800886 -0.10080067
v 0.00693280 0.66801514 -0.10078924
v 0.00552892 0.66800546 -0.09197914
v -0.00561475 0.66793725 -0.10144510
v -0.00587496 0.66794950 -0.09271279
v 0.00559051 0.66786890 -0.09209623
v 0.01692741 0.62923209 -0.08984844
v 0.01693936 0.62911774 -0.08968907
v 0.00562076 0.66794997 -0.09209374
v 0.07852535 0.62922994 -0.02816860
v 0.07859471 0.62914347 -0.02828438
v 0.07851903 0.66786936 -0.02830826
v 0.07844123 0.66797166 -0.02840382
v 0.08066142 0.66791706 -0.01729748
v 0.08692023 0.66794549 -0.03052563
v 0.07849793 0.66795401 -0.02830954
v 0.08937306 0.66784482 -0.01818769
v 0.08936918 0.66780673 -0.01808429
v 0.08076517 0.66785133 -0.01728744
v 0.08696070 0.66789165 -0.03044764
v 0.07844499 0.66797214 -0.02830766
v -0.00568443 0.40412818 -0.27968369
v -0.00574073 0.40405256 -0.27972748
v 0.08949512 0.66781561 -0.01823551
v 0.08938510 0.66783139 -0.01810573
v 0.09015106 0.62931554 -0.00558844
v 0.09028930 0.62939857 -0.00569374
v 0.09125706 0.59714288 0.00720187
v 0.09109172 0.59708370 0.00717569
v 0.21176567 0.40417511 0.16124445
v 0.21177807 0.40416919 0.16108835
v 0.18871150 -0.62680261 0.14366573
v 0.18877912 -0.62667688 0.14379499
v 0.20668695 -0.62672929 0.11702018
v 0.20662344 -0.62673474 0.11706271
v 0.22084714 -0.62674433 0.08817033
v 0.22082500 -0.62684893 0.08836139
v 0.23118252 -0.62687126 0.05786468
v 0.23112083 -0.62679981 0.05777551
v 0.23728650 -0.62685993 0.02640226
v 0.23734021 -0.62675089 0.02648326
v 0.23941101 -0.62669892 -0.00558415
v 0.23952331 -0.62683761 -0.00561779
v 0.23731804 -0.62671374 -0.03769503
v 0.23730990 -0.62679571 -0.03767588
v 0.23114454 -0.62677663 -0.06908525
v 0.23104393 -0.62680149 -0.06921331
v 0.22079116 -0.62676925 -0.09954474
v 0.22082523 -0.62679446 -0.09947545
v 0.03906631 0.59577355 -0.08254899
v 0.03895829 0.59575318 -0.08249971
v 0.04868569 0.59570636 -0.07596975
v 0.04872120 0.59580521 -0.07608823
v 0.05735384 0.59574012 -0.06849253
v 0.05737854 0.59578769 -0.06844912
v 0.06504520 0.59572298 -0.05960143
v 0.06509584 0.59561744 -0.05956988
v -0.01718769 0.66797972 -0.09205888
v -0.00558925 0.66783791 -0.10152540
v -0.01811232 0.66797013 -0.10063878
v -0.00588640 0.66799355 -0.09275545
v -0.00589548 0.66793439 -0.09282787
v -0.01725087 0.66786847 -0.09196454
v -0.00571925 0.66797815 -0.10161989
v -0.01810526 0.66792753 -0.10067237
v -0.00577219 0.66784743 -0.09285349
v 0.00582553 0.62910471 -0.09192891
v 0.00565770 0.62922867 -0.09204867
v -0.00578328 0.66800536 -0.09274056
v 0.02841706 0.59592638 -0.08778621
v 0.02852321 0.59598868 -0.08766312
v -0.01818592 0.66800349 -0.10075414
v -0.01807688 0.66785584 -0.10065544
v -0.01806436 0.62937720 -0.10079054
v -0.01807525 0.62934307 -0.10077444
v -0.01831735 0.59718539 -0.10242613
v -0.01839864 0.59717048 -0.10237112
v -0.01904393 0.57720546 -0.10771404
v -0.01908211 0.57728433 -0.10764782
v 0.07151659 0.59570260 -0.04986983
v 0.07150162 0.59564271 -0.04987978
v -0.02212644 0.55063625 -0.13081227
v -0.02209460 0.55072928 -0.13074017
v 0.07660663 0.59552298 -0.03951983
v 0.07658038 0.59558927 -0.03955509
v -0.02934648 0.49855830 -0.18596063
v -0.02944584 0.49864520 -0.18602934
v 0.08032235 0.59564549 -0.02859879
v 0.08017657 0.59570177 -0.02858353
v 0.08071535 0.62922261 -0.01701236
v 0.08065565 0.62917409 -0.01702836
v 0.08081315 0.66793252 -0.01727895
v 0.08077096 0.66795790 -0.01712532
v 0.08155666 0.66789619 -0.00584288
v 0.08943251 0.66784110 -0.01821637
v 0.08068665 0.66795482 -0.01712720
v 0.09028920 0.66788285 -0.00561358
v 0.09021307 0.66788165 -0.00565415
v 0.08154601 0.66786370 -0.00586014
v 0.08935384 0.66798210 -0.01821442
v 0.08078383 0.66799242 -0.01717141
v -0.03715138 0.44256713 -0.24438164
v -0.03711641 0.44262674 -0.24451295
v 0.09371846 0.57716048 0.02097949
v 0.09371795 0.57726806 0.02106862
v 0.11099190 0.55075620 0.04266086
v 0.11084576 0.55068170 0.04270592
v 0.15187324 0.49859129 0.08525291
v 0.15183593 0.49863394 0.08532879
v 0.18541357 0.44261393 0.14106399
v 0.18542199 0.44262075 0.14102711
v 0.16755666 -0.62680159 0.16790963
v 0.16764721 -0.62669450 0.16791947
v 0.18460375 -0.59282484 0.18500168
v 0.18469560 -0.59282944 0.18483734
v 0.19779519 -0.55233477 0.19802914
v 0.19790281 -0.55235842 0.19816138
v 0.20700597 -0.51536993 0.20721857
v 0.20709314 -0.51548614 0.20726482
v 0.21255770 -0.39140088 0.21266235
v 0.21248918 -0.39132186 0.21279187
v 0.21421831 -0.08979323 0.21445877
v 0.21424631 -0.08978950 0.21432967
v 0.21259246 0.21215196 0.21283615
v 0.21268285 0.21210165 0.21280961
v 0.20827472 0.33746000 0.20826285
v 0.20826262 0.33750054 0.20837576
v 0.20015421 0.37261476 0.20023791
v 0.20033841 0.37269637 0.20038940
v 0.20658662 -0.62671591 -0.12835687
v 0.20652948 -0.62678788 -0.12843119
v 0.20796055 -0.59289493 -0.16977007
v 0.20780788 -0.59273352 -0.16970172
v 0.19778342 -0.55233241 -0.20940896
v 0.19786042 -0.55234960 -0.20937859
v 0.17744926 -0.51550820 -0.24450444
v 0.17746779 -0.51551726 -0.24462590
v 0.14855784 -0.39138127 -0.27316318
v 0.14851614 -0.39130665 -0.27314720
v 0.11319013 -0.08987569 -0.29314626
v 0.11318773 -0.08982059 -0.29303986
v 0.07418327 0.21217961 -0.30394962
v 0.07417251 0.21223988 -0.30398512
v 0.03380437 0.33755281 -0.30564309
v 0.03372180 0.33753706 -0.30555697
v -0.00563079 0.37272894 -0.29681599
v -0.00574063 0.37265192 -0.29680054
v -0.02843628 0.66796961 -0.08972525
v -0.01823741 0.66798777 -0.10079525
v -0.03052390 0.66791920 -0.09816220
v -0.01712461 0.66786864 -0.09189508
v -0.01726210 0.66795929 -0.09196461
v -0.02840656 0.66782816 -0.08980920
v -0.01822664 0.66799426 -0.10074941
v -0.03035131 0.66791902 -0.09829946
v -0.01728268 0.66794870 -0.09198649
v -0.00563127 0.62925468 -0.09271056
v -0.00562345 0.62923664 -0.09265785
v -0.01721851 0.66799526 -0.09200090
v 0.01740808 0.59578805 -0.09159796
v 0.01741306 0.59569920 -0.09150362
v 0.08261370 0.59562852 -0.01733842
v 0.08252339 0.59569761 -0.01726280
v 0.08153069 0.62924420 -0.00569220
v 0.08153022 0.62917450 -0.00569145
v 0.08148112 0.66788489 -0.00583242
v 0.08150554 0.66789726 -0.00583694
v 0.08945366 0.66791360 0.00689452
v 0.08138762 0.66783405 -0.00578601
v 0.08073435 0.66783727 0.00547311
v 0.09016457 0.66793108 -0.00564628
v 0.09021547 0.66794530 -0.00558521
v 0.08948247 0.66792547 0.00684845
v 0.08143237 0.66796717 -0.00589977
v 0.08070791 0.66791126 0.00547280
v 0.09023213 0.66785253 -0.00555189
v 0.09031273 0.66792231 -0.00562588
v -0.04151001 0.40418342 -0.27737837
v -0.04136911 0.40413191 -0.27721784
v 0.08946160 0.62940947 0.00683971
v 0.08934247 0.62945459 0.00685709
v 0.08868806 0.59705887 0.01972514
v 0.08873840 0.59698557 0.01963241
v 0.18798394 0.40416876 0.18817957
v 0.18811022 0.40413823 0.18805849
v 0.14679839 -0.64440909 0.14705550
v 0.14683852 -0.64427857 0.14702735
v 0.16541286 -0.64442297 0.12572997
v 0.16537203 -0.64428125 0.12574928
v 0.18098352 -0.64433252 0.10230202
v 0.18099117 -0.64440817 0.10229129
v 0.19361169 -0.64439519 0.07701026
v 0.19360031 -0.64443636 0.07694162
v 0.20267937 -0.64448890 0.05018613
v 0.20264250 -0.64444151 0.05023815
v 0.20812507 -0.64434724 0.02255690
v 0.20811150 -0.64431505 0.02259413
v 0.21004964 -0.64430758 -0.00561490
v 0.20992495 -0.64429478 -0.00558963
v 0.20810080 -0.64439452 -0.03374246
v 0.20811620 -0.64430937 -0.03389714
v 0.20262308 -0.64446275 -0.06158022
v 0.20265184 -0.64441010 -0.06150619
v 0.19354289 -0.64439058 -0.08823009
v 0.19352414 -0.64435720 -0.08816684
v 0.03059667 0.57327669 -0.09327810
v 0.03050862 0.57328830 -0.09317343
v 0.04169145 0.57301148 -0.08799530
v 0.04172941 0.57299254 -0.08791056
v 0.05198677 0.57304216 -0.08100268
v 0.05211797 0.57294801 -0.08100508
v 0.06143935 0.57302295 -0.07282813
v 0.06142155 0.57289933 -0.07288520
v 0.06952590 0.57305192 -0.06353637
v 0.06950010 0.57296427 -0.06359701
v -0.03912403 0.66796046 -0.08612805
v -0.03050821 0.66796665 -0.09828256
v -0.04222250 0.66802226 -0.09416152
v -0.02832588 0.66798680 -0.08974623
v -0.02843840 0.66784788 -0.08967890
v -0.03921756 0.66802357 -0.08612702
v -0.03049884 0.66794222 -0.09826092
v -0.04230374 0.66799169 -0.09425089
v -0.02842612 0.66797705 -0.08963327
v -0.01705692 0.62914621 -0.09206796
v -0.01691571 0.62915105 -0.09209410
v -0.02830904 0.66791168 -0.08982102
v -0.03037948 0.66801986 -0.09830766
v -0.03046295 0.66792271 -0.09834112
v 0.00604584 0.59580827 -0.09380326
v 0.00604651 0.59580691 -0.09382008
v -0.03049572 0.62940762 -0.09824050
v -0.03038426 0.62938933 -0.09831367
v -0.03099569 0.59718275 -0.09997070
v -0.03093344 0.59706954 -0.09986664
v -0.03219930 0.57714396 -0.10496284
v -0.03230867 0.57719929 -0.10501323
v 0.07650482 0.57301693 -0.05319307
v 0.07658178 0.57286355 -0.05337577
v -0.03839190 0.55066367 -0.12740988
v -0.03835194 0.55067322 -0.12758532
v 0.08611495 0.57286469 -0.03022044
v 0.08601083 0.57296940 -0.03015731
v -0.05273094 0.49866248 -0.18136109
v -0.05271005 0.49858302 -0.18125476
v 0.08856581 0.57302515 -0.01796547
v 0.08846851 0.57294657 -0.01805615
v 0.08334513 0.59579276 -0.00571338
v 0.08337845 0.59579643 -0.00562758
v 0.08070746 0.62907379 0.00582830
v 0.08069019 0.62920705 0.00576130
v 0.08075995 0.66788878 0.00553063
v 0.08081893 0.66799920 0.00551197
v 0.08700630 0.66792968 0.01926999
v 0.08068169 0.66793658 0.00559509
v 0.07856297 0.66795727 0.01678508
v 0.08939277 0.66792724 0.00680711
v 0.08946928 0.66789570 0.00690097
v 0.08693877 0.66792425 0.01925384
v 0.08076870 0.66794233 0.00548096
v 0.07850734 0.66783236 0.01665438
v 0.08935434 0.66785173 0.00689837
v 0.08945377 0.66794950 0.00695447
v -0.06806342 0.44253785 -0.23828319
v -0.06811656 0.44254268 -0.23827146
v 0.08935871 0.57718596 0.03377894
v 0.08935150 0.57713318 0.03378060
v 0.10368098 0.55074027 0.05739884
v 0.10361057 0.55068290 0.05752652
v 0.13863318 0.49866648 0.10508086
v 0.13866351 0.49852699 0.10515591
v 0.16463011 0.44254498 0.16460999
v 0.16464652 0.44259213 0.16463636
v 0.12548912 -0.64446570 0.16573242
v 0.12558973 -0.64430606 0.16569412
v 0.14344663 -0.62676883 0.18905538
v 0.14350936 -0.62676421 0.18907781
v 0.15816428 -0.59272224 0.20817050
v 0.15804088 -0.59290427 0.20817372
v 0.16945874 -0.55236612 0.22292763
v 0.16939559 -0.55240755 0.22294649
v 0.17741247 -0.51552308 0.23329044
v 0.17749336 -0.51533566 0.23329135
v 0.18202028 -0.39141529 0.23927679
v 0.18211461 -0.39140568 0.23928420
v 0.18356794 -0.08974768 0.24119037
v 0.18366248 -0.08974028 0.24116165
v 0.18223099 0.21217843 0.23931696
v 0.18218996 0.21209051 0.23941056
v 0.17843809 0.33739471 0.23426385
v 0.17854797 0.33756479 0.23436518
v 0.17152727 0.37254988 0.22548294
v 0.17153833 0.37268291 0.22549441
v 0.18114125 -0.64434118 -0.11354551
v 0.18110201 -0.64436384 -0.11354329
v 0.18869659 -0.62681083 -0.15494494
v 0.18884729 -0.62672721 -0.15495031
v 0.18455368 -0.59272099 -0.19627362
v 0.18463768 -0.59278442 -0.19626117
v 0.16938818 -0.55240654 -0.23409239
v 0.16952876 -0.55244092 -0.23426327
v 0.14468620 -0.51540265 -0.26642316
v 0.14468637 -0.51547255 -0.26651672
v 0.11232749 -0.39147428 -0.29090344
v 0.11239144 -0.39127855 -0.29093592
v 0.07476826 -0.08977860 -0.30628073
v 0.07482479 -0.08984982 -0.30618596
v 0.03450353 0.21218866 -0.31189081
v 0.03457021 0.21219923 -0.31175151
v -0.00566462 0.33749624 -0.30822274
v -0.00571286 0.33758723 -0.30819888
v -0.04376296 0.37266291 -0.29437843
v -0.04365612 0.37267260 -0.29433743
v -0.04943802 0.66789204 -0.08099867
v -0.04223929 0.66791549 -0.09414406
v -0.05356311 0.66783245 -0.08866155
v -0.03911284 0.66798902 -0.08602586
v -0.03911978 0.66795689 -0.08611181
v -0.04931791 0.66797539 -0.08089942
v -0.04240526 0.66791106 -0.09421823
v -0.05359372 0.66786832 -0.08870088
v -0.03917468 0.66790065 -0.08597129
v -0.02811906 0.62916599 -0.08976052
v -0.02814844 0.62919871 -0.08979082
v -0.03914843 0.66785674 -0.08602231
v -0.04229036 0.66784778 -0.09419814
v -0.04237432 0.66799779 -0.09416752
v -0.00573611 0.59569982 -0.09459925
v -0.00568041 0.59572802 -0.09457224
v 0.01888436 0.57299450 -0.09730369
v 0.01889011 0.57291303 -0.09741820
v 0.08235667 0.57256067 -0.04213264
v 0.08228761 0.57257623 -0.04207715
v 0.08939139 0.57287220 -0.00561515
v 0.08923832 0.57288374 -0.00558307
v 0.08251501 0.59571651 0.00590371
v 0.08261421 0.59572198 0.00602442
v 0.07842953 0.62922639 0.01683381
v 0.07857765 0.62923631 0.01684045
v 0.07848585 0.66784500 0.01676312
v 0.07855386 0.66793375 0.01678763
v 0.08301995 0.66794336 0.03096222
v 0.07857504 0.66784530 0.01670963
v 0.07502823 0.66780462 0.02745647
v 0.08690559 0.66781302 0.01923950
v 0.08704837 0.66789208 0.01912360
v 0.08296443 0.66798520 0.03098317
v 0.07848172 0.66787535 0.01675333
v 0.07496838 0.66791561 0.02744799
v 0.08707575 0.66781763 0.01926559
v 0.08692749 0.62933164 0.01927119
v 0.08705648 0.62928717 0.01918433
v 0.08703561 0.66796199 0.01908309
v -0.07652991 0.40413589 -0.27030738
v -0.07659688 0.40412098 -0.27029779
v 0.08459590 0.59709181 0.03171968
v 0.08460102 0.59713972 0.03164368
v 0.16106482 0.40403887 0.21173944
v 0.16121242 0.40400140 0.21176339
v 0.10479116 -0.65272960 0.13867750
v 0.10484986 -0.65269732 0.13872737
v 0.12263118 -0.65260161 0.12290861
v 0.12275190 -0.65272738 0.12293151
v 0.13833934 -0.65278585 0.10507702
v 0.13844535 -0.65268554 0.10504082
v 0.15161502 -0.65271567 0.08521563
v 0.15150432 -0.65264264 0.08525339
v 0.16218852 -0.65279529 0.06391716
v 0.16202044 -0.65263771 0.06398450
v 0.16980318 -0.65261994 0.04148917
v 0.16983499 -0.65277135 0.04145400
v 0.17439209 -0.65264668 0.01810412
v 0.17448484 -0.65266855 0.01803058
v 0.17599259 -0.65261190 -0.00562476
v 0.17588359 -0.65267695 -0.00555253
v 0.17446737 -0.65279916 -0.02932154
v 0.17433442 -0.65264285 -0.02940313
v 0.16986850 -0.65272080 -0.05262322
v 0.16973844 -0.65270267 -0.05278219
v 0.16202599 -0.65277568 -0.07527189
v 0.16212322 -0.65272105 -0.07532648
v 0.05433206 0.54461753 -0.10937217
v 0.05436564 0.54465398 -0.10936186
v 0.06731845 0.54465052 -0.10078259
v 0.06729255 0.54464562 -0.10069048
v 0.07901379 0.54456541 -0.09048210
v 0.07908938 0.54462075 -0.09043185
v 0.08934762 0.54460990 -0.07862615
v 0.08945172 0.54458684 -0.07868994
v 0.09814259 0.54453324 -0.06553933
v 0.09805479 0.54466254 -0.06559293
v -0.05882093 0.66784864 -0.07466985
v -0.05351734 0.66785370 -0.08875468
v -0.06405498 0.66789258 -0.08180701
v -0.04925570 0.66783230 -0.08101100
v -0.04930620 0.66789263 -0.08092308
v -0.05877666 0.66787932 -0.07466598
v -0.05353899 0.66784442 -0.08876956
v -0.06393854 0.66791981 -0.08177075
v -0.04931088 0.66801796 -0.08091919
v -0.03898240 0.62919518 -0.08609281
v -0.03901509 0.62910949 -0.08618239
v -0.04927544 0.66794662 -0.08088849
v -0.05363761 0.66798164 -0.08863287
v -0.04241044 0.62933768 -0.09412665
v -0.04229923 0.62933301 -0.09421436
v -0.05362978 0.66800190 -0.08863404
v -0.01734578 0.59575537 -0.09376449
v -0.01727310 0.59575813 -0.09383488
v 0.00678714 0.57298959 -0.09985892
v 0.00673740 0.57303267 -0.09983175
v 0.04029087 0.54466874 -0.11637231
v 0.04017519 0.54459137 -0.11635861
v -0.04303819 0.59718993 -0.09587647
v -0.04298206 0.59708178 -0.09584534
v -0.04494554 0.57716647 -0.10078464
v -0.04497761 0.57712828 -0.10072749
v 0.10515003 0.54452646 -0.05148543
v 0.10509022 0.54466413 -0.05156069
v -0.05394684 0.55071637 -0.12222230
v -0.05393609 0.55069590 -0.12220976
v 0.11018657 0.54452411 -0.03665366
v 0.11006233 0.54467999 -0.03669126
v 0.11326576 0.54459492 -0.02120383
v 0.11310742 0.54463457 -0.02120622
v -0.07527858 0.49873191 -0.17374085
v -0.07518927 0.49872464 -0.17367530
v 0.11411027 0.54462199 -0.00569954
v 0.11424507 0.54454757 -0.00564471
v 0.08844304 0.57287114 0.00673027
v 0.08845488 0.57294559 0.00673434
v 0.08034615 0.59563507 0.01729886
v 0.08035305 0.59567266 0.01743632
v 0.07475315 0.62907719 0.02774494
v 0.07481992 0.62909358 0.02774271
v 0.07486949 0.66795637 0.02759122
v 0.07487543 0.66797030 0.02757697
v 0.07741541 0.66780597 0.04238149
v 0.07495946 0.66785747 0.02745828
v 0.06987229 0.66791097 0.03782157
v 0.08302538 0.66792409 0.03107514
v 0.08299010 0.66793427 0.03114879
v 0.07744394 0.66796745 0.04221685
v 0.07484896 0.66797005 0.02746959
v 0.06997639 0.66784782 0.03774677
v 0.08302125 0.66796767 0.03108631
v 0.08292022 0.62937357 0.03097193
v 0.08301988 0.62947352 0.03107611
v 0.08293378 0.66796457 0.03105740
v -0.09785296 0.44259319 -0.22808240
v -0.09777374 0.44262852 -0.22811677
v 0.07894831 0.59715486 0.04326533
v 0.07885248 0.59717783 0.04317967
v 0.08341269 0.57709777 0.04577085
v 0.08341625 0.57727195 0.04578876
v 0.09446532 0.55065521 0.07112995
v 0.09452024 0.55079020 0.07119315
v 0.12288336 0.49853250 0.12306252
v 0.12286785 0.49869970 0.12300763
v 0.14092096 0.44258190 0.18541538
v 0.14097919 0.44248916 0.18548710
v 0.08498648 -0.65261427 0.15189797
v 0.08508335 -0.65259082 0.15196571
v 0.10195428 -0.64431023 0.18139797
v 0.10206370 -0.64443994 0.18132856
v 0.11672820 -0.62680787 0.20680298
v 0.11674485 -0.62668552 0.20695547
v 0.12884350 -0.59277958 0.22776506
v 0.12881011 -0.59283018 0.22777691
v 0.13809947 -0.55244564 0.24376186
v 0.13807873 -0.55247523 0.24391600
v 0.14468765 -0.51535606 0.25521096
v 0.14469500 -0.51532517 0.25523157
v 0.14852298 -0.39138636 0.26182605
v 0.14862198 -0.39137536 0.26176215
v 0.14978903 -0.08978036 0.26376281
v 0.14969711 -0.08974936 0.26390935
v 0.14860093 0.21218357 0.26183554
v 0.14872347 0.21225043 0.26190873
v 0.14562459 0.33740136 0.25626308
v 0.14564632 0.33744944 0.25634855
v 0.13996586 0.37258693 0.24666041
v 0.13984765 0.37259039 0.24663546
v 0.15166082 -0.65277921 -0.09655960
v 0.15159431 -0.65261499 -0.09668133
v 0.16533269 -0.64441879 -0.13697535
v 0.16533923 -0.64434445 -0.13713147
v 0.16755894 -0.62683745 -0.17918657
v 0.16759315 -0.62682052 -0.17920322
v 0.15817850 -0.59282193 -0.21942928
v 0.15805884 -0.59284761 -0.21945445
v 0.13810249 -0.55250236 -0.25521438
v 0.13818026 -0.55249270 -0.25521356
v 0.10931764 -0.51536103 -0.28384282
v 0.10933496 -0.51543052 -0.28376411
v 0.07396479 -0.39142398 -0.30389466
v 0.07413337 -0.39145945 -0.30391045
v 0.03475855 -0.08975773 -0.31410923
v 0.03489840 -0.08974458 -0.31415683
v -0.00568479 0.21229513 -0.31454374
v -0.00576593 0.21221611 -0.31445642
v -0.04518672 0.33758168 -0.30552166
v -0.04514994 0.33756880 -0.30555695
v -0.08102073 0.37261252 -0.28699363
v -0.08105996 0.37262448 -0.28689614
v -0.06746003 0.66792270 -0.06704998
v -0.06400865 0.66785803 -0.08177064
v -0.07342018 0.66800406 -0.07349877
v -0.05882258 0.66789697 -0.07460275
v -0.05881264 0.66787848 -0.07470053
v -0.06732243 0.66791324 -0.06711253
v -0.06401529 0.66803043 -0.08178279
v -0.07351046 0.66794220 -0.07337036
v -0.05887747 0.66795212 -0.07456955
v -0.04921569 0.62920324 -0.08108030
v -0.04912910 0.62926792 -0.08105942
v -0.05886392 0.66789771 -0.07468944
v -0.06395956 0.66790946 -0.08168567
v -0.05358347 0.62941234 -0.08869961
v -0.05347804 0.62941785 -0.08876019
v -0.06406277 0.66785220 -0.08175563
v -0.02872186 0.59574516 -0.09147581
v -0.02873711 0.59574561 -0.09162186
v -0.00559151 0.57294512 -0.10057505
v -0.00558270 0.57305278 -0.10054370
v 0.02532092 0.54469268 -0.12139349
v 0.02544991 0.54451247 -0.12142903
v 0.11311119 0.54455037 0.01010470
v 0.11319359 0.54461058 0.00996564
v 0.08602348 0.57295901 0.01904229
v 0.08597715 0.57301759 0.01896782
v 0.07638865 0.59588125 0.02858573
v 0.07642612 0.59593919 0.02847347
v 0.06979678 0.62915201 0.03782245
v 0.06986078 0.62909947 0.03782343
v 0.06999366 0.66782078 0.03770022
v 0.06988854 0.66792588 0.03773799
v 0.07039088 0.66798073 0.05276309
v 0.06994513 0.66792566 0.03769923
v 0.06369000 0.66784473 0.04723534
v 0.07747561 0.66788336 0.04221178
v 0.07733478 0.66797646 0.04233857
v 0.07044919 0.66784699 0.05276842
v 0.06988365 0.66788455 0.03765539
v 0.06360745 0.66780594 0.04734041
v 0.07741238 0.66792013 0.04227342
v 0.07748552 0.62947720 0.04239772
v 0.07748295 0.62937677 0.04237448
v 0.07743288 0.66792658 0.04223930
v -0.11055035 0.40424212 -0.25882218
v -0.11047239 0.40413700 -0.25885286
v 0.13138749 0.40402425 0.23168288
v 0.13137747 0.40415958 0.23171628
v 0.06627838 -0.65879565 0.11933638
v 0.06624936 -0.65875619 0.11915896
v 0.08183603 -0.65882484 0.10879627
v 0.08181581 -0.65880139 0.10882936
v 0.09614707 -0.65870705 0.09623687
v 0.09601068 -0.65883034 0.09625915
v 0.10856408 -0.65880170 0.08217846
v 0.10855195 -0.65880965 0.08221662
v 0.11898043 -0.65873079 0.06643341
v 0.11895561 -0.65868154 0.06645021
v 0.12730532 -0.65873326 0.04948377
v 0.12731227 -0.65878474 0.04961027
v 0.13344698 -0.65868711 0.03160651
v 0.13331133 -0.65873794 0.03168883
v 0.13705880 -0.65880265 0.01323057
v 0.13697316 -0.65875422 0.01323501
v 0.13828293 -0.65875636 -0.00571440
v 0.13837739 -0.65878929 -0.00570984
v 0.13710871 -0.65873231 -0.02449549
v 0.13707562 -0.65871786 -0.02452349
v 0.13335704 -0.65869883 -0.04287354
v 0.13336657 -0.65880608 -0.04302400
v 0.12740026 -0.65879685 -0.06085266
v 0.12730668 -0.65867500 -0.06085394
v 0.08229773 0.49229643 -0.15803615
v 0.08216832 0.49217765 -0.15798634
v 0.10138607 0.49216967 -0.14513837
v 0.10143133 0.49232965 -0.14515543
v 0.11870839 0.49226943 -0.13005224
v 0.11868829 0.49218952 -0.13006337
v 0.13379493 0.49225497 -0.11264472
v 0.13380779 0.49233043 -0.11277613
v 0.14659498 0.49226551 -0.09348449
v 0.14672091 0.49220783 -0.09359317
v 0.15682241 0.49216419 -0.07289643
v 0.15686321 0.49221161 -0.07302964
v -0.07483123 0.66791272 -0.05861926
v -0.07347356 0.66793307 -0.07337964
v -0.08162507 0.66800004 -0.06406279
v -0.06737181 0.66800963 -0.06714366
v -0.06744654 0.66801211 -0.06702927
v -0.07480262 0.66790221 -0.05856178
v -0.07350613 0.66797495 -0.07350886
v -0.08176525 0.66801890 -0.06400013
v -0.06731160 0.66792104 -0.06710257
v -0.05857480 0.62921666 -0.07481996
v -0.05858288 0.62913888 -0.07484139
v -0.06736234 0.66796381 -0.06701164
v -0.07341562 0.66794751 -0.07341256
v -0.06404649 0.62938274 -0.08166354
v -0.06394279 0.62945312 -0.08179850
v -0.07344575 0.66794482 -0.07352363
v -0.03955535 0.59558757 -0.08776391
v -0.03956154 0.59552455 -0.08787645
v -0.01799048 0.57288828 -0.09988406
v -0.01809560 0.57303775 -0.09985250
v 0.00991213 0.54468746 -0.12447522
v 0.00996622 0.54463321 -0.12452451
v 0.06157860 0.49235337 -0.16802334
v 0.06166546 0.49221855 -0.16809826
v -0.05705610 0.57716299 -0.09475721
v -0.05707955 0.57731527 -0.09468752
v 0.16417827 0.49214966 -0.05116471
v 0.16414549 0.49219375 -0.05106318
v -0.06868891 0.55079174 -0.11489292
v -0.06881409 0.55073293 -0.11494266
v 0.16861262 0.49221147 -0.02860396
v 0.16863707 0.49215769 -0.02866373
v 0.17018464 0.49213998 -0.00557497
v 0.17020121 0.49230944 -0.00573359
v -0.09655129 0.49872638 -0.16314316
v -0.09655023 0.49867333 -0.16311291
v 0.16863694 0.49230378 0.01728400
v 0.16872927 0.49220974 0.01739313
v 0.11018129 0.54455580 0.02529067
v 0.11003138 0.54466915 0.02532326
v 0.08198226 0.57313809 0.03065355
v 0.08191729 0.57308980 0.03050042
v 0.07134008 0.59570276 0.03906633
v 0.07118868 0.59568758 0.03907532
v 0.06337434 0.62923230 0.04740034
v 0.06338094 0.62918169 0.04736186
v 0.06370284 0.66784947 0.04731205
v 0.06364650 0.66781137 0.04733436
v 0.06226456 0.66786749 0.06223454
v 0.06358373 0.66781254 0.04720267
v 0.05612898 0.66783966 0.05592257
v 0.07049410 0.66791414 0.05281690
v 0.07048088 0.66787661 0.05270499
v 0.06226402 0.66783117 0.06216912
v 0.06356353 0.66783262 0.04720413
v 0.05618568 0.66798722 0.05583367
v 0.07037294 0.66799515 0.05264727
v 0.07037005 0.62928913 0.05269627
v 0.07043134 0.62936784 0.05267590
v 0.07051922 0.66780714 0.05278896
v -0.12609361 0.44254909 -0.21419175
v -0.12615767 0.44261417 -0.21431349
v 0.07175618 0.59714200 0.05380763
v 0.07190424 0.59707971 0.05372628
v 0.07591509 0.57723064 0.05693878
v 0.07599704 0.57720815 0.05693748
v 0.08352246 0.55062662 0.08362528
v 0.08350273 0.55078770 0.08347344
v 0.10511698 0.49860458 0.13873704
v 0.10507870 0.49855348 0.13869909
v 0.11474922 0.44256126 0.20296374
v 0.11481925 0.44248302 0.20290368
v 0.04934417 -0.65879699 0.12755949
v 0.04934431 -0.65865365 0.12766586
v 0.06359067 -0.65267206 0.16230789
v 0.06376312 -0.65267838 0.16242078
v 0.07673358 -0.64440536 0.19389496
v 0.07660089 -0.64442255 0.19389847
v 0.08806880 -0.62679440 0.22100235
v 0.08805039 -0.62668281 0.22103944
v 0.09724440 -0.59274841 0.24330892
v 0.09711737 -0.59285279 0.24338026
v 0.10430581 -0.55232136 0.26050599
v 0.10431615 -0.55237278 0.26043016
v 0.10940439 -0.51545731 0.27254965
v 0.10934253 -0.51532213 0.27252487
v 0.11229729 -0.39140391 0.27971284
v 0.11237151 -0.39129756 0.27971176
v 0.11330160 -0.08983592 0.28179180
v 0.11333235 -0.08971503 0.28184918
v 0.11253530 0.21222947 0.27969612
v 0.11238623 0.21217762 0.27959098
v 0.11008226 0.33740528 0.27375024
v 0.10997110 0.33757614 0.27377780
v 0.10583466 0.37268055 0.26346466
v 0.10571418 0.37266534 0.26347003
v 0.11905533 -0.65875650 -0.07766513
v 0.11887349 -0.65884659 -0.07775265
v 0.13836845 -0.65270602 -0.11633073
v 0.13833072 -0.65261090 -0.11639320
v 0.14676402 -0.64447413 -0.15822198
v 0.14670660 -0.64440969 -0.15821954
v 0.14339141 -0.62677666 -0.20027290
v 0.14341319 -0.62685176 -0.20023616
v 0.12891794 -0.59273239 -0.23910766
v 0.12888595 -0.59272769 -0.23910962
v 0.10431541 -0.55239607 -0.27186788
v 0.10431368 -0.55230486 -0.27177740
v 0.07205262 -0.51546671 -0.29654810
v 0.07208315 -0.51549163 -0.29659450
v 0.03436340 -0.39142201 -0.31180042
v 0.03436491 -0.39145233 -0.31170009
v -0.00588955 -0.08977734 -0.31673213
v -0.00579717 -0.08978574 -0.31671526
v -0.04609548 0.21216903 -0.31181991
v -0.04601192 0.21226758 -0.31188706
v -0.08408569 0.33761804 -0.29786798
v -0.08406106 0.33758231 -0.29777045
v -0.11715679 0.37275732 -0.27479316
v -0.11706352 0.37259028 -0.27477061
v -0.08114376 0.66786085 -0.04901117
v -0.08163901 0.66799738 -0.06393425
v -0.08864359 0.66795088 -0.05368092
v -0.07489211 0.66794743 -0.05849530
v -0.07477076 0.66801800 -0.05848150
v -0.08113437 0.66792768 -0.04903063
v -0.08170551 0.66801038 -0.06406141
v -0.08858180 0.66800892 -0.05355952
v -0.06729694 0.62920071 -0.06730152
v -0.07490069 0.66801954 -0.05848447
v -0.07476271 0.66797722 -0.05860325
v -0.06726065 0.62911839 -0.06717994
v -0.07348241 0.62950667 -0.07349396
v -0.08174450 0.66802499 -0.06391840
v -0.08177887 0.66787872 -0.06396205
v -0.07340242 0.62944679 -0.07349762
v -0.04991439 0.59575547 -0.08272766
v -0.05003790 0.59574998 -0.08275648
v -0.05445093 0.59701602 -0.09016909
v -0.05446886 0.59716171 -0.09020367
v -0.03011297 0.57289766 -0.09741807
v -0.03021279 0.57301091 -0.09729852
v -0.00561052 0.54461546 -0.12543418
v -0.00567531 0.54460741 -0.12541241
v 0.03985605 0.49231948 -0.17545547
v 0.03988305 0.49232818 -0.17544824
v 0.16424460 0.49221099 0.03995469
v 0.16413421 0.49214828 0.03979501
v 0.10502809 0.54466093 0.04018594
v 0.10516795 0.54450874 0.04021175
v 0.06483681 0.59579639 0.04861759
v 0.06487447 0.59566863 0.04855345
v 0.05598345 0.62911366 0.05600681
v 0.05587496 0.62913424 0.05585945
v 0.05620851 0.66781779 0.05589053
v 0.05615585 0.66788584 0.05575056
v 0.05281380 0.66792336 0.07048936
v 0.05620010 0.66793604 0.05572975
v 0.04762207 0.66798522 0.06329074
v 0.06215985 0.66781675 0.06219225
v 0.06213514 0.66794175 0.06219925
v 0.05264572 0.66781385 0.07042038
v 0.05619441 0.66789016 0.05575592
v 0.04750019 0.66785361 0.06345761
v 0.06207401 0.66785815 0.06213512
v 0.06214180 0.62944065 0.06219655
v 0.06220398 0.62941393 0.06215257
v 0.06220753 0.66782647 0.06210768
v -0.14272823 0.40422264 -0.24293312
v -0.14261078 0.40417040 -0.24298673
v 0.09914460 0.40404937 0.24743222
v 0.09916614 0.40407101 0.24751982
v 0.03467148 -0.66240887 0.09204939
v 0.03452212 -0.66242254 0.09209080
v 0.04584894 -0.66237032 0.08418461
v 0.04599461 -0.66234467 0.08413845
v 0.05853294 -0.66246774 0.07841848
v 0.05858342 -0.66234099 0.07826234
v 0.06746385 -0.66240209 0.06772106
v 0.06727602 -0.66238537 0.06764819
v 0.07806116 -0.66252301 0.05879600
v 0.07807779 -0.66248898 0.05874093
v 0.08383775 -0.66236191 0.04610368
v 0.08390025 -0.66245551 0.04611844
v 0.09185450 -0.66247966 0.03476723
v 0.09193589 -0.66242419 0.03487904
v 0.09409293 -0.66253569 0.02124493
v 0.09421934 -0.66237083 0.02119010
v 0.09908713 -0.66235327 0.00808248
v 0.09902869 -0.66234905 0.00820821
v 0.09776341 -0.66237698 -0.00572672
v 0.09774467 -0.66237416 -0.00570403
v 0.09901143 -0.66247387 -0.01942071
v 0.09909822 -0.66237102 -0.01935745
v 0.09409454 -0.66240078 -0.03237091
v 0.09413255 -0.66252760 -0.03255658
v 0.09178504 -0.66236378 -0.04614944
v 0.09188382 -0.66246920 -0.04619855
v 0.11152884 0.43640126 -0.20865942
v 0.11163739 0.43645849 -0.20884948
v 0.13704291 0.43650037 -0.19175859
v 0.13710337 0.43654837 -0.19164212
v 0.16018029 0.43651950 -0.17142172
v 0.16018675 0.43646982 -0.17155882
v 0.18032083 0.43639574 -0.14845207
v 0.18033393 0.43652480 -0.14846756
v 0.19737784 0.43639877 -0.12281512
v 0.19750083 0.43656356 -0.12293649
v 0.21091564 0.43640399 -0.09545859
v 0.21091755 0.43641602 -0.09533211
v 0.22082234 0.43638871 -0.06626742
v 0.22094959 0.43657202 -0.06628734
v -0.08613936 0.66795795 -0.03880554
v -0.08860264 0.66802225 -0.05365209
v -0.09415620 0.66800972 -0.04232732
v -0.08122844 0.66798961 -0.04895060
v -0.08125200 0.66784833 -0.04910970
v -0.08610967 0.66788803 -0.03882406
v -0.08860471 0.66800148 -0.05353660
v -0.09430051 0.66793541 -0.04230488
v -0.07477907 0.62927094 -0.05863853
v -0.08122355 0.66796261 -0.04908103
v -0.08125337 0.66797099 -0.04910661
v -0.07484274 0.62918404 -0.05871272
v -0.08174755 0.62947283 -0.06396196
v -0.08864259 0.66798324 -0.05353107
v -0.08858073 0.66800204 -0.05360623
v -0.08169873 0.62943804 -0.06394218
v -0.05970842 0.59575657 -0.07621412
v -0.05956413 0.59572756 -0.07619913
v -0.06516844 0.59706587 -0.08300306
v -0.06504876 0.59702652 -0.08305439
v -0.05318626 0.57297199 -0.08773545
v -0.05327198 0.57296304 -0.08781050
v -0.04210314 0.57264743 -0.09355152
v -0.04224587 0.57268986 -0.09351684
v -0.02133113 0.54462324 -0.12447748
v -0.02128913 0.54469995 -0.12452399
v 0.01737190 0.49218480 -0.18000440
v 0.01725652 0.49234682 -0.18002172
v 0.08409538 0.43655312 -0.22233591
v 0.08402007 0.43643496 -0.22235455
v -0.06835785 0.57721249 -0.08721459
v -0.06832932 0.57731972 -0.08731822
v 0.22675160 0.43654863 -0.03620450
v 0.22680616 0.43648808 -0.03625230
v -0.08235917 0.55065113 -0.10577788
v -0.08254566 0.55083922 -0.10570013
v 0.22886408 0.43652417 -0.00562851
v 0.22879749 0.43651134 -0.00562232
v 0.22677968 0.43657035 0.02500426
v 0.22690420 0.43639995 0.02496396
v -0.11639340 0.49871334 -0.14988875
v -0.11637975 0.49873002 -0.14997116
v 0.22092351 0.43647400 0.05505807
v 0.22090274 0.43638416 0.05511699
v 0.15686440 0.49230483 0.06171954
v 0.15680774 0.49231195 0.06164524
v 0.09805952 0.54468628 0.05430212
v 0.09807377 0.54455756 0.05431389
v 0.07667006 0.57299641 0.04165449
v 0.07661898 0.57287906 0.04172911
v 0.05700388 0.59571429 0.05738840
v 0.05700875 0.59564384 0.05730441
v 0.04735458 0.62916550 0.06349914
v 0.04745044 0.62917319 0.06349618
v 0.04756577 0.66799847 0.06328535
v 0.04759512 0.66784086 0.06326115
v 0.04232801 0.66799293 0.07734116
v 0.04756708 0.66781307 0.06343310
v 0.03815291 0.66797296 0.06974420
v 0.05274574 0.66800366 0.07042850
v 0.05276821 0.66792199 0.07041413
v 0.04240865 0.66797942 0.07742346
v 0.04761930 0.66800332 0.06326262
v 0.03814161 0.66789084 0.06974418
v 0.05264428 0.66795551 0.07041748
v 0.05273492 0.62935275 0.07049564
v 0.05270915 0.62938774 0.07039012
v 0.05276851 0.66798717 0.07044693
v 0.06335839 0.59704389 0.06333616
v 0.06334116 0.59718197 0.06344119
v -0.15224442 0.44260688 -0.19671348
v -0.15239534 0.44267557 -0.19679083
v 0.06714358 0.57728389 0.06709661
v 0.06719048 0.57723494 0.06715743
v 0.07105109 0.55078234 0.09453643
v 0.07114877 0.55080399 0.09439202
v 0.08519702 0.49856991 0.15183534
v 0.08519635 0.49870186 0.15189754
v 0.08652906 0.44265349 0.21692259
v 0.08650581 0.44251849 0.21688488
v 0.02085635 -0.66234206 0.09456770
v 0.02082953 -0.66251374 0.09445895
v 0.03145524 -0.65867654 0.13368033
v 0.03142174 -0.65876165 0.13363059
v 0.04116479 -0.65272830 0.16998887
v 0.04122945 -0.65272620 0.17010589
v 0.05005638 -0.64439373 0.20293770
v 0.04995874 -0.64435325 0.20281490
v 0.05767968 -0.62682309 0.23146275
v 0.05760174 -0.62675978 0.23139748
v 0.06377060 -0.59285422 0.25465861
v 0.06384697 -0.59284159 0.25465389
v 0.06873337 -0.55244926 0.27264453
v 0.06866059 -0.55237113 0.27257265
v 0.07204360 -0.51546591 0.28530528
v 0.07210302 -0.51540660 0.28534522
v 0.07399313 -0.39136863 0.29258821
v 0.07395932 -0.39129049 0.29254343
v 0.07469420 -0.08983362 0.29493486
v 0.07469466 -0.08973861 0.29495332
v 0.07428993 0.21221651 0.29262812
v 0.07420793 0.21210624 0.29277403
v 0.07265573 0.33743506 0.28663342
v 0.07256327 0.33755541 0.28667881
v 0.06959361 0.37267910 0.27574757
v 0.06963701 0.37255519 0.27573286
v 0.08377481 -0.66253470 -0.05752786
v 0.08389714 -0.66249336 -0.05755549
v 0.10845964 -0.65877582 -0.09336078
v 0.10854483 -0.65872796 -0.09347517
v 0.12277060 -0.65275133 -0.13426628
v 0.12277469 -0.65263496 -0.13424246
v 0.12545996 -0.64431314 -0.17697279
v 0.12545890 -0.64446382 -0.17702040
v 0.11670409 -0.62679634 -0.21821483
v 0.11683703 -0.62676593 -0.21825691
v 0.09730399 -0.59287250 -0.25461381
v 0.09723890 -0.59273652 -0.25453609
v 0.06872726 -0.55240328 -0.28384537
v 0.06872032 -0.55236733 -0.28398339
v 0.03347959 -0.51533590 -0.30422483
v 0.03347028 -0.51540337 -0.30419938
v -0.00589281 -0.39128157 -0.31452217
v -0.00579389 -0.39131635 -0.31443341
v -0.04644057 -0.08986425 -0.31406032
v -0.04644686 -0.08984346 -0.31415638
v -0.08568255 0.21229409 -0.30391219
v -0.08561542 0.21216724 -0.30400979
v -0.12149178 0.33760100 -0.28512703
v -0.12155316 0.33760005 -0.28503883
v -0.15138147 0.37262175 -0.25788216
v -0.15134322 0.37273927 -0.25783596
v -0.08981832 0.66794716 -0.02807964
v -0.09426729 0.66791834 -0.04242452
v -0.09828185 0.66792533 -0.03040096
v -0.08623646 0.66788787 -0.03885556
v -0.08621307 0.66800833 -0.03885629
v -0.08982926 0.66785056 -0.02794252
v -0.09422563 0.66802338 -0.04234395
v -0.09824275 0.66797844 -0.03044012
v -0.08107777 0.62924317 -0.04914076
v -0.08619946 0.66784815 -0.03885443
v -0.08618473 0.66787024 -0.03880992
v -0.08098112 0.62912313 -0.04911701
v -0.08875752 0.62942747 -0.05349813
v -0.09420528 0.66795779 -0.04228475
v -0.09415021 0.66802525 -0.04237317
v -0.08863729 0.62939518 -0.05363540
v -0.06841925 0.59572358 -0.06870490
v -0.06838802 0.59565864 -0.06869704
v -0.07475438 0.59708070 -0.07472955
v -0.07460789 0.59713279 -0.07476599
v -0.06365215 0.57297388 -0.08084793
v -0.06351103 0.57300715 -0.08089368
v -0.03663458 0.54463009 -0.12141398
v -0.03658721 0.54453147 -0.12137932
v -0.00575905 0.49231431 -0.18157736
v -0.00558697 0.49232400 -0.18142765
v 0.05504719 0.43650824 -0.23212947
v 0.05494217 0.43655405 -0.23223672
v 0.21097458 0.43639331 0.08406927
v 0.21109040 0.43653119 0.08417955
v 0.14653820 0.49216366 0.08226040
v 0.14657709 0.49214562 0.08220314
v 0.06981439 0.57294006 0.05200343
v 0.06985015 0.57300241 0.05210660
v 0.04830565 0.59565994 0.06510111
v 0.04828332 0.59565062 0.06498449
v 0.03790717 0.62911297 0.06977551
v 0.03800255 0.62924873 0.06989009
v 0.03802354 0.66783446 0.06970761
v 0.03805865 0.66786019 0.06974211
v 0.03111139 0.66781323 0.08286086
v 0.03812905 0.66795328 0.06967354
v 0.02796432 0.66792293 0.07470295
v 0.04225407 0.66787664 0.07745720
v 0.04227772 0.66792829 0.07730282
v 0.03110263 0.66798364 0.08290249
v 0.03804630 0.66782979 0.06971801
v 0.02786891 0.66794304 0.07479704
v 0.04233084 0.66784397 0.07736372
v 0.04231695 0.62929454 0.07748265
v 0.04236481 0.62940820 0.07743567
v 0.04239809 0.66780909 0.07745596
v 0.05378021 0.59711817 0.07175064
v 0.05378024 0.59701381 0.07188955
v -0.17256561 0.40421472 -0.22299194
v -0.17249694 0.40419978 -0.22306252
v 0.06515355 0.40403286 0.25903935
v 0.06519902 0.40413015 0.25903558
v 0.02087238 -0.66371069 0.05884374
v 0.02080340 -0.66368876 0.05875179
v 0.03654980 -0.66367658 0.04963096
v 0.03662970 -0.66359767 0.04975396
v 0.04952017 -0.66363917 0.03686499
v 0.04943067 -0.66367603 0.03694115
v 0.05851377 -0.66374358 0.02102964
v 0.05857014 -0.66373290 0.02112492
v 0.06332933 -0.66371203 0.00353456
v 0.06325306 -0.66366930 0.00356329
v 0.06321129 -0.66361878 -0.01482832
v 0.06318108 -0.66375066 -0.01473695
v 0.05856640 -0.66370386 -0.03243404
v 0.05848020 -0.66361654 -0.03237982
v 0.12761892 0.39907287 -0.23660002
v 0.12777713 0.39910010 -0.23673890
v 0.15666797 0.39907961 -0.21728440
v 0.15676461 0.39903992 -0.21720009
v 0.18293177 0.39910055 -0.19424808
v 0.18296509 0.39907783 -0.19429539
v 0.20594732 0.39908475 -0.16807630
v 0.20590985 0.39910292 -0.16804595
v 0.22536581 0.39909965 -0.13913118
v 0.22540243 0.39904312 -0.13910290
v 0.24076807 0.39898563 -0.10772977
v 0.24083575 0.39902004 -0.10774888
v 0.25200142 0.39905792 -0.07471623
v 0.25195585 0.39898689 -0.07470928
v 0.25879125 0.39894763 -0.04041501
v 0.25871591 0.39895113 -0.04046361
v -0.09200062 0.66794462 -0.01688258
v -0.09832245 0.66788187 -0.03052909
v -0.10062014 0.66800958 -0.01815130
v -0.08985242 0.66792788 -0.02806799
v -0.08984402 0.66793067 -0.02793625
v -0.09195696 0.66799154 -0.01683059
v -0.09832434 0.66799436 -0.03050822
v -0.10061239 0.66796276 -0.01809669
v -0.08603831 0.62924392 -0.03904840
v -0.08985582 0.66792791 -0.02797067
v -0.08987740 0.66792993 -0.02803191
v -0.08614050 0.62916177 -0.03893479
v -0.09416734 0.62937965 -0.04228231
v -0.09814742 0.66795335 -0.03048464
v -0.09826724 0.66801688 -0.03049430
v -0.09415206 0.62947700 -0.04231575
v -0.07599175 0.59573154 -0.05984609
v -0.07613856 0.59581130 -0.06002473
v -0.08318648 0.59704826 -0.06509106
v -0.08310716 0.59718886 -0.06504338
v -0.07297600 0.57302134 -0.07275436
v -0.07300303 0.57308341 -0.07263615
v -0.07840703 0.57729995 -0.07840669
v -0.07842653 0.57720952 -0.07844251
v -0.06561493 0.54473177 -0.10943553
v -0.06558431 0.54473200 -0.10945184
v -0.05155272 0.54459377 -0.11629580
v -0.05141620 0.54459839 -0.11629244
v -0.02863093 0.49224920 -0.17996126
v -0.02865078 0.49229840 -0.18000787
v 0.02496860 0.43643493 -0.23815657
v 0.02501463 0.43655014 -0.23818018
v 0.09647348 0.39902101 -0.25211805
v 0.09633141 0.39915700 -0.25216433
v 0.26115146 0.39905100 -0.00564564
v 0.26113336 0.39902365 -0.00573037
v -0.09485301 0.55083269 -0.09476167
v -0.09490081 0.55083846 -0.09479072
v 0.25886511 0.39899418 0.02918481
v 0.25871294 0.39905277 0.02911965
v 0.25191956 0.39895135 0.06341789
v 0.25198591 0.39898413 0.06343609
v -0.13432269 0.49859847 -0.13423340
v -0.13432431 0.49860436 -0.13421478
v 0.24066852 0.39904248 0.09643588
v 0.24077103 0.39897111 0.09644930
v 0.19744322 0.43648471 0.11159691
v 0.19740425 0.43645990 0.11151774
v 0.13375377 0.49219695 0.10141514
v 0.13394201 0.49216944 0.10136432
v 0.08944427 0.54455617 0.06726324
v 0.08944329 0.54466446 0.06741491
v 0.06169655 0.57296962 0.06135021
v 0.06163313 0.57300989 0.06139103
v 0.03871637 0.59578305 0.07151833
v 0.03871102 0.59580213 0.07143030
v 0.02763396 0.62923390 0.07479020
v 0.02764888 0.62924197 0.07487795
v 0.02779846 0.66793725 0.07484456
v 0.02790441 0.66800327 0.07472670
v 0.01915480 0.66789438 0.08698838
v 0.02793224 0.66787915 0.07471661
v 0.01717384 0.66795668 0.07851721
v 0.03098107 0.66796231 0.08298098
v 0.03111762 0.66784800 0.08298890
v 0.01921905 0.66786198 0.08700257
v 0.02790107 0.66783717 0.07486663
v 0.01709363 0.66782569 0.07836974
v 0.03114669 0.66782820 0.08301474
v 0.03111641 0.62937981 0.08297618
v 0.03102622 0.62930033 0.08302809
v 0.03104784 0.66790341 0.08289002
v 0.04322926 0.59714908 0.07890970
v 0.04315565 0.59699651 0.07887485
v -0.17606385 0.44265100 -0.17604893
v -0.17599953 0.44259017 -0.17599217
v 0.05705191 0.57714231 0.07604846
v 0.05703073 0.57724230 0.07590606
v 0.05732848 0.55062972 0.10365030
v 0.05743836 0.55077441 0.10371260
v 0.06383900 0.49857937 0.16247594
v 0.06392054 0.49854118 0.16228493
v 0.05675174 0.44261980 0.22698322
v 0.05657138 0.44247768 0.22700355
v 0.00993820 -0.66364942 0.05330604
v 0.00976860 -0.66369041 0.05324611
v 0.00795952 -0.66246838 0.09938428
v 0.00779936 -0.66246849 0.09920336
v 0.02448879 -0.66357269 0.04721885
v 0.02461448 -0.66373391 0.04726826
v 0.01287728 -0.65876035 0.13742709
v 0.01288795 -0.65863190 0.13739226
v 0.01791334 -0.65275859 0.17467375
v 0.01787003 -0.65265026 0.17474279
v 0.03713122 -0.66366289 0.03740689
v 0.03724403 -0.66364153 0.03751554
v 0.02229893 -0.64425718 0.20832572
v 0.02234159 -0.64438561 0.20838933
v 0.02619533 -0.62666205 0.23759781
v 0.02601659 -0.62673342 0.23768867
v 0.04695421 -0.66364654 0.02483726
v 0.04694211 -0.66362208 0.02477105
v 0.02918750 -0.59280172 0.26152410
v 0.02928439 -0.59268910 0.26159674
v 0.03171414 -0.55235788 0.27998133
v 0.03178439 -0.55228956 0.27990091
v 0.05299365 -0.66360062 0.01004609
v 0.05308231 -0.66368740 0.01012858
v 0.03348954 -0.51534636 0.29285427
v 0.03344556 -0.51533646 0.29283177
v 0.03447355 -0.39129596 0.30060204
v 0.03440364 -0.39127073 0.30047843
v 0.05500864 -0.66367671 -0.00557786
v 0.05514971 -0.66363518 -0.00572469
v 0.03482411 -0.08970168 0.30281738
v 0.03485950 -0.08979159 0.30290735
v 0.03448579 0.21222352 0.30053987
v 0.03463214 0.21215663 0.30064688
v 0.05293840 -0.66371846 -0.02148932
v 0.05298209 -0.66362937 -0.02147460
v 0.03370469 0.33756191 0.29433497
v 0.03378649 0.33760792 0.29430781
v 0.03236406 0.37273112 0.28308172
v 0.03237137 0.37254693 0.28310179
v 0.04685648 -0.66357799 -0.03612833
v 0.04682928 -0.66376494 -0.03609838
v 0.07796597 -0.66253848 -0.07009168
v 0.07797673 -0.66253016 -0.07011027
v 0.09602340 -0.65874574 -0.10756024
v 0.09609330 -0.65875068 -0.10761924
v 0.10487597 -0.65263980 -0.14995897
v 0.10474713 -0.65263850 -0.14999607
v 0.10199048 -0.64443587 -0.19264674
v 0.10196960 -0.64436295 -0.19254090
v 0.08805973 -0.62677566 -0.23231342
v 0.08798587 -0.62681912 -0.23238968
v 0.06393297 -0.59271536 -0.26590467
v 0.06378067 -0.59287674 -0.26589622
v 0.03179661 -0.55244708 -0.29126235
v 0.03163789 -0.55231341 -0.29123650
v -0.00594927 -0.51542038 -0.30677806
v -0.00585213 -0.51536300 -0.30686031
v -0.04621726 -0.39139438 -0.31181454
v -0.04615376 -0.39140228 -0.31186128
v -0.08623673 -0.08967850 -0.30619851
v -0.08625660 -0.08972513 -0.30622007
v -0.12388417 0.21227316 -0.29090402
v -0.12395663 0.21217728 -0.29094344
v -0.15703578 0.33752050 -0.26760115
v -0.15696978 0.33748107 -0.26771665
v -0.18307630 0.37259970 -0.23665563
v -0.18296296 0.37278273 -0.23678346
v -0.09272484 0.66792020 -0.00536610
v -0.10064974 0.66788849 -0.01813357
v -0.10156766 0.66786433 -0.00556909
v -0.09200630 0.66785933 -0.01681499
v -0.09200469 0.66784802 -0.01673972
v -0.09277929 0.66793010 -0.00539948
v -0.10074267 0.66792582 -0.01824272
v -0.10143030 0.66803711 -0.00571420
v -0.08981928 0.62927869 -0.02822858
v -0.09207136 0.66790901 -0.01679618
v -0.09211193 0.66799273 -0.01676624
v -0.08969809 0.62919789 -0.02825260
v -0.09815543 0.62945983 -0.03053238
v -0.10068476 0.66786398 -0.01817432
v -0.10058804 0.66795958 -0.01819531
v -0.09829540 0.62945971 -0.03049346
v -0.08249307 0.59564580 -0.05024496
v -0.08250024 0.59567296 -0.05022201
v -0.09015523 0.59721019 -0.05453873
v -0.09016659 0.59707374 -0.05439071
v -0.08104397 0.57298202 -0.06339268
v -0.08115035 0.57291608 -0.06334837
v -0.08727877 0.57730970 -0.06831337
v -0.08735284 0.57721219 -0.06825969
v -0.07869951 0.54457079 -0.10070305
v -0.07865257 0.54461737 -0.10064342
v -0.05110553 0.49224188 -0.17558486
v -0.05113390 0.49229304 -0.17556693
v -0.00567317 0.43648810 -0.24016004
v -0.00569809 0.43648151 -0.24008779
v 0.06336562 0.39912275 -0.26336689
v 0.06336902 0.39912186 -0.26322431
v 0.22529595 0.39911151 0.12769789
v 0.22532197 0.39913014 0.12764774
v 0.18039848 0.43644196 0.13706886
v 0.18033941 0.43643546 0.13716359
v 0.07908422 0.54456659 0.07905483
v 0.07918412 0.54450953 0.07914578
v 0.05222348 0.57296242 0.06954783
v 0.05223122 0.57301947 0.06958117
v 0.02836915 0.59556912 0.07659788
v 0.02822767 0.59566121 0.07654338
v 0.01695928 0.62922325 0.07844872
v 0.01696055 0.62909767 0.07841475
v 0.01702573 0.66800845 0.07838916
v 0.01704198 0.66793617 0.07848155
v 0.00682770 0.66800161 0.08943748
v 0.01714103 0.66782764 0.07853167
v 0.00589644 0.66791721 0.08067048
v 0.01920604 0.66798027 0.08690975
v 0.01917234 0.66792299 0.08705304
v 0.00683020 0.66800788 0.08946921
v 0.01715207 0.66790626 0.07845252
v 0.00586454 0.66788794 0.08077775
v 0.01911191 0.66787719 0.08694631
v 0.01922117 0.62931403 0.08706111
v 0.01926515 0.62948668 0.08694092
v 0.01914734 0.66799816 0.08704897
v 0.03167831 0.59703179 0.08446514
v 0.03163671 0.59712438 0.08462007
v -0.19948244 0.40424358 -0.19940847
v -0.19941098 0.40407567 -0.19933746
v 0.03008456 0.40404919 0.26608530
v 0.03012159 0.40413239 0.26596147
v 0.00326291 -0.66364520 0.06356881
v 0.00320621 -0.66362821 0.06355500
v -0.00590066 -0.66357247 -0.00563943
v -0.00582968 -0.66371859 -0.00572568
v -0.00588944 -0.66374462 -0.00569887
v -0.00600930 -0.66355427 -0.00570882
v -0.00601731 -0.66373406 -0.00564973
v -0.00587351 -0.66362424 -0.00564450
v -0.00602411 -0.66355410 -0.00560842
v -0.00597916 -0.66361556 -0.00567820
v -0.00592036 -0.66372843 -0.00565678
v -0.00602374 -0.66362654 -0.00560441
v -0.00591973 -0.66361845 -0.00558927
v -0.00591708 -0.66370904 -0.00572127
v -0.00600444 -0.66357295 -0.00566291
v -0.00592954 -0.66371753 -0.00554721
v -0.00590666 -0.66360009 -0.00557401
v -0.00595942 -0.66371293 -0.00569906
v -0.00601328 -0.66355750 -0.00573425
v -0.00584306 -0.66368700 -0.00563006
v -0.00600556 -0.66357969 -0.00563844
v -0.00587123 -0.66359375 -0.00564556
v -0.00583280 -0.66362347 -0.00568220
v -0.00592414 -0.66365444 -0.00570829
v -0.00587017 -0.66374728 -0.00570355
v -0.00591770 -0.66374759 -0.00566574
v -0.00602417 -0.66356182 -0.00562639
v -0.00582699 -0.66359456 -0.00570897
v -0.00585863 -0.66356660 -0.00558146
v -0.00591286 -0.66361926 -0.00563945
v 0.04936169 -0.66357685 -0.04814433
v 0.04934999 -0.66367067 -0.04809287
v 0.13591512 0.36921859 -0.25094664
v 0.13581359 0.36916195 -0.25088836
v 0.16663307 0.36905526 -0.23030504
v 0.16668193 0.36914038 -0.23017670
v 0.19442583 0.36908539 -0.20595015
v 0.19456044 0.36922425 -0.20578573
v 0.21882303 0.36913553 -0.17803539
v 0.21895706 0.36902765 -0.17792611
v 0.23950161 0.36912225 -0.14726396
v 0.23945126 0.36915906 -0.14721026
v 0.25593297 0.36916252 -0.11397170
v 0.25584206 0.36903760 -0.11397446
v 0.26773438 0.36920637 -0.07890485
v 0.26783319 0.36905376 -0.07894712
v 0.27491015 0.36909656 -0.04264156
v 0.27498553 0.36902416 -0.04268006
v 0.27736164 0.36911490 -0.00556518
v 0.27736020 0.36918770 -0.00569444
v -0.10060238 0.66801707 0.00694701
v -0.09270547 0.66802854 -0.00543025
v -0.10142584 0.66793258 -0.00573331
v -0.09196574 0.66788383 0.00587991
v -0.09197819 0.66784354 0.00586032
v -0.10078376 0.66794189 0.00689279
v -0.09270992 0.66799960 -0.00538215
v -0.10148201 0.66786923 -0.00560629
v -0.09205904 0.62913714 -0.01695410
v -0.09283943 0.66803049 -0.00538847
v -0.09266080 0.66793190 -0.00539710
v -0.09207654 0.62927798 -0.01697243
v -0.10065708 0.62944309 -0.01809553
v -0.10154982 0.66798522 -0.00566889
v -0.10141914 0.66799554 -0.00567041
v -0.10067109 0.62939663 -0.01809220
v -0.08776831 0.59602131 -0.03969845
v -0.08781917 0.59591668 -0.03968328
v -0.09581139 0.59716001 -0.04306505
v -0.09591285 0.59708364 -0.04299673
v -0.08797668 0.57295336 -0.05295110
v -0.08807255 0.57304391 -0.05288252
v -0.09476160 0.57722221 -0.05705332
v -0.09478893 0.57715424 -0.05717519
v -0.09048616 0.54473255 -0.09046385
v -0.09044925 0.54465737 -0.09040633
v -0.09350249 0.49237734 -0.15784921
v -0.09356741 0.49238358 -0.15804269
v -0.07286933 0.49228073 -0.16804028
v -0.07299966 0.49233649 -0.16809578
v -0.03624161 0.43662950 -0.23821111
v -0.03624335 0.43646837 -0.23808340
v 0.02918177 0.39910888 -0.27005868
v 0.02903853 0.39909063 -0.27019584
v 0.10273777 0.36910626 -0.26731594
v 0.10268790 0.36917392 -0.26724674
v 0.27500099 0.36905986 0.03136573
v 0.27499856 0.36919771 0.03134474
v -0.10572053 0.55078409 -0.08249362
v -0.10564857 0.55066261 -0.08237563
v 0.26783531 0.36919230 0.06772265
v 0.26772721 0.36901696 0.06759839
v 0.25579331 0.36906649 0.10270663
v 0.25592470 0.36908821 0.10275590
v -0.14997700 0.49859114 -0.11639454
v -0.14989382 0.49858619 -0.11631412
v 0.23953460 0.36918349 0.13594355
v 0.23944780 0.36917150 0.13598258
v 0.20600827 0.39909203 0.15682547
v 0.20596381 0.39898569 0.15670209
v 0.16021218 0.43640161 0.16019811
v 0.16013464 0.43648385 0.16016959
v 0.11871988 0.49217891 0.11861549
v 0.11858978 0.49226464 0.11868436
v 0.06721587 0.54467522 0.08951760
v 0.06729185 0.54467991 0.08950525
v 0.04206903 0.57299749 0.07652030
v 0.04191047 0.57304731 0.07655717
v 0.01728565 0.59567364 0.08018553
v 0.01733631 0.59577097 0.08022100
v 0.00564818 0.62920812 0.08081282
v 0.00564787 0.62916073 0.08073448
v 0.00590651 0.66799612 0.08061183
v 0.00595951 0.66790385 0.08063569
v 0.00682375 0.66796600 0.08950060
v -0.00533576 0.66796124 0.08157382
v -0.00563166 0.66791010 0.09026409
v 0.00591199 0.66787042 0.08061850
v 0.00599066 0.66791832 0.08076836
v 0.00684730 0.66800222 0.08951103
v -0.00539905 0.66786325 0.08141687
v -0.00557991 0.66800177 0.09019248
v 0.00695982 0.66782022 0.08933630
v 0.00683824 0.62937365 0.08936629
v 0.00695078 0.62943810 0.08947983
v 0.00688908 0.66801387 0.08940296
v 0.01957323 0.59716694 0.08871697
v 0.01955702 0.59713066 0.08865073
v 0.04587672 0.57715224 0.08353981
v 0.04584293 0.57713560 0.08346122
v -0.19678721 0.44255458 -0.15220758
v -0.19680236 0.44267825 -0.15221563
v 0.04270506 0.55072293 0.11083507
v 0.04264286 0.55079710 0.11100787
v 0.04148320 0.49859372 0.17003697
v 0.04137084 0.49868228 0.17005964
v 0.02580654 0.44262843 0.23318113
v 0.02580137 0.44248652 0.23326647
v -0.00586151 -0.66360001 -0.00563972
v -0.00591863 -0.66368529 -0.00564297
v -0.00590447 -0.66251117 0.09805764
v -0.00592537 -0.66242986 0.09800287
v -0.00602098 -0.65881516 0.13863324
v -0.00599314 -0.65877736 0.13853028
v -0.00595392 -0.65259196 0.17623174
v -0.00584625 -0.65258780 0.17628573
v -0.00594207 -0.64440393 0.21035831
v -0.00592321 -0.64425809 0.21035442
v -0.00590254 -0.62675810 0.23966287
v -0.00595978 -0.62668471 0.23980555
v -0.00597721 -0.59285250 0.26389719
v -0.00594144 -0.59276959 0.26383971
v -0.00596528 -0.55229904 0.28248659
v -0.00596991 -0.55243238 0.28243604
v -0.00588524 -0.51532776 0.29547237
v -0.00589285 -0.51538230 0.29549971
v -0.00595417 -0.39137313 0.30313760
v -0.00582775 -0.39133339 0.30320406
v -0.00576964 -0.08970559 0.30545462
v -0.00575953 -0.08971853 0.30550030
v -0.00564866 0.21218649 0.30322516
v -0.00577995 0.21226309 0.30329520
v -0.00561565 0.33752419 0.29693476
v -0.00579953 0.33761993 0.29683879
v -0.00579041 0.37271584 0.28551560
v -0.00577772 0.37257041 0.28564596
v -0.00592012 -0.66374897 -0.00565785
v -0.00601707 -0.66373681 -0.00560601
v 0.06726712 -0.66238158 -0.07899345
v 0.06744861 -0.66245357 -0.07898114
v 0.08189574 -0.65864807 -0.12004569
v 0.08195491 -0.65866809 -0.12007118
v 0.08495793 -0.65265731 -0.16325348
v 0.08506150 -0.65270236 -0.16320857
v 0.07668505 -0.64442147 -0.20515553
v 0.07660180 -0.64444769 -0.20518283
v 0.05762641 -0.62668562 -0.24276211
v 0.05755260 -0.62681569 -0.24269934
v 0.02932993 -0.59280651 -0.27282961
v 0.02933274 -0.59274399 -0.27272113
v -0.00589426 -0.55245761 -0.29380533
v -0.00589782 -0.55232626 -0.29364164
v -0.04520666 -0.51547245 -0.30427737
v -0.04524250 -0.51545266 -0.30427011
v -0.08575717 -0.39137934 -0.30398059
v -0.08574399 -0.39128540 -0.30398667
v -0.12491162 -0.08968464 -0.29310205
v -0.12490094 -0.08967466 -0.29304828
v -0.16023812 0.21221328 -0.27307305
v -0.16013576 0.21221377 -0.27317098
v -0.18994699 0.33757843 -0.24564189
v -0.18987694 0.33748685 -0.24567341
v -0.21164612 0.37278692 -0.21154260
v -0.21161725 0.37271433 -0.21158267
v -0.09826584 0.66797413 0.01926410
v -0.09188059 0.66802210 0.00587429
v -0.10075441 0.66798458 0.00690710
v -0.08974302 0.66793216 0.01702133
v -0.08980699 0.66786118 0.01712109
v -0.09832689 0.66791748 0.01914308
v -0.09202085 0.66790956 0.00600360
v -0.10060532 0.66794002 0.00682341
v -0.09268491 0.62911204 -0.00566852
v -0.09199539 0.66791388 0.00589637
v -0.09187138 0.66792663 0.00583295
v -0.09278747 0.62911908 -0.00559522
v -0.10156818 0.62942870 -0.00563692
v -0.10075962 0.66798210 0.00685868
v -0.10066414 0.66789919 0.00688448
v -0.10160559 0.62951044 -0.00554340
v -0.09155591 0.59580955 -0.02872121
v -0.09162863 0.59580888 -0.02865272
v -0.09991268 0.59719257 -0.03101028
v -0.09997167 0.59718827 -0.03086331
v -0.09322203 0.57324688 -0.04175469
v -0.09331212 0.57332775 -0.04190090
v -0.10081288 0.57727733 -0.04504912
v -0.10064805 0.57725683 -0.04504796
v -0.10078624 0.54471688 -0.07866497
v -0.10077843 0.54470032 -0.07854398
v -0.11272269 0.49234029 -0.14509130
v -0.11278998 0.49227186 -0.14512108
v -0.06647299 0.43661544 -0.23221477
v -0.06648334 0.43656052 -0.23211871
v -0.00575845 0.39916219 -0.27233267
v -0.00567647 0.39909479 -0.27246722
v 0.06754621 0.36909493 -0.27909494
v 0.06767550 0.36909666 -0.27913280
v 0.21898920 0.36908545 0.16677524
v 0.21884600 0.36922235 0.16672012
v 0.18285848 0.39914971 0.18305775
v 0.18291051 0.39913829 0.18300857
v 0.10143924 0.49215853 0.13379227
v 0.10144154 0.49223891 0.13384773
v 0.05429798 0.54463005 0.09810541
v 0.05425222 0.54450802 0.09807123
v 0.03080068 0.57273701 0.08230770
v 0.03095788 0.57265053 0.08237541
v 0.01892837 0.57296289 0.08618182
v 0.01883386 0.57299910 0.08608247
v 0.00586960 0.59568972 0.08242923
v 0.00599491 0.59577891 0.08246663
v -0.00570678 0.62908426 0.08146543
v -0.00561408 0.62918156 0.08141132
v -0.00542923 0.66792575 0.08145514
v -0.00552959 0.66787593 0.08154181
v -0.00555109 0.66785288 0.09022732
v -0.01676921 0.66799989 0.08067313
v -0.01813659 0.66790577 0.08951061
v -0.00534781 0.66795598 0.08147739
v -0.00549867 0.66799649 0.08145169
v -0.00564696 0.66786766 0.09032388
v -0.01672199 0.66794999 0.08081327
v -0.01813554 0.66787148 0.08946634
v -0.00555614 0.66787369 0.09032439
v -0.00570168 0.62948047 0.09025943
v -0.00553558 0.62931536 0.09027220
v -0.00568312 0.66800035 0.09028288
v 0.00709605 0.59713043 0.09122166
v 0.00716847 0.59702855 0.09124452
v 0.02102723 0.57721098 0.09369554
v 0.02092050 0.57723311 0.09374465
v 0.03364385 0.57711916 0.08941878
v 0.03378833 0.57715513 0.08938529
v -0.22309472 0.40415814 -0.17241983
v -0.22300931 0.40419661 -0.17234270
v -0.00573856 0.40416544 0.26830541
v -0.00569459 0.40402774 0.26840314
v -0.00599946 -0.66357335 0.05535121
v -0.00586717 -0.66358985 -0.00566509
v -0.00583413 -0.66355961 -0.00569458
v -0.00591588 -0.66368388 0.05536887
v -0.00589131 -0.66372243 -0.00557464
v 0.03717900 -0.66356748 -0.04874665
v 0.03719134 -0.66357339 -0.04886358
v -0.00591905 -0.66363097 -0.00564734
v 0.14124837 0.33584647 -0.26000914
v 0.14130139 0.33588288 -0.26014111
v 0.17318610 0.33580778 -0.23873108
v 0.17322262 0.33591724 -0.23876900
v 0.20208108 0.33587894 -0.21342118
v 0.20202115 0.33586163 -0.21342133
v 0.22743803 0.33579354 -0.18454555
v 0.22736953 0.33594855 -0.18443290
v 0.24873111 0.33579772 -0.15254250
v 0.24873862 0.33581764 -0.15250938
v 0.26567955 0.33583690 -0.11808621
v 0.26582084 0.33597241 -0.11814006
v 0.27801269 0.33586436 -0.08162244
v 0.27817694 0.33594362 -0.08161865
v 0.28561767 0.33591878 -0.04392951
v 0.28552266 0.33596090 -0.04399506
v 0.28804543 0.33594331 -0.00572406
v 0.28809981 0.33589369 -0.00555740
v 0.28555316 0.33590865 0.03268658
v 0.28566586 0.33595437 0.03274971
v -0.09416946 0.66799242 0.03102893
v -0.08977416 0.66803327 0.01708607
v -0.09834385 0.66796261 0.01915950
v -0.08606350 0.66800835 0.02793512
v -0.08611877 0.66789027 0.02780437
v -0.09417827 0.66786077 0.03110578
v -0.08980301 0.66785952 0.01710542
v -0.09823376 0.66785639 0.01908463
v -0.09197944 0.62928382 0.00581333
v -0.08970315 0.66787739 0.01704165
v -0.08965766 0.66801461 0.01712387
v -0.09198932 0.62913273 0.00574859
v -0.10067449 0.62941424 0.00685813
v -0.09821672 0.66786356 0.01919569
v -0.09814676 0.66784280 0.01913356
v -0.10060195 0.62936140 0.00692747
v -0.09376660 0.59575640 -0.01728646
v -0.09376819 0.59575302 -0.01723523
v -0.10248525 0.59717628 -0.01837895
v -0.10236478 0.59708172 -0.01834816
v -0.10948586 0.54464071 -0.06548589
v -0.10943201 0.54463008 -0.06561203
v -0.11488716 0.55081589 -0.06866651
v -0.11487413 0.55081199 -0.06875096
v -0.12998800 0.49223795 -0.12996887
v -0.12992893 0.49226284 -0.12993794
v -0.12286120 0.43648074 -0.20884112
v -0.12293187 0.43661136 -0.20879248
v -0.09551916 0.43659564 -0.22229263
v -0.09540789 0.43662102 -0.22227940
v -0.04050192 0.39919378 -0.27012071
v -0.04051150 0.39917253 -0.27015220
v 0.03115635 0.36923023 -0.28640597
v 0.03135051 0.36921118 -0.28635637
v 0.10670259 0.33586778 -0.27715603
v 0.10669329 0.33590556 -0.27699907
v 0.27816400 0.33592624 0.07042003
v 0.27809966 0.33594435 0.07049663
v 0.26574626 0.33586366 0.10669565
v 0.26578094 0.33577971 0.10673301
v 0.24868878 0.33580207 0.14127968
v 0.24882890 0.33589513 0.14119796
v -0.16316236 0.49867989 -0.09660743
v -0.16310595 0.49860918 -0.09657897
v 0.22734943 0.33585333 0.17318461
v 0.22743770 0.33596916 0.17328603
v 0.19452592 0.36916655 0.19455030
v 0.19457395 0.36920875 0.19462714
v 0.15664107 0.39908731 0.20589490
v 0.15677643 0.39914682 0.20596087
v 0.13701859 0.43647780 0.18049643
v 0.13710165 0.43658009 0.18046476
v 0.08217537 0.49228692 0.14675089
v 0.08218146 0.49230648 0.14667401
v 0.04021084 0.54457893 0.10518702
v 0.04024522 0.54463220 0.10512730
v 0.00667043 0.57291012 0.08859337
v 0.00663298 0.57297265 0.08851337
v -0.00560233 0.59578546 0.08327205
v -0.00567217 0.59571539 0.08332302
v -0.01710364 0.62907657 0.08069195
v -0.01704226 0.62926128 0.08076498
v -0.01684816 0.66783315 0.08081707
v -0.01687870 0.66790061 0.08067982
v -0.01817948 0.66796172 0.08949794
v -0.02794934 0.66790405 0.07849746
v -0.03035590 0.66788456 0.08704066
v -0.01684946 0.66794040 0.08079071
v -0.01682314 0.66788001 0.08072540
v -0.01822191 0.66797958 0.08932178
v -0.02794955 0.66785602 0.07862303
v -0.03037227 0.66789294 0.08702294
v -0.01809252 0.66792507 0.08937510
v -0.01823017 0.62949858 0.08943467
v -0.01822888 0.62940897 0.08934231
v -0.01822495 0.66794311 0.08951880
v -0.00571901 0.59714024 0.09195548
v -0.00572377 0.59719736 0.09197437
v 0.00784940 0.57711888 0.09628757
v 0.00770970 0.57716015 0.09629693
v -0.21427377 0.44266573 -0.12600508
v -0.21426124 0.44265015 -0.12613292
v 0.02700798 0.55074489 0.11627438
v 0.02706933 0.55066379 0.11619478
v 0.01803985 0.49860961 0.17472195
v 0.01800712 0.49870577 0.17467474
v -0.00565244 0.44266396 0.23521790
v -0.00573974 0.44262776 0.23518493
v -0.01508911 -0.66369409 0.06364476
v -0.00583422 -0.66372882 -0.00557797
v -0.00594823 -0.66373307 -0.00571154
v -0.01506832 -0.66363140 0.06361242
v -0.01980019 -0.66236619 0.09928710
v -0.01972511 -0.66235342 0.09936991
v -0.02477911 -0.65861810 0.13739901
v -0.02478120 -0.65873316 0.13730409
v -0.02958034 -0.65262961 0.17474818
v -0.02975689 -0.65269547 0.17465946
v -0.03409000 -0.64442939 0.20839575
v -0.03405552 -0.64429172 0.20844753
v -0.03787837 -0.62674782 0.23765744
v -0.03798418 -0.62681278 0.23766996
v -0.04098344 -0.59270592 0.26153003
v -0.04102425 -0.59273854 0.26160877
v -0.04356301 -0.55233090 0.27991497
v -0.04346984 -0.55241507 0.27992461
v -0.04510622 -0.51544784 0.29288736
v -0.04511863 -0.51530755 0.29291483
v -0.04614159 -0.39131291 0.30057082
v -0.04620455 -0.39124755 0.30049450
v -0.04638551 -0.08969228 0.30284579
v -0.04648299 -0.08976965 0.30288499
v -0.04598839 0.21217058 0.30056104
v -0.04595303 0.21230836 0.30060974
v -0.04525696 0.33763000 0.29419927
v -0.04519481 0.33747892 0.29425076
v -0.04373607 0.37271373 0.28311157
v -0.04380387 0.37269621 0.28308309
v -0.00597505 -0.66370857 -0.00570832
v 0.03646618 -0.66373076 -0.06100478
v 0.03655229 -0.66366220 -0.06091373
v -0.00585978 -0.66364070 -0.00566478
v 0.05856259 -0.66240552 -0.08960621
v 0.05841776 -0.66252397 -0.08966999
v 0.06627588 -0.65876083 -0.13044213
v 0.06613935 -0.65879638 -0.13058964
v 0.06370206 -0.65260346 -0.17372806
v 0.06366511 -0.65273772 -0.17360159
v 0.04989826 -0.64444919 -0.21420700
v 0.05005897 -0.64429515 -0.21418622
v 0.02619367 -0.62666633 -0.24891194
v 0.02603886 -0.62677593 -0.24889105
v -0.00596873 -0.59272264 -0.27520283
v -0.00587771 -0.59272025 -0.27516951
v -0.04348387 -0.55229409 -0.29126462
v -0.04346516 -0.55234019 -0.29131506
v -0.08383451 -0.51528991 -0.29657055
v -0.08382312 -0.51528355 -0.29653991
v -0.12412507 -0.39127583 -0.29094663
v -0.12393480 -0.39137604 -0.29082650
v -0.16129646 -0.08970301 -0.27505909
v -0.16138757 -0.08965033 -0.27500906
v -0.19375931 0.21219433 -0.25063905
v -0.19381294 0.21224115 -0.25070032
v -0.21967746 0.33748825 -0.21952961
v -0.21955305 0.33758917 -0.21948363
v -0.23664124 0.37279763 -0.18296585
v -0.23671729 0.37280274 -0.18295027
v -0.08866523 0.66792772 0.04228106
v -0.08595100 0.66794506 0.02782977
v -0.09430799 0.66796390 0.03104458
v -0.08099743 0.66788678 0.03808358
v -0.08091101 0.66797611 0.03812720
v -0.08874855 0.66787769 0.04222543
v -0.08607724 0.66784013 0.02788471
v -0.09418202 0.66802341 0.03107906
v -0.08979589 0.62911901 0.01690595
v -0.08603606 0.66789370 0.02797312
v -0.08603346 0.66802615 0.02784140
v -0.08979185 0.62914138 0.01683982
v -0.09819778 0.62946848 0.01909362
v -0.09418722 0.66793336 0.03109109
v -0.09414384 0.66803683 0.03099977
v -0.09835010 0.62945114 0.01916242
v -0.09450068 0.59577631 -0.00565362
v -0.09449065 0.59578842 -0.00572964
v -0.10334121 0.59706221 -0.00572162
v -0.10327822 0.59706508 -0.00572063
v -0.09729670 0.57305915 -0.03030437
v -0.09739223 0.57308459 -0.03031188
v -0.10498612 0.57731525 -0.03219397
v -0.10502753 0.57731503 -0.03218903
v -0.11633939 0.54461658 -0.05155323
v -0.11645563 0.54471272 -0.05143641
v -0.12220737 0.55071519 -0.05397813
v -0.12216345 0.55066892 -0.05385501
v -0.14525103 0.49234102 -0.11267763
v -0.14518704 0.49232989 -0.11261616
v -0.14836350 0.43651153 -0.19165929
v -0.14852061 0.43653456 -0.19172982
v -0.07484054 0.39903385 -0.26337052
v -0.07478243 0.39903783 -0.26325858
v -0.00573540 0.36924620 -0.28877271
v -0.00570823 0.36910107 -0.28874464
v 0.07035773 0.33593314 -0.28941378
v 0.07035825 0.33592233 -0.28949076
v 0.20206673 0.33586056 0.20206076
v 0.20212385 0.33595516 0.20220654
v 0.16668687 0.36919036 0.21902492
v 0.16663200 0.36919120 0.21894304
v 0.11153531 0.43642167 0.19746411
v 0.11160557 0.43655851 0.19748876
v 0.06155740 0.49215671 0.15686438
v 0.06156295 0.49234635 0.15674191
v 0.02540010 0.54462164 0.11014831
v 0.02544247 0.54455375 0.11012642
v 0.01006532 0.54462592 0.11311475
v 0.01007477 0.54463719 0.11326370
v -0.00570353 0.57288739 0.08931952
v -0.00571293 0.57298437 0.08940247
v -0.01715365 0.59581546 0.08249983
v -0.01718842 0.59571958 0.08261424
v -0.02808389 0.62919601 0.07853412
v -0.02819169 0.62923399 0.07852445
v -0.02800836 0.66793769 0.07846655
v -0.02803996 0.66793336 0.07863341
v -0.03034833 0.66798150 0.08689100
v -0.03875185 0.66796108 0.07483059
v -0.04236660 0.66789981 0.08303727
v -0.02796243 0.66798911 0.07855137
v -0.02807989 0.66801812 0.07853454
v -0.03052031 0.66786151 0.08702090
v -0.03885990 0.66795505 0.07489235
v -0.04225570 0.66792131 0.08296920
v -0.03050104 0.66789326 0.08693533
v -0.03040083 0.62948480 0.08703553
v -0.03048433 0.62936705 0.08704819
v -0.03041455 0.66783417 0.08690098
v -0.01832821 0.59701534 0.09113025
v -0.01836176 0.59706612 0.09122286
v -0.00570772 0.57718542 0.09724394
v -0.00555422 0.57712583 0.09722890
v 0.01084260 0.55073854 0.11941258
v 0.01071983 0.55072934 0.11944577
v -0.24303407 0.40422797 -0.14274363
v -0.24292573 0.40411226 -0.14270538
v -0.04140588 0.40405626 0.26592514
v -0.04146007 0.40413693 0.26604923
v -0.00598740 -0.66363971 -0.00564165
v -0.02178155 -0.66365649 0.05323048
v -0.02167963 -0.66363453 0.05323852
v -0.00590971 -0.66366107 -0.00571192
v -0.00596859 -0.66360861 -0.00555241
v 0.02454900 -0.66358575 -0.05851897
v 0.02455902 -0.66364398 -0.05837315
v -0.00601031 -0.66375286 -0.00554343
v 0.14431833 0.21190759 -0.26542483
v 0.14431944 0.21183594 -0.26561601
v 0.17702316 0.21186883 -0.24371176
v 0.17686693 0.21199874 -0.24377990
v 0.20648659 0.21183152 -0.21792409
v 0.20652307 0.21193304 -0.21776449
v 0.23241232 0.21197492 -0.18826720
v 0.23239701 0.21200619 -0.18826533
v 0.25407847 0.21187811 -0.15564946
v 0.25409462 0.21200988 -0.15561838
v 0.27150677 0.21181393 -0.12043493
v 0.27152467 0.21183839 -0.12040523
v 0.28416511 0.21191773 -0.08340288
v 0.28412947 0.21192067 -0.08326549
v 0.29172598 0.21182586 -0.04472139
v 0.29185378 0.21188122 -0.04486380
v 0.29430298 0.21192540 -0.00570770
v 0.29430294 0.21197495 -0.00573079
v 0.29185746 0.21181154 0.03344952
v 0.29187157 0.21183039 0.03356807
v 0.28406304 0.21192072 0.07194749
v 0.28417548 0.21181084 0.07209262
v -0.08168179 0.66793809 0.05271848
v -0.08104528 0.66792531 0.03818560
v -0.08873556 0.66797848 0.04226008
v -0.07453257 0.66799961 0.04746000
v -0.07454156 0.66797606 0.04755420
v -0.08163053 0.66792368 0.05265720
v -0.08105701 0.66800298 0.03806939
v -0.08872615 0.66792769 0.04237942
v -0.08615957 0.62926292 0.02760343
v -0.08094293 0.66800465 0.03806091
v -0.08098542 0.66786737 0.03815745
v -0.08603729 0.62910252 0.02778355
v -0.09422710 0.62943663 0.03108679
v -0.08864742 0.66795789 0.04232997
v -0.08863279 0.66792071 0.04229002
v -0.09418496 0.62939384 0.03108410
v -0.09382928 0.59580152 0.00599857
v -0.09389161 0.59567966 0.00590993
v -0.10240257 0.59703980 0.00708530
v -0.10241295 0.59716947 0.00704616
v -0.09979564 0.57303067 -0.01809021
v -0.09977650 0.57295900 -0.01806135
v -0.10761507 0.57724596 -0.01904650
v -0.10764864 0.57717036 -0.01914976
v -0.15802120 0.49226584 -0.09354847
v -0.15799013 0.49232413 -0.09359814
v -0.17154130 0.43647408 -0.17154762
v -0.17142088 0.43657887 -0.17145831
v -0.13902103 0.39910632 -0.23671575
v -0.13900087 0.39910163 -0.23664169
v -0.10776256 0.39913827 -0.25213317
v -0.10776844 0.39911009 -0.25209557
v -0.04268688 0.36924850 -0.28634977
v -0.04260911 0.36915798 -0.28630692
v 0.03259082 0.33590266 -0.29691397
v 0.03269997 0.33598616 -0.29702483
v 0.10906695 0.21195875 -0.28289243
v 0.10907109 0.21194223 -0.28287869
v 0.27156791 0.21181714 0.10923139
v 0.27146831 0.21196674 0.10924820
v 0.25410927 0.21194613 0.14431503
v 0.25419742 0.21183876 0.14440587
v 0.23240814 0.21194419 0.17707476
v 0.23241862 0.21195257 0.17711914
v -0.17370657 0.49866823 -0.07525982
v -0.17377907 0.49875911 -0.07529574
v 0.20640464 0.21196708 0.20654480
v 0.20638299 0.21190590 0.20660151
v 0.17316320 0.33595354 0.22752021
v 0.17314496 0.33593721 0.22748266
v 0.13580799 0.36916709 0.23955347
v 0.13593755 0.36922669 0.23959617
v 0.12771347 0.39901482 0.22528029
v 0.12775616 0.39908173 0.22528251
v 0.08404334 0.43656484 0.21098624
v 0.08408208 0.43651355 0.21110274
v 0.03975768 0.49232382 0.16417628
v 0.03976348 0.49228861 0.16431533
v -0.00558250 0.54462392 0.11431110
v -0.00570881 0.54452952 0.11426986
v -0.01809944 0.57301922 0.08854742
v -0.01801358 0.57296647 0.08845208
v -0.02872993 0.59567779 0.08017730
v -0.02858371 0.59572739 0.08017323
v -0.03902244 0.62923194 0.07487474
v -0.03890236 0.62909509 0.07479835
v -0.03876157 0.66792721 0.07499206
v -0.03873413 0.66786137 0.07485120
v -0.04233546 0.66791528 0.08303037
v -0.04904652 0.66798962 0.06980828
v -0.05347988 0.66783051 0.07729930
v -0.03871174 0.66789526 0.07481054
v -0.03877070 0.66792259 0.07487720
v -0.04240949 0.66795395 0.08294841
v -0.04904612 0.66783621 0.06991235
v -0.05353003 0.66801827 0.07738041
v -0.04238989 0.66792554 0.08289305
v -0.04223040 0.62949028 0.08297342
v -0.04237508 0.62944125 0.08293299
v -0.04230012 0.66795055 0.08297313
v -0.03099192 0.59711458 0.08875039
v -0.03100186 0.59701336 0.08876036
v -0.01917863 0.57718070 0.09629314
v -0.01906916 0.57713695 0.09634612
v -0.00566022 0.55078698 0.12054905
v -0.00572075 0.55064587 0.12050828
v -0.22824817 0.44257736 -0.09783108
v -0.22824798 0.44258740 -0.09783658
v -0.00573061 0.49864072 0.17632676
v -0.00573658 0.49872675 0.17614520
v -0.03709261 0.44251019 0.23322564
v -0.03706931 0.44252977 0.23314732
v -0.03275419 -0.66236283 0.09441598
v -0.03276532 -0.66240535 0.09454504
v -0.00599868 -0.66369911 -0.00559844
v -0.03259194 -0.66370930 0.05893977
v -0.03264271 -0.66369673 0.05889567
v -0.00597370 -0.66372434 -0.00554916
v -0.04318310 -0.65868775 0.13370896
v -0.04324675 -0.65868792 0.13364430
v -0.05290394 -0.65261972 0.17009149
v -0.05292231 -0.65267847 0.17012531
v -0.06172684 -0.64423526 0.20287511
v -0.06174590 -0.64423914 0.20293101
v -0.06933988 -0.62676410 0.23133375
v -0.06937640 -0.62680829 0.23145970
v -0.07556813 -0.59284372 0.25456247
v -0.07575296 -0.59267578 0.25463414
v -0.08039321 -0.55239155 0.27270139
v -0.08049127 -0.55239794 0.27261615
v -0.08377019 -0.51532218 0.28532574
v -0.08382131 -0.51542971 0.28523090
v -0.08582120 -0.39138929 0.29269210
v -0.08573715 -0.39129745 0.29271514
v -0.08623896 -0.08977611 0.29497457
v -0.08629568 -0.08985415 0.29490353
v -0.08562647 0.21224812 0.29262065
v -0.08566386 0.21233968 0.29260608
v -0.08392771 0.33763228 0.28650855
v -0.08403662 0.33757969 0.28650605
v -0.08106259 0.37271651 0.27573171
v -0.08103637 0.37276560 0.27573270
v -0.00598715 -0.66359718 -0.00559333
v 0.02081872 -0.66362796 -0.07007048
v 0.02069386 -0.66361064 -0.07021055
v -0.00595366 -0.66367918 -0.00563226
v 0.04599126 -0.66240900 -0.09549280
v 0.04587803 -0.66246344 -0.09534185
v 0.04923044 -0.65872032 -0.13891259
v 0.04930138 -0.65880413 -0.13879162
v 0.04105821 -0.65258283 -0.18136179
v 0.04122600 -0.65259047 -0.18129074
v 0.02226348 -0.64442821 -0.21974528
v 0.02232530 -0.64425594 -0.21966983
v -0.00586268 -0.62662720 -0.25110182
v -0.00584833 -0.62662688 -0.25112568
v -0.04118255 -0.59267545 -0.27288716
v -0.04116828 -0.59270151 -0.27279482
v -0.08047492 -0.55241716 -0.28382165
v -0.08045699 -0.55226073 -0.28400748
v -0.12114870 -0.51545362 -0.28382435
v -0.12122136 -0.51545554 -0.28376159
v -0.16018466 -0.39133163 -0.27304592
v -0.16021411 -0.39136233 -0.27297776
v -0.19518766 -0.08979670 -0.25253559
v -0.19512823 -0.08968587 -0.25249770
v -0.22418189 0.21235068 -0.22395985
v -0.22421661 0.21218577 -0.22395585
v -0.24578162 0.33759238 -0.18987155
v -0.24562741 0.33758145 -0.18983106
v -0.25797114 0.37276433 -0.15135039
v -0.25795641 0.37266074 -0.15119212
v -0.07337967 0.66798377 0.06222118
v -0.07465774 0.66787505 0.04748103
v -0.08162862 0.66784191 0.05270833
v -0.06708342 0.66797813 0.05616546
v -0.06707325 0.66793445 0.05616210
v -0.07345793 0.66785516 0.06215444
v -0.07465960 0.66785011 0.04752258
v -0.08177669 0.66800757 0.05282623
v -0.08116833 0.62926680 0.03782133
v -0.07457867 0.66783607 0.04753809
v -0.07469875 0.66785883 0.04752255
v -0.08100858 0.62908965 0.03801272
v -0.08863275 0.62936573 0.04237397
v -0.08166682 0.66792189 0.05273847
v -0.08165303 0.66799315 0.05264727
v -0.08874265 0.62949203 0.04236528
v -0.09148444 0.59577520 0.01743024
v -0.09159447 0.59579332 0.01746069
v -0.09996919 0.59717835 0.01955852
v -0.09995825 0.59705372 0.01954442
v -0.10056640 0.57304906 -0.00562105
v -0.10058280 0.57302993 -0.00560116
v -0.10849138 0.57722331 -0.00555909
v -0.10862029 0.57719504 -0.00562297
v -0.12148554 0.54460445 -0.03657186
v -0.12144468 0.54466233 -0.03661821
v -0.12750042 0.55077434 -0.03834067
v -0.12758588 0.55068066 -0.03837951
v -0.16810250 0.49234169 -0.07286336
v -0.16809017 0.49231955 -0.07294819
v -0.19177848 0.43653481 -0.14838322
v -0.19165659 0.43652346 -0.14849561
v -0.16815267 0.39914132 -0.21727946
v -0.16806248 0.39916026 -0.21717938
v -0.07896458 0.36918763 -0.27904894
v -0.07902315 0.36918117 -0.27905360
v -0.00570239 0.33593270 -0.29941205
v -0.00575621 0.33588908 -0.29946823
v 0.07203008 0.21195326 -0.29545724
v 0.07192467 0.21192802 -0.29542885
v 0.17684889 0.21194839 0.23236183
v 0.17687146 0.21192781 0.23248560
v 0.14116287 0.33593275 0.24880924
v 0.14126934 0.33583225 0.24882132
v 0.09648129 0.39917849 0.24081932
v 0.09634779 0.39915270 0.24087850
v 0.05494923 0.43657190 0.22083442
v 0.05512658 0.43650255 0.22079612
v 0.01731552 0.49234173 0.16869502
v 0.01720959 0.49227352 0.16863154
v -0.00567043 0.49221786 0.17027981
v -0.00562293 0.49220688 0.17019958
v -0.02136658 0.54468669 0.11325484
v -0.02137837 0.54466198 0.11313832
v -0.03034570 0.57307294 0.08604073
v -0.03018290 0.57295323 0.08600499
v -0.03981905 0.59586102 0.07649260
v -0.03970470 0.59586638 0.07635435
v -0.04917102 0.62913800 0.06974591
v -0.04915762 0.62910169 0.06974710
v -0.04910675 0.66787100 0.06994874
v -0.04899022 0.66790628 0.06998571
v -0.05363125 0.66789333 0.07745294
v -0.05860002 0.66787940 0.06356230
v -0.06394937 0.66783597 0.07039127
v -0.04911469 0.66787828 0.06983952
v -0.04895903 0.66801203 0.06985982
v -0.05363323 0.66792496 0.07743698
v -0.05857369 0.66795755 0.06358599
v -0.06397371 0.66798275 0.07046236
v -0.05353161 0.66801797 0.07735204
v -0.05353998 0.62951368 0.07740046
v -0.05359354 0.62939857 0.07743565
v -0.05364600 0.66802698 0.07746531
v -0.04302012 0.59719476 0.08454221
v -0.04295695 0.59710868 0.08449889
v -0.03220486 0.57724070 0.09377817
v -0.03222718 0.57714802 0.09367734
v -0.02207143 0.55082469 0.11953043
v -0.02210708 0.55076039 0.11936349
v -0.25879516 0.40424517 -0.11054154
v -0.25880992 0.40419160 -0.11050639
v -0.07665510 0.40415158 0.25899688
v -0.07667560 0.40417900 0.25903671
v -0.00599898 -0.66359860 -0.00564585
v -0.03647579 -0.66371291 0.04719450
v -0.03646354 -0.66362258 0.04723202
v -0.00599553 -0.66365116 -0.00561563
v -0.00594851 -0.66359579 -0.00569012
v 0.00988138 -0.66372871 -0.06453457
v 0.00990745 -0.66368039 -0.06449529
v -0.00582709 -0.66360809 -0.00557529
v 0.14529283 -0.08974847 -0.26758189
v 0.14542758 -0.08972468 -0.26741016
v 0.17819589 -0.08978633 -0.24559982
v 0.17832817 -0.08987664 -0.24560102
v 0.20797379 -0.08988072 -0.21939039
v 0.20802184 -0.08979862 -0.21943319
v 0.23404463 -0.08981713 -0.18963640
v 0.23400726 -0.08981198 -0.18966728
v 0.25616227 -0.08989418 -0.15684084
v 0.25603868 -0.08983854 -0.15692666
v 0.27354073 -0.08978376 -0.12135228
v 0.27364923 -0.08980353 -0.12141912
v 0.28635047 -0.08983445 -0.08393584
v 0.28631124 -0.08993119 -0.08399161
v 0.29395140 -0.08974305 -0.04520494
v 0.29408230 -0.08989988 -0.04514986
v 0.29654269 -0.08974731 -0.00559907
v 0.29667805 -0.08987013 -0.00559280
v 0.29392405 -0.08990922 0.03384352
v 0.29407539 -0.08990837 0.03379583
v 0.28632575 -0.08982929 0.07253252
v 0.28625060 -0.08984216 0.07268956
v 0.27358492 -0.08978592 0.11012557
v 0.27355827 -0.08981929 0.11010909
v -0.06403858 0.66788308 0.07044931
v -0.06717126 0.66801479 0.05604665
v -0.07350208 0.66790242 0.06218452
v -0.05841649 0.66791178 0.06351014
v -0.05841530 0.66798411 0.06364245
v -0.06402579 0.66785490 0.07040085
v -0.06706928 0.66794989 0.05611574
v -0.07347549 0.66797807 0.06223910
v -0.07466116 0.62920828 0.04736643
v -0.06705440 0.66785956 0.05603255
v -0.06710247 0.66797414 0.05619997
v -0.07477168 0.62928099 0.04729140
v -0.08177978 0.62939376 0.05278190
v -0.07346014 0.66795154 0.06213714
v -0.07337789 0.66789666 0.06221892
v -0.08161405 0.62944179 0.05270689
v -0.08786087 0.59560617 0.02828114
v -0.08792654 0.59558421 0.02831231
v -0.09580855 0.59714818 0.03162662
v -0.09584321 0.59718266 0.03177279
v -0.09976593 0.57301250 0.00679994
v -0.09970740 0.57297011 0.00667464
v -0.10775807 0.57717177 0.00788388
v -0.10775738 0.57727882 0.00784165
v -0.12442881 0.54458620 -0.02138579
v -0.12446381 0.54455034 -0.02125355
v -0.13074704 0.55069696 -0.02214576
v -0.13063996 0.55073124 -0.02209775
v -0.20882548 0.43655803 -0.12292183
v -0.20881321 0.43662936 -0.12297849
v -0.19426346 0.39914366 -0.19423316
v -0.19437831 0.39919297 -0.19435805
v -0.14726460 0.36917984 -0.25086106
v -0.14736862 0.36919765 -0.25080412
v -0.11414449 0.36929616 -0.26712287
v -0.11403672 0.36924112 -0.26726240
v -0.04412265 0.33604060 -0.29703222
v -0.04413019 0.33586430 -0.29695485
v 0.03334505 0.21191394 -0.30308227
v 0.03338398 0.21199344 -0.30308964
v 0.10994703 -0.08975024 -0.28505071
v 0.10995263 -0.08973341 -0.28503829
v 0.25601717 -0.08983759 0.14544898
v 0.25606602 -0.08989584 0.14548087
v 0.23408881 -0.08979724 0.17844762
v 0.23409845 -0.08979808 0.17845969
v 0.20796854 -0.08972390 0.20818548
v 0.20801538 -0.08985774 0.20823061
v -0.18125352 0.49871186 -0.05276618
v -0.18131158 0.49865141 -0.05279028
v 0.17822809 -0.08982064 0.23430252
v 0.17829195 -0.08978131 0.23432829
v 0.14425551 0.21192669 0.25421278
v 0.14428021 0.21201947 0.25423143
v 0.10675554 0.33592612 0.26576917
v 0.10669756 0.33599930 0.26576522
v 0.10275051 0.36907222 0.25593921
v 0.10265579 0.36909634 0.25586706
v 0.06331749 0.39901338 0.25209593
v 0.06334826 0.39908604 0.25198435
v 0.02490277 0.43660770 0.22696249
v 0.02501676 0.43644412 0.22689173
v -0.02860081 0.49236153 0.16880331
v -0.02862311 0.49220019 0.16873173
v -0.03659145 0.54454741 0.11023012
v -0.03665153 0.54452920 0.11009551
v -0.04184739 0.57312283 0.08184718
v -0.04188303 0.57319469 0.08187133
v -0.05023953 0.59570650 0.07116881
v -0.05025019 0.59569899 0.07128533
v -0.05857393 0.62918329 0.06345452
v -0.05859666 0.62926253 0.06354043
v -0.05852344 0.66785155 0.06350076
v -0.05858457 0.66796031 0.06360833
v -0.06397722 0.66788613 0.07041721
v -0.06403104 0.62940358 0.07049441
v -0.06393017 0.62946329 0.07037715
v -0.06405102 0.66788201 0.07045599
v -0.05448938 0.59702446 0.07889847
v -0.05436913 0.59717857 0.07888856
v -0.04500607 0.57713522 0.08943470
v -0.04511461 0.57717981 0.08935857
v -0.03833492 0.55075889 0.11614489
v -0.03825528 0.55067605 0.11624459
v -0.02936762 0.49855605 0.17460174
v -0.02936633 0.49863143 0.17461260
v -0.23832195 0.44264238 -0.06793095
v -0.23844332 0.44271066 -0.06808242
v -0.06795305 0.44257566 0.22696463
v -0.06798660 0.44253102 0.22698274
v -0.04636230 -0.66235937 0.09224575
v -0.04634272 -0.66246092 0.09221053
v -0.05777906 -0.66239271 0.08416863
v -0.05770143 -0.66233350 0.08419634
v -0.00595878 -0.66374468 -0.00567063
v -0.04849228 -0.66358908 0.04970000
v -0.04834882 -0.66357926 0.04972872
v -0.00589948 -0.66375270 -0.00563346
v -0.06111357 -0.65865219 0.12760497
v -0.06106689 -0.65868524 0.12756856
v -0.07550983 -0.65270648 0.16242800
v -0.07556507 -0.65274506 0.16238039
v -0.08854345 -0.64425890 0.19379487
v -0.08845878 -0.64430515 0.19382326
v -0.09991395 -0.62673583 0.22109160
v -0.09981631 -0.62667610 0.22104888
v -0.10898386 -0.59284228 0.24328229
v -0.10899062 -0.59282863 0.24340093
v -0.11606861 -0.55243210 0.26060462
v -0.11605207 -0.55226619 0.26059154
v -0.12105742 -0.51543540 0.27265950
v -0.12113026 -0.51531938 0.27260466
v -0.12398934 -0.39126906 0.27963461
v -0.12400447 -0.39135547 0.27958766
v -0.12485566 -0.08976826 0.28187090
v -0.12496282 -0.08977790 0.28173961
v -0.12386699 0.21232841 0.27962453
v -0.12393434 0.21232943 0.27965970
v -0.12149627 0.33745997 0.27394488
v -0.12137744 0.33755137 0.27375002
v -0.11721098 0.37258541 0.26347072
v -0.11720821 0.37274235 0.26336312
v 0.03452004 -0.66233874 -0.10336635
v 0.03451763 -0.66239866 -0.10334241
v -0.00597781 -0.66368052 -0.00572525
v 0.00313789 -0.66363940 -0.07484253
v 0.00309207 -0.66357207 -0.07485107
v -0.00601720 -0.66369587 -0.00571321
v 0.02093203 -0.66237828 -0.10579419
v 0.02096668 -0.66246546 -0.10583908
v 0.03145169 -0.65865771 -0.14494038
v 0.03145879 -0.65880350 -0.14503343
v 0.01787963 -0.65272016 -0.18590996
v 0.01771878 -0.65257677 -0.18603266
v -0.00588929 -0.64440304 -0.22163216
v -0.00597718 -0.64426633 -0.22164922
v -0.03790796 -0.62666693 -0.24893845
v -0.03803536 -0.62673993 -0.24888316
v -0.07564507 -0.59272997 -0.26588531
v -0.07563471 -0.59269482 -0.26599166
v -0.11610976 -0.55230402 -0.27176908
v -0.11618973 -0.55232076 -0.27187674
v -0.15653674 -0.51531336 -0.26635446
v -0.15652481 -0.51532665 -0.26647223
v -0.19383341 -0.39126089 -0.25061911
v -0.19384231 -0.39140119 -0.25071003
v -0.22590127 -0.08975081 -0.22556835
v -0.22577665 -0.08967687 -0.22556819
v -0.25081569 0.21235958 -0.19362161
v -0.25072519 0.21221680 -0.19361765
v -0.26762358 0.33758932 -0.15700449
v -0.26769630 0.33762057 -0.15683973
v -0.27478580 0.37265830 -0.11712479
v -0.27474746 0.37268043 -0.11699865
v -0.06719532 0.62908650 0.05598391
v -0.06719137 0.62917862 0.05597274
v -0.07345059 0.62941979 0.06221673
v -0.07344292 0.62948557 0.06223155
v -0.08273913 0.59576387 0.03874874
v -0.08278338 0.59574334 0.03873771
v -0.09025619 0.59717868 0.04317849
v -0.09012433 0.59705053 0.04325027
v -0.09736660 0.57307474 0.01891387
v -0.09734274 0.57308182 0.01893957
v -0.10503199 0.57721481 0.02106383
v -0.10500330 0.57722729 0.02093637
v -0.12554191 0.54474048 -0.00562080
v -0.12561217 0.54472476 -0.00563479
v -0.13178910 0.55080968 -0.00563849
v -0.13188400 0.55065792 -0.00567460
v -0.17547050 0.49235223 -0.05113099
v -0.17561548 0.49226273 -0.05124454
v -0.22241641 0.43665012 -0.09542213
v -0.22232812 0.43666840 -0.09531606
v -0.21742098 0.39918947 -0.16800599
v -0.21725824 0.39914235 -0.16792287
v -0.17811776 0.36921411 -0.23017509
v -0.17807784 0.36917503 -0.23030308
v -0.08175742 0.33603577 -0.28949859
v -0.08177084 0.33595370 -0.28946429
v -0.00575696 0.21203005 -0.30578912
v -0.00567042 0.21191447 -0.30564957
v 0.07239080 -0.08973541 -0.29773298
v 0.07248674 -0.08983991 -0.29766926
v 0.14538115 -0.08987951 0.25620862
v 0.14545614 -0.08973986 0.25619471
v 0.10909237 0.21193364 0.27160062
v 0.10914360 0.21188016 0.27163139
v 0.06755447 0.36916707 0.26776743
v 0.06756032 0.36920674 0.26784190
v 0.02913174 0.39914241 0.25874709
v 0.02920098 0.39903270 0.25883573
v -0.00559515 0.43662581 0.22892534
v -0.00576100 0.43644057 0.22887825
v -0.03631368 0.43655595 0.22690810
v -0.03624853 0.43662222 0.22677277
v -0.05122216 0.49228603 0.16430820
v -0.05117154 0.49222652 0.16415292
v -0.05154518 0.54469313 0.10511430
v -0.05150717 0.54458053 0.10517435
v -0.05984636 0.59567276 0.06474449
v -0.05987206 0.59567011 0.06478011
v -0.06513014 0.59715383 0.07185434
v -0.06506752 0.59715956 0.07173904
v -0.05393119 0.55078090 0.11100740
v -0.05394609 0.55075154 0.11090857
v -0.05282717 0.49869797 0.16994064
v -0.05270310 0.49872713 0.17003360
v -0.27041206 0.40411062 -0.07663199
v -0.27042958 0.40418741 -0.07661624
v -0.11057067 0.40407494 0.24752794
v -0.11050982 0.40408074 0.24758407
v -0.00584634 -0.66359379 -0.00554707
v -0.04897429 -0.66358690 0.03754807
v -0.04909287 -0.66360286 0.03756542
v -0.00584940 -0.66372728 -0.00560531
v -0.00586056 -0.66355627 -0.00571227
v -0.00596950 -0.66369130 -0.06666770
v -0.00591380 -0.66362960 -0.06670669
v -0.00585609 -0.66364350 -0.00557893
v 0.14407108 -0.39115582 -0.26549999
v 0.14416170 -0.39102787 -0.26547057
v 0.17681160 -0.39105266 -0.24374518
v 0.17677841 -0.39108228 -0.24368930
v 0.20627371 -0.39102780 -0.21786295
v 0.20620956 -0.39101100 -0.21785385
v 0.23216890 -0.39116641 -0.18826316
v 0.23221073 -0.39114005 -0.18820612
v 0.25401136 -0.39117648 -0.15557941
v 0.25404105 -0.39103905 -0.15562361
v 0.27138736 -0.39105357 -0.12053437
v 0.27126707 -0.39112938 -0.12039105
v 0.28384701 -0.39109692 -0.08333670
v 0.28400728 -0.39106519 -0.08321330
v 0.29156477 -0.39105935 -0.04484782
v 0.29151396 -0.39111065 -0.04472842
v 0.29409285 -0.39101671 -0.00573624
v 0.29413455 -0.39119960 -0.00563012
v 0.29150812 -0.39101942 0.03351231
v 0.29168034 -0.39106398 0.03346396
v 0.28394885 -0.39110991 0.07208274
v 0.28397137 -0.39116314 0.07203622
v 0.27132714 -0.39106883 0.10907482
v 0.27132804 -0.39106471 0.10918618
v 0.25393850 -0.39118723 0.14440594
v 0.25403747 -0.39104802 0.14435597
v -0.07629321 0.59571324 0.04823924
v -0.07636670 0.59574314 0.04832544
v -0.08306181 0.59705360 0.05374262
v -0.08314119 0.59705722 0.05375729
v -0.08787233 0.57299848 0.04192018
v -0.08780875 0.57297429 0.04204670
v -0.09468418 0.57730570 0.04587388
v -0.09472397 0.57727672 0.04582451
v -0.09369252 0.57262501 0.03083490
v -0.09369746 0.57263829 0.03088495
v -0.10065246 0.57713906 0.03382151
v -0.10064565 0.57714179 0.03365168
v -0.12443756 0.54461706 0.01001836
v -0.12455529 0.54466016 0.00993352
v -0.13069061 0.55080341 0.01092257
v -0.13068862 0.55067070 0.01090500
v -0.18001645 0.49239376 -0.02868974
v -0.18006924 0.49235736 -0.02860606
v -0.18591998 0.49876167 -0.02939071
v -0.18589058 0.49872317 -0.02939409
v -0.23669664 0.39922680 -0.13897007
v -0.23672743 0.39905942 -0.13904915
v -0.20596344 0.36919303 -0.20588203
v -0.20583804 0.36930566 -0.20590404
v -0.15255796 0.33591316 -0.26011948
v -0.15263647 0.33588098 -0.26005005
v -0.11812405 0.33589349 -0.27712730
v -0.11804577 0.33591221 -0.27709836
v -0.04481266 0.21205216 -0.30304603
v -0.04490486 0.21199158 -0.30323360
v 0.03371066 -0.08975613 -0.30550773
v 0.03373453 -0.08987794 -0.30534252
v 0.10898747 -0.39107363 -0.28271824
v 0.10899450 -0.39097750 -0.28287382
v 0.23214579 -0.39105921 0.17695200
v 0.23211284 -0.39110812 0.17697849
v 0.20629621 -0.39104378 0.20651268
v 0.20634411 -0.39101511 0.20652261
v 0.17675762 -0.39106499 0.23245739
v 0.17668650 -0.39112143 0.23239919
v 0.14408556 -0.39106803 0.25425672
v 0.14418615 -0.39102637 0.25424781
v 0.10999891 -0.08980226 0.27376739
v 0.10995909 -0.08986041 0.27376928
v 0.07199952 0.21191704 0.28421328
v 0.07189958 0.21202816 0.28416395
v 0.07029535 0.33594977 0.27821782
v 0.07043311 0.33590773 0.27810570
v 0.03131905 0.36911858 0.27503249
v 0.03119116 0.36919699 0.27515163
v -0.00567279 0.39913074 0.26109226
v -0.00560871 0.39916859 0.26104384
v -0.06641169 0.43652302 0.22080395
v -0.06639770 0.43648678 0.22082468
v -0.07291542 0.49234262 0.15683961
v -0.07294506 0.49221624 0.15676411
v -0.06567080 0.54466865 0.09821066
v -0.06566561 0.54471582 0.09809298
v -0.05297123 0.57303986 0.07674218
v -0.05299569 0.57304447 0.07660540
v -0.06868516 0.59583163 0.05712356
v -0.06861469 0.59569759 0.05718447
v -0.07472726 0.59713741 0.06339857
v -0.07471055 0.59718588 0.06336351
v -0.05707592 0.57726628 0.08357344
v -0.05710101 0.57727725 0.08345709
v -0.06877835 0.55067260 0.10364654
v -0.06868491 0.55077111 0.10364167
v -0.07533146 0.49863433 0.16240984
v -0.07516966 0.49874016 0.16231361
v -0.24456148 0.44259054 -0.03700165
v -0.24450818 0.44268353 -0.03710727
v -0.09793584 0.44259006 0.21696601
v -0.09786894 0.44256183 0.21692287
v -0.07027038 -0.66237143 0.07833118
v -0.07026898 -0.66234264 0.07838373
v -0.07923498 -0.66233912 0.06760522
v -0.07920963 -0.66234110 0.06769994
v -0.00602025 -0.66370075 -0.00564795
v -0.06133709 -0.66370637 0.03685530
v -0.06131977 -0.66355424 0.03687335
v -0.00601020 -0.66363373 -0.00558036
v -0.07797168 -0.65868475 0.11919547
v -0.07794477 -0.65863897 0.11931097
v -0.09681878 -0.65269611 0.15178710
v -0.09685778 -0.65264385 0.15182905
v -0.11378059 -0.64437166 0.18138724
v -0.11384337 -0.64428467 0.18127441
v -0.12851827 -0.62666536 0.20678723
v -0.12868700 -0.62678761 0.20688624
v -0.14062525 -0.59278671 0.22765783
v -0.14057810 -0.59283078 0.22781738
v -0.14990754 -0.55236079 0.24376916
v -0.14991943 -0.55234372 0.24392309
v -0.15642687 -0.51527265 0.25511118
v -0.15653612 -0.51532947 0.25513206
v -0.16021853 -0.39139912 0.26183180
v -0.16029620 -0.39122258 0.26186871
v -0.16139147 -0.08974069 0.26381777
v -0.16136589 -0.08973846 0.26373670
v -0.16006151 0.21218689 0.26182982
v -0.16010988 0.21223468 0.26187461
v -0.15691951 0.33758205 0.25643370
v -0.15705116 0.33748152 0.25631014
v -0.15133322 0.37278205 0.24664156
v -0.15134546 0.37263066 0.24662940
v 0.00797866 -0.66239159 -0.11055392
v 0.00791299 -0.66245446 -0.11051412
v -0.00602425 -0.66368816 -0.00570417
v -0.01507552 -0.66372068 -0.07484589
v -0.01510823 -0.66373816 -0.07479408
v -0.00594855 -0.66359812 -0.00569282
v -0.00596210 -0.66244714 -0.10931279
v -0.00601290 -0.66242875 -0.10925898
v 0.01286895 -0.65863012 -0.14862402
v 0.01285860 -0.65868393 -0.14862687
v -0.00586820 -0.65257835 -0.18762310
v -0.00597484 -0.65256375 -0.18746000
v -0.03408830 -0.64427320 -0.21977289
v -0.03409150 -0.64430237 -0.21970708
v -0.06948336 -0.62670456 -0.24258880
v -0.06950412 -0.62665189 -0.24259533
v -0.10895900 -0.59280997 -0.25460706
v -0.10896406 -0.59272059 -0.25459801
v -0.15001593 -0.55224197 -0.25517841
v -0.15003681 -0.55235542 -0.25510945
v -0.18931629 -0.51536528 -0.24450673
v -0.18916684 -0.51532207 -0.24453361
v -0.22419212 -0.39125533 -0.22405867
v -0.22423353 -0.39137698 -0.22402675
v -0.25258043 -0.08975214 -0.19508973
v -0.25256581 -0.08969985 -0.19506462
v -0.27328909 0.21222356 -0.16000377
v -0.27321096 0.21233173 -0.15997579
v -0.28513012 0.33755405 -0.12140027
v -0.28528998 0.33761172 -0.12136519
v -0.28698345 0.37269568 -0.08106003
v -0.28701518 0.37277086 -0.08108049
v -0.08087897 0.57292341 0.05223968
v -0.08092757 0.57303866 0.05229622
v -0.08737858 0.57722298 0.05710192
v -0.08721558 0.57726705 0.05700225
v -0.12140599 0.54472587 0.02540055
v -0.12140564 0.54457067 0.02530557
v -0.12741394 0.55067615 0.02699657
v -0.12744212 0.55065525 0.02706712
v -0.18154230 0.49240157 -0.00560586
v -0.18148066 0.49233057 -0.00561767
v -0.18752500 0.49876300 -0.00555578
v -0.18756112 0.49870799 -0.00560009
v -0.23229560 0.43650220 -0.06642981
v -0.23225350 0.43657337 -0.06639488
v -0.25216110 0.39925291 -0.10771115
v -0.25219319 0.39919097 -0.10765857
v -0.23028687 0.36915388 -0.17795110
v -0.23032547 0.36923636 -0.17801280
v -0.18460404 0.33596496 -0.23863705
v -0.18461995 0.33596477 -0.23870408
v -0.08333133 0.21204990 -0.29557088
v -0.08332378 0.21199220 -0.29555849
v -0.00585821 -0.08968411 -0.30803224
v -0.00584831 -0.08976159 -0.30800502
v 0.07170849 -0.39109074 -0.29550053
v 0.07182500 -0.39097082 -0.29536320
v 0.10900080 -0.39110627 0.27162371
v 0.10885447 -0.39103334 0.27152597
v 0.07248241 -0.08977518 0.28649516
v 0.07255355 -0.08984604 0.28639096
v 0.03268985 0.33602628 0.28566343
v 0.03263248 0.33592245 0.28561353
v -0.00575353 0.36915005 0.27758357
v -0.00576557 0.36913108 0.27742196
v -0.04043140 0.39915979 0.25888492
v -0.04051343 0.39916094 0.25890432
v -0.07470730 0.39908309 0.25211295
v -0.07463468 0.39911679 0.25195058
v -0.09533363 0.43662780 0.21110900
v -0.09536823 0.43647999 0.21109235
v -0.09359251 0.49231562 0.14671093
v -0.09364012 0.49230600 0.14661897
v -0.06322168 0.57293535 0.06980914
v -0.06329700 0.57292673 0.06984606
v -0.06827782 0.57713125 0.07601271
v -0.06821763 0.57719037 0.07594713
v -0.09662851 0.49860979 0.15177050
v -0.09653548 0.49872891 0.15188987
v -0.27730668 0.40417515 -0.04149939
v -0.27725122 0.40425079 -0.04133982
v -0.14266029 0.40417095 0.23166967
v -0.14272742 0.40419571 0.23174258
v -0.00585808 -0.66368175 -0.00565687
v -0.05873206 -0.66369026 0.02482564
v -0.05879559 -0.66357884 0.02489257
v -0.00586792 -0.66359859 -0.00570006
v -0.00584270 -0.66369059 -0.00555301
v -0.02175150 -0.66366676 -0.06449138
v -0.02165840 -0.66361803 -0.06460107
v -0.00600915 -0.66369957 -0.00559269
v 0.14034968 -0.51374431 -0.25901568
v 0.14037768 -0.51371694 -0.25899540
v 0.17206773 -0.51364644 -0.23762808
v 0.17211803 -0.51365661 -0.23775713
v 0.20094171 -0.51366484 -0.21237657
v 0.20091349 -0.51364212 -0.21253360
v 0.22606095 -0.51362128 -0.18368478
v 0.22609734 -0.51363703 -0.18361925
v 0.24733479 -0.51367094 -0.15188081
v 0.24747594 -0.51376187 -0.15184289
v 0.26430027 -0.51362624 -0.11759460
v 0.26421904 -0.51374833 -0.11754963
v 0.27653225 -0.51376644 -0.08132022
v 0.27659535 -0.51369600 -0.08132821
v 0.28416565 -0.51359606 -0.04381714
v 0.28406684 -0.51368087 -0.04390474
v 0.28649581 -0.51371596 -0.00571387
v 0.28650305 -0.51377174 -0.00559051
v 0.28397803 -0.51365774 0.03249146
v 0.28415821 -0.51372033 0.03252914
v 0.27655289 -0.51369943 0.07007787
v 0.27652291 -0.51362331 0.07001472
v 0.26426553 -0.51366281 0.10637884
v 0.26429394 -0.51376956 0.10630494
v 0.24736923 -0.51375652 0.14053636
v 0.24743509 -0.51375505 0.14062692
v 0.22603814 -0.51371164 0.17236274
v 0.22615899 -0.51375942 0.17238232
v -0.07273724 0.57290873 0.06153642
v -0.07277583 0.57291499 0.06156406
v -0.07850501 0.57724555 0.06712187
v -0.07842242 0.57715271 0.06714997
v -0.10936431 0.54463454 0.05430322
v -0.10943261 0.54459011 0.05434839
v -0.11636625 0.54458480 0.04021308
v -0.11642104 0.54472837 0.04021499
v -0.11499051 0.55066624 0.05743507
v -0.11492035 0.55075128 0.05750154
v -0.12227836 0.55077869 0.04257256
v -0.12224752 0.55075839 0.04266004
v -0.17997093 0.49232871 0.01734870
v -0.18010292 0.49229881 0.01737800
v -0.18605472 0.49863926 0.01818713
v -0.18605592 0.49873753 0.01816544
v -0.23818807 0.43666069 -0.03630668
v -0.23815561 0.43666621 -0.03627018
v -0.25090653 0.36931129 -0.14714083
v -0.25085090 0.36922522 -0.14719188
v -0.21342765 0.33604803 -0.21335719
v -0.21337618 0.33597113 -0.21343773
v -0.15572468 0.21207408 -0.26543643
v -0.15574155 0.21202409 -0.26543311
v -0.12054599 0.21206232 -0.28293198
v -0.12059275 0.21193232 -0.28280172
v -0.04523632 -0.08971039 -0.30541033
v -0.04528623 -0.08985355 -0.30537443
v 0.03326356 -0.39098631 -0.30311557
v 0.03333766 -0.39109040 -0.30307405
v 0.10607396 -0.51373994 -0.27586071
v 0.10600277 -0.51356373 -0.27577331
v 0.20090031 -0.51376377 0.20109094
v 0.20082934 -0.51364918 0.20125826
v 0.17204636 -0.51360423 0.22629024
v 0.17214629 -0.51359393 0.22640670
v 0.14028997 -0.51368466 0.24768561
v 0.14027923 -0.51359841 0.24756603
v 0.10606807 -0.51365592 0.26452486
v 0.10601360 -0.51361991 0.26460172
v 0.07179600 -0.39112658 0.28409315
v 0.07182714 -0.39115594 0.28416484
v 0.03370073 -0.08969333 0.29412443
v 0.03361783 -0.08971014 0.29414804
v 0.03349635 0.21193768 0.29193534
v 0.03349187 0.21198395 0.29179921
v -0.00567019 0.33595932 0.28809433
v -0.00567001 0.33599115 0.28810964
v -0.04263554 0.36911909 0.27507862
v -0.04259906 0.36911647 0.27508322
v -0.10783412 0.39914756 0.24073989
v -0.10782016 0.39910922 0.24084931
v -0.12299855 0.43651111 0.19740074
v -0.12300910 0.43653228 0.19740330
v -0.11265296 0.49223425 0.13387187
v -0.11272352 0.49232443 0.13380831
v -0.07863999 0.54463058 0.08946453
v -0.07870864 0.54467149 0.08946631
v -0.08242256 0.55071380 0.09453262
v -0.08250400 0.55068369 0.09451461
v -0.11634497 0.49866560 0.13866086
v -0.11631215 0.49858502 0.13864090
v -0.12611504 0.44256038 0.20296038
v -0.12617677 0.44267640 0.20304828
v -0.24665283 0.44253616 -0.00555983
v -0.24657176 0.44253320 -0.00570333
v -0.09372727 -0.65863990 0.10875389
v -0.09363164 -0.65880009 0.10871637
v -0.08980239 -0.66240742 0.05887001
v -0.08995665 -0.66242607 0.05880477
v -0.09559048 -0.66232258 0.04628222
v -0.09566705 -0.66234758 0.04610657
v -0.00595885 -0.66374994 -0.00563866
v -0.07034122 -0.66373281 0.02100235
v -0.07031272 -0.66371208 0.02113363
v -0.00601215 -0.66362452 -0.00558498
v -0.11659152 -0.65259812 0.13870770
v -0.11669461 -0.65267624 0.13865273
v -0.13730508 -0.64427927 0.16567114
v -0.13729547 -0.64427217 0.16557966
v -0.15520182 -0.62662675 0.18898154
v -0.15521247 -0.62661952 0.18899810
v -0.16999331 -0.59275869 0.20810036
v -0.16988226 -0.59278864 0.20805006
v -0.18128638 -0.55225591 0.22294012
v -0.18130070 -0.55228985 0.22289360
v -0.18927865 -0.51537209 0.23317568
v -0.18928377 -0.51539424 0.23329820
v -0.19380793 -0.39126937 0.23933940
v -0.19379635 -0.39137125 0.23935332
v -0.19528144 -0.08980711 0.24126916
v -0.19513613 -0.08973170 0.24110746
v -0.19366625 0.21220568 0.23940686
v -0.19370447 0.21219653 0.23936785
v -0.18982018 0.33750638 0.23443621
v -0.18987726 0.33758929 0.23445654
v -0.18305234 0.37277590 0.22535581
v -0.18297824 0.37274869 0.22547828
v -0.00589675 -0.65862481 -0.14987006
v -0.00584433 -0.65864953 -0.14979532
v -0.01981665 -0.66250175 -0.11058313
v -0.01981503 -0.66237656 -0.11065843
v -0.00601362 -0.66361652 -0.00564082
v -0.03269264 -0.66365274 -0.07003650
v -0.03268888 -0.66369894 -0.07015278
v -0.00596348 -0.66373036 -0.00567538
v -0.03273617 -0.66235327 -0.10577763
v -0.03267427 -0.66240724 -0.10567706
v -0.02971978 -0.65267623 -0.18599356
v -0.02959997 -0.65268487 -0.18597838
v -0.06177977 -0.64436814 -0.21419123
v -0.06184792 -0.64431654 -0.21417147
v -0.09989230 -0.62665941 -0.23236167
v -0.09991144 -0.62662695 -0.23240846
v -0.14070588 -0.59282584 -0.23895498
v -0.14070887 -0.59283425 -0.23910716
v -0.18127292 -0.55223493 -0.23428593
v -0.18133676 -0.55233525 -0.23425726
v -0.21892586 -0.51526025 -0.21867920
v -0.21882769 -0.51536246 -0.21851855
v -0.25079375 -0.39129171 -0.19362816
v -0.25090467 -0.39134416 -0.19361724
v -0.27531540 -0.08969172 -0.16129497
v -0.27519570 -0.08966327 -0.16119208
v -0.29097694 0.21232564 -0.12377689
v -0.29101130 0.21221652 -0.12385322
v -0.29785730 0.33758441 -0.08395645
v -0.29790128 0.33762450 -0.08384891
v -0.29434594 0.37265738 -0.04357872
v -0.29439989 0.37275814 -0.04356209
v -0.10068727 0.54472954 0.06722703
v -0.10080621 0.54471879 0.06728949
v -0.10572535 0.55067532 0.07121070
v -0.10572319 0.55073280 0.07110575
v -0.17551557 0.49233329 0.03986586
v -0.17552181 0.49222366 0.03990377
v -0.18125256 0.49866108 0.04146566
v -0.18129099 0.49875896 0.04143199
v -0.24026904 0.43659572 -0.00560203
v -0.24028238 0.43651593 -0.00566449
v -0.26346075 0.39925966 -0.07469758
v -0.26333781 0.39906596 -0.07476212
v -0.26734187 0.36924409 -0.11391987
v -0.26723643 0.36923428 -0.11392341
v -0.23870230 0.33600979 -0.18448755
v -0.23886332 0.33593092 -0.18459172
v -0.18832167 0.21208925 -0.24360426
v -0.18830252 0.21207830 -0.24362970
v -0.08409246 -0.08967763 -0.29768585
v -0.08400854 -0.08973104 -0.29761679
v -0.00577400 -0.39106320 -0.30572790
v -0.00581873 -0.39107813 -0.30558248
v 0.06978270 -0.51360385 -0.28819852
v 0.06971399 -0.51364671 -0.28808965
v 0.06982695 -0.51363261 0.27695469
v 0.06986881 -0.51358308 0.27689160
v 0.03328040 -0.39110415 0.29189257
v 0.03326219 -0.39097489 0.29183756
v -0.00565506 0.21202717 0.29436788
v -0.00573706 0.21193005 0.29446237
v -0.04396120 0.33593598 0.28571986
v -0.04409746 0.33593152 0.28572828
v -0.07891669 0.36923375 0.26792457
v -0.07892853 0.36913530 0.26783381
v -0.11411172 0.36914115 0.25602731
v -0.11404235 0.36911621 0.25590754
v -0.13910986 0.39917743 0.22534068
v -0.13915171 0.39909403 0.22532566
v -0.14841764 0.43661128 0.18039342
v -0.14840425 0.43648691 0.18035099
v -0.09046052 0.54462237 0.07901489
v -0.09044530 0.54464123 0.07908498
v -0.09490670 0.55079489 0.08357822
v -0.09477785 0.55074800 0.08351731
v -0.15236856 0.44269244 0.18536420
v -0.15228951 0.44271047 0.18539909
v -0.27962541 0.40422580 -0.00565303
v -0.27976632 0.40414800 -0.00566313
v -0.17252091 0.40423224 0.21167414
v -0.17240208 0.40419763 0.21172072
v -0.10786751 -0.65864177 0.09628449
v -0.10789117 -0.65868578 0.09633482
v -0.00601104 -0.66363291 -0.00562481
v -0.06478531 -0.66369812 0.01016844
v -0.06492411 -0.66370171 0.01016992
v -0.00584255 -0.66359905 -0.00560540
v -0.02480718 -0.65872809 -0.14864387
v -0.02482094 -0.65878766 -0.14852545
v -0.00587149 -0.66364407 -0.00559192
v -0.03646895 -0.66362548 -0.05843627
v -0.03651163 -0.66360379 -0.05854843
v -0.00602091 -0.66355772 -0.00560630
v 0.13412487 -0.54906141 -0.24805639
v 0.13409663 -0.54911516 -0.24805986
v 0.16459601 -0.54917570 -0.22769159
v 0.16443093 -0.54905968 -0.22776913
v 0.19207603 -0.54907655 -0.20362818
v 0.19210671 -0.54911786 -0.20365710
v 0.21626140 -0.54915008 -0.17608651
v 0.21616154 -0.54908458 -0.17600216
v 0.23658140 -0.54904455 -0.14566660
v 0.23658405 -0.54918275 -0.14561093
v 0.25276001 -0.54920941 -0.11272272
v 0.25277047 -0.54916393 -0.11286676
v 0.26443465 -0.54921752 -0.07807804
v 0.26446240 -0.54903678 -0.07803660
v 0.27168663 -0.54917751 -0.04216761
v 0.27174533 -0.54921738 -0.04211659
v 0.27406209 -0.54903446 -0.00562987
v 0.27396999 -0.54916377 -0.00562023
v 0.27156505 -0.54922477 0.03082967
v 0.27174189 -0.54910948 0.03095242
v 0.26442361 -0.54906808 0.06685672
v 0.26455297 -0.54906098 0.06691273
v 0.25277305 -0.54914414 0.10146142
v 0.25276317 -0.54912957 0.10145069
v 0.23662103 -0.54909987 0.13436283
v 0.23658306 -0.54921817 0.13438506
v 0.21612134 -0.54917853 0.16474601
v 0.21620057 -0.54913813 0.16487464
v 0.19203952 -0.54907910 0.19234941
v 0.19210346 -0.54918165 0.19226252
v -0.15788195 0.49237754 0.08222079
v -0.15796983 0.49233573 0.08235530
v -0.16806544 0.49239779 0.06161803
v -0.16817229 0.49234508 0.06156259
v -0.17366234 0.49864763 0.06398565
v -0.17378209 0.49864866 0.06388752
v -0.16307620 0.49874853 0.08524440
v -0.16314972 0.49864864 0.08527447
v -0.23824603 0.43648917 0.02493154
v -0.23827549 0.43665510 0.02495484
v -0.24451464 0.44256489 0.02580787
v -0.24441464 0.44269109 0.02581375
v -0.27021808 0.39908496 -0.04038967
v -0.27010925 0.39911741 -0.04036948
v -0.26024265 0.33604676 -0.15264184
v -0.26011430 0.33604853 -0.15260840
v -0.21800670 0.21198056 -0.21781460
v -0.21800644 0.21200044 -0.21791570
v -0.15697760 -0.08973455 -0.26756758
v -0.15693424 -0.08974701 -0.26753115
v -0.12141441 -0.08975181 -0.28501916
v -0.12157638 -0.08969866 -0.28497148
v -0.04506331 -0.39106232 -0.30312350
v -0.04498660 -0.39103769 -0.30316825
v 0.03224776 -0.51358240 -0.29560540
v 0.03220712 -0.51365032 -0.29552401
v 0.10122752 -0.54913916 -0.26422428
v 0.10119582 -0.54915423 -0.26431536
v 0.16459247 -0.54910216 0.21645551
v 0.16446473 -0.54905140 0.21646632
v 0.13415191 -0.54914673 0.23683661
v 0.13409493 -0.54902202 0.23685282
v 0.10128957 -0.54904189 0.25301411
v 0.10116041 -0.54900697 0.25298174
v 0.06651626 -0.54900297 0.26475434
v 0.06655806 -0.54903133 0.26474147
v 0.03227459 -0.51356256 0.28423487
v 0.03217759 -0.51362647 0.28428815
v -0.00576554 -0.39111879 0.29442287
v -0.00595434 -0.39100530 0.29441988
v -0.00578493 -0.08986789 0.29667881
v -0.00587241 -0.08972279 0.29664362
v -0.04499587 0.21194235 0.29177995
v -0.04492919 0.21196431 0.29193880
v -0.08182392 0.33585693 0.27819275
v -0.08167735 0.33600207 0.27809088
v -0.14719179 0.36920831 0.23959880
v -0.14730636 0.36929505 0.23958942
v -0.16808594 0.39921959 0.20590187
v -0.16802977 0.39911755 0.20590862
v -0.17149322 0.43655457 0.16025710
v -0.17146102 0.43647469 0.16016984
v -0.12997917 0.49238283 0.11866222
v -0.13004272 0.49234088 0.11875342
v -0.13418440 0.49872639 0.12305226
v -0.13430539 0.49873745 0.12293707
v -0.17601660 0.44254785 0.16475648
v -0.17591130 0.44266145 0.16463383
v -0.12035693 -0.65868187 0.08224529
v -0.12026917 -0.65864619 0.08222877
v -0.10363667 -0.66240305 0.03494483
v -0.10377513 -0.66236111 0.03478969
v -0.10608694 -0.66234863 0.02123367
v -0.10601776 -0.66235590 0.02109588
v -0.07517461 -0.66364698 0.00337412
v -0.07512355 -0.66359128 0.00345807
v -0.13448233 -0.65265603 0.12303209
v -0.13449986 -0.65255906 0.12296089
v -0.15855762 -0.64427048 0.14696882
v -0.15851077 -0.64432438 0.14702365
v -0.17943339 -0.62658888 0.16794020
v -0.17953466 -0.62659422 0.16791033
v -0.19639483 -0.59265277 0.18495710
v -0.19642826 -0.59274060 0.18493639
v -0.20959048 -0.55239836 0.19813636
v -0.20960646 -0.55237323 0.19799661
v -0.21893029 -0.51535245 0.20735052
v -0.21878265 -0.51528055 0.20728023
v -0.22411876 -0.39131265 0.21273231
v -0.22429667 -0.39136345 0.21268455
v -0.22590611 -0.08974056 0.21444418
v -0.22576161 -0.08972548 0.21442687
v -0.22414617 0.21222517 0.21271262
v -0.22404046 0.21222121 0.21283580
v -0.21968069 0.33756767 0.20833480
v -0.21968870 0.33751803 0.20835890
v -0.21172547 0.37278640 0.20029359
v -0.21168081 0.37271491 0.20031000
v -0.04323314 -0.65869750 -0.14498662
v -0.04321832 -0.65869672 -0.14484361
v -0.04651465 -0.66247268 -0.10343817
v -0.04644202 -0.66235064 -0.10345367
v -0.00596091 -0.66368796 -0.00565508
v -0.04832315 -0.66359601 -0.06108540
v -0.04836687 -0.66357095 -0.06097852
v -0.00595552 -0.66360208 -0.00563157
v -0.05765414 -0.66238205 -0.09548377
v -0.05771783 -0.66245528 -0.09533420
v -0.05300693 -0.65264785 -0.18135124
v -0.05290105 -0.65264863 -0.18125901
v -0.08856880 -0.64434088 -0.20510425
v -0.08849841 -0.64441791 -0.20506462
v -0.12861812 -0.62676753 -0.21822751
v -0.12854831 -0.62661436 -0.21825215
v -0.16991156 -0.59267032 -0.21949340
v -0.16986680 -0.59275516 -0.21942283
v -0.20963649 -0.55225691 -0.20932687
v -0.20955927 -0.55242346 -0.20939886
v -0.24487386 -0.51534576 -0.18892389
v -0.24477547 -0.51537032 -0.18888267
v -0.27332073 -0.39126971 -0.15997068
v -0.27325857 -0.39129674 -0.16001805
v -0.29334196 -0.08967825 -0.12477692
v -0.29329133 -0.08977982 -0.12461331
v -0.30407509 0.21235989 -0.08558043
v -0.30399204 0.21221718 -0.08566726
v -0.30563019 0.33767506 -0.04505852
v -0.30558673 0.33757183 -0.04503341
v -0.29686796 0.37268440 -0.00567437
v -0.29687489 0.37281695 -0.00573214
v -0.14524298 0.49234212 0.10138307
v -0.14515042 0.49224612 0.10143373
v -0.14995644 0.49862786 0.10506332
v -0.14990891 0.49868637 0.10505595
v -0.23212477 0.43653931 0.05501792
v -0.23212198 0.43655386 0.05504977
v -0.23841388 0.44258439 0.05669490
v -0.23829601 0.44271083 0.05667037
v -0.27239071 0.39919698 -0.00569104
v -0.27248902 0.39907658 -0.00558569
v -0.27921911 0.36928746 -0.07887979
v -0.27927278 0.36916893 -0.07898106
v -0.27722192 0.33608807 -0.11804906
v -0.27720469 0.33595355 -0.11801145
v -0.24385531 0.21208770 -0.18821913
v -0.24382102 0.21210659 -0.18821268
v -0.18990132 -0.08963702 -0.24556123
v -0.18992702 -0.08975243 -0.24543925
v -0.08351222 -0.39112092 -0.29548306
v -0.08348665 -0.39103977 -0.29545597
v -0.00586155 -0.51366276 -0.29819700
v -0.00587258 -0.51363906 -0.29802407
v 0.06653160 -0.54901353 -0.27612348
v 0.06653041 -0.54912281 -0.27614485
v 0.03062008 -0.54904802 0.27182740
v 0.03057850 -0.54914818 0.27189689
v -0.00599123 -0.51364046 0.28686378
v -0.00594060 -0.51366308 0.28680788
v -0.04524078 -0.08968842 0.29408203
v -0.04523124 -0.08982546 0.29405196
v -0.08331553 0.21204303 0.28423533
v -0.08342116 0.21201712 0.28414599
v -0.11814225 0.33605299 0.26587267
v -0.11812148 0.33600208 0.26586691
v -0.15259664 0.33599121 0.24875860
v -0.15269492 0.33597809 0.24881750
v -0.17800362 0.36916485 0.21898580
v -0.17802853 0.36914229 0.21902992
v -0.19427303 0.39919809 0.18297888
v -0.19430349 0.39919171 0.18297579
v -0.19946936 0.40420252 0.18810388
v -0.19950965 0.40426403 0.18807322
v -0.27734830 0.40410862 0.03021784
v -0.27735596 0.40414174 0.03013458
v -0.13082934 -0.65860625 0.06651186
v -0.13084276 -0.65874767 0.06636601
v -0.00589756 -0.66373309 -0.00567633
v -0.06694722 -0.66368739 -0.00556490
v -0.06698724 -0.66357188 -0.00566807
v -0.00595764 -0.66358670 -0.00561127
v -0.06101782 -0.65870051 -0.13889985
v -0.06114661 -0.65867010 -0.13885074
v -0.00592931 -0.66361232 -0.00566790
v -0.04906472 -0.66362543 -0.04881998
v -0.04900997 -0.66363662 -0.04876524
v -0.00599048 -0.66370719 -0.00561393
v 0.12494899 -0.58841726 -0.23247288
v 0.12504556 -0.58837914 -0.23237266
v 0.15352718 -0.58840450 -0.21331701
v 0.15348363 -0.58837976 -0.21332791
v 0.17934109 -0.58831239 -0.19081733
v 0.17920654 -0.58837045 -0.19070984
v 0.20186551 -0.58833142 -0.16504761
v 0.20177499 -0.58849614 -0.16499775
v 0.22084250 -0.58833882 -0.13664543
v 0.22086474 -0.58841781 -0.13646830
v 0.23607578 -0.58832497 -0.10584196
v 0.23593543 -0.58845060 -0.10578455
v 0.24708112 -0.58846361 -0.07343311
v 0.24705498 -0.58846114 -0.07331172
v 0.25365565 -0.58846728 -0.03990522
v 0.25367496 -0.58852187 -0.03971172
v 0.25601735 -0.58850565 -0.00560890
v 0.25590960 -0.58843542 -0.00554751
v 0.25376342 -0.58849005 0.02855099
v 0.25378898 -0.58852105 0.02853579
v 0.24696882 -0.58846010 0.06216244
v 0.24702464 -0.58842107 0.06221747
v 0.23607141 -0.58845799 0.09457079
v 0.23595704 -0.58837021 0.09449514
v 0.22078136 -0.58847924 0.12525525
v 0.22095262 -0.58851364 0.12535121
v 0.20185650 -0.58839896 0.15373477
v 0.20191206 -0.58846519 0.15369422
v 0.17928797 -0.58840018 0.17946981
v 0.17930286 -0.58838458 0.17952900
v 0.15342140 -0.58850118 0.20202992
v 0.15353174 -0.58837144 0.20202913
v -0.20869800 0.43658181 0.11165209
v -0.20879814 0.43649635 0.11167798
v -0.22237510 0.43648972 0.08411926
v -0.22235244 0.43648239 0.08413154
v -0.22823404 0.44265861 0.08661224
v -0.22819601 0.44256578 0.08657145
v -0.21425936 0.44262240 0.11478675
v -0.21425387 0.44264753 0.11470422
v -0.27014788 0.39917778 0.02917176
v -0.27022594 0.39919644 0.02920324
v -0.28648657 0.36919068 -0.04265386
v -0.28648748 0.36919166 -0.04264591
v -0.26563739 0.21195058 -0.15577054
v -0.26552981 0.21201525 -0.15576431
v -0.21961630 -0.08977556 -0.21953818
v -0.21954384 -0.08978571 -0.21952130
v -0.15591638 -0.39102621 -0.26545493
v -0.15584058 -0.39094721 -0.26547380
v -0.12065665 -0.39109113 -0.28291394
v -0.12073723 -0.39099129 -0.28284888
v -0.04399311 -0.51367611 -0.29568560
v -0.04409982 -0.51354289 -0.29558008
v 0.03057796 -0.54902903 -0.28316171
v 0.03064016 -0.54910632 -0.28309614
v 0.09421114 -0.58838130 -0.24761173
v 0.09422263 -0.58844998 -0.24754996
v 0.12510366 -0.58841554 0.22116548
v 0.12495101 -0.58835866 0.22106787
v 0.09420934 -0.58838112 0.23637224
v 0.09424953 -0.58846462 0.23621595
v 0.06192373 -0.58836351 0.24737481
v 0.06189478 -0.58832483 0.24736654
v 0.02835553 -0.58828102 0.25392026
v 0.02822101 -0.58834997 0.25396666
v -0.00590895 -0.54900323 0.27426325
v -0.00580852 -0.54912916 0.27441249
v -0.04409459 -0.51356139 0.28422062
v -0.04397255 -0.51366711 0.28426366
v -0.04504130 -0.39101950 0.29190391
v -0.04503699 -0.39099506 0.29187890
v -0.08403573 -0.08976460 0.28642814
v -0.08400658 -0.08973729 0.28633771
v -0.12063140 0.21193256 0.27162250
v -0.12047171 0.21194642 0.27162915
v -0.18451749 0.33593041 0.22751419
v -0.18459605 0.33603400 0.22737588
v -0.20579871 0.36914282 0.19463062
v -0.20597606 0.36912117 0.19452709
v -0.21739073 0.39915793 0.15669836
v -0.21736643 0.39907349 0.15670489
v -0.19181145 0.43661652 0.13703470
v -0.19182189 0.43662249 0.13703300
v -0.19669617 0.44255202 0.14097190
v -0.19672421 0.44269059 0.14095545
v -0.22297378 0.40417917 0.16121451
v -0.22297462 0.40411698 0.16112544
v -0.15030620 -0.65269872 0.10504563
v -0.15013922 -0.65268834 0.10512434
v -0.13909391 -0.65870185 0.04948075
v -0.13925024 -0.65863218 0.04945127
v -0.11081560 -0.66230543 0.00809473
v -0.11077124 -0.66241629 0.00817748
v -0.10961906 -0.66244832 -0.00566947
v -0.10955824 -0.66234613 -0.00573110
v -0.00587279 -0.66373009 -0.00555135
v -0.07514340 -0.66361552 -0.01481799
v -0.07508014 -0.66367540 -0.01468566
v -0.00600939 -0.66358196 -0.00563840
v -0.17723409 -0.64435199 0.12575433
v -0.17723091 -0.64431286 0.12572260
v -0.20061987 -0.62678046 0.14367437
v -0.20054319 -0.62660819 0.14376418
v -0.21961939 -0.59272507 0.15843578
v -0.21976727 -0.59282346 0.15841133
v -0.23437028 -0.55232266 0.16967349
v -0.23453950 -0.55230539 0.16983032
v -0.24488676 -0.51527876 0.17770581
v -0.24490396 -0.51538132 0.17764359
v -0.25087602 -0.39137662 0.18241667
v -0.25081713 -0.39135883 0.18242500
v -0.25273277 -0.08967990 0.18381907
v -0.25273658 -0.08962928 0.18370869
v -0.25066085 0.21223285 0.18245552
v -0.25070062 0.21222303 0.18233310
v -0.24561752 0.33754412 0.17843668
v -0.24579214 0.33757192 0.17848525
v -0.23678548 0.37271405 0.17162307
v -0.23672865 0.37270263 0.17170752
v -0.07545072 -0.65260668 -0.17372460
v -0.07561242 -0.65256481 -0.17375168
v -0.07807205 -0.65879380 -0.13060303
v -0.07795724 -0.65878776 -0.13061601
v -0.07026680 -0.66233514 -0.08960818
v -0.07045820 -0.66238840 -0.08962846
v -0.00602113 -0.66375277 -0.00562825
v -0.06132802 -0.66358291 -0.04803603
v -0.06127101 -0.66372893 -0.04803751
v -0.00585017 -0.66359272 -0.00558464
v -0.07912961 -0.66247847 -0.07896826
v -0.07919265 -0.66238302 -0.07885528
v -0.11385314 -0.64424724 -0.19259776
v -0.11384996 -0.64432165 -0.19253152
v -0.15532740 -0.62666804 -0.20034344
v -0.15536244 -0.62673117 -0.20036715
v -0.19653458 -0.59274786 -0.19621752
v -0.19636782 -0.59265716 -0.19621089
v -0.23435642 -0.55241463 -0.18096025
v -0.23445397 -0.55238294 -0.18109547
v -0.26668431 -0.51531073 -0.15618676
v -0.26672717 -0.51530973 -0.15618155
v -0.29111326 -0.39133594 -0.12384602
v -0.29106944 -0.39129189 -0.12378789
v -0.30627305 -0.08968502 -0.08620254
v -0.30632763 -0.08965324 -0.08618231
v -0.31190850 0.21228829 -0.04589306
v -0.31199357 0.21225679 -0.04591377
v -0.30825632 0.33754362 -0.00560706
v -0.30819309 0.33757337 -0.00571397
v -0.29435481 0.37274250 0.03240059
v -0.29436852 0.37279819 0.03234272
v -0.26326820 0.39926236 0.06351169
v -0.26335310 0.39917910 0.06334111
v -0.27043448 0.40412023 0.06526039
v -0.27044396 0.40424946 0.06536635
v -0.28874826 0.36924538 -0.00559424
v -0.28875301 0.36914989 -0.00557311
v -0.28946370 0.33605231 -0.08171005
v -0.28949464 0.33596324 -0.08173723
v -0.28298878 0.21203732 -0.12048254
v -0.28298697 0.21195045 -0.12048703
v -0.24576914 -0.08975468 -0.18972436
v -0.24561679 -0.08972762 -0.18968022
v -0.18845124 -0.39101730 -0.24375313
v -0.18856902 -0.39101455 -0.24359335
v -0.08155351 -0.51367629 -0.28819817
v -0.08152865 -0.51360730 -0.28821349
v -0.00596594 -0.54910100 -0.28561638
v -0.00597762 -0.54912155 -0.28564811
v 0.06190491 -0.58838668 -0.25856537
v 0.06177958 -0.58830290 -0.25862011
v -0.00587874 -0.58827421 0.25623697
v -0.00595010 -0.58827499 0.25625228
v -0.04252174 -0.54910456 0.27197490
v -0.04238894 -0.54901216 0.27200143
v -0.08357326 -0.39112369 0.28415463
v -0.08351920 -0.39104440 0.28412667
v -0.12159407 -0.08978440 0.27365309
v -0.12146382 -0.08966413 0.27379918
v -0.15572783 0.21192258 0.25415043
v -0.15582758 0.21190203 0.25413529
v -0.18838755 0.21198311 0.23233913
v -0.18834144 0.21197213 0.23251573
v -0.21349945 0.33589211 0.20214879
v -0.21343520 0.33598084 0.20215611
v -0.23030480 0.36914876 0.16666267
v -0.23027676 0.36913203 0.16674937
v -0.16340606 -0.65269753 0.08527348
v -0.16338436 -0.65260218 0.08537861
v -0.14515885 -0.65862657 0.03160197
v -0.14520333 -0.65876811 0.03163229
v -0.00584540 -0.66367980 -0.00570909
v -0.06485033 -0.66368801 -0.02151837
v -0.06481031 -0.66369728 -0.02150558
v -0.00595313 -0.66359218 -0.00560263
v -0.09685822 -0.65262094 -0.16314604
v -0.09677503 -0.65266777 -0.16320912
v -0.09362927 -0.65861740 -0.12011669
v -0.09366922 -0.65879783 -0.12007356
v -0.00585474 -0.66373914 -0.00572901
v -0.05883458 -0.66360294 -0.03612231
v -0.05872000 -0.66358250 -0.03614784
v -0.00600766 -0.66359348 -0.00566932
v 0.11375928 -0.62026676 -0.21279357
v 0.11382326 -0.62020906 -0.21286047
v 0.13984862 -0.62008111 -0.19550028
v 0.13979718 -0.62024711 -0.19556334
v 0.16327055 -0.62024955 -0.17492957
v 0.16337534 -0.62028243 -0.17483530
v 0.18400142 -0.62011344 -0.15121443
v 0.18394814 -0.62015689 -0.15134366
v 0.20127725 -0.62026129 -0.12520954
v 0.20136891 -0.62021187 -0.12524203
v 0.21525462 -0.62013798 -0.09721697
v 0.21527277 -0.62019908 -0.09713009
v 0.22523784 -0.62011662 -0.06756907
v 0.22515472 -0.62022201 -0.06750782
v 0.23131140 -0.62017859 -0.03675221
v 0.23126651 -0.62026564 -0.03685236
v 0.23337182 -0.62029080 -0.00561230
v 0.23343434 -0.62023591 -0.00565098
v 0.23136426 -0.62029820 0.02564468
v 0.23125954 -0.62011760 0.02553070
v 0.22516099 -0.62019021 0.05635249
v 0.22515592 -0.62013315 0.05633475
v 0.21509689 -0.62022142 0.08599761
v 0.21522208 -0.62024433 0.08587158
v 0.20140377 -0.62009811 0.11412767
v 0.20140098 -0.62009447 0.11399084
v 0.18398511 -0.62017905 0.14007927
v 0.18391339 -0.62015769 0.13999689
v 0.16319942 -0.62026983 0.16353653
v 0.16323098 -0.62021481 0.16349959
v 0.13968558 -0.62026536 0.18421370
v 0.13965523 -0.62010374 0.18418685
v 0.11368431 -0.62020258 0.20166642
v 0.11372022 -0.62016478 0.20157569
v -0.23660852 0.39918285 0.12773277
v -0.23668660 0.39905781 0.12769968
v -0.25215268 0.39920240 0.09642948
v -0.25212202 0.39911217 0.09647974
v -0.25879588 0.40422896 0.09920087
v -0.25890615 0.40408674 0.09916447
v -0.24298033 0.40417047 0.13140725
v -0.24297547 0.40423370 0.13136348
v -0.28643139 0.36931319 0.03131566
v -0.28633561 0.36914260 0.03137067
v -0.29706647 0.33603066 -0.04396742
v -0.29690786 0.33603362 -0.04389430
v -0.26764326 -0.08971506 -0.15687215
v -0.26772135 -0.08977957 -0.15680358
v -0.21795155 -0.39095141 -0.21774296
v -0.21807905 -0.39105204 -0.21772324
v -0.15219366 -0.51365445 -0.25902392
v -0.15215641 -0.51363175 -0.25889012
v -0.11788618 -0.51350157 -0.27582206
v -0.11780697 -0.51353801 -0.27579489
v -0.04249921 -0.54910194 -0.28315025
v -0.04253292 -0.54899586 -0.28312218
v 0.02833369 -0.58829610 -0.26521630
v 0.02821526 -0.58846699 -0.26523082
v 0.08577549 -0.62023546 -0.22663448
v 0.08566381 -0.62019248 -0.22677250
v 0.08563865 -0.62022188 0.21554706
v 0.08564984 -0.62018098 0.21541411
v 0.05605779 -0.62007506 0.22556961
v 0.05601140 -0.62012842 0.22560659
v 0.02520317 -0.62005394 0.23161887
v 0.02529128 -0.62013455 0.23157943
v -0.00586607 -0.62005305 0.23375570
v -0.00602632 -0.62022410 0.23359918
v -0.04007542 -0.58836193 0.25394636
v -0.04005497 -0.58834664 0.25396166
v -0.07830492 -0.54902803 0.26480244
v -0.07828285 -0.54915378 0.26469432
v -0.08155972 -0.51357570 0.27682958
v -0.08168110 -0.51367939 0.27694558
v -0.12070626 -0.39103330 0.27148069
v -0.12066011 -0.39095863 0.27150039
v -0.15703915 -0.08972561 0.25613645
v -0.15689831 -0.08966763 0.25627803
v -0.21792587 0.21208583 0.20651973
v -0.21786954 0.21200054 0.20652313
v -0.23883552 0.33605605 0.17318925
v -0.23887449 0.33603965 0.17324932
v -0.25085701 0.36926145 0.13589304
v -0.25099361 0.36914297 0.13584918
v -0.25784373 0.37264051 0.14004611
v -0.25798128 0.37265446 0.14000693
v -0.17393189 -0.65258722 0.06404528
v -0.17387357 -0.65264435 0.06386733
v -0.14880960 -0.65864469 0.01313418
v -0.14885846 -0.65871238 0.01309071
v -0.11086742 -0.66244573 -0.01952241
v -0.11096347 -0.66241181 -0.01950682
v -0.10609954 -0.66247674 -0.03238471
v -0.10606517 -0.66237223 -0.03247778
v -0.00595439 -0.66362490 -0.00570727
v -0.07042507 -0.66362697 -0.03225811
v -0.07045872 -0.66371950 -0.03226529
v -0.00596218 -0.66367550 -0.00573265
v -0.19297124 -0.64423332 0.10223984
v -0.19288727 -0.64436830 0.10241194
v -0.21836963 -0.62663098 0.11712358
v -0.21849353 -0.62663349 0.11700938
v -0.23936671 -0.59262791 0.12909915
v -0.23927239 -0.59274086 0.12917347
v -0.25533378 -0.55222595 0.13844924
v -0.25534656 -0.55232947 0.13837846
v -0.26675005 -0.51533379 0.14488794
v -0.26666037 -0.51537809 0.14494563
v -0.27329983 -0.39135746 0.14875552
v -0.27320169 -0.39137690 0.14868654
v -0.27534299 -0.08964940 0.14991651
v -0.27520628 -0.08969999 0.15000318
v -0.27311221 0.21228695 0.14874325
v -0.27328033 0.21231319 0.14887960
v -0.26774890 0.33750877 0.14571258
v -0.26776217 0.33767809 0.14558202
v -0.11655736 -0.65261489 -0.14994405
v -0.11672683 -0.65267054 -0.14992297
v -0.10782442 -0.65861395 -0.10756368
v -0.10794215 -0.65862260 -0.10758026
v -0.08990245 -0.66239604 -0.07016417
v -0.08980568 -0.66233303 -0.07016830
v -0.00582733 -0.66357572 -0.00564893
v -0.00592830 -0.66370659 -0.00574094
v -0.09564333 -0.66246751 -0.05755715
v -0.09568656 -0.66238899 -0.05744219
v -0.13726664 -0.64425025 -0.17695906
v -0.13737284 -0.64439914 -0.17702298
v -0.17949339 -0.62673370 -0.17919525
v -0.17936515 -0.62670154 -0.17919403
v -0.21962092 -0.59282180 -0.16970076
v -0.21965317 -0.59263043 -0.16972238
v -0.25548326 -0.55223779 -0.14964858
v -0.25535050 -0.55223125 -0.14960733
v -0.28411209 -0.51533104 -0.12087805
v -0.28408846 -0.51539242 -0.12086385
v -0.30415362 -0.39124900 -0.08557204
v -0.30405823 -0.39130188 -0.08565880
v -0.31424988 -0.08960742 -0.04630307
v -0.31425703 -0.08979500 -0.04628072
v -0.31452109 0.21221816 -0.00560313
v -0.31458200 0.21229041 -0.00568478
v -0.30567710 0.33766749 0.03389789
v -0.30556437 0.33753113 0.03381840
v -0.28695716 0.37280361 0.06974212
v -0.28690478 0.37271871 0.06977573
v -0.27912095 0.36919001 0.06765775
v -0.27921911 0.36915831 0.06759622
v -0.29955670 0.33591157 -0.00568811
v -0.29959022 0.33596585 -0.00568155
v -0.29562971 0.21199885 -0.08336040
v -0.29563464 0.21211582 -0.08339629
v -0.28523655 -0.08969478 -0.12129691
v -0.28508582 -0.08968492 -0.12138064
v -0.24396039 -0.39101648 -0.18827728
v -0.24387231 -0.39099136 -0.18827227
v -0.18391454 -0.51349466 -0.23767980
v -0.18391762 -0.51365960 -0.23757955
v -0.07845047 -0.54910673 -0.27605554
v -0.07839136 -0.54903082 -0.27600904
v -0.00590651 -0.58837461 -0.26739816
v -0.00598813 -0.58826876 -0.26750591
v 0.05611873 -0.62017993 -0.23685208
v 0.05607613 -0.62025658 -0.23679697
v -0.03718417 -0.62016820 0.23155297
v -0.03711247 -0.62012472 0.23152113
v -0.07370495 -0.58836735 0.24718936
v -0.07373541 -0.58833293 0.24730488
v -0.11771842 -0.51369223 0.26460946
v -0.11787481 -0.51362528 0.26448250
v -0.15588231 -0.39096696 0.25416314
v -0.15584052 -0.39110741 0.25424328
v -0.18991579 -0.08965347 0.23424163
v -0.18981679 -0.08982314 0.23426532
v -0.21960479 -0.08966601 0.20823541
v -0.21961584 -0.08965344 0.20817016
v -0.24369470 0.21197959 0.17701326
v -0.24374403 0.21195557 0.17699019
v -0.26008600 0.33605740 0.14130412
v -0.26011989 0.33603245 0.14121184
v -0.18170555 -0.65259899 0.04143688
v -0.18167816 -0.65269962 0.04133645
v -0.15023333 -0.65876117 -0.00562732
v -0.15005140 -0.65870211 -0.00562230
v -0.13457335 -0.65261861 -0.13429630
v -0.13463379 -0.65265601 -0.13430470
v -0.12026841 -0.65864856 -0.09343890
v -0.12037540 -0.65865958 -0.09348335
v 0.10031185 -0.63615343 -0.18970935
v 0.10036395 -0.63613588 -0.18967046
v 0.12343743 -0.63622926 -0.17433958
v 0.12346917 -0.63623493 -0.17428877
v 0.14445430 -0.63627517 -0.15596636
v 0.14437109 -0.63612739 -0.15599901
v 0.16262398 -0.63613189 -0.13509106
v 0.16279349 -0.63624471 -0.13499084
v 0.17809892 -0.63617193 -0.11185899
v 0.17807475 -0.63622047 -0.11185387
v 0.19044132 -0.63623464 -0.08704996
v 0.19045576 -0.63617687 -0.08692818
v 0.19931386 -0.63628540 -0.06061881
v 0.19930157 -0.63622268 -0.06063850
v 0.20479655 -0.63619457 -0.03332983
v 0.20485083 -0.63614861 -0.03344854
v 0.20665283 -0.63614067 -0.00553653
v 0.20660573 -0.63612454 -0.00553133
v 0.20489737 -0.63622609 0.02206262
v 0.20489783 -0.63625766 0.02215997
v 0.19931944 -0.63610673 0.04946225
v 0.19927805 -0.63616824 0.04933019
v 0.19042002 -0.63615235 0.07562605
v 0.19036902 -0.63626730 0.07567272
v 0.17807641 -0.63628671 0.10063274
v 0.17819954 -0.63611240 0.10065092
v 0.16263073 -0.63613122 0.12374142
v 0.16272072 -0.63615806 0.12378741
v 0.14444081 -0.63627273 0.14461521
v 0.14430045 -0.63610019 0.14457316
v 0.12353721 -0.63624748 0.16306907
v 0.12347217 -0.63619102 0.16299499
v 0.10025036 -0.63615601 0.17842914
v 0.10036876 -0.63624911 0.17851223
v 0.07541570 -0.63618633 0.19082493
v 0.07531238 -0.63622732 0.19067525
v -0.26717074 0.36913503 0.10266299
v -0.26734925 0.36919852 0.10274959
v -0.27482676 0.37280956 0.10577388
v -0.27482298 0.37269099 0.10583896
v -0.29698758 0.33598183 0.03277640
v -0.29701338 0.33593437 0.03273080
v -0.30326420 0.21203646 -0.04478019
v -0.30315383 0.21211707 -0.04489634
v -0.26575224 -0.39095252 -0.15573216
v -0.26569903 -0.39101372 -0.15561718
v -0.21272924 -0.51349611 -0.21245901
v -0.21266668 -0.51349010 -0.21241904
v -0.14582193 -0.54900637 -0.24799134
v -0.14594075 -0.54904737 -0.24818780
v -0.11296586 -0.54902377 -0.26420378
v -0.11300223 -0.54905088 -0.26429699
v -0.04003154 -0.58840883 -0.26529755
v -0.03997839 -0.58830441 -0.26524545
v 0.02534551 -0.62015529 -0.24279672
v 0.02526190 -0.62006079 -0.24290569
v 0.07539349 -0.63611003 -0.20195309
v 0.07547991 -0.63610033 -0.20196135
v 0.04912072 -0.63606427 0.19974120
v 0.04898370 -0.63611203 0.19976027
v 0.02171334 -0.63609198 0.20512627
v 0.02184779 -0.63615153 0.20510777
v -0.00593205 -0.63609368 0.20693224
v -0.00587720 -0.63614689 0.20685301
v -0.03370900 -0.63619547 0.20504931
v -0.03364605 -0.63622536 0.20509520
v -0.06788619 -0.62004754 0.22557147
v -0.06795649 -0.62009000 0.22555357
v -0.10611709 -0.58841894 0.23635215
v -0.10613959 -0.58840046 0.23630714
v -0.11312880 -0.54906173 0.25306094
v -0.11300538 -0.54903389 0.25297479
v -0.15217765 -0.51364703 0.24755868
v -0.15221096 -0.51367307 0.24770085
v -0.18841381 -0.39092912 0.23246982
v -0.18846830 -0.39107719 0.23235163
v -0.24576495 -0.08972626 0.17848698
v -0.24564470 -0.08971075 0.17845743
v -0.26563560 0.21211976 0.14441619
v -0.26561181 0.21209502 0.14440093
v -0.27719247 0.33604287 0.10689035
v -0.27717820 0.33602902 0.10682597
v -0.28519100 0.33757909 0.11016536
v -0.28518131 0.33752279 0.11005376
v -0.20548794 -0.64423896 0.07707005
v -0.20535631 -0.64435104 0.07692706
v -0.18633155 -0.65267335 0.01814924
v -0.18632516 -0.65257479 0.01803492
v -0.14885277 -0.65859067 -0.02454754
v -0.14881007 -0.65865567 -0.02451928
v -0.10366769 -0.66245564 -0.04605271
v -0.10377729 -0.66241494 -0.04624393
v -0.23254524 -0.62658571 0.08817183
v -0.23267679 -0.62660122 0.08820246
v -0.25477856 -0.59265627 0.09738221
v -0.25487062 -0.59272140 0.09747437
v -0.27210006 -0.55230411 0.10462800
v -0.27210365 -0.55223674 0.10458596
v -0.28411207 -0.51524855 0.10962076
v -0.28405090 -0.51537404 0.10958329
v -0.29109328 -0.39125014 0.11245795
v -0.29122202 -0.39127408 0.11244584
v -0.29326065 -0.08979667 0.11342395
v -0.29317580 -0.08966695 0.11351019
v -0.29109144 0.21225273 0.11246374
v -0.29111380 0.21235140 0.11247087
v -0.15850503 -0.64421635 -0.15828263
v -0.15868967 -0.64436022 -0.15839530
v -0.15024616 -0.65269769 -0.11644009
v -0.15022515 -0.65255724 -0.11627442
v -0.13082132 -0.65867216 -0.07767491
v -0.13087912 -0.65868954 -0.07770961
v -0.20049523 -0.62676699 -0.15509408
v -0.20050799 -0.62677531 -0.15508026
v -0.23933500 -0.59281853 -0.14037581
v -0.23930812 -0.59272776 -0.14044640
v -0.27213187 -0.55231787 -0.11597881
v -0.27214271 -0.55236506 -0.11588158
v -0.29685681 -0.51539448 -0.08356292
v -0.29672882 -0.51523832 -0.08368269
v -0.31202821 -0.39120140 -0.04592475
v -0.31209665 -0.39122983 -0.04601729
v -0.31701312 -0.08973225 -0.00562536
v -0.31690889 -0.08965289 -0.00568026
v -0.31197610 0.21224987 0.03467471
v -0.31192735 0.21224875 0.03471540
v -0.29786085 0.33759083 0.07262866
v -0.29795879 0.33767370 0.07265621
v -0.28953565 0.33597801 0.07033987
v -0.28961282 0.33590076 0.07047515
v -0.30572712 0.21211126 -0.00567543
v -0.30572259 0.21206491 -0.00572872
v -0.29788565 -0.08967580 -0.08389532
v -0.29779750 -0.08965851 -0.08389498
v -0.28311467 -0.39104455 -0.12044163
v -0.28312532 -0.39095477 -0.12053361
v -0.23794589 -0.51363122 -0.18364759
v -0.23796604 -0.51360084 -0.18375075
v -0.17629690 -0.54912039 -0.22781121
v -0.17629677 -0.54903089 -0.22779123
v -0.07363451 -0.58842878 -0.25853386
v -0.07360023 -0.58832454 -0.25864845
v -0.00598262 -0.62018411 -0.24488620
v -0.00578627 -0.62008470 -0.24497937
v 0.04914211 -0.63615418 -0.21087867
v 0.04914894 -0.63622358 -0.21084901
v -0.06102611 -0.63612675 0.19958841
v -0.06099996 -0.63622197 0.19964421
v -0.09746204 -0.62022313 0.21535437
v -0.09752818 -0.62021925 0.21538356
v -0.14597153 -0.54903176 0.23675759
v -0.14586131 -0.54913198 0.23683589
v -0.18386424 -0.51350838 0.22644074
v -0.18401546 -0.51363417 0.22634845
v -0.21793877 -0.39098273 0.20641775
v -0.21795093 -0.39093312 0.20645454
v -0.24392565 -0.39090333 0.17692991
v -0.24387277 -0.39090432 0.17693031
v -0.26774700 -0.08976809 0.14556118
v -0.26770833 -0.08974821 0.14563367
v -0.28302021 0.21204522 0.10913128
v -0.28289028 0.21212676 0.10918056
v -0.21439213 -0.64430955 0.05014001
v -0.21449641 -0.64437738 0.05015750
v -0.18779394 -0.65257035 -0.00568925
v -0.18778291 -0.65264734 -0.00556487
v -0.14530572 -0.65862899 -0.04290607
v -0.14526556 -0.65871608 -0.04293052
v -0.17718515 -0.64439051 -0.13704962
v -0.17726028 -0.64434711 -0.13700381
v -0.16354545 -0.65258279 -0.09664149
v -0.16338260 -0.65262950 -0.09652121
v -0.13915193 -0.65875203 -0.06089337
v -0.13924121 -0.65859341 -0.06084033
v 0.08416317 -0.64416590 -0.16157631
v 0.08412236 -0.64405730 -0.16165683
v 0.10374010 -0.64413437 -0.14848536
v 0.10385051 -0.64411837 -0.14847605
v 0.12148348 -0.64410530 -0.13309134
v 0.12139809 -0.64418685 -0.13295731
v 0.13698198 -0.64407188 -0.11525508
v 0.13697175 -0.64418189 -0.11536293
v 0.15005983 -0.64415812 -0.09564367
v 0.15004551 -0.64406591 -0.09564499
v 0.16042615 -0.64401803 -0.07460682
v 0.16045244 -0.64404408 -0.07461023
v 0.16810048 -0.64409990 -0.05225221
v 0.16816464 -0.64416250 -0.05217761
v 0.17258785 -0.64403887 -0.02913773
v 0.17277175 -0.64413334 -0.02921206
v 0.17431810 -0.64404762 -0.00557971
v 0.17424434 -0.64403481 -0.00563451
v 0.17262089 -0.64410321 0.01796077
v 0.17270811 -0.64410231 0.01782541
v 0.16804839 -0.64408291 0.04100913
v 0.16815924 -0.64403422 0.04092407
v 0.16058935 -0.64409282 0.06331485
v 0.16044755 -0.64407678 0.06333649
v 0.15014400 -0.64406096 0.08453540
v 0.15001183 -0.64400826 0.08450059
v 0.13700106 -0.64400812 0.10397257
v 0.13700853 -0.64415552 0.10406009
v 0.12150178 -0.64406139 0.12169329
v 0.12142544 -0.64403834 0.12174051
v 0.10366913 -0.64411502 0.13721617
v 0.10374949 -0.64407401 0.13737801
v 0.08421707 -0.64408744 0.15033406
v 0.08406354 -0.64404876 0.15035315
v 0.06298375 -0.64413328 0.16075365
v 0.06300955 -0.64409908 0.16088241
v 0.04073491 -0.64402635 0.16839287
v 0.04065877 -0.64402533 0.16838261
v -0.30327256 0.21195699 0.03360909
v -0.30322112 0.21196976 0.03349134
v -0.30556170 -0.08973357 -0.04513606
v -0.30554734 -0.08962359 -0.04501268
v -0.25918499 -0.51357739 -0.15182692
v -0.25917511 -0.51354211 -0.15186392
v -0.20379880 -0.54903543 -0.20363623
v -0.20388544 -0.54911858 -0.20359341
v -0.13692689 -0.58826801 -0.23241071
v -0.13690947 -0.58827761 -0.23232778
v -0.10617321 -0.58828156 -0.24763870
v -0.10614463 -0.58828071 -0.24761271
v -0.03714540 -0.62011110 -0.24291936
v -0.03712144 -0.62020353 -0.24286605
v 0.02181363 -0.63611152 -0.21641316
v 0.02191874 -0.63606973 -0.21640306
v 0.06310249 -0.64409520 -0.17201982
v 0.06302462 -0.64400620 -0.17210218
v 0.01750653 -0.64407082 0.17291589
v 0.01748768 -0.64398443 0.17297587
v -0.00596927 -0.64401795 0.17449313
v -0.00583815 -0.64398470 0.17457412
v -0.02948527 -0.64404252 0.17290254
v -0.02936150 -0.64407892 0.17302139
v -0.05259767 -0.64405431 0.16834738
v -0.05263177 -0.64413472 0.16840081
v -0.08720097 -0.63616989 0.19074308
v -0.08734258 -0.63609587 0.19063920
v -0.12567939 -0.62011536 0.20166464
v -0.12567010 -0.62002811 0.20155582
v -0.13678332 -0.58826489 0.22115948
v -0.13674646 -0.58840528 0.22119837
v -0.17635231 -0.54897885 0.21651424
v -0.17638931 -0.54899558 0.21650056
v -0.21262188 -0.51349866 0.20123303
v -0.21264565 -0.51365872 0.20120407
v -0.26559810 -0.39108373 0.14436081
v -0.26562462 -0.39088897 0.14436469
v -0.28515690 -0.08973299 0.11014463
v -0.28518526 -0.08972366 0.11013015
v -0.29558236 0.21195872 0.07208033
v -0.29548381 0.21194980 0.07210614
v -0.30413335 0.21233230 0.07437139
v -0.30399225 0.21222987 0.07436408
v -0.21997412 -0.64428029 0.02260992
v -0.22007052 -0.64434726 0.02261475
v -0.18621303 -0.65257399 -0.02946006
v -0.18634168 -0.65259466 -0.02947783
v -0.24287356 -0.62668851 0.05789865
v -0.24300634 -0.62666485 0.05778970
v -0.26618379 -0.59279161 0.06403687
v -0.26622199 -0.59279688 0.06420258
v -0.28411705 -0.55225753 0.06894925
v -0.28425214 -0.55232330 0.06896705
v -0.29675303 -0.51531205 0.07232954
v -0.29688118 -0.51523931 0.07236769
v -0.30421674 -0.39134514 0.07433141
v -0.30405567 -0.39128930 0.07418879
v -0.30638413 -0.08969511 0.07498469
v -0.30642794 -0.08972747 0.07482607
v -0.19281663 -0.64420578 -0.11367366
v -0.19281231 -0.64422539 -0.11354367
v -0.17389886 -0.65263683 -0.07521721
v -0.17398013 -0.65265269 -0.07532901
v -0.21842593 -0.62675965 -0.12833123
v -0.21844659 -0.62677182 -0.12826779
v -0.25484679 -0.59269406 -0.10884267
v -0.25493445 -0.59262402 -0.10882903
v -0.28415169 -0.55231222 -0.08029844
v -0.28413123 -0.55240232 -0.08024802
v -0.30455309 -0.51523577 -0.04498197
v -0.30440319 -0.51541419 -0.04493599
v -0.31461275 -0.39131591 -0.00567838
v -0.31466266 -0.39126844 -0.00554831
v -0.31437392 -0.08974448 0.03495360
v -0.31436596 -0.08977135 0.03506916
v -0.30820264 -0.08962927 -0.00567938
v -0.30819156 -0.08966864 -0.00563262
v -0.29566260 -0.39106908 -0.08335657
v -0.29574704 -0.39089413 -0.08325904
v -0.27606933 -0.51348792 -0.11747975
v -0.27605301 -0.51355206 -0.11765949
v -0.22807426 -0.54908792 -0.17602356
v -0.22794445 -0.54905933 -0.17599364
v -0.16526642 -0.58826757 -0.21337192
v -0.16528267 -0.58828505 -0.21344457
v -0.06778623 -0.62015107 -0.23675694
v -0.06772604 -0.62019330 -0.23675592
v -0.00596632 -0.63611053 -0.21822829
v -0.00590073 -0.63621841 -0.21811441
v 0.04077941 -0.64407707 -0.17967821
v 0.04077799 -0.64411766 -0.17963256
v -0.07479682 -0.64413883 0.16079813
v -0.07486412 -0.64412354 0.16086469
v -0.11226833 -0.63621954 0.17840686
v -0.11228237 -0.63614215 0.17838237
v -0.16530660 -0.58827425 0.20206052
v -0.16526461 -0.58830651 0.20210219
v -0.20391039 -0.54908538 0.19238504
v -0.20384771 -0.54899833 0.19222254
v -0.23795948 -0.51350685 0.17239791
v -0.23788719 -0.51358585 0.17234391
v -0.25914582 -0.51355020 0.14057293
v -0.25917585 -0.51362636 0.14066990
v -0.28298188 -0.39093317 0.10918434
v -0.28304054 -0.39097891 0.10918781
v -0.29777324 -0.08979077 0.07256993
v -0.29796086 -0.08967504 0.07257716
v -0.22173138 -0.64421909 -0.00555838
v -0.22187775 -0.64426260 -0.00572331
v -0.18164925 -0.65258108 -0.05262247
v -0.18170445 -0.65261598 -0.05273896
v -0.20544539 -0.64419764 -0.08820494
v -0.20533320 -0.64438939 -0.08825900
v 0.06573198 -0.64999151 -0.12948461
v 0.06572948 -0.65012876 -0.12955336
v 0.08111187 -0.65001217 -0.11913790
v 0.08108614 -0.65002238 -0.11918537
v 0.09522668 -0.65009601 -0.10684991
v 0.09537437 -0.65001705 -0.10674189
v 0.10757484 -0.65002788 -0.09278438
v 0.10759733 -0.64997738 -0.09279182
v 0.11801679 -0.65010181 -0.07714770
v 0.11800060 -0.65013714 -0.07721922
v 0.12636628 -0.65011017 -0.06046508
v 0.12629515 -0.65000489 -0.06032269
v 0.13234866 -0.65007363 -0.04274163
v 0.13229058 -0.65003234 -0.04259506
v 0.13598094 -0.65003103 -0.02440827
v 0.13597462 -0.65007872 -0.02423834
v 0.13723905 -0.65009021 -0.00561735
v 0.13727040 -0.64998476 -0.00564327
v 0.13587679 -0.65002125 0.01301247
v 0.13594676 -0.65000817 0.01293637
v 0.13230518 -0.65006355 0.03138008
v 0.13220449 -0.65011533 0.03139198
v 0.12622088 -0.65007060 0.04902886
v 0.12635837 -0.65007420 0.04915598
v 0.11793851 -0.65007686 0.06587789
v 0.11803302 -0.64996817 0.06587786
v 0.10756946 -0.65005523 0.08141229
v 0.10755350 -0.64997036 0.08143383
v 0.09523496 -0.65003071 0.09555466
v 0.09531926 -0.65000611 0.09557368
v 0.08129637 -0.65006740 0.10788089
v 0.08128890 -0.65008762 0.10789589
v 0.06551828 -0.65011138 0.11837998
v 0.06562179 -0.65002528 0.11836271
v 0.04889295 -0.65002058 0.12651916
v 0.04885756 -0.65014204 0.12646067
v 0.03113990 -0.65008783 0.13255234
v 0.03117420 -0.65013775 0.13259973
v 0.01279916 -0.65002998 0.13613675
v 0.01282063 -0.64997284 0.13613181
v -0.30566687 -0.08963536 0.03390510
v -0.30562336 -0.08977557 0.03377817
v -0.30328038 -0.39092959 -0.04480574
v -0.30328948 -0.39104305 -0.04476238
v -0.24844655 -0.54907982 -0.14554202
v -0.24836172 -0.54898798 -0.14566017
v -0.19112176 -0.58835362 -0.19082680
v -0.19110579 -0.58825720 -0.19085209
v -0.12563244 -0.62011335 -0.21282384
v -0.12554572 -0.62018534 -0.21292359
v -0.09752963 -0.62013703 -0.22668941
v -0.09743601 -0.62007226 -0.22678086
v -0.03360743 -0.63619064 -0.21634899
v -0.03371046 -0.63605506 -0.21637672
v 0.01759286 -0.64408111 -0.18428938
v 0.01760716 -0.64400757 -0.18434607
v 0.04881429 -0.65005919 -0.13779924
v 0.04885902 -0.65010553 -0.13777256
v -0.00588692 -0.65004468 0.13742826
v -0.00595932 -0.64993507 0.13750599
v -0.02459318 -0.65001234 0.13626496
v -0.02450407 -0.65008438 0.13614713
v -0.04297496 -0.64998388 0.13259259
v -0.04299218 -0.64999721 0.13250478
v -0.06070231 -0.65001728 0.12657008
v -0.06071570 -0.65000049 0.12660745
v -0.09609862 -0.64414293 0.15034990
v -0.09599310 -0.64406231 0.15027602
v -0.13534334 -0.63608347 0.16287084
v -0.13526160 -0.63619349 0.16289081
v -0.15156301 -0.62014386 0.18423617
v -0.15168634 -0.62013814 0.18419160
v -0.19098128 -0.58824375 0.17955642
v -0.19110061 -0.58827040 0.17956242
v -0.22792228 -0.54909661 0.16479292
v -0.22799130 -0.54905548 0.16475247
v -0.27603136 -0.51358004 0.10629419
v -0.27614683 -0.51363101 0.10626651
v -0.29563810 -0.39103406 0.07194432
v -0.29567997 -0.39096135 0.07194179
v -0.24922272 -0.62670109 0.02642896
v -0.24918881 -0.62658054 0.02635425
v -0.21996905 -0.64421265 -0.03387614
v -0.21993075 -0.64430202 -0.03380689
v -0.27310730 -0.59266516 0.02952893
v -0.27314643 -0.59279215 0.02961662
v -0.29141847 -0.55225353 0.03197002
v -0.29157240 -0.55224526 0.03200269
v -0.30439592 -0.51526396 0.03374899
v -0.30440889 -0.51541956 0.03376523
v -0.31199512 -0.39132170 0.03466358
v -0.31202543 -0.39125797 0.03476256
v -0.23256463 -0.62670943 -0.09957970
v -0.23264702 -0.62663993 -0.09945773
v -0.21455020 -0.64420492 -0.06160463
v -0.21447714 -0.64421235 -0.06157241
v -0.26625291 -0.59277072 -0.07535132
v -0.26621746 -0.59273357 -0.07539765
v -0.29146188 -0.55233682 -0.04329964
v -0.29148267 -0.55223959 -0.04330554
v -0.30706572 -0.51535171 -0.00569043
v -0.30700799 -0.51528042 -0.00564895
v -0.30594962 -0.39105772 -0.00564872
v -0.30579744 -0.39103516 -0.00562631
v -0.28844555 -0.51359434 -0.08140261
v -0.28846616 -0.51346727 -0.08141458
v -0.26453017 -0.54907847 -0.11274582
v -0.26453583 -0.54909944 -0.11286696
v -0.21359975 -0.58833638 -0.16504631
v -0.21373290 -0.58825882 -0.16507601
v -0.15154270 -0.62005638 -0.19549671
v -0.15151376 -0.62001966 -0.19559131
v -0.06081859 -0.63614448 -0.21086561
v -0.06098243 -0.63605839 -0.21099474
v -0.00589200 -0.64414490 -0.18571737
v -0.00598558 -0.64414864 -0.18582740
v 0.03116819 -0.65007203 -0.14391195
v 0.03109870 -0.65001873 -0.14386610
v -0.07744627 -0.65009351 0.11820588
v -0.07753889 -0.65000166 0.11822874
v -0.11567142 -0.64404306 0.13730777
v -0.11558810 -0.64406669 0.13730743
v -0.17517931 -0.62011791 0.16363691
v -0.17516638 -0.62017393 0.16363421
v -0.21362591 -0.58833741 0.15368622
v -0.21358271 -0.58824165 0.15371494
v -0.24842437 -0.54906580 0.13440861
v -0.24829730 -0.54892952 0.13427942
v -0.26455224 -0.54906539 0.10144995
v -0.26458958 -0.54906011 0.10157901
v -0.28831844 -0.51357659 0.07002028
v -0.28849452 -0.51347360 0.07003593
v -0.30328069 -0.39091764 0.03348761
v -0.30324527 -0.39105414 0.03355385
v -0.25124370 -0.62669769 -0.00570983
v -0.25126495 -0.62667802 -0.00571541
v -0.24290186 -0.62661995 -0.06906953
v -0.24285491 -0.62666783 -0.06923545
v 0.04570823 -0.65364250 -0.09488200
v 0.04574746 -0.65367318 -0.09499688
v 0.05815298 -0.65367351 -0.08922071
v 0.05818896 -0.65372774 -0.08912176
v 0.06708012 -0.65376667 -0.07851682
v 0.06694072 -0.65375246 -0.07848720
v 0.07760937 -0.65364026 -0.06976736
v 0.07755701 -0.65372875 -0.06966499
v 0.08350143 -0.65368147 -0.05724542
v 0.08347441 -0.65372910 -0.05727534
v 0.09136241 -0.65372756 -0.04590106
v 0.09134518 -0.65376712 -0.04591538
v 0.09361919 -0.65368953 -0.03234481
v 0.09379812 -0.65377321 -0.03224696
v 0.09844173 -0.65368735 -0.01945710
v 0.09846002 -0.65378574 -0.01930798
v 0.09722094 -0.65362282 -0.00572472
v 0.09716526 -0.65375489 -0.00573287
v 0.09831241 -0.65365695 0.00815914
v 0.09841451 -0.65363140 0.00816735
v 0.09366245 -0.65370399 0.02105367
v 0.09361511 -0.65377743 0.02112532
v 0.09135232 -0.65371011 0.03464445
v 0.09137892 -0.65367512 0.03467038
v 0.08345788 -0.65377563 0.04601004
v 0.08342213 -0.65369841 0.04598071
v 0.07754655 -0.65360771 0.05842167
v 0.07762146 -0.65375726 0.05848651
v 0.06709717 -0.65373009 0.06726039
v 0.06690929 -0.65374501 0.06726744
v 0.05813386 -0.65377220 0.07779263
v 0.05818968 -0.65359843 0.07783834
v 0.04567973 -0.65372088 0.08365397
v 0.04564349 -0.65360243 0.08360096
v 0.03433769 -0.65376630 0.09152348
v 0.03443493 -0.65375048 0.09167761
v 0.02085021 -0.65372044 0.09398411
v 0.02080293 -0.65362766 0.09401581
v 0.00774220 -0.65361621 0.09859727
v 0.00784100 -0.65371508 0.09861806
v -0.00586551 -0.65368066 0.09757780
v -0.00586113 -0.65370638 0.09744635
v -0.29585219 -0.51351935 -0.04390679
v -0.29575021 -0.51355898 -0.04389594
v -0.23263458 -0.58826496 -0.13657570
v -0.23269077 -0.58828750 -0.13653764
v -0.17517082 -0.62011775 -0.17494654
v -0.17505002 -0.62020570 -0.17494816
v -0.11221513 -0.63604039 -0.18968357
v -0.11213693 -0.63620848 -0.18977360
v -0.08718273 -0.63612186 -0.20194559
v -0.08720403 -0.63607156 -0.20191244
v -0.02935279 -0.64402907 -0.18414963
v -0.02933042 -0.64413528 -0.18433831
v 0.01264355 -0.64996797 -0.14742771
v 0.01281021 -0.65008559 -0.14748138
v 0.03434482 -0.65366888 -0.10289386
v 0.03430129 -0.65377097 -0.10278935
v -0.01958921 -0.65374908 0.09864190
v -0.01975003 -0.65365817 0.09861453
v -0.03256875 -0.65362141 0.09397058
v -0.03263299 -0.65373481 0.09391113
v -0.04624403 -0.65375806 0.09157885
v -0.04611266 -0.65360250 0.09156313
v -0.05752577 -0.65359052 0.08377088
v -0.05753557 -0.65362063 0.08368299
v -0.09298589 -0.64992322 0.10784281
v -0.09293601 -0.65006848 0.10785320
v -0.13332225 -0.64398186 0.12172695
v -0.13324984 -0.64408871 0.12178919
v -0.15632605 -0.63603921 0.14463752
v -0.15613750 -0.63619493 0.14463124
v -0.19573275 -0.62005288 0.14008904
v -0.19580581 -0.62012426 0.14008270
v -0.23276041 -0.58834763 0.12526415
v -0.23272961 -0.58837834 0.12529685
v -0.27626361 -0.54907978 0.06672163
v -0.27622863 -0.54903932 0.06674664
v -0.29586321 -0.51346447 0.03261498
v -0.29592895 -0.51364547 0.03258222
v -0.24920095 -0.62665373 -0.03760019
v -0.24923041 -0.62669657 -0.03758748
v -0.27548789 -0.59270280 -0.00563777
v -0.27540017 -0.59273244 -0.00564000
v -0.29399325 -0.55233859 -0.00559282
v -0.29393844 -0.55237237 -0.00559885
v -0.27312714 -0.59280364 -0.04076654
v -0.27303099 -0.59277807 -0.04083598
v -0.29829977 -0.51360956 -0.00569823
v -0.29828260 -0.51365583 -0.00556418
v -0.27628791 -0.54897122 -0.07814433
v -0.27628047 -0.54908010 -0.07805991
v -0.24787074 -0.58826104 -0.10583188
v -0.24778900 -0.58823246 -0.10583766
v -0.19571288 -0.62004619 -0.15127353
v -0.19572799 -0.62013755 -0.15128506
v -0.13531766 -0.63609398 -0.17419165
v -0.13527081 -0.63601965 -0.17421387
v -0.05254831 -0.64415567 -0.17971572
v -0.05258630 -0.64396614 -0.17955980
v -0.00588833 -0.64996914 -0.14872951
v -0.00596828 -0.65003615 -0.14868884
v 0.02071534 -0.65371032 -0.10525446
v 0.02078532 -0.65370802 -0.10518521
v -0.07002237 -0.65363904 0.07788693
v -0.06995873 -0.65364742 0.07774594
v -0.10721144 -0.65004590 0.09551896
v -0.10715526 -0.65000162 0.09543401
v -0.17456706 -0.63602449 0.12366764
v -0.17446803 -0.63609513 0.12376754
v -0.21321079 -0.62010482 0.11397986
v -0.21323806 -0.62019901 0.11406246
v -0.24792193 -0.58827201 0.09449969
v -0.24789155 -0.58828874 0.09450356
v -0.25885206 -0.58838418 0.06213803
v -0.25876588 -0.58833964 0.06219528
v -0.28342404 -0.54895279 0.03083619
v -0.28350977 -0.54898459 0.03084569
v 0.02063147 -0.65497619 -0.06999718
v 0.02064139 -0.65488230 -0.06999335
v 0.03638035 -0.65483336 -0.06093432
v 0.03650948 -0.65500665 -0.06091790
v 0.04928153 -0.65500775 -0.04798564
v 0.04924472 -0.65489840 -0.04810679
v 0.05836929 -0.65499077 -0.03236845
v 0.05841166 -0.65482275 -0.03236717
v 0.06307976 -0.65490649 -0.01465633
v 0.06316478 -0.65487964 -0.01468489
v 0.06304555 -0.65485187 0.00335809
v 0.06318174 -0.65495314 0.00343075
v 0.05846406 -0.65496415 0.02091430
v 0.05841705 -0.65484371 0.02102728
v 0.04936016 -0.65500709 0.03684024
v 0.04921839 -0.65490028 0.03677522
v 0.03650215 -0.65486624 0.04953605
v 0.03636508 -0.65485303 0.04949922
v 0.02069427 -0.65495974 0.05869111
v 0.02080670 -0.65493490 0.05871506
v 0.00306515 -0.65482661 0.06335650
v 0.00320381 -0.65490252 0.06343978
v -0.01500596 -0.65490978 0.06345788
v -0.01496709 -0.65490428 0.06344630
v -0.28352354 -0.54893609 -0.04228306
v -0.28347731 -0.54897039 -0.04213425
v -0.21320721 -0.62019695 -0.12529192
v -0.21309971 -0.62017872 -0.12541284
v -0.15610501 -0.63610943 -0.15599412
v -0.15613591 -0.63602091 -0.15600915
v -0.09589682 -0.64413496 -0.16158218
v -0.09600564 -0.64410106 -0.16172823
v -0.07479222 -0.64413612 -0.17209388
v -0.07488797 -0.64398834 -0.17211253
v -0.02462273 -0.65003483 -0.14746104
v -0.02459590 -0.65012284 -0.14743839
v 0.00777506 -0.65375450 -0.10991437
v 0.00774236 -0.65370866 -0.11002279
v -0.03261359 -0.65495957 0.05873669
v -0.03256301 -0.65498281 0.05858662
v -0.04823700 -0.65488713 0.04963038
v -0.04835219 -0.65497474 0.04957621
v -0.07889976 -0.65359088 0.06721125
v -0.07890398 -0.65357470 0.06737332
v -0.11946584 -0.64994151 0.08140583
v -0.11942691 -0.65008237 0.08144682
v -0.14885208 -0.64411034 0.10397337
v -0.14883045 -0.64401222 0.10400641
v -0.19009738 -0.63604443 0.10068945
v -0.18990703 -0.63610071 0.10061265
v -0.22707664 -0.62003068 0.08585426
v -0.22708871 -0.62018663 0.08582332
v -0.26555061 -0.58839289 0.02851763
v -0.26555354 -0.58836961 0.02846576
v -0.28592181 -0.54895805 -0.00569367
v -0.28588803 -0.54908805 -0.00563838
v 0.02441272 -0.65490507 -0.05844606
v 0.02446048 -0.65499028 -0.05842048
v 0.03713541 -0.65495310 -0.04872993
v 0.03703314 -0.65491639 -0.04865562
v 0.04686322 -0.65481409 -0.03614250
v 0.04673250 -0.65489375 -0.03610994
v 0.05285001 -0.65489816 -0.02148753
v 0.05285332 -0.65500779 -0.02145432
v 0.05503517 -0.65490446 -0.00568486
v 0.05499046 -0.65491968 -0.00565574
v 0.05294602 -0.65482672 0.01015041
v 0.05285635 -0.65497631 0.01019004
v 0.04680872 -0.65489782 0.02477605
v 0.04683482 -0.65487430 0.02482471
v 0.03712373 -0.65494747 0.03743726
v 0.03704609 -0.65496495 0.03743876
v 0.02442085 -0.65495971 0.04702728
v 0.02459023 -0.65487265 0.04697708
v 0.00983847 -0.65492602 0.05314024
v 0.00983013 -0.65494288 0.05316495
v -0.00593529 -0.65489965 0.05532427
v -0.00595486 -0.65494486 0.05525465
v -0.25886056 -0.58833747 -0.07340866
v -0.25884871 -0.58836037 -0.07332351
v -0.22692267 -0.62011513 -0.09726102
v -0.22706653 -0.62016920 -0.09728393
v -0.17453105 -0.63610930 -0.13504968
v -0.17443717 -0.63619862 -0.13496438
v -0.11564227 -0.64397953 -0.14850497
v -0.11564399 -0.64402560 -0.14850333
v -0.04291877 -0.65001349 -0.14392119
v -0.04285396 -0.65005090 -0.14385529
v -0.00586022 -0.65377463 -0.10872447
v -0.00596456 -0.65374187 -0.10886086
v 0.00310228 -0.65497048 -0.07456655
v 0.00312265 -0.65494600 -0.07465166
v 0.00990139 -0.65497801 -0.06452130
v 0.00984146 -0.65489149 -0.06442346
v -0.02172710 -0.65498794 0.05316126
v -0.02162915 -0.65489736 0.05307607
v -0.03644321 -0.65491323 0.04706379
v -0.03637989 -0.65492112 0.04702305
v -0.08935742 -0.65357490 0.05849967
v -0.08941024 -0.65363264 0.05837895
v -0.16189018 -0.64410742 0.08434527
v -0.16184505 -0.64395110 0.08436477
v -0.20223097 -0.63601762 0.07565835
v -0.20237253 -0.63617084 0.07565005
v -0.23705404 -0.62017637 0.05618717
v -0.23703108 -0.62016163 0.05624231
v -0.24320890 -0.62017768 0.02564060
v -0.24324135 -0.62001372 0.02558191
v -0.26768097 -0.58836499 -0.00569820
v -0.26766358 -0.58832104 -0.00570704
v -0.00597326 -0.65481165 -0.00568505
v -0.00593950 -0.65483764 -0.00571515
v -0.00596074 -0.65492458 -0.00565122
v -0.00583590 -0.65493216 -0.00560554
v -0.00593181 -0.65486736 -0.00554495
v -0.00599116 -0.65497055 -0.00558363
v -0.00598787 -0.65486589 -0.00555687
v -0.00601707 -0.65499051 -0.00564924
v -0.00590707 -0.65483925 -0.00571800
v -0.00600280 -0.65487790 -0.00562675
v -0.00594110 -0.65491477 -0.00562673
v -0.00591624 -0.65496972 -0.00563696
v -0.00588289 -0.65481074 -0.00567584
v -0.00592335 -0.65488428 -0.00566551
v -0.00589499 -0.65486904 -0.00566081
v -0.00599469 -0.65497509 -0.00571892
v -0.00584567 -0.65498276 -0.00565230
v -0.00598657 -0.65488254 -0.00556299
v -0.00586155 -0.65488502 -0.00568483
v -0.00591061 -0.65496701 -0.00568813
v -0.00596949 -0.65492318 -0.00567287
v -0.00598565 -0.65487531 -0.00573544
v -0.00598664 -0.65487576 -0.00565347
v -0.00596655 -0.65492299 -0.00555563
v -0.00596953 -0.65495113 -0.00572762
v -0.00595450 -0.65490630 -0.00555790
v -0.00600586 -0.65483401 -0.00558298
v -0.00600117 -0.65491400 -0.00561142
v -0.00597413 -0.65491252 -0.00563896
v -0.00593533 -0.65496985 -0.00556157
v -0.00588680 -0.65482706 -0.00558524
v -0.00591908 -0.65488400 -0.00567562
v -0.00584175 -0.65488617 -0.00554581
v -0.00599370 -0.65481143 -0.00554544
v -0.00583884 -0.65481729 -0.00567099
v -0.00596761 -0.65497668 -0.00566433
v -0.00585659 -0.65498536 -0.00559772
v -0.00588250 -0.65489516 -0.00563908
v -0.00597777 -0.65494357 -0.00567940
v -0.00583693 -0.65492032 -0.00561220
v -0.00588930 -0.65497054 -0.00557968
v -0.00582931 -0.65479943 -0.00557810
v -0.00592397 -0.65487338 -0.00573834
v -0.00595850 -0.65484037 -0.00566339
v -0.26550303 -0.58830583 -0.03972968
v -0.26558441 -0.58837998 -0.03983823
v -0.18988205 -0.63606753 -0.11199435
v -0.18990361 -0.63609051 -0.11191075
v -0.13336999 -0.64394516 -0.13305791
v -0.13323744 -0.64409358 -0.13301043
v -0.07738106 -0.65002993 -0.12963374
v -0.07741979 -0.65004777 -0.12961835
v -0.06072291 -0.64993128 -0.13787809
v -0.06065923 -0.65006802 -0.13775084
v -0.01968316 -0.65360850 -0.10995651
v -0.01964629 -0.65365326 -0.11005462
v -0.00600347 -0.65493937 -0.00559960
v -0.00598605 -0.65489686 -0.00572571
v -0.00588149 -0.65487545 -0.00555989
v -0.00583105 -0.65490669 -0.00572380
v -0.00596969 -0.65482124 -0.00564023
v -0.00584703 -0.65480601 -0.00568335
v -0.00599111 -0.65484985 -0.00566084
v -0.00602252 -0.65485317 -0.00563121
v -0.00583481 -0.65493297 -0.00565343
v -0.00594120 -0.65487890 -0.00572006
v -0.04900976 -0.65479276 0.03744095
v -0.04895447 -0.65482245 0.03746423
v -0.06117556 -0.65489386 0.03679035
v -0.06123644 -0.65492712 0.03674023
v -0.09528167 -0.65360986 0.04588372
v -0.09523327 -0.65364938 0.04601152
v -0.12995147 -0.64997474 0.06595861
v -0.12981521 -0.64997406 0.06584888
v -0.17230133 -0.64394790 0.06320015
v -0.17245080 -0.64407500 0.06338405
v -0.21115575 -0.63608958 0.04942181
v -0.21131433 -0.63616984 0.04932827
v -0.24515627 -0.62018732 -0.00562214
v -0.24524142 -0.62001181 -0.00574580
v -0.23697487 -0.62005649 -0.06754265
v -0.23713126 -0.62004993 -0.06756537
v -0.20235924 -0.63609560 -0.08705504
v -0.20218650 -0.63609264 -0.08695258
v -0.14876556 -0.64409969 -0.11540581
v -0.14892039 -0.64397076 -0.11531252
v -0.09305823 -0.65005871 -0.11919067
v -0.09296331 -0.64992205 -0.11925422
v -0.03260747 -0.65370377 -0.10532989
v -0.03261941 -0.65370117 -0.10530993
v -0.01511085 -0.65492891 -0.07461223
v -0.01504857 -0.65498048 -0.07469076
v -0.00587396 -0.65499643 -0.06653907
v -0.00596023 -0.65487338 -0.06653473
v -0.00583621 -0.65484760 -0.00572055
v -0.00587753 -0.65480782 -0.00561116
v -0.00586192 -0.65487902 -0.00567329
v -0.00599766 -0.65493581 -0.00561748
v -0.13811607 -0.65003783 0.04917068
v -0.13815679 -0.64996063 0.04915100
v -0.17990465 -0.64412952 0.04104326
v -0.17993317 -0.64410339 0.04089257
v -0.21659871 -0.63613168 0.02201838
v -0.21663750 -0.63619520 0.02203619
v -0.21846634 -0.63604275 -0.00567700
v -0.21840084 -0.63611722 -0.00567967
v -0.24308705 -0.62018902 -0.03699084
v -0.24308773 -0.62005756 -0.03681645
v -0.16190893 -0.64398490 -0.09574385
v -0.16196796 -0.64406875 -0.09572260
v -0.10712430 -0.64995242 -0.10676438
v -0.10702762 -0.65000914 -0.10684258
v -0.05750114 -0.65359584 -0.09505544
v -0.05756046 -0.65373979 -0.09505017
v -0.04610900 -0.65368280 -0.10283119
v -0.04626796 -0.65366926 -0.10284730
v -0.00592792 -0.65487663 -0.00558424
v -0.00591865 -0.65495256 -0.00559561
v -0.00598167 -0.65482996 -0.00565970
v -0.00590044 -0.65497469 -0.00564289
v -0.05869593 -0.65478647 0.02472162
v -0.05858147 -0.65496632 0.02488033
v -0.10309268 -0.65371033 0.03460192
v -0.10324277 -0.65371265 0.03455750
v -0.14413875 -0.64990802 0.03132208
v -0.14410808 -0.65003099 0.03130425
v -0.18443013 -0.64396746 0.01791577
v -0.18455295 -0.64408577 0.01792153
v -0.21665057 -0.63610656 -0.03336428
v -0.21658733 -0.63610934 -0.03335544
v -0.21122806 -0.63619906 -0.06070073
v -0.21130472 -0.63618038 -0.06070135
v -0.17229010 -0.64398659 -0.07453286
v -0.17234694 -0.64406242 -0.07455052
v -0.11940619 -0.65005006 -0.09268736
v -0.11947149 -0.64996109 -0.09269275
v -0.06990840 -0.65371309 -0.08916517
v -0.07005788 -0.65372568 -0.08912737
v -0.03262017 -0.65494670 -0.07003184
v -0.03247461 -0.65495645 -0.06999628
v -0.02158003 -0.65488405 -0.06445328
v -0.02167794 -0.65488968 -0.06438353
v -0.00596817 -0.65498737 -0.00554507
v -0.00592998 -0.65482032 -0.00560558
v -0.00600318 -0.65493228 -0.00571965
v -0.00599205 -0.65491982 -0.00562341
v -0.07021690 -0.65495577 0.02098304
v -0.07023183 -0.65479450 0.02090883
v -0.10562215 -0.65363052 0.02111271
v -0.10554826 -0.65373412 0.02111700
v -0.14787754 -0.65008933 0.01312795
v -0.14784607 -0.64995641 0.01304857
v -0.18605904 -0.64403596 -0.00566352
v -0.18608578 -0.64406663 -0.00555883
v -0.18452386 -0.64395187 -0.02914517
v -0.18450505 -0.64411679 -0.02924079
v -0.12977072 -0.64993074 -0.07724249
v -0.12975002 -0.65008215 -0.07715728
v -0.07889267 -0.65358337 -0.07864629
v -0.07888603 -0.65371472 -0.07855986
v -0.04834925 -0.65496800 -0.06097022
v -0.04830142 -0.65480398 -0.06081743
v -0.00595277 -0.65488708 -0.00561526
v -0.00582418 -0.65494793 -0.00572476
v -0.00590857 -0.65485750 -0.00563505
v -0.00599749 -0.65482964 -0.00567793
v -0.11024446 -0.65375291 0.00809555
v -0.11020130 -0.65361486 0.00809172
v -0.14904801 -0.64990261 -0.00574985
v -0.14906136 -0.64996837 -0.00565465
v -0.17997774 -0.64403747 -0.05220545
v -0.17985207 -0.64395606 -0.05222129
v -0.13806785 -0.65002715 -0.06038299
v -0.13817444 -0.65008056 -0.06040300
v -0.08945880 -0.65370850 -0.06973970
v -0.08942682 -0.65373106 -0.06980235
v -0.03643030 -0.65492385 -0.05825869
v -0.03626201 -0.65494150 -0.05827322
v -0.00588785 -0.65491661 -0.00565917
v -0.00595499 -0.65481070 -0.00560910
v -0.00589723 -0.65482999 -0.00573896
v -0.06465077 -0.65493882 0.01001594
v -0.06475372 -0.65483520 0.01010579
v -0.00584489 -0.65490439 -0.00556040
v -0.07504342 -0.65489226 0.00349614
v -0.07498505 -0.65487758 0.00337964
v -0.10916047 -0.65365226 -0.00560879
v -0.10902915 -0.65363575 -0.00567111
v -0.14775548 -0.65003877 -0.02440147
v -0.14776719 -0.65009461 -0.02423662
v -0.14406168 -0.64999321 -0.04261389
v -0.14416874 -0.65009959 -0.04270387
v -0.09521364 -0.65358035 -0.05726218
v -0.09523629 -0.65366840 -0.05721247
v -0.06115985 -0.65479046 -0.04806831
v -0.06124626 -0.65492812 -0.04801991
v -0.04893565 -0.65485374 -0.04860196
v -0.04893445 -0.65497577 -0.04862512
v -0.00596697 -0.65492967 -0.00569752
v -0.00587648 -0.65494337 -0.00566329
v -0.00599625 -0.65484955 -0.00565121
v -0.00601497 -0.65482119 -0.00568726
v -0.00599631 -0.65483041 -0.00566198
v -0.00597328 -0.65491868 -0.00555989
v -0.11015939 -0.65362816 -0.01946104
v -0.11026304 -0.65360648 -0.01937900
v -0.10316577 -0.65363550 -0.04594447
v -0.10320097 -0.65369937 -0.04594428
v -0.00600237 -0.65485728 -0.00565650
v -0.00582428 -0.65492617 -0.00559321
v -0.00585074 -0.65485188 -0.00566795
v -0.06683990 -0.65479340 -0.00561785
v -0.06678516 -0.65478543 -0.00563401
v -0.00588759 -0.65481678 -0.00566850
v -0.07484927 -0.65486157 -0.01475210
v -0.07494889 -0.65497330 -0.01462975
v -0.10549520 -0.65356863 -0.03240441
v -0.10560401 -0.65362301 -0.03226121
v -0.07014859 -0.65488582 -0.03224838
v -0.07020625 -0.65483140 -0.03233548
v -0.05854989 -0.65490027 -0.03599554
v -0.05871491 -0.65497879 -0.03610350
v -0.00598925 -0.65480085 -0.00560519
v -0.00592910 -0.65487243 -0.00573488
v -0.00587609 -0.65491973 -0.00558486
v -0.00587566 -0.65488180 -0.00560733
v -0.00596469 -0.65486134 -0.00567819
v -0.00595016 -0.65483251 -0.00554796
v -0.00582810 -0.65486645 -0.00571788
v -0.06474467 -0.65489762 -0.02143041
v -0.06479213 -0.65494481 -0.02148409
v -0.00593714 -0.65494975 -0.00561876
v -0.00597257 -0.65480411 -0.00570677
v -0.00600150 -0.65494768 -0.00558886
v -0.00590548 -0.65491884 -0.00574028
v -0.00602079 -0.65482299 -0.00573765
vn 0.713191066070214 0.567337573009137 -0.41168748041412895
vn 0.6281189304374475 0.6884912333629744 -0.36255541756874515
vn 0.7608243991834033 0.5673304993910814 -0.31509099966181114
vn -0.7608243991834033 -0.5673304993910814 0.31509099966181114
vn -0.6281189304374475 -0.6884912333629744 0.36255541756874515
vn -0.713191066070214 -0.567337573009137 0.41168748041412895
vn 0.8494510027245036 0.39326510126134673 -0.3518175011284088
vn -0.8494510027245036 -0.39326510126134673 0.3518175011284088
vn 0.5754269786186617 0.6884986744172179 -0.4414219835979312
vn -0.5754269786186617 -0.6884986744172179 0.4414219835979312
vn 0.6700734287097757 0.6884774294983084 -0.2774895118892366
vn -0.6700734287097757 -0.6884774294983084 0.2774895118892366
vn 0.8881060259741487 0.3932563115014398 -0.23794360695905942
vn -0.8881060259741487 -0.3932563115014398 0.23794360695905942
vn 0.7962632129539723 0.3932769063980078 -0.4596718074781502
vn -0.7962632129539723 -0.3932769063980078 0.4596718074781502
vn 0.5443684201975685 0.7275213269930463 -0.41758321549348787
vn -0.5443684201975685 -0.7275213269930463 0.41758321549348787
vn 0.6533527248609831 0.5673546215886354 -0.5012374190727832
vn -0.6533527248609831 -0.5673546215886354 0.5012374190727832
vn 0.5942073127531002 0.7275220156143505 -0.34297140736098086
vn -0.5942073127531002 -0.7275220156143505 0.34297140736098086
vn 0.795446584758297 0.5673190891294912 -0.21310509591665264
vn -0.795446584758297 -0.5673190891294912 0.21310509591665264
vn 0.9503944821117798 0.1786207966380191 -0.2546466952070679
vn -0.9503944821117798 -0.1786207966380191 0.2546466952070679
vn 0.9090256918598068 0.17863209840037553 -0.37651409662837093
vn -0.9090256918598068 -0.17863209840037553 0.37651409662837093
vn 0.48519820966599025 0.727546514493989 -0.4850348096627348
vn -0.48519820966599025 -0.727546514493989 0.4850348096627348
vn 0.5128853259850819 0.688517134883381 -0.512730725977249
vn -0.5128853259850819 -0.688517134883381 0.512730725977249
vn 0.633903595211226 0.7275011945041505 -0.2625037980169359
vn -0.633903595211226 -0.7275011945041505 0.2625037980169359
vn 0.700557791585569 0.6884749917306959 -0.18767249774585704
vn -0.700557791585569 -0.6884749917306959 0.18767249774585704
vn 0.9755017629196764 0.17861719321048558 -0.12842199511848226
vn -0.9755017629196764 -0.17861719321048558 0.12842199511848226
vn 0.9115667491322367 0.393251121195713 -0.1199984064677546
vn -0.9115667491322367 -0.393251121195713 0.1199984064677546
vn 0.8521045278259766 0.17864290583368966 -0.49193961606457864
vn -0.8521045278259766 -0.17864290583368966 0.49193961606457864
vn 0.7294525942010087 0.3932919968734133 -0.5596608955508161
vn -0.7294525942010087 -0.3932919968734133 0.5596608955508161
vn 0.5071628315646771 0.6969436433762092 -0.5070063315549367
vn -0.5071628315646771 -0.6969436433762092 0.5070063315549367
vn 0.5690199268768203 0.6969077329174131 -0.4365042206176355
vn -0.5690199268768203 -0.6969077329174131 0.4365042206176355
vn 0.5823414114607819 0.567367011166078 -0.5822140114582744
vn -0.5823414114607819 -0.567367011166078 0.5822140114582744
vn 0.6211098859494448 0.6969180842345354 -0.3585075918899523
vn -0.6211098859494448 -0.6969180842345354 0.3585075918899523
vn 0.8164558192771222 0.5673180133947954 -0.1074717025374858
vn -0.8164558192771222 -0.5673180133947954 0.1074717025374858
vn 0.9910348279991086 0.028760780812561004 -0.13047140368612978
vn -0.9910348279991086 -0.028760780812561004 0.13047140368612978
vn 0.9655264990565056 0.02876734997188914 -0.2587102997471931
vn -0.9655264990565056 -0.02876734997188914 0.2587102997471931
vn 0.9234978803211366 0.028775949386811914 -0.3825226918488045
vn -0.9234978803211366 -0.028775949386811914 0.3825226918488045
vn 0.43666077794372976 0.6969374647968359 -0.5688633712660148
vn -0.43666077794372976 -0.6969374647968359 0.5688633712660148
vn 0.4177466044599338 0.7275497077674444 -0.544205105810026
vn -0.4177466044599338 -0.7275497077674444 0.544205105810026
vn 0.44157662571333 0.6885287400935325 -0.5752723334985287
vn -0.44157662571333 -0.6885287400935325 0.5752723334985287
vn 0.6626120008001403 0.6968867008415289 -0.2743980003313504
vn -0.6626120008001403 -0.6968867008415289 0.2743980003313504
vn 0.6627333027488653 0.7275066030175301 -0.1775351007363746
vn -0.6627333027488653 -0.7275066030175301 0.1775351007363746
vn 0.7190661006588479 0.6884664006308108 -0.09464649008672014
vn -0.7190661006588479 -0.6884664006308108 0.09464649008672014
vn 0.9995863540269034 0.02875970867728 0
vn -0.9995863540269034 -0.02875970867728 0
vn 0.9839193492700676 0.17861330894411703 0
vn -0.9839193492700676 -0.17861330894411703 0
vn 0.9194319220487821 0.3932492094304602 0
vn -0.9194319220487821 -0.3932492094304602 0
vn 0.8656680511616506 0.028789781701498453 -0.49978992953797097
vn -0.8656680511616506 -0.028789781701498453 0.49978992953797097
vn 0.7806037150661397 0.1786609034482673 -0.5989475115600614
vn -0.7806037150661397 -0.1786609034482673 0.5989475115600614
vn 0.6501623993567749 0.3933096996108871 -0.6500740993568621
vn -0.6501623993567749 -0.3933096996108871 0.6500740993568621
vn 0.5360303065735594 0.47420220581533623 -0.6984295085651273
vn -0.5360303065735594 -0.47420220581533623 0.6984295085651273
vn 0.6225908501260513 0.47422976201082834 -0.6224843501345828
vn -0.6225908501260513 -0.47422976201082834 0.6224843501345828
vn 0.6985360091651662 0.4741657062213078 -0.5359238070316069
vn -0.6985360091651662 -0.4741657062213078 0.5359238070316069
vn 0.501364798595033 0.567388798410015 -0.6532252981694763
vn -0.501364798595033 -0.567388798410015 0.6532252981694763
vn 0.762491026176203 0.47419831627915743 -0.440162915110727
vn -0.762491026176203 -0.47419831627915743 0.440162915110727
vn 0.8235023934739083 0.5673127955041596 0
vn -0.8235023934739083 -0.5673127955041596 0
vn 0.9999999488710409 -0.00031977791562788036 0
vn -0.9999999488710409 0.00031977791562788036 0
vn 0.9914448092380574 -0.00031785370296165963 -0.13052620121621347
vn -0.9914448092380574 0.00031785370296165963 0.13052620121621347
vn 0.965925788751931 -0.00031212669636527135 -0.25881899698608946
vn -0.965925788751931 0.00031212669636527135 0.25881899698608946
vn 0.9238794968716223 -0.0003026820989749936 -0.3826833987041836
vn -0.9238794968716223 0.0003026820989749936 0.3826833987041836
vn 0.4402694071994836 0.4742707077554883 -0.7623845124668547
vn -0.4402694071994836 -0.4742707077554883 0.7623845124668547
vn 0.3586640999767998 0.6969769999549161 -0.6209533999598335
vn -0.3586640999767998 -0.6969769999549161 0.6209533999598335
vn 0.3431348044187511 0.7275784093694603 -0.5940439076498567
vn -0.3431348044187511 -0.7275784093694603 0.5940439076498567
vn 0.36271001625754645 0.6885508308625258 -0.6279643281468908
vn -0.36271001625754645 -0.6885508308625258 0.6279643281468908
vn 0.8134448877309493 0.4741398928486288 -0.33689579491865795
vn -0.8134448877309493 -0.4741398928486288 0.33689579491865795
vn 0.6927399991812367 0.6969019991763176 -0.1855771997806624
vn -0.6927399991812367 -0.6969019991763176 0.1855771997806624
vn 0.6802503946732907 0.7274907943033742 -0.08953515929889365
vn -0.6802503946732907 -0.7274907943033742 0.08953515929889365
vn 0.7252653944975855 0.688469394776748 0
vn -0.7252653944975855 -0.688469394776748 0
vn 0.9914448092380574 -0.0003178537029617176 0.13052620121621347
vn -0.9914448092380574 0.0003178537029617176 -0.13052620121621347
vn 0.9910348279991086 0.028760780812560942 0.13047140368612978
vn -0.9910348279991086 -0.028760780812560942 -0.13047140368612978
vn 0.9755017629196764 0.17861719321048553 0.12842199511848235
vn -0.9755017629196764 -0.17861719321048553 -0.12842199511848235
vn 0.9115667491322367 0.393251121195713 0.11999840646775477
vn -0.9115667491322367 -0.393251121195713 -0.11999840646775477
vn 0.866025366498673 -0.0002896943887933507 -0.49999998065799983
vn -0.866025366498673 0.0002896943887933507 0.49999998065799983
vn 0.7930265164607732 0.028805240597907678 -0.6085057126306931
vn -0.7930265164607732 -0.028805240597907678 0.6085057126306931
vn 0.6957477886147381 0.17867799707610182 -0.6957076886153942
vn -0.6957477886147381 -0.17867799707610182 0.6957076886153942
vn 0.5597491953593602 0.39333009673906955 -0.7293642939531543
vn -0.5597491953593602 -0.39333009673906955 0.7293642939531543
vn 0.6012902710311883 0.1564178924641382 -0.7835709622493149
vn -0.6012902710311883 -0.1564178924641382 0.7835709622493149
vn 0.6984217148122187 0.1564073033171066 -0.6983866148114741
vn -0.6984217148122187 -0.1564073033171066 0.6983866148114741
vn 0.7836061195561329 0.15637690390263367 -0.6012551150052746
vn -0.7836061195561329 -0.15637690390263367 0.6012551150052746
vn 0.8553805195762944 0.15637210357874232 -0.4938339113019151
vn -0.8553805195762944 -0.15637210357874232 0.4938339113019151
vn 0.41181490329965453 0.5674053045463182 -0.7130636057134006
vn -0.41181490329965453 -0.5674053045463182 0.7130636057134006
vn 0.9125228238794085 0.15634800409140226 -0.37796480989079495
vn -0.9125228238794085 -0.15634800409140226 0.37796480989079495
vn 0.8164558192771222 0.5673180133947954 0.10747170253748604
vn -0.8164558192771222 -0.5673180133947954 -0.10747170253748604
vn 0.9908424073686077 -0.03485210025918499 0.13044790097010323
vn -0.9908424073686077 0.03485210025918499 -0.13044790097010323
vn 0.9993923813041862 -0.03485495934796198 0
vn -0.9993923813041862 0.03485495934796198 0
vn 0.9908424073686077 -0.03485210025918493 -0.13044790097010323
vn -0.9908424073686077 0.03485210025918493 0.13044790097010323
vn 0.9653386438772312 -0.034847311583903744 -0.2586638117569642
vn -0.9653386438772312 0.034847311583903744 0.2586638117569642
vn 0.9233176053166781 -0.03483694020059914 -0.3824539022022588
vn -0.9233176053166781 0.03483694020059914 0.3824539022022588
vn 0.4938690132721373 0.15645320420449235 -0.8553454229863822
vn -0.4938690132721373 -0.15645320420449235 0.8553454229863822
vn 0.33700229574038193 0.4742468940056475 -0.8133383897196222
vn -0.33700229574038193 -0.4742468940056475 0.8133383897196222
vn 0.27455458144798783 0.6969738529045654 -0.6624554552370183
vn -0.27455458144798783 -0.6969738529045654 0.6624554552370183
vn 0.2626672126484602 0.7275845350360595 -0.6337402305170865
vn -0.2626672126484602 -0.7275845350360595 0.6337402305170865
vn 0.2776440957851392 0.6885655895470204 -0.6699187898300936
vn -0.2776440957851392 -0.6885655895470204 0.6699187898300936
vn 0.8504359194321294 0.47417861083479657 -0.22784510520617174
vn -0.8504359194321294 -0.47417861083479657 0.22784510520617174
vn 0.7110588101759188 0.6968758099729467 -0.09359206133939006
vn -0.7110588101759188 -0.6968758099729467 0.09359206133939006
vn 0.6861061983943743 0.7275013982975013 0
vn -0.6861061983943743 -0.7275013982975013 0
vn 0.7190661006588478 0.6884664006308107 0.09464649008672046
vn -0.7190661006588478 -0.6884664006308107 -0.09464649008672046
vn 0.9653386438772312 -0.034847311583903855 0.2586638117569642
vn -0.9653386438772312 0.034847311583903855 -0.2586638117569642
vn 0.965925788751931 -0.0003121266963653863 0.25881899698608946
vn -0.965925788751931 0.0003121266963653863 -0.25881899698608946
vn 0.9655264990565056 0.02876734997188903 0.2587102997471931
vn -0.9655264990565056 -0.02876734997188903 -0.2587102997471931
vn 0.9503944821117798 0.17862079663801897 0.254646695207068
vn -0.9503944821117798 -0.17862079663801897 -0.254646695207068
vn 0.8881060259741487 0.39325631150143964 0.23794360695905956
vn -0.8881060259741487 -0.39325631150143964 -0.23794360695905956
vn 0.8654981328858433 -0.0348248913232216 -0.4997001189868229
vn -0.8654981328858433 0.0348248913232216 0.4997001189868229
vn 0.7933533097250866 -0.0002733729033509256 -0.6087614074623214
vn -0.7933533097250866 0.0002733729033509256 0.6087614074623214
vn 0.7068162002953671 0.028825450012045842 -0.7068097002953643
vn -0.7068162002953671 -0.028825450012045842 0.7068097002953643
vn 0.5989876071334602 0.1787017021281936 -0.7805636092958844
vn -0.5989876071334602 -0.1787017021281936 0.7805636092958844
vn 0.4597601157403982 0.3933524134668569 -0.7961749272579328
vn -0.4597601157403982 -0.3933524134668569 0.7961749272579328
vn 0.6085428644715677 0.02702850842200035 -0.7930605536989096
vn -0.6085428644715677 -0.02702850842200035 0.7930605536989096
vn 0.4998215016962827 0.027054190091816074 -0.8657058029380124
vn -0.4998215016962827 -0.027054190091816074 0.8657058029380124
vn 0.706851896688208 0.027007699873461792 -0.7068457966882365
vn -0.706851896688208 -0.027007699873461792 0.7068457966882365
vn 0.7930666113104281 0.02698708038488008 -0.6085368086787311
vn -0.7930666113104281 -0.02698708038488008 0.6085368086787311
vn 0.8657118488173073 0.026972028405357458 -0.4998154704498655
vn -0.8657118488173073 -0.026972028405357458 0.4998154704498655
vn 0.31521839191087836 0.5674305854386195 -0.7606969804790247
vn -0.31521839191087836 -0.5674305854386195 0.7606969804790247
vn 0.9540489756665758 0.15634989601222957 -0.25562719348011986
vn -0.9540489756665758 -0.15634989601222957 0.25562719348011986
vn 0.795446584758297 0.567319089129491 0.2131050959166529
vn -0.795446584758297 -0.567319089129491 -0.2131050959166529
vn 0.946742693158558 -0.19829069856709292 0.25369089816675466
vn -0.946742693158558 0.19829069856709292 -0.25369089816675466
vn 0.971755527931704 -0.19829920569982326 0.12793990367744704
vn -0.971755527931704 0.19829920569982326 -0.12793990367744704
vn 0.9801417351860452 -0.19829820711869459 0
vn -0.9801417351860452 0.19829820711869459 0
vn 0.971755527931704 -0.19829920569982318 -0.12793990367744712
vn -0.971755527931704 0.19829920569982318 0.12793990367744712
vn 0.946742693158558 -0.19829069856709283 -0.2536908981667547
vn -0.946742693158558 0.19829069856709283 0.2536908981667547
vn 0.9055289802467322 -0.19828429567461345 -0.37510079181752715
vn -0.9055289802467322 0.19828429567461345 0.37510079181752715
vn 0.37799990716776655 0.15646800296700125 -0.9124877173029116
vn -0.37799990716776655 -0.15646800296700125 0.9124877173029116
vn 0.382548293526327 0.027079259541751464 -0.9235385843714194
vn -0.382548293526327 -0.027079259541751464 0.9235385843714194
vn 0.22795160398624903 0.47431840829452954 -0.8503294148699316
vn -0.22795160398624903 -0.47431840829452954 0.8503294148699316
vn 0.18573370582854856 0.6970158218732004 -0.6925835217341092
vn -0.18573370582854856 -0.6970158218732004 0.6925835217341092
vn 0.17769850487529093 0.7276155199626743 -0.6625699181780995
vn -0.17769850487529093 -0.7276155199626743 0.6625699181780995
vn 0.9235446678692081 0.02695777906211931 -0.3825421866910786
vn -0.9235446678692081 -0.02695777906211931 0.3825421866910786
vn 0.18782710113798243 0.6885901041719403 -0.7004032042435118
vn -0.18782710113798243 -0.6885901041719403 0.7004032042435118
vn 0.8729261133720628 0.4741265072629851 -0.11490890176025087
vn -0.8729261133720628 -0.4741265072629851 0.11490890176025087
vn 0.7171717075327628 0.6968965073198038 0
vn -0.7171717075327628 -0.6968965073198038 0
vn 0.6802503946732906 0.727490794303374 0.08953515929889395
vn -0.6802503946732906 -0.727490794303374 -0.08953515929889395
vn 0.700557791585569 0.6884749917306958 0.18767249774585737
vn -0.700557791585569 -0.6884749917306958 -0.18767249774585737
vn 0.9055289802467322 -0.19828429567461361 0.375100791817527
vn -0.9055289802467322 0.19828429567461361 -0.375100791817527
vn 0.9233176053166781 -0.03483694020059931 0.3824539022022588
vn -0.9233176053166781 0.03483694020059931 -0.3824539022022588
vn 0.9238794968716223 -0.0003026820989751635 0.3826833987041836
vn -0.9238794968716223 0.0003026820989751635 -0.3826833987041836
vn 0.9234978803211366 0.028775949386811744 0.3825226918488045
vn -0.9234978803211366 -0.028775949386811744 -0.3825226918488045
vn 0.9090256918598068 0.1786320984003754 0.37651409662837093
vn -0.9090256918598068 -0.1786320984003754 -0.37651409662837093
vn 0.8494510027245037 0.3932651012613466 0.351817501128409
vn -0.8494510027245037 -0.3932651012613466 -0.351817501128409
vn 0.8488216821272363 -0.19826879582525808 -0.49009308968061477
vn -0.8488216821272363 0.19826879582525808 0.49009308968061477
vn 0.7928697036336625 -0.034807640159520675 -0.6083963027882346
vn -0.7928697036336625 0.034807640159520675 0.6083963027882346
vn 0.7071067083749515 -0.00025400970300832655 -0.7071068083749528
vn -0.7071067083749515 0.00025400970300832655 0.7071068083749528
vn 0.6085122155487462 0.02884668073709256 -0.7930200202633024
vn -0.6085122155487462 -0.02884668073709256 0.7930200202633024
vn 0.4919797847383347 0.1787237944558237 -0.8520643735681797
vn -0.4919797847383347 -0.1787237944558237 0.8520643735681797
vn 0.35190588849543303 0.3933767871396596 -0.8493626722324915
vn -0.35190588849543303 -0.3933767871396596 0.8493626722324915
vn 0.4999999984873866 -0.00011227329966015551 -0.8660253973800767
vn -0.4999999984873866 0.00011227329966015551 0.8660253973800767
vn 0.6087614245219815 -0.0001366954055061553 -0.7933533319576682
vn -0.6087614245219815 0.0001366954055061553 0.7933533319576682
vn 0.25566240760479475 0.1565067046553634 -0.9540138283775756
vn -0.25566240760479475 -0.1565067046553634 0.9540138283775756
vn 0.3826834148213622 -0.00008593030332788303 -0.9238795357819353
vn -0.3826834148213622 0.00008593030332788303 0.9238795357819353
vn 0.7071067722732508 -0.0001587784937738929 -0.7071067722732508
vn -0.7071067722732508 0.0001587784937738929 0.7071067722732508
vn 0.7933533267810481 -0.00017814490601346196 -0.6087614205498211
vn -0.7933533267810481 0.00017814490601346196 0.6087614205498211
vn 0.8660253864635655 -0.00019446309696032806 -0.4999999921847359
vn -0.8660253864635655 0.00019446309696032806 0.4999999921847359
vn 0.21323251648275687 0.5674498438635627 -0.795319161477736
vn -0.21323251648275687 -0.5674498438635627 0.795319161477736
vn 0.9655754077166074 0.02694961021537377 -0.2587235020676456
vn -0.9655754077166074 -0.02694961021537377 0.2587235020676456
vn 0.979255064108393 0.15633299427009104 -0.12891669527495178
vn -0.979255064108393 -0.15633299427009104 0.12891669527495178
vn 0.7608243991834034 0.5673304993910813 0.3150909996618114
vn -0.7608243991834034 -0.5673304993910813 -0.3150909996618114
vn 0.8562071667188427 -0.3756408853986701 0.354687486213138
vn -0.8562071667188427 0.3756408853986701 -0.354687486213138
vn 0.8951751008689913 -0.37565570036466783 0.2398840002328673
vn -0.8951751008689913 0.37565570036466783 -0.2398840002328673
vn 0.9188296253388131 -0.3756549103595371 0.12097730333622372
vn -0.9188296253388131 0.3756549103595371 -0.12097730333622372
vn 0.9267564165681808 -0.37566280671594954 0
vn -0.9267564165681808 0.37566280671594954 0
vn 0.9188296253388128 -0.375654910359537 -0.12097730333622386
vn -0.9188296253388128 0.375654910359537 0.12097730333622386
vn 0.8951751008689913 -0.37565570036466767 -0.23988400023286746
vn -0.8951751008689913 0.37565570036466767 0.23988400023286746
vn 0.8562071667188427 -0.3756408853986699 -0.3546874862131381
vn -0.8562071667188427 0.3756408853986699 0.3546874862131381
vn 0.2587296076876279 0.02710833080546953 -0.9655693286899432
vn -0.2587296076876279 -0.02710833080546953 0.9655693286899432
vn 0.25881900915647044 -0.000058116962055841015 -0.965925834172418
vn -0.25881900915647044 0.000058116962055841015 0.965925834172418
vn 0.12895190410448568 0.15652390498209123 -0.9792199311681645
vn -0.12895190410448568 -0.15652390498209123 0.9792199311681645
vn 0.11501540252963671 0.4742967104316323 -0.872819619196703
vn -0.11501540252963671 -0.4742967104316323 0.872819619196703
vn 0.0937485757997097 0.6970144687711192 -0.710902268148893
vn -0.0937485757997097 -0.6970144687711192 0.710902268148893
vn 0.08969854144079666 0.7276234116875636 -0.6800870109240024
vn -0.08969854144079666 -0.7276234116875636 0.6800870109240024
vn 0.9238795193123094 -0.0002074541043364305 -0.3826834079994201
vn -0.9238795193123094 0.0002074541043364305 0.3826834079994201
vn 0.09480110787394097 0.6886065845569502 -0.7189114838773166
vn -0.09480110787394097 -0.6886065845569502 0.7189114838773166
vn 0.8804322887159836 0.4741718939227996 0
vn -0.8804322887159836 -0.4741718939227996 0
vn 0.7110588101759188 0.6968758099729467 0.0935920613393904
vn -0.7110588101759188 -0.6968758099729467 -0.0935920613393904
vn 0.6627333027488653 0.7275066030175301 0.17753510073637493
vn -0.6627333027488653 -0.7275066030175301 -0.17753510073637493
vn 0.6700734287097757 0.6884774294983083 0.2774895118892369
vn -0.6700734287097757 -0.6884774294983083 -0.2774895118892369
vn 0.8025833005324898 -0.3756349002492226 0.4634204003074654
vn -0.8025833005324898 0.3756349002492226 -0.4634204003074654
vn 0.8488216821272363 -0.19826879582525833 0.4900930896806146
vn -0.8488216821272363 0.19826879582525833 -0.4900930896806146
vn 0.8654981328858433 -0.03482489132322182 0.4997001189868229
vn -0.8654981328858433 0.03482489132322182 -0.4997001189868229
vn 0.866025366498673 -0.0002896943887935727 0.49999998065799983
vn -0.866025366498673 0.0002896943887935727 -0.49999998065799983
vn 0.8656680511616506 0.02878978170149823 0.49978992953797097
vn -0.8656680511616506 -0.02878978170149823 -0.49978992953797097
vn 0.8521045278259766 0.17864290583368947 0.49193961606457864
vn -0.8521045278259766 -0.17864290583368947 -0.49193961606457864
vn 0.7962632129539723 0.3932769063980076 0.45967180747815034
vn -0.7962632129539723 -0.3932769063980076 -0.45967180747815034
vn 0.8025833005324899 -0.37563490024922247 -0.4634204003074657
vn -0.8025833005324899 0.37563490024922247 0.4634204003074657
vn 0.7775890896383105 -0.19825559735816378 -0.5966991920487417
vn -0.7775890896383105 0.19825559735816378 0.5966991920487417
vn 0.7066748993086023 -0.034789229965962704 -0.7066825993085949
vn -0.7066748993086023 0.034789229965962704 0.7066825993085949
vn 0.608761413837356 -0.00023192340527152254 -0.7933533180331934
vn -0.608761413837356 0.00023192340527152254 0.7933533180331934
vn 0.49979639112625385 0.0288719294873871 -0.865661584630419
vn -0.49979639112625385 -0.0288719294873871 0.865661584630419
vn 0.376554309355185 0.17875170444094066 -0.9089855225830047
vn -0.376554309355185 -0.17875170444094066 0.9089855225830047
vn 0.23803200481989464 0.39340220796597597 -0.8880177179814132
vn -0.23803200481989464 -0.39340220796597597 0.8880177179814132
vn 0.00022454669433904085 0.9999999747893906 0
vn -0.00022454669433904085 -0.9999999747893906 0
vn 0.13048409742347733 0.027135859464178937 -0.9910789804302786
vn -0.13048409742347733 -0.027135859464178937 0.9910789804302786
vn 0.10759910024278609 0.567477201280453 -0.8163284018419592
vn -0.10759910024278609 -0.567477201280453 0.8163284018419592
vn 0.9659258130833214 -0.00021689550293775984 -0.2588190035056649
vn -0.9659258130833214 0.00021689550293775984 0.2588190035056649
vn 0.9910850563131589 0.02694260881237495 -0.13047799424855477
vn -0.9910850563131589 -0.02694260881237495 0.13047799424855477
vn 0.98770293287189 0.15634230520325176 0
vn -0.98770293287189 -0.15634230520325176 0
vn 0.713191066070214 0.5673375730091368 0.4116874804141293
vn -0.713191066070214 -0.5673375730091368 -0.4116874804141293
vn 0.750387281992754 -0.49916848802131925 0.4333009896019591
vn -0.750387281992754 0.49916848802131925 -0.4333009896019591
vn 0.8005234152201397 -0.49918040949078507 0.33163410630527135
vn -0.8005234152201397 0.49918040949078507 -0.33163410630527135
vn 0.8369611981086937 -0.49918789887197035 0.22429309949315807
vn -0.8369611981086937 0.49918789887197035 -0.22429309949315807
vn 0.8590756175947452 -0.4991936102239944 0.11311420231669415
vn -0.8590756175947452 0.4991936102239944 -0.11311420231669415
vn 0.8664899019620926 -0.49919460113038366 0
vn -0.8664899019620926 0.49919460113038366 0
vn 0.8590756175947452 -0.4991936102239944 -0.11311420231669435
vn -0.8590756175947452 0.4991936102239944 0.11311420231669435
vn 0.8369611981086937 -0.4991878988719702 -0.22429309949315832
vn -0.8369611981086937 0.4991878988719702 0.22429309949315832
vn 0.8005234152201397 -0.4991804094907849 -0.33163410630527157
vn -0.8005234152201397 0.4991804094907849 0.33163410630527157
vn -0.3806503043284791 0.0006835890077730731 0.9247188105152315
vn -0.49992131159265485 -0.026921050624271334 0.8656523200735763
vn -0.4988568798215379 0.00044537028198484633 0.8666842649431404
vn 0.4988568798215379 -0.00044537028198484633 -0.8666842649431404
vn 0.49992131159265485 0.026921050624271334 -0.8656523200735763
vn 0.3806503043284791 -0.0006835890077730731 -0.9247188105152315
vn -0.608532102500354 -0.0270052701109602 0.793069603258587
vn -0.6071748040085875 0.00035297260233016 0.7945682052457647
vn 0.6071748040085875 -0.00035297260233016 -0.7945682052457647
vn 0.608532102500354 0.0270052701109602 -0.793069603258587
vn -0.7068617931918932 -0.027005259739900245 0.7068359931921417
vn -0.7047671179908872 0.0007630176194777147 0.7094383181101308
vn 0.7047671179908872 -0.0007630176194777147 -0.7094383181101308
vn 0.7068617931918932 0.027005259739900245 -0.7068359931921417
vn 0.1305261948127925 -0.000029309218835009823 -0.9914448605992482
vn -0.1305261948127925 0.000029309218835009823 0.9914448605992482
vn -0.2556270141967582 0.0006621646367744247 0.9667752536918
vn -0.3825499157927107 -0.02707497111772934 0.9235380381261856
vn 0.3825499157927107 0.02707497111772934 -0.9235380381261856
vn 0.2556270141967582 -0.0006621646367744247 -0.9667752536918
vn 0.000006100130150527918 0.02716642067036375 -0.999630924667074
vn -0.000006100130150527918 -0.02716642067036375 0.999630924667074
vn 0.00003515595996833166 0.15656409985896796 -0.987667799110313
vn -0.00003515595996833166 -0.15656409985896796 0.987667799110313
vn 0.00010651810276829924 0.4743695123283907 -0.8803258228787899
vn -0.00010651810276829924 -0.4743695123283907 0.8803258228787899
vn -0.7930754329103356 -0.026625831104895078 0.6085412252526999
vn -0.7920121849976065 0.0007759589853015528 0.6105047884357422
vn 0.7920121849976065 -0.0007759589853015528 -0.6105047884357422
vn 0.7930754329103356 0.026625831104895078 -0.6085412252526999
vn 0.00015652200157802146 0.6970575070275854 -0.7170152072287943
vn -0.00015652200157802146 -0.6970575070275854 0.7170152072287943
vn -0.8656592951677268 -0.0267540798506538 0.4999181972093625
vn -0.8649195350847629 0.0007935196321883722 0.5019099203595709
vn 0.8649195350847629 -0.0007935196321883722 -0.5019099203595709
vn 0.8656592951677268 0.0267540798506538 -0.4999181972093625
vn 0.00016339259428888064 0.7276553745660033 -0.6859428760239948
vn -0.00016339259428888064 -0.7276553745660033 0.6859428760239948
vn -0.9235464344496743 -0.02694369100504038 0.3825389142692783
vn -0.9230352220535804 0.000805185019237764 0.38471460919177775
vn 0.9230352220535804 -0.000805185019237764 -0.38471460919177775
vn 0.9235464344496743 0.02694369100504038 -0.3825389142692783
vn 0.00015463010032717813 0.6886323014570608 -0.7251107015342442
vn -0.00015463010032717813 -0.6886323014570608 0.7251107015342442
vn 0.8729261133720628 0.4741265072629851 0.11490890176025108
vn -0.8729261133720628 -0.4741265072629851 -0.11490890176025108
vn 0.6927399991812369 0.6969019991763176 0.18557719978066275
vn -0.6927399991812369 -0.6969019991763176 -0.18557719978066275
vn 0.633903595211226 0.7275011945041503 0.26250379801693624
vn -0.633903595211226 -0.7275011945041503 -0.26250379801693624
vn 0.6281189304374475 0.6884912333629742 0.36255541756874543
vn -0.6281189304374475 -0.6884912333629742 -0.36255541756874543
vn 0.6874092264162436 -0.49915501918187904 0.5275536202732001
vn -0.6874092264162436 0.49915501918187904 -0.5275536202732001
vn 0.7352298217287289 -0.37561371110075836 0.564226416674953
vn -0.7352298217287289 0.37561371110075836 -0.564226416674953
vn 0.7775890896383106 -0.19825559735816403 0.5966991920487416
vn -0.7775890896383106 0.19825559735816403 -0.5966991920487416
vn 0.7928697036336625 -0.034807640159520946 0.6083963027882346
vn -0.7928697036336625 0.034807640159520946 -0.6083963027882346
vn 0.7933533097250866 -0.00027337290335119595 0.6087614074623214
vn -0.7933533097250866 0.00027337290335119595 -0.6087614074623214
vn 0.7930265164607732 0.028805240597907403 0.6085057126306931
vn -0.7930265164607732 -0.028805240597907403 -0.6085057126306931
vn 0.7806037150661397 0.17866090344826702 0.5989475115600614
vn -0.7806037150661397 -0.17866090344826702 -0.5989475115600614
vn 0.7294525942010087 0.393291996873413 0.5596608955508163
vn -0.7294525942010087 -0.393291996873413 -0.5596608955508163
vn 0.7503872819927541 -0.49916848802131913 -0.43330098960195934
vn -0.7503872819927541 0.49916848802131913 0.43330098960195934
vn 0.7352298217287289 -0.37561371110075803 -0.5642264166749532
vn -0.7352298217287289 0.37561371110075803 0.5642264166749532
vn 0.6930518284084133 -0.1982338081256662 -0.6930963284102375
vn -0.6930518284084133 0.1982338081256662 0.6930963284102375
vn 0.608388503957084 -0.03476622022612647 -0.7928775051570385
vn -0.608388503957084 0.03476622022612647 0.7928775051570385
vn 0.4999999908741706 -0.00020750459621250453 -0.8660253841935998
vn -0.4999999908741706 0.00020750459621250453 0.8660253841935998
vn 0.3825291970145019 0.02889741977446659 -0.923491392792493
vn -0.3825291970145019 -0.02889741977446659 0.923491392792493
vn 0.25468681106523294 0.17877710776722747 -0.9503543412895041
vn -0.25468681106523294 -0.17877710776722747 0.9503543412895041
vn 0.12008679924609449 0.39342889753005167 -0.911478394277734
vn -0.12008679924609449 -0.39342889753005167 0.911478394277734
vn 0 0 -1
vn 0 0 1
vn -0.12854479649908895 0.0002454977933136599 0.9917036729910007
vn -0.2586357035020223 -0.027206920368391892 0.965591713074466
vn 0.2586357035020223 0.027206920368391892 -0.965591713074466
vn 0.12854479649908895 -0.0002454977933136599 -0.9917036729910007
vn -0.9655769193730456 -0.02691748054006431 0.25872120519090464
vn 0.9655769193730456 0.02691748054006431 -0.25872120519090464
vn -0.9653520001344444 0.0008157864001135565 0.26094990003634244
vn 0.9653520001344444 -0.0008157864001135565 -0.26094990003634244
vn 0.00012742969704563056 0.5674976868429585 -0.8233749809106199
vn -0.00012742969704563056 -0.5674976868429585 0.8233749809106199
vn 0.9914448347522825 -0.00022262570780348285 -0.13052620457522535
vn -0.9914448347522825 0.00022262570780348285 0.13052620457522535
vn 0.9996369995113566 0.026941959986830213 0
vn -0.9996369995113566 -0.026941959986830213 0
vn 0.979255064108393 0.156332994270091 0.12891669527495186
vn -0.979255064108393 -0.156332994270091 -0.12891669527495186
vn 0.6533527248609831 0.5673546215886351 0.5012374190727835
vn -0.6533527248609831 -0.5673546215886351 -0.5012374190727835
vn 0.5420034032293511 -0.7301780043505285 0.4160197024787181
vn -0.5420034032293511 0.7301780043505285 -0.4160197024787181
vn 0.5916897008242327 -0.7301642010171296 0.3417068004760025
vn -0.5916897008242327 0.7301642010171296 -0.3417068004760025
vn 0.631203283490465 -0.7301980809011912 0.2615208931597497
vn -0.631203283490465 0.7301980809011912 -0.2615208931597497
vn 0.6599630082926004 -0.7301795091748883 0.17688050222254761
vn -0.6599630082926004 0.7301795091748883 -0.17688050222254761
vn 0.6773766041258568 -0.7302084044476519 0.08919990054331063
vn -0.6773766041258568 0.7302084044476519 -0.08919990054331063
vn 0.6832497018102257 -0.7301848019345772 0
vn -0.6832497018102257 0.7301848019345772 0
vn 0.6773766041258568 -0.7302084044476519 -0.08919990054331095
vn -0.6773766041258568 0.7302084044476519 0.08919990054331095
vn 0.6599630082926004 -0.7301795091748883 -0.17688050222254792
vn -0.6599630082926004 0.7301795091748883 0.17688050222254792
vn 0.6312032834904648 -0.7301980809011911 -0.26152089315974997
vn -0.6312032834904648 0.7301980809011911 0.26152089315974997
vn -0.4961491810974211 -0.1557333940667791 0.8541563674578561
vn 0.4961491810974211 0.1557333940667791 -0.8541563674578561
vn -0.6027407011607158 -0.15659340030155677 0.7824207015067309
vn 0.6027407011607158 0.15659340030155677 -0.7824207015067309
vn -0.7001342239386117 -0.15652300535175032 0.6966438238192698
vn 0.7001342239386117 0.15652300535175032 -0.6966438238192698
vn -0.7853759859669138 -0.15654659720282793 0.5988970892989158
vn 0.7853759859669138 0.15654659720282793 -0.5988970892989158
vn 0.0013192559662437535 0.0003327723914850187 0.9999990744126871
vn -0.13058899353901798 -0.027296568649483342 0.9910607509665743
vn 0.13058899353901798 0.027296568649483342 -0.9910607509665743
vn -0.0013192559662437535 -0.0003327723914850187 -0.9999990744126871
vn -0.3790699996655655 -0.1519558998659371 0.9128062991946765
vn 0.3790699996655655 0.1519558998659371 -0.9128062991946765
vn -0.1305261948127925 0.000029309218835450117 -0.9914448605992482
vn 0.1305261948127925 -0.000029309218835450117 0.9914448605992482
vn -0.13047189745309642 0.027194449469145357 -0.9910789806534385
vn 0.13047189745309642 -0.027194449469145357 0.9910789806534385
vn -0.1288816039008718 0.15658180473927666 -0.9792199296381431
vn 0.1288816039008718 -0.15658180473927666 0.9792199296381431
vn -0.11480240258863292 0.4743483106958883 -0.8728196196808562
vn 0.11480240258863292 -0.4743483106958883 0.8728196196808562
vn -0.8562301016265933 -0.15623160029679564 0.4924040009354273
vn 0.8562301016265933 0.15623160029679564 -0.4924040009354273
vn -0.0934355379223379 0.6970564845000322 -0.7109022841921524
vn 0.0934355379223379 -0.6970564845000322 0.7109022841921524
vn -0.9123822845597092 -0.1586840973145812 0.37732999361442576
vn 0.9123822845597092 0.1586840973145812 -0.37732999361442576
vn -0.08937176206361827 0.7276636168019507 -0.6800870157033938
vn 0.08937176206361827 -0.7276636168019507 0.6800870157033938
vn -0.9540359766905497 -0.15619019618388863 0.25577329375082797
vn 0.9540359766905497 0.15619019618388863 -0.25577329375082797
vn -0.9910866845430972 -0.026912219580279367 0.13047189796517147
vn 0.9910866845430972 0.026912219580279367 -0.13047189796517147
vn -0.9912746742000148 0.0005498966856877658 0.13181129656933685
vn 0.9912746742000148 -0.0005498966856877658 -0.13181129656933685
vn -0.09449185813995994 0.6886490864441773 -0.7189114858484721
vn 0.09449185813995994 -0.6886490864441773 0.7189114858484721
vn 0.8504359194321294 0.4741786108347964 0.227845105206172
vn -0.8504359194321294 -0.4741786108347964 -0.227845105206172
vn 0.6626120008001403 0.6968867008415288 0.27439800033135076
vn -0.6626120008001403 -0.6968867008415288 -0.27439800033135076
vn 0.5942073127531002 0.7275220156143504 0.34297140736098114
vn -0.5942073127531002 -0.7275220156143504 -0.34297140736098114
vn 0.5754269786186617 0.6884986744172177 0.44142198359793156
vn -0.5754269786186617 -0.6884986744172177 -0.44142198359793156
vn 0.48308252114373745 -0.7301398319570348 0.48324642115091093
vn -0.48308252114373745 0.7301398319570348 -0.48324642115091093
vn 0.6126681013946226 -0.4991376011361921 0.6127801013948774
vn -0.6126681013946226 0.4991376011361921 -0.6127801013948774
vn 0.6552910580784177 -0.3756018759712503 0.6553753580730247
vn -0.6552910580784177 0.3756018759712503 -0.6553753580730247
vn 0.6930518284084133 -0.19823380812566654 0.6930963284102373
vn -0.6930518284084133 0.19823380812566654 -0.6930963284102373
vn 0.7066748993086023 -0.034789229965963016 0.7066825993085949
vn -0.7066748993086023 0.034789229965963016 -0.7066825993085949
vn 0.7071067083749515 -0.00025400970300864064 0.7071068083749528
vn -0.7071067083749515 0.00025400970300864064 -0.7071068083749528
vn 0.7068162002953671 0.02882545001204553 0.7068097002953643
vn -0.7068162002953671 -0.02882545001204553 -0.7068097002953643
vn 0.6957477886147381 0.1786779970761015 0.6957076886153942
vn -0.6957477886147381 -0.1786779970761015 -0.6957076886153942
vn 0.6501623993567749 0.39330969961088674 0.6500740993568622
vn -0.6501623993567749 -0.39330969961088674 -0.6500740993568622
vn 0.5916897008242327 -0.7301642010171296 -0.3417068004760028
vn -0.5916897008242327 0.7301642010171296 0.3417068004760028
vn 0.6874092264162434 -0.4991550191818787 -0.5275536202732001
vn -0.6874092264162434 0.4991550191818787 0.5275536202732001
vn 0.6552910580784177 -0.37560187597124994 -0.6553753580730249
vn -0.6552910580784177 0.37560187597124994 0.6553753580730249
vn 0.5966547019501479 -0.1982149006478593 -0.7776336025416722
vn -0.5966547019501479 0.1982149006478593 0.7776336025416722
vn 0.4996923209142071 -0.03474275145412882 -0.8655059362250322
vn -0.4996923209142071 0.03474275145412882 0.8655059362250322
vn 0.38268340995471695 -0.00018115830471225326 -0.9238795240328138
vn -0.38268340995471695 0.00018115830471225326 0.9238795240328138
vn 0.25871680381246576 0.028926070426256455 -0.9655200142279586
vn -0.25871680381246576 -0.028926070426256455 0.9655200142279586
vn 0.12846210446369014 0.1788074062130454 -0.9754616338944977
vn -0.12846210446369014 -0.1788074062130454 0.9754616338944977
vn 0.00008834916776790133 0.393455690059534 -0.9193435767732325
vn -0.00008834916776790133 -0.393455690059534 0.9193435767732325
vn 0.13381179945487232 0.0005736591976627849 0.9910065959627989
vn -0.00000804011099820897 -0.02713419999395576 0.9996317997773202
vn 0.00000804011099820897 0.02713419999395576 -0.9996317997773202
vn -0.13381179945487232 -0.0005736591976627849 -0.9910065959627989
vn -0.2560050097994559 -0.1558936059673542 0.9540223365184254
vn 0.2560050097994559 0.1558936059673542 -0.9540223365184254
vn -0.9792367843827697 -0.15647529750447414 0.12888289794452784
vn 0.9792367843827697 0.15647529750447414 -0.12888289794452784
vn -0.9996326088486496 -0.027104180239923538 -0.00010363380091736223
vn 0.9996326088486496 0.027104180239923538 0.00010363380091736223
vn -0.9999993652009703 0.00016945609410308837 0.0011139489612356326
vn 0.9999993652009703 -0.00016945609410308837 -0.0011139489612356326
vn 0.9999999747893906 -0.00022454669433904085 0
vn -0.9999999747893906 0.00022454669433904085 0
vn -0.10734420463912896 0.5675254245269287 -0.8163284352795279
vn 0.10734420463912896 -0.5675254245269287 0.8163284352795279
vn 0.9910850563131589 0.026942608812374886 0.13047799424855477
vn -0.9910850563131589 -0.026942608812374886 -0.13047799424855477
vn 0.9540489756665758 0.15634989601222946 0.2556271934801199
vn -0.9540489756665758 -0.15634989601222946 -0.2556271934801199
vn 0.5823414114607819 0.5673670111660777 0.5822140114582748
vn -0.5823414114607819 -0.5673670111660777 -0.5822140114582748
vn 0.27187370779088105 -0.9230691264517 0.2720810077968213
vn -0.27187370779088105 0.9230691264517 -0.2720810077968213
vn 0.30503300401085304 -0.9230906121376401 0.2342191030797269
vn -0.30503300401085304 0.9230906121376401 -0.2342191030797269
vn 0.3330225218635654 -0.9230828606021549 0.1923903126307917
vn -0.3330225218635654 0.9230828606021549 -0.1923903126307917
vn 0.35525259011899385 -0.923101874324817 0.14723629590476509
vn -0.35525259011899385 0.923101874324817 -0.14723629590476509
vn 0.3714622927608661 -0.9230914820106024 0.09958855805919742
vn -0.3714622927608661 0.9230914820106024 -0.09958855805919742
vn 0.38124811072079356 -0.9231077259580234 0.05021956141218661
vn -0.38124811072079356 0.9231077259580234 -0.05021956141218661
vn 0.3845734055188361 -0.9230944132469033 0
vn -0.3845734055188361 0.9230944132469033 0
vn 0.38124811072079356 -0.9231077259580234 -0.050219561412187017
vn -0.38124811072079356 0.9231077259580234 0.050219561412187017
vn 0.3714622927608661 -0.9230914820106024 -0.09958855805919782
vn -0.3714622927608661 0.9230914820106024 0.09958855805919782
vn 0.35525259011899385 -0.923101874324817 -0.14723629590476547
vn -0.35525259011899385 0.923101874324817 0.14723629590476547
vn -0.3370308015231483 -0.47007880212443426 0.8157427036865981
vn 0.3370308015231483 0.47007880212443426 -0.8157427036865981
vn -0.4360363856797348 -0.47625578435885335 0.7635788749226154
vn 0.4360363856797348 0.47625578435885335 -0.7635788749226154
vn -0.5344514101141696 -0.4746979089833709 0.6993022132338713
vn 0.5344514101141696 0.4746979089833709 -0.6993022132338713
vn -0.6213998017411932 -0.47459150132982925 0.6233981017467926
vn 0.6213998017411932 0.47459150132982925 -0.6233981017467926
vn -0.6972626878265257 -0.47482249171009794 0.5369993906245545
vn 0.6972626878265257 0.47482249171009794 -0.5369993906245545
vn 0.26075169686525407 0.00015243429816722692 0.9654058883939312
vn 0.13056529471654857 -0.027297058895398223 0.9910638598956386
vn -0.13056529471654857 0.027297058895398223 -0.9910638598956386
vn -0.26075169686525407 -0.00015243429816722692 -0.9654058883939312
vn -0.25881900915647044 0.00005811696205626997 -0.965925834172418
vn 0.25881900915647044 -0.00005811696205626997 0.965925834172418
vn -0.12897989849940272 -0.15666619817729086 0.9791934886077203
vn 0.12897989849940272 0.15666619817729086 -0.9791934886077203
vn -0.2587174076768596 0.02722452080782689 -0.9655693286511072
vn 0.2587174076768596 -0.02722452080782689 0.9655693286511072
vn -0.25559210684538286 0.15662150419470786 -0.9540138255508278
vn 0.25559210684538286 -0.15662150419470786 0.9540138255508278
vn -0.22773860466604412 0.47442070972021405 -0.8503294174220551
vn 0.22773860466604412 -0.47442070972021405 0.8503294174220551
vn -0.7605836304896991 -0.4739150189979455 0.44375341778885
vn 0.7605836304896991 0.4739150189979455 -0.44375341778885
vn -0.18542069674573883 0.6970991877654285 -0.6925834878446818
vn 0.18542069674573883 -0.6970991877654285 0.6925834878446818
vn -0.8515063816232962 -0.47350508978109507 0.22523279513915975
vn 0.8515063816232962 0.47350508978109507 -0.22523279513915975
vn -0.1773716962761708 0.7276952847224052 -0.6625698860896798
vn 0.1773716962761708 -0.7276952847224052 0.6625698860896798
vn -0.8728513962163987 -0.4743149979439583 0.11469839950280987
vn 0.8728513962163987 0.4743149979439583 -0.11469839950280987
vn -0.9876799376732026 -0.156487505968923 -0.000034546851317759727
vn 0.9876799376732026 0.156487505968923 0.000034546851317759727
vn -0.9910765710552116 -0.02723617920455644 -0.13048149618923563
vn 0.9910765710552116 0.02723617920455644 0.13048149618923563
vn -0.9917308982385264 0.00017410749969078558 -0.12833469977205691
vn 0.9917308982385264 -0.00017410749969078558 0.12833469977205691
vn 0.9914448347522825 -0.0002226257078035408 0.13052620457522535
vn -0.9914448347522825 0.0002226257078035408 -0.13052620457522535
vn -0.18751780027167206 0.6886744009977379 -0.7004032010147301
vn 0.18751780027167206 -0.6886744009977379 0.7004032010147301
vn 0.8134448877309493 0.4741398928486286 0.3368957949186582
vn -0.8134448877309493 -0.4741398928486286 -0.3368957949186582
vn 0.6211098859494448 0.6969180842345353 0.3585075918899526
vn -0.6211098859494448 -0.6969180842345353 -0.3585075918899526
vn 0.5443684201975685 0.7275213269930461 0.4175832154934882
vn -0.5443684201975685 -0.7275213269930461 -0.4175832154934882
vn 0.5128853259850819 0.6885171348833806 0.5127307259772493
vn -0.5128853259850819 -0.6885171348833806 -0.5127307259772493
vn 0.23401179238719635 -0.923074669970803 0.30524029007001136
vn -0.23401179238719635 0.923074669970803 -0.30524029007001136
vn 0.4158556922535775 -0.7301496863990129 0.5421673899006847
vn -0.4158556922535775 0.7301496863990129 -0.5421673899006847
vn 0.5274415854033022 -0.49911908618711426 0.6875212809731719
vn -0.5274415854033022 0.49911908618711426 -0.6875212809731719
vn 0.5641420752668441 -0.3755752835340026 0.7353141677623054
vn -0.5641420752668441 0.3755752835340026 -0.7353141677623054
vn 0.5966547019501479 -0.19821490064785957 0.7776336025416721
vn -0.5966547019501479 0.19821490064785957 -0.7776336025416721
vn 0.608388503957084 -0.034766220226126826 0.7928775051570385
vn -0.608388503957084 0.034766220226126826 -0.7928775051570385
vn 0.608761413837356 -0.00023192340527187482 0.7933533180331934
vn -0.608761413837356 0.00023192340527187482 -0.7933533180331934
vn 0.6085122155487462 0.028846680737092206 0.7930200202633024
vn -0.6085122155487462 -0.028846680737092206 -0.7930200202633024
vn 0.5989876071334602 0.17870170212819325 0.7805636092958844
vn -0.5989876071334602 -0.17870170212819325 -0.7805636092958844
vn 0.5597491953593602 0.3933300967390692 0.7293642939531544
vn -0.5597491953593602 -0.3933300967390692 -0.7293642939531544
vn 0.3330225218635654 -0.9230828606021549 -0.19239031263079212
vn -0.3330225218635654 0.9230828606021549 0.19239031263079212
vn 0.5420034032293513 -0.7301780043505283 -0.4160197024787185
vn -0.5420034032293513 0.7301780043505283 0.4160197024787185
vn 0.6126681013946226 -0.49913760113619177 -0.6127801013948776
vn -0.6126681013946226 0.49913760113619177 0.6127801013948776
vn 0.5641420752668441 -0.37557528353400227 -0.7353141677623057
vn -0.5641420752668441 0.37557528353400227 0.7353141677623057
vn 0.4900485954710591 -0.19818819816838015 -0.8488661921549315
vn -0.4900485954710591 0.19818819816838015 0.8488661921549315
vn 0.38244610416063113 -0.03471548037766951 -0.923325410044857
vn -0.38244610416063113 0.03471548037766951 0.923325410044857
vn 0.2588190065504101 -0.00015334820388085145 -0.965925824446467
vn -0.2588190065504101 0.00015334820388085145 0.965925824446467
vn 0.13047789300187512 0.028954018447064064 -0.9910283468466268
vn -0.13047789300187512 -0.028954018447064064 0.9910283468466268
vn 0.000040156640945792595 0.17883420421200757 -0.9838792231728966
vn -0.000040156640945792595 -0.17883420421200757 0.9838792231728966
vn -0.11991009882221844 0.39348279613513154 -0.9114783910472721
vn 0.11991009882221844 -0.39348279613513154 0.9114783910472721
vn 0.38490990721308066 0.000246365304616597 0.922954117295846
vn 0.2586153913160808 -0.02738682908039133 0.9655920675768582
vn -0.2586153913160808 0.02738682908039133 -0.9655920675768582
vn -0.38490990721308066 -0.000246365304616597 -0.922954117295846
vn -0.3826834148213622 0.00008593030332829331 -0.9238795357819353
vn 0.3826834148213622 -0.00008593030332829331 0.9238795357819353
vn -0.00006965225789214971 -0.1567092952575878 0.9876447701114167
vn 0.00006965225789214971 0.1567092952575878 -0.9876447701114167
vn -0.2302610003777593 -0.4760581007810068 0.8487335013924067
vn 0.2302610003777593 0.4760581007810068 -0.8487335013924067
vn -0.8090077231762027 -0.48250471382264576 0.33570180961708135
vn 0.8090077231762027 0.48250471382264576 -0.33570180961708135
vn -0.8803260211976635 -0.4743691114224918 -0.00020622930496596946
vn 0.8803260211976635 0.4743691114224918 0.00020622930496596946
vn -0.9792286332863858 -0.15647530531897985 -0.12894480438315056
vn 0.9792286332863858 0.15647530531897985 0.12894480438315056
vn -0.9655507924886076 -0.02715388978875935 -0.2587939979867416
vn 0.9655507924886076 0.02715388978875935 0.2587939979867416
vn -0.966722800021214 0.0004335558000095709 -0.25582580000561395
vn 0.966722800021214 -0.0004335558000095709 0.25582580000561395
vn 0.9659258130833214 -0.00021689550293787474 0.2588190035056649
vn 0.9655754077166074 0.02694961021537366 0.2587235020676456
vn -0.9655754077166074 -0.02694961021537366 -0.2587235020676456
vn -0.9659258130833214 0.00021689550293787474 -0.2588190035056649
vn -0.21297770217221712 0.5675456057885512 -0.7953191081116743
vn 0.21297770217221712 -0.5675456057885512 0.7953191081116743
vn 0.9125228238794085 0.1563480040914021 0.37796480989079495
vn -0.9125228238794085 -0.1563480040914021 -0.37796480989079495
vn 0.501364798595033 0.5673887984100147 0.6532252981694766
vn -0.501364798595033 -0.5673887984100147 -0.6532252981694766
vn 0.12150810249856445 -0.9798313201482177 0.15863910326208697
vn -0.12150810249856445 0.9798313201482177 -0.15863910326208697
vn 0.1411779948109069 -0.9798343639855223 0.14139799480282042
vn -0.1411779948109069 0.9798343639855223 -0.14139799480282042
vn 0.15841910132259512 -0.9798396081803968 0.12172810101627239
vn -0.15841910132259512 0.9798396081803968 -0.12172810101627239
vn 0.17295649859155038 -0.9798414920207833 0.09998349918579666
vn -0.17295649859155038 0.9798414920207833 -0.09998349918579666
vn 0.1845190965397115 -0.9798454816249477 0.07652146856499191
vn -0.1845190965397115 0.9798454816249477 -0.07652146856499191
vn 0.19293329518268115 -0.9798459755343913 0.05175526870773123
vn -0.19293329518268115 0.9798459755343913 -0.05175526870773123
vn 0.19802950213550044 -0.9798485105664403 0.026100050281456167
vn -0.19802950213550044 0.9798485105664403 -0.026100050281456167
vn 0.1997470012718641 -0.9798475062390567 0
vn -0.1997470012718641 0.9798475062390567 0
vn 0.19802950213550044 -0.9798485105664403 -0.026100050281456604
vn -0.19802950213550044 0.9798485105664403 0.026100050281456604
vn 0.19293329518268115 -0.9798459755343913 -0.05175526870773165
vn -0.19293329518268115 0.9798459755343913 0.05175526870773165
vn 0.1845190965397115 -0.9798454816249477 -0.07652146856499233
vn -0.1845190965397115 0.9798454816249477 0.07652146856499233
vn -0.35869901349800554 -0.6969801262276764 0.6209297233658652
vn 0.35869901349800554 0.6969801262276764 -0.6209297233658652
vn -0.43669260673803373 -0.6969396107535659 0.5688363087769707
vn 0.43669260673803373 0.6969396107535659 -0.5688363087769707
vn -0.5071905713373734 -0.6969465606137808 0.5069745713495799
vn 0.5071905713373734 0.6969465606137808 -0.5069745713495799
vn -0.5690436245454099 -0.6969099300608587 0.4364698188269055
vn 0.5690436245454099 0.6969099300608587 -0.4364698188269055
vn -0.6211284716562656 -0.6969209681976537 0.3584697836420758
vn 0.6211284716562656 0.6969209681976537 -0.3584697836420758
vn 0.5017323180579782 0.00009813145353168256 0.8650229311332651
vn 0.3826704877260647 -0.027272589125247628 0.9234822703798385
vn -0.3826704877260647 0.027272589125247628 -0.9234822703798385
vn -0.5017323180579782 -0.00009813145353168256 -0.8650229311332651
vn -0.4999999984873866 0.00011227329966054008 -0.8660253973800767
vn -0.38253609364621466 0.027251049547370187 -0.9235385846603602
vn 0.38253609364621466 -0.027251049547370187 0.9235385846603602
vn 0.4999999984873866 -0.00011227329966054008 0.8660253973800767
vn 0.12884760307082754 -0.15672420373521134 0.9792016233373322
vn -0.12884760307082754 0.15672420373521134 -0.9792016233373322
vn -0.11519939515405864 -0.47448508004046075 0.8726929632895735
vn 0.11519939515405864 0.47448508004046075 -0.8726929632895735
vn -0.27458700594631624 -0.6969861150935762 0.662429114345227
vn 0.27458700594631624 0.6969861150935762 -0.662429114345227
vn -0.37792960272179416 0.15663780112808293 -0.9124877065716042
vn 0.37792960272179416 -0.15663780112808293 0.9124877065716042
vn -0.3367892936561881 0.47439819106416714 -0.8133383846798403
vn 0.3367892936561881 -0.47439819106416714 0.8133383846798403
vn -0.6626185757338845 -0.6968966744785677 0.2743567899526305
vn 0.6626185757338845 0.6968966744785677 -0.2743567899526305
vn -0.2742414922347275 0.6970970802613795 -0.6624554812422718
vn 0.2742414922347275 -0.6970970802613795 0.6624554812422718
vn -0.6927299192709638 -0.6969235193876252 0.1855340051613463
vn 0.6927299192709638 0.6969235193876252 -0.1855340051613463
vn -0.711044227072742 -0.6968962265340621 0.09355082356191231
vn 0.711044227072742 0.6968962265340621 -0.09355082356191231
vn -0.2623404118664493 0.7277024329161795 -0.6337402286659849
vn 0.2623404118664493 -0.7277024329161795 0.6337402286659849
vn -0.7171509092331477 -0.6969179089726526 -0.00003923334050527469
vn 0.7171509092331477 0.6969179089726526 0.00003923334050527469
vn -0.872799482964224 -0.4743149907420615 -0.11509279775355616
vn 0.872799482964224 0.4743149907420615 0.11509279775355616
vn -0.9538991780819535 -0.15585499641886985 -0.25648699410661635
vn 0.9538991780819535 0.15585499641886985 0.25648699410661635
vn -0.9236093170641821 -0.02694876049789285 -0.38238670706480143
vn 0.9236093170641821 0.02694876049789285 0.38238670706480143
vn -0.9251425513877601 0.0008114439450723673 -0.3796190210862328
vn 0.9251425513877601 -0.0008114439450723673 0.3796190210862328
vn 0.9238795193123094 -0.00020745410433660043 0.3826834079994201
vn 0.9235446678692081 0.026957779062119137 0.3825421866910786
vn -0.9235446678692081 -0.026957779062119137 -0.3825421866910786
vn -0.9238795193123094 0.00020745410433660043 -0.3826834079994201
vn -0.2773348025708215 0.6886902063839794 -0.6699188062099731
vn 0.2773348025708215 -0.6886902063839794 0.6699188062099731
vn 0.8553805195762944 0.1563721035787421 0.4938339113019151
vn -0.8553805195762944 -0.1563721035787421 -0.4938339113019151
vn 0.762491026176203 0.47419831627915726 0.4401629151107272
vn -0.762491026176203 -0.47419831627915726 -0.4401629151107272
vn 0.5690199268768203 0.6969077329174129 0.43650422061763583
vn -0.5690199268768203 -0.6969077329174129 -0.43650422061763583
vn 0.48519820966599025 0.7275465144939889 0.48503480966273516
vn -0.48519820966599025 -0.7275465144939889 -0.48503480966273516
vn 0.44157662571333 0.6885287400935322 0.575272333498529
vn -0.44157662571333 -0.6885287400935322 -0.575272333498529
vn 0.09976347607510688 -0.9798250614517376 0.17317649318689288
vn -0.09976347607510688 0.9798250614517376 -0.17317649318689288
vn 0.1921831037134494 -0.9230512178356158 0.33322980643881783
vn -0.1921831037134494 0.9230512178356158 -0.33322980643881783
vn 0.3415429122891633 -0.7301080262702475 0.5918536212956718
vn -0.3415429122891633 0.7301080262702475 -0.5918536212956718
vn 0.43318891359108797 -0.49909731565893173 0.7504993235465449
vn -0.43318891359108797 0.49909731565893173 -0.7504993235465449
vn 0.46333609307071383 -0.3755587943834415 0.8026675879959416
vn -0.46333609307071383 0.3755587943834415 -0.8026675879959416
vn 0.490048595471059 -0.19818819816838054 0.8488661921549313
vn -0.490048595471059 0.19818819816838054 -0.8488661921549313
vn 0.4996923209142071 -0.03474275145412921 0.8655059362250322
vn -0.4996923209142071 0.03474275145412921 -0.8655059362250322
vn 0.4999999908741706 -0.0002075045962128891 0.8660253841935998
vn -0.4999999908741706 0.0002075045962128891 -0.8660253841935998
vn 0.49979639112625385 0.02887192948738672 0.865661584630419
vn -0.49979639112625385 -0.02887192948738672 -0.865661584630419
vn 0.4919797847383347 0.17872379445582334 0.8520643735681797
vn -0.4919797847383347 -0.17872379445582334 -0.8520643735681797
vn 0.4597601157403981 0.3933524134668565 0.7961749272579329
vn -0.4597601157403981 -0.3933524134668565 -0.7961749272579329
vn 0.17295649859155038 -0.9798414920207833 -0.0999834991857971
vn -0.17295649859155038 0.9798414920207833 0.0999834991857971
vn 0.30503300401085304 -0.9230906121376401 -0.23421910307972732
vn -0.30503300401085304 0.9230906121376401 0.23421910307972732
vn 0.48308252114373745 -0.7301398319570345 -0.48324642115091127
vn -0.48308252114373745 0.7301398319570345 0.48324642115091127
vn 0.5274415854033022 -0.4991190861871139 -0.687521280973172
vn -0.5274415854033022 0.4991190861871139 0.687521280973172
vn 0.46333609307071383 -0.3755587943834412 -0.802667587995942
vn -0.46333609307071383 0.3755587943834412 0.802667587995942
vn 0.37505629276835595 -0.1981651961790796 -0.9055734825391942
vn -0.37505629276835595 0.1981651961790796 0.9055734825391942
vn 0.25865601301295366 -0.03468863174518078 -0.9653464485664667
vn -0.25865601301295366 0.03468863174518078 0.9653464485664667
vn 0.13052619385665662 -0.0001245371941383146 -0.9914448533366753
vn -0.13052619385665662 0.0001245371941383146 0.9914448533366753
vn 0.00000650829681107302 0.02898415915862961 -0.9995798709835594
vn -0.00000650829681107302 -0.02898415915862961 0.9995798709835594
vn -0.12838180591385664 0.17886500823934542 -0.9754616449342515
vn 0.12838180591385664 -0.17886500823934542 0.9754616449342515
vn -0.23785530106628275 0.3935091017640641 -0.8880177039808991
vn 0.23785530106628275 -0.3935091017640641 0.8880177039808991
vn 0.6097893847155388 0.00019038299522784605 0.7925634801342789
vn 0.49967730251168596 -0.027420910137834577 0.8657775043519311
vn -0.49967730251168596 0.027420910137834577 -0.8657775043519311
vn -0.6097893847155388 -0.00019038299522784605 -0.7925634801342789
vn -0.6087614245219815 0.00013669540550650762 -0.7933533319576682
vn -0.4998093016828698 0.02727865009184806 -0.865705802914852
vn 0.4998093016828698 -0.02727865009184806 0.865705802914852
vn 0.6087614245219815 -0.00013669540550650762 0.7933533319576682
vn 0.2561476049169762 -0.15639910300221713 0.9539013183109659
vn -0.2561476049169762 0.15639910300221713 -0.9539013183109659
vn -0.000312791697064796 -0.4745666955467167 0.8802194917401137
vn 0.000312791697064796 0.4745666955467167 -0.8802194917401137
vn -0.18576619883086462 -0.6970371956131373 0.6925532956413568
vn 0.18576619883086462 0.6970371956131373 -0.6925532956413568
vn -0.711034088742714 -0.696896188966549 -0.09362812851765405
vn 0.711034088742714 0.696896188966549 0.09362812851765405
vn -0.8488403917884837 -0.47591919539605043 -0.23015409777353427
vn 0.8488403917884837 0.47591919539605043 0.23015409777353427
vn -0.9128435304739903 -0.15201230507471572 -0.3789577126509673
vn 0.9128435304739903 0.15201230507471572 0.3789577126509673
vn -0.8656583565909497 -0.02683891865414334 -0.49991527493139515
vn 0.8656583565909497 0.02683891865414334 0.49991527493139515
vn -0.8671262968113655 0.0007939215970806676 -0.49808769816841025
vn 0.8671262968113655 -0.0007939215970806676 0.49808769816841025
vn 0.8660253864635655 -0.00019446309696055005 0.4999999921847359
vn 0.8657118488173073 0.026972028405357236 0.4998154704498655
vn -0.8657118488173073 -0.026972028405357236 -0.4998154704498655
vn -0.8660253864635655 0.00019446309696055005 -0.4999999921847359
vn -0.3149635867979284 0.5675720762095446 -0.7606969681144858
vn 0.3149635867979284 -0.5675720762095446 0.7606969681144858
vn 0.41181490329965453 0.5674053045463179 0.7130636057134009
vn -0.41181490329965453 -0.5674053045463179 -0.7130636057134009
vn 0.06400969926693469 -0.9918872886405001 0.10982879874219534
vn -0.06400969926693469 0.9918872886405001 -0.10982879874219534
vn 0.0769815001791802 -0.9918226023085415 0.10179280023693014
vn -0.0769815001791802 0.9918226023085415 -0.10179280023693014
vn 0.09024679874909354 -0.991893186251417 0.08946184875997346
vn -0.09024679874909354 0.991893186251417 -0.08946184875997346
vn 0.1006967032451267 -0.9918279319633829 0.0783423725247192
vn -0.1006967032451267 0.9918279319633829 -0.0783423725247192
vn 0.11031859867318673 -0.9918976880703433 0.06299827924231292
vn -0.11031859867318673 0.9918976880703433 -0.06299827924231292
vn 0.11753450096446572 -0.9918317081387819 0.049553040406622575
vn -0.11753450096446572 0.9918317081387819 -0.049553040406622575
vn 0.1228571011481966 -0.9919005092700933 0.03224147030132178
vn -0.1228571011481966 0.9919005092700933 -0.03224147030132178
vn 0.1263472982250556 -0.9918336860665828 0.017386759755748167
vn -0.1263472982250556 0.9918336860665828 -0.017386759755748167
vn 0.12700800462998968 -0.9919014361590862 -0.0007125345259751775
vn -0.12700800462998968 0.9919014361590862 0.0007125345259751775
vn 0.12653450439501232 -0.9918337344500618 -0.01596441055450337
vn -0.12653450439501232 0.9918337344500618 0.01596441055450337
vn 0.12248830271089092 -0.9919004219525765 -0.033617980744027824
vn -0.12248830271089092 0.9919004219525765 0.033617980744027824
vn 0.11808350373386499 -0.9918318313622652 -0.04822763152498432
vn -0.11808350373386499 0.9918318313622652 0.04822763152498432
vn -0.3431320840183885 -0.7275799661124656 0.5940435723320142
vn 0.3431320840183885 0.7275799661124656 -0.5940435723320142
vn -0.41774540112220404 -0.7275504019544442 0.544205101461917
vn 0.41774540112220404 0.7275504019544442 -0.544205101461917
vn -0.4851957863196188 -0.7275464794863982 0.48503728632408766
vn 0.4851957863196188 0.7275464794863982 -0.48503728632408766
vn -0.5443673176163091 -0.7275219235433883 0.4175836135134526
vn 0.5443673176163091 0.7275219235433883 -0.4175836135134526
vn -0.5942056016011702 -0.72752200196041 0.3429744009241924
vn 0.5942056016011702 0.72752200196041 -0.3429744009241924
vn -0.6339011289641825 -0.7275028332410275 0.26250521199437643
vn 0.6339011289641825 0.7275028332410275 -0.26250521199437643
vn 0.708665590521635 0.0004401762941125086 0.7055443905633808
vn 0.6086247197576831 -0.027087440879335265 0.7929957257428883
vn -0.6086247197576831 0.027087440879335265 -0.7929957257428883
vn -0.708665590521635 -0.0004401762941125086 -0.7055443905633808
vn -0.7071067722732508 0.00015877849377420692 -0.7071067722732508
vn -0.6085306645840975 0.02730179841106163 -0.7930605538446345
vn 0.6085306645840975 -0.02730179841106163 0.7930605538446345
vn 0.7071067722732508 -0.00015877849377420692 0.7071067722732508
vn 0.3765996060448059 -0.15887660255013095 0.9126505146489672
vn -0.3765996060448059 0.15887660255013095 -0.9126505146489672
vn 0.11459189749797133 -0.4745366896388452 0.8727448809442659
vn -0.11459189749797133 0.4745366896388452 -0.8727448809442659
vn -0.09378464835087094 -0.6970347877431933 0.7108775874997783
vn 0.09378464835087094 0.6970347877431933 -0.7108775874997783
vn -0.2626639979150507 -0.7275845942246484 0.6337414949695468
vn 0.2626639979150507 0.7275845942246484 -0.6337414949695468
vn -0.4400563948029846 0.474468394396583 -0.7623844909963268
vn 0.4400563948029846 -0.474468394396583 0.7623844909963268
vn -0.6627311093374373 -0.7275082102501034 0.17753670250137302
vn 0.6627311093374373 0.7275082102501034 -0.17753670250137302
vn -0.35835109518254826 0.6971379906281059 -0.6209533916522844
vn 0.35835109518254826 -0.6971379906281059 0.6209533916522844
vn -0.6802496131239051 -0.7274914140353306 0.08953606172739924
vn 0.6802496131239051 0.7274914140353306 -0.08953606172739924
vn -0.6861061983904211 -0.7275013982933095 0.0000033946299918747903
vn 0.6861061983904211 0.7275013982933095 -0.0000033946299918747903
vn -0.34280801268373046 0.7277324269257475 -0.5940439219793372
vn 0.34280801268373046 -0.7277324269257475 0.5940439219793372
vn -0.6802489980984769 -0.7274923979664158 -0.08953273974972625
vn 0.6802489980984769 0.7274923979664158 0.08953273974972625
vn -0.6927097815677932 -0.696923381455674 -0.1856096950611406
vn 0.6927097815677932 0.696923381455674 0.1856096950611406
vn -0.8158074042017426 -0.47005390242097034 -0.33690890173521915
vn 0.8158074042017426 0.47005390242097034 0.33690890173521915
vn -0.8544239575547607 -0.15568769226589874 -0.4957025753749714
vn 0.8544239575547607 0.15568769226589874 0.4957025753749714
vn -0.793073131464005 -0.02662584105634078 -0.6085442241430933
vn 0.793073131464005 0.02662584105634078 0.6085442241430933
vn -0.7946902146339528 0.0007766457143018042 -0.6070147111779717
vn 0.7946902146339528 -0.0007766457143018042 0.6070147111779717
vn 0.7933533267810481 -0.00017814490601373228 0.6087614205498211
vn 0.7930666113104281 0.026987080384879805 0.6085368086787311
vn -0.7930666113104281 -0.026987080384879805 -0.6085368086787311
vn -0.7933533267810481 0.00017814490601373228 -0.6087614205498211
vn -0.36240070181151973 0.6887137034426493 -0.6279643031389831
vn 0.36240070181151973 -0.6887137034426493 0.6279643031389831
vn 0.7836061195561329 0.1563769039026334 0.6012551150052746
vn -0.7836061195561329 -0.1563769039026334 -0.6012551150052746
vn 0.6985360091651662 0.47416570622130766 0.5359238070316071
vn -0.6985360091651662 -0.47416570622130766 -0.5359238070316071
vn 0.5071628315646771 0.696943643376209 0.507006331554937
vn -0.5071628315646771 -0.696943643376209 -0.507006331554937
vn 0.4177466044599338 0.7275497077674442 0.5442051058100263
vn -0.4177466044599338 -0.7275497077674442 -0.5442051058100263
vn 0.36271001625754645 0.6885508308625254 0.6279643281468912
vn -0.36271001625754645 -0.6885508308625254 -0.6279643281468912
vn 0.04800491986746186 -0.991816097261667 0.11830619967336485
vn -0.04800491986746186 0.991816097261667 -0.11830619967336485
vn 0.07630144743405172 -0.9798211670495052 0.1847391937873887
vn -0.07630144743405172 0.9798211670495052 -0.1847391937873887
vn 0.1470290063301098 -0.9230551397407323 0.3554598153037804
vn -0.1470290063301098 0.9230551397407323 -0.3554598153037804
vn 0.26135689870472834 -0.7301149963815867 0.6313672968709751
vn -0.26135689870472834 0.7301149963815867 -0.6313672968709751
vn 0.3315220006988053 -0.49907510105198555 0.8006355016876354
vn -0.3315220006988053 0.49907510105198555 -0.8006355016876354
vn 0.35460320152165026 -0.37552820161144235 0.8562915036744623
vn -0.35460320152165026 0.37552820161144235 -0.8562915036744623
vn 0.3750562927683559 -0.19816519617907996 0.9055734825391941
vn -0.3750562927683559 0.19816519617907996 -0.9055734825391941
vn 0.38244610416063113 -0.034715480377669916 0.923325410044857
vn -0.38244610416063113 0.034715480377669916 -0.923325410044857
vn 0.38268340995471695 -0.00018115830471266355 0.9238795240328138
vn -0.38268340995471695 0.00018115830471266355 -0.9238795240328138
vn 0.3825291970145019 0.028897419774466183 0.923491392792493
vn -0.3825291970145019 -0.028897419774466183 -0.923491392792493
vn 0.376554309355185 0.17875170444094027 0.9089855225830047
vn -0.376554309355185 -0.17875170444094027 -0.9089855225830047
vn 0.351905888495433 0.39337678713965923 0.8493626722324916
vn -0.351905888495433 -0.39337678713965923 -0.8493626722324916
vn 0.10960600386244405 -0.9918975349538219 -0.06423242226350888
vn -0.10960600386244405 0.9918975349538219 0.06423242226350888
vn 0.15841910132259512 -0.9798396081803968 -0.12172810101627284
vn -0.15841910132259512 0.9798396081803968 0.12172810101627284
vn 0.271873707790881 -0.9230691264516999 -0.27208100779682165
vn -0.271873707790881 0.9230691264516999 0.27208100779682165
vn 0.41585569225357755 -0.7301496863990127 -0.542167389900685
vn -0.41585569225357755 0.7301496863990127 0.542167389900685
vn 0.4331889135910879 -0.49909731565893134 -0.7504993235465451
vn -0.4331889135910879 0.49909731565893134 0.7504993235465451
vn 0.35460320152165026 -0.375528201611442 -0.8562915036744626
vn -0.35460320152165026 0.375528201611442 0.8562915036744626
vn 0.25364639794941973 -0.1981350983981954 -0.9467871923457888
vn -0.25364639794941973 0.1981350983981954 0.9467871923457888
vn 0.13044010144284626 -0.034658900383374706 -0.9908502109601609
vn -0.13044010144284626 0.034658900383374706 0.9908502109601609
vn -2.1383859903034997e-8 -0.0000952312395679524 -0.9999999954655052
vn 2.1383859903034997e-8 0.0000952312395679524 0.9999999954655052
vn -0.13046479444320364 0.029012608764286327 -0.9910283577898178
vn 0.13046479444320364 -0.029012608764286327 0.9910283577898178
vn -0.254606512938505 0.17889140909084147 -0.9503543482947759
vn 0.254606512938505 -0.17889140909084147 0.9503543482947759
vn -0.35172918855209967 0.39353478719143276 -0.8493626723553814
vn 0.35172918855209967 -0.39353478719143276 0.8493626723553814
vn 0.7067622086637596 -0.02719201033333015 0.706928408665797
vn 0.7946903246913558 0.0004196702130391917 0.6070149188602038
vn -0.7946903246913558 -0.0004196702130391917 -0.6070149188602038
vn -0.7067622086637596 0.02719201033333015 -0.706928408665797
vn -0.706839696554245 0.027325139866793524 -0.7068457965542152
vn 0.706839696554245 -0.027325139866793524 0.7068457965542152
vn 0.49170361153964953 -0.15642110367100173 0.8565979201032483
vn -0.49170361153964953 0.15642110367100173 -0.8565979201032483
vn -0.49379870862966335 0.1566750027380643 -0.8553454149480807
vn 0.49379870862966335 -0.1566750027380643 0.8553454149480807
vn 0.2251838985881319 -0.4738187970292298 0.8513447946622
vn -0.2251838985881319 0.4738187970292298 -0.8513447946622
vn -0.00019576009992379188 -0.6970788997286319 0.7169943997208788
vn 0.00019576009992379188 0.6970788997286319 -0.7169943997208788
vn -0.1776973005108211 -0.7276161020916563 0.6625696019046687
vn 0.1776973005108211 0.7276161020916563 -0.6625696019046687
vn -0.6627329185730073 -0.7275072203882992 -0.17753400497536853
vn 0.6627329185730073 0.7275072203882992 0.17753400497536853
vn -0.6625856023658911 -0.6968990024884137 -0.27443050097990784
vn 0.6625856023658911 0.6968990024884137 0.27443050097990784
vn -0.78178640143801 -0.15654750028795178 -0.6035751011102101
vn 0.78178640143801 0.15654750028795178 0.6035751011102101
vn -0.7069380913858957 -0.026789599673566162 -0.7067678913879697
vn 0.7069380913858957 0.026789599673566162 0.7067678913879697
vn -0.708665206392166 0.0007581482068386599 -0.7055445063640173
vn 0.708665206392166 -0.0007581482068386599 0.7055445063640173
vn 0.706851896688208 0.02700769987346148 0.7068457966882365
vn -0.706851896688208 -0.02700769987346148 -0.7068457966882365
vn -0.41156003027786137 0.5675901417567655 -0.7130636524590357
vn 0.41156003027786137 -0.5675901417567655 0.7130636524590357
vn 0.3152183919108783 0.567430585438619 0.7606969804790249
vn -0.3152183919108783 -0.567430585438619 -0.7606969804790249
vn 0.024413878882205323 -0.9976896543205653 0.06339807709730523
vn -0.024413878882205323 0.9976896543205653 -0.06339807709730523
vn 0.031518491027190516 -0.9980888325278067 0.0531532417322688
vn -0.031518491027190516 0.9980888325278067 -0.0531532417322688
vn 0.03998298802255449 -0.9976931506569183 0.05486107728672604
vn -0.03998298802255449 0.9976931506569183 -0.05486107728672604
vn 0.04419395905620219 -0.9980916786849433 0.04312649907899843
vn -0.04419395905620219 0.9980916786849433 -0.04312649907899843
vn 0.05281206162685964 -0.9976960307337257 0.04258540131183024
vn -0.05281206162685964 0.9976960307337257 -0.04258540131183024
vn 0.053842412418686675 -0.9980938448359606 0.030160761354869073
vn -0.053842412418686675 0.9980938448359606 -0.030160761354869073
vn 0.06202681002034968 -0.9976981003273235 0.02740758000899162
vn -0.06202681002034968 0.9976981003273235 -0.02740758000899162
vn 0.059806309079885676 -0.9980951846444014 0.015139609767078333
vn -0.059806309079885676 0.9980951846444014 -0.015139609767078333
vn 0.06699927111560712 -0.9976992166127233 0.010361990172537625
vn -0.06699927111560712 0.9976992166127233 -0.010361990172537625
vn 0.06167925028670409 -0.9980956046394548 -0.0009132817042454354
vn -0.06167925028670409 0.9980956046394548 0.0009132817042454354
vn 0.06739057031442036 -0.997699304654909 -0.007389758034478197
vn -0.06739057031442036 0.997699304654909 0.007389758034478197
vn 0.0593335587292019 -0.9980950786229352 -0.016903929637954156
vn -0.0593335587292019 0.9980950786229352 0.016903929637954156
vn 0.06317404732883927 -0.9976983578147549 -0.02463790895824625
vn -0.06317404732883927 0.9976983578147549 0.02463790895824625
vn -0.3626945234507931 -0.6885365445188087 0.627988940603973
vn 0.3626945234507931 0.6885365445188087 -0.627988940603973
vn -0.4415725911300497 -0.6885139861696924 0.5752930884439812
vn 0.4415725911300497 0.6885139861696924 -0.5752930884439812
vn -0.5128825779317376 -0.688504770375083 0.5127500779374387
vn 0.5128825779317376 0.688504770375083 -0.5127500779374387
vn -0.5754235945469811 -0.6884830934755694 0.44145069581657903
vn 0.5754235945469811 0.6884830934755694 -0.44145069581657903
vn -0.6281174118157492 -0.6884815129512806 0.36257650682056075
vn 0.6281174118157492 0.6884815129512806 -0.36257650682056075
vn -0.6700757807012013 -0.6884635801716158 0.2775181920072207
vn 0.6700757807012013 0.6884635801716158 -0.2775181920072207
vn -0.7005705036678298 -0.6884554036044015 0.1876969009826851
vn 0.7005705036678298 0.6884554036044015 -0.1876969009826851
vn 0.7930538006928348 -0.027354460023897787 0.6085371005316358
vn 0.8671266168363859 0.0004043094078500801 0.49808760967101584
vn -0.8671266168363859 -0.0004043094078500801 -0.49808760967101584
vn -0.7930538006928348 0.027354460023897787 -0.6085371005316358
vn -0.79305441168152 0.027343230402760006 -0.6085368089636156
vn 0.79305441168152 -0.027343230402760006 0.6085368089636156
vn 0.5997335007714222 -0.15686340020176964 0.7846742010093067
vn -0.5997335007714222 0.15686340020176964 -0.7846742010093067
vn -0.6012199704057262 0.15668789228724175 -0.783570961429735
vn 0.6012199704057262 -0.15668789228724175 0.783570961429735
vn 0.4435159991237433 -0.47395209906361063 0.760698998497083
vn -0.4435159991237433 0.47395209906361063 -0.760698998497083
vn 0.33555270304915735 -0.48295410438858966 0.8088014073495541
vn -0.33555270304915735 0.48295410438858966 -0.8088014073495541
vn 0.09339430549242493 -0.6970768409943863 0.7108877418065911
vn -0.09339430549242493 0.6970768409943863 -0.7108877418065911
vn -0.08969516423389233 -0.7276234343461024 0.6800874321022541
vn 0.08969516423389233 0.7276234343461024 -0.6800874321022541
vn -0.2776299961826806 -0.6885562905325818 0.6699341907886293
vn 0.2776299961826806 0.6885562905325818 -0.6699341907886293
vn -0.5358172971039209 0.4744428974356481 -0.6984294962250059
vn 0.5358172971039209 -0.4744428974356481 0.6984294962250059
vn -0.7190808818642763 -0.6884489826368343 0.09466088761258594
vn 0.7190808818642763 0.6884489826368343 -0.09466088761258594
vn -0.43634770000499623 0.6971335000079824 -0.5688634000065134
vn 0.43634770000499623 -0.6971335000079824 0.5688634000065134
vn -0.7252803932967697 -0.6884535936371327 0.000022525559791660043
vn 0.7252803932967697 0.6884535936371327 -0.000022525559791660043
vn -0.7190803703018407 -0.6884552715666633 -0.09461902609221598
vn 0.7190803703018407 0.6884552715666633 0.09461902609221598
vn -0.41741978787200595 0.727737278855834 -0.5442050841883009
vn 0.41741978787200595 -0.727737278855834 0.5442050841883009
vn -0.7005712047893149 -0.6884630047065396 -0.18766640128294398
vn 0.7005712047893149 0.6884630047065396 0.18766640128294398
vn -0.6339048454938183 -0.727501252211006 -0.26250061883903497
vn 0.6339048454938183 0.727501252211006 0.26250061883903497
vn -0.6210862765964199 -0.6969211737388328 -0.3585424864895136
vn 0.6210862765964199 0.6969211737388328 0.3585424864895136
vn -0.7636857932456842 -0.4761821957884708 -0.43592949614448057
vn 0.7636857932456842 0.4761821957884708 0.43592949614448057
vn -0.697637978935739 -0.15664239527038878 -0.6991168788910855
vn 0.697637978935739 0.15664239527038878 0.6991168788910855
vn -0.6084536917503802 -0.026892649635380243 -0.7931335892464282
vn 0.6084536917503802 0.026892649635380243 0.7931335892464282
vn -0.609789204426034 0.00046423540336973666 -0.792563505752665
vn 0.609789204426034 -0.00046423540336973666 0.792563505752665
vn 0.6085428644715677 0.027028508421999997 0.7930605536989096
vn -0.6085428644715677 -0.027028508421999997 -0.7930605536989096
vn 0.6984217148122188 0.1564073033171063 0.6983866148114742
vn -0.6984217148122188 -0.1564073033171063 -0.6983866148114742
vn -0.4412673155049025 0.6887270241999466 -0.5752723202134644
vn 0.4412673155049025 -0.6887270241999466 0.5752723202134644
vn 0.6225908501260513 0.474229762010828 0.622484350134583
vn -0.6225908501260513 -0.474229762010828 -0.622484350134583
vn 0.43666077794372976 0.6969374647968356 0.5688633712660152
vn -0.43666077794372976 -0.6969374647968356 -0.5688633712660152
vn 0.3431348044187511 0.7275784093694599 0.594043907649857
vn -0.3431348044187511 -0.7275784093694599 -0.594043907649857
vn 0.27764409578513916 0.6885655895470199 0.6699187898300937
vn -0.27764409578513916 -0.6885655895470199 -0.6699187898300937
vn 0.01667982000873635 -0.9980855005227648 0.05955768003119417
vn -0.01667982000873635 0.9980855005227648 -0.05955768003119417
vn 0.03339526065428618 -0.9918804194331061 0.12271100240417662
vn -0.03339526065428618 0.9918804194331061 -0.12271100240417662
vn 0.05153525139621644 -0.979814226545572 0.1931533052329969
vn -0.05153525139621644 0.979814226545572 -0.1931533052329969
vn 0.09938129733270491 -0.9230303752267838 0.37166959002475786
vn -0.09938129733270491 0.9230303752267838 -0.37166959002475786
vn 0.17671650790657417 -0.7300710326645251 0.6601269295351156
vn -0.17671650790657417 0.7300710326645251 -0.6601269295351156
vn 0.22418101514910774 -0.49905033372349483 0.8370732565655076
vn -0.22418101514910774 0.49905033372349483 -0.8370732565655076
vn 0.23979970022991878 -0.375508600360036 0.8952594008583702
vn -0.23979970022991878 0.375508600360036 -0.8952594008583702
vn 0.25364639794941973 -0.19813509839819582 0.9467871923457888
vn -0.25364639794941973 0.19813509839819582 -0.9467871923457888
vn 0.25865601301295366 -0.034688631745181206 0.9653464485664667
vn -0.25865601301295366 0.034688631745181206 -0.9653464485664667
vn 0.2588190065504101 -0.0001533482038812804 0.965925824446467
vn -0.2588190065504101 0.0001533482038812804 -0.965925824446467
vn 0.25871680381246576 0.028926070426256032 0.9655200142279586
vn -0.25871680381246576 -0.028926070426256032 -0.9655200142279586
vn 0.254686811065233 0.17877710776722708 0.9503543412895044
vn -0.254686811065233 -0.17877710776722708 -0.9503543412895044
vn 0.23803200481989462 0.3934022079659756 0.8880177179814134
vn -0.23803200481989462 -0.3934022079659756 -0.8880177179814134
vn 0.05292913210517346 -0.9980936396976138 -0.031742611262512946
vn -0.05292913210517346 0.9980936396976138 0.031742611262512946
vn 0.1015701022748989 -0.9918281222142998 -0.07720421172916829
vn -0.1015701022748989 0.9918281222142998 0.07720421172916829
vn 0.1411779948109069 -0.9798343639855223 -0.14139799480282086
vn -0.1411779948109069 0.9798343639855223 0.14139799480282086
vn 0.23401179238719635 -0.923074669970803 -0.3052402900700118
vn -0.23401179238719635 0.923074669970803 0.3052402900700118
vn 0.34154291228916334 -0.7301080262702473 -0.5918536212956722
vn -0.34154291228916334 0.7301080262702473 0.5918536212956722
vn 0.3315220006988052 -0.49907510105198516 -0.8006355016876356
vn -0.3315220006988052 0.49907510105198516 0.8006355016876356
vn 0.23979970022991873 -0.37550860036003564 -0.8952594008583704
vn -0.23979970022991873 0.37550860036003564 0.8952594008583704
vn 0.12789540469534413 -0.1981097072730778 -0.9718000356770881
vn -0.12789540469534413 0.1981097072730778 0.9718000356770881
vn -0.00000777617486464086 -0.034630549397189084 -0.9994001826035355
vn 0.00000777617486464086 0.034630549397189084 0.9994001826035355
vn -0.13052619458526882 -0.00006591876726521453 -0.9914448588710342
vn 0.13052619458526882 0.00006591876726521453 0.9914448588710342
vn -0.25870380273973764 0.029042250307564865 -0.9655200102250971
vn 0.25870380273973764 -0.029042250307564865 0.9655200102250971
vn -0.3764740066713284 0.17892080317057615 -0.908985516107728
vn 0.3764740066713284 -0.17892080317057615 0.908985516107728
vn -0.45958340443158346 0.39355890379493513 -0.796174907677204
vn 0.45958340443158346 -0.39355890379493513 0.796174907677204
vn 0.865762828665859 -0.027142740898710424 0.4997179165459209
vn 0.9251428266700673 0.0003959685114149173 0.3796190109436773
vn -0.9251428266700673 -0.0003959685114149173 -0.3796190109436773
vn -0.865762828665859 0.027142740898710424 -0.4997179165459209
vn -0.8656996486881672 0.027360808378267643 -0.49981547037488944
vn 0.8656996486881672 -0.027360808378267643 0.49981547037488944
vn 0.6960589562289256 -0.15678169014091714 0.7006578559397276
vn -0.6960589562289256 0.15678169014091714 -0.7006578559397276
vn -0.6983514134647985 0.15672090302171007 -0.6983866134654771
vn 0.6983514134647985 -0.15672090302171007 0.6983866134654771
vn 0.5370688025597424 -0.47493850226362117 0.6971302033226167
vn -0.5370688025597424 0.47493850226362117 -0.6971302033226167
vn 0.18537749979031026 -0.697120699211452 0.6925733992165954
vn -0.18537749979031026 0.697120699211452 -0.6925733992165954
vn -0.00016240940142484586 -0.7276560063838525 0.6859422060178898
vn 0.00016240940142484586 0.7276560063838525 -0.6859422060178898
vn -0.1878069067940023 -0.6885739249094824 0.7004245253381832
vn 0.1878069067940023 0.6885739249094824 -0.7004245253381832
vn -0.6700962847339303 -0.6884595843155793 -0.2774785936785093
vn 0.6700962847339303 0.6884595843155793 0.2774785936785093
vn -0.5942072775490254 -0.7275225725119642 -0.3429702870415301
vn 0.5942072775490254 0.7275225725119642 0.3429702870415301
vn -0.6992455301275747 -0.4748220204581013 -0.5344153230257285
vn 0.6992455301275747 0.4748220204581013 0.5344153230257285
vn -0.5993427243602046 -0.1565327063622507 -0.7850387319077939
vn 0.5993427243602046 0.1565327063622507 0.7850387319077939
vn -0.4997918955317637 -0.026967759758902813 -0.8657255922602455
vn 0.4997918955317637 0.026967759758902813 0.8657255922602455
vn -0.5017321011421645 0.0003236475007369572 -0.8650230019691755
vn 0.5017321011421645 -0.0003236475007369572 0.8650230019691755
vn 0.4998215016962827 0.02705419009181569 0.8657058029380124
vn -0.4998215016962827 -0.02705419009181569 -0.8657058029380124
vn 0.6012902710311884 0.15641789246413787 0.783570962249315
vn -0.6012902710311884 -0.15641789246413787 -0.783570962249315
vn -0.5011099839310817 0.5676138817985248 -0.6532252790532538
vn 0.5011099839310817 -0.5676138817985248 0.6532252790532538
vn 0.21323251648275687 0.5674498438635623 0.7953191614777363
vn -0.21323251648275687 -0.5674498438635623 -0.7953191614777363
vn 0.007685917882975498 -0.9997880847773937 0.01909743970922535
vn -0.007685917882975498 0.9997880847773937 -0.01909743970922535
vn 0.012359160422268325 -0.9997891341592203 0.016399340560306615
vn -0.012359160422268325 0.9997891341592203 -0.016399340560306615
vn 0.016174839854038076 -0.9997899909778846 0.0125836598864447
vn -0.016174839854038076 0.9997899909778846 -0.0125836598864447
vn 0.018872939939514895 -0.9997905967958124 0.00791041697464801
vn -0.018872939939514895 0.9997905967958124 -0.00791041697464801
vn 0.02026957021371404 -0.9997909105413856 0.0026980960284473964
vn -0.02026957021371404 0.9997909105413856 -0.0026980960284473964
vn 0.02026957021371404 -0.9997909105413856 -0.00269809602844784
vn -0.02026957021371404 0.9997909105413856 0.00269809602844784
vn 0.018872939939514895 -0.9997905967958124 -0.007910416974648452
vn -0.018872939939514895 0.9997905967958124 0.007910416974648452
vn -0.4118227862685745 -0.5673147810839982 0.7131310762220388
vn 0.4118227862685745 0.5673147810839982 -0.7131310762220388
vn -0.5013755153358915 -0.5672988173523297 0.6532952199827559
vn 0.5013755153358915 0.5672988173523297 -0.6532952199827559
vn -0.5823596295901128 -0.567275628823684 0.5822848295863121
vn 0.5823596295901128 0.567275628823684 -0.5822848295863121
vn -0.6533793167857167 -0.5672662145734182 0.5013028128787775
vn 0.6533793167857167 0.5672662145734182 -0.5013028128787775
vn -0.7132231812849205 -0.5672426851154699 0.4117625891952899
vn 0.7132231812849205 0.5672426851154699 -0.4117625891952899
vn -0.7608710811583785 -0.5672417859532644 0.315137992196167
vn 0.7608710811583785 0.5672417859532644 -0.315137992196167
vn -0.7954991260822808 -0.5672310185979824 0.21314340698839998
vn 0.7954991260822808 0.5672310185979824 -0.21314340698839998
vn -0.8165119159151646 -0.5672290110562295 0.10751530209565054
vn 0.8165119159151646 0.5672290110562295 -0.10751530209565054
vn 0.9235267994159427 -0.027353969982700874 0.38255719975806296
vn 0.9664418734977075 -0.00000602610883480582 0.25688539295554963
vn -0.9664418734977075 0.00000602610883480582 -0.25688539295554963
vn -0.9235267994159427 0.027353969982700874 -0.38255719975806296
vn -0.9235324682601794 0.02737252905926526 -0.3825421868528496
vn 0.9235324682601794 -0.02737252905926526 0.3825421868528496
vn 0.7827033646863465 -0.15684869292337233 0.6023071728253796
vn -0.7827033646863465 0.15684869292337233 -0.6023071728253796
vn -0.7835358149235798 0.15672880298512826 -0.6012551114517786
vn 0.7835358149235798 -0.15672880298512826 0.6012551114517786
vn 0.6232913998192923 -0.4748709998623231 0.6212932998198715
vn -0.6232913998192923 0.4748709998623231 -0.6212932998198715
vn -0.6223777906759436 0.47450929289121274 -0.6224843906743466
vn 0.6223777906759436 -0.47450929289121274 0.6224843906743466
vn 0.3583132856327662 -0.6971408720468476 0.6209719751009801
vn -0.3583132856327662 0.6971408720468476 -0.6209719751009801
vn 0.2742002798014608 -0.6971070486486883 0.6624620512007581
vn -0.2742002798014608 0.6971070486486883 -0.6624620512007581
vn 0.0893751290328513 -0.7276636921257851 0.6800864926406285
vn -0.0893751290328513 0.7276636921257851 -0.6800864926406285
vn -0.09478464920553628 -0.6885887942284029 0.7189306939740836
vn 0.09478464920553628 0.6885887942284029 -0.7189306939740836
vn -0.31519849957628177 -0.5673372992373343 0.7607747989772978
vn 0.31519849957628177 0.5673372992373343 -0.7607747989772978
vn -0.8235650019422733 -0.5672219013377207 0.00004710249011095928
vn 0.8235650019422733 0.5672219013377207 -0.00004710249011095928
vn -0.5068498178554527 0.6971713245601542 -0.5070063178609657
vn 0.5068498178554527 -0.6971713245601542 0.5070063178609657
vn -0.8165273280406146 -0.5672231194791826 -0.10742930368926268
vn 0.8165273280406146 0.5672231194791826 0.10742930368926268
vn -0.7955142995518313 -0.5672270996804413 -0.2130971998799476
vn 0.7955142995518313 0.5672270996804413 0.2130971998799476
vn -0.4848714222789963 0.7277643334395021 -0.485034822286504
vn 0.4848714222789963 -0.7277643334395021 0.485034822286504
vn -0.7608851508385273 -0.5672473633496383 -0.31509397964149516
vn 0.7608851508385273 0.5672473633496383 0.31509397964149516
vn -0.6281448056200116 -0.6884750061597857 -0.36254140324365813
vn 0.6281448056200116 0.6884750061597857 0.36254140324365813
vn -0.5443704720442744 -0.7275213626387016 -0.4175804785554768
vn 0.5443704720442744 0.7275213626387016 0.4175804785554768
vn -0.5689928051854988 -0.6969099063512674 -0.4365361039783588
vn 0.5689928051854988 0.6969099063512674 0.4365361039783588
vn -0.6236661125154885 -0.4747366095268291 -0.6210199124623856
vn 0.6236661125154885 0.4747366095268291 0.6210199124623856
vn -0.49135201526765127 -0.156255704855292 -0.8568298266240466
vn 0.49135201526765127 0.156255704855292 0.8568298266240466
vn -0.38268439788691827 -0.027103139850343454 -0.9234814949007801
vn 0.38268439788691827 0.027103139850343454 0.9234814949007801
vn -0.3849098850250774 0.0004195058836793246 -0.9229540640924635
vn 0.3849098850250774 -0.0004195058836793246 0.9229540640924635
vn 0.382548293526327 0.027079259541751062 0.9235385843714194
vn -0.382548293526327 -0.027079259541751062 -0.9235385843714194
vn 0.4938690132721373 0.156453204204492 0.8553454229863822
vn -0.4938690132721373 -0.156453204204492 -0.8553454229863822
vn -0.5125760974318758 0.6887473965492171 -0.5127306974311011
vn 0.5125760974318758 -0.6887473965492171 0.5127306974311011
vn 0.5360303065735594 0.47420220581533595 0.6984295085651275
vn -0.5360303065735594 -0.47420220581533595 -0.6984295085651275
vn 0.3586640999767998 0.6969769999549158 0.6209533999598338
vn -0.3586640999767998 -0.6969769999549158 -0.6209533999598338
vn 0.2626672126484602 0.7275845350360591 0.6337402305170868
vn -0.2626672126484602 -0.7275845350360591 -0.6337402305170868
vn 0.18782710113798243 0.68859010417194 0.7004032042435121
vn -0.18782710113798243 -0.68859010417194 -0.7004032042435121
vn 0.001769938053870672 -0.9999707304355822 0.00744349322655346
vn -0.001769938053870672 0.9999707304355822 -0.00744349322655346
vn 0.007165731866108675 -0.9976857813582933 0.06761459873662454
vn -0.007165731866108675 0.9976857813582933 -0.06761459873662454
vn 0.0036284961733039772 -0.9999711477605512 0.006673654318746384
vn -0.0036284961733039772 0.9999711477605512 -0.006673654318746384
vn 0.015741699147261243 -0.991808846273027 0.12675729313346928
vn -0.015741699147261243 0.991808846273027 -0.12675729313346928
vn 0.025880041489439246 -0.9798098563896798 0.19824951140958744
vn -0.025880041489439246 0.9798098563896798 -0.19824951140958744
vn 0.005224475032089389 -0.9999715061419521 0.00544901503346832
vn -0.005224475032089389 0.9999715061419521 -0.00544901503346832
vn 0.05001229189423824 -0.9230333349603064 0.3814554144477966
vn -0.05001229189423824 0.9230333349603064 -0.3814554144477966
vn 0.08903597280838246 -0.730076323028148 0.6775405213710576
vn -0.08903597280838246 0.730076323028148 -0.6775405213710576
vn 0.006449112878304777 -0.9999717811304606 0.0038530359272927125
vn -0.006449112878304777 0.9999717811304606 -0.0038530359272927125
vn 0.11300219720221592 -0.4990260876447781 0.8591876787276559
vn -0.11300219720221592 0.4990260876447781 -0.8591876787276559
vn 0.12089299648591327 -0.37547568908576884 0.9189139732892434
vn -0.12089299648591327 0.37547568908576884 -0.9189139732892434
vn 0.007218952667896028 -0.9999719539968368 0.001994477908244912
vn -0.007218952667896028 0.9999719539968368 -0.001994477908244912
vn 0.12789540469534413 -0.19810970727307822 0.9718000356770881
vn -0.12789540469534413 0.19810970727307822 -0.9718000356770881
vn 0.13044010144284626 -0.034658900383375144 0.9908502109601609
vn -0.13044010144284626 0.034658900383375144 -0.9908502109601609
vn 0.007481531096922847 -0.9999720129545856 0
vn -0.007481531096922847 0.9999720129545856 0
vn 0.13052619385665662 -0.0001245371941387549 0.9914448533366753
vn -0.13052619385665662 0.0001245371941387549 -0.9914448533366753
vn 0.13047789300187512 0.028954018447063627 0.9910283468466268
vn -0.13047789300187512 -0.028954018447063627 -0.9910283468466268
vn 0.007218952667896028 -0.9999719539968368 -0.001994477908245356
vn -0.007218952667896028 0.9999719539968368 0.001994477908245356
vn 0.12846210446369014 0.17880740621304494 0.9754616338944977
vn -0.12846210446369014 -0.17880740621304494 -0.9754616338944977
vn 0.12008679924609447 0.3934288975300513 0.9114783942777341
vn -0.12008679924609447 -0.3934288975300513 -0.9114783942777341
vn 0.006449112878304777 -0.9999717811304606 -0.003853035927293157
vn -0.006449112878304777 0.9999717811304606 0.003853035927293157
vn 0.0546370622030843 -0.9976964402292743 -0.040207021621234136
vn -0.0546370622030843 0.9976964402292743 0.040207021621234136
vn 0.08923912635767936 -0.9918929595156032 -0.09046952630746047
vn -0.08923912635767936 0.9918929595156032 0.09046952630746047
vn 0.12150810249856445 -0.9798313201482177 -0.1586391032620874
vn -0.12150810249856445 0.9798313201482177 0.1586391032620874
vn 0.19218310371344938 -0.9230512178356156 -0.33322980643881817
vn -0.19218310371344938 0.9230512178356156 0.33322980643881817
vn 0.26135689870472834 -0.7301149963815864 -0.6313672968709754
vn -0.26135689870472834 0.7301149963815864 0.6313672968709754
vn 0.22418101514910768 -0.49905033372349444 -0.8370732565655078
vn -0.22418101514910768 0.49905033372349444 0.8370732565655078
vn 0.12089299648591324 -0.37547568908576834 -0.9189139732892435
vn -0.12089299648591324 0.37547568908576834 0.9189139732892435
vn -0.000044477791726887576 -0.19807810769054848 -0.9801862380565529
vn 0.000044477791726887576 0.19807810769054848 0.9801862380565529
vn -0.13045570065523815 -0.034600310173786314 -0.9908502049767304
vn 0.13045570065523815 0.034600310173786314 0.9908502049767304
vn -0.25881910271657566 -0.000037114280389338494 -0.9659258101383961
vn 0.25881910271657566 0.000037114280389338494 0.9659258101383961
vn -0.3825161092562791 0.029069210703428692 -0.9234914223470179
vn 0.3825161092562791 -0.029069210703428692 0.9234914223470179
vn -0.4918994080853973 0.17894470294133127 -0.8520644140054638
vn 0.4918994080853973 -0.17894470294133127 0.8520644140054638
vn -0.559572482649619 0.3935814877964179 -0.7293642773849704
vn 0.559572482649619 -0.3935814877964179 0.7293642773849704
vn 0.965531872384594 -0.027545569212162703 0.2588231925973365
vn 0.9916132200316916 0.00010464570211393107 0.1292409026108102
vn -0.9916132200316916 -0.00010464570211393107 -0.1292409026108102
vn -0.965531872384594 0.027545569212162703 -0.2588231925973365
vn -0.9655632074930662 0.027383240212502383 -0.2587235020077736
vn 0.9655632074930662 -0.027383240212502383 0.2587235020077736
vn 0.8547949963392977 -0.15615809933124522 0.4949142978805047
vn -0.8547949963392977 0.15615809933124522 -0.4949142978805047
vn -0.8553102148602924 0.15675620272350668 -0.4938339085799469
vn 0.8553102148602924 -0.15675620272350668 0.4938339085799469
vn 0.6992309827322638 -0.47467618827771746 0.5345638867987711
vn -0.6992309827322638 0.47467618827771746 -0.5345638867987711
vn -0.6983230216955244 0.47447931474114025 -0.5359238166501
vn 0.6983230216955244 -0.47447931474114025 0.5359238166501
vn 0.4363132972691609 -0.697135695636701 0.5688870964393952
vn -0.4363132972691609 0.697135695636701 -0.5688870964393952
vn 0.1773724994329348 -0.7276958976735346 0.6625689978817468
vn -0.1773724994329348 0.7276958976735346 -0.6625689978817468
vn -0.0001365225962781838 -0.6886194812271728 0.7251228802320335
vn 0.0001365225962781838 0.6886194812271728 -0.7251228802320335
vn -0.21320039369894672 -0.567357183231983 0.7953938764924484
vn 0.21320039369894672 0.567357183231983 -0.7953938764924484
vn -0.7132715094173595 -0.567244907489363 -0.4116758054353765
vn 0.7132715094173595 0.567244907489363 0.4116758054353765
vn -0.5754453052302541 -0.6884868062576942 -0.4414166040120599
vn 0.5754453052302541 0.6884868062576942 0.4414166040120599
vn -0.507131101776285 -0.6969466024411355 -0.507034001775945
vn 0.507131101776285 0.6969466024411355 0.507034001775945
vn -0.5370834755824322 -0.4745597784249633 -0.697376768294976
vn 0.5370834755824322 0.4745597784249633 0.697376768294976
vn -0.37742630774773567 -0.1587630032590566 -0.9123287187281108
vn 0.37742630774773567 0.1587630032590566 0.9123287187281108
vn -0.25862479997318494 -0.02727191999717215 -0.9655927998998842
vn 0.25862479997318494 0.02727191999717215 0.9655927998998842
vn -0.26075159722207253 0.0002695360971287009 -0.9654058897150102
vn 0.26075159722207253 -0.0002695360971287009 0.9654058897150102
vn 0.2587296076876279 0.027108330805469108 0.9655693286899432
vn -0.2587296076876279 -0.027108330805469108 -0.9655693286899432
vn 0.37799990716776655 0.15646800296700084 0.9124877173029116
vn -0.37799990716776655 -0.15646800296700084 -0.9124877173029116
vn -0.5820866139170741 0.567628413571394 -0.58221401392012
vn 0.5820866139170741 -0.567628413571394 0.58221401392012
vn 0.10759910024278609 0.5674772012804526 0.8163284018419595
vn -0.10759910024278609 -0.5674772012804526 -0.8163284018419595
vn 0.0024735970358685253 -0.9997869144974634 0.02049407029717513
vn -0.0024735970358685253 0.9997869144974634 -0.02049407029717513
vn 0.016174839854038076 -0.9997899909778846 -0.012583659886445145
vn -0.016174839854038076 0.9997899909778846 0.012583659886445145
vn -0.45976309825719675 -0.39324209850935504 0.7962276969817754
vn 0.45976309825719675 0.39324209850935504 -0.7962276969817754
vn -0.5597595881595623 -0.39323279168205705 0.7294087845710203
vn 0.5597595881595623 0.39323279168205705 -0.7294087845710203
vn -0.6501751176458114 -0.3932030106715654 0.650125917644476
vn 0.6501751176458114 0.3932030106715654 -0.650125917644476
vn -0.7294741116860513 -0.39319470629891257 0.5597012089663181
vn 0.7294741116860513 0.39319470629891257 -0.5597012089663181
vn -0.7962888961709613 -0.39317019810939996 0.4597185977893948
vn 0.7962888961709613 0.39317019810939996 -0.4597185977893948
vn -0.8494852059035144 -0.3931564027322484 0.35185640244523303
vn 0.8494852059035144 0.3931564027322484 -0.35185640244523303
vn -0.8881417856214464 -0.3931573936349864 0.2379735961473312
vn 0.8881417856214464 0.3931573936349864 -0.2379735961473312
vn -0.911603413664475 -0.39315760589323406 0.1200263017991336
vn 0.911603413664475 0.39315760589323406 -0.1200263017991336
vn -0.9194725958354136 -0.393154098219279 0.000023686949892626904
vn 0.9194725958354136 0.393154098219279 -0.000023686949892626904
vn 0.9910731895850021 -0.027353689712545357 0.13048259862878342
vn 0.9999944735595737 0.0003799339899543286 -0.003302801912672027
vn -0.9999944735595737 -0.0003799339899543286 0.003302801912672027
vn -0.9910731895850021 0.027353689712545357 -0.13048259862878342
vn -0.9910728565366493 0.02738769879891663 -0.13047799427790724
vn 0.9910728565366493 -0.02738769879891663 0.13047799427790724
vn 0.9123552027257067 -0.15224310045483394 0.380039501135387
vn -0.9123552027257067 0.15224310045483394 -0.380039501135387
vn -0.9124525170372543 0.1567578029269716 -0.3779648070573344
vn 0.9124525170372543 -0.1567578029269716 0.3779648070573344
vn 0.7635545947316412 -0.47666679671110407 0.4356295969942516
vn -0.7635545947316412 0.47666679671110407 -0.4356295969942516
vn -0.7622779985604761 0.47454069910385366 -0.44016289916877427
vn 0.7622779985604761 -0.47454069910385366 0.44016289916877427
vn 0.5068181180454495 -0.6971742248231502 0.5070340180531365
vn -0.5068181180454495 0.6971742248231502 -0.5070340180531365
vn 0.3428109859584537 -0.7277323701920647 0.5940422756680139
vn -0.3428109859584537 0.7277323701920647 -0.5940422756680139
vn 0.26234178998734664 -0.7277040722261231 0.6337377758124823
vn -0.26234178998734664 0.7277040722261231 -0.6337377758124823
vn 0.09451586839060852 -0.6886338882741225 0.7189228877583691
vn -0.09451586839060852 0.6886338882741225 -0.7189228877583691
vn -0.10758620296223284 -0.5673940156223861 0.8163879224780783
vn 0.10758620296223284 0.5673940156223861 -0.8163879224780783
vn -0.3518982958124349 -0.3932718953200921 0.8494143898920282
vn 0.3518982958124349 0.3932718953200921 -0.8494143898920282
vn -0.9116147253757899 -0.3931462109436535 -0.11997770333971029
vn 0.9116147253757899 0.3931462109436535 0.11997770333971029
vn -0.5687069050730106 0.6971632062188736 -0.4365042038937286
vn 0.5687069050730106 -0.6971632062188736 0.4365042038937286
vn -0.888157781663956 -0.39314589188349125 -0.23793289508786833
vn 0.888157781663956 0.39314589188349125 0.23793289508786833
vn -0.849496677975359 -0.3931676898064613 -0.35181609087857174
vn 0.849496677975359 0.3931676898064613 0.35181609087857174
vn -0.544041696094428 0.7277656947755086 -0.41758319700224944
vn 0.544041696094428 -0.7277656947755086 0.41758319700224944
vn -0.7963103306788356 -0.3931817151478095 -0.45967161770941495
vn 0.7963103306788356 0.3931817151478095 0.45967161770941495
vn -0.6534237113661814 -0.567265009867467 -0.5012463087190845
vn 0.6534237113661814 0.567265009867467 0.5012463087190845
vn -0.5129139113494436 -0.6885009152347247 -0.5127239113452396
vn 0.5129139113494436 0.6885009152347247 0.5127239113452396
vn -0.485198486109653 -0.7275470791716552 -0.48503368611437114
vn 0.485198486109653 0.7275470791716552 0.48503368611437114
vn -0.43662641052891205 -0.6969396168061658 -0.5688871137182779
vn 0.43662641052891205 0.6969396168061658 0.5688871137182779
vn -0.44378080526400365 -0.47405660562312657 -0.760479409020594
vn 0.44378080526400365 0.47405660562312657 0.760479409020594
vn -0.2562047944974321 -0.15628549664342106 -0.9539045795127771
vn 0.2562047944974321 0.15628549664342106 0.9539045795127771
vn -0.13058050006081548 -0.027237310012685065 -0.99106350046157
vn 0.13058050006081548 0.027237310012685065 0.99106350046157
vn -0.1338113035365447 0.0006339480167550489 -0.991006626191653
vn 0.1338113035365447 -0.0006339480167550489 0.991006626191653
vn 0.13048409742347736 0.027135859464178506 0.9910789804302788
vn -0.13048409742347736 -0.027135859464178506 -0.9910789804302788
vn 0.25566240760479475 0.156506704655363 0.9540138283775759
vn -0.25566240760479475 -0.156506704655363 -0.9540138283775759
vn 0.44026940719948354 0.47427070775548785 0.7623845124668549
vn -0.44026940719948354 -0.47427070775548785 -0.7623845124668549
vn -0.5751177126565322 0.688757015157376 -0.4414220097143101
vn 0.5751177126565322 -0.688757015157376 0.4414220097143101
vn 0.27455458144798783 0.6969738529045651 0.6624554552370187
vn -0.27455458144798783 -0.6969738529045651 -0.6624554552370187
vn 0.17769850487529093 0.7276155199626739 0.6625699181780998
vn -0.17769850487529093 -0.7276155199626739 -0.6625699181780998
vn 0.09480110787394097 0.6886065845569499 0.718911483877317
vn -0.09480110787394097 -0.6886065845569499 -0.718911483877317
vn 0.0006891657068791619 -0.9980819099627231 0.061903360617911025
vn -0.0006891657068791619 0.9980819099627231 -0.061903360617911025
vn 0.0004898127149226414 -0.9918730302184185 0.1272307038762123
vn -0.0004898127149226414 0.9918730302184185 -0.1272307038762123
vn -0.00022001140170940323 -0.9798026076126861 0.19996700155366584
vn 0.00022001140170940323 0.9798026076126861 -0.19996700155366584
vn -0.00020725840817049918 -0.923008036386637 0.3847806151687436
vn 0.00020725840817049918 0.923008036386637 -0.3847806151687436
vn -0.0001639260990820838 -0.7300312959121366 0.6834136961731748
vn 0.0001639260990820838 0.7300312959121366 -0.6834136961731748
vn -0.0001120487978173492 -0.49899999027974656 0.8666019831190556
vn 0.0001120487978173492 0.49899999027974656 -0.8666019831190556
vn -0.00008430711328644864 -0.3754547146359258 0.9268407361299816
vn 0.00008430711328644864 0.3754547146359258 -0.9268407361299816
vn -0.00004447779172688757 -0.19807810769054884 0.9801862380565528
vn 0.00004447779172688757 0.19807810769054884 -0.9801862380565528
vn -0.00000777617486464086 -0.034630549397189535 0.9994001826035355
vn 0.00000777617486464086 0.034630549397189535 -0.9994001826035355
vn -2.1383859903034997e-8 -0.00009523123956839649 0.9999999954655052
vn 2.1383859903034997e-8 0.00009523123956839649 -0.9999999954655052
vn 0.00000650829681107302 0.028984159158629164 0.9995798709835594
vn -0.00000650829681107302 -0.028984159158629164 -0.9995798709835594
vn 0.000040156640945792595 0.17883420421200713 0.9838792231728966
vn -0.000040156640945792595 -0.17883420421200713 -0.9838792231728966
vn 0.00008834916776790133 0.3934556900595335 0.9193435767732329
vn -0.00008834916776790133 -0.3934556900595335 -0.9193435767732329
vn 0.042902379511030625 -0.9980913886244975 -0.04441807949375603
vn -0.042902379511030625 0.9980913886244975 0.04441807949375603
vn 0.0781196564173086 -0.99182285451343 -0.10091949537167202
vn -0.0781196564173086 0.99182285451343 0.10091949537167202
vn 0.09976347607510687 -0.9798250614517375 -0.17317649318689332
vn -0.09976347607510687 0.9798250614517375 0.17317649318689332
vn 0.14702900633010976 -0.9230551397407322 -0.35545981530378074
vn -0.14702900633010976 0.9230551397407322 0.35545981530378074
vn 0.1767165079065742 -0.7300710326645249 -0.6601269295351161
vn -0.1767165079065742 0.7300710326645249 0.6601269295351161
vn 0.11300219720221591 -0.4990260876447777 -0.8591876787276561
vn -0.11300219720221591 0.4990260876447777 0.8591876787276561
vn -0.00008430711328644863 -0.3754547146359252 -0.9268407361299819
vn 0.00008430711328644863 0.3754547146359252 0.9268407361299819
vn -0.12798440508301592 -0.19805220786582164 -0.9718000385959139
vn 0.12798440508301592 0.19805220786582164 0.9718000385959139
vn -0.25867160978795006 -0.03457247130819756 -0.965346436528024
vn 0.25867160978795006 0.03457247130819756 0.965346436528024
vn -0.3826834162176917 -0.000009297692393820578 -0.923879539152973
vn 0.3826834162176917 0.000009297692393820578 0.923879539152973
vn -0.49978338701582153 0.029096379244087554 -0.8656615775104483
vn 0.49978338701582153 -0.029096379244087554 0.8656615775104483
vn -0.5989073002704846 0.17897070008082872 -0.7805636003525259
vn 0.5989073002704846 -0.17897070008082872 0.7805636003525259
vn -0.6499857113039471 0.3936016068451533 -0.6500741113054843
vn 0.6499857113039471 -0.3936016068451533 0.6500741113054843
vn 0.9996220530842431 -0.027490768709762137 -0.00009286220564165821
vn 0.9911820420194827 -0.000006127952259754725 -0.13250720561741836
vn -0.9911820420194827 0.000006127952259754725 0.13250720561741836
vn -0.9996220530842431 0.027490768709762137 0.00009286220564165821
vn -0.999624799459096 0.0273908799851786 0
vn 0.999624799459096 -0.0273908799851786 0
vn 0.9539917109564517 -0.15616290179350756 0.25595500293960477
vn -0.9539917109564517 0.15616290179350756 -0.25595500293960477
vn -0.9539786710064804 0.15677829523516126 -0.2556271922309248
vn 0.9539786710064804 -0.15677829523516126 0.2556271922309248
vn 0.8154936756035897 -0.4705033859243622 0.3370409899170396
vn -0.8154936756035897 0.4705033859243622 -0.3370409899170396
vn -0.8132319027807408 0.47450510162250864 -0.33689580115197126
vn 0.8132319027807408 -0.47450510162250864 0.33689580115197126
vn 0.5686797782512943 -0.6971653733374652 0.43653608330502475
vn -0.5686797782512943 0.6971653733374652 -0.43653608330502475
vn 0.41742020850709494 -0.7277379148314228 0.5442039110909681
vn -0.41742020850709494 0.7277379148314228 -0.5442039110909681
vn 0.18752970195639512 -0.6886624071844396 0.7004118073070145
vn -0.18752970195639512 0.6886624071844396 -0.7004118073070145
vn -0.00008698239264966176 -0.5674046172843065 0.8234391250836414
vn 0.00008698239264966176 0.5674046172843065 -0.8234391250836414
vn -0.23801959380092136 -0.3933070897565512 0.8880631768709232
vn 0.23801959380092136 0.3933070897565512 -0.8880631768709232
vn -0.729504518207605 -0.393187109813504 -0.5596669139686512
vn 0.729504518207605 0.393187109813504 0.5596669139686512
vn -0.5824112692879112 -0.567276870085988 -0.5822319692973663
vn 0.5824112692879112 0.567276870085988 0.5822319692973663
vn -0.41774899557129885 -0.7275487922870043 -0.5442044942307006
vn 0.41774899557129885 0.7275487922870043 0.5442044942307006
vn -0.35862629482866265 -0.6969798899496544 -0.6209719910456772
vn 0.35862629482866265 0.6969798899496544 0.6209719910456772
vn -0.33576960748480655 -0.4828033107624075 -0.8088014180293931
vn 0.33576960748480655 0.4828033107624075 0.8088014180293931
vn -0.2253998090097445 -0.47371281893538164 -0.851346634030267
vn 0.2253998090097445 0.47371281893538164 0.851346634030267
vn -0.12891600542125783 -0.15666720658826877 -0.9792017411780142
vn 0.12891600542125783 0.15666720658826877 0.9792017411780142
vn -4.488947834705173e-7 -0.027135549000797732 -0.999631763190938
vn 4.488947834705173e-7 0.027135549000797732 0.999631763190938
vn -0.002206773967319171 0.0005998002911175856 -0.9999973851907153
vn 0.002206773967319171 -0.0005998002911175856 0.9999973851907153
vn 0.000006100130150527918 0.027166420670363303 0.999630924667074
vn -0.000006100130150527918 -0.027166420670363303 -0.999630924667074
vn 0.1289519041044857 0.15652390498209082 0.9792199311681646
vn -0.1289519041044857 -0.15652390498209082 -0.9792199311681646
vn 0.227951603986249 0.47431840829452915 0.8503294148699319
vn -0.227951603986249 -0.47431840829452915 -0.8503294148699319
vn 0.3370022957403819 0.4742468940056471 0.8133383897196225
vn -0.3370022957403819 -0.4742468940056471 -0.8133383897196225
vn -0.6530978836571498 0.5676479857954128 -0.5012373874572437
vn 0.6530978836571498 -0.5676479857954128 0.5012373874572437
vn 0.00012742969704563053 0.5674976868429582 0.8233749809106201
vn -0.00012742969704563053 -0.5674976868429582 -0.8233749809106201
vn -0.0002245399960895733 -0.9999702825852383 0.007706070865796403
vn 0.0002245399960895733 0.9999702825852383 -0.007706070865796403
vn 0.005224475032089389 -0.9999715061419521 -0.005449015033468764
vn -0.005224475032089389 0.9999715061419521 0.005449015033468764
vn -0.4919692819004062 -0.17869599342575862 0.852076268652038
vn 0.4919692819004062 0.17869599342575862 -0.852076268652038
vn -0.5989788976991363 -0.17867459931365562 0.7805764970015636
vn 0.5989788976991363 0.17867459931365562 -0.7805764970015636
vn -0.6957408077436231 -0.17865020198838408 0.6957218077434115
vn 0.6957408077436231 0.17865020198838408 -0.6957218077434115
vn -0.7805986149952956 -0.1786339034315566 0.5989622115060612
vn 0.7805986149952956 0.1786339034315566 -0.5989622115060612
vn -0.8521014126767213 -0.1786151026572588 0.4919551073188211
vn 0.8521014126767213 0.1786151026572588 -0.4919551073188211
vn -0.9090245958610655 -0.17860499918678296 0.37652959828560056
vn 0.9090245958610655 0.17860499918678296 -0.37652959828560056
vn -0.9503954980787707 -0.17859299963897343 0.25466239948519864
vn 0.9503954980787707 0.17859299963897343 -0.25466239948519864
vn -0.9755047205422079 -0.17859010376075582 0.12843720270463446
vn 0.9755047205422079 0.17859010376075582 -0.12843720270463446
vn -0.9839243970730575 -0.17858549946875035 0.000014963869955446367
vn 0.9839243970730575 0.17858549946875035 -0.000014963869955446367
vn -0.9755085673419394 -0.1785900940211636 -0.12840799570115918
vn 0.9755085673419394 0.1785900940211636 0.12840799570115918
vn 0.9910817956581202 -0.027547099879317503 -0.13037649942882706
vn 0.9655835658415054 0.00011624999588759666 -0.2600929907989476
vn -0.9655835658415054 -0.00011624999588759666 0.2600929907989476
vn -0.9910817956581202 0.027547099879317503 0.13037649942882706
vn -0.9910728565366493 0.02738769879891657 0.13047799427790724
vn 0.9910728565366493 -0.02738769879891657 -0.13047799427790724
vn 0.9791554568043133 -0.15691909307747517 0.12896119431084477
vn -0.9791554568043133 0.15691909307747517 -0.12896119431084477
vn -0.9791847474548092 0.15677280759777326 -0.1289167062477665
vn 0.9791847474548092 -0.15677280759777326 0.1289167062477665
vn 0.6207731784019048 -0.6972000757428413 0.35854248752550016
vn -0.6207731784019048 0.6972000757428413 -0.35854248752550016
vn -0.6207968976170773 0.6971968973238168 -0.358507598623872
vn 0.6207968976170773 -0.6971968973238168 0.358507598623872
vn 0.4848737989485075 -0.7277642984217777 0.48503249894816314
vn -0.4848737989485075 0.7277642984217777 -0.48503249894816314
vn 0.3624278013252372 -0.6886978025182616 0.6279661022961924
vn -0.3624278013252372 0.6886978025182616 -0.6279661022961924
vn 0.2773657987717008 -0.6886789969502233 0.6699174970333072
vn -0.2773657987717008 0.6886789969502233 -0.6699174970333072
vn 0.10738420534435687 -0.5674387282406064 0.816383440630225
vn -0.10738420534435687 0.5674387282406064 -0.816383440630225
vn -0.12007349787545919 -0.3933314930405226 0.9115221838718273
vn 0.12007349787545919 0.3933314930405226 -0.9115221838718273
vn -0.37654251514267634 -0.17872460718741937 0.9089957365553097
vn 0.37654251514267634 0.17872460718741937 -0.9089957365553097
vn -0.9504032372836118 -0.1785930070060707 -0.2546335099890832
vn 0.9504032372836118 0.1785930070060707 0.2546335099890832
vn -0.9090358678566877 -0.17860499368456584 -0.37650238668695674
vn 0.9090358678566877 0.17860499368456584 0.37650238668695674
vn -0.852116378309544 -0.17861509545338755 -0.49192918747803865
vn 0.852116378309544 0.17861509545338755 0.49192918747803865
vn -0.5938805098276387 0.7277888120435768 -0.3429714056755507
vn 0.5938805098276387 -0.7277888120435768 0.3429714056755507
vn -0.7806165872875771 -0.17863389709092814 -0.598938790246219
vn 0.7806165872875771 0.17863389709092814 0.598938790246219
vn -0.6502062829195688 -0.3932108896706448 -0.650089982922624
vn 0.6502062829195688 0.3932108896706448 0.650089982922624
vn -0.5014311039203614 -0.5672991044353399 -0.6532523051073521
vn 0.5014311039203614 0.5672991044353399 0.6532523051073521
vn -0.44158871038806324 -0.6885184161969103 -0.5752754135329489
vn 0.44158871038806324 0.6885184161969103 0.5752754135329489
vn -0.3431377773315145 -0.7275783519344693 -0.5940422607561766
vn 0.3431377773315145 0.7275783519344693 0.5940422607561766
vn -0.2745132995503829 -0.696983798858431 -0.6624620989149734
vn 0.2745132995503829 0.696983798858431 0.6624620989149734
vn -0.11479989984888544 -0.4744872993754179 -0.8727443988511805
vn 0.11479989984888544 0.4744872993754179 0.8727443988511805
vn -0.000002555763956786502 -0.15670859735033152 -0.9876448833006526
vn 0.000002555763956786502 0.15670859735033152 0.9876448833006526
vn 0.13047389826719719 -0.027162739639255817 -0.9910795868376318
vn -0.13047389826719719 0.027162739639255817 0.9910795868376318
vn 0.1283451989050006 0.000569100995144836 -0.9917293915388882
vn -0.1283451989050006 -0.000569100995144836 0.9917293915388882
vn -0.13047189745309642 0.02719444946914492 0.9910789806534385
vn 0.13047189745309642 -0.02719444946914492 -0.9910789806534385
vn 0.00003515595996833166 0.15656409985896755 0.9876677991103131
vn -0.00003515595996833166 -0.15656409985896755 -0.9876677991103131
vn 0.1150154025296367 0.4742967104316319 0.8728196191967033
vn -0.1150154025296367 -0.4742967104316319 -0.8728196191967033
vn -0.6278096697784549 0.6887732668437851 -0.36255538254728387
vn 0.6278096697784549 -0.6887732668437851 0.36255538254728387
vn 0.18573370582854856 0.6970158218732001 0.6925835217341095
vn -0.18573370582854856 -0.6970158218732001 -0.6925835217341095
vn 0.08969854144079666 0.7276234116875633 0.6800870109240027
vn -0.08969854144079666 -0.7276234116875633 -0.6800870109240027
vn 0.00015463010032717813 0.6886323014570604 0.7251107015342445
vn -0.00015463010032717813 -0.6886323014570604 -0.7251107015342445
vn -0.002922595008196141 -0.9997857028038044 0.020494070057473456
vn 0.002922595008196141 0.9997857028038044 -0.020494070057473456
vn -0.0105860099485422 -0.9976817951503435 0.06722329967323236
vn 0.0105860099485422 0.9976817951503435 -0.06722329967323236
vn -0.0176094593394388 -0.9918013627958199 0.12656999525214088
vn 0.0176094593394388 0.9918013627958199 -0.12656999525214088
vn -0.026320060966311266 -0.9797981359721804 0.19824950727850618
vn 0.026320060966311266 0.9797981359721804 -0.19824950727850618
vn -0.050426819413003775 -0.9230107892556412 0.3814553955596468
vn 0.050426819413003775 0.9230107892556412 -0.3814553955596468
vn -0.0893638355154039 -0.7300362450567586 0.6775405418168009
vn 0.0893638355154039 0.7300362450567586 -0.6775405418168009
vn -0.11322629723427394 -0.498975287811763 0.8591876790130222
vn 0.11322629723427394 0.498975287811763 -0.8591876790130222
vn -0.12106159528050338 -0.3754213853644756 0.9189139641768197
vn 0.12106159528050338 0.3754213853644756 -0.9189139641768197
vn -0.12798440508301592 -0.19805220786582203 0.9718000385959139
vn 0.12798440508301592 0.19805220786582203 -0.9718000385959139
vn -0.13045570065523815 -0.034600310173786744 0.9908502049767304
vn 0.13045570065523815 0.034600310173786744 -0.9908502049767304
vn -0.13052619458526882 -0.00006591876726565482 0.9914448588710342
vn 0.13052619458526882 0.00006591876726565482 -0.9914448588710342
vn -0.13046479444320364 0.029012608764285894 0.9910283577898178
vn 0.13046479444320364 -0.029012608764285894 -0.9910283577898178
vn -0.12838180591385667 0.178865008239345 0.9754616449342516
vn 0.12838180591385667 -0.178865008239345 -0.9754616449342516
vn -0.11991009882221842 0.39348279613513115 0.9114783910472724
vn 0.11991009882221842 -0.39348279613513115 -0.9114783910472724
vn 0.012359160422268325 -0.9997891341592203 -0.01639934056030706
vn -0.012359160422268325 0.9997891341592203 0.01639934056030706
vn 0.04236136933216338 -0.9976936842711323 -0.05303608916387422
vn -0.04236136933216338 0.9976936842711323 0.05303608916387422
vn 0.06277555095881832 -0.991887015149838 -0.11054130168838085
vn -0.06277555095881832 0.991887015149838 0.11054130168838085
vn 0.07630144743405172 -0.9798211670495052 -0.18473919378738912
vn -0.07630144743405172 0.9798211670495052 0.18473919378738912
vn 0.09938129733270491 -0.9230303752267834 -0.37166959002475836
vn -0.09938129733270491 0.9230303752267834 0.37166959002475836
vn 0.08903597280838246 -0.7300763230281476 -0.6775405213710579
vn -0.08903597280838246 0.7300763230281476 0.6775405213710579
vn -0.00011204879781734918 -0.4989999902797462 -0.8666019831190558
vn 0.00011204879781734918 0.4989999902797462 0.8666019831190558
vn -0.12106159528050336 -0.3754213853644751 -0.9189139641768198
vn 0.12106159528050336 0.3754213853644751 0.9189139641768198
vn -0.25373529997470634 -0.19802119998026002 -0.9467871999056194
vn 0.25373529997470634 0.19802119998026002 0.9467871999056194
vn -0.3824616970293506 -0.03454372973169238 -0.9233253928283641
vn 0.3824616970293506 0.03454372973169238 0.9233253928283641
vn -0.5000000015661018 0.000017042100053571626 -0.8660254027125678
vn 0.5000000015661018 -0.000017042100053571626 0.8660254027125678
vn -0.6084992096481682 0.02911995046171676 -0.7930200125738707
vn 0.6084992096481682 -0.02911995046171676 0.7930200125738707
vn -0.6956674744391635 0.17899049342337137 -0.6957076744376864
vn 0.6956674744391635 -0.17899049342337137 0.6957076744376864
vn -0.729275881471368 0.39361958999935065 -0.5596608857807575
vn 0.729275881471368 -0.39361958999935065 0.5596608857807575
vn 0.9655654787340889 -0.027352339397583615 -0.2587182943019088
vn 0.9230354448225071 0.00039093601898389864 -0.38471471868170753
vn -0.9230354448225071 -0.00039093601898389864 0.38471471868170753
vn -0.9655654787340889 0.027352339397583615 0.2587182943019088
vn -0.9655632074930662 0.027383240212502272 0.2587235020077736
vn 0.9655632074930662 -0.027383240212502272 -0.2587235020077736
vn 0.9876097114143515 -0.15693010181372793 0.00003263119037710186
vn -0.9876097114143515 0.15693010181372793 -0.00003263119037710186
vn -0.9876326143100215 0.1567859022717047 0
vn 0.9876326143100215 -0.1567859022717047 0
vn 0.8486258156331303 -0.47630300877431125 0.23015140423978003
vn -0.8486258156331303 0.47630300877431125 -0.23015140423978003
vn -0.8502228840843932 0.47456049111654336 -0.22784509573489126
vn 0.8502228840843932 -0.47456049111654336 0.22784509573489126
vn 0.6622725254316794 -0.697196526772783 0.2744305105383032
vn -0.6622725254316794 0.697196526772783 -0.2744305105383032
vn -0.662298931765563 0.6971842334387519 -0.2743980131608354
vn 0.662298931765563 -0.6971842334387519 0.2743980131608354
vn 0.5440438203676572 -0.7277647272457144 0.41758211563324316
vn -0.5440438203676572 0.7277647272457144 -0.41758211563324316
vn 0.4412886121873899 -0.6887147190207376 0.5752707158876713
vn -0.4412886121873899 0.6887147190207376 -0.5752707158876713
vn 0.2130185003402214 -0.5674535009063058 0.7953739012703273
vn -0.2130185003402214 0.5674535009063058 -0.7953739012703273
vn -0.00006062021180186158 -0.393349011691818 0.919389227327719
vn 0.00006062021180186158 0.393349011691818 -0.919389227327719
vn -0.25467369649011384 -0.17874929753649615 0.9503630869021957
vn 0.25467369649011384 0.17874929753649615 -0.9503630869021957
vn -0.6957619587466989 -0.1786501894074258 -0.6957006587503334
vn 0.6957619587466989 0.1786501894074258 0.6957006587503334
vn -0.5597977801974785 -0.39322518608988716 -0.7293835741984795
vn 0.5597977801974785 0.39322518608988716 0.7293835741984795
vn -0.36274329741801314 -0.6885315950990698 -0.6279661955301713
vn 0.36274329741801314 0.6885315950990698 0.6279661955301713
vn -0.2626678039357461 -0.7275852109019476 -0.6337392094957837
vn 0.2626678039357461 0.7275852109019476 0.6337392094957837
vn -0.18569049877661806 -0.6970373954077187 -0.6925733954371291
vn 0.18569049877661806 0.6970373954077187 0.6925733954371291
vn -0.09370734468573255 -0.6970348348544588 -0.7108877355471583
vn 0.09370734468573255 0.6970348348544588 0.7108877355471583
vn 0.00009467924766872187 -0.4745645883148411 -0.88022067832641
vn -0.00009467924766872187 0.4745645883148411 0.88022067832641
vn 0.12891139786602782 -0.15672509740560545 -0.9791930837906435
vn -0.12891139786602782 0.15672509740560545 0.9791930837906435
vn 0.2587895946721409 -0.027107359441924057 -0.9655532801215662
vn -0.2587895946721409 0.027107359441924057 0.9655532801215662
vn 0.25754459323765605 0.0002752377927733006 -0.9662663746287603
vn -0.25754459323765605 -0.0002752377927733006 0.9662663746287603
vn -0.2587174076768596 0.027224520807826467 0.9655693286511072
vn 0.2587174076768596 -0.027224520807826467 -0.9655693286511072
vn -0.1288816039008718 0.15658180473927621 0.9792199296381431
vn 0.1288816039008718 -0.15658180473927621 -0.9792199296381431
vn 0.00010651810276829923 0.4743695123283903 0.8803258228787901
vn -0.00010651810276829923 -0.4743695123283903 -0.8803258228787901
vn 0.0937485757997097 0.6970144687711188 0.7109022681488933
vn -0.0937485757997097 -0.6970144687711188 -0.7109022681488933
vn -0.712936199705012 0.5676577997651231 -0.4116874998296579
vn 0.712936199705012 -0.5676577997651231 0.4116874998296579
vn -0.10734420463912894 0.5675254245269282 0.816328435279528
vn 0.10734420463912894 -0.5675254245269282 -0.816328435279528
vn -0.002219018077065428 -0.9999698347284701 0.00744349325850871
vn 0.002219018077065428 0.9999698347284701 -0.00744349325850871
vn 0.0036284961733039772 -0.9999711477605512 -0.006673654318746827
vn -0.0036284961733039772 0.9999711477605512 0.006673654318746827
vn -0.49979608588344215 -0.028871489184535526 0.8656617755496995
vn 0.49979608588344215 0.028871489184535526 -0.8656617755496995
vn -0.6085118894140953 -0.028846249498179825 0.7930202862043169
vn 0.6085118894140953 0.028846249498179825 -0.7930202862043169
vn -0.706815909465039 -0.028825000385998473 0.7068100094649601
vn 0.706815909465039 0.028825000385998473 -0.7068100094649601
vn -0.7930263070647056 -0.028804820256608993 0.6085060054208994
vn 0.7930263070647056 0.028804820256608993 -0.6085060054208994
vn -0.8656678642538266 -0.028789328811197355 0.4997902793620732
vn 0.8656678642538266 0.028789328811197355 -0.4997902793620732
vn -0.9234977710552207 -0.028775519098101804 0.38252298801075235
vn 0.9234977710552207 0.028775519098101804 -0.38252298801075235
vn -0.9655264045850926 -0.028766910136608387 0.2587107012285656
vn 0.9655264045850926 0.028766910136608387 -0.2587107012285656
vn -0.9910348011796982 -0.028760360034235502 0.1304717001553096
vn 0.9910348011796982 0.028760360034235502 -0.1304717001553096
vn -0.9995863669632477 -0.02875925904949432 3.7339858765263286e-7
vn 0.9995863669632477 0.02875925904949432 -3.7339858765263286e-7
vn -0.9910348934758489 -0.028760359810665635 -0.13047099914108726
vn 0.9910348934758489 0.028760359810665635 0.13047099914108726
vn -0.9655265929909972 -0.02876690979117364 -0.2587099981219584
vn 0.9655265929909972 0.02876690979117364 0.2587099981219584
vn 0.923517092836688 -0.027263389788529904 -0.3825870970324418
vn 0.8643692224629288 0.00041086471067752187 -0.5028575130680873
vn -0.8643692224629288 -0.00041086471067752187 0.5028575130680873
vn -0.923517092836688 0.027263389788529904 0.3825870970324418
vn -0.9235324682601794 0.027372529059265086 0.3825421868528496
vn 0.9235324682601794 -0.027372529059265086 -0.3825421868528496
vn 0.9791665387848509 -0.15691590621544932 -0.12888090510498112
vn -0.9791665387848509 0.15691590621544932 0.12888090510498112
vn -0.9791847474548092 0.1567728075977732 0.12891670624776658
vn 0.9791847474548092 -0.1567728075977732 -0.12891670624776658
vn 0.8725846103122399 -0.4747090056101301 0.11509760136022797
vn -0.8725846103122399 0.4747090056101301 -0.11509760136022797
vn -0.8727130925587814 0.4745184959540014 -0.11490889902022514
vn 0.8727130925587814 -0.4745184959540014 0.11490889902022514
vn 0.5938804745478572 -0.7277893688088771 0.3429702853012026
vn -0.5938804745478572 0.7277893688088771 -0.3429702853012026
vn 0.5126029095266585 -0.6887368128000844 0.5127181095287994
vn -0.5126029095266585 0.6887368128000844 -0.5127181095287994
vn 0.4116195112570426 -0.5675018155201393 0.7130996195019732
vn -0.4116195112570426 0.5675018155201393 -0.7130996195019732
vn 0.3150361055092979 -0.5674772099239453 0.7607377133036518
vn -0.3150361055092979 0.5674772099239453 -0.7607377133036518
vn 0.11993420652690126 -0.3933854214083029 0.9115172496053897
vn -0.11993420652690126 0.3933854214083029 -0.9115172496053897
vn -0.1284481058148292 -0.17878030809336173 0.9754684441593306
vn 0.1284481058148292 0.17878030809336173 -0.9754684441593306
vn -0.3825287896466557 -0.028896989217887886 0.9234915750052113
vn 0.3825287896466557 0.028896989217887886 -0.9234915750052113
vn -0.9234980477667555 -0.028775521488376962 -0.3825223197854778
vn 0.9234980477667555 0.028775521488376962 0.3825223197854778
vn -0.8656682422960107 -0.028789331406628673 -0.4997896244194095
vn 0.8656682422960107 0.028789331406628673 0.4997896244194095
vn -0.7930267821558538 -0.02880481935185352 -0.608505386307828
vn 0.7930267821558538 0.02880481935185352 0.608505386307828
vn -0.6335768072245751 0.7277858082988253 -0.26250380299328874
vn 0.6335768072245751 -0.7277858082988253 0.26250380299328874
vn -0.7068164595038355 -0.028824998348507637 -0.7068094595042367
vn 0.7068164595038355 0.028824998348507637 0.7068094595042367
vn -0.5990023179662661 -0.17867460535910346 -0.7805585234117995
vn 0.5990023179662661 0.17867460535910346 0.7805585234117995
vn -0.45979829593567273 -0.3932535965238858 -0.7962016929620788
vn 0.45979829593567273 0.3932535965238858 0.7962016929620788
vn -0.411863784353845 -0.5673219784481958 -0.7131016729102202
vn 0.411863784353845 0.5673219784481958 0.7131016729102202
vn -0.2776726921204418 -0.6885499804609174 -0.669922980989499
vn 0.2776726921204418 0.6885499804609174 0.669922980989499
vn -0.17770169801880817 -0.7276154918878328 -0.6625690926130339
vn 0.17770169801880817 0.7276154918878328 0.6625690926130339
vn -0.00011729340139495215 -0.6970789082902507 -0.7169944085271029
vn 0.00011729340139495215 0.6970789082902507 0.7169944085271029
vn 0.11499109705336122 -0.47453888783997417 -0.87269117763735
vn -0.11499109705336122 0.47453888783997417 0.87269117763735
vn 0.25643610005785455 -0.15612260003522263 -0.9538691002152024
vn -0.25643610005785455 0.15612260003522263 0.9538691002152024
vn 0.38267289929955517 -0.02715288995029912 -0.9234847983096525
vn -0.38267289929955517 0.02715288995029912 0.9234847983096525
vn 0.38083640979062294 0.0001309231033660041 -0.9246424237709027
vn -0.38083640979062294 -0.0001309231033660041 0.9246424237709027
vn -0.38253609364621466 0.02725104954736978 0.9235385846603602
vn 0.38253609364621466 -0.02725104954736978 -0.9235385846603602
vn -0.25559210684538286 0.15662150419470747 0.9540138255508278
vn 0.25559210684538286 -0.15662150419470747 -0.9540138255508278
vn -0.1148024025886329 0.4743483106958879 0.8728196196808564
vn 0.1148024025886329 -0.4743483106958879 -0.8728196196808564
vn 0.00015652200157802146 0.6970575070275851 0.7170152072287945
vn -0.00015652200157802146 -0.6970575070275851 -0.7170152072287945
vn -0.6697641823306901 0.6887782818290719 -0.2774894926794414
vn 0.6697641823306901 -0.6887782818290719 0.2774894926794414
vn 0.00016339259428888064 0.7276553745660029 0.6859428760239952
vn -0.00016339259428888064 -0.7276553745660029 -0.6859428760239952
vn -0.09449185813995994 0.688649086444177 0.7189114858484724
vn 0.09449185813995994 -0.688649086444177 -0.7189114858484724
vn -0.015363720081818622 -0.9980783053152096 0.060030430319688445
vn 0.015363720081818622 0.9980783053152096 -0.060030430319688445
vn -0.008134916262297646 -0.9997845322364877 0.019097440615766865
vn 0.008134916262297646 0.9997845322364877 -0.019097440615766865
vn -0.03246419114819749 -0.9918656350804254 0.1230798043531014
vn 0.03246419114819749 0.9918656350804254 -0.1230798043531014
vn -0.05197527920184245 -0.9797909849538553 0.19315329703384426
vn 0.05197527920184245 0.9797909849538553 -0.19315329703384426
vn -0.09979581502726835 -0.9229856540084926 0.37166958148005386
vn 0.09979581502726835 0.9229856540084926 -0.37166958148005386
vn -0.17704440179297026 -0.7299916073927968 0.6601269066852602
vn 0.17704440179297026 0.7299916073927968 -0.6601269066852602
vn -0.22440511184809542 -0.498949626343441 0.8370732441956226
vn 0.22440511184809542 0.498949626343441 -0.8370732441956226
vn -0.23996830732696567 -0.37540081146213394 0.8952594273350057
vn 0.23996830732696567 0.37540081146213394 -0.8952594273350057
vn -0.25373529997470634 -0.19802119998026044 0.9467871999056194
vn 0.25373529997470634 0.19802119998026044 -0.9467871999056194
vn -0.25867160978795006 -0.03457247130819799 0.965346436528024
vn 0.25867160978795006 0.03457247130819799 -0.965346436528024
vn -0.25881910271657566 -0.00003711428038976745 0.9659258101383961
vn 0.25881910271657566 0.00003711428038976745 -0.9659258101383961
vn -0.25870380273973764 0.029042250307564438 0.9655200102250971
vn 0.25870380273973764 -0.029042250307564438 -0.9655200102250971
vn -0.25460651293850506 0.17889140909084109 0.950354348294776
vn 0.25460651293850506 -0.17889140909084109 -0.950354348294776
vn -0.23785530106628267 0.3935091017640637 0.8880177039808991
vn 0.23785530106628267 -0.3935091017640637 -0.8880177039808991
vn 0.007685917882975498 -0.9997880847773937 -0.019097439709225797
vn -0.007685917882975498 0.9997880847773937 0.019097439709225797
vn 0.02993663931275984 -0.9980884770873919 -0.0540665287588225
vn -0.02993663931275984 0.9980884770873919 0.0540665287588225
vn 0.049330329730688224 -0.9918163945853227 -0.11775719935712192
vn -0.049330329730688224 0.9918163945853227 0.11775719935712192
vn 0.05153525139621644 -0.979814226545572 -0.1931533052329973
vn -0.05153525139621644 0.979814226545572 0.1931533052329973
vn 0.050012291894238246 -0.9230333349603063 -0.3814554144477972
vn -0.050012291894238246 0.9230333349603063 0.3814554144477972
vn -0.0001639260990820838 -0.7300312959121362 -0.6834136961731752
vn 0.0001639260990820838 0.7300312959121362 0.6834136961731752
vn -0.11322629723427394 -0.49897528781176265 -0.8591876790130225
vn 0.11322629723427394 0.49897528781176265 0.8591876790130225
vn -0.2399683073269656 -0.37540081146213355 -0.895259427335006
vn 0.2399683073269656 0.37540081146213355 0.895259427335006
vn -0.3751452900164029 -0.19799669473079007 -0.9055734759003221
vn 0.3751452900164029 0.19799669473079007 0.9055734759003221
vn -0.49970790898135636 -0.03451834062040527 -0.8655059155559216
vn 0.49970790898135636 0.03451834062040527 0.8655059155559216
vn -0.6087614296861323 0.00004146737202232447 -0.7933533386877207
vn 0.6087614296861323 -0.00004146737202232447 0.7933533386877207
vn -0.7068031920780908 0.029142869673364446 -0.706809692078018
vn 0.7068031920780908 -0.029142869673364446 0.706809692078018
vn -0.7805233988931943 0.17901149974615646 -0.5989474991506745
vn 0.7805233988931943 -0.17901149974615646 0.5989474991506745
vn -0.7960865318192409 0.3936344157334006 -0.45967181837288745
vn 0.7960865318192409 -0.3936344157334006 0.45967181837288745
vn 0.8656731830759883 -0.027439559463553302 -0.49985699022773755
vn 0.7921353141083893 0.000038762100690511016 -0.6103455108706074
vn -0.7921353141083893 -0.000038762100690511016 0.6103455108706074
vn -0.8656731830759883 0.027439559463553302 0.49985699022773755
vn -0.8656996486881672 0.02736080837826742 0.49981547037488944
vn 0.8656996486881672 -0.02736080837826742 -0.49981547037488944
vn 0.9538694546434227 -0.15655719255569153 -0.2561696878191086
vn -0.9538694546434227 0.15655719255569153 0.2561696878191086
vn -0.9539786710064804 0.15677829523516115 0.25562719223092484
vn 0.9539786710064804 -0.15677829523516115 -0.25562719223092484
vn 0.8801140929301885 -0.47476219618631355 0.00020124119838335717
vn -0.8801140929301885 0.47476219618631355 -0.00020124119838335717
vn -0.8802192808955757 0.4745671896999155 0
vn 0.8802192808955757 -0.4745671896999155 0
vn 0.6923967140389181 -0.6972344141370067 0.18560970376339064
vn -0.6923967140389181 0.6972344141370067 -0.18560970376339064
vn -0.6924269948560152 0.6972129948204605 -0.18557719862136166
vn 0.6924269948560152 -0.6972129948204605 0.18557719862136166
vn 0.6335780714767023 -0.7277858672355251 0.2625005881823837
vn -0.6335780714767023 0.7277858672355251 -0.2625005881823837
vn 0.5751302725179153 -0.6887493670887287 0.44141757890725636
vn -0.5751302725179153 0.6887493670887287 -0.44141757890725636
vn 0.5011675021152953 -0.5675252023953736 0.6532582027572297
vn -0.5011675021152953 0.5675252023953736 -0.6532582027572297
vn 0.23789048854515343 -0.39339878105715503 0.8880571572384814
vn -0.23789048854515343 0.39339878105715503 -0.8880571572384814
vn -0.00002518652943202096 -0.1788063959677541 0.9838842778125186
vn 0.00002518652943202096 0.1788063959677541 -0.9838842778125186
vn -0.2587165022807614 -0.02892562025499916 0.9655201085117142
vn 0.2587165022807614 0.02892562025499916 -0.9655201085117142
vn -0.6085125085230233 -0.028846250404029754 -0.7930198111072925
vn 0.6085125085230233 0.028846250404029754 0.7930198111072925
vn -0.4919952009355954 -0.1786960003398144 -0.8520613016203096
vn 0.4919952009355954 0.1786960003398144 0.8520613016203096
vn -0.31528819700232025 -0.5673394946058806 -0.7607359927671163
vn 0.31528819700232025 0.5673394946058806 0.7607359927671163
vn -0.1878478956221663 -0.688580383952493 -0.7004071836768673
vn 0.1878478956221663 0.688580383952493 0.7004071836768673
vn -0.08969944384170377 -0.727624031163136 -0.6800862291271577
vn 0.08969944384170377 0.727624031163136 0.6800862291271577
vn -0.00016678719407675803 -0.7276553741582146 -0.6859428756395831
vn 0.00016678719407675803 0.7276553741582146 0.6859428756395831
vn 0.0934716049258304 -0.6970768621587087 -0.7108775614095286
vn -0.0934716049258304 0.6970768621587087 0.7108775614095286
vn 0.23004280037299832 -0.4761593007720588 -0.848735901376166
vn -0.23004280037299832 0.4761593007720588 0.848735901376166
vn 0.3799412163054873 -0.15230180653615608 -0.912386339155804
vn -0.3799412163054873 0.15230180653615608 0.912386339155804
vn 0.4996253979058535 -0.027191419886028786 -0.8658146963709955
vn -0.4996253979058535 0.027191419886028786 0.8658146963709955
vn 0.49713708375981025 0.0004930403838938316 -0.8676718716553921
vn -0.49713708375981025 -0.0004930403838938316 0.8676718716553921
vn -0.4998093016828698 0.027278650091847673 0.865705802914852
vn 0.4998093016828698 -0.027278650091847673 -0.865705802914852
vn -0.37792960272179416 0.1566378011280825 0.9124877065716042
vn 0.37792960272179416 -0.1566378011280825 -0.9124877065716042
vn -0.2277386046660441 0.47442070972021366 0.8503294174220554
vn 0.2277386046660441 -0.47442070972021366 -0.8503294174220554
vn -0.0934355379223379 0.6970564845000319 0.7109022841921527
vn 0.0934355379223379 -0.6970564845000319 -0.7109022841921527
vn -0.7605695320467272 0.567672123918962 -0.31509101327641353
vn 0.7605695320467272 -0.567672123918962 0.31509101327641353
vn -0.2129777021722171 0.5675456057885507 0.7953191081116745
vn 0.2129777021722171 -0.5675456057885507 -0.7953191081116745
vn -0.0040775760709088294 -0.9999694173894147 0.006673654116054267
vn 0.0040775760709088294 0.9999694173894147 -0.006673654116054267
vn 0.001769938053870672 -0.9999707304355822 -0.007443493226553903
vn -0.001769938053870672 0.9999707304355822 0.007443493226553903
vn -0.4999999908742432 0.00020750389621254745 0.8660253841937255
vn 0.4999999908742432 -0.00020750389621254745 -0.8660253841937255
vn -0.608761413837455 0.00023192270527154426 0.7933533180333223
vn 0.608761413837455 -0.00023192270527154426 -0.7933533180333223
vn -0.7071067083750593 0.0002540091030083582 0.7071068083750605
vn 0.7071067083750593 -0.0002540091030083582 -0.7071068083750605
vn -0.7933533097252384 0.0002733722033509693 0.6087614074624379
vn 0.7933533097252384 -0.0002733722033509693 -0.6087614074624379
vn -0.8660253664988486 0.0002896936887934365 0.4999999806581012
vn 0.8660253664988486 -0.0002896936887934365 -0.4999999806581012
vn -0.9238794968718179 0.00030268139897506003 0.38268339870426465
vn 0.9238794968718179 -0.00030268139897506003 -0.38268339870426465
vn -0.9659257887521421 0.00031212599636534777 0.258818996986146
vn 0.9659257887521421 -0.00031212599636534777 -0.258818996986146
vn -0.991444809238278 0.0003178530029617238 0.13052620121624253
vn 0.991444809238278 -0.0003178530029617238 -0.13052620121624253
vn -0.9999999488712328 0.00031977731562791235 0
vn 0.9999999488712328 -0.00031977731562791235 0
vn -0.991444809238278 0.0003178530029617817 -0.13052620121624253
vn 0.991444809238278 -0.0003178530029617817 0.13052620121624253
vn -0.9659257887521421 0.0003121259963654627 -0.258818996986146
vn 0.9659257887521421 -0.0003121259963654627 0.258818996986146
vn -0.9238794968718179 0.00030268139897523 -0.38268339870426465
vn 0.9238794968718179 -0.00030268139897523 0.38268339870426465
vn 0.7930468327198688 -0.027320091127183983 -0.6085477251077249
vn 0.7061734052147675 0.00017449970128875767 -0.7080389052285434
vn -0.7061734052147675 -0.00017449970128875767 0.7080389052285434
vn -0.7930468327198688 0.027320091127183983 0.6085477251077249
vn -0.79305441168152 0.02734323040275973 0.6085368089636156
vn 0.79305441168152 -0.02734323040275973 -0.6085368089636156
vn 0.9126096371528091 -0.15899400647272793 -0.3766491153335798
vn -0.9126096371528091 0.15899400647272793 0.3766491153335798
vn -0.9124525170372543 0.15675780292697145 0.3779648070573344
vn 0.9124525170372543 -0.15675780292697145 -0.3779648070573344
vn 0.8726378358938943 -0.4747090195260332 -0.11469330471763804
vn -0.8726378358938943 0.4747090195260332 0.11469330471763804
vn -0.8727130925587814 0.4745184959540014 0.11490889902022534
vn 0.8727130925587814 -0.4745184959540014 -0.11490889902022534
vn 0.7107209928897529 -0.6972154930248655 0.09362812906331844
vn -0.7107209928897529 0.6972154930248655 -0.09362812906331844
vn -0.7107457739239129 0.6971950744210658 -0.09359205656626209
vn 0.7107457739239129 -0.6971950744210658 0.09359205656626209
vn 0.6278354922855908 -0.6887570915370282 0.36254139554534137
vn -0.6278354922855908 0.6887570915370282 -0.36254139554534137
vn 0.5821568915829254 -0.5675377917942948 0.582232091581838
vn -0.5821568915829254 0.5675377917942948 -0.582232091581838
vn 0.4596216759880337 -0.39346007944450706 0.7962016584041213
vn -0.4596216759880337 0.39346007944450706 -0.7962016584041213
vn 0.3517711016944058 -0.3934299018950674 0.8493939040913477
vn -0.3517711016944058 0.3934299018950674 -0.8493939040913477
vn 0.12839709798509194 -0.17883799719353402 0.9754645846922442
vn -0.12839709798509194 0.17883799719353402 -0.9754645846922442
vn -0.1304775014361203 -0.02895359031868228 0.991028410907904
vn 0.1304775014361203 0.02895359031868228 -0.991028410907904
vn -0.38268340995475864 0.00018115770471225737 0.9238795240329144
vn 0.38268340995475864 -0.00018115770471225737 -0.9238795240329144
vn -0.8660253664988486 0.00028969368879365855 -0.4999999806581012
vn 0.8660253664988486 -0.00028969368879365855 0.4999999806581012
vn -0.7933533097252384 0.0002733722033512397 -0.6087614074624379
vn 0.7933533097252384 -0.0002733722033512397 0.6087614074624379
vn -0.7071067083750593 0.00025400910300867226 -0.7071068083750605
vn 0.7071067083750593 -0.00025400910300867226 0.7071068083750605
vn -0.6624064879071404 0.7278041867132433 -0.17753509675892803
vn 0.6624064879071404 -0.7278041867132433 0.17753509675892803
vn -0.608761413837455 0.00023192270527189654 -0.7933533180333223
vn 0.608761413837455 -0.00023192270527189654 0.7933533180333223
vn -0.49979678408771516 -0.0288714890808035 -0.8656613724394978
vn 0.49979678408771516 0.0288714890808035 0.8656613724394978
vn -0.3765698119823461 -0.17872460568696683 -0.9089844289236305
vn 0.3765698119823461 0.17872460568696683 0.9089844289236305
vn -0.35194230722637165 -0.3932832080752172 -0.8493909174403996
vn 0.35194230722637165 0.3932832080752172 0.8493909174403996
vn -0.2132967022545408 -0.5673550059969281 -0.795369608407037
vn 0.2132967022545408 0.5673550059969281 0.795369608407037
vn -0.09482037068991697 -0.6885943050102407 -0.7189207052308971
vn 0.09482037068991697 0.6885943050102407 0.7189207052308971
vn 0.0893706919806795 -0.7276642161268705 -0.6800865150724293
vn -0.0893706919806795 0.7276642161268705 0.6800865150724293
vn 0.18545319131379093 -0.6971205673484453 -0.6925532675623677
vn -0.18545319131379093 0.6971205673484453 0.6925532675623677
vn 0.33692200004876943 -0.4704759000681012 -0.8155587001180521
vn -0.33692200004876943 0.4704759000681012 0.8155587001180521
vn 0.4944674934484318 -0.15611179793155833 -0.8550619886706468
vn -0.4944674934484318 0.15611179793155833 0.8550619886706468
vn 0.608624281461277 -0.02716596917252318 -0.7929933758453861
vn -0.608624281461277 0.02716596917252318 0.7929933758453861
vn 0.6070147961696127 0.0004618973970855096 -0.7946903949853416
vn -0.6070147961696127 -0.0004618973970855096 0.7946903949853416
vn -0.6085306645840975 0.027301798411061277 0.7930605538446345
vn 0.6085306645840975 -0.027301798411061277 -0.7930605538446345
vn -0.49379870862966335 0.15667500273806395 0.8553454149480807
vn 0.49379870862966335 -0.15667500273806395 -0.8553454149480807
vn -0.33678929365618804 0.47439819106416675 0.8133383846798405
vn 0.33678929365618804 -0.47439819106416675 -0.8133383846798405
vn -0.18542069674573883 0.6970991877654281 0.6925834878446822
vn 0.18542069674573883 -0.6970991877654281 -0.6925834878446822
vn -0.08937176206361827 0.7276636168019504 0.6800870157033941
vn 0.08937176206361827 -0.7276636168019504 -0.6800870157033941
vn -0.7002485335003282 0.6887895329521226 -0.18767250897837015
vn 0.7002485335003282 -0.6887895329521226 0.18767250897837015
vn -0.18751780027167206 0.6886744009977376 0.7004032010147304
vn 0.18751780027167206 -0.6886744009977376 -0.7004032010147304
vn -0.02763160910700308 -0.9976779677570949 0.06225083798818041
vn 0.02763160910700308 0.9976779677570949 -0.06225083798818041
vn -0.030384870972298143 -0.9980749319378156 0.054066531730097254
vn 0.030384870972298143 0.9980749319378156 -0.054066531730097254
vn -0.012808159781061987 -0.9997834829100657 0.016399339719675443
vn 0.012808159781061987 0.9997834829100657 -0.016399339719675443
vn -0.04977575198518863 -0.9917941395553732 0.11775720469646854
vn 0.04977575198518863 0.9917941395553732 -0.11775720469646854
vn -0.07674147999142528 -0.9797867998905233 0.18473919997935792
vn 0.07674147999142528 0.9797867998905233 -0.18473919997935792
vn -0.14744350374290574 -0.9229890234304043 0.35545980902347335
vn 0.14744350374290574 0.9229890234304043 -0.35545980902347335
vn -0.2616847871687984 -0.7299975642059977 0.6313672690421409
vn 0.2616847871687984 0.7299975642059977 -0.6313672690421409
vn -0.3317460947298982 -0.4989261920740837 0.8006354872811448
vn 0.3317460947298982 0.4989261920740837 -0.8006354872811448
vn -0.35477180458813967 -0.3753689048545149 0.8562915110741183
vn 0.35477180458813967 0.3753689048545149 -0.8562915110741183
vn -0.37514529001640284 -0.19799669473079043 0.905573475900322
vn 0.37514529001640284 0.19799669473079043 -0.905573475900322
vn -0.3824616970293506 -0.034543729731692785 0.9233253928283641
vn 0.3824616970293506 0.034543729731692785 -0.9233253928283641
vn -0.3826834162176917 -0.000009297692394230862 0.923879539152973
vn 0.3826834162176917 0.000009297692394230862 -0.923879539152973
vn -0.3825161092562791 0.029069210703428286 0.9234914223470179
vn 0.3825161092562791 -0.029069210703428286 -0.9234914223470179
vn -0.3764740066713284 0.17892080317057577 0.908985516107728
vn 0.3764740066713284 -0.17892080317057577 -0.908985516107728
vn -0.3517291885520996 0.39353478719143237 0.8493626723553817
vn 0.3517291885520996 -0.39353478719143237 -0.8493626723553817
vn 0.027183559351277014 -0.9976902761905863 -0.06225083851441295
vn -0.027183559351277014 0.9976902761905863 0.06225083851441295
vn 0.0024735970358685253 -0.9997869144974634 -0.02049407029717558
vn -0.0024735970358685253 0.9997869144974634 0.02049407029717558
vn 0.014915490065554066 -0.9980851043866165 -0.06003043026383593
vn -0.014915490065554066 0.9980851043866165 0.06003043026383593
vn 0.03201875047554868 -0.9918801147315958 -0.12307980182800529
vn -0.03201875047554868 0.9918801147315958 0.12307980182800529
vn 0.025880041489439242 -0.9798098563896795 -0.19824951140958783
vn -0.025880041489439242 0.9798098563896795 0.19824951140958783
vn -0.0002072584081704992 -0.9230080363866368 -0.3847806151687442
vn 0.0002072584081704992 0.9230080363866368 0.3847806151687442
vn -0.0893638355154039 -0.7300362450567582 -0.6775405418168012
vn 0.0893638355154039 0.7300362450567582 0.6775405418168012
vn -0.22440511184809542 -0.49894962634344064 -0.8370732441956229
vn 0.22440511184809542 0.49894962634344064 0.8370732441956229
vn -0.3547718045881396 -0.3753689048545145 -0.8562915110741185
vn 0.3547718045881396 0.3753689048545145 0.8562915110741185
vn -0.49013758503761684 -0.19796809395664675 -0.8488661740867435
vn 0.49013758503761684 0.19796809395664675 0.8488661740867435
vn -0.6084040862311464 -0.03449298921938554 -0.7928774820563106
vn 0.6084040862311464 0.03449298921938554 0.7928774820563106
vn -0.7071067797588095 0.00006354724818109375 -0.7071067797588095
vn 0.7071067797588095 -0.00006354724818109375 0.7071067797588095
vn -0.7930135062655028 0.029161380230400637 -0.6085057048077293
vn 0.7930135062655028 -0.029161380230400637 0.6085057048077293
vn -0.852024211549546 0.17902560242676735 -0.491939606668448
vn 0.852024211549546 -0.17902560242676735 0.491939606668448
vn -0.8492743182980442 0.39364650848131294 -0.35181750758008584
vn 0.8492743182980442 -0.39364650848131294 0.35181750758008584
vn 0.7068447077435941 -0.02696259029537923 -0.7068547077437035
vn -0.7068447077435941 0.02696259029537923 0.7068547077437035
vn -0.706839696554245 0.02732513986679321 0.7068457965542152
vn 0.706839696554245 -0.02732513986679321 -0.7068457965542152
vn 0.856562828830175 -0.15650320526758174 -0.4917386165509288
vn -0.856562828830175 0.15650320526758174 0.4917386165509288
vn -0.8553102148602924 0.1567562027235065 0.4938339085799469
vn 0.8553102148602924 -0.1567562027235065 -0.4938339085799469
vn 0.8512402182843166 -0.473954610180365 -0.2252934048392169
vn -0.8512402182843166 0.473954610180365 0.2252934048392169
vn -0.8502228840843932 0.4745604911165432 0.2278450957348915
vn 0.8502228840843932 -0.4745604911165432 -0.2278450957348915
vn 0.716837880441912 -0.6972398809766206 0.00003923333892940915
vn -0.716837880441912 0.6972398809766206 -0.00003923333892940915
vn -0.7168586883482005 0.6972184886674317 0
vn 0.7168586883482005 -0.6972184886674317 0
vn 0.6624061035186185 -0.7278048038660082 0.17753400094303826
vn -0.6624061035186185 0.7278048038660082 -0.17753400094303826
vn 0.6697870928357798 -0.6887603926328365 0.2774785970320153
vn -0.6697870928357798 0.6887603926328365 -0.2774785970320153
vn 0.6531781851907623 -0.5675547871320661 0.5012382886356324
vn -0.6531781851907623 0.5675547871320661 -0.5012382886356324
vn 0.5596189025243458 -0.39347280177488914 0.729387303290142
vn -0.5596189025243458 0.39347280177488914 -0.729387303290142
vn 0.25462228862202385 -0.1788635920073547 0.9503553575327018
vn -0.25462228862202385 0.1788635920073547 -0.9503553575327018
vn -0.0000061347799001666305 -0.02898371952833825 0.9995798837334948
vn 0.0000061347799001666305 0.02898371952833825 -0.9995798837334948
vn -0.25881900655043794 0.0001533475038808502 0.9659258244465707
vn 0.25881900655043794 -0.0001533475038808502 -0.9659258244465707
vn -0.4999999908742432 0.00020750389621293201 -0.8660253841937255
vn 0.4999999908742432 -0.00020750389621293201 0.8660253841937255
vn -0.3825294931953742 -0.028896989485965707 -0.9234912835724755
vn 0.3825294931953742 0.028896989485965707 0.9234912835724755
vn -0.23807050422208872 -0.3932956069749461 -0.8880546157493069
vn 0.23807050422208872 0.3932956069749461 0.8880546157493069
vn -0.10763239706020945 -0.5673884845027765 -0.8163856777018542
vn 0.10763239706020945 0.5673884845027765 0.8163856777018542
vn -0.00017715209968489364 -0.6886163987751349 -0.7251257987101948
vn 0.00017715209968489364 0.6886163987751349 0.7251257987101948
vn 0.09447563935874143 -0.6886368953258392 -0.7189252951202553
vn -0.09447563935874143 0.6886368953258392 0.7189252951202553
vn 0.17736979708964723 -0.7276942880597084 -0.6625714891282689
vn -0.17736979708964723 0.7276942880597084 0.6625714891282689
vn 0.27427399243399164 -0.6971093807698301 -0.6624290817265066
vn -0.27427399243399164 0.6971093807698301 0.6624290817265066
vn 0.6031417975152848 -0.15680279935403182 -0.7820695967781705
vn -0.6031417975152848 0.15680279935403182 0.7820695967781705
vn -0.6012199704057262 0.1566878922872414 0.783570961429735
vn 0.6012199704057262 -0.1566878922872414 -0.783570961429735
vn -0.2742414922347275 0.6970970802613792 0.662455481242272
vn 0.2742414922347275 -0.6970970802613792 -0.662455481242272
vn -0.1773716962761708 0.7276952847224049 0.6625698860896801
vn 0.1773716962761708 -0.7276952847224049 -0.6625698860896801
vn -0.7951916980213284 0.567676298587454 -0.21310509946973155
vn 0.7951916980213284 -0.567676298587454 0.21310509946973155
vn -0.31496358679792835 0.5675720762095443 0.760696968114486
vn 0.31496358679792835 -0.5675720762095443 -0.760696968114486
vn -0.005673554767538528 -0.9999690590284595 0.005449014776738339
vn 0.005673554767538528 0.9999690590284595 -0.005449014776738339
vn -0.0002245399960895733 -0.9999702825852383 -0.007706070865796846
vn 0.0002245399960895733 0.9999702825852383 0.007706070865796846
vn -0.49969279298157687 0.03474214951202978 0.8655056878435606
vn 0.49969279298157687 -0.03474214951202978 -0.8655056878435606
vn -0.6083889756581256 0.034765648609013 0.7928771682766829
vn 0.6083889756581256 -0.034765648609013 -0.7928771682766829
vn -0.7066752641218655 0.034788628233769804 0.7066822641215101
vn 0.7066752641218655 -0.034788628233769804 -0.7066822641215101
vn -0.7928700608588584 0.03480706828170016 0.6083958699656853
vn 0.7928700608588584 -0.03480706828170016 -0.6083958699656853
vn -0.865498467278576 0.034824298683416806 0.4996995811081332
vn 0.865498467278576 -0.034824298683416806 -0.4996995811081332
vn -0.923317830032552 0.03483636113311442 0.3824534124399763
vn 0.923317830032552 -0.03483636113311442 -0.3824534124399763
vn -0.96533880253394 0.03484671009146987 0.2586633006789712
vn 0.96533880253394 -0.03484671009146987 -0.2586633006789712
vn -0.9908425067724826 0.03485152023821272 0.13044730089161705
vn 0.9908425067724826 -0.03485152023821272 -0.13044730089161705
vn -0.9993924022041143 0.0348543600768697 -5.672803012433716e-7
vn 0.9993924022041143 -0.0348543600768697 5.672803012433716e-7
vn -0.9908423498453844 0.034851518235880334 -0.13044849339693743
vn 0.9908423498453844 -0.034851518235880334 0.13044849339693743
vn -0.9653385074295184 0.0348467102681902 -0.25866440199075447
vn 0.9653385074295184 -0.0348467102681902 0.25866440199075447
vn -0.9233174179122797 0.034836360675822534 -0.38245440741958314
vn 0.9233174179122797 -0.034836360675822534 0.38245440741958314
vn -0.865497884241335 0.034824299365932156 -0.4997005909016366
vn 0.865497884241335 -0.034824299365932156 0.4997005909016366
vn 0.7841474130321224 -0.15696020260859683 -0.6003968099782828
vn -0.7841474130321224 0.15696020260859683 0.6003968099782828
vn -0.7835358149235798 0.15672880298512798 0.6012551114517786
vn 0.7835358149235798 -0.15672880298512798 -0.6012551114517786
vn 0.7605925901505504 -0.47402329386153813 -0.443622394255221
vn -0.7605925901505504 0.47402329386153813 0.443622394255221
vn -0.7622779985604761 0.4745406991038535 0.44016289916877444
vn 0.7622779985604761 -0.4745406991038535 -0.44016289916877444
vn 0.8086929745785225 -0.48306028481487207 -0.33566118944840184
vn -0.8086929745785225 0.48306028481487207 0.33566118944840184
vn -0.8132319027807408 0.4745051016225085 0.33689580115197154
vn 0.8132319027807408 -0.4745051016225085 -0.33689580115197154
vn 0.7107311829366372 -0.6972154832611246 -0.0935508177540152
vn -0.7107311829366372 0.6972154832611246 0.0935508177540152
vn -0.7107457739239129 0.6971950744210658 0.0935920565662624
vn 0.7107457739239129 -0.6971950744210658 -0.0935920565662624
vn 0.6799222179262897 -0.7277978191885398 0.08953274236054908
vn -0.6799222179262897 0.7277978191885398 -0.08953274236054908
vn -0.6799236151461059 0.727796216212525 -0.0895351619945019
vn 0.6799236151461059 -0.727796216212525 0.0895351619945019
vn 0.713016687509527 -0.5675651900575152 0.4116757927883518
vn -0.713016687509527 0.5675651900575152 -0.4116757927883518
vn 0.6500359023755595 -0.39349130143801614 0.6500907023757597
vn -0.6500359023755595 0.39349130143801614 -0.6500907023757597
vn 0.49191490371265156 -0.17891690135034777 0.8520613064308007
vn -0.49191490371265156 0.17891690135034777 -0.8520613064308007
vn 0.3764895114917212 -0.17889370546043545 0.9089844277452502
vn -0.3764895114917212 0.17889370546043545 -0.9089844277452502
vn 0.130465202191797 -0.029012180487400757 0.9910283166491359
vn -0.130465202191797 0.029012180487400757 -0.9910283166491359
vn -0.1305261938566664 0.0001245365941383522 0.9914448533367495
vn 0.1305261938566664 -0.0001245365941383522 -0.9914448533367495
vn -0.38244660922023177 0.034714910836925836 0.9233252222600288
vn 0.38244660922023177 -0.034714910836925836 -0.9233252222600288
vn -0.7928693667674421 0.03480706854108652 -0.6083967744994802
vn 0.7928693667674421 -0.03480706854108652 0.6083967744994802
vn -0.7066744641174966 0.03478862823355304 -0.70668306411706
vn 0.7066744641174966 -0.03478862823355304 0.70668306411706
vn -0.6083880711167945 0.03476564834950206 -0.7928778623581473
vn 0.6083880711167945 -0.03476564834950206 0.7928778623581473
vn -0.4996918264306246 0.03474215183764637 -0.8655062457799577
vn 0.4996918264306246 -0.03474215183764637 0.8655062457799577
vn -0.3826834099547655 0.0001811576047126683 -0.9238795240329309
vn 0.3826834099547655 -0.0001811576047126683 0.9238795240329309
vn -0.25871720538594456 -0.028925620602169973 -0.9655199201000809
vn 0.25871720538594456 0.028925620602169973 0.9655199201000809
vn -0.254702585608488 -0.1787492899000923 -0.9503553463018785
vn 0.254702585608488 0.1787492899000923 0.9503553463018785
vn -0.12011540396336094 -0.3933202129781019 -0.9115215300768156
vn 0.12011540396336094 0.3933202129781019 0.9115215300768156
vn -0.00016090640242800766 -0.5674094085619612 -0.8234358124252887
vn 0.00016090640242800766 0.5674094085619612 0.8234358124252887
vn 0.1875108955226196 -0.6886574835562539 -0.700421683275349
vn -0.1875108955226196 0.6886574835562539 0.700421683275349
vn 0.26233719687394536 -0.7277024913285733 -0.6337414924482289
vn -0.26233719687394536 0.7277024913285733 0.6337414924482289
vn 0.35838592527156465 -0.6971411491588713 -0.6209297437848285
vn -0.35838592527156465 0.6971411491588713 0.6209297437848285
vn 0.4355225074894519 -0.47659320819572304 -0.7636616131322881
vn -0.4355225074894519 0.47659320819572304 0.7636616131322881
vn 0.7004028270888223 -0.15689600606811932 -0.6962898269297476
vn -0.7004028270888223 0.15689600606811932 0.6962898269297476
vn -0.6983514134647986 0.15672090302170977 0.6983866134654773
vn 0.6983514134647986 -0.15672090302170977 -0.6983866134654773
vn -0.44005639480298453 0.4744683943965826 0.762384490996327
vn 0.44005639480298453 -0.4744683943965826 -0.762384490996327
vn -0.35835109518254826 0.6971379906281056 0.6209533916522847
vn 0.35835109518254826 -0.6971379906281056 -0.6209533916522847
vn -0.2623404118664493 0.7277024329161793 0.6337402286659852
vn 0.2623404118664493 -0.7277024329161793 -0.6337402286659852
vn -0.7187568016495288 0.6887893015807542 -0.09464649021721115
vn 0.7187568016495288 -0.6887893015807542 0.09464649021721115
vn -0.2773348025708215 0.688690206383979 0.6699188062099733
vn 0.2773348025708215 -0.688690206383979 -0.6699188062099733
vn -0.042809418271176264 -0.9976745597097196 0.05303608785818026
vn 0.042809418271176264 0.9976745597097196 -0.05303608785818026
vn -0.043350610901643764 -0.9980720207587712 0.044418080923845714
vn 0.043350610901643764 0.9980720207587712 -0.044418080923845714
vn -0.016623840433731787 -0.9997826260852783 0.012583660328319427
vn 0.016623840433731787 0.9997826260852783 -0.012583660328319427
vn -0.06322100143472542 -0.9918587225090538 0.11054130250860314
vn 0.06322100143472542 0.9918587225090538 -0.11054130250860314
vn -0.10020349589784232 -0.9797801598894961 0.17317649291045392
vn 0.10020349589784232 0.9797801598894961 -0.17317649291045392
vn -0.19259760412420426 -0.9229648197639814 0.3332298071356431
vn 0.19259760412420426 0.9229648197639814 -0.3332298071356431
vn -0.34187079217342214 -0.7299545832888726 0.5918535864504709
vn 0.34187079217342214 0.7299545832888726 -0.5918535864504709
vn -0.43341301474974303 -0.49890271697846317 0.7504993255407006
vn 0.43341301474974303 0.49890271697846317 -0.7504993255407006
vn -0.46350471021281425 -0.37535060827043615 0.802667617685894
vn 0.46350471021281425 0.37535060827043615 -0.802667617685894
vn -0.4901375850376168 -0.1979680939566471 0.8488661740867434
vn 0.4901375850376168 0.1979680939566471 -0.8488661740867434
vn -0.49970790898135636 -0.03451834062040566 0.8655059155559216
vn 0.49970790898135636 0.03451834062040566 -0.8655059155559216
vn -0.5000000015661018 0.000017042100053187032 0.8660254027125678
vn 0.5000000015661018 -0.000017042100053187032 -0.8660254027125678
vn -0.49978338701582153 0.02909637924408717 0.8656615775104483
vn 0.49978338701582153 -0.02909637924408717 -0.8656615775104483
vn -0.4918994080853973 0.1789447029413309 0.8520644140054638
vn 0.4918994080853973 -0.1789447029413309 -0.8520644140054638
vn -0.45958340443158346 0.39355890379493486 0.7961749076772043
vn 0.45958340443158346 -0.39355890379493486 -0.7961749076772043
vn 0.010137960491484221 -0.9976864483674353 -0.06722330325895876
vn -0.010137960491484221 0.9976864483674353 0.06722330325895876
vn -0.002922595008196141 -0.9997857028038044 -0.020494070057473904
vn 0.002922595008196141 0.9997857028038044 0.020494070057473904
vn -0.001137397999831807 -0.9980814998524087 -0.06190335999084626
vn 0.001137397999831807 0.9980814998524087 0.06190335999084626
vn 0.017164049496088896 -0.9918091708819499 -0.12656999628409235
vn -0.017164049496088896 0.9918091708819499 0.12656999628409235
vn -0.0002200114017094032 -0.979802607612686 -0.19996700155366623
vn 0.0002200114017094032 0.979802607612686 0.19996700155366623
vn -0.05042681941300378 -0.9230107892556411 -0.38145539555964736
vn 0.05042681941300378 0.9230107892556411 0.38145539555964736
vn -0.17704440179297026 -0.7299916073927964 -0.6601269066852605
vn 0.17704440179297026 0.7299916073927964 0.6601269066852605
vn -0.3317460947298981 -0.4989261920740832 -0.8006354872811449
vn 0.3317460947298981 0.4989261920740832 0.8006354872811449
vn -0.4635047102128142 -0.37535060827043576 -0.8026676176858942
vn 0.4635047102128142 0.37535060827043576 0.8026676176858942
vn -0.5967436778764297 -0.1979469926613478 -0.7776335711701498
vn 0.5967436778764297 0.1979469926613478 0.7776335711701498
vn -0.7066904255373969 -0.034471861245696074 -0.706682625537115
vn 0.7066904255373969 0.034471861245696074 0.706682625537115
vn -0.793353336642588 0.00008291688382981492 -0.6087614281168467
vn 0.793353336642588 -0.00008291688382981492 0.6087614281168467
vn -0.8656550387971268 0.029178541307730694 -0.4997899223996998
vn 0.8656550387971268 -0.029178541307730694 0.4997899223996998
vn -0.9089453833190071 0.1790402967142472 -0.3765140930902022
vn 0.9089453833190071 -0.1790402967142472 0.3765140930902022
vn -0.8879293282648065 0.39365511253093605 -0.2379436075742852
vn 0.8879293282648065 -0.39365511253093605 0.2379436075742852
vn 0.6970235703861283 -0.47497447982014673 -0.5371753771774681
vn -0.6970235703861283 0.47497447982014673 0.5371753771774681
vn -0.6983230216955244 0.4744793147411401 0.5359238166501002
vn 0.6983230216955244 -0.4744793147411401 -0.5359238166501002
vn 0.6924169081179443 -0.6972345081744261 -0.18553400217521382
vn -0.6924169081179443 0.6972345081744261 0.18553400217521382
vn -0.6924269948560152 0.6972129948204603 0.185577198621362
vn 0.6924269948560152 -0.6972129948204603 -0.185577198621362
vn 0.6857794844464756 -0.7278093834932348 -0.0000033946299231711734
vn -0.6857794844464756 0.7278093834932348 0.0000033946299231711734
vn -0.6857794314797728 0.727809433409103 0
vn 0.6857794314797728 -0.727809433409103 0
vn 0.7002619040116849 -0.6887776039458933 0.18766640107510968
vn -0.7002619040116849 0.6887776039458933 -0.18766640107510968
vn 0.7606303171008372 -0.5675890127607947 0.3150940070840868
vn -0.7606303171008372 0.5675890127607947 -0.3150940070840868
vn 0.7293278372232382 -0.3935147200840987 0.5596669285641303
vn -0.7293278372232382 0.3935147200840987 -0.5596669285641303
vn 0.5989220161747247 -0.17894360483262195 0.7805585210800721
vn -0.5989220161747247 0.17894360483262195 -0.7805585210800721
vn 0.2587042042528739 -0.02904181047742252 0.9655199158723142
vn -0.2587042042528739 0.02904181047742252 -0.9655199158723142
vn 2.0942479905037774e-8 0.00009523056956796151 0.9999999954655691
vn -2.0942479905037774e-8 -0.00009523056956796151 -0.9999999954655691
vn -0.2586566032238273 0.03468803043234219 0.9653463120318202
vn 0.2586566032238273 -0.03468803043234219 -0.9653463120318202
vn -0.38244561423634166 0.03471491129224495 -0.9233256343703227
vn 0.38244561423634166 -0.03471491129224495 0.9233256343703227
vn -0.25881900655043794 0.00015334750388127917 -0.9659258244465707
vn 0.25881900655043794 -0.00015334750388127917 0.9659258244465707
vn -0.1284773984690627 -0.1787802978696529 -0.9754645883763593
vn 0.1284773984690627 0.1787802978696529 0.9754645883763593
vn -0.0001080647990866876 -0.3933567966755348 -0.9193858922297868
vn 0.0001080647990866876 0.3933567966755348 0.9193858922297868
vn 0.10731339718418396 -0.5674340851109921 -0.8163959785784354
vn -0.10731339718418396 0.5674340851109921 0.8163959785784354
vn 0.2129717999525797 -0.567460799873649 -0.7953811998229007
vn -0.2129717999525797 0.567460799873649 0.7953811998229007
vn 0.27731170447171094 -0.6886742111050198 -0.6699448108030045
vn -0.27731170447171094 0.6886742111050198 0.6699448108030045
vn 0.3428068922690499 -0.7277329835882312 -0.594043886603176
vn -0.3428068922690499 0.7277329835882312 0.594043886603176
vn 0.5345277757876322 -0.47480037849308865 -0.6991742683296822
vn -0.5345277757876322 0.47480037849308865 0.6991742683296822
vn -0.5358172971039209 0.4744428974356478 0.698429496225006
vn 0.5358172971039209 -0.4744428974356478 -0.698429496225006
vn -0.34280801268373046 0.7277324269257471 0.5940439219793375
vn 0.34280801268373046 -0.7277324269257471 -0.5940439219793375
vn -0.8162009821337485 0.5676845875736541 -0.1074716976474955
vn 0.8162009821337485 -0.5676845875736541 0.1074716976474955
vn -0.41156003027786137 0.5675901417567653 0.713063652459036
vn 0.41156003027786137 -0.5675901417567653 -0.713063652459036
vn -0.006898193889834743 -0.9999687840303391 0.003853035938466179
vn 0.006898193889834743 0.9999687840303391 -0.003853035938466179
vn -0.002219018077065428 -0.9999698347284701 -0.007443493258509153
vn 0.002219018077065428 0.9999698347284701 0.007443493258509153
vn -0.4900699915095865 0.1981455965671472 0.8488637852935199
vn 0.4900699915095865 -0.1981455965671472 -0.8488637852935199
vn -0.5966736814136778 0.19817709382680426 0.7776286757769488
vn 0.5966736814136778 -0.19817709382680426 -0.7776286757769488
vn -0.6930697134248331 0.19819370383903273 0.6930899134252246
vn 0.6930697134248331 -0.19819370383903273 -0.6930899134252246
vn -0.7776075245216748 0.19821390625062987 0.5966890188164513
vn 0.7776075245216748 -0.19821390625062987 -0.5966890188164513
vn -0.848837282960326 0.19822869602073034 0.49008229016202215
vn 0.848837282960326 -0.19822869602073034 -0.49008229016202215
vn -0.9055438818178472 0.19824139601956847 0.3750874924687272
vn 0.9055438818178472 -0.19824139601956847 -0.3750874924687272
vn -0.9467560949342584 0.19824819893924722 0.2536740986426838
vn 0.9467560949342584 -0.19824819893924722 -0.2536740986426838
vn -0.9717655827638669 0.1982599964834773 0.12792429773101638
vn 0.9717655827638669 -0.1982599964834773 -0.12792429773101638
vn -0.9801503325600528 0.1982557065859451 -0.000019711050654746197
vn 0.9801503325600528 -0.1982557065859451 0.000019711050654746197
vn -0.9717607757099797 0.19826129504428355 -0.12795879680155664
vn 0.9717607757099797 -0.19826129504428355 0.12795879680155664
vn -0.94674549215681 0.19825199835760715 -0.2537106978981667
vn 0.94674549215681 -0.19825199835760715 0.2537106978981667
vn -0.9055291450247529 0.19824640985721528 -0.375120418651751
vn 0.9055291450247529 -0.19824640985721528 0.375120418651751
vn -0.8488192619213364 0.19822999110725523 -0.4901129780131671
vn 0.8488192619213364 -0.19822999110725523 0.4901129780131671
vn -0.7775841786575812 0.19821769455950228 -0.5967181836218255
vn 0.7775841786575812 -0.19821769455950228 0.5967181836218255
vn 0.6209609334377351 -0.4751743255873635 -0.6233914335686136
vn -0.6209609334377351 0.4751743255873635 0.6233914335686136
vn -0.6223777906759436 0.47450929289121246 0.6224843906743468
vn 0.6223777906759436 -0.47450929289121246 -0.6224843906743468
vn 0.6208154249849532 -0.6971998280590725 -0.35846981442675435
vn -0.6208154249849532 0.6971998280590725 0.35846981442675435
vn 0.6623055061097253 -0.6971942064315712 -0.2743568025309238
vn -0.6623055061097253 0.6971942064315712 0.2743568025309238
vn -0.6207968976170773 0.6971968973238166 0.3585075986238723
vn 0.6207968976170773 -0.6971968973238166 -0.3585075986238723
vn -0.662298931765563 0.6971842334387518 0.27439801316083573
vn 0.662298931765563 -0.6971842334387518 -0.27439801316083573
vn 0.6799242968805645 -0.7277952966609365 -0.08953745958920983
vn -0.6799242968805645 0.7277952966609365 0.08953745958920983
vn -0.6799236151461058 0.7277962162125249 0.0895351619945022
vn 0.6799236151461058 -0.7277962162125249 -0.0895351619945022
vn 0.7187771769255793 -0.6887721778888095 0.0946163669625942
vn -0.7187771769255793 0.6887721778888095 -0.0946163669625942
vn 0.7961336885489148 -0.39353929433957885 0.4596715933883734
vn -0.7961336885489148 0.39353929433957885 -0.4596715933883734
vn 0.695681651411275 -0.17896268750064967 0.695700651409948
vn -0.695681651411275 0.17896268750064967 -0.695700651409948
vn 0.49978370500779934 -0.02909594029153957 0.8656614086738695
vn -0.49978370500779934 0.02909594029153957 -0.8656614086738695
vn 0.3825164908351673 -0.029068779303532195 0.9234912778737826
vn -0.3825164908351673 0.029068779303532195 -0.9234912778737826
vn 0.1305261945852744 0.00006591811726524431 0.9914448588710765
vn -0.1305261945852744 -0.00006591811726524431 -0.9914448588710765
vn -0.1304406938561292 0.03465831836756266 0.9908501533300907
vn 0.1304406938561292 -0.03465831836756266 -0.9908501533300907
vn -0.3750747978608734 0.19812599887004761 0.9055743948353282
vn 0.3750747978608734 -0.19812599887004761 -0.9055743948353282
vn -0.6930454646437391 0.19819368988899277 -0.6931141646402342
vn 0.6930454646437391 -0.19819368988899277 0.6931141646402342
vn -0.5966445151198254 0.19817330502199515 -0.7776520197068144
vn 0.5966445151198254 -0.19817330502199515 0.7776520197068144
vn -0.4900379016674667 0.19814820067424505 -0.8488817028885152
vn 0.4900379016674667 -0.19814820067424505 0.8488817028885152
vn -0.3750429984629988 0.19812219918805582 -0.9055883962887177
vn 0.3750429984629988 -0.19812219918805582 0.9055883962887177
vn -0.2586555019092538 0.03468803025604833 -0.965346607125662
vn 0.2586555019092538 -0.03468803025604833 0.965346607125662
vn -0.1305261938566664 0.0001245365941387925 -0.9914448533367495
vn 0.1305261938566664 -0.0001245365941387925 0.9914448533367495
vn -0.1304782024497271 -0.02895359054360319 -0.9910283186065479
vn 0.1304782024497271 0.02895359054360319 0.9910283186065479
vn -0.00005511425869089771 -0.17880639575289808 -0.9838842766302734
vn 0.00005511425869089771 0.17880639575289808 0.9838842766302734
vn 0.11988939890075029 -0.39337789639317106 -0.9115263916423377
vn -0.11988939890075029 0.39337789639317106 0.9115263916423377
vn 0.31494249562195603 -0.5674842921113497 -0.7607711894244514
vn -0.31494249562195603 0.5674842921113497 0.7607711894244514
vn 0.36239109679660225 -0.6887008939121492 -0.6279838944488644
vn -0.36239109679660225 0.6887008939121492 0.6279838944488644
vn 0.41741870626561756 -0.7277363109236058 -0.5442072081687627
vn -0.41741870626561756 0.7277363109236058 0.5442072081687627
vn 0.4363795025239252 -0.6971357040320829 -0.5688363032900271
vn -0.4363795025239252 0.6971357040320829 0.5688363032900271
vn -0.43634770000499623 0.697133500007982 0.5688634000065137
vn 0.43634770000499623 -0.697133500007982 -0.5688634000065137
vn -0.41741978787200595 0.7277372788558337 0.5442050841883013
vn 0.41741978787200595 -0.7277372788558337 -0.5442050841883013
vn -0.3624007018115197 0.6887137034426488 0.6279643031389833
vn 0.3624007018115197 -0.6887137034426488 -0.6279643031389833
vn -0.7249560866929889 0.6887950873567461 0
vn 0.7249560866929889 -0.6887950873567461 0
vn -0.07856506773828281 -0.991787671448593 0.10091949709474725
vn 0.07856506773828281 0.991787671448593 -0.10091949709474725
vn -0.05508511015654548 -0.9976718028352672 0.040207020114263456
vn 0.05508511015654548 0.9976718028352672 -0.040207020114263456
vn -0.05337735835805318 -0.9980697692982655 0.03174260902356187
vn 0.05337735835805318 0.9980697692982655 -0.03174260902356187
vn -0.019321930394167013 -0.9997820203955341 0.007910417161372137
vn 0.019321930394167013 0.9997820203955341 -0.007910417161372137
vn -0.12194809481688233 -0.9797766583568916 0.1586390932574173
vn 0.12194809481688233 0.9797766583568916 -0.1586390932574173
vn -0.23442639112798108 -0.9229694650696214 0.30524028844798295
vn 0.23442639112798108 0.9229694650696214 -0.30524028844798295
vn -0.41618357629665426 -0.7299628584256491 0.5421673691213651
vn 0.41618357629665426 0.7299628584256491 -0.5421673691213651
vn -0.5276656793189304 -0.49888218044705684 0.6875212730536285
vn 0.5276656793189304 0.49888218044705684 -0.6875212730536285
vn -0.56431068096136 -0.37532188733743926 0.7353141751920663
vn 0.56431068096136 0.37532188733743926 -0.7353141751920663
vn -0.5967436778764297 -0.1979469926613481 0.7776335711701495
vn 0.5967436778764297 0.1979469926613481 -0.7776335711701495
vn -0.6084040862311464 -0.03449298921938589 0.7928774820563106
vn 0.6084040862311464 0.03449298921938589 -0.7928774820563106
vn -0.6087614296861323 0.00004146737202197214 0.7933533386877207
vn 0.6087614296861323 -0.00004146737202197214 -0.7933533386877207
vn -0.6084992096481682 0.029119950461716407 0.7930200125738707
vn 0.6084992096481682 -0.029119950461716407 -0.7930200125738707
vn -0.5989073002704846 0.17897070008082835 0.7805636003525259
vn 0.5989073002704846 -0.17897070008082835 -0.7805636003525259
vn -0.559572482649619 0.39358148779641755 0.7293642773849707
vn 0.559572482649619 -0.39358148779641755 -0.7293642773849707
vn -0.0009352563099454563 -0.9918727105475117 -0.12723070135296344
vn 0.0009352563099454563 0.9918727105475117 0.12723070135296344
vn -0.007613784715771953 -0.9976824627557979 -0.06761459747589878
vn 0.007613784715771953 0.9976824627557979 0.06761459747589878
vn -0.008134916262297646 -0.9997845322364877 -0.01909744061576731
vn 0.008134916262297646 0.9997845322364877 0.01909744061576731
vn -0.017128050155760816 -0.9980779090764232 -0.059557680541611965
vn 0.017128050155760816 0.9980779090764232 0.059557680541611965
vn -0.026320060966311263 -0.9797981359721801 -0.19824950727850657
vn 0.026320060966311263 0.9797981359721801 0.19824950727850657
vn -0.09979581502726836 -0.9229856540084925 -0.3716695814800544
vn 0.09979581502726836 0.9229856540084925 0.3716695814800544
vn -0.2616847871687984 -0.7299975642059975 -0.6313672690421414
vn 0.2616847871687984 0.7299975642059975 0.6313672690421414
vn -0.43341301474974303 -0.49890271697846283 -0.750499325540701
vn 0.43341301474974303 0.49890271697846283 0.750499325540701
vn -0.56431068096136 -0.37532188733743893 -0.7353141751920665
vn 0.56431068096136 0.37532188733743893 0.7353141751920665
vn -0.6931408118857776 -0.19792250339391754 -0.6930963118850146
vn 0.6931408118857776 0.19792250339391754 0.6930963118850146
vn -0.792885273245972 -0.03445156883751361 -0.6083962794711144
vn 0.792885273245972 0.03445156883751361 0.6083962794711144
vn -0.8660253985744659 0.00009923189983676887 -0.4999999991769675
vn 0.8660253985744659 -0.00009923189983676887 0.4999999991769675
vn -0.9234848665965545 0.029190678944141683 -0.3825226861637411
vn 0.9234848665965545 -0.029190678944141683 0.3825226861637411
vn -0.9503141697760707 0.17904759430554448 -0.2546466919011798
vn 0.9503141697760707 -0.17904759430554448 0.2546466919011798
vn -0.9113900285434556 0.3936605123288944 -0.11999840375818137
vn 0.9113900285434556 -0.3936605123288944 0.11999840375818137
vn 0.5687306066411925 -0.6971654081409538 -0.4364698050967541
vn -0.5687306066411925 0.6971654081409538 0.4364698050967541
vn -0.5687069050730106 0.6971632062188734 0.43650420389372896
vn 0.5687069050730106 -0.6971632062188734 -0.43650420389372896
vn 0.6624055994690123 -0.7278047994165879 -0.17753589985768647
vn -0.6624055994690123 0.7278047994165879 0.17753589985768647
vn -0.6624064879071404 0.7278041867132433 0.17753509675892834
vn 0.6624064879071404 -0.7278041867132433 -0.17753509675892834
vn 0.7249686082100244 -0.6887819078002222 -0.000024435760276879666
vn -0.7249686082100244 0.6887819078002222 0.000024435760276879666
vn 0.7952647632451777 -0.5675816737680273 0.21308449015185504
vn -0.7952647632451777 0.5675816737680273 -0.21308449015185504
vn 0.8493199985392333 -0.393549199323125 0.35181609939490266
vn -0.8493199985392333 0.393549199323125 -0.35181609939490266
vn 0.7805362932848551 -0.17898439846015352 0.5989387948471828
vn -0.7805362932848551 0.17898439846015352 -0.5989387948471828
vn 0.6084995025192759 -0.029119530120559244 0.7930198032832166
vn -0.6084995025192759 0.029119530120559244 -0.7930198032832166
vn 0.25881910271658193 0.00003711363038933257 0.9659258101384194
vn -0.25881910271658193 -0.00003711363038933257 -0.9659258101384194
vn 0.000007208751024333107 0.03462995011689302 0.999400203373471
vn -0.000007208751024333107 -0.03462995011689302 -0.999400203373471
vn -0.25366619634525356 0.1980963971458864 0.9467899863589341
vn 0.25366619634525356 -0.1980963971458864 -0.9467899863589341
vn -0.25362960143138785 0.19809250111795804 -0.9468006053433782
vn 0.25362960143138785 -0.19809250111795804 0.9468006053433782
vn -0.1304395996475866 0.03465831990636258 -0.9908502973229839
vn 0.1304395996475866 -0.03465831990636258 0.9908502973229839
vn -0.00000688159588797999 -0.02898371952819693 -0.9995798837286364
vn 0.00000688159588797999 0.02898371952819693 0.9995798837286364
vn 0.12836780502435452 -0.17883800699977317 -0.9754684381801281
vn -0.12836780502435452 0.17883800699977317 0.9754684381801281
vn 0.2378471893026302 -0.393410282306054 -0.8880636600586185
vn -0.2378471893026302 0.393410282306054 0.8880636600586185
vn 0.3517234073940069 -0.3934412082710075 -0.8494084178564508
vn -0.3517234073940069 0.3934412082710075 0.8494084178564508
vn 0.41155709816832803 -0.5674970974743029 -0.713139396826109
vn -0.41155709816832803 0.5674970974743029 0.713139396826109
vn 0.44126798432782727 -0.688710675539597 -0.5752913795678225
vn -0.44126798432782727 0.688710675539597 0.5752913795678225
vn 0.5068774874213537 -0.697174282698958 -0.5069745874189444
vn -0.5068774874213537 0.697174282698958 0.5069745874189444
vn -0.5068498178554527 0.6971713245601541 0.5070063178609661
vn 0.5068498178554527 -0.6971713245601541 -0.5070063178609661
vn -0.44126731550490267 0.6887270241999465 0.5752723202134649
vn 0.44126731550490267 -0.6887270241999465 -0.5752723202134649
vn -0.8232475079859083 0.5676826055068024 0
vn 0.8232475079859083 -0.5676826055068024 0
vn -0.5011099839310817 0.5676138817985245 0.6532252790532541
vn 0.5011099839310817 -0.5676138817985245 -0.6532252790532541
vn -0.08968456843848649 -0.9918527827306799 0.09046952842481919
vn 0.08968456843848649 0.9918527827306799 -0.09046952842481919
vn -0.007668033085657522 -0.9999686111703786 0.001994478022279552
vn 0.007668033085657522 0.9999686111703786 -0.001994478022279552
vn -0.016187109613481514 -0.9918016763175951 -0.12675729697326846
vn 0.016187109613481514 0.9918016763175951 0.12675729697326846
vn -0.0040775760709088294 -0.9999694173894147 -0.00667365411605471
vn 0.0040775760709088294 0.9999694173894147 0.00667365411605471
vn -0.46335350418448296 0.37551910339126215 0.8026761072488598
vn 0.46335350418448296 -0.37551910339126215 -0.8026761072488598
vn -0.5641631020919563 0.3755356013925122 0.7353183027266118
vn 0.5641631020919563 -0.3755356013925122 -0.7353183027266118
vn -0.6553063919281291 0.37556389537391455 0.6553817919272005
vn 0.6553063919281291 -0.37556389537391455 -0.6553817919272005
vn -0.7352487813876113 0.37557469049254827 0.5642276857169093
vn 0.7352487813876113 -0.37557469049254827 -0.5642276857169093
vn -0.8026021782159405 0.37559568980566066 0.4634194874219658
vn 0.8026021782159405 -0.37559568980566066 -0.4634194874219658
vn -0.8562236988946238 0.3756029995151002 0.3546876995421018
vn 0.8562236988946238 -0.3756029995151002 -0.3546876995421018
vn -0.8951949130627469 0.3756148054809975 0.23987410350025978
vn 0.8951949130627469 -0.3756148054809975 -0.23987410350025978
vn -0.918846385819407 0.37561639420309717 0.12096959813307143
vn 0.918846385819407 -0.37561639420309717 -0.12096959813307143
vn -0.9267725092085931 0.3756231037322647 -0.000010851180107736047
vn 0.9267725092085931 -0.3756231037322647 0.000010851180107736047
vn -0.9188436882084653 0.37561529517972325 -0.12099349844728854
vn 0.9188436882084653 -0.37561529517972325 0.12099349844728854
vn -0.8951876273678823 0.3756167114834407 -0.23989830733422624
vn 0.8951876273678823 -0.3756167114834407 0.23989830733422624
vn -0.8562176154870844 0.3756025067938194 -0.3547029064157916
vn 0.8562176154870844 -0.3756025067938194 0.3547029064157916
vn -0.8025917237870291 0.3755959111318254 -0.46343741373525155
vn 0.8025917237870291 -0.3755959111318254 0.46343741373525155
vn -0.7352359730895957 0.3755752862535525 -0.564243979348081
vn 0.7352359730895957 -0.3755752862535525 0.564243979348081
vn -0.6552974914365888 0.3755638950921406 -0.6553906914353708
vn 0.6552974914365888 -0.3755638950921406 0.6553906914353708
vn 0.593878798351915 -0.7277887979802986 -0.34297439904820504
vn -0.593878798351915 0.7277887979802986 0.34297439904820504
vn 0.6335744000123039 -0.7277874000141336 -0.262505200005098
vn -0.6335744000123039 0.7277874000141336 0.262505200005098
vn -0.6335768072245751 0.7277858082988252 0.26250380299328907
vn 0.6335768072245751 -0.7277858082988252 -0.26250380299328907
vn -0.5938805098276387 0.7277888120435767 0.342971405675551
vn 0.5938805098276387 -0.7277888120435767 -0.342971405675551
vn 0.7187677040327172 -0.6887757038644441 -0.09466265053111432
vn -0.7187677040327172 0.6887757038644441 0.09466265053111432
vn -0.7187568016495288 0.6887893015807542 0.09464649021721148
vn 0.7187568016495288 -0.6887893015807542 -0.09464649021721148
vn 0.8162660468846579 -0.5675962326015705 0.10744420617137607
vn -0.8162660468846579 0.5675962326015705 -0.10744420617137607
vn 0.8520360719165975 -0.17899779410017116 0.49192918378584466
vn -0.8520360719165975 0.17899779410017116 -0.49192918378584466
vn 0.7068034511850436 -0.02914242798729585 0.7068094511846292
vn -0.7068034511850436 0.02914242798729585 -0.7068094511846292
vn 0.500000001566096 -0.000017042770053573523 0.8660254027125578
vn -0.500000001566096 0.000017042770053573523 -0.8660254027125578
vn 0.38268341621769403 0.000009297035393792792 0.9238795391529787
vn -0.38268341621769403 -0.000009297035393792792 -0.9238795391529787
vn 0.13045510051306897 0.03459974013607766 0.9908503038969312
vn -0.13045510051306897 -0.03459974013607766 -0.9908503038969312
vn -0.12791569576565157 0.19806799344342443 0.9718058678306509
vn 0.12791569576565157 -0.19806799344342443 -0.9718058678306509
vn -0.3546143939540728 0.37549099359814125 0.8563031854006302
vn 0.3546143939540728 -0.37549099359814125 -0.8563031854006302
vn -0.5641433841089668 0.37553628942173267 -0.7353330792868218
vn 0.5641433841089668 -0.37553628942173267 0.7353330792868218
vn -0.46333511689910384 0.3755195136962279 -0.8026865292761814
vn 0.46333511689910384 -0.3755195136962279 0.8026865292761814
vn -0.3546033995305548 0.3754903995029035 -0.856307998866368
vn 0.3546033995305548 -0.3754903995029035 0.856307998866368
vn -0.23978969473849382 0.3754675917614266 -0.8952792803556301
vn 0.23978969473849382 -0.3754675917614266 0.8952792803556301
vn -0.1278798960193374 0.19807049383443526 -0.9718100697493655
vn 0.1278798960193374 -0.19807049383443526 0.9718100697493655
vn 0.000008343311028089204 0.034629950116587954 -0.999400203364654
vn -0.000008343311028089204 -0.034629950116587954 0.999400203364654
vn 2.1824919901036406e-8 0.0000952305695684056 -0.9999999954655691
vn -2.1824919901036406e-8 -0.0000952305695684056 0.9999999954655691
vn 0.13046450117710537 -0.029012180261759817 -0.9910284089414734
vn -0.13046450117710537 0.029012180261759817 0.9910284089414734
vn 0.2545933989090508 -0.17886359923355769 -0.9503630959276326
vn -0.2545933989090508 0.17886359923355769 0.9503630959276326
vn 0.4595822931340658 -0.3934521941220169 -0.7962282881047398
vn -0.4595822931340658 0.3934521941220169 0.7962282881047398
vn 0.5011286229059159 -0.5675307259410666 -0.6532832298606985
vn -0.5011286229059159 0.5675307259410666 0.6532832298606985
vn 0.5125650958219153 -0.6887307943859314 -0.5127639958202942
vn -0.5125650958219153 0.6887307943859314 0.5127639958202942
vn 0.4848689985679927 -0.727764297850628 -0.48503729856749583
vn -0.4848689985679927 0.727764297850628 0.48503729856749583
vn -0.4848714222789963 0.727764333439502 0.48503482228650435
vn 0.4848714222789963 -0.727764333439502 -0.48503482228650435
vn -0.5125760974318758 0.688747396549217 0.5127306974311014
vn 0.5125760974318758 -0.688747396549217 -0.5127306974311014
vn -0.10201550095732703 -0.9917824093070182 0.07720421072449438
vn 0.10201550095732703 0.9917824093070182 -0.07720421072449438
vn -0.06362210908205926 -0.997669885605604 0.02463790964452365
vn 0.06362210908205926 0.997669885605604 -0.02463790964452365
vn -0.059781801855460524 -0.9980683309772594 0.01690393052465067
vn 0.059781801855460524 0.9980683309772594 -0.01690393052465067
vn -0.020718570139645648 -0.9997817067386486 0.0026980960181852694
vn 0.020718570139645648 0.9997817067386486 -0.0026980960181852694
vn -0.1416179951272924 -0.9797708662886278 0.1413979951348618
vn 0.1416179951272924 0.9797708662886278 -0.1413979951348618
vn -0.2722883042071947 -0.9229469142606836 0.27208100420399145
vn 0.2722883042071947 0.9229469142606836 -0.27208100420399145
vn -0.4834104019575801 -0.7299228029558371 0.4832464019569158
vn 0.4834104019575801 0.7299228029558371 -0.4832464019569158
vn -0.6128922018660697 -0.498862401518884 0.6127801018657285
vn 0.6128922018660697 0.498862401518884 -0.6127801018657285
vn -0.655459682694062 -0.3753074900908504 0.6553753826962877
vn 0.655459682694062 0.3753074900908504 -0.6553753826962877
vn -0.6931408118857777 -0.19792250339391787 0.6930963118850145
vn 0.6931408118857777 0.19792250339391787 -0.6930963118850145
vn -0.7066904255373969 -0.034471861245696386 0.706682625537115
vn 0.7066904255373969 0.034471861245696386 -0.706682625537115
vn -0.7071067797588095 0.00006354724818077974 0.7071067797588095
vn 0.7071067797588095 -0.00006354724818077974 -0.7071067797588095
vn -0.7068031920780908 0.02914286967336413 0.706809692078018
vn 0.7068031920780908 -0.02914286967336413 -0.706809692078018
vn -0.6956674744391635 0.17899049342337103 0.6957076744376864
vn 0.6956674744391635 -0.17899049342337103 -0.6957076744376864
vn -0.6499857113039472 0.39360160684515305 0.6500741113054845
vn 0.6499857113039472 -0.39360160684515305 -0.6500741113054845
vn -0.033840700747175954 -0.991865321899603 -0.12271100270936226
vn 0.033840700747175954 0.991865321899603 0.12271100270936226
vn -0.02486192973883822 -0.9976785895198996 -0.063398079334036
vn 0.02486192973883822 0.9976785895198996 0.063398079334036
vn -0.012808159781061987 -0.9997834829100657 -0.016399339719675887
vn 0.012808159781061987 0.9997834829100657 0.016399339719675887
vn -0.03196671927634994 -0.9980745774059792 -0.05315323879673804
vn 0.03196671927634994 0.9980745774059792 0.05315323879673804
vn -0.05197527920184245 -0.9797909849538553 -0.19315329703384468
vn 0.05197527920184245 0.9797909849538553 0.19315329703384468
vn -0.1474435037429057 -0.9229890234304042 -0.35545980902347374
vn 0.1474435037429057 0.9229890234304042 0.35545980902347374
vn -0.34187079217342214 -0.7299545832888723 -0.5918535864504713
vn 0.34187079217342214 0.7299545832888723 0.5918535864504713
vn -0.5276656793189304 -0.4988821804470565 -0.6875212730536286
vn 0.5276656793189304 0.4988821804470565 0.6875212730536286
vn -0.6554596826940621 -0.3753074900908501 -0.6553753826962879
vn 0.6554596826940621 0.3753074900908501 0.6553753826962879
vn -0.7776780347838556 -0.19790630885192084 -0.5966992266890653
vn 0.7776780347838556 0.19790630885192084 0.5966992266890653
vn -0.8655136971013341 -0.03443619988467064 -0.4997000983264693
vn 0.8655136971013341 0.03443619988467064 0.4997000983264693
vn -0.9238795333749142 0.00011222610405422457 -0.3826834138243415
vn 0.9238795333749142 -0.00011222610405422457 0.3826834138243415
vn -0.9655134835509034 0.0292009595025141 -0.25871029559244824
vn 0.9655134835509034 -0.0292009595025141 0.25871029559244824
vn -0.9754214622544628 0.1790551930711649 -0.1284219950304997
vn 0.9754214622544628 -0.1790551930711649 0.1284219950304997
vn -0.9192552130058756 0.3936621055696397 0
vn 0.9192552130058756 -0.3936621055696397 0
vn 0.5440405228374888 -0.7277663305498481 -0.41758361752913775
vn -0.5440405228374888 0.7277663305498481 0.41758361752913775
vn -0.544041696094428 0.7277656947755082 0.4175831970022497
vn 0.544041696094428 -0.7277656947755082 -0.4175831970022497
vn 0.7002617987576901 -0.6887714987780745 -0.18768919966702732
vn -0.7002617987576901 0.6887714987780745 0.18768919966702732
vn -0.7002485335003282 0.6887895329521224 0.18767250897837048
vn 0.7002485335003282 -0.6887895329521224 -0.18767250897837048
vn 0.8233094180116569 -0.5675928124173084 -0.000038800990848980814
vn -0.8233094180116569 0.5675928124173084 0.000038800990848980814
vn 0.8879806198008091 -0.39354840877561614 0.2379287053054996
vn -0.8879806198008091 0.39354840877561614 -0.2379287053054996
vn 0.9089555701174681 -0.17901319411481975 0.37650238762222826
vn -0.9089555701174681 0.17901319411481975 -0.37650238762222826
vn 0.7930137720828541 -0.02916095897342182 0.6085053785782618
vn -0.7930137720828541 0.02916095897342182 -0.6085053785782618
vn 0.6087614296861165 -0.000041468002022354096 0.7933533386877
vn -0.6087614296861165 0.000041468002022354096 -0.7933533386877
vn 0.2586710053586471 0.03457187071619314 0.9653466199981898
vn -0.2586710053586471 -0.03457187071619314 -0.9653466199981898
vn 0.00002734853060779318 0.19803810440119451 0.9801943217838184
vn -0.00002734853060779318 -0.19803810440119451 -0.9801943217838184
vn -0.23981790610057668 0.3754683095513017 0.8952714227742461
vn 0.23981790610057668 -0.3754683095513017 -0.8952714227742461
vn -0.12088530131145925 0.37543720407303965 -0.9189307099692862
vn 0.12088530131145925 -0.37543720407303965 0.9189307099692862
vn 0.00006417928163870952 0.19803560505650478 -0.9801948250276187
vn -0.00006417928163870952 -0.19803560505650478 0.9801948250276187
vn 0.1305261945852744 0.0000659181172656846 -0.9914448588710765
vn -0.1305261945852744 -0.0000659181172656846 0.9914448588710765
vn 0.25870340783824175 -0.029041810879913733 -0.9655201292535003
vn -0.25870340783824175 0.029041810879913733 0.9655201292535003
vn 0.376462213826136 -0.17889370657013784 -0.9089957333842232
vn -0.376462213826136 0.17889370657013784 0.9089957333842232
vn 0.49188898365740696 -0.17891689405563818 -0.8520762716904906
vn -0.49188898365740696 0.17891689405563818 0.8520762716904906
vn 0.5595829588549635 -0.3934841710678811 -0.7294087463680066
vn -0.5595829588549635 0.3934841710678811 0.7294087463680066
vn 0.5820956978895248 -0.5675390979423017 -0.5822919978888133
vn -0.5820956978895248 0.5675390979423017 0.5822919978888133
vn -0.5820866139170741 0.5676284135713937 0.5822140139201202
vn 0.5820866139170741 -0.5676284135713937 -0.5822140139201202
vn -0.8162009821337484 0.567684587573654 0.10747169764749573
vn 0.8162009821337484 -0.567684587573654 -0.10747169764749573
vn -0.11005150064520187 -0.991848205814935 0.06423242037657691
vn 0.11005150064520187 0.991848205814935 -0.06423242037657691
vn -0.007930610621008844 -0.9999685522131073 0
vn 0.007930610621008844 0.9999685522131073 0
vn -0.04845033185790289 -0.9917944380318913 -0.11830620453663458
vn 0.04845033185790289 0.9917944380318913 0.11830620453663458
vn -0.005673554767538528 -0.9999690590284595 -0.005449014776738784
vn 0.005673554767538528 0.9999690590284595 0.005449014776738784
vn -0.4332256052564367 0.4990527060551336 0.7505078091061028
vn 0.4332256052564367 -0.4990527060551336 -0.7505078091061028
vn -0.527480917695073 0.49907401674212426 0.6875238230639326
vn 0.527480917695073 -0.49907401674212426 -0.6875238230639326
vn -0.6127077995417988 0.4990900996267652 0.6127790995417455
vn 0.6127077995417988 -0.4990900996267652 -0.6127790995417455
vn -0.6874455143385908 0.4991117104103647 0.5275473110034685
vn 0.6874455143385908 -0.4991117104103647 -0.5275473110034685
vn -0.7504254365492992 0.49912212430962877 0.43328832110320864
vn 0.7504254365492992 -0.49912212430962877 -0.43328832110320864
vn -0.800556863734783 0.49913707738909585 0.3316185849776818
vn 0.800556863734783 -0.49913707738909585 -0.3316185849776818
vn -0.8369927918781025 0.49914449515646897 0.22427179782374174
vn 0.8369927918781025 -0.49914449515646897 -0.22427179782374174
vn -0.8591052645534979 0.499148479405239 0.113088195334005
vn 0.8591052645534979 -0.499148479405239 -0.113088195334005
vn -0.8665155964041356 0.49914999792862846 -0.000027499739885770803
vn 0.8665155964041356 -0.49914999792862846 0.000027499739885770803
vn -0.8590975072303795 0.49914850420095863 -0.11314700095227335
vn 0.8590975072303795 -0.49914850420095863 0.11314700095227335
vn -0.8369801091564537 0.49914050546053235 -0.22432800245411907
vn 0.8369801091564537 -0.49914050546053235 0.22432800245411907
vn -0.8005371684733539 0.4991341803431656 -0.3316704869381978
vn 0.8005371684733539 -0.4991341803431656 0.3316704869381978
vn -0.7503965854195243 0.49912099030189966 -0.43333959158005575
vn 0.7503965854195243 -0.49912099030189966 0.43333959158005575
vn -0.6874131002377281 0.49910880017260695 -0.5275923001824572
vn 0.6874131002377281 -0.49910880017260695 0.5275923001824572
vn -0.6126670967490475 0.4990900973517133 -0.6128197967482372
vn 0.6126670967490475 -0.4990900973517133 0.6128197967482372
vn -0.527435272797661 0.499075774260295 -0.6875575645393947
vn 0.527435272797661 -0.499075774260295 0.6875575645393947
vn 0.6278081958339465 -0.6887634954294549 -0.3625764975939897
vn -0.6278081958339465 0.6887634954294549 0.3625764975939897
vn 0.6697664824810055 -0.6887644819840771 -0.277518192740993
vn -0.6697664824810055 0.6887644819840771 0.277518192740993
vn -0.6697641823306901 0.6887782818290716 0.27748949267944173
vn 0.6697641823306901 -0.6887782818290716 -0.27748949267944173
vn -0.6278096697784549 0.688773266843785 0.3625553825472842
vn 0.6278096697784549 -0.688773266843785 -0.3625553825472842
vn 0.8162559849917258 -0.5675952895637817 -0.10752559802295653
vn -0.8162559849917258 0.5675952895637817 0.10752559802295653
vn 0.911433794351061 -0.3935631975607504 0.11998519925634847
vn -0.911433794351061 0.3935631975607504 -0.11998519925634847
vn 0.865655229832726 -0.02917810100555321 0.49978961722404747
vn -0.865655229832726 0.02917810100555321 -0.49978961722404747
vn 0.707106779758779 -0.00006354792818107156 0.707106779758779
vn -0.707106779758779 0.00006354792818107156 -0.707106779758779
vn 0.4997074144345717 0.03451774099708088 0.8655062250010532
vn -0.4997074144345717 -0.03451774099708088 -0.8655062250010532
vn 0.3824612072031363 0.03454315065057303 0.9233256173895813
vn -0.3824612072031363 -0.03454315065057303 -0.9233256173895813
vn 0.1279674987100403 0.19801429800394243 0.9718099902037958
vn -0.1279674987100403 -0.19801429800394243 -0.9718099902037958
vn -0.1209055019659398 0.37543680610465296 0.918928214941897
vn 0.1209055019659398 -0.37543680610465296 -0.918928214941897
vn -0.33155840711086526 0.49902891070257066 0.8006492171713598
vn 0.33155840711086526 -0.49902891070257066 -0.8006492171713598
vn -0.4331762899115951 0.499050888377417 -0.7505374825204513
vn 0.4331762899115951 -0.499050888377417 0.7505374825204513
vn -0.33150650258894976 0.4990318038972639 -0.8006689062529437
vn 0.33150650258894976 -0.4990318038972639 0.8006689062529437
vn -0.22415978702253178 0.499006871110582 -0.8371048515367954
vn 0.22415978702253178 -0.499006871110582 0.8371048515367954
vn -0.11297620401344921 0.4989809177261629 -0.859217330523464
vn 0.11297620401344921 -0.4989809177261629 0.859217330523464
vn 0.000095149391951293 0.37541500769889 -0.9268568190076802
vn -0.000095149391951293 -0.37541500769889 0.9268568190076802
vn 0.12800200136158993 0.198013002106315 -0.9718057103373452
vn -0.12800200136158993 -0.198013002106315 0.9718057103373452
vn 0.13045619471870626 0.03459973859928955 -0.9908501598871424
vn -0.13045619471870626 -0.03459973859928955 0.9908501598871424
vn 0.25881910271658193 0.000037113630389761525 -0.9659258101384194
vn -0.25881910271658193 -0.000037113630389761525 0.9659258101384194
vn 0.382515787283093 -0.029068779033595348 -0.923491569298113
vn -0.382515787283093 0.029068779033595348 0.923491569298113
vn 0.5988985947850395 -0.17894359844183322 -0.7805764932030639
vn -0.5988985947850395 0.17894359844183322 0.7805764932030639
vn 0.6499978000483435 -0.39350650002926685 -0.6501196000483527
vn -0.6499978000483435 0.39350650002926685 0.6501196000483527
vn 0.6531184890648829 -0.5675530904974982 -0.5013179916064682
vn -0.6531184890648829 0.5675530904974982 0.5013179916064682
vn 0.5751119215354631 -0.6887474257906229 -0.44144451653019495
vn -0.5751119215354631 0.6887474257906229 0.44144451653019495
vn -0.5751177126565322 0.6887570151573759 0.44142200971431045
vn 0.5751177126565322 -0.6887570151573759 -0.44142200971431045
vn -0.6530978836571497 0.5676479857954124 0.5012373874572439
vn 0.6530978836571497 -0.5676479857954124 -0.5012373874572439
vn -0.15885909510547352 -0.979768369812857 0.12172809624949756
vn 0.15885909510547352 0.979768369812857 -0.12172809624949756
vn -0.11852890034347797 -0.9917787028740175 0.048227630139755805
vn 0.11852890034347797 0.9917787028740175 -0.048227630139755805
vn -0.06783863263652186 -0.9976689387740122 0.0073897582871998374
vn 0.06783863263652186 0.9976689387740122 -0.0073897582871998374
vn -0.06212748027176256 -0.9980678043658211 0.000913281703994722
vn 0.06212748027176256 0.9980678043658211 -0.000913281703994722
vn -0.020718570139645648 -0.9997817067386486 -0.002698096018185713
vn 0.020718570139645648 0.9997817067386486 0.002698096018185713
vn -0.3054475114201772 -0.9229535345077058 0.23421910875706484
vn 0.3054475114201772 0.9229535345077058 -0.23421910875706484
vn -0.542331298905025 -0.7299344985262515 0.4160196991600498
vn 0.542331298905025 0.7299344985262515 -0.4160196991600498
vn -0.6876333044127012 -0.49884630320121165 0.5275536033854327
vn 0.6876333044127012 0.49884630320121165 -0.5275536033854327
vn -0.7353984670425815 -0.37528348318139726 0.5642263747137837
vn 0.7353984670425815 0.37528348318139726 -0.5642263747137837
vn -0.7776780347838556 -0.19790630885192106 0.596699226689065
vn 0.7776780347838556 0.19790630885192106 -0.596699226689065
vn -0.792885273245972 -0.03445156883751388 0.6083962794711144
vn 0.792885273245972 0.03445156883751388 -0.6083962794711144
vn -0.793353336642588 0.00008291688382954458 0.6087614281168467
vn 0.793353336642588 -0.00008291688382954458 -0.6087614281168467
vn -0.7930135062655028 0.029161380230400366 0.6085057048077293
vn 0.7930135062655028 -0.029161380230400366 -0.6085057048077293
vn -0.7805233988931943 0.17901149974615616 0.5989474991506745
vn 0.7805233988931943 -0.17901149974615616 -0.5989474991506745
vn -0.7292758814713681 0.39361958999935037 0.5596608857807577
vn 0.7292758814713681 -0.39361958999935037 -0.5596608857807577
vn -0.07674147999142528 -0.9797867998905233 -0.1847391999793583
vn 0.07674147999142528 0.9797867998905233 0.1847391999793583
vn -0.06445514270607124 -0.9918584416419776 -0.1098288046110298
vn 0.06445514270607124 0.9918584416419776 0.1098288046110298
vn -0.040431049735927045 -0.9976750934837455 -0.05486107964167839
vn 0.040431049735927045 0.9976750934837455 0.05486107964167839
vn -0.016623840433731787 -0.9997826260852783 -0.012583660328319873
vn 0.016623840433731787 0.9997826260852783 0.012583660328319873
vn -0.044642191373391676 -0.9980717307051103 -0.04312650132676256
vn 0.044642191373391676 0.9980717307051103 0.04312650132676256
vn -0.19259760412420424 -0.9229648197639813 -0.33322980713564343
vn 0.19259760412420424 0.9229648197639813 0.33322980713564343
vn -0.41618357629665426 -0.729962858425649 -0.5421673691213654
vn 0.41618357629665426 0.729962858425649 0.5421673691213654
vn -0.6128922018660697 -0.49886240151888367 -0.6127801018657286
vn 0.6128922018660697 0.49886240151888367 0.6127801018657286
vn -0.7353984670425815 -0.375283483181397 -0.5642263747137838
vn 0.7353984670425815 0.375283483181397 0.5642263747137838
vn -0.8489106356049172 -0.19788750829977617 -0.4900931205554323
vn 0.8489106356049172 0.19788750829977617 0.4900931205554323
vn -0.9233331643557172 -0.0344222786711649 -0.38245388523577956
vn 0.9233331643557172 0.0344222786711649 0.38245388523577956
vn -0.9659258286547611 0.00012166420360929803 -0.25881900767801896
vn 0.9659258286547611 -0.00012166420360929803 0.25881900767801896
vn -0.9910218119084044 0.02920585035094597 -0.13047140156778206
vn 0.9910218119084044 -0.02920585035094597 0.13047140156778206
vn -0.9838390282519023 0.17905520514174578 0
vn 0.9838390282519023 -0.17905520514174578 0
vn -0.9113900285434556 0.3936605123288944 0.11999840375818153
vn 0.9113900285434556 -0.3936605123288944 -0.11999840375818153
vn 0.79524431175956 -0.5675882083931283 -0.2131434031518273
vn -0.79524431175956 0.5675882083931283 0.2131434031518273
vn -0.7951916980213284 0.5676762985874538 0.2131050994697318
vn 0.7951916980213284 -0.5676762985874538 -0.2131050994697318
vn 0.9193008645661797 -0.3935554848306742 -0.00002770500893221685
vn -0.9193008645661797 0.3935554848306742 0.00002770500893221685
vn 0.9503229368826517 -0.17901980694787528 0.2546335098824922
vn -0.9503229368826517 0.17901980694787528 -0.2546335098824922
vn 0.9234850342071088 -0.02919025108124565 0.38252231416913307
vn -0.9234850342071088 0.02919025108124565 -0.38252231416913307
vn 0.793353336642546 -0.00008291752382984009 0.6087614281168146
vn -0.793353336642546 0.00008291752382984009 -0.6087614281168146
vn 0.6084035903145719 0.03449241945090075 0.7928778873778494
vn -0.6084035903145719 -0.03449241945090075 -0.7928778873778494
vn 0.2537185026056168 0.19797860203318368 0.9468006097233725
vn -0.2537185026056168 -0.19797860203318368 -0.9468006097233725
vn 0.0000780031296133409 0.37541679813907025 0.926856095405603
vn -0.0000780031296133409 -0.37541679813907025 -0.926856095405603
vn -0.22421698882943256 0.4990039751394503 0.837091258295826
vn 0.22421698882943256 -0.4990039751394503 -0.837091258295826
vn 0.000139538506436778 0.49895542301633716 -0.8666276399767049
vn -0.000139538506436778 -0.49895542301633716 0.8666276399767049
vn 0.12107340346454092 0.3753829107416613 -0.9189281262953216
vn -0.12107340346454092 -0.3753829107416613 0.9189281262953216
vn 0.2586721066689037 0.03457187089130805 -0.9653463248878851
vn -0.2586721066689037 -0.03457187089130805 0.9653463248878851
vn 0.38268341621769403 0.000009297035394203076 -0.9238795391529787
vn -0.38268341621769403 -0.000009297035394203076 0.9238795391529787
vn 0.49978308182055725 -0.029095938941644747 -0.8656617685118424
vn -0.49978308182055725 0.029095938941644747 0.8656617685118424
vn 0.6084988834060163 -0.029119529205899778 -0.7930202783740515
vn -0.6084988834060163 0.029119529205899778 0.7930202783740515
vn 0.695660499218502 -0.17896269979895496 -0.6957217992184331
vn -0.695660499218502 0.17896269979895496 0.6957217992184331
vn 0.7292951882403413 -0.3935146936546975 -0.5597094909748581
vn -0.7292951882403413 0.3935146936546975 0.5597094909748581
vn -0.17339650396018635 -0.9797637223767309 0.09998350228351353
vn 0.17339650396018635 0.9797637223767309 -0.09998350228351353
vn -0.12293370231686634 -0.991845318692783 0.03361798063358004
vn 0.12293370231686634 0.991845318692783 -0.03361798063358004
vn -0.007668033085657522 -0.9999686111703786 -0.001994478022279996
vn 0.007668033085657522 0.9999686111703786 0.001994478022279996
vn -0.10020349589784232 -0.9797801598894961 -0.17317649291045437
vn 0.10020349589784232 0.9797801598894961 0.17317649291045437
vn -0.07742691235724698 -0.9917879301947867 -0.1017928030990619
vn 0.07742691235724698 0.9917879301947867 0.1017928030990619
vn -0.006898193889834743 -0.9999687840303391 -0.0038530359384666237
vn 0.006898193889834743 0.9999687840303391 0.0038530359384666237
vn -0.3416844876969225 0.7299875737152429 0.5919204786866429
vn 0.3416844876969225 -0.7299875737152429 -0.5919204786866429
vn -0.4160016820404299 0.730032068483151 0.542213776591618
vn 0.4160016820404299 -0.730032068483151 -0.542213776591618
vn -0.4832365036233146 0.7300194054736964 0.4832744036235989
vn 0.4832365036233146 -0.7300194054736964 -0.4832744036235989
vn -0.5421564095359864 0.730060412841029 0.416026707317492
vn 0.5421564095359864 -0.730060412841029 -0.416026707317492
vn -0.5918456786453412 0.7300437736589516 0.3416939876711807
vn 0.5918456786453412 -0.7300437736589516 -0.3416939876711807
vn -0.6313529311748889 0.7300804360498468 0.26148811291173696
vn 0.6313529311748889 -0.7300804360498468 -0.26148811291173696
vn -0.6601103220654454 0.7300591244036174 0.17682770591080318
vn 0.6601103220654454 -0.7300591244036174 -0.17682770591080318
vn -0.6775126099124058 0.7300908106816556 0.08912952130401719
vn 0.6775126099124058 -0.7300908106816556 -0.08912952130401719
vn -0.6833784247155086 0.7300643264039812 -0.00008913838322367462
vn 0.6833784247155086 -0.7300643264039812 0.00008913838322367462
vn -0.6774897840003242 0.7300907827580931 -0.08930308789100797
vn 0.6774897840003242 -0.7300907827580931 0.08930308789100797
vn -0.6600641992691572 0.7300590991916567 -0.17699989980402023
vn 0.6600641992691572 -0.7300590991916567 0.17699989980402023
vn -0.6312859328764222 0.7300804380214915 -0.2616498136263287
vn 0.6312859328764222 -0.7300804380214915 0.2616498136263287
vn -0.5917564900013126 0.730043787664724 -0.3418483942239158
vn 0.5917564900013126 -0.730043787664724 0.3418483942239158
vn -0.5420498760518222 0.7300603677453752 -0.41616558161348643
vn 0.5420498760518222 -0.7300603677453752 0.41616558161348643
vn -0.48311049364546166 0.7300193903977741 -0.4834003936416484
vn 0.48311049364546166 -0.7300193903977741 0.4834003936416484
vn -0.41586282136704683 0.7300320375090728 -0.542320327864438
vn 0.41586282136704683 -0.7300320375090728 0.542320327864438
vn -0.34153008773020227 0.7299875737744926 -0.5920095787314849
vn 0.34153008773020227 -0.7299875737744926 0.5920095787314849
vn 0.7129735840470984 -0.5675655873006263 -0.41174989078702845
vn -0.7129735840470984 0.5675655873006263 0.41174989078702845
vn 0.7606162029592953 -0.5675835022082716 -0.31513800122609337
vn -0.7606162029592953 0.5675835022082716 0.31513800122609337
vn -0.7605695320467272 0.5676721239189618 0.3150910132764138
vn 0.7605695320467272 -0.5676721239189618 -0.3150910132764138
vn -0.712936199705012 0.567657799765123 0.41168749982965824
vn 0.712936199705012 -0.567657799765123 -0.41168749982965824
vn 0.9114267866815301 -0.39356689424889757 -0.12002629824608341
vn -0.9114267866815301 0.39356689424889757 0.12002629824608341
vn 0.9754282613242067 -0.17902819290152067 0.1284079949086147
vn -0.9754282613242067 0.17902819290152067 -0.1284079949086147
vn 0.8660253985744084 -0.0000992325698367612 0.4999999991769344
vn -0.8660253985744084 0.0000992325698367612 -0.4999999991769344
vn 0.7066899899717077 0.0344712695108349 0.7066830899718056
vn -0.7066899899717077 -0.0344712695108349 -0.7066830899718056
vn 0.49012549925854304 0.19792929970057435 0.8488821987158196
vn -0.49012549925854304 -0.19792929970057435 -0.8488821987158196
vn 0.3751328063311295 0.19795750334093554 0.9055872152836272
vn -0.3751328063311295 -0.19795750334093554 -0.9055872152836272
vn 0.12104960177360122 0.3753818055000396 0.9189317134640544
vn -0.12104960177360122 -0.3753818055000396 -0.9189317134640544
vn -0.11303230171912015 0.49898270758908025 0.8592089130677988
vn 0.11303230171912015 -0.49898270758908025 -0.8592089130677988
vn -0.2614858926632838 0.7299973795178869 0.6314498822829122
vn 0.2614858926632838 -0.7299973795178869 -0.6314498822829122
vn -0.26132420124148076 0.7299973034680203 -0.6315169030001662
vn 0.26132420124148076 -0.7299973034680203 0.6315169030001662
vn -0.17666378870135382 0.7299505533155431 -0.6602742577717351
vn 0.17666378870135382 -0.7299505533155431 0.6602742577717351
vn -0.08896562543098709 0.729958644560986 -0.6776765413693774
vn 0.08896562543098709 -0.729958644560986 0.6776765413693774
vn 0.00025303741064353107 0.7299108307022927 -0.6835423287518908
vn -0.00025303741064353107 -0.7299108307022927 0.6835423287518908
vn 0.11325900099106327 0.4989301043658457 -0.8592096075184406
vn -0.11325900099106327 -0.4989301043658457 0.8592096075184406
vn 0.23998299954489025 0.37536119928815587 -0.8952720983021836
vn -0.23998299954489025 -0.37536119928815587 0.8952720983021836
vn 0.25375660004647804 0.19797860003626197 -0.9467904001734142
vn -0.25375660004647804 -0.19797860003626197 0.9467904001734142
vn 0.38246220218083726 0.03454315019696866 -0.9233252052648915
vn -0.38246220218083726 -0.03454315019696866 0.9233252052648915
vn 0.500000001566096 -0.00001704277005318893 -0.8660254027125578
vn -0.500000001566096 0.00001704277005318893 0.8660254027125578
vn 0.7068029011398204 -0.02914243004699616 -0.7068100011398318
vn -0.7068029011398204 0.02914243004699616 0.7068100011398318
vn 0.7805183198614246 -0.1789844045545185 -0.5989622152414652
vn -0.7805183198614246 0.1789844045545185 0.5989622152414652
vn 0.7961155735290901 -0.3935240869152908 -0.4597159847144048
vn -0.7961155735290901 0.3935240869152908 0.4597159847144048
vn -0.7960865318192409 0.3936344157334004 0.4596718183728876
vn 0.7960865318192409 -0.3936344157334004 -0.4596718183728876
vn -0.1849592002365766 -0.9797625012531893 0.07652147009787645
vn 0.1849592002365766 0.9797625012531893 -0.07652147009787645
vn -0.12697999975842766 -0.9917767981132002 0.015964409969628383
vn 0.12697999975842766 0.9917767981132002 -0.015964409969628383
vn -0.06744733179673323 -0.9976690265769609 -0.010361990276033859
vn 0.06744733179673323 0.9976690265769609 0.010361990276033859
vn -0.06025455149317122 -0.9980682247331815 -0.015139610375175708
vn 0.06025455149317122 0.9980682247331815 0.015139610375175708
vn -0.019321930394167013 -0.9997820203955341 -0.00791041716137258
vn 0.019321930394167013 0.9997820203955341 0.00791041716137258
vn -0.33343709685689854 -0.9229331913000903 0.19239029818645767
vn 0.33343709685689854 0.9229331913000903 -0.19239029818645767
vn -0.592017520189263 -0.7298984248913433 0.341706811653048
vn 0.592017520189263 0.7298984248913433 -0.341706811653048
vn -0.7506113640445119 -0.4988314761051723 0.4333009792441881
vn 0.7506113640445119 0.4988314761051723 -0.4333009792441881
vn -0.8027518877821084 -0.3752744942883186 0.46342039294673704
vn 0.8027518877821084 0.3752744942883186 -0.46342039294673704
vn -0.8489106356049172 -0.19788750829977642 0.49009312055543214
vn 0.8489106356049172 0.19788750829977642 -0.49009312055543214
vn -0.8655136971013341 -0.034436199884670865 0.4997000983264693
vn 0.8655136971013341 0.034436199884670865 -0.4997000983264693
vn -0.8660253985744659 0.00009923189983654683 0.4999999991769675
vn 0.8660253985744659 -0.00009923189983654683 -0.4999999991769675
vn -0.8656550387971268 0.029178541307730472 0.4997899223996998
vn 0.8656550387971268 -0.029178541307730472 -0.4997899223996998
vn -0.8520242115495462 0.17902560242676716 0.49193960666844805
vn 0.8520242115495462 -0.17902560242676716 -0.49193960666844805
vn -0.12194809481688233 -0.9797766583568916 -0.15863909325741773
vn 0.12194809481688233 0.9797766583568916 0.15863909325741773
vn -0.09069224605750635 -0.9918525568830568 -0.08946184611099343
vn 0.09069224605750635 0.9918525568830568 0.08946184611099343
vn -0.053260120657005826 -0.9976722123070777 -0.042585400525324904
vn 0.053260120657005826 0.9976722123070777 0.042585400525324904
vn -0.05429063805966492 -0.9980695643292202 -0.03016075892206154
vn 0.05429063805966492 0.9980695643292202 0.03016075892206154
vn -0.23442639112798105 -0.9229694650696213 -0.30524028844798334
vn 0.23442639112798105 0.9229694650696213 0.30524028844798334
vn -0.48341040195758006 -0.7299228029558368 -0.4832464019569161
vn 0.48341040195758006 0.7299228029558368 0.4832464019569161
vn -0.6876333044127011 -0.4988463032012114 -0.5275536033854328
vn 0.6876333044127011 0.4988463032012114 0.5275536033854328
vn -0.8027518877821083 -0.3752744942883184 -0.4634203929467371
vn 0.8027518877821083 0.3752744942883184 0.4634203929467371
vn -0.9056179291867938 -0.19787760637731724 -0.3751008120889725
vn 0.9056179291867938 0.19787760637731724 0.3751008120889725
vn -0.9653541994487981 -0.034413779980350216 -0.25866379985230703
vn 0.9653541994487981 0.034413779980350216 0.25866379985230703
vn -0.9914448529794282 0.00012739769395802637 -0.13052619380962416
vn 0.9914448529794282 -0.00012739769395802637 0.13052619380962416
vn -0.9995733374984836 0.029208611095746136 0
vn 0.9995733374984836 -0.029208611095746136 0
vn -0.9754214622544628 0.17905519307116488 0.12842199503049978
vn 0.9754214622544628 -0.17905519307116488 -0.12842199503049978
vn -0.8879293282648066 0.39365511253093594 0.2379436075742854
vn 0.8879293282648066 -0.39365511253093594 -0.2379436075742854
vn 0.8879651285598847 -0.39355621265806473 -0.23797360765401557
vn -0.8879651285598847 0.39355621265806473 0.23797360765401557
vn 0.983844088548307 -0.17902739791616698 -0.000014963869825864141
vn -0.983844088548307 0.17902739791616698 0.000014963869825864141
vn 0.9655135776709393 -0.029200519324690893 0.2587099940169136
vn -0.9655135776709393 0.029200519324690893 -0.2587099940169136
vn 0.9238795333748522 -0.00011222670405423869 0.38268341382431575
vn -0.9238795333748522 0.00011222670405423869 -0.38268341382431575
vn 0.7928848993616364 0.034450989972262855 0.6083967995101706
vn -0.7928848993616364 -0.034450989972262855 -0.6083967995101706
vn 0.5967334967494913 0.19790529892197606 0.7776519957639974
vn -0.5967334967494913 -0.19790529892197606 -0.7776519957639974
vn 0.23996200575588114 0.3753612090036523 0.8952777214747004
vn -0.23996200575588114 -0.3753612090036523 -0.8952777214747004
vn 0.00008326029217280158 0.4989525130209103 0.8666293226159857
vn -0.00008326029217280158 -0.4989525130209103 -0.8666293226159857
vn -0.17683600058656768 0.729950602421257 0.6602281021899866
vn 0.17683600058656768 -0.729950602421257 -0.6602281021899866
vn 0.08946698811898746 0.7299185846537138 -0.677653685752565
vn -0.08946698811898746 -0.7299185846537138 0.677653685752565
vn 0.224438308484363 0.4989050188599323 -0.837090931644256
vn -0.224438308484363 -0.4989050188599323 0.837090931644256
vn 0.3751637920142542 0.19795749578627203 -0.9055743807239213
vn -0.3751637920142542 -0.19795749578627203 0.9055743807239213
vn 0.49970838097666265 0.03451773868594861 -0.8655056670511704
vn -0.49970838097666265 -0.03451773868594861 0.8655056670511704
vn 0.6087614296861165 -0.00004146800202200178 -0.7933533386877
vn -0.6087614296861165 0.00004146800202200178 0.7933533386877
vn 0.707106779758779 -0.00006354792818075753 -0.707106779758779
vn -0.707106779758779 0.00006354792818075753 0.707106779758779
vn 0.7930132969861484 -0.029160959889173464 -0.6085059976873695
vn -0.7930132969861484 0.029160959889173464 0.6085059976873695
vn 0.8520211052543886 -0.17899780110387398 -0.49195510303387235
vn -0.8520211052543886 0.17899780110387398 0.49195510303387235
vn -0.19337330666071434 -0.9797592337476589 0.05175527178270231
vn 0.19337330666071434 0.9797592337476589 -0.05175527178270231
vn -0.12745340048945522 -0.9918443038089482 0.0007125345027361033
vn 0.12745340048945522 0.9918443038089482 -0.0007125345027361033
vn -0.14161799512729237 -0.9797708662886276 -0.14139799513486223
vn 0.14161799512729237 0.9797708662886276 0.14139799513486223
vn -0.10114220014054637 -0.9917826013781728 -0.07834237010886412
vn 0.10114220014054637 0.9917826013781728 0.07834237010886412
vn -0.19230399244273688 0.9229863637279979 0.3333396869002424
vn 0.19230399244273688 -0.9229863637279979 -0.3333396869002424
vn -0.23414330482211818 0.9230109190091608 0.3053322062882346
vn 0.23414330482211818 -0.9230109190091608 -0.3053322062882346
vn -0.27201899270266494 0.9230042752389662 0.27215579269899526
vn 0.27201899270266494 -0.9230042752389662 -0.27215579269899526
vn -0.30518369861286226 0.9230268958046073 0.23427389893516556
vn 0.30518369861286226 -0.9230268958046073 -0.23427389893516556
vn -0.33318220210807037 0.9230180058400086 0.19242500121748857
vn 0.33318220210807037 -0.9230180058400086 -0.19242500121748857
vn -0.35541229234964916 0.9230381801313403 0.14725019683039778
vn 0.35541229234964916 -0.9230381801313403 -0.14725019683039778
vn -0.3716255110861916 0.923026627535381 0.09958074297065524
vn 0.3716255110861916 -0.923026627535381 -0.09958074297065524
vn -0.3814060071524961 0.9230440173098184 0.050191630941242446
vn 0.3814060071524961 -0.9230440173098184 -0.050191630941242446
vn -0.3847289906901002 0.9230295776639841 -0.00004979983879470909
vn 0.3847289906901002 -0.9230295776639841 0.00004979983879470909
vn -0.38139340493936497 0.9230440119541953 -0.050287400651263886
vn 0.38139340493936497 -0.9230440119541953 0.050287400651263886
vn -0.37159979850703023 0.9230265962915727 -0.09967693959952956
vn 0.37159979850703023 -0.9230265962915727 0.09967693959952956
vn -0.35537538358578713 0.9230381573663639 -0.14733939319463207
vn 0.35537538358578713 -0.9230381573663639 0.14733939319463207
vn -0.3331323958555915 0.9230179885169872 -0.19251129760501973
vn 0.3331323958555915 -0.9230179885169872 0.19251129760501973
vn -0.3051248970137625 0.923026890966396 -0.23435049770642674
vn 0.3051248970137625 -0.923026890966396 0.23435049770642674
vn -0.27194860643548846 0.9230042218422999 -0.2722263064420598
vn 0.27194860643548846 -0.9230042218422999 0.2722263064420598
vn -0.23406660495807266 0.9230109195515084 -0.3053910064688884
vn 0.23406660495807266 -0.9230109195515084 0.3053910064688884
vn -0.19221780467716096 0.9229863224586666 -0.33338950811223683
vn 0.19221780467716096 -0.9229863224586666 0.33338950811223683
vn -0.14704289714600552 0.922991382085416 -0.355619593097685
vn 0.14704289714600552 -0.922991382085416 0.355619593097685
vn 0.8493085562642922 -0.3935378797345056 -0.3518563818809222
vn -0.8493085562642922 0.3935378797345056 0.3518563818809222
vn -0.8492743182980442 0.3936465084813128 0.351817507580086
vn 0.8492743182980442 -0.3936465084813128 -0.351817507580086
vn 0.9754244142146454 -0.17902820260893862 -0.12843720187168717
vn -0.9754244142146454 0.17902820260893862 0.12843720187168717
vn 0.9910218778615693 -0.029205419347580374 0.13047099708540932
vn -0.9910218778615693 0.029205419347580374 -0.13047099708540932
vn 0.8655134234695739 0.034435600933768046 0.49970061355006196
vn -0.8655134234695739 -0.034435600933768046 -0.49970061355006196
vn 0.6931343741768461 0.197882492627764 0.6931141741775988
vn -0.6931343741768461 -0.197882492627764 -0.6931141741775988
vn 0.46350030461016406 0.37531030373299 0.8026890079838741
vn -0.46350030461016406 -0.37531030373299 -0.8026890079838741
vn 0.35477218651918574 0.3753316857379552 0.8563076674615853
vn -0.35477218651918574 -0.3753316857379552 -0.8563076674615853
vn 0.11320020574008033 0.49893012529941494 0.8592173435686186
vn -0.11320020574008033 -0.49893012529941494 -0.8592173435686186
vn -0.08913917847391713 0.7299586875029421 0.6776536883984159
vn 0.08913917847391713 -0.7299586875029421 -0.6776536883984159
vn -0.14713220042862846 0.9229914026888769 0.35558260103589057
vn 0.14713220042862846 -0.9229914026888769 -0.35558260103589057
vn -0.09937348821819014 0.9229654834508277 -0.3718327933328761
vn 0.09937348821819014 -0.9229654834508277 0.3718327933328761
vn -0.04998437921262021 0.922969585460906 -0.38161329398862975
vn 0.04998437921262021 -0.922969585460906 0.38161329398862975
vn 0.00025704370167505566 0.922943106014468 -0.38493630250848265
vn -0.00025704370167505566 -0.922943106014468 0.38493630250848265
vn 0.05049464081502846 0.9229470148971867 -0.38160070615937486
vn -0.05049464081502846 -0.9229470148971867 0.38160070615937486
vn 0.17716380188898603 0.7298711077821559 -0.6602281070395961
vn -0.17716380188898603 -0.7298711077821559 0.6602281070395961
vn 0.33178340721854865 0.49888111085406184 -0.800648117419549
vn -0.33178340721854865 -0.49888111085406184 0.800648117419549
vn 0.3547869106364798 0.37533041125237226 -0.8563021256718609
vn -0.3547869106364798 -0.37533041125237226 0.8563021256718609
vn 0.49015889957113556 0.1979254998268253 -0.8488637992572867
vn -0.49015889957113556 -0.1979254998268253 0.8488637992572867
vn 0.6084044948475603 0.03449241970789171 -0.7928771932853029
vn -0.6084044948475603 -0.03449241970789171 0.7928771932853029
vn 0.793353336642546 -0.00008291752382956975 -0.6087614281168146
vn -0.793353336642546 0.00008291752382956975 0.6087614281168146
vn 0.8656548517883456 -0.029178098374959154 -0.49979027216475386
vn -0.8656548517883456 0.029178098374959154 0.49979027216475386
vn 0.9089442972945773 -0.17901319946717698 -0.3765295988792804
vn -0.9089442972945773 0.17901319946717698 0.3765295988792804
vn -0.9089453833190071 0.17904029671424704 0.3765140930902022
vn 0.9089453833190071 -0.17904029671424704 -0.3765140930902022
vn -0.35566711447548477 -0.9229422375633162 0.14723630599244836
vn 0.35566711447548477 0.9229422375633162 -0.14723630599244836
vn -0.19846959279809306 -0.9797594644472669 0.026100049052901936
vn 0.19846959279809306 0.9797594644472669 -0.026100049052901936
vn -0.12679270575544896 -0.991776845019317 -0.01738676078923028
vn 0.12679270575544896 0.991776845019317 0.01738676078923028
vn -0.06247487270962953 -0.9976701432704598 -0.027407581188708386
vn 0.06247487270962953 0.9976701432704598 0.027407581188708386
vn -0.6315311952570428 -0.7299144945181598 0.26152089803591255
vn 0.6315311952570428 0.7299144945181598 -0.26152089803591255
vn -0.8007474898641903 -0.49882089368595767 0.33163409580219705
vn 0.8007474898641903 0.49882089368595767 -0.33163409580219705
vn -0.8563757896500221 -0.37525629546473127 0.3546874957133213
vn 0.8563757896500221 0.37525629546473127 -0.3546874957133213
vn -0.9056179291867938 -0.1978776063773174 0.37510081208897234
vn 0.9056179291867938 0.1978776063773174 -0.37510081208897234
vn -0.9233331643557172 -0.034422278671165076 0.38245388523577956
vn 0.9233331643557172 0.034422278671165076 -0.38245388523577956
vn -0.9238795333749142 0.00011222610405405464 0.3826834138243415
vn 0.9238795333749142 -0.00011222610405405464 -0.3826834138243415
vn -0.9234848665965545 0.029190678944141513 0.3825226861637411
vn 0.9234848665965545 -0.029190678944141513 -0.3825226861637411
vn -0.2722883042071947 -0.9229469142606834 -0.27208100420399184
vn 0.2722883042071947 0.9229469142606834 0.27208100420399184
vn -0.1588590951054735 -0.9797683698128569 -0.12172809624949799
vn 0.1588590951054735 0.9797683698128569 0.12172809624949799
vn -0.11076400542284201 -0.9918480485594146 -0.06299828308430307
vn 0.11076400542284201 0.9918480485594146 0.06299828308430307
vn -0.542331298905025 -0.7299344985262513 -0.41601969916005016
vn 0.542331298905025 0.7299344985262513 0.41601969916005016
vn -0.7506113640445119 -0.49883147610517214 -0.43330097924418826
vn 0.7506113640445119 0.49883147610517214 0.43330097924418826
vn -0.8563757896500221 -0.3752562954647311 -0.3546874957133215
vn 0.8563757896500221 0.3752562954647311 0.3546874957133215
vn -0.9468316437475901 -0.1978655091422157 -0.2536909117215833
vn 0.9468316437475901 0.1978655091422157 0.2536909117215833
vn -0.9908579603671873 -0.03440710862376791 -0.13044789478228247
vn 0.9908579603671873 0.03440710862376791 0.13044789478228247
vn -0.9999999916387508 0.00012931549891876087 0
vn 0.9999999916387508 -0.00012931549891876087 0
vn -0.9910218119084044 0.029205850350945906 0.13047140156778206
vn 0.9910218119084044 -0.029205850350945906 -0.13047140156778206
vn -0.9503141697760707 0.17904759430554437 0.25464669190117983
vn 0.9503141697760707 -0.17904759430554437 -0.25464669190117983
vn 0.9503151970935371 -0.17901979945248223 -0.2546623992211355
vn -0.9503151970935371 0.17901979945248223 0.2546623992211355
vn 0.9995733504299351 -0.029208168551531202 -3.734083814887073e-7
vn -0.9995733504299351 0.029208168551531202 3.734083814887073e-7
vn 0.965925828654679 -0.00012166490360930846 0.258819007677997
vn -0.965925828654679 0.00012166490360930846 -0.258819007677997
vn 0.9233329767323554 0.03442169913258601 0.3824543903622929
vn -0.9233329767323554 -0.03442169913258601 -0.3824543903622929
vn 0.7776730984574465 0.19786849960751782 0.5967181988163797
vn -0.7776730984574465 -0.19786849960751782 -0.5967181988163797
vn 0.5643119841055834 0.3752828894297784 0.7353330792886016
vn -0.5643119841055834 -0.3752828894297784 -0.7353330792886016
vn 0.22438520390081784 0.49890510867320076 0.8371051145526289
vn -0.22438520390081784 -0.49890510867320076 -0.8371051145526289
vn 0.00007476069987226154 0.7299108987528513 0.6835422988320785
vn -0.00007476069987226154 -0.7299108987528513 -0.6835422988320785
vn -0.09946970096200432 0.9229655089263041 0.3718070035958685
vn 0.09946970096200432 -0.9229655089263041 -0.3718070035958685
vn 0.09988419423761469 0.922920739155169 -0.37180701577401565
vn -0.09988419423761469 -0.922920739155169 0.37180701577401565
vn 0.2618136923888522 0.7298798787817684 -0.6314498816432121
vn -0.2618136923888522 -0.7298798787817684 0.6314498816432121
vn 0.4635220987437114 0.37531099898279097 -0.8026760978244989
vn -0.4635220987437114 -0.37531099898279097 0.8026760978244989
vn 0.5967617720828374 0.1979077907416592 -0.7776296636216414
vn -0.5967617720828374 -0.1979077907416592 0.7776296636216414
vn 0.706690789967343 0.03447126951062287 -0.7066822899674637
vn -0.706690789967343 -0.03447126951062287 0.7066822899674637
vn 0.7928855934443623 0.03445098971515677 -0.608395894969737
vn -0.7928855934443623 -0.03445098971515677 0.608395894969737
vn 0.8660253985744084 -0.00009923256983653915 -0.4999999991769344
vn -0.8660253985744084 0.00009923256983653915 0.4999999991769344
vn 0.9234847427766673 -0.029190251352119355 -0.38252301771881997
vn -0.9234847427766673 0.029190251352119355 0.38252301771881997
vn -0.371876790155255 -0.9229245755672918 0.09958855736357834
vn 0.371876790155255 0.9229245755672918 -0.09958855736357834
vn -0.2001870014335101 -0.9797577070159029 0
vn 0.2001870014335101 0.9797577070159029 0
vn -0.1233026034328949 -0.9918452276141811 -0.0322414708976421
vn 0.1233026034328949 0.9918452276141811 0.0322414708976421
vn -0.3054475114201771 -0.9229535345077057 -0.23421910875706523
vn 0.3054475114201771 0.9229535345077057 0.23421910875706523
vn -0.17339650396018635 -0.9797637223767309 -0.09998350228351398
vn 0.17339650396018635 0.9797637223767309 0.09998350228351398
vn -0.11797990302578981 -0.9917788254358089 -0.04955304127086995
vn 0.11797990302578981 0.9917788254358089 0.04955304127086995
vn -0.09979750119065353 0.979814011689862 0.17321940206662803
vn 0.09979750119065353 -0.979814011689862 -0.17321940206662803
vn -0.12154569757721201 0.9798207804690905 0.15867539683710055
vn 0.12154569757721201 -0.9798207804690905 -0.15867539683710055
vn -0.14122200232146026 0.9798233161067033 0.14143060232488952
vn 0.14122200232146026 -0.9798233161067033 -0.14143060232488952
vn -0.1584648936494894 0.979829060733165 0.12175339512070987
vn 0.1584648936494894 -0.979829060733165 -0.12175339512070987
vn -0.17300739228404607 0.9798304563005571 0.10000359553994147
vn 0.17300739228404607 -0.9798304563005571 -0.10000359553994147
vn -0.18456990524964947 0.9798349278690608 0.07653407217682882
vn 0.18456990524964947 -0.9798349278690608 -0.07653407217682882
vn -0.19298760955291483 0.9798349485019728 0.051761532562203616
vn 0.19298760955291483 -0.9798349485019728 -0.051761532562203616
vn -0.19808188937008858 0.9798379474177543 0.026099078599413347
vn 0.19808188937008858 -0.9798379474177543 -0.026099078599413347
vn -0.1998010953688342 0.9798364772884871 -0.000008018851813914423
vn 0.1998010953688342 -0.9798364772884871 0.000008018851813914423
vn -0.19807979192162584 0.979837960038843 -0.026114518934960015
vn 0.19807979192162584 -0.979837960038843 0.026114518934960015
vn -0.19298350749448182 0.9798349380517237 -0.051777022010751655
vn 0.19298350749448182 -0.9798349380517237 0.051777022010751655
vn -0.18456400280414084 0.9798349148869501 -0.07654847116302556
vn 0.18456400280414084 -0.9798349148869501 0.07654847116302556
vn -0.1729993912257427 0.9798304503045392 -0.10001749492726959
vn 0.1729993912257427 -0.9798304503045392 0.10001749492726959
vn -0.15845539294512162 0.9798290563752632 -0.12176579457864518
vn 0.15845539294512162 -0.9798290563752632 0.12176579457864518
vn -0.14121060196711666 0.9798233136493063 -0.14144200197033996
vn 0.14121060196711666 -0.9798233136493063 0.14144200197033996
vn -0.12153339605525632 0.9798207681968751 -0.15868489484938886
vn 0.12153339605525632 -0.9798207681968751 0.15868489484938886
vn -0.09978361122078303 0.9798140119873426 -0.17322740211931648
vn 0.09978361122078303 -0.9798140119873426 0.17322740211931648
vn -0.07631406031570961 0.9798106040534552 -0.18479000076447205
vn 0.07631406031570961 -0.9798106040534552 0.18479000076447205
vn -0.051541519595092136 0.9798031923027101 -0.19320759848216956
vn 0.051541519595092136 -0.9798031923027101 0.19320759848216956
vn 0.9910217855640303 -0.02920541957457183 -0.13047169809945097
vn -0.9910217855640303 0.02920541957457183 0.13047169809945097
vn 0.9914448529793524 -0.00012739829395798813 0.13052619380961417
vn -0.9914448529793524 0.00012739829395798813 -0.13052619380961417
vn 0.8489082003554845 0.19784500008284844 0.49011450020523795
vn -0.8489082003554845 -0.19784500008284844 -0.49011450020523795
vn 0.6554660834233089 0.3752695905094583 0.6553906834252158
vn -0.6554660834233089 -0.3752695905094583 -0.6553906834252158
vn 0.4334003883683788 0.49885628661167 0.750537479857038
vn -0.4334003883683788 -0.49885628661167 -0.750537479857038
vn 0.33173011592688906 0.49887992395201625 0.8006709384414818
vn -0.33173011592688906 -0.49887992395201625 -0.8006709384414818
vn 0.0892934336646305 0.7299186299560891 0.6776765278120572
vn -0.0892934336646305 -0.7299186299560891 -0.6776765278120572
vn -0.05008015004535578 0.9229696008359001 0.38160070034560223
vn 0.05008015004535578 -0.9229696008359001 -0.38160070034560223
vn -0.07632846105583896 0.9798106135535578 0.1847840025560867
vn 0.07632846105583896 -0.9798106135535578 -0.1847840025560867
vn -0.02587906950715687 0.979799281340622 -0.19830189622352218
vn 0.02587906950715687 -0.979799281340622 0.19830189622352218
vn 0.00022802779180554236 0.9797915647899916 -0.20002109281199718
vn -0.00022802779180554236 -0.9797915647899916 0.20002109281199718
vn 0.026334529219653652 0.979787570966876 -0.19829979412396842
vn -0.026334529219653652 -0.979787570966876 0.19829979412396842
vn 0.05199703166429291 0.979779931360267 -0.19320350618395327
vn -0.05199703166429291 -0.979779931360267 0.19320350618395327
vn 0.14754670450764854 0.9229252281959708 -0.3555826108632817
vn -0.14754670450764854 -0.9229252281959708 0.3555826108632817
vn 0.34201228201112066 0.7298340616127914 -0.5919204688666561
vn -0.34201228201112066 -0.7298340616127914 0.5919204688666561
vn 0.4334496990840037 0.4988580989457783 -0.7505077984139742
vn -0.4334496990840037 -0.4988580989457783 0.7505077984139742
vn 0.5643280113938364 0.37528340757700795 -0.7353205148461912
vn -0.5643280113938364 -0.37528340757700795 0.7353205148461912
vn 0.693160793653108 0.19787989818812277 -0.6930884936537698
vn -0.693160793653108 -0.19787989818812277 0.6930884936537698
vn 0.8655140064984871 0.034435600258550865 -0.4996996037518647
vn -0.8655140064984871 -0.034435600258550865 0.4996996037518647
vn 0.9238795333748522 -0.00011222670405406875 -0.38268341382431575
vn -0.9238795333748522 0.00011222670405406875 0.38268341382431575
vn 0.965513389262371 -0.029200519675256293 -0.25871069712283695
vn -0.965513389262371 0.029200519675256293 0.25871069712283695
vn -0.9655134835509034 0.029200959502513984 0.25871029559244824
vn 0.9655134835509034 -0.029200959502513984 -0.25871029559244824
vn -0.3816626963316789 -0.9229363911292692 0.050219559517318435
vn 0.3816626963316789 0.9229363911292692 -0.050219559517318435
vn -0.19846959279809306 -0.9797594644472669 -0.02610004905290237
vn 0.19846959279809306 0.9797594644472669 0.02610004905290237
vn -0.6602908028027693 -0.7298831030981713 0.17688050075081332
vn 0.6602908028027693 0.7298831030981713 -0.17688050075081332
vn -0.8371852863590287 -0.4988119918724323 0.22429309634540182
vn 0.8371852863590287 0.4988119918724323 -0.22429309634540182
vn -0.8953436937552552 -0.37525369738272196 0.2398839983268834
vn 0.8953436937552552 0.37525369738272196 -0.2398839983268834
vn -0.9468316437475901 -0.1978655091422158 0.25369091172158326
vn 0.9468316437475901 0.1978655091422158 -0.25369091172158326
vn -0.9653541994487981 -0.03441377998035033 0.25866379985230703
vn 0.9653541994487981 0.03441377998035033 -0.25866379985230703
vn -0.9659258286547611 0.00012166420360918311 0.25881900767801896
vn 0.9659258286547611 -0.00012166420360918311 -0.25881900767801896
vn -0.33343709685689854 -0.9229331913000903 -0.1923902981864581
vn 0.33343709685689854 0.9229331913000903 0.1923902981864581
vn -0.18495920023657658 -0.9797625012531891 -0.07652147009787687
vn 0.18495920023657658 0.9797625012531891 0.07652147009787687
vn -0.592017520189263 -0.7298984248913432 -0.34170681165304834
vn 0.592017520189263 0.7298984248913432 0.34170681165304834
vn -0.8007474898641903 -0.4988208936859575 -0.3316340958021973
vn 0.8007474898641903 0.4988208936859575 0.3316340958021973
vn -0.8953436937552552 -0.3752536973827218 -0.23988399832688356
vn 0.8953436937552552 0.3752536973827218 0.23988399832688356
vn -0.9718445008534982 -0.19786270017376792 -0.12793990011236006
vn 0.9718445008534982 0.19786270017376792 0.12793990011236006
vn -0.9994079334541268 -0.0344061411517093 0
vn 0.9994079334541268 0.0344061411517093 0
vn -0.9914448529794282 0.0001273976939579684 0.13052619380962416
vn 0.9914448529794282 -0.0001273976939579684 -0.13052619380962416
vn 0.9999999916386733 -0.00012931609891874581 0
vn -0.9999999916386733 0.00012931609891874581 0
vn 0.9653540627509055 0.034413178672135086 0.2586643900191913
vn -0.9653540627509055 -0.034413178672135086 -0.2586643900191913
vn 0.9056188304919646 0.19783840666117072 0.37511931263017567
vn -0.9056188304919646 -0.19783840666117072 -0.37511931263017567
vn 0.7354025460172825 0.3752438234806108 0.5642474353073753
vn -0.7354025460172825 -0.3752438234806108 -0.5642474353073753
vn 0.5276593162044997 0.49883881531941743 0.6875576211150015
vn -0.5276593162044997 -0.49883881531941743 -0.6875576211150015
vn 0.17699159997112734 0.7298710998809359 0.6602742998922896
vn -0.17699159997112734 -0.7298710998809359 -0.6602742998922896
vn 0.00015744400427587115 0.9229431250653297 0.3849363104541174
vn -0.00015744400427587115 -0.9229431250653297 -0.3849363104541174
vn -0.0515570092673071 0.9798031860757083 0.19320349725432442
vn 0.0515570092673071 -0.9798031860757083 -0.19320349725432442
vn 0.07676847281246753 0.9797762358947981 -0.18478400676969312
vn -0.07676847281246753 -0.9797762358947981 0.18478400676969312
vn 0.19271849987874634 0.9228998994193345 -0.33333969979027084
vn -0.19271849987874634 -0.9228998994193345 0.33333969979027084
vn 0.5277050013382995 0.4988371012650884 -0.6875238017436118
vn -0.5277050013382995 -0.4988371012650884 0.6875238017436118
vn 0.655478671276627 0.37526788355559115 -0.6553790712809915
vn -0.655478671276627 -0.37526788355559115 0.6553790712809915
vn 0.7776950647686958 0.19786849103612042 -0.5966895729686443
vn -0.7776950647686958 -0.19786849103612042 0.5966895729686443
vn 0.8489262054857697 0.1978475012784927 -0.4900823031669167
vn -0.8489262054857697 -0.1978475012784927 0.4900823031669167
vn 0.9233333888470513 0.03442169958422021 -0.3824533953803435
vn -0.9233333888470513 -0.03442169958422021 0.3824533953803435
vn 0.965925828654679 -0.00012166490360919354 -0.258819007677997
vn -0.965925828654679 0.00012166490360919354 0.258819007677997
vn -0.38498790714287895 -0.9229216171234401 0
vn 0.38498790714287895 0.9229216171234401 0
vn -0.19337330666071434 -0.9797592337476589 -0.05175527178270274
vn 0.19337330666071434 0.9797592337476589 0.05175527178270274
vn -0.35566711447548466 -0.922942237563316 -0.14723630599244872
vn 0.35566711447548466 0.922942237563316 0.14723630599244872
vn -0.06278921872935003 0.9918848799274697 0.11055269776277249
vn 0.06278921872935003 -0.9918848799274697 -0.11055269776277249
vn -0.07812715072911687 0.9918220092561183 0.10092200094184862
vn 0.07812715072911687 -0.9918220092561183 -0.10092200094184862
vn -0.08925527223689726 0.9918908248585635 0.09047700226751623
vn 0.08925527223689726 -0.9918908248585635 -0.09047700226751623
vn -0.10157799759934188 0.9918272765595085 0.07720468817537222
vn 0.10157799759934188 -0.9918272765595085 -0.07720468817537222
vn -0.1096235993126857 0.9918953937810481 0.06423545959725892
vn 0.1096235993126857 -0.9918953937810481 -0.06423545959725892
vn -0.11809119905662595 0.9918309920767371 0.0482260496147454
vn 0.11809119905662595 -0.9918309920767371 -0.0482260496147454
vn -0.12250599886172361 0.9918982907836806 0.03361637968765036
vn 0.12250599886172361 -0.9918982907836806 -0.03361637968765036
vn -0.12654159824465644 0.9918328862416194 0.01596087977859613
vn 0.12654159824465644 -0.9918328862416194 -0.01596087977859613
vn -0.12702470033330612 0.9918993026026915 0.0007064004018537777
vn 0.12702470033330612 -0.9918993026026915 -0.0007064004018537777
vn -0.12635320533070032 0.9918328418443175 -0.017391990733748405
vn 0.12635320533070032 -0.9918328418443175 0.017391990733748405
vn -0.12287169606648339 0.9918983682461555 -0.03225171896751894
vn 0.12287169606648339 -0.9918983682461555 0.03225171896751894
vn -0.11753889505550569 0.9918308582767728 -0.049559627915180975
vn 0.11753889505550569 -0.9918308582767728 0.049559627915180975
vn -0.11032999477135554 0.9918955529931167 -0.06301193701380355
vn 0.11032999477135554 -0.9918955529931167 0.06301193701380355
vn -0.10069919870414888 0.9918270872366387 -0.0783498589917519
vn 0.10069919870414888 -0.9918270872366387 0.0783498589917519
vn -0.09025427443968762 0.9918910487919983 -0.08947800440150198
vn 0.09025427443968762 -0.9918910487919983 0.08947800440150198
vn -0.07698197650808031 0.991821755010743 -0.10180069538229741
vn 0.07698197650808031 -0.991821755010743 0.10180069538229741
vn -0.06401273710390261 0.9918851551246183 -0.10984629503027682
vn 0.06401273710390261 -0.9918851551246183 0.10984629503027682
vn -0.04800334262733329 0.9918152542843288 -0.11831390647559184
vn 0.04800334262733329 -0.9918152542843288 0.11831390647559184
vn -0.03339365945997819 0.9918782839599518 -0.12272869801530645
vn 0.03339365945997819 -0.9918782839599518 0.12272869801530645
vn -0.015738170105339986 0.9918080066384493 -0.1267643008484688
vn 0.015738170105339986 -0.9918080066384493 0.1267643008484688
vn 0.9914448529793524 -0.00012739829395793016 -0.13052619380961417
vn -0.9914448529793524 0.00012739829395793016 0.13052619380961417
vn 0.9908579004263506 0.03440654001480457 0.13044850005612996
vn -0.9908579004263506 -0.03440654001480457 -0.13044850005612996
vn 0.8027603962237991 0.3752347982348879 0.46343779781997946
vn -0.8027603962237991 -0.3752347982348879 -0.46343779781997946
vn 0.6128911893444302 0.4988148913277315 0.6128197893456717
vn -0.6128911893444302 -0.4988148913277315 -0.6128197893456717
vn 0.3418578993492085 0.729834098610622 0.5920095988729973
vn -0.3418578993492085 -0.729834098610622 -0.5920095988729973
vn 0.2616519957463732 0.7298798881344812 0.6315168897335501
vn -0.2616519957463732 -0.7298798881344812 -0.6315168897335501
vn 0.05039888194914797 0.9229470356944491 0.38161331475867716
vn -0.05039888194914797 -0.9229470356944491 -0.38161331475867716
vn -0.025894509940330372 0.9797992977422142 0.198299799543051
vn 0.025894509940330372 -0.9797992977422142 -0.198299799543051
vn -0.0493369221671269 0.99181554356555 0.11776160517268494
vn 0.0493369221671269 -0.99181554356555 -0.11776160517268494
vn -0.0004836790958841226 0.9918708915596539 -0.12724739891718537
vn 0.0004836790958841226 -0.9918708915596539 0.12724739891718537
vn 0.0176147002825649 0.9918005159098937 -0.12657590203045763
vn -0.0176147002825649 -0.9918005159098937 0.12657590203045763
vn 0.03247443962334645 0.9918634884959092 -0.1230943985722941
vn -0.03247443962334645 -0.9918634884959092 0.1230943985722941
vn 0.04978233935941766 0.9917932872379386 -0.11776159848468326
vn -0.04978233935941766 -0.9917932872379386 0.11776159848468326
vn 0.10023749968638594 0.9797690969345867 -0.1732193994580465
vn -0.10023749968638594 -0.9797690969345867 0.1732193994580465
vn 0.23455770022533726 0.9229057008866263 -0.30533220029332936
vn -0.23455770022533726 -0.9229057008866263 0.30533220029332936
vn 0.41632948471160525 0.7298451731987247 -0.542213780088899
vn -0.41632948471160525 -0.7298451731987247 0.542213780088899
vn 0.6129298015156773 0.4988178012334967 -0.6127788015153038
vn -0.6129298015156773 -0.4988178012334967 0.6127788015153038
vn 0.7354198259417546 0.375243813236634 -0.5642249199028961
vn -0.7354198259417546 -0.375243813236634 0.5642249199028961
vn 0.9056328137582924 0.19783470300548717 -0.3750875056982957
vn -0.9056328137582924 -0.19783470300548717 0.3750875056982957
vn 0.9653543578507171 0.03441317849745254 -0.2586632887062486
vn -0.9653543578507171 -0.03441317849745254 0.2586632887062486
vn -0.67770449773746 -0.7299040975631896 0.08919989970220286
vn 0.67770449773746 0.7299040975631896 -0.08919989970220286
vn -0.3816626963316789 -0.9229363911292692 -0.050219559517318844
vn 0.3816626963316789 0.9229363911292692 0.050219559517318844
vn -0.8592997351277357 -0.4988077203910057 0.11311420462405099
vn 0.8592997351277357 0.4988077203910057 -0.11311420462405099
vn -0.9189982425590991 -0.37524221737758573 0.12097730560249718
vn 0.9189982425590991 0.37524221737758573 -0.12097730560249718
vn -0.9718445008534982 -0.197862700173768 0.12793990011235998
vn 0.9718445008534982 0.197862700173768 -0.12793990011235998
vn -0.9908579603671873 -0.03440710862376797 0.13044789478228247
vn 0.9908579603671873 0.03440710862376797 -0.13044789478228247
vn -0.6315311952570428 -0.7299144945181597 -0.26152089803591283
vn 0.6315311952570428 0.7299144945181597 0.26152089803591283
vn -0.371876790155255 -0.9229245755672918 -0.09958855736357874
vn 0.371876790155255 0.9229245755672918 0.09958855736357874
vn -0.8371852863590287 -0.49881199187243214 -0.22429309634540207
vn 0.8371852863590287 0.49881199187243214 0.22429309634540207
vn -0.9189982425590991 -0.37524221737758573 -0.12097730560249735
vn 0.9189982425590991 0.37524221737758573 0.12097730560249735
vn -0.9802306934390759 -0.19785799867568793 0
vn 0.9802306934390759 0.19785799867568793 0
vn 0.9994079542036238 0.034405538423417606 5.672899740124242e-7
vn -0.9994079542036238 -0.034405538423417606 -5.672899740124242e-7
vn 0.9468348437880589 0.19782300914867634 0.2537121117333672
vn -0.9468348437880589 -0.19782300914867634 -0.2537121117333672
vn 0.8563864008612849 0.3752178003773639 0.3547026003567315
vn -0.8563864008612849 -0.3752178003773639 -0.3547026003567315
vn 0.6876358855668598 0.4988010895304096 0.5275929889260819
vn -0.6876358855668598 -0.4988010895304096 -0.5275929889260819
vn 0.41619061263482104 0.7298452221568276 0.5423203164638989
vn -0.41619061263482104 -0.7298452221568276 -0.5423203164638989
vn 0.09978797624892215 0.9229207653069659 0.37183278602262765
vn -0.09978797624892215 -0.9229207653069659 -0.37183278602262765
vn 0.00021199009312987047 0.9797915682471248 0.20002109351775946
vn -0.00021199009312987047 -0.9797915682471248 -0.20002109351775946
vn -0.03202899911862025 0.9918779727053237 0.1230943966126665
vn 0.03202899911862025 -0.9918779727053237 -0.1230943966126665
vn 0.06323465884071378 0.9918565818162114 -0.11055269797322806
vn -0.06323465884071378 -0.9918565818162114 0.11055269797322806
vn 0.12198579825096703 0.979766085952109 -0.15867539772491115
vn -0.12198579825096703 -0.979766085952109 0.15867539772491115
vn 0.48356430604089334 0.7298023091170045 -0.4832744060372716
vn -0.48356430604089334 -0.7298023091170045 0.4832744060372716
vn 0.6876720022170476 0.49880110160812985 -0.5275459017008027
vn -0.6876720022170476 -0.49880110160812985 0.5275459017008027
vn 0.8027683834783967 0.3752364922773386 -0.46342259046239936
vn -0.8027683834783967 -0.3752364922773386 0.46342259046239936
vn 0.8563923069671197 0.37521840305256315 -0.3546877028855369
vn -0.8563923069671197 -0.37521840305256315 0.3546877028855369
vn 0.9468450376342451 0.19782298697001158 -0.2536740832912725
vn -0.9468450376342451 -0.19782298697001158 0.2536740832912725
vn 0.9908580591728481 0.034406538582318694 -0.13044729462507118
vn -0.9908580591728481 -0.034406538582318694 0.13044729462507118
vn -0.683577571245252 -0.729877869297626 0
vn 0.683577571245252 0.729877869297626 0
vn -0.6602908028027693 -0.7298831030981713 -0.17688050075081366
vn 0.6602908028027693 0.7298831030981713 0.17688050075081366
vn -0.02997871925352451 0.9980821751475748 0.05415946865141973
vn 0.02997871925352451 -0.9980821751475748 -0.05415946865141973
vn -0.04227320031305566 0.9977036073885291 0.052919640391898476
vn 0.04227320031305566 -0.9977036073885291 -0.052919640391898476
vn -0.042967079650785535 0.9980850918880745 0.04449695963835169
vn 0.042967079650785535 -0.9980850918880745 -0.04449695963835169
vn -0.05452174772112608 0.997706358298347 0.040117348323194496
vn 0.05452174772112608 -0.997706358298347 -0.040117348323194496
vn -0.053012042496164986 0.998087346996693 0.031802061497456055
vn 0.053012042496164986 -0.998087346996693 -0.031802061497456055
vn -0.06303946815234952 0.9977082707577457 0.02458112927954149
vn 0.06303946815234952 -0.9977082707577457 -0.02458112927954149
vn -0.05942903929598068 0.9980887881762552 0.016939899799323636
vn 0.05942903929598068 -0.9980887881762552 -0.016939899799323636
vn -0.06724588102833629 0.9977092152571515 0.007369754112699847
vn 0.06724588102833629 -0.9977092152571515 -0.007369754112699847
vn -0.06178077102491327 0.9980893165578215 0.0009233118153175204
vn 0.06178077102491327 -0.9980893165578215 -0.0009233118153175204
vn -0.06685433183507594 0.9977091273859893 -0.010343860283927066
vn 0.06685433183507594 -0.9977091273859893 0.010343860283927066
vn -0.059906979731785354 0.998088895531371 -0.015156199932142662
vn 0.059906979731785354 -0.998088895531371 0.015156199932142662
vn -0.06189150081774754 0.9977080131823152 -0.027352560361398173
vn 0.06189150081774754 -0.9977080131823152 0.027352560361398173
vn -0.053935347567694095 0.9980875549895503 -0.030202828637952036
vn 0.053935347567694095 -0.9980875549895503 0.030202828637952036
vn -0.052695612509213494 0.9977059475078875 -0.042497232023595725
vn 0.052695612509213494 -0.9977059475078875 0.042497232023595725
vn -0.04427283934006319 0.9980853851224069 -0.04319119935618603
vn 0.04427283934006319 -0.9980853851224069 0.04319119935618603
vn -0.03989331893967468 0.9977030734820301 -0.05474577854491064
vn 0.03989331893967468 -0.9977030734820301 0.05474577854491064
vn -0.03157794109310651 0.9980825345497673 -0.05323615184283
vn 0.03157794109310651 -0.9980825345497673 0.05323615184283
vn -0.02435709962742382 0.9976995847387783 -0.06326349903229536
vn 0.02435709962742382 -0.9976995847387783 0.06326349903229536
vn -0.016715779957553863 0.9980791974655921 -0.05965314984852341
vn 0.016715779957553863 -0.9980791974655921 0.05965314984852341
vn -0.007145724143181084 0.9976957199911375 -0.06746991135191524
vn 0.007145724143181084 -0.9976957199911375 0.06746991135191524
vn -0.0006991972004978296 0.9980756007106315 -0.062004890044147366
vn 0.0006991972004978296 -0.9980756007106315 0.062004890044147366
vn 0.9718501411125564 0.19782360836860938 0.1279575054130364
vn -0.9718501411125564 -0.19782360836860938 -0.1279575054130364
vn 0.7506198257697511 0.49878691712400103 0.4333376148770418
vn -0.7506198257697511 -0.49878691712400103 -0.4333376148770418
vn 0.4834383160229976 0.7298023241884445 0.48340041602174166
vn -0.4834383160229976 -0.7298023241884445 -0.48340041602174166
vn 0.19263230123924696 0.9228999059372227 0.3333895021447699
vn -0.19263230123924696 -0.9228999059372227 -0.3333895021447699
vn 0.14745740667141854 0.9229252417559262 0.355619616089306
vn -0.14745740667141854 -0.9229252417559262 -0.355619616089306
vn 0.02631908895834577 0.9797875612220674 0.19830189215162808
vn -0.02631908895834577 -0.9797875612220674 -0.19830189215162808
vn -0.017169290455597393 0.9918083263182274 0.12657590335876756
vn 0.017169290455597393 -0.9918083263182274 -0.12657590335876756
vn -0.027128530182717533 0.9977002067197641 0.06211554041836415
vn 0.027128530182717533 -0.9977002067197641 -0.06211554041836415
vn 0.010567890449514575 0.9976917424377013 -0.06707836285323732
vn -0.010567890449514575 -0.9976917424377013 0.06707836285323732
vn 0.015380309843836745 0.9980719898661229 -0.060131099389461484
vn -0.015380309843836745 -0.9980719898661229 0.060131099389461484
vn 0.027576590628306023 0.997687922731357 -0.06211554141524248
vn -0.027576590628306023 -0.997687922731357 0.06211554141524248
vn 0.03042695033799864 0.9980686110870735 -0.05415947060163179
vn -0.03042695033799864 -0.9980686110870735 0.05415947060163179
vn 0.07857257174845013 0.9917868220699128 -0.10092200224578458
vn -0.07857257174845013 -0.9917868220699128 0.10092200224578458
vn 0.14166199981892763 0.979759798747671 -0.14143059981922318
vn -0.14166199981892763 -0.979759798747671 0.14143059981922318
vn 0.272433503089411 0.922882010465533 -0.2721558030862617
vn -0.272433503089411 -0.922882010465533 0.2721558030862617
vn 0.5424841918930783 0.7298168890935655 -0.41602669378286794
vn -0.5424841918930783 -0.7298168890935655 0.41602669378286794
vn 0.7506494133231076 0.49878400885280527 -0.4332897076903615
vn -0.7506494133231076 -0.49878400885280527 0.4332897076903615
vn 0.8953635218359692 0.37521270915062205 -0.2398741058500077
vn -0.8953635218359692 -0.37521270915062205 0.2398741058500077
vn 0.9718545134029914 0.19782360272821503 -0.1279243017642232
vn -0.9718545134029914 -0.19782360272821503 0.1279243017642232
vn -0.6777044977374599 -0.7299040975631895 -0.08919989970220317
vn 0.6777044977374599 0.7299040975631895 0.08919989970220317
vn -0.8667140065587888 -0.49880540377467 0
vn 0.8667140065587888 0.49880540377467 0
vn -0.9269250155553963 -0.3752466062972835 0
vn 0.9269250155553963 0.3752466062972835 0
vn -0.8592997351277357 -0.4988077203910057 -0.11311420462405118
vn 0.8592997351277357 0.4988077203910057 0.11311420462405118
vn 0.9802392717233981 0.19781549429368916 0.000019711049431446527
vn -0.9802392717233981 -0.19781549429368916 -0.000019711049431446527
vn 0.8953563932496174 0.3752139971711397 0.23989869819132584
vn -0.8953563932496174 -0.3752139971711397 -0.23989869819132584
vn 0.8007601942375336 0.49877569641068786 0.3316713976132115
vn -0.8007601942375336 -0.49877569641068786 -0.3316713976132115
vn 0.5423776773269159 0.729816869491371 0.41616558260297665
vn -0.5423776773269159 -0.729816869491371 -0.41616558260297665
vn 0.23448110231776362 0.9229057091226 0.3053910030186834
vn -0.23448110231776362 -0.9229057091226 -0.3053910030186834
vn 0.05198154234846007 0.9797799442652136 0.19320760872887457
vn -0.05198154234846007 -0.9797799442652136 -0.19320760872887457
vn 0.0009291216762060056 0.9918705745990611 0.12724739674130556
vn -0.0009291216762060056 -0.9918705745990611 -0.12724739674130556
vn -0.014932079946171524 0.9980787964020376 0.060131099783234325
vn 0.014932079946171524 -0.9980787964020376 -0.060131099783234325
vn 0.04272126094213268 0.9976845220019533 -0.052919641167037505
vn -0.04272126094213268 -0.9976845220019533 0.052919641167037505
vn 0.08970072361413736 0.9918506399627152 -0.09047700364541429
vn -0.08970072361413736 -0.9918506399627152 0.09047700364541429
vn 0.30559821246374086 0.9228897376398097 -0.23427390955479815
vn -0.30559821246374086 -0.9228897376398097 0.23427390955479815
vn 0.5921734919859208 0.7297778901236752 -0.3416939953757423
vn -0.5921734919859208 -0.7297778901236752 0.3416939953757423
vn 0.8007809239525511 0.49877751491917904 -0.3316186099192068
vn -0.8007809239525511 -0.49877751491917904 0.3316186099192068
vn 0.8372168605391196 0.4987685764913393 -0.22427178942930703
vn -0.8372168605391196 -0.4987685764913393 0.22427178942930703
vn 0.9190149858274794 0.3752036942138244 -0.12096959813447634
vn -0.9190149858274794 -0.3752036942138244 0.12096959813447634
vn -0.007682831321284338 0.9997880418096174 0.019100930798772137
vn 0.007682831321284338 -0.9997880418096174 -0.019100930798772137
vn -0.012357079894685204 0.9997890914791694 0.016403509860199207
vn 0.012357079894685204 -0.9997890914791694 -0.016403509860199207
vn -0.016173910786137266 0.9997899485950582 0.01258822061185406
vn 0.016173910786137266 -0.9997899485950582 -0.01258822061185406
vn -0.01887321914505449 0.9997905547100873 0.007915068641452357
vn 0.01887321914505449 -0.9997905547100873 -0.007915068641452357
vn -0.02027104936370963 0.9997908686174461 0.002702514915170661
vn 0.02027104936370963 -0.9997908686174461 -0.002702514915170661
vn -0.020272149365928162 0.9997908687285635 -0.00269420991573034
vn 0.020272149365928162 -0.9997908687285635 0.00269420991573034
vn -0.01887642915692552 0.9997905553465385 -0.00790732964683617
vn 0.01887642915692552 -0.9997905553465385 0.00790732964683617
vn -0.01617901080359623 0.999789949658625 -0.012581580624915037
vn 0.01617901080359623 -0.999789949658625 0.012581580624915037
vn -0.012363719914062401 0.9997890930506778 -0.0163984098860179
vn 0.012363719914062401 -0.9997890930506778 0.0163984098860179
vn -0.007690570335616023 0.9997880436306895 -0.019097720833423155
vn 0.007690570335616023 -0.9997880436306895 0.019097720833423155
vn -0.00247801593365768 0.9997868732333519 -0.02049554945128567
vn 0.00247801593365768 -0.9997868732333519 0.02049554945128567
vn 0.002918708886976008 0.9997856612843312 -0.020496649206288173
vn -0.002918708886976008 -0.9997856612843312 0.020496649206288173
vn 0.9190124137087888 0.37520370559686494 0.1209891018047788
vn -0.9190124137087888 -0.37520370559686494 -0.1209891018047788
vn 0.5920843206585742 0.7297779254628789 0.3418484119275256
vn -0.5920843206585742 -0.7297779254628789 -0.3418484119275256
vn 0.27236309964901934 0.9228819988107281 0.27222629964919576
vn -0.27236309964901934 -0.9228819988107281 -0.27222629964919576
vn 0.10022360042983247 0.9797691042019702 0.17322740074292667
vn -0.10022360042983247 -0.9797691042019702 -0.17322740074292667
vn 0.07675408249515682 0.9797762318510139 0.18479000600723824
vn -0.07675408249515682 -0.9797762318510139 -0.18479000600723824
vn 0.016183590621284674 0.9918008380750275 0.12676430486645549
vn -0.016183590621284674 -0.9918008380750275 -0.12676430486645549
vn -0.010119829879004894 0.9976963880713032 0.06707835919799532
vn 0.010119829879004894 -0.9976963880713032 -0.06707835919799532
vn 0.008131828924333331 0.9997844906970053 -0.019100929822265623
vn -0.008131828924333331 -0.9997844906970053 0.019100929822265623
vn 0.012806080526708681 0.9997834411206705 -0.01640351067466924
vn -0.012806080526708681 -0.9997834411206705 0.01640351067466924
vn 0.04341530978057626 0.9980656949557123 -0.04449695977510931
vn -0.04341530978057626 -0.9980656949557123 0.04449695977510931
vn 0.10202339589844958 0.9917815601283408 -0.07720468689621253
vn -0.10202339589844958 -0.9917815601283408 0.07720468689621253
vn 0.15890489965705062 0.9797577978854818 -0.12175339973723097
vn -0.15890489965705062 -0.9797577978854818 0.12175339973723097
vn 0.3335966936581969 0.9228682824559142 -0.19242499634192564
vn -0.3335966936581969 -0.9228682824559142 0.19242499634192564
vn 0.6316807307993824 0.729796835583311 -0.26148811274959305
vn -0.6316807307993824 -0.729796835583311 0.26148811274959305
vn 0.8593293352426049 0.4987626204551308 -0.11308820463794574
vn -0.8593293352426049 -0.4987626204551308 0.11308820463794574
vn 0.9269410903623302 0.3752068960988673 0.000010851179887260513
vn -0.9269410903623302 -0.3752068960988673 -0.000010851179887260513
vn -0.0036390659682810638 0.9999709912840229 0.006691321941677121
vn 0.0036390659682810638 -0.9999709912840229 -0.006691321941677121
vn -0.005239257741230605 0.9999713506109463 0.005463344730163065
vn 0.005239257741230605 -0.9999713506109463 -0.005463344730163065
vn -0.0064671021701563575 0.9999716263103202 0.0038630511016412186
vn 0.0064671021701563575 -0.9999716263103202 -0.0038630511016412186
vn -0.00723892099724654 0.999971799619642 0.0019994969992396757
vn 0.00723892099724654 -0.999971799619642 -0.0019994969992396757
vn -0.007502116690353162 0.9999718587265651 -3.202398865601896e-7
vn 0.007502116690353162 -0.9999718587265651 3.202398865601896e-7
vn -0.0072387549969988 0.99997179958541 -0.002000114999170527
vn 0.0072387549969988 -0.99997179958541 0.002000114999170527
vn -0.006466781169706495 0.999971626242063 -0.00386360610139165
vn 0.006466781169706495 -0.999971626242063 0.00386360610139165
vn -0.005238804740720106 0.9999713505092327 -0.005463797729584489
vn 0.005238804740720106 -0.9999713505092327 0.005463797729584489
vn -0.003638510967842925 0.9999709911622798 -0.006691641940859204
vn 0.003638510967842925 -0.9999709911622798 0.006691641940859204
vn -0.0017749569515553812 0.9999705727073983 -0.007463460796296521
vn 0.0017749569515553812 -0.9999705727073983 0.007463460796296521
vn 0.0002248602053196849 0.999970123657036 -0.007726657182795046
vn -0.0002248602053196849 -0.999970123657036 0.007726657182795046
vn 0.8372028984527025 0.4987674990781903 0.2243262995854059
vn -0.8372028984527025 -0.4987674990781903 -0.2243262995854059
vn 0.6316138064801303 0.7297968074874526 0.26164980268443294
vn -0.6316138064801303 -0.7297968074874526 -0.26164980268443294
vn 0.3055393901086742 0.92288977012299 0.23435049241329567
vn -0.3055393901086742 -0.92288977012299 -0.23435049241329567
vn 0.12197339887145456 0.979766090934822 0.15868489853178566
vn -0.12197339887145456 -0.979766090934822 -0.15868489853178566
vn 0.033839099559977666 0.991863187102436 0.12272869840411357
vn -0.033839099559977666 -0.991863187102436 -0.12272869840411357
vn 0.0011474259840362191 0.9980751861140905 0.06200488913734549
vn -0.0011474259840362191 -0.9980751861140905 -0.06200488913734549
vn -0.0024697119289337987 0.9997868712310354 0.020496649410207138
vn 0.0024697119289337987 -0.9997868712310354 -0.020496649410207138
vn -0.0017755749517903016 0.9999705728492005 0.0074632947973598375
vn 0.0017755749517903016 -0.9999705728492005 -0.0074632947973598375
vn 0.0022246549435157715 0.9999696746106623 -0.00746329481050592
vn -0.0022246549435157715 -0.9999696746106623 0.00746329481050592
vn 0.004088145820795488 0.9999692561661911 -0.006691321706684645
vn -0.004088145820795488 -0.9999692561661911 0.006691321706684645
vn 0.05496980846541617 0.9976817721478687 -0.040117348880049815
vn -0.05496980846541617 -0.9976817721478687 0.040117348880049815
vn 0.17344739360525402 0.9797526638779847 -0.10000359631301675
vn -0.17344739360525402 -0.9797526638779847 0.10000359631301675
vn 0.3558267895457148 0.9228784728855863 -0.14725019567375008
vn -0.3558267895457148 -0.9228784728855863 0.14725019567375008
vn 0.6604381093195546 0.7297626102978044 -0.17682770249524563
vn -0.6604381093195546 -0.7297626102978044 0.17682770249524563
vn 0.6778403949874243 0.729786494603287 -0.08912951934089415
vn -0.6778403949874243 -0.729786494603287 0.08912951934089415
vn 0.8667396809625114 0.49876078904497734 0.0000274997393960932
vn -0.8667396809625114 -0.49876078904497734 -0.0000274997393960932
vn 0.8593216055880311 0.49876260324337346 0.11314700073577696
vn -0.8593216055880311 -0.49876260324337346 -0.11314700073577696
vn 0.3335468942843088 0.9228682841856416 0.19251129670110836
vn -0.3335468942843088 -0.9228682841856416 -0.19251129670110836
vn 0.1416506001742019 0.9797598012049087 0.14144200017394562
vn -0.1416506001742019 -0.9797598012049087 -0.14144200017394562
vn 0.06445818043695259 0.991856306723649 0.10984630074463225
vn -0.06445818043695259 -0.991856306723649 -0.10984630074463225
vn 0.048448749871350824 0.9917935973664247 0.11831389968583349
vn -0.048448749871350824 -0.9917935973664247 -0.11831389968583349
vn 0.0075937820786023584 0.9976924103269986 0.06746991069837345
vn -0.0075937820786023584 -0.9976924103269986 -0.06746991069837345
vn 0.005688337982095953 0.9999688968525973 -0.005463344982803896
vn -0.005688337982095953 -0.9999688968525973 0.005463344982803896
vn 0.016622909736673193 0.9997825841622461 -0.012588219800587296
vn -0.016622909736673193 -0.9997825841622461 0.012588219800587296
vn 0.05346027208740242 0.9980634389702477 -0.031802061241738684
vn -0.05346027208740242 -0.9980634389702477 0.031802061241738684
vn 0.11006899641353271 0.991846067681876 -0.0642354579069638
vn -0.11006899641353271 -0.991846067681876 0.0642354579069638
vn 0.18501000466924789 0.9797519247267957 -0.07653407193155237
vn -0.18501000466924789 -0.9797519247267957 0.07653407193155237
vn 0.3720400136369209 0.9228596338269094 -0.09958074365007687
vn -0.3720400136369209 -0.9228596338269094 0.09958074365007687
vn 0.6837061867638412 0.7297573858723165 0.00008913837827449426
vn -0.6837061867638412 -0.7297573858723165 -0.00008913837827449426
vn 0.6603919964924038 0.7297625961239499 0.17699989905988553
vn -0.6603919964924038 -0.7297625961239499 -0.17699989905988553
vn 0.3557898862137434 0.92287846424002 0.14733939429084777
vn -0.3557898862137434 -0.92287846424002 -0.14733939429084777
vn 0.15889539961454835 0.979757797623284 0.1217657997046183
vn -0.15889539961454835 -0.979757797623284 -0.1217657997046183
vn 0.07742738864621648 0.9917870826590433 0.1018006982200602
vn -0.07742738864621648 -0.9917870826590433 -0.1018006982200602
vn 0.017164009826036216 0.9980715898841638 0.05965314939539281
vn -0.017164009826036216 -0.9980715898841638 -0.05965314939539281
vn 0.0029270138815946085 0.999785659556047 0.020495549170901486
vn -0.0029270138815946085 -0.999785659556047 -0.020495549170901486
vn 0.00022421980533677625 0.999970123800827 0.007726657183906547
vn -0.00022421980533677625 -0.999970123800827 -0.007726657183906547
vn 0.11853669383171199 0.9917778483909058 -0.04822604749046336
vn -0.11853669383171199 -0.9917778483909058 0.04822604749046336
vn 0.19342769356674291 0.9797481674143256 -0.051761528278450965
vn -0.19342769356674291 -0.9797481674143256 0.051761528278450965
vn 0.38182051340704204 0.9228726324052579 -0.05019163176240201
vn -0.38182051340704204 -0.9228726324052579 0.05019163176240201
vn 0.3851434986891325 0.9228566968589815 0.00004979983983070707
vn -0.3851434986891325 -0.9228566968589815 -0.00004979983983070707
vn 0.6778175741292091 0.7297864721456717 0.08930308659149974
vn -0.6778175741292091 -0.7297864721456717 -0.08930308659149974
vn 0.17343939315470283 0.9797526613311717 0.10001749605251477
vn -0.17343939315470283 -0.9797526613311717 -0.10001749605251477
vn 0.09069972146605951 0.9918504160321522 0.08947800144631199
vn -0.09069972146605951 -0.9918504160321522 -0.08947800144631199
vn 0.0320261684836157 0.9980682527431752 0.053236147479359695
vn -0.0320261684836157 -0.9980682527431752 -0.053236147479359695
vn 0.024805161123337395 0.9976885451817606 0.06326350286497893
vn -0.024805161123337395 -0.9976885451817606 -0.06326350286497893
vn 0.006916182146199636 0.9999686211381141 -0.003863051081659956
vn -0.006916182146199636 -0.9999686211381141 0.003863051081659956
vn 0.06348752741981653 0.9976798594534991 -0.024581129001003194
vn -0.06348752741981653 -0.9976798594534991 0.024581129001003194
vn 0.12295139747012106 0.9918431795915849 -0.03361637930830069
vn -0.12295139747012106 -0.9918431795915849 0.03361637930830069
vn 0.19852189862943798 0.9797488932359771 -0.026099079819816094
vn -0.19852189862943798 -0.9797488932359771 0.026099079819816094
vn 0.38180791318536805 0.9228726318705165 0.05028740173662714
vn -0.38180791318536805 -0.9228726318705165 -0.05028740173662714
vn 0.37201421884594993 0.9228596467513492 0.09967694504955643
vn -0.37201421884594993 -0.9228596467513492 -0.09967694504955643
vn 0.18500400612095472 0.9797519324156072 0.07654847253264663
vn -0.18500400612095472 -0.9797519324156072 -0.07654847253264663
vn 0.10114469546308655 0.9917817555129611 0.07834985648556461
vn -0.10114469546308655 -0.9917817555129611 -0.07834985648556461
vn 0.040341378262696105 0.9976850570346325 0.05474577764236999
vn -0.040341378262696105 -0.9976850570346325 -0.05474577764236999
vn 0.008139566910870132 0.999784489052162 0.019097719790876412
vn -0.008139566910870132 -0.999784489052162 -0.019097719790876412
vn 0.00222403694383332 0.9999696747463832 0.007463460811515127
vn -0.00222403694383332 -0.9999696747463832 -0.007463460811515127
vn 0.019322219574650294 0.9997819779912981 -0.007915068825761401
vn -0.019322219574650294 -0.9997819779912981 0.007915068825761401
vn 0.05987726989465604 0.9980619982440782 -0.01693989997019688
vn -0.05987726989465604 -0.9980619982440782 0.01693989997019688
vn 0.12698699479128728 0.9917759593196448 -0.01596087934532144
vn -0.12698699479128728 -0.9917759593196448 0.01596087934532144
vn 0.20024111017174084 0.9797466497686464 0.000008018852407554925
vn -0.20024111017174084 -0.9797466497686464 -0.000008018852407554925
vn 0.19851980136997718 0.9797489067612078 0.026114520180215473
vn -0.19851980136997718 -0.9797489067612078 -0.026114520180215473
vn 0.1107754009319239 0.9918459083441349 0.06301194053010287
vn -0.1107754009319239 -0.9918459083441349 -0.06301194053010287
vn 0.04472107007744472 0.9980654017283775 0.04319120007479562
vn -0.04472107007744472 -0.9980654017283775 -0.04319120007479562
vn 0.012812720508921998 0.9997834397114559 0.01639841065134604
vn -0.012812720508921998 -0.9997834397114559 -0.01639841065134604
vn 0.06769394100552735 0.9976789148195455 -0.007369754109470276
vn -0.06769394100552735 -0.9976789148195455 0.007369754109470276
vn 0.12747009521372904 0.9918421627581251 -0.0007064003734757264
vn -0.12747009521372904 -0.9918421627581251 0.0007064003734757264
vn 0.1934234955942412 0.9797481776835066 0.05177701882063441
vn -0.1934234955942412 -0.9797481776835066 -0.05177701882063441
vn 0.11798429685830078 0.9917779735908239 0.049559628680320815
vn -0.11798429685830078 -0.9917779735908239 -0.049559628680320815
vn 0.05314365906061387 0.9976821823646165 0.04249722924880415
vn -0.05314365906061387 -0.9976821823646165 -0.04249722924880415
vn 0.004087590821340954 0.9999692562936798 0.006691641707524195
vn -0.004087590821340954 -0.9999692562936798 -0.006691641707524195
vn 0.007688001367693324 0.9999684478253975 -0.001999497095629539
vn -0.007688001367693324 -0.9999684478253975 0.001999497095629539
vn 0.020720049257038953 0.9997816641507207 -0.002702514903095409
vn -0.020720049257038953 -0.9997816641507207 0.002702514903095409
vn 0.0622289981727099 0.9980614706929584 -0.0009233117728876842
vn -0.0622289981727099 -0.9980614706929584 0.0009233117728876842
vn 0.12679859997120915 0.9917759997748075 0.017391989996051196
vn -0.12679859997120915 -0.9917759997748075 -0.017391989996051196
vn 0.12331709903732642 0.9918430922571877 0.03225171974822752
vn -0.12331709903732642 -0.9918430922571877 -0.03225171974822752
vn 0.05438358174277994 0.998063231984002 0.03020283096788219
vn -0.05438358174277994 -0.998063231984002 -0.03020283096788219
vn 0.016628009716204633 0.9997825829364028 0.012581579785266524
vn -0.016628009716204633 -0.9997825829364028 -0.012581579785266524
vn 0.00568788498267593 0.9999688969543107 0.0054637979833586725
vn -0.00568788498267593 -0.9999688969543107 -0.0054637979833586725
vn 0.0673023901958361 0.9976790029030405 0.010343860030098724
vn -0.0673023901958361 -0.9976790029030405 -0.010343860030098724
vn 0.06233956108422347 0.9976801173518738 0.027352560475722022
vn -0.06233956108422347 -0.9976801173518738 -0.027352560475722022
vn 0.007951196910420243 0.9999683887341585 3.202398966141516e-7
vn -0.007951196910420243 -0.9999683887341585 -3.202398966141516e-7
vn 0.020721149249068295 0.9997816637680448 0.0026942099023624117
vn -0.020721149249068295 -0.9997816637680448 -0.0026942099023624117
vn 0.06035520945667655 0.99806189101535 0.015156199863562642
vn -0.06035520945667655 -0.99806189101535 -0.015156199863562642
vn 0.019325429559028356 0.9997819771867682 0.007907329819569136
vn -0.019325429559028356 -0.9997819771867682 -0.007907329819569136
vn 0.006915861146717732 0.9999686212140072 0.003863606081965362
vn -0.006915861146717732 -0.9999686212140072 -0.003863606081965362
vn 0.0076878353679953135 0.9999684478657106 0.0020001150957401725
vn -0.0076878353679953135 -0.9999684478657106 -0.0020001150957401725
usemtl material_0_0
f 1//1 2//2 3//3
f 4//4 5//5 6//6
f 1//1 3//3 7//7
f 8//8 4//4 6//6
f 1//1 9//9 2//2
f 5//5 10//10 6//6
f 2//2 11//11 3//3
f 4//4 12//12 5//5
f 7//7 3//3 13//13
f 14//14 4//4 8//8
f 15//15 1//1 7//7
f 8//8 6//6 16//16
f 2//2 9//9 17//17
f 18//18 10//10 5//5
f 1//1 19//19 9//9
f 10//10 20//20 6//6
f 11//11 2//2 21//21
f 22//22 5//5 12//12
f 3//3 11//11 23//23
f 24//24 12//12 4//4
f 7//7 13//13 25//25
f 26//26 14//14 8//8
f 3//3 23//23 13//13
f 14//14 24//24 4//4
f 15//15 7//7 27//27
f 28//28 8//8 16//16
f 19//19 1//1 15//15
f 16//16 6//6 20//20
f 9//9 29//29 17//17
f 18//18 30//30 10//10
f 2//2 17//17 21//21
f 22//22 18//18 5//5
f 19//19 31//31 9//9
f 10//10 32//32 20//20
f 11//11 21//21 33//33
f 34//34 22//22 12//12
f 11//11 35//35 23//23
f 24//24 36//36 12//12
f 25//25 13//13 37//37
f 38//38 14//14 26//26
f 27//27 7//7 25//25
f 26//26 8//8 28//28
f 13//13 23//23 39//39
f 40//40 24//24 14//14
f 41//41 15//15 27//27
f 28//28 16//16 42//42
f 43//43 19//19 15//15
f 16//16 20//20 44//44
f 17//17 29//29 45//45
f 46//46 30//30 18//18
f 9//9 31//31 29//29
f 30//30 32//32 10//10
f 21//21 17//17 47//47
f 48//48 18//18 22//22
f 19//19 49//49 31//31
f 32//32 50//50 20//20
f 33//33 21//21 51//51
f 52//52 22//22 34//34
f 35//35 11//11 33//33
f 34//34 12//12 36//36
f 23//23 35//35 53//53
f 54//54 36//36 24//24
f 25//25 37//37 55//55
f 56//56 38//38 26//26
f 13//13 39//39 37//37
f 38//38 40//40 14//14
f 27//27 25//25 57//57
f 58//58 26//26 28//28
f 23//23 53//53 39//39
f 40//40 54//54 24//24
f 41//41 27//27 59//59
f 60//60 28//28 42//42
f 43//43 15//15 41//41
f 42//42 16//16 44//44
f 49//49 19//19 43//43
f 44//44 20//20 50//50
f 29//29 61//61 45//45
f 46//46 62//62 30//30
f 17//17 45//45 47//47
f 48//48 46//46 18//18
f 31//31 63//63 29//29
f 30//30 64//64 32//32
f 21//21 47//47 51//51
f 52//52 48//48 22//22
f 49//49 65//65 31//31
f 32//32 66//66 50//50
f 33//33 51//51 67//67
f 68//68 52//52 34//34
f 35//35 33//33 69//69
f 70//70 34//34 36//36
f 35//35 71//71 53//53
f 54//54 72//72 36//36
f 55//55 37//37 73//73
f 74//74 38//38 56//56
f 57//57 25//25 55//55
f 56//56 26//26 58//58
f 37//37 39//39 75//75
f 76//76 40//40 38//38
f 59//59 27//27 57//57
f 58//58 28//28 60//60
f 39//39 53//53 77//77
f 78//78 54//54 40//40
f 79//79 41//41 59//59
f 60//60 42//42 80//80
f 81//81 43//43 41//41
f 42//42 44//44 82//82
f 83//83 49//49 43//43
f 44//44 50//50 84//84
f 45//45 61//61 85//85
f 86//86 62//62 46//46
f 29//29 63//63 61//61
f 62//62 64//64 30//30
f 47//47 45//45 87//87
f 88//88 46//46 48//48
f 31//31 65//65 63//63
f 64//64 66//66 32//32
f 51//51 47//47 89//89
f 90//90 48//48 52//52
f 49//49 91//91 65//65
f 66//66 92//92 50//50
f 51//51 93//93 67//67
f 68//68 94//94 52//52
f 69//69 33//33 67//67
f 68//68 34//34 70//70
f 71//71 35//35 69//69
f 70//70 36//36 72//72
f 53//53 71//71 95//95
f 96//96 72//72 54//54
f 55//55 73//73 97//97
f 98//98 74//74 56//56
f 37//37 75//75 73//73
f 74//74 76//76 38//38
f 57//57 55//55 99//99
f 100//100 56//56 58//58
f 39//39 77//77 75//75
f 76//76 78//78 40//40
f 59//59 57//57 101//101
f 102//102 58//58 60//60
f 53//53 95//95 77//77
f 78//78 96//96 54//54
f 79//79 59//59 103//103
f 104//104 60//60 80//80
f 81//81 41//41 79//79
f 80//80 42//42 82//82
f 83//83 43//43 81//81
f 82//82 44//44 84//84
f 91//91 49//49 83//83
f 84//84 50//50 92//92
f 61//61 105//105 85//85
f 86//86 106//106 62//62
f 45//45 85//85 87//87
f 88//88 86//86 46//46
f 63//63 107//107 61//61
f 62//62 108//108 64//64
f 47//47 87//87 89//89
f 90//90 88//88 48//48
f 65//65 109//109 63//63
f 64//64 110//110 66//66
f 51//51 89//89 93//93
f 94//94 90//90 52//52
f 91//91 111//111 65//65
f 66//66 112//112 92//92
f 93//93 113//113 67//67
f 68//68 114//114 94//94
f 69//69 67//67 115//115
f 116//116 68//68 70//70
f 71//71 69//69 117//117
f 118//118 70//70 72//72
f 71//71 119//119 95//95
f 96//96 120//120 72//72
f 73//73 121//121 97//97
f 98//98 122//122 74//74
f 99//99 55//55 97//97
f 98//98 56//56 100//100
f 75//75 123//123 73//73
f 74//74 124//124 76//76
f 101//101 57//57 99//99
f 100//100 58//58 102//102
f 77//77 125//125 75//75
f 76//76 126//126 78//78
f 103//103 59//59 101//101
f 102//102 60//60 104//104
f 95//95 127//127 77//77
f 78//78 128//128 96//96
f 129//129 79//79 103//103
f 104//104 80//80 130//130
f 131//131 81//81 79//79
f 80//80 82//82 132//132
f 133//133 83//83 81//81
f 82//82 84//84 134//134
f 91//91 83//83 135//135
f 136//136 84//84 92//92
f 137//137 85//85 105//105
f 106//106 86//86 138//138
f 61//61 107//107 105//105
f 106//106 108//108 62//62
f 139//139 87//87 85//85
f 86//86 88//88 140//140
f 63//63 109//109 107//107
f 108//108 110//110 64//64
f 87//87 141//141 89//89
f 90//90 142//142 88//88
f 65//65 111//111 109//109
f 110//110 112//112 66//66
f 89//89 143//143 93//93
f 94//94 144//144 90//90
f 91//91 145//145 111//111
f 112//112 146//146 92//92
f 93//93 147//147 113//113
f 114//114 148//148 94//94
f 67//67 113//113 115//115
f 116//116 114//114 68//68
f 117//117 69//69 115//115
f 116//116 70//70 118//118
f 119//119 71//71 117//117
f 118//118 72//72 120//120
f 119//119 149//149 95//95
f 96//96 150//150 120//120
f 97//97 121//121 151//151
f 152//152 122//122 98//98
f 73//73 123//123 121//121
f 122//122 124//124 74//74
f 99//99 97//97 153//153
f 154//154 98//98 100//100
f 75//75 125//125 123//123
f 124//124 126//126 76//76
f 101//101 99//99 155//155
f 156//156 100//100 102//102
f 77//77 127//127 125//125
f 126//126 128//128 78//78
f 103//103 101//101 157//157
f 158//158 102//102 104//104
f 95//95 149//149 127//127
f 128//128 150//150 96//96
f 129//129 103//103 159//159
f 160//160 104//104 130//130
f 131//131 79//79 129//129
f 130//130 80//80 132//132
f 133//133 81//81 131//131
f 132//132 82//82 134//134
f 135//135 83//83 133//133
f 134//134 84//84 136//136
f 145//145 91//91 135//135
f 136//136 92//92 146//146
f 137//137 139//139 85//85
f 86//86 140//140 138//138
f 161//161 137//137 105//105
f 106//106 138//138 162//162
f 163//163 105//105 107//107
f 108//108 106//106 164//164
f 87//87 139//139 141//141
f 142//142 140//140 88//88
f 109//109 165//165 107//107
f 108//108 166//166 110//110
f 89//89 141//141 143//143
f 144//144 142//142 90//90
f 111//111 167//167 109//109
f 110//110 168//168 112//112
f 93//93 143//143 147//147
f 148//148 144//144 94//94
f 169//169 111//111 145//145
f 146//146 112//112 170//170
f 113//113 147//147 171//171
f 172//172 148//148 114//114
f 113//113 171//171 115//115
f 116//116 172//172 114//114
f 117//117 115//115 173//173
f 174//174 116//116 118//118
f 119//119 117//117 175//175
f 176//176 118//118 120//120
f 119//119 177//177 149//149
f 150//150 178//178 120//120
f 151//151 121//121 179//179
f 180//180 122//122 152//152
f 97//97 151//151 153//153
f 154//154 152//152 98//98
f 123//123 181//181 121//121
f 122//122 182//182 124//124
f 99//99 153//153 155//155
f 156//156 154//154 100//100
f 125//125 183//183 123//123
f 124//124 184//184 126//126
f 101//101 155//155 157//157
f 158//158 156//156 102//102
f 127//127 185//185 125//125
f 126//126 186//186 128//128
f 103//103 157//157 159//159
f 160//160 158//158 104//104
f 149//149 187//187 127//127
f 128//128 188//188 150//150
f 129//129 159//159 189//189
f 190//190 160//160 130//130
f 191//191 131//131 129//129
f 130//130 132//132 192//192
f 193//193 133//133 131//131
f 132//132 134//134 194//194
f 135//135 133//133 195//195
f 196//196 134//134 136//136
f 145//145 135//135 197//197
f 198//198 136//136 146//146
f 199//199 139//139 137//137
f 138//138 140//140 200//200
f 161//161 105//105 163//163
f 164//164 106//106 162//162
f 201//201 137//137 161//161
f 162//162 138//138 202//202
f 163//163 107//107 165//165
f 166//166 108//108 164//164
f 139//139 203//203 141//141
f 142//142 204//204 140//140
f 109//109 167//167 165//165
f 166//166 168//168 110//110
f 141//141 205//205 143//143
f 144//144 206//206 142//142
f 111//111 169//169 167//167
f 168//168 170//170 112//112
f 143//143 207//207 147//147
f 148//148 208//208 144//144
f 169//169 145//145 209//209
f 210//210 146//146 170//170
f 147//147 211//211 171//171
f 172//172 212//212 148//148
f 115//115 171//171 173//173
f 174//174 172//172 116//116
f 175//175 117//117 173//173
f 174//174 118//118 176//176
f 119//119 175//175 177//177
f 178//178 176//176 120//120
f 177//177 213//213 149//149
f 150//150 214//214 178//178
f 151//151 179//179 215//215
f 216//216 180//180 152//152
f 121//121 181//181 179//179
f 180//180 182//182 122//122
f 153//153 151//151 217//217
f 218//218 152//152 154//154
f 123//123 183//183 181//181
f 182//182 184//184 124//124
f 155//155 153//153 219//219
f 220//220 154//154 156//156
f 125//125 185//185 183//183
f 184//184 186//186 126//126
f 157//157 155//155 221//221
f 222//222 156//156 158//158
f 127//127 187//187 185//185
f 186//186 188//188 128//128
f 159//159 157//157 223//223
f 224//224 158//158 160//160
f 149//149 213//213 187//187
f 188//188 214//214 150//150
f 189//189 159//159 225//225
f 226//226 160//160 190//190
f 191//191 129//129 189//189
f 190//190 130//130 192//192
f 193//193 131//131 191//191
f 192//192 132//132 194//194
f 195//195 133//133 193//193
f 194//194 134//134 196//196
f 197//197 135//135 195//195
f 196//196 136//136 198//198
f 209//209 145//145 197//197
f 198//198 146//146 210//210
f 201//201 199//199 137//137
f 138//138 200//200 202//202
f 199//199 203//203 139//139
f 140//140 204//204 200//200
f 227//227 161//161 163//163
f 164//164 162//162 228//228
f 229//229 201//201 161//161
f 162//162 202//202 230//230
f 231//231 163//163 165//165
f 166//166 164//164 232//232
f 203//203 205//205 141//141
f 142//142 206//206 204//204
f 167//167 233//233 165//165
f 166//166 234//234 168//168
f 205//205 207//207 143//143
f 144//144 208//208 206//206
f 169//169 235//235 167//167
f 168//168 236//236 170//170
f 207//207 237//237 147//147
f 148//148 238//238 208//208
f 239//239 169//169 209//209
f 210//210 170//170 240//240
f 147//147 237//237 211//211
f 212//212 238//238 148//148
f 171//171 211//211 241//241
f 242//242 212//212 172//172
f 171//171 241//241 173//173
f 174//174 242//242 172//172
f 175//175 173//173 243//243
f 244//244 174//174 176//176
f 177//177 175//175 245//245
f 246//246 176//176 178//178
f 177//177 247//247 213//213
f 214//214 248//248 178//178
f 215//215 179//179 249//249
f 250//250 180//180 216//216
f 217//217 151//151 215//215
f 216//216 152//152 218//218
f 179//179 181//181 251//251
f 252//252 182//182 180//180
f 153//153 217//217 219//219
f 220//220 218//218 154//154
f 183//183 253//253 181//181
f 182//182 254//254 184//184
f 155//155 219//219 221//221
f 222//222 220//220 156//156
f 185//185 255//255 183//183
f 184//184 256//256 186//186
f 157//157 221//221 223//223
f 224//224 222//222 158//158
f 187//187 257//257 185//185
f 186//186 258//258 188//188
f 159//159 223//223 225//225
f 226//226 224//224 160//160
f 213//213 259//259 187//187
f 188//188 260//260 214//214
f 189//189 225//225 261//261
f 262//262 226//226 190//190
f 191//191 189//189 263//263
f 264//264 190//190 192//192
f 265//265 193//193 191//191
f 192//192 194//194 266//266
f 195//195 193//193 267//267
f 268//268 194//194 196//196
f 197//197 195//195 269//269
f 270//270 196//196 198//198
f 209//209 197//197 271//271
f 272//272 198//198 210//210
f 273//273 199//199 201//201
f 202//202 200//200 274//274
f 275//275 203//203 199//199
f 200//200 204//204 276//276
f 277//277 227//227 163//163
f 164//164 228//228 278//278
f 229//229 161//161 227//227
f 228//228 162//162 230//230
f 279//279 201//201 229//229
f 230//230 202//202 280//280
f 277//277 163//163 231//231
f 232//232 164//164 278//278
f 231//231 165//165 233//233
f 234//234 166//166 232//232
f 281//281 205//205 203//203
f 204//204 206//206 282//282
f 167//167 235//235 233//233
f 234//234 236//236 168//168
f 283//283 207//207 205//205
f 206//206 208//208 284//284
f 169//169 239//239 235//235
f 236//236 240//240 170//170
f 285//285 237//237 207//207
f 208//208 238//238 286//286
f 239//239 209//209 287//287
f 288//288 210//210 240//240
f 237//237 289//289 211//211
f 212//212 290//290 238//238
f 211//211 291//291 241//241
f 242//242 292//292 212//212
f 173//173 241//241 243//243
f 244//244 242//242 174//174
f 175//175 243//243 245//245
f 246//246 244//244 176//176
f 177//177 245//245 247//247
f 248//248 246//246 178//178
f 247//247 293//293 213//213
f 214//214 294//294 248//248
f 215//215 249//249 295//295
f 296//296 250//250 216//216
f 179//179 251//251 249//249
f 250//250 252//252 180//180
f 217//217 215//215 297//297
f 298//298 216//216 218//218
f 181//181 253//253 251//251
f 252//252 254//254 182//182
f 219//219 217//217 299//299
f 300//300 218//218 220//220
f 183//183 255//255 253//253
f 254//254 256//256 184//184
f 221//221 219//219 301//301
f 302//302 220//220 222//222
f 185//185 257//257 255//255
f 256//256 258//258 186//186
f 223//223 221//221 303//303
f 304//304 222//222 224//224
f 187//187 259//259 257//257
f 258//258 260//260 188//188
f 225//225 223//223 305//305
f 306//306 224//224 226//226
f 213//213 293//293 259//259
f 260//260 294//294 214//214
f 261//261 225//225 307//307
f 308//308 226//226 262//262
f 263//263 189//189 261//261
f 262//262 190//190 264//264
f 265//265 191//191 263//263
f 264//264 192//192 266//266
f 267//267 193//193 265//265
f 266//266 194//194 268//268
f 269//269 195//195 267//267
f 268//268 196//196 270//270
f 271//271 197//197 269//269
f 270//270 198//198 272//272
f 287//287 209//209 271//271
f 272//272 210//210 288//288
f 279//279 273//273 201//201
f 202//202 274//274 280//280
f 273//273 275//275 199//199
f 200//200 276//276 274//274
f 275//275 281//281 203//203
f 204//204 282//282 276//276
f 309//309 227//227 277//277
f 278//278 228//228 310//310
f 309//309 229//229 227//227
f 228//228 230//230 310//310
f 311//311 279//279 229//229
f 230//230 280//280 312//312
f 313//313 277//277 231//231
f 232//232 278//278 314//314
f 315//315 231//231 233//233
f 234//234 232//232 316//316
f 281//281 283//283 205//205
f 206//206 284//284 282//282
f 235//235 317//317 233//233
f 234//234 318//318 236//236
f 283//283 285//285 207//207
f 208//208 286//286 284//284
f 239//239 319//319 235//235
f 236//236 320//320 240//240
f 285//285 321//321 237//237
f 238//238 322//322 286//286
f 323//323 239//239 287//287
f 288//288 240//240 324//324
f 321//321 289//289 237//237
f 238//238 290//290 322//322
f 211//211 289//289 291//291
f 292//292 290//290 212//212
f 241//241 291//291 325//325
f 326//326 292//292 242//242
f 241//241 325//325 243//243
f 244//244 326//326 242//242
f 245//245 243//243 327//327
f 328//328 244//244 246//246
f 247//247 245//245 329//329
f 330//330 246//246 248//248
f 247//247 331//331 293//293
f 294//294 332//332 248//248
f 295//295 249//249 333//333
f 334//334 250//250 296//296
f 297//297 215//215 295//295
f 296//296 216//216 298//298
f 249//249 251//251 335//335
f 336//336 252//252 250//250
f 299//299 217//217 297//297
f 298//298 218//218 300//300
f 251//251 253//253 337//337
f 338//338 254//254 252//252
f 219//219 299//299 301//301
f 302//302 300//300 220//220
f 255//255 339//339 253//253
f 254//254 340//340 256//256
f 221//221 301//301 303//303
f 304//304 302//302 222//222
f 257//257 341//341 255//255
f 256//256 342//342 258//258
f 223//223 303//303 305//305
f 306//306 304//304 224//224
f 259//259 343//343 257//257
f 258//258 344//344 260//260
f 225//225 305//305 307//307
f 308//308 306//306 226//226
f 293//293 345//345 259//259
f 260//260 346//346 294//294
f 261//261 307//307 347//347
f 348//348 308//308 262//262
f 263//263 261//261 349//349
f 350//350 262//262 264//264
f 265//265 263//263 351//351
f 352//352 264//264 266//266
f 267//267 265//265 353//353
f 354//354 266//266 268//268
f 269//269 267//267 355//355
f 356//356 268//268 270//270
f 271//271 269//269 357//357
f 358//358 270//270 272//272
f 287//287 271//271 359//359
f 360//360 272//272 288//288
f 361//361 362//361 363//361
f 362//361 361//361 364//361
f 365//362 366//362 367//362
f 368//362 367//362 366//362
f 369//361 370//361 371//361
f 370//361 369//361 372//361
f 373//362 374//362 375//362
f 376//362 375//362 374//362
f 377//361 378//361 379//361
f 378//361 377//361 380//361
f 381//362 382//362 383//362
f 384//362 383//362 382//362
f 385//363 309//309 277//277
f 278//278 310//310 386//364
f 311//311 229//229 309//309
f 310//310 230//230 312//312
f 387//361 388//361 389//361
f 388//361 387//361 390//361
f 391//362 392//362 393//362
f 394//362 393//362 392//362
f 385//363 277//277 313//313
f 314//314 278//278 386//364
f 313//313 231//231 315//315
f 316//316 232//232 314//314
f 315//315 233//233 317//317
f 318//318 234//234 316//316
f 395//361 396//361 397//361
f 396//361 395//361 398//361
f 399//362 400//362 401//362
f 402//362 401//362 400//362
f 235//235 319//319 317//317
f 318//318 320//320 236//236
f 403//361 404//361 405//361
f 404//361 403//361 406//361
f 407//362 408//362 409//362
f 410//362 409//362 408//362
f 239//239 323//323 319//319
f 320//320 324//324 240//240
f 411//361 412//361 413//361
f 412//361 411//361 414//361
f 415//362 416//362 417//362
f 418//362 417//362 416//362
f 323//323 287//287 419//365
f 420//366 288//288 324//324
f 321//321 421//367 289//289
f 290//290 422//368 322//322
f 289//289 423//369 291//291
f 292//292 424//370 290//290
f 291//291 425//371 325//325
f 326//326 426//372 292//292
f 325//325 327//327 243//243
f 244//244 328//328 326//326
f 245//245 327//327 329//329
f 330//330 328//328 246//246
f 247//247 329//329 331//331
f 332//332 330//330 248//248
f 331//331 427//373 293//293
f 294//294 428//374 332//332
f 295//295 333//333 429//375
f 430//376 334//334 296//296
f 249//249 335//335 333//333
f 334//334 336//336 250//250
f 297//297 295//295 431//377
f 432//378 296//296 298//298
f 251//251 337//337 335//335
f 336//336 338//338 252//252
f 299//299 297//297 433//379
f 434//380 298//298 300//300
f 253//253 339//339 337//337
f 338//338 340//340 254//254
f 301//301 299//299 435//381
f 436//382 300//300 302//302
f 255//255 341//341 339//339
f 340//340 342//342 256//256
f 303//303 301//301 437//383
f 438//384 302//302 304//304
f 257//257 343//343 341//341
f 342//342 344//344 258//258
f 305//305 303//303 439//385
f 440//386 304//304 306//306
f 259//259 345//345 343//343
f 344//344 346//346 260//260
f 307//307 305//305 441//387
f 442//388 306//306 308//308
f 293//293 427//373 345//345
f 346//346 428//374 294//294
f 347//347 307//307 443//389
f 444//390 308//308 348//348
f 349//349 261//261 347//347
f 348//348 262//262 350//350
f 351//351 263//263 349//349
f 350//350 264//264 352//352
f 353//353 265//265 351//351
f 352//352 266//266 354//354
f 355//355 267//267 353//353
f 354//354 268//268 356//356
f 357//357 269//269 355//355
f 356//356 270//270 358//358
f 359//359 271//271 357//357
f 358//358 272//272 360//360
f 419//365 287//287 359//359
f 360//360 288//288 420//366
f 445//391 446//392 447//393
f 448//394 449//395 450//396
f 447//393 451//397 452//398
f 453//399 454//400 448//394
f 452//398 455//401 456//402
f 457//403 458//404 453//399
f 459//405 309//309 385//363
f 386//364 310//310 460//406
f 459//405 311//311 309//309
f 310//310 312//312 460//406
f 461//361 462//361 463//361
f 462//361 461//361 464//361
f 465//362 466//362 467//362
f 468//362 467//362 466//362
f 469//407 470//408 445//391
f 450//396 471//409 472//410
f 473//411 385//363 313//313
f 314//314 386//364 474//412
f 475//413 313//313 315//315
f 316//316 314//314 476//414
f 477//415 315//315 317//317
f 318//318 316//316 478//416
f 456//402 479//417 480//418
f 481//419 482//420 457//403
f 319//319 483//421 317//317
f 318//318 484//422 320//320
f 480//418 485//423 486//424
f 487//425 488//426 481//419
f 323//323 489//427 319//319
f 320//320 490//428 324//324
f 486//424 491//429 492//430
f 493//431 494//432 487//425
f 495//361 496//361 497//361
f 496//361 495//361 498//361
f 499//362 500//362 501//362
f 502//362 501//362 500//362
f 503//433 323//323 419//365
f 420//366 324//324 504//434
f 421//367 423//369 289//289
f 290//290 424//370 422//368
f 291//291 423//369 425//371
f 426//372 424//370 292//292
f 425//371 505//435 325//325
f 326//326 506//436 426//372
f 325//325 505//435 327//327
f 328//328 506//436 326//326
f 329//329 327//327 507//437
f 508//438 328//328 330//330
f 331//331 329//329 509//439
f 510//440 330//330 332//332
f 331//331 511//441 427//373
f 428//374 512//442 332//332
f 429//375 333//333 513//443
f 514//444 334//334 430//376
f 431//377 295//295 429//375
f 430//376 296//296 432//378
f 333//333 335//335 515//445
f 516//446 336//336 334//334
f 433//379 297//297 431//377
f 432//378 298//298 434//380
f 335//335 337//337 517//447
f 518//448 338//338 336//336
f 435//381 299//299 433//379
f 434//380 300//300 436//382
f 337//337 339//339 519//449
f 520//450 340//340 338//338
f 301//301 435//381 437//383
f 438//384 436//382 302//302
f 341//341 521//451 339//339
f 340//340 522//452 342//342
f 303//303 437//383 439//385
f 440//386 438//384 304//304
f 343//343 523//453 341//341
f 342//342 524//454 344//344
f 305//305 439//385 441//387
f 442//388 440//386 306//306
f 345//345 525//455 343//343
f 344//344 526//456 346//346
f 307//307 441//387 443//389
f 444//390 442//388 308//308
f 427//373 527//457 345//345
f 346//346 528//458 428//374
f 347//347 443//389 529//459
f 530//460 444//390 348//348
f 349//349 347//347 531//461
f 532//462 348//348 350//350
f 351//351 349//349 533//463
f 534//464 350//350 352//352
f 353//353 351//351 535//465
f 536//466 352//352 354//354
f 355//355 353//353 537//467
f 538//468 354//354 356//356
f 357//357 355//355 539//469
f 540//470 356//356 358//358
f 359//359 357//357 541//471
f 542//472 358//358 360//360
f 419//365 359//359 543//473
f 544//474 360//360 420//366
f 445//391 470//408 446//392
f 449//395 471//409 450//396
f 447//393 446//392 451//397
f 454//400 449//395 448//394
f 452//398 451//397 455//401
f 458//404 454//400 453//399
f 456//402 455//401 479//417
f 482//420 458//404 457//403
f 545//475 459//405 385//363
f 386//364 460//406 546//476
f 547//361 548//361 549//361
f 548//361 547//361 550//361
f 551//362 552//362 553//362
f 554//362 553//362 552//362
f 555//477 556//478 469//407
f 472//410 557//479 558//480
f 469//407 556//478 470//408
f 471//409 557//479 472//410
f 545//475 385//363 473//411
f 474//412 386//364 546//476
f 473//411 313//313 475//413
f 476//414 314//314 474//412
f 475//413 315//315 477//415
f 478//416 316//316 476//414
f 477//415 317//317 483//421
f 484//422 318//318 478//416
f 480//418 479//417 485//423
f 488//426 482//420 481//419
f 319//319 489//427 483//421
f 484//422 490//428 320//320
f 486//424 485//423 491//429
f 494//432 488//426 487//425
f 323//323 503//433 489//427
f 490//428 504//434 324//324
f 492//430 491//429 559//481
f 560//482 494//432 493//431
f 492//430 559//481 561//483
f 562//484 560//482 493//431
f 563//361 564//361 565//361
f 564//361 563//361 566//361
f 567//362 568//362 569//362
f 570//362 569//362 568//362
f 503//433 419//365 571//485
f 572//486 420//366 504//434
f 421//367 573//487 423//369
f 424//370 574//488 422//368
f 423//369 575//489 425//371
f 426//372 576//490 424//370
f 425//371 577//491 505//435
f 506//436 578//492 426//372
f 505//435 507//437 327//327
f 328//328 508//438 506//436
f 329//329 507//437 509//439
f 510//440 508//438 330//330
f 331//331 509//439 511//441
f 512//442 510//440 332//332
f 427//373 511//441 579//493
f 580//494 512//442 428//374
f 429//375 513//443 581//495
f 582//496 514//444 430//376
f 333//333 515//445 513//443
f 514//444 516//446 334//334
f 431//377 429//375 583//497
f 584//498 430//376 432//378
f 335//335 517//447 515//445
f 516//446 518//448 336//336
f 433//379 431//377 585//499
f 586//500 432//378 434//380
f 337//337 519//449 517//447
f 518//448 520//450 338//338
f 435//381 433//379 587//501
f 588//502 434//380 436//382
f 339//339 521//451 519//449
f 520//450 522//452 340//340
f 437//383 435//381 589//503
f 590//504 436//382 438//384
f 341//341 523//453 521//451
f 522//452 524//454 342//342
f 439//385 437//383 591//505
f 592//506 438//384 440//386
f 343//343 525//455 523//453
f 524//454 526//456 344//344
f 441//387 439//385 593//507
f 594//508 440//386 442//388
f 345//345 527//457 525//455
f 526//456 528//458 346//346
f 443//389 441//387 595//509
f 596//510 442//388 444//390
f 427//373 579//493 527//457
f 528//458 580//494 428//374
f 529//459 443//389 597//511
f 598//512 444//390 530//460
f 531//461 347//347 529//459
f 530//460 348//348 532//462
f 533//463 349//349 531//461
f 532//462 350//350 534//464
f 535//465 351//351 533//463
f 534//464 352//352 536//466
f 537//467 353//353 535//465
f 536//466 354//354 538//468
f 539//469 355//355 537//467
f 538//468 356//356 540//470
f 541//471 357//357 539//469
f 540//470 358//358 542//472
f 543//473 359//359 541//471
f 542//472 360//360 544//474
f 571//485 419//365 543//473
f 544//474 420//366 572//486
f 470//408 599//513 446//392
f 449//395 600//514 471//409
f 446//392 601//515 451//397
f 454//400 602//516 449//395
f 451//397 603//517 455//401
f 458//404 604//518 454//400
f 455//401 605//519 479//417
f 482//420 606//520 458//404
f 607//361 608//361 609//361
f 608//361 607//361 610//361
f 611//362 612//362 613//362
f 614//362 613//362 612//362
f 615//521 616//522 555//477
f 558//480 617//523 618//524
f 555//477 616//522 556//478
f 557//479 617//523 558//480
f 556//478 619//525 470//408
f 471//409 620//526 557//479
f 621//527 545//475 473//411
f 474//412 546//476 622//528
f 623//529 473//411 475//413
f 476//414 474//412 624//530
f 625//531 475//413 477//415
f 478//416 476//414 626//532
f 627//533 477//415 483//421
f 484//422 478//416 628//534
f 479//417 629//535 485//423
f 488//426 630//536 482//420
f 483//421 489//427 631//537
f 632//538 490//428 484//422
f 485//423 633//539 491//429
f 494//432 634//540 488//426
f 489//427 503//433 635//541
f 636//542 504//434 490//428
f 491//429 637//543 559//481
f 560//482 638//544 494//432
f 561//483 559//481 639//545
f 640//546 560//482 562//484
f 561//483 639//545 641//547
f 642//548 640//546 562//484
f 643//361 644//361 645//361
f 644//361 643//361 646//361
f 647//362 648//362 649//362
f 650//362 649//362 648//362
f 651//549 503//433 571//485
f 572//486 504//434 652//550
f 573//487 575//489 423//369
f 424//370 576//490 574//488
f 575//489 577//491 425//371
f 426//372 578//492 576//490
f 577//491 653//551 505//435
f 506//436 654//552 578//492
f 505//435 653//551 507//437
f 508//438 654//552 506//436
f 509//439 507//437 655//553
f 656//554 508//438 510//440
f 511//441 509//439 657//555
f 658//556 510//440 512//442
f 579//493 511//441 659//557
f 660//558 512//442 580//494
f 581//495 513//443 661//559
f 662//560 514//444 582//496
f 583//497 429//375 581//495
f 582//496 430//376 584//498
f 513//443 515//445 663//561
f 664//562 516//446 514//444
f 585//499 431//377 583//497
f 584//498 432//378 586//500
f 515//445 517//447 665//563
f 666//564 518//448 516//446
f 587//501 433//379 585//499
f 586//500 434//380 588//502
f 517//447 519//449 667//565
f 668//566 520//450 518//448
f 589//503 435//381 587//501
f 588//502 436//382 590//504
f 519//449 521//451 669//567
f 670//568 522//452 520//450
f 437//383 589//503 591//505
f 592//506 590//504 438//384
f 523//453 671//569 521//451
f 522//452 672//570 524//454
f 439//385 591//505 593//507
f 594//508 592//506 440//386
f 525//455 673//571 523//453
f 524//454 674//572 526//456
f 441//387 593//507 595//509
f 596//510 594//508 442//388
f 527//457 675//573 525//455
f 526//456 676//574 528//458
f 443//389 595//509 597//511
f 598//512 596//510 444//390
f 579//493 677//575 527//457
f 528//458 678//576 580//494
f 529//459 597//511 679//577
f 680//578 598//512 530//460
f 531//461 529//459 681//579
f 682//580 530//460 532//462
f 533//463 531//461 683//581
f 684//582 532//462 534//464
f 535//465 533//463 685//583
f 686//584 534//464 536//466
f 537//467 535//465 687//585
f 688//586 536//466 538//468
f 539//469 537//467 689//587
f 690//588 538//468 540//470
f 541//471 539//469 691//589
f 692//590 540//470 542//472
f 543//473 541//471 693//591
f 694//592 542//472 544//474
f 571//485 543//473 695//593
f 696//594 544//474 572//486
f 470//408 619//525 599//513
f 600//514 620//526 471//409
f 446//392 599//513 601//515
f 602//516 600//514 449//395
f 451//397 601//515 603//517
f 604//518 602//516 454//400
f 603//517 605//519 455//401
f 458//404 606//520 604//518
f 605//519 629//535 479//417
f 482//420 630//536 606//520
f 697//361 698//361 699//361
f 698//361 697//361 700//361
f 701//362 702//362 703//362
f 704//362 703//362 702//362
f 705//595 706//596 615//521
f 618//524 707//597 708//598
f 615//521 706//596 616//522
f 617//523 707//597 618//524
f 616//522 709//599 556//478
f 557//479 710//600 617//523
f 556//478 709//599 619//525
f 620//526 710//600 557//479
f 621//527 473//411 623//529
f 624//530 474//412 622//528
f 623//529 475//413 625//531
f 626//532 476//414 624//530
f 625//531 477//415 627//533
f 628//534 478//416 626//532
f 627//533 483//421 631//537
f 632//538 484//422 628//534
f 629//535 633//539 485//423
f 488//426 634//540 630//536
f 489//427 635//541 631//537
f 632//538 636//542 490//428
f 633//539 637//543 491//429
f 494//432 638//544 634//540
f 503//433 651//549 635//541
f 636//542 652//550 504//434
f 637//543 711//601 559//481
f 560//482 712//602 638//544
f 559//481 711//601 639//545
f 640//546 712//602 560//482
f 641//547 639//545 713//603
f 714//604 640//546 642//548
f 641//547 713//603 715//605
f 716//606 714//604 642//548
f 717//361 718//361 719//361
f 718//361 717//361 720//361
f 721//362 722//362 723//362
f 724//362 723//362 722//362
f 573//487 725//607 575//489
f 576//490 726//608 574//488
f 651//549 571//485 727//609
f 728//610 572//486 652//550
f 575//489 729//611 577//491
f 578//492 730//612 576//490
f 577//491 731//613 653//551
f 654//552 732//614 578//492
f 653//551 655//553 507//437
f 508//438 656//554 654//552
f 509//439 655//553 657//555
f 658//556 656//554 510//440
f 511//441 657//555 659//557
f 660//558 658//556 512//442
f 579//493 659//557 733//615
f 734//616 660//558 580//494
f 581//495 661//559 735//617
f 736//618 662//560 582//496
f 513//443 663//561 661//559
f 662//560 664//562 514//444
f 583//497 581//495 737//619
f 738//620 582//496 584//498
f 515//445 665//563 663//561
f 664//562 666//564 516//446
f 585//499 583//497 739//621
f 740//622 584//498 586//500
f 517//447 667//565 665//563
f 666//564 668//566 518//448
f 587//501 585//499 741//623
f 742//624 586//500 588//502
f 519//449 669//567 667//565
f 668//566 670//568 520//450
f 589//503 587//501 743//625
f 744//626 588//502 590//504
f 521//451 671//569 669//567
f 670//568 672//570 522//452
f 591//505 589//503 745//627
f 746//628 590//504 592//506
f 523//453 673//571 671//569
f 672//570 674//572 524//454
f 591//505 747//629 593//507
f 594//508 748//630 592//506
f 525//455 675//573 673//571
f 674//572 676//574 526//456
f 593//507 749//631 595//509
f 596//510 750//632 594//508
f 527//457 677//575 675//573
f 676//574 678//576 528//458
f 595//509 751//633 597//511
f 598//512 752//634 596//510
f 579//493 733//615 677//575
f 678//576 734//616 580//494
f 597//511 753//635 679//577
f 680//578 754//636 598//512
f 681//579 529//459 679//577
f 680//578 530//460 682//580
f 683//581 531//461 681//579
f 682//580 532//462 684//582
f 685//583 533//463 683//581
f 684//582 534//464 686//584
f 687//585 535//465 685//583
f 686//584 536//466 688//586
f 689//587 537//467 687//585
f 688//586 538//468 690//588
f 691//589 539//469 689//587
f 690//588 540//470 692//590
f 693//591 541//471 691//589
f 692//590 542//472 694//592
f 695//593 543//473 693//591
f 694//592 544//474 696//594
f 727//609 571//485 695//593
f 696//594 572//486 728//610
f 619//525 755//637 599//513
f 600//514 756//638 620//526
f 599//513 757//639 601//515
f 602//516 758//640 600//514
f 603//517 601//515 759//641
f 760//642 602//516 604//518
f 761//643 605//519 603//517
f 604//518 606//520 762//644
f 763//645 629//535 605//519
f 606//520 630//536 764//646
f 765//361 766//361 767//361
f 766//361 765//361 768//361
f 769//362 770//362 771//362
f 772//362 771//362 770//362
f 773//647 774//648 705//595
f 708//598 775//649 776//650
f 777//651 621//527 623//529
f 624//530 622//528 778//652
f 705//595 774//648 706//596
f 707//597 775//649 708//598
f 706//596 779//653 616//522
f 617//523 780//654 707//597
f 616//522 779//653 709//599
f 710//600 780//654 617//523
f 619//525 709//599 755//637
f 756//638 710//600 620//526
f 781//655 623//529 625//531
f 626//532 624//530 782//656
f 783//657 625//531 627//533
f 628//534 626//532 784//658
f 785//659 627//533 631//537
f 632//538 628//534 786//660
f 787//661 633//539 629//535
f 630//536 634//540 788//662
f 631//537 635//541 789//663
f 790//664 636//542 632//538
f 633//539 791//665 637//543
f 638//544 792//666 634//540
f 635//541 651//549 793//667
f 794//668 652//550 636//542
f 637//543 795//669 711//601
f 712//602 796//670 638//544
f 711//601 797//671 639//545
f 640//546 798//672 712//602
f 639//545 797//671 713//603
f 714//604 798//672 640//546
f 715//605 713//603 799//673
f 800//674 714//604 716//606
f 715//605 799//673 801//675
f 802//676 800//674 716//606
f 803//361 804//361 805//361
f 804//361 803//361 806//361
f 807//362 808//362 809//362
f 810//362 809//362 808//362
f 725//607 811//677 729//611
f 730//612 812//678 726//608
f 725//607 729//611 575//489
f 576//490 730//612 726//608
f 813//679 651//549 727//609
f 728//610 652//550 814//680
f 729//611 731//613 577//491
f 578//492 732//614 730//612
f 731//613 815//681 653//551
f 654//552 816//682 732//614
f 653//551 815//681 655//553
f 656//554 816//682 654//552
f 657//555 655//553 817//683
f 818//684 656//554 658//556
f 659//557 657//555 819//685
f 820//686 658//556 660//558
f 733//615 659//557 821//687
f 822//688 660//558 734//616
f 661//559 823//689 735//617
f 736//618 824//690 662//560
f 581//495 735//617 737//619
f 738//620 736//618 582//496
f 663//561 825//691 661//559
f 662//560 826//692 664//562
f 583//497 737//619 739//621
f 740//622 738//620 584//498
f 665//563 827//693 663//561
f 664//562 828//694 666//564
f 585//499 739//621 741//623
f 742//624 740//622 586//500
f 667//565 829//695 665//563
f 666//564 830//696 668//566
f 587//501 741//623 743//625
f 744//626 742//624 588//502
f 669//567 831//697 667//565
f 668//566 832//698 670//568
f 589//503 743//625 745//627
f 746//628 744//626 590//504
f 671//569 833//699 669//567
f 670//568 834//700 672//570
f 591//505 745//627 747//629
f 748//630 746//628 592//506
f 673//571 835//701 671//569
f 672//570 836//702 674//572
f 593//507 747//629 749//631
f 750//632 748//630 594//508
f 675//573 837//703 673//571
f 674//572 838//704 676//574
f 595//509 749//631 751//633
f 752//634 750//632 596//510
f 677//575 839//705 675//573
f 676//574 840//706 678//576
f 597//511 751//633 753//635
f 754//636 752//634 598//512
f 733//615 841//707 677//575
f 678//576 842//708 734//616
f 679//577 753//635 843//709
f 844//710 754//636 680//578
f 681//579 679//577 845//711
f 846//712 680//578 682//580
f 683//581 681//579 847//713
f 848//714 682//580 684//582
f 685//583 683//581 849//715
f 850//716 684//582 686//584
f 687//585 685//583 851//717
f 852//718 686//584 688//586
f 689//587 687//585 853//719
f 854//720 688//586 690//588
f 691//589 689//587 855//721
f 856//722 690//588 692//590
f 693//591 691//589 857//723
f 858//724 692//590 694//592
f 695//593 693//591 859//725
f 860//726 694//592 696//594
f 727//609 695//593 861//727
f 862//728 696//594 728//610
f 599//513 755//637 757//639
f 758//640 756//638 600//514
f 601//515 757//639 759//641
f 760//642 758//640 602//516
f 603//517 759//641 761//643
f 762//644 760//642 604//518
f 761//643 763//645 605//519
f 606//520 764//646 762//644
f 763//645 787//661 629//535
f 630//536 788//662 764//646
f 863//361 864//361 865//361
f 864//361 863//361 866//361
f 867//362 868//362 869//362
f 870//362 869//362 868//362
f 871//729 872//730 773//647
f 776//650 873//731 874//732
f 875//733 777//651 781//655
f 782//656 778//652 876//734
f 773//647 872//730 774//648
f 775//649 873//731 776//650
f 777//651 623//529 781//655
f 782//656 624//530 778//652
f 774//648 877//735 706//596
f 707//597 878//736 775//649
f 706//596 877//735 779//653
f 780//654 878//736 707//597
f 779//653 879//737 709//599
f 710//600 880//738 780//654
f 709//599 879//737 755//637
f 756//638 880//738 710//600
f 781//655 625//531 783//657
f 784//658 626//532 782//656
f 783//657 627//533 785//659
f 786//660 628//534 784//658
f 785//659 631//537 789//663
f 790//664 632//538 786//660
f 787//661 881//739 633//539
f 634//540 882//740 788//662
f 635//541 793//667 789//663
f 790//664 794//668 636//542
f 881//739 791//665 633//539
f 634//540 792//666 882//740
f 791//665 795//669 637//543
f 638//544 796//670 792//666
f 651//549 813//679 793//667
f 794//668 814//680 652//550
f 795//669 883//741 711//601
f 712//602 884//742 796//670
f 711//601 883//741 797//671
f 798//672 884//742 712//602
f 713//603 797//671 885//743
f 886//744 798//672 714//604
f 713//603 885//743 799//673
f 800//674 886//744 714//604
f 801//675 799//673 887//745
f 888//746 800//674 802//676
f 801//675 887//745 889//747
f 890//748 888//746 802//676
f 891//361 892//361 893//361
f 892//361 891//361 894//361
f 895//362 896//362 897//362
f 898//362 897//362 896//362
f 811//677 899//749 900//750
f 901//751 902//752 812//678
f 811//677 900//750 729//611
f 730//612 901//751 812//678
f 813//679 727//609 903//753
f 904//754 728//610 814//680
f 729//611 900//750 731//613
f 732//614 901//751 730//612
f 731//613 905//755 815//681
f 816//682 906//756 732//614
f 815//681 817//683 655//553
f 656//554 818//684 816//682
f 657//555 817//683 819//685
f 820//686 818//684 658//556
f 659//557 819//685 821//687
f 822//688 820//686 660//558
f 733//615 821//687 907//757
f 908//758 822//688 734//616
f 735//617 823//689 909//759
f 910//760 824//690 736//618
f 661//559 825//691 823//689
f 824//690 826//692 662//560
f 737//619 735//617 911//761
f 912//762 736//618 738//620
f 827//693 825//691 663//561
f 664//562 826//692 828//694
f 739//621 737//619 913//763
f 914//764 738//620 740//622
f 829//695 827//693 665//563
f 666//564 828//694 830//696
f 741//623 739//621 915//765
f 916//766 740//622 742//624
f 831//697 829//695 667//565
f 668//566 830//696 832//698
f 743//625 741//623 917//767
f 918//768 742//624 744//626
f 833//699 831//697 669//567
f 670//568 832//698 834//700
f 745//627 743//625 919//769
f 920//770 744//626 746//628
f 835//701 833//699 671//569
f 672//570 834//700 836//702
f 747//629 745//627 921//771
f 922//772 746//628 748//630
f 837//703 835//701 673//571
f 674//572 836//702 838//704
f 747//629 923//773 749//631
f 750//632 924//774 748//630
f 839//705 837//703 675//573
f 676//574 838//704 840//706
f 749//631 925//775 751//633
f 752//634 926//776 750//632
f 841//707 839//705 677//575
f 678//576 840//706 842//708
f 751//633 927//777 753//635
f 754//636 928//778 752//634
f 907//757 841//707 733//615
f 734//616 842//708 908//758
f 753//635 929//779 843//709
f 844//710 930//780 754//636
f 679//577 843//709 845//711
f 846//712 844//710 680//578
f 847//713 681//579 845//711
f 846//712 682//580 848//714
f 849//715 683//581 847//713
f 848//714 684//582 850//716
f 851//717 685//583 849//715
f 850//716 686//584 852//718
f 853//719 687//585 851//717
f 852//718 688//586 854//720
f 855//721 689//587 853//719
f 854//720 690//588 856//722
f 857//723 691//589 855//721
f 856//722 692//590 858//724
f 859//725 693//591 857//723
f 858//724 694//592 860//726
f 861//727 695//593 859//725
f 860//726 696//594 862//728
f 903//753 727//609 861//727
f 862//728 728//610 904//754
f 755//637 931//781 757//639
f 758//640 932//782 756//638
f 933//783 759//641 757//639
f 758//640 760//642 934//784
f 935//785 761//643 759//641
f 760//642 762//644 936//786
f 937//787 763//645 761//643
f 762//644 764//646 938//788
f 939//789 787//661 763//645
f 764//646 788//662 940//790
f 941//361 942//361 943//361
f 942//361 941//361 944//361
f 945//362 946//362 947//362
f 948//362 947//362 946//362
f 949//791 950//792 871//729
f 874//732 951//793 952//794
f 953//795 875//733 954//796
f 955//797 876//734 956//798
f 871//729 950//792 872//730
f 873//731 951//793 874//732
f 875//733 781//655 954//796
f 955//797 782//656 876//734
f 872//730 957//799 774//648
f 775//649 958//800 873//731
f 774//648 957//799 877//735
f 878//736 958//800 775//649
f 877//735 959//801 779//653
f 780//654 960//802 878//736
f 779//653 959//801 879//737
f 880//738 960//802 780//654
f 755//637 879//737 961//803
f 962//804 880//738 756//638
f 954//796 781//655 783//657
f 784//658 782//656 955//797
f 963//805 783//657 785//659
f 786//660 784//658 964//806
f 965//807 785//659 789//663
f 790//664 786//660 966//808
f 787//661 967//809 881//739
f 882//740 968//810 788//662
f 789//663 793//667 969//811
f 970//812 794//668 790//664
f 881//739 971//813 791//665
f 792//666 972//814 882//740
f 791//665 973//815 795//669
f 796//670 974//816 792//666
f 793//667 813//679 975//817
f 976//818 814//680 794//668
f 795//669 977//819 883//741
f 884//742 978//820 796//670
f 797//671 883//741 979//821
f 980//822 884//742 798//672
f 797//671 979//821 885//743
f 886//744 980//822 798//672
f 799//673 885//743 981//823
f 982//824 886//744 800//674
f 799//673 981//823 887//745
f 888//746 982//824 800//674
f 889//747 887//745 983//825
f 984//826 888//746 890//748
f 889//747 983//825 985//827
f 986//828 984//826 890//748
f 987//361 988//361 989//361
f 988//361 987//361 990//361
f 991//362 992//362 993//362
f 994//362 993//362 992//362
f 899//749 995//829 996//830
f 997//831 998//832 902//752
f 899//749 996//830 900//750
f 901//751 997//831 902//752
f 999//833 813//679 903//753
f 904//754 814//680 1000//834
f 900//750 905//755 731//613
f 732//614 906//756 901//751
f 905//755 1001//835 815//681
f 816//682 1002//836 906//756
f 815//681 1003//837 817//683
f 818//684 1004//838 816//682
f 819//685 817//683 1005//839
f 1006//840 818//684 820//686
f 821//687 819//685 1007//841
f 1008//842 820//686 822//688
f 821//687 1009//843 907//757
f 908//758 1010//844 822//688
f 823//689 1011//845 909//759
f 910//760 1012//846 824//690
f 735//617 909//759 911//761
f 912//762 910//760 736//618
f 825//691 1013//847 823//689
f 824//690 1014//848 826//692
f 737//619 911//761 913//763
f 914//764 912//762 738//620
f 827//693 1015//849 825//691
f 826//692 1016//850 828//694
f 739//621 913//763 915//765
f 916//766 914//764 740//622
f 829//695 1017//851 827//693
f 828//694 1018//852 830//696
f 741//623 915//765 917//767
f 918//768 916//766 742//624
f 831//697 1019//853 829//695
f 830//696 1020//854 832//698
f 743//625 917//767 919//769
f 920//770 918//768 744//626
f 833//699 1021//855 831//697
f 832//698 1022//856 834//700
f 745//627 919//769 921//771
f 922//772 920//770 746//628
f 835//701 1023//857 833//699
f 834//700 1024//858 836//702
f 747//629 921//771 923//773
f 924//774 922//772 748//630
f 837//703 1025//859 835//701
f 836//702 1026//860 838//704
f 749//631 923//773 925//775
f 926//776 924//774 750//632
f 839//705 1027//861 837//703
f 838//704 1028//862 840//706
f 751//633 925//775 927//777
f 928//778 926//776 752//634
f 841//707 1029//863 839//705
f 840//706 1030//864 842//708
f 753//635 927//777 929//779
f 930//780 928//778 754//636
f 907//757 1031//865 841//707
f 842//708 1032//866 908//758
f 843//709 929//779 1033//867
f 1034//868 930//780 844//710
f 845//711 843//709 1035//869
f 1036//870 844//710 846//712
f 847//713 845//711 1037//871
f 1038//872 846//712 848//714
f 849//715 847//713 1039//873
f 1040//874 848//714 850//716
f 851//717 849//715 1041//875
f 1042//876 850//716 852//718
f 853//719 851//717 1043//877
f 1044//878 852//718 854//720
f 855//721 853//719 1045//879
f 1046//880 854//720 856//722
f 857//723 855//721 1047//881
f 1048//882 856//722 858//724
f 859//725 857//723 1049//883
f 1050//884 858//724 860//726
f 861//727 859//725 1051//885
f 1052//886 860//726 862//728
f 903//753 861//727 1053//887
f 1054//888 862//728 904//754
f 755//637 961//803 931//781
f 932//782 962//804 756//638
f 933//783 757//639 931//781
f 932//782 758//640 934//784
f 935//785 759//641 933//783
f 934//784 760//642 936//786
f 937//787 761//643 935//785
f 936//786 762//644 938//788
f 939//789 763//645 937//787
f 938//788 764//646 940//790
f 939//789 967//809 787//661
f 788//662 968//810 940//790
f 1055//361 1056//361 1057//361
f 1056//361 1055//361 1058//361
f 1059//362 1060//362 1061//362
f 1062//362 1061//362 1060//362
f 1063//889 1064//890 949//791
f 952//794 1065//891 1066//892
f 1067//893 953//795 1068//894
f 1069//895 956//798 1070//896
f 949//791 1064//890 950//792
f 951//793 1065//891 952//794
f 953//795 954//796 1068//894
f 1069//895 955//797 956//798
f 950//792 1071//897 872//730
f 873//731 1072//898 951//793
f 872//730 1071//897 957//799
f 958//800 1072//898 873//731
f 957//799 1073//899 877//735
f 878//736 1074//900 958//800
f 877//735 1073//899 959//801
f 960//802 1074//900 878//736
f 959//801 1075//901 879//737
f 880//738 1076//902 960//802
f 879//737 1075//901 961//803
f 962//804 1076//902 880//738
f 954//796 783//657 963//805
f 964//806 784//658 955//797
f 963//805 785//659 965//807
f 966//808 786//660 964//806
f 965//807 789//663 969//811
f 970//812 790//664 966//808
f 967//809 971//813 881//739
f 882//740 972//814 968//810
f 793//667 975//817 969//811
f 970//812 976//818 794//668
f 971//813 973//815 791//665
f 792//666 974//816 972//814
f 973//815 977//819 795//669
f 796//670 978//820 974//816
f 813//679 999//833 975//817
f 976//818 1000//834 814//680
f 977//819 1077//903 883//741
f 884//742 1078//904 978//820
f 883//741 1077//903 979//821
f 980//822 1078//904 884//742
f 885//743 979//821 1079//905
f 1080//906 980//822 886//744
f 885//743 1079//905 981//823
f 982//824 1080//906 886//744
f 887//745 981//823 1081//907
f 1082//908 982//824 888//746
f 887//745 1081//907 983//825
f 984//826 1082//908 888//746
f 985//827 983//825 1083//909
f 1084//910 984//826 986//828
f 985//827 1083//909 1085//911
f 1086//912 1084//910 986//828
f 1087//361 1088//361 1089//361
f 1088//361 1087//361 1090//361
f 1091//362 1092//362 1093//362
f 1094//362 1093//362 1092//362
f 995//829 1095//913 1096//914
f 1097//915 1098//916 998//832
f 995//829 1096//914 996//830
f 997//831 1097//915 998//832
f 900//750 996//830 905//755
f 906//756 997//831 901//751
f 999//833 903//753 1099//917
f 1100//918 904//754 1000//834
f 996//830 1001//835 905//755
f 906//756 1002//836 997//831
f 815//681 1001//835 1003//837
f 1004//838 1002//836 816//682
f 817//683 1003//837 1005//839
f 1006//840 1004//838 818//684
f 819//685 1005//839 1007//841
f 1008//842 1006//840 820//686
f 821//687 1007//841 1009//843
f 1010//844 1008//842 822//688
f 907//757 1009//843 1101//919
f 1102//920 1010//844 908//758
f 909//759 1011//845 1103//921
f 1104//922 1012//846 910//760
f 823//689 1013//847 1011//845
f 1012//846 1014//848 824//690
f 911//761 909//759 1105//923
f 1106//924 910//760 912//762
f 825//691 1015//849 1013//847
f 1014//848 1016//850 826//692
f 913//763 911//761 1107//925
f 1108//926 912//762 914//764
f 1017//851 1015//849 827//693
f 828//694 1016//850 1018//852
f 915//765 913//763 1109//927
f 1110//928 914//764 916//766
f 1019//853 1017//851 829//695
f 830//696 1018//852 1020//854
f 917//767 915//765 1111//929
f 1112//930 916//766 918//768
f 1021//855 1019//853 831//697
f 832//698 1020//854 1022//856
f 919//769 917//767 1113//931
f 1114//932 918//768 920//770
f 1023//857 1021//855 833//699
f 834//700 1022//856 1024//858
f 921//771 919//769 1115//933
f 1116//934 920//770 922//772
f 1025//859 1023//857 835//701
f 836//702 1024//858 1026//860
f 923//773 921//771 1117//935
f 1118//936 922//772 924//774
f 1027//861 1025//859 837//703
f 838//704 1026//860 1028//862
f 923//773 1119//937 925//775
f 926//776 1120//938 924//774
f 1029//863 1027//861 839//705
f 840//706 1028//862 1030//864
f 925//775 1121//939 927//777
f 928//778 1122//940 926//776
f 1031//865 1029//863 841//707
f 842//708 1030//864 1032//866
f 927//777 1123//941 929//779
f 930//780 1124//942 928//778
f 1101//919 1031//865 907//757
f 908//758 1032//866 1102//920
f 929//779 1125//943 1033//867
f 1034//868 1126//944 930//780
f 843//709 1033//867 1035//869
f 1036//870 1034//868 844//710
f 845//711 1035//869 1037//871
f 1038//872 1036//870 846//712
f 1039//873 847//713 1037//871
f 1038//872 848//714 1040//874
f 1041//875 849//715 1039//873
f 1040//874 850//716 1042//876
f 1043//877 851//717 1041//875
f 1042//876 852//718 1044//878
f 1045//879 853//719 1043//877
f 1044//878 854//720 1046//880
f 1047//881 855//721 1045//879
f 1046//880 856//722 1048//882
f 1049//883 857//723 1047//881
f 1048//882 858//724 1050//884
f 1051//885 859//725 1049//883
f 1050//884 860//726 1052//886
f 1053//887 861//727 1051//885
f 1052//886 862//728 1054//888
f 1099//917 903//753 1053//887
f 1054//888 904//754 1100//918
f 1127//945 931//781 961//803
f 962//804 932//782 1128//946
f 1129//947 933//783 931//781
f 932//782 934//784 1130//948
f 1131//949 935//785 933//783
f 934//784 936//786 1132//950
f 1133//951 937//787 935//785
f 936//786 938//788 1134//952
f 1135//953 939//789 937//787
f 938//788 940//790 1136//954
f 1137//955 967//809 939//789
f 940//790 968//810 1138//956
f 1139//361 1140//361 1141//361
f 1140//361 1139//361 1142//361
f 1143//362 1144//362 1145//362
f 1146//362 1145//362 1144//362
f 1147//957 1148//958 1063//889
f 1066//892 1149//959 1150//960
f 1151//961 1067//893 1152//962
f 1153//963 1070//896 1154//964
f 1063//889 1148//958 1064//890
f 1065//891 1149//959 1066//892
f 1067//893 1068//894 1152//962
f 1153//963 1069//895 1070//896
f 1064//890 1155//965 950//792
f 951//793 1156//966 1065//891
f 1068//894 954//796 963//805
f 964//806 955//797 1069//895
f 950//792 1155//965 1071//897
f 1072//898 1156//966 951//793
f 1071//897 1157//967 957//799
f 958//800 1158//968 1072//898
f 957//799 1157//967 1073//899
f 1074//900 1158//968 958//800
f 1073//899 1159//969 959//801
f 960//802 1160//970 1074//900
f 959//801 1159//969 1075//901
f 1076//902 1160//970 960//802
f 1161//971 961//803 1075//901
f 1076//902 962//804 1162//972
f 963//805 965//807 1163//973
f 1164//974 966//808 964//806
f 1163//973 965//807 969//811
f 970//812 966//808 1164//974
f 1165//975 971//813 967//809
f 968//810 972//814 1166//976
f 969//811 975//817 1167//977
f 1168//978 976//818 970//812
f 1169//979 973//815 971//813
f 972//814 974//816 1170//980
f 1171//981 977//819 973//815
f 974//816 978//820 1172//982
f 975//817 999//833 1173//983
f 1174//984 1000//834 976//818
f 1175//985 1077//903 977//819
f 978//820 1078//904 1176//986
f 979//821 1077//903 1177//987
f 1178//988 1078//904 980//822
f 979//821 1177//987 1079//905
f 1080//906 1178//988 980//822
f 981//823 1079//905 1179//989
f 1180//990 1080//906 982//824
f 981//823 1179//989 1081//907
f 1082//908 1180//990 982//824
f 983//825 1081//907 1181//991
f 1182//992 1082//908 984//826
f 983//825 1181//991 1083//909
f 1084//910 1182//992 984//826
f 1085//911 1083//909 1183//993
f 1184//994 1084//910 1086//912
f 1085//911 1183//993 1185//995
f 1186//996 1184//994 1086//912
f 1187//361 1188//361 1189//361
f 1188//361 1187//361 1190//361
f 1191//362 1192//362 1193//362
f 1194//362 1193//362 1192//362
f 1095//913 1195//997 1196//998
f 1197//999 1198//1000 1098//916
f 1095//913 1196//998 1096//914
f 1097//915 1197//999 1098//916
f 996//830 1096//914 1001//835
f 1002//836 1097//915 997//831
f 1199//1001 999//833 1099//917
f 1100//918 1000//834 1200//1002
f 1001//835 1201//1003 1003//837
f 1004//838 1202//1004 1002//836
f 1005//839 1003//837 1203//1005
f 1204//1006 1004//838 1006//840
f 1007//841 1005//839 1205//1007
f 1206//1008 1006//840 1008//842
f 1009//843 1007//841 1207//1009
f 1208//1010 1008//842 1010//844
f 1009//843 1209//1011 1101//919
f 1102//920 1210//1012 1010//844
f 1011//845 1211//1013 1103//921
f 1104//922 1212//1014 1012//846
f 909//759 1103//921 1105//923
f 1106//924 1104//922 910//760
f 1013//847 1213//1015 1011//845
f 1012//846 1214//1016 1014//848
f 911//761 1105//923 1107//925
f 1108//926 1106//924 912//762
f 1015//849 1215//1017 1013//847
f 1014//848 1216//1018 1016//850
f 913//763 1107//925 1109//927
f 1110//928 1108//926 914//764
f 1017//851 1217//1019 1015//849
f 1016//850 1218//1020 1018//852
f 915//765 1109//927 1111//929
f 1112//930 1110//928 916//766
f 1019//853 1219//1021 1017//851
f 1018//852 1220//1022 1020//854
f 917//767 1111//929 1113//931
f 1114//932 1112//930 918//768
f 1021//855 1221//1023 1019//853
f 1020//854 1222//1024 1022//856
f 919//769 1113//931 1115//933
f 1116//934 1114//932 920//770
f 1023//857 1223//1025 1021//855
f 1022//856 1224//1026 1024//858
f 921//771 1115//933 1117//935
f 1118//936 1116//934 922//772
f 1025//859 1225//1027 1023//857
f 1024//858 1226//1028 1026//860
f 923//773 1117//935 1119//937
f 1120//938 1118//936 924//774
f 1027//861 1227//1029 1025//859
f 1026//860 1228//1030 1028//862
f 925//775 1119//937 1121//939
f 1122//940 1120//938 926//776
f 1029//863 1229//1031 1027//861
f 1028//862 1230//1032 1030//864
f 927//777 1121//939 1123//941
f 1124//942 1122//940 928//778
f 1031//865 1231//1033 1029//863
f 1030//864 1232//1034 1032//866
f 929//779 1123//941 1125//943
f 1126//944 1124//942 930//780
f 1101//919 1233//1035 1031//865
f 1032//866 1234//1036 1102//920
f 1033//867 1125//943 1235//1037
f 1236//1038 1126//944 1034//868
f 1035//869 1033//867 1237//1039
f 1238//1040 1034//868 1036//870
f 1037//871 1035//869 1239//1041
f 1240//1042 1036//870 1038//872
f 1039//873 1037//871 1241//1043
f 1242//1044 1038//872 1040//874
f 1041//875 1039//873 1243//1045
f 1244//1046 1040//874 1042//876
f 1043//877 1041//875 1245//1047
f 1246//1048 1042//876 1044//878
f 1045//879 1043//877 1247//1049
f 1248//1050 1044//878 1046//880
f 1047//881 1045//879 1249//1051
f 1250//1052 1046//880 1048//882
f 1049//883 1047//881 1251//1053
f 1252//1054 1048//882 1050//884
f 1051//885 1049//883 1253//1055
f 1254//1056 1050//884 1052//886
f 1053//887 1051//885 1255//1057
f 1256//1058 1052//886 1054//888
f 1099//917 1053//887 1257//1059
f 1258//1060 1054//888 1100//918
f 1127//945 961//803 1161//971
f 1162//972 962//804 1128//946
f 1129//947 931//781 1127//945
f 1128//946 932//782 1130//948
f 1131//949 933//783 1129//947
f 1130//948 934//784 1132//950
f 1133//951 935//785 1131//949
f 1132//950 936//786 1134//952
f 1135//953 937//787 1133//951
f 1134//952 938//788 1136//954
f 1137//955 939//789 1135//953
f 1136//954 940//790 1138//956
f 1165//975 967//809 1137//955
f 1138//956 968//810 1166//976
f 1259//361 1260//361 1261//361
f 1260//361 1259//361 1262//361
f 1263//362 1264//362 1265//362
f 1266//362 1265//362 1264//362
f 1267//1061 1147//957 1268//1062
f 1269//1063 1150//960 1270//1064
f 1151//961 1271//1065 1272//1000
f 1273//997 1274//1066 1154//964
f 1147//957 1267//1061 1148//958
f 1149//959 1270//1064 1150//960
f 1151//961 1152//962 1271//1065
f 1274//1066 1153//963 1154//964
f 1148//958 1275//1067 1064//890
f 1065//891 1276//1068 1149//959
f 1152//962 1068//894 1277//1069
f 1278//1070 1069//895 1153//963
f 1064//890 1275//1067 1155//965
f 1156//966 1276//1068 1065//891
f 1068//894 963//805 1277//1069
f 1278//1070 964//806 1069//895
f 1071//897 1155//965 1279//1071
f 1280//1072 1156//966 1072//898
f 1071//897 1279//1071 1157//967
f 1158//968 1280//1072 1072//898
f 1157//967 1281//1073 1073//899
f 1074//900 1282//1074 1158//968
f 1073//899 1281//1073 1159//969
f 1160//970 1282//1074 1074//900
f 1283//1075 1075//901 1159//969
f 1160//970 1076//902 1284//1076
f 1161//971 1075//901 1283//1075
f 1284//1076 1076//902 1162//972
f 1277//1069 963//805 1163//973
f 1164//974 964//806 1278//1070
f 1163//973 969//811 1167//977
f 1168//978 970//812 1164//974
f 1169//979 971//813 1165//975
f 1166//976 972//814 1170//980
f 1167//977 975//817 1173//983
f 1174//984 976//818 1168//978
f 1171//981 973//815 1169//979
f 1170//980 974//816 1172//982
f 1171//981 1175//985 977//819
f 978//820 1176//986 1172//982
f 1173//983 999//833 1199//1001
f 1200//1002 1000//834 1174//984
f 1175//985 1285//1077 1077//903
f 1078//904 1286//1078 1176//986
f 1285//1077 1177//987 1077//903
f 1078//904 1178//988 1286//1078
f 1079//905 1177//987 1287//1079
f 1288//1080 1178//988 1080//906
f 1079//905 1287//1079 1179//989
f 1180//990 1288//1080 1080//906
f 1081//907 1179//989 1181//991
f 1182//992 1180//990 1082//908
f 1083//909 1181//991 1289//1081
f 1290//1082 1182//992 1084//910
f 1083//909 1289//1081 1183//993
f 1184//994 1290//1082 1084//910
f 1185//995 1183//993 1291//1083
f 1292//1084 1184//994 1186//996
f 1185//995 1291//1083 1293//1085
f 1294//1086 1292//1084 1186//996
f 1295//361 1296//361 1297//361
f 1296//361 1295//361 1298//361
f 1299//362 1300//362 1301//362
f 1302//362 1301//362 1300//362
f 1195//997 1303//964 1304//1087
f 1305//1088 1306//961 1198//1000
f 1195//997 1304//1087 1196//998
f 1197//999 1305//1088 1198//1000
f 1096//914 1196//998 1201//1003
f 1202//1004 1197//999 1097//915
f 1096//914 1201//1003 1001//835
f 1002//836 1202//1004 1097//915
f 1199//1001 1099//917 1307//1089
f 1308//1090 1100//918 1200//1002
f 1003//837 1201//1003 1203//1005
f 1204//1006 1202//1004 1004//838
f 1005//839 1203//1005 1205//1007
f 1206//1008 1204//1006 1006//840
f 1007//841 1205//1007 1207//1009
f 1208//1010 1206//1008 1008//842
f 1009//843 1207//1009 1209//1011
f 1210//1012 1208//1010 1010//844
f 1209//1011 1309//1091 1101//919
f 1102//920 1310//1092 1210//1012
f 1103//921 1211//1013 1311//1093
f 1312//1094 1212//1014 1104//922
f 1011//845 1213//1015 1211//1013
f 1212//1014 1214//1016 1012//846
f 1105//923 1103//921 1313//1095
f 1314//1096 1104//922 1106//924
f 1013//847 1215//1017 1213//1015
f 1214//1016 1216//1018 1014//848
f 1107//925 1105//923 1315//1097
f 1316//1098 1106//924 1108//926
f 1015//849 1217//1019 1215//1017
f 1216//1018 1218//1020 1016//850
f 1109//927 1107//925 1317//1099
f 1318//1100 1108//926 1110//928
f 1219//1021 1217//1019 1017//851
f 1018//852 1218//1020 1220//1022
f 1111//929 1109//927 1319//1101
f 1320//1102 1110//928 1112//930
f 1221//1023 1219//1021 1019//853
f 1020//854 1220//1022 1222//1024
f 1113//931 1111//929 1321//1103
f 1322//1104 1112//930 1114//932
f 1223//1025 1221//1023 1021//855
f 1022//856 1222//1024 1224//1026
f 1115//933 1113//931 1323//1105
f 1324//1106 1114//932 1116//934
f 1225//1027 1223//1025 1023//857
f 1024//858 1224//1026 1226//1028
f 1117//935 1115//933 1325//1107
f 1326//1108 1116//934 1118//936
f 1227//1029 1225//1027 1025//859
f 1026//860 1226//1028 1228//1030
f 1119//937 1117//935 1327//1109
f 1328//1110 1118//936 1120//938
f 1229//1031 1227//1029 1027//861
f 1028//862 1228//1030 1230//1032
f 1119//937 1329//1111 1121//939
f 1122//940 1330//1112 1120//938
f 1231//1033 1229//1031 1029//863
f 1030//864 1230//1032 1232//1034
f 1121//939 1331//1113 1123//941
f 1124//942 1332//1114 1122//940
f 1233//1035 1231//1033 1031//865
f 1032//866 1232//1034 1234//1036
f 1123//941 1333//1115 1125//943
f 1126//944 1334//1116 1124//942
f 1309//1091 1233//1035 1101//919
f 1102//920 1234//1036 1310//1092
f 1125//943 1335//1117 1235//1037
f 1236//1038 1336//1118 1126//944
f 1033//867 1235//1037 1237//1039
f 1238//1040 1236//1038 1034//868
f 1035//869 1237//1039 1239//1041
f 1240//1042 1238//1040 1036//870
f 1037//871 1239//1041 1241//1043
f 1242//1044 1240//1042 1038//872
f 1243//1045 1039//873 1241//1043
f 1242//1044 1040//874 1244//1046
f 1245//1047 1041//875 1243//1045
f 1244//1046 1042//876 1246//1048
f 1247//1049 1043//877 1245//1047
f 1246//1048 1044//878 1248//1050
f 1249//1051 1045//879 1247//1049
f 1248//1050 1046//880 1250//1052
f 1251//1053 1047//881 1249//1051
f 1250//1052 1048//882 1252//1054
f 1253//1055 1049//883 1251//1053
f 1252//1054 1050//884 1254//1056
f 1255//1057 1051//885 1253//1055
f 1254//1056 1052//886 1256//1058
f 1257//1059 1053//887 1255//1057
f 1256//1058 1054//888 1258//1060
f 1307//1089 1099//917 1257//1059
f 1258//1060 1100//918 1308//1090
f 1337//1119 1127//945 1161//971
f 1162//972 1128//946 1338//1120
f 1339//1121 1129//947 1127//945
f 1128//946 1130//948 1340//1122
f 1341//1123 1131//949 1129//947
f 1130//948 1132//950 1342//1124
f 1343//1125 1133//951 1131//949
f 1132//950 1134//952 1344//1126
f 1345//1127 1135//953 1133//951
f 1134//952 1136//954 1346//1128
f 1347//1129 1137//955 1135//953
f 1136//954 1138//956 1348//1130
f 1349//1131 1165//975 1137//955
f 1138//956 1166//976 1350//1132
f 1351//361 1352//361 1353//361
f 1352//361 1351//361 1354//361
f 1355//362 1356//362 1357//362
f 1358//362 1357//362 1356//362
f 1359//1133 1268//1062 1360//1134
f 1361//1135 1269//1063 1362//1136
f 1272//1000 1363//1137 1364//916
f 1365//913 1366//1138 1273//997
f 1267//1061 1268//1062 1359//1133
f 1362//1136 1269//1063 1270//1064
f 1271//1065 1363//1137 1272//1000
f 1273//997 1366//1138 1274//1066
f 1267//1061 1367//1139 1148//958
f 1149//959 1368//1140 1270//1064
f 1271//1065 1152//962 1369//1141
f 1370//1142 1153//963 1274//1066
f 1148//958 1367//1139 1275//1067
f 1276//1068 1368//1140 1149//959
f 1152//962 1277//1069 1369//1141
f 1370//1142 1278//1070 1153//963
f 1275//1067 1371//1143 1155//965
f 1156//966 1372//1144 1276//1068
f 1155//965 1373//1145 1279//1071
f 1280//1072 1374//1146 1156//966
f 1279//1071 1375//1147 1157//967
f 1158//968 1376//1148 1280//1072
f 1157//967 1375//1147 1281//1073
f 1282//1074 1376//1148 1158//968
f 1377//1149 1159//969 1281//1073
f 1282//1074 1160//970 1378//1150
f 1283//1075 1159//969 1377//1149
f 1378//1150 1160//970 1284//1076
f 1379//1151 1161//971 1283//1075
f 1284//1076 1162//972 1380//1152
f 1277//1069 1163//973 1381//1153
f 1382//1154 1164//974 1278//1070
f 1163//973 1167//977 1381//1153
f 1382//1154 1168//978 1164//974
f 1383//1155 1169//979 1165//975
f 1166//976 1170//980 1384//1156
f 1167//977 1173//983 1385//1157
f 1386//1158 1174//984 1168//978
f 1387//1159 1171//981 1169//979
f 1170//980 1172//982 1388//1160
f 1389//1161 1175//985 1171//981
f 1172//982 1176//986 1390//1162
f 1173//983 1199//1001 1391//1163
f 1392//1164 1200//1002 1174//984
f 1393//1165 1285//1077 1175//985
f 1176//986 1286//1078 1394//1166
f 1285//1077 1395//1167 1177//987
f 1178//988 1396//1168 1286//1078
f 1395//1167 1287//1079 1177//987
f 1178//988 1288//1080 1396//1168
f 1179//989 1287//1079 1397//1169
f 1398//1170 1288//1080 1180//990
f 1179//989 1399//1171 1181//991
f 1182//992 1400//1172 1180//990
f 1181//991 1399//1171 1289//1081
f 1290//1082 1400//1172 1182//992
f 1183//993 1289//1081 1401//1173
f 1402//1174 1290//1082 1184//994
f 1183//993 1401//1173 1291//1083
f 1292//1084 1402//1174 1184//994
f 1293//1085 1291//1083 1403//1175
f 1404//1176 1292//1084 1294//1086
f 1405//1177 1293//1085 1403//1175
f 1404//1176 1294//1086 1406//1178
f 1407//361 1408//361 1409//361
f 1408//361 1407//361 1410//361
f 1411//362 1412//362 1413//362
f 1414//362 1413//362 1412//362
f 1415//896 1416//1179 1303//964
f 1306//961 1417//1180 1418//893
f 1303//964 1416//1179 1304//1087
f 1305//1088 1417//1180 1306//961
f 1196//998 1304//1087 1419//1181
f 1420//1182 1305//1088 1197//999
f 1196//998 1419//1181 1201//1003
f 1202//1004 1420//1182 1197//999
f 1199//1001 1307//1089 1421//1183
f 1422//1184 1308//1090 1200//1002
f 1201//1003 1419//1181 1203//1005
f 1204//1006 1420//1182 1202//1004
f 1205//1007 1203//1005 1423//1185
f 1424//1186 1204//1006 1206//1008
f 1207//1009 1205//1007 1425//1187
f 1426//1188 1206//1008 1208//1010
f 1209//1011 1207//1009 1427//1189
f 1428//1190 1208//1010 1210//1012
f 1429//1191 1309//1091 1209//1011
f 1210//1012 1310//1092 1430//1192
f 1211//1013 1431//1193 1311//1093
f 1312//1094 1432//1194 1212//1014
f 1103//921 1311//1093 1313//1095
f 1314//1096 1312//1094 1104//922
f 1213//1015 1433//1195 1211//1013
f 1212//1014 1434//1196 1214//1016
f 1105//923 1313//1095 1315//1097
f 1316//1098 1314//1096 1106//924
f 1215//1017 1435//1197 1213//1015
f 1214//1016 1436//1198 1216//1018
f 1107//925 1315//1097 1317//1099
f 1318//1100 1316//1098 1108//926
f 1217//1019 1437//1199 1215//1017
f 1216//1018 1438//1200 1218//1020
f 1109//927 1317//1099 1319//1101
f 1320//1102 1318//1100 1110//928
f 1219//1021 1439//1201 1217//1019
f 1218//1020 1440//1202 1220//1022
f 1111//929 1319//1101 1321//1103
f 1322//1104 1320//1102 1112//930
f 1221//1023 1441//1203 1219//1021
f 1220//1022 1442//1204 1222//1024
f 1113//931 1321//1103 1323//1105
f 1324//1106 1322//1104 1114//932
f 1223//1025 1443//1205 1221//1023
f 1222//1024 1444//1206 1224//1026
f 1115//933 1323//1105 1325//1107
f 1326//1108 1324//1106 1116//934
f 1225//1027 1445//1207 1223//1025
f 1224//1026 1446//1208 1226//1028
f 1117//935 1325//1107 1327//1109
f 1328//1110 1326//1108 1118//936
f 1227//1029 1447//1209 1225//1027
f 1226//1028 1448//1210 1228//1030
f 1119//937 1327//1109 1329//1111
f 1330//1112 1328//1110 1120//938
f 1229//1031 1449//1211 1227//1029
f 1228//1030 1450//1212 1230//1032
f 1121//939 1329//1111 1331//1113
f 1332//1114 1330//1112 1122//940
f 1231//1033 1451//1213 1229//1031
f 1230//1032 1452//1214 1232//1034
f 1123//941 1331//1113 1333//1115
f 1334//1116 1332//1114 1124//942
f 1233//1035 1453//1215 1231//1033
f 1232//1034 1454//1216 1234//1036
f 1125//943 1333//1115 1335//1117
f 1336//1118 1334//1116 1126//944
f 1309//1091 1455//1217 1233//1035
f 1234//1036 1456//1218 1310//1092
f 1235//1037 1335//1117 1457//1219
f 1458//1220 1336//1118 1236//1038
f 1237//1039 1235//1037 1459//1221
f 1460//1222 1236//1038 1238//1040
f 1239//1041 1237//1039 1461//1223
f 1462//1224 1238//1040 1240//1042
f 1239//1041 1463//1225 1241//1043
f 1242//1044 1464//1226 1240//1042
f 1243//1045 1241//1043 1465//1227
f 1466//1228 1242//1044 1244//1046
f 1245//1047 1243//1045 1467//1229
f 1468//1230 1244//1046 1246//1048
f 1247//1049 1245//1047 1469//1231
f 1470//1232 1246//1048 1248//1050
f 1249//1051 1247//1049 1471//1233
f 1472//1234 1248//1050 1250//1052
f 1251//1053 1249//1051 1473//1235
f 1474//1236 1250//1052 1252//1054
f 1253//1055 1251//1053 1475//1237
f 1476//1238 1252//1054 1254//1056
f 1255//1057 1253//1055 1477//1239
f 1478//1240 1254//1056 1256//1058
f 1257//1059 1255//1057 1479//1241
f 1480//1242 1256//1058 1258//1060
f 1307//1089 1257//1059 1481//1243
f 1482//1244 1258//1060 1308//1090
f 1337//1119 1161//971 1379//1151
f 1380//1152 1162//972 1338//1120
f 1339//1121 1127//945 1337//1119
f 1338//1120 1128//946 1340//1122
f 1341//1123 1129//947 1339//1121
f 1340//1122 1130//948 1342//1124
f 1343//1125 1131//949 1341//1123
f 1342//1124 1132//950 1344//1126
f 1345//1127 1133//951 1343//1125
f 1344//1126 1134//952 1346//1128
f 1347//1129 1135//953 1345//1127
f 1346//1128 1136//954 1348//1130
f 1349//1131 1137//955 1347//1129
f 1348//1130 1138//956 1350//1132
f 1383//1155 1165//975 1349//1131
f 1350//1132 1166//976 1384//1156
f 1483//361 1484//361 1485//361
f 1484//361 1483//361 1486//361
f 1487//362 1488//362 1489//362
f 1490//362 1489//362 1488//362
f 1491//1245 1360//1134 1492//1246
f 1493//1247 1361//1135 1494//1248
f 1364//916 1495//1249 1496//832
f 1497//829 1498//1250 1365//913
f 1359//1133 1360//1134 1491//1245
f 1494//1248 1361//1135 1362//1136
f 1363//1137 1495//1249 1364//916
f 1365//913 1498//1250 1366//1138
f 1499//1251 1267//1061 1359//1133
f 1362//1136 1270//1064 1500//1252
f 1501//1253 1363//1137 1271//1065
f 1274//1066 1366//1138 1502//1254
f 1267//1061 1499//1251 1367//1139
f 1368//1140 1500//1252 1270//1064
f 1271//1065 1369//1141 1501//1253
f 1502//1254 1370//1142 1274//1066
f 1275//1067 1367//1139 1503//1255
f 1504//1256 1368//1140 1276//1068
f 1369//1141 1277//1069 1381//1153
f 1382//1154 1278//1070 1370//1142
f 1275//1067 1503//1255 1371//1143
f 1372//1144 1504//1256 1276//1068
f 1155//965 1371//1143 1373//1145
f 1374//1146 1372//1144 1156//966
f 1279//1071 1373//1145 1505//1257
f 1506//1258 1374//1146 1280//1072
f 1279//1071 1505//1257 1375//1147
f 1376//1148 1506//1258 1280//1072
f 1281//1073 1375//1147 1507//1259
f 1508//1260 1376//1148 1282//1074
f 1377//1149 1281//1073 1507//1259
f 1508//1260 1282//1074 1378//1150
f 1509//1261 1283//1075 1377//1149
f 1378//1150 1284//1076 1510//1262
f 1379//1151 1283//1075 1509//1261
f 1510//1262 1284//1076 1380//1152
f 1381//1153 1167//977 1385//1157
f 1386//1158 1168//978 1382//1154
f 1387//1159 1169//979 1383//1155
f 1384//1156 1170//980 1388//1160
f 1385//1157 1173//983 1391//1163
f 1392//1164 1174//984 1386//1158
f 1387//1159 1389//1161 1171//981
f 1172//982 1390//1162 1388//1160
f 1389//1161 1393//1165 1175//985
f 1176//986 1394//1166 1390//1162
f 1391//1163 1199//1001 1421//1183
f 1422//1184 1200//1002 1392//1164
f 1393//1165 1511//1263 1285//1077
f 1286//1078 1512//1264 1394//1166
f 1511//1263 1395//1167 1285//1077
f 1286//1078 1396//1168 1512//1264
f 1395//1167 1513//1265 1287//1079
f 1288//1080 1514//1266 1396//1168
f 1513//1265 1397//1169 1287//1079
f 1288//1080 1398//1170 1514//1266
f 1179//989 1397//1169 1399//1171
f 1400//1172 1398//1170 1180//990
f 1399//1171 1515//1267 1289//1081
f 1290//1082 1516//1268 1400//1172
f 1289//1081 1515//1267 1401//1173
f 1402//1174 1516//1268 1290//1082
f 1291//1083 1401//1173 1517//1269
f 1518//1270 1402//1174 1292//1084
f 1403//1175 1291//1083 1517//1269
f 1518//1270 1292//1084 1404//1176
f 1405//1177 1403//1175 1519//1271
f 1520//1272 1404//1176 1406//1178
f 1521//1273 1405//1177 1519//1271
f 1520//1272 1406//1178 1522//1274
f 1523//361 1524//361 1525//361
f 1524//361 1523//361 1526//361
f 1527//362 1528//362 1529//362
f 1530//362 1529//362 1528//362
f 1531//798 1532//1275 1415//896
f 1418//893 1533//1276 1534//795
f 1415//896 1532//1275 1416//1179
f 1417//1180 1533//1276 1418//893
f 1416//1179 1535//1277 1304//1087
f 1305//1088 1536//1278 1417//1180
f 1304//1087 1535//1277 1419//1181
f 1420//1182 1536//1278 1305//1088
f 1307//1089 1537//1279 1421//1183
f 1422//1184 1538//1280 1308//1090
f 1203//1005 1419//1181 1423//1185
f 1424//1186 1420//1182 1204//1006
f 1205//1007 1423//1185 1425//1187
f 1426//1188 1424//1186 1206//1008
f 1207//1009 1425//1187 1427//1189
f 1428//1190 1426//1188 1208//1010
f 1209//1011 1427//1189 1429//1191
f 1430//1192 1428//1190 1210//1012
f 1429//1191 1539//1281 1309//1091
f 1310//1092 1540//1282 1430//1192
f 1311//1093 1431//1193 1541//1283
f 1542//1284 1432//1194 1312//1094
f 1211//1013 1433//1195 1431//1193
f 1432//1194 1434//1196 1212//1014
f 1313//1095 1311//1093 1541//1283
f 1542//1284 1312//1094 1314//1096
f 1213//1015 1435//1197 1433//1195
f 1434//1196 1436//1198 1214//1016
f 1315//1097 1313//1095 1543//1285
f 1544//1286 1314//1096 1316//1098
f 1215//1017 1437//1199 1435//1197
f 1436//1198 1438//1200 1216//1018
f 1317//1099 1315//1097 1543//1285
f 1544//1286 1316//1098 1318//1100
f 1217//1019 1439//1201 1437//1199
f 1438//1200 1440//1202 1218//1020
f 1319//1101 1317//1099 1545//1287
f 1546//1288 1318//1100 1320//1102
f 1441//1203 1439//1201 1219//1021
f 1220//1022 1440//1202 1442//1204
f 1321//1103 1319//1101 1545//1287
f 1546//1288 1320//1102 1322//1104
f 1443//1205 1441//1203 1221//1023
f 1222//1024 1442//1204 1444//1206
f 1323//1105 1321//1103 1547//1289
f 1548//1290 1322//1104 1324//1106
f 1445//1207 1443//1205 1223//1025
f 1224//1026 1444//1206 1446//1208
f 1325//1107 1323//1105 1547//1289
f 1548//1290 1324//1106 1326//1108
f 1447//1209 1445//1207 1225//1027
f 1226//1028 1446//1208 1448//1210
f 1327//1109 1325//1107 1549//1291
f 1550//1292 1326//1108 1328//1110
f 1449//1211 1447//1209 1227//1029
f 1228//1030 1448//1210 1450//1212
f 1327//1109 1549//1291 1329//1111
f 1330//1112 1550//1292 1328//1110
f 1451//1213 1449//1211 1229//1031
f 1230//1032 1450//1212 1452//1214
f 1331//1113 1329//1111 1551//1293
f 1552//1294 1330//1112 1332//1114
f 1453//1215 1451//1213 1231//1033
f 1232//1034 1452//1214 1454//1216
f 1331//1113 1551//1293 1333//1115
f 1334//1116 1552//1294 1332//1114
f 1455//1217 1453//1215 1233//1035
f 1234//1036 1454//1216 1456//1218
f 1333//1115 1553//1295 1335//1117
f 1336//1118 1554//1296 1334//1116
f 1539//1281 1455//1217 1309//1091
f 1310//1092 1456//1218 1540//1282
f 1335//1117 1553//1295 1457//1219
f 1458//1220 1554//1296 1336//1118
f 1235//1037 1457//1219 1459//1221
f 1460//1222 1458//1220 1236//1038
f 1237//1039 1459//1221 1461//1223
f 1462//1224 1460//1222 1238//1040
f 1239//1041 1461//1223 1463//1225
f 1464//1226 1462//1224 1240//1042
f 1241//1043 1463//1225 1465//1227
f 1466//1228 1464//1226 1242//1044
f 1467//1229 1243//1045 1465//1227
f 1466//1228 1244//1046 1468//1230
f 1469//1231 1245//1047 1467//1229
f 1468//1230 1246//1048 1470//1232
f 1471//1233 1247//1049 1469//1231
f 1470//1232 1248//1050 1472//1234
f 1473//1235 1249//1051 1471//1233
f 1472//1234 1250//1052 1474//1236
f 1475//1237 1251//1053 1473//1235
f 1474//1236 1252//1054 1476//1238
f 1477//1239 1253//1055 1475//1237
f 1476//1238 1254//1056 1478//1240
f 1479//1241 1255//1057 1477//1239
f 1478//1240 1256//1058 1480//1242
f 1481//1243 1257//1059 1479//1241
f 1480//1242 1258//1060 1482//1244
f 1537//1279 1307//1089 1481//1243
f 1482//1244 1308//1090 1538//1280
f 1379//1151 1555//1297 1337//1119
f 1338//1120 1556//1298 1380//1152
f 1557//1299 1339//1121 1337//1119
f 1338//1120 1340//1122 1558//1300
f 1559//1301 1341//1123 1339//1121
f 1340//1122 1342//1124 1560//1302
f 1561//1303 1343//1125 1341//1123
f 1342//1124 1344//1126 1562//1304
f 1563//1305 1345//1127 1343//1125
f 1344//1126 1346//1128 1564//1306
f 1345//1127 1565//1307 1347//1129
f 1348//1130 1566//1308 1346//1128
f 1347//1129 1567//1309 1349//1131
f 1350//1132 1568//1310 1348//1130
f 1349//1131 1569//1311 1383//1155
f 1384//1156 1570//1312 1350//1132
f 1571//361 1572//361 1573//361
f 1572//361 1571//361 1574//361
f 1575//362 1576//362 1577//362
f 1578//362 1577//362 1576//362
f 1579//1313 1492//1246 1580//1314
f 1581//1315 1493//1247 1582//1316
f 1583//1317 1584//752 1496//832
f 1497//829 1585//749 1586//1318
f 1491//1245 1492//1246 1579//1313
f 1582//1316 1493//1247 1494//1248
f 1495//1249 1583//1317 1496//832
f 1497//829 1586//1318 1498//1250
f 1587//1319 1359//1133 1491//1245
f 1494//1248 1362//1136 1588//1320
f 1589//1321 1495//1249 1363//1137
f 1366//1138 1498//1250 1590//1322
f 1499//1251 1359//1133 1587//1319
f 1588//1320 1362//1136 1500//1252
f 1501//1253 1589//1321 1363//1137
f 1366//1138 1590//1322 1502//1254
f 1499//1251 1591//1323 1367//1139
f 1368//1140 1592//1324 1500//1252
f 1501//1253 1369//1141 1593//1325
f 1594//1326 1370//1142 1502//1254
f 1367//1139 1591//1323 1503//1255
f 1504//1256 1592//1324 1368//1140
f 1369//1141 1381//1153 1593//1325
f 1594//1326 1382//1154 1370//1142
f 1371//1143 1503//1255 1595//1327
f 1596//1328 1504//1256 1372//1144
f 1371//1143 1597//1329 1373//1145
f 1374//1146 1598//1330 1372//1144
f 1373//1145 1597//1329 1505//1257
f 1506//1258 1598//1330 1374//1146
f 1375//1147 1505//1257 1599//1331
f 1600//1332 1506//1258 1376//1148
f 1507//1259 1375//1147 1599//1331
f 1600//1332 1376//1148 1508//1260
f 1601//1333 1377//1149 1507//1259
f 1508//1260 1378//1150 1602//1334
f 1509//1261 1377//1149 1601//1333
f 1602//1334 1378//1150 1510//1262
f 1509//1261 1603//1335 1379//1151
f 1380//1152 1604//1336 1510//1262
f 1381//1153 1385//1157 1593//1325
f 1594//1326 1386//1158 1382//1154
f 1383//1155 1605//1337 1387//1159
f 1388//1160 1606//1338 1384//1156
f 1385//1157 1391//1163 1607//1339
f 1608//1340 1392//1164 1386//1158
f 1387//1159 1609//1341 1389//1161
f 1390//1162 1610//1342 1388//1160
f 1389//1161 1611//1343 1393//1165
f 1394//1166 1612//1344 1390//1162
f 1391//1163 1421//1183 1613//1345
f 1614//1346 1422//1184 1392//1164
f 1393//1165 1615//1347 1511//1263
f 1512//1264 1616//1348 1394//1166
f 1511//1263 1617//1349 1395//1167
f 1396//1168 1618//1350 1512//1264
f 1617//1349 1513//1265 1395//1167
f 1396//1168 1514//1266 1618//1350
f 1513//1265 1619//1351 1397//1169
f 1398//1170 1620//1352 1514//1266
f 1397//1169 1621//1353 1399//1171
f 1400//1172 1622//1354 1398//1170
f 1621//1353 1515//1267 1399//1171
f 1400//1172 1516//1268 1622//1354
f 1515//1267 1623//1355 1401//1173
f 1402//1174 1624//1356 1516//1268
f 1517//1269 1401//1173 1623//1355
f 1624//1356 1402//1174 1518//1270
f 1403//1175 1517//1269 1625//1357
f 1626//1358 1518//1270 1404//1176
f 1519//1271 1403//1175 1625//1357
f 1626//1358 1404//1176 1520//1272
f 1521//1273 1519//1271 1627//1359
f 1628//1360 1520//1272 1522//1274
f 1629//1361 1521//1273 1627//1359
f 1628//1360 1522//1274 1630//1362
f 1631//361 1632//361 1633//361
f 1632//361 1631//361 1634//361
f 1635//362 1636//362 1637//362
f 1638//362 1637//362 1636//362
f 1639//734 1640//1363 1531//798
f 1534//795 1641//1364 1642//733
f 1531//798 1640//1363 1532//1275
f 1533//1276 1641//1364 1534//795
f 1532//1275 1643//1365 1416//1179
f 1417//1180 1644//1366 1533//1276
f 1416//1179 1643//1365 1535//1277
f 1536//1278 1644//1366 1417//1180
f 1535//1277 1423//1185 1419//1181
f 1420//1182 1424//1186 1536//1278
f 1421//1183 1537//1279 1645//1367
f 1646//1368 1538//1280 1422//1184
f 1425//1187 1423//1185 1647//1369
f 1648//1370 1424//1186 1426//1188
f 1427//1189 1425//1187 1649//1371
f 1650//1372 1426//1188 1428//1190
f 1429//1191 1427//1189 1651//1373
f 1652//1374 1428//1190 1430//1192
f 1653//1375 1539//1281 1429//1191
f 1430//1192 1540//1282 1654//1376
f 1431//1193 1655//1377 1541//1283
f 1542//1284 1656//1378 1432//1194
f 1433//1195 1657//1379 1431//1193
f 1432//1194 1658//1380 1434//1196
f 1313//1095 1541//1283 1659//1381
f 1660//1382 1542//1284 1314//1096
f 1435//1197 1661//1383 1433//1195
f 1434//1196 1662//1384 1436//1198
f 1313//1095 1659//1381 1543//1285
f 1544//1286 1660//1382 1314//1096
f 1437//1199 1663//1385 1435//1197
f 1436//1198 1664//1386 1438//1200
f 1317//1099 1543//1285 1665//1387
f 1666//1388 1544//1286 1318//1100
f 1439//1201 1667//1389 1437//1199
f 1438//1200 1668//1390 1440//1202
f 1317//1099 1665//1387 1545//1287
f 1546//1288 1666//1388 1318//1100
f 1441//1203 1669//1391 1439//1201
f 1440//1202 1670//1392 1442//1204
f 1321//1103 1545//1287 1671//1393
f 1672//1394 1546//1288 1322//1104
f 1443//1205 1673//1395 1441//1203
f 1442//1204 1674//1396 1444//1206
f 1321//1103 1671//1393 1547//1289
f 1548//1290 1672//1394 1322//1104
f 1445//1207 1675//1397 1443//1205
f 1444//1206 1676//1398 1446//1208
f 1325//1107 1547//1289 1677//1399
f 1678//1400 1548//1290 1326//1108
f 1447//1209 1679//1401 1445//1207
f 1446//1208 1680//1402 1448//1210
f 1325//1107 1677//1399 1549//1291
f 1550//1292 1678//1400 1326//1108
f 1449//1211 1681//1403 1447//1209
f 1448//1210 1682//1404 1450//1212
f 1329//1111 1549//1291 1683//1405
f 1684//1406 1550//1292 1330//1112
f 1451//1213 1685//1407 1449//1211
f 1450//1212 1686//1408 1452//1214
f 1329//1111 1683//1405 1551//1293
f 1552//1294 1684//1406 1330//1112
f 1453//1215 1687//1409 1451//1213
f 1452//1214 1688//1410 1454//1216
f 1333//1115 1551//1293 1689//1411
f 1690//1412 1552//1294 1334//1116
f 1455//1217 1691//1413 1453//1215
f 1454//1216 1692//1414 1456//1218
f 1333//1115 1689//1411 1553//1295
f 1554//1296 1690//1412 1334//1116
f 1539//1281 1693//1415 1455//1217
f 1456//1218 1694//1416 1540//1282
f 1457//1219 1553//1295 1695//1417
f 1696//1418 1554//1296 1458//1220
f 1459//1221 1457//1219 1697//1419
f 1698//1420 1458//1220 1460//1222
f 1461//1223 1459//1221 1699//1421
f 1700//1422 1460//1222 1462//1224
f 1463//1225 1461//1223 1701//1423
f 1702//1424 1462//1224 1464//1226
f 1463//1225 1703//1425 1465//1227
f 1466//1228 1704//1426 1464//1226
f 1467//1229 1465//1227 1705//1427
f 1706//1428 1466//1228 1468//1230
f 1469//1231 1467//1229 1707//1429
f 1708//1430 1468//1230 1470//1232
f 1471//1233 1469//1231 1709//1431
f 1710//1432 1470//1232 1472//1234
f 1473//1235 1471//1233 1711//1433
f 1712//1434 1472//1234 1474//1236
f 1475//1237 1473//1235 1713//1435
f 1714//1436 1474//1236 1476//1238
f 1477//1239 1475//1237 1715//1437
f 1716//1438 1476//1238 1478//1240
f 1479//1241 1477//1239 1717//1439
f 1718//1440 1478//1240 1480//1242
f 1481//1243 1479//1241 1719//1441
f 1720//1442 1480//1242 1482//1244
f 1537//1279 1481//1243 1721//1443
f 1722//1444 1482//1244 1538//1280
f 1379//1151 1603//1335 1555//1297
f 1556//1298 1604//1336 1380//1152
f 1557//1299 1337//1119 1555//1297
f 1556//1298 1338//1120 1558//1300
f 1559//1301 1339//1121 1557//1299
f 1558//1300 1340//1122 1560//1302
f 1561//1303 1341//1123 1559//1301
f 1560//1302 1342//1124 1562//1304
f 1563//1305 1343//1125 1561//1303
f 1562//1304 1344//1126 1564//1306
f 1563//1305 1565//1307 1345//1127
f 1346//1128 1566//1308 1564//1306
f 1565//1307 1567//1309 1347//1129
f 1348//1130 1568//1310 1566//1308
f 1567//1309 1569//1311 1349//1131
f 1350//1132 1570//1312 1568//1310
f 1569//1311 1605//1337 1383//1155
f 1384//1156 1606//1338 1570//1312
f 1723//361 1724//361 1725//361
f 1724//361 1723//361 1726//361
f 1727//362 1728//362 1729//362
f 1730//362 1729//362 1728//362
f 1731//1445 1580//1314 1732//1446
f 1733//1447 1581//1315 1734//1448
f 1735//1449 1736//678 1584//752
f 1585//749 1737//677 1738//1450
f 1579//1313 1580//1314 1731//1445
f 1734//1448 1581//1315 1582//1316
f 1583//1317 1735//1449 1584//752
f 1585//749 1738//1450 1586//1318
f 1739//1451 1491//1245 1579//1313
f 1582//1316 1494//1248 1740//1452
f 1741//1453 1583//1317 1495//1249
f 1498//1250 1586//1318 1742//1454
f 1587//1319 1491//1245 1739//1451
f 1740//1452 1494//1248 1588//1320
f 1589//1321 1741//1453 1495//1249
f 1498//1250 1742//1454 1590//1322
f 1499//1251 1587//1319 1743//1455
f 1744//1456 1588//1320 1500//1252
f 1501//1253 1745//1457 1589//1321
f 1590//1322 1746//1458 1502//1254
f 1591//1323 1499//1251 1743//1455
f 1744//1456 1500//1252 1592//1324
f 1593//1325 1745//1457 1501//1253
f 1502//1254 1746//1458 1594//1326
f 1503//1255 1591//1323 1747//1459
f 1748//1460 1592//1324 1504//1256
f 1503//1255 1747//1459 1595//1327
f 1596//1328 1748//1460 1504//1256
f 1371//1143 1595//1327 1597//1329
f 1598//1330 1596//1328 1372//1144
f 1505//1257 1597//1329 1749//1461
f 1750//1462 1598//1330 1506//1258
f 1599//1331 1505//1257 1749//1461
f 1750//1462 1506//1258 1600//1332
f 1507//1259 1599//1331 1751//1463
f 1752//1464 1600//1332 1508//1260
f 1601//1333 1507//1259 1751//1463
f 1752//1464 1508//1260 1602//1334
f 1601//1333 1753//1465 1509//1261
f 1510//1262 1754//1466 1602//1334
f 1509//1261 1753//1465 1603//1335
f 1604//1336 1754//1466 1510//1262
f 1593//1325 1385//1157 1607//1339
f 1608//1340 1386//1158 1594//1326
f 1605//1337 1609//1341 1387//1159
f 1388//1160 1610//1342 1606//1338
f 1607//1339 1391//1163 1613//1345
f 1614//1346 1392//1164 1608//1340
f 1389//1161 1609//1341 1611//1343
f 1612//1344 1610//1342 1390//1162
f 1393//1165 1611//1343 1615//1347
f 1616//1348 1612//1344 1394//1166
f 1613//1345 1421//1183 1645//1367
f 1646//1368 1422//1184 1614//1346
f 1511//1263 1615//1347 1755//1467
f 1756//1468 1616//1348 1512//1264
f 1511//1263 1755//1467 1617//1349
f 1618//1350 1756//1468 1512//1264
f 1617//1349 1757//1469 1513//1265
f 1514//1266 1758//1470 1618//1350
f 1757//1469 1619//1351 1513//1265
f 1514//1266 1620//1352 1758//1470
f 1619//1351 1621//1353 1397//1169
f 1398//1170 1622//1354 1620//1352
f 1621//1353 1759//1471 1515//1267
f 1516//1268 1760//1472 1622//1354
f 1759//1471 1623//1355 1515//1267
f 1516//1268 1624//1356 1760//1472
f 1517//1269 1623//1355 1761//1473
f 1762//1474 1624//1356 1518//1270
f 1517//1269 1761//1473 1625//1357
f 1626//1358 1762//1474 1518//1270
f 1519//1271 1625//1357 1763//1475
f 1764//1476 1626//1358 1520//1272
f 1627//1359 1519//1271 1763//1475
f 1764//1476 1520//1272 1628//1360
f 1629//1361 1627//1359 1765//1477
f 1766//1478 1628//1360 1630//1362
f 1767//1479 1629//1361 1765//1477
f 1766//1478 1630//1362 1768//1480
f 1769//361 1770//361 1771//361
f 1770//361 1769//361 1772//361
f 1773//362 1774//362 1775//362
f 1776//362 1775//362 1774//362
f 1777//652 1778//1481 1639//734
f 1642//733 1779//1482 1780//651
f 1639//734 1778//1481 1640//1363
f 1641//1364 1779//1482 1642//733
f 1640//1363 1781//1483 1532//1275
f 1533//1276 1782//1484 1641//1364
f 1532//1275 1781//1483 1643//1365
f 1644//1366 1782//1484 1533//1276
f 1643//1365 1647//1369 1535//1277
f 1536//1278 1648//1370 1644//1366
f 1535//1277 1647//1369 1423//1185
f 1424//1186 1648//1370 1536//1278
f 1537//1279 1783//1485 1645//1367
f 1646//1368 1784//1486 1538//1280
f 1425//1187 1647//1369 1649//1371
f 1650//1372 1648//1370 1426//1188
f 1427//1189 1649//1371 1651//1373
f 1652//1374 1650//1372 1428//1190
f 1429//1191 1651//1373 1653//1375
f 1654//1376 1652//1374 1430//1192
f 1653//1375 1785//1487 1539//1281
f 1540//1282 1786//1488 1654//1376
f 1431//1193 1787//1489 1655//1377
f 1656//1378 1788//1490 1432//1194
f 1541//1283 1655//1377 1789//362
f 1790//361 1656//1378 1542//1284
f 1431//1193 1657//1379 1787//1489
f 1788//1490 1658//1380 1432//1194
f 1433//1195 1661//1383 1657//1379
f 1658//1380 1662//1384 1434//1196
f 1659//1381 1541//1283 1791//362
f 1792//361 1542//1284 1660//1382
f 1435//1197 1663//1385 1661//1383
f 1662//1384 1664//1386 1436//1198
f 1543//1285 1659//1381 1793//362
f 1794//361 1660//1382 1544//1286
f 1437//1199 1667//1389 1663//1385
f 1664//1386 1668//1390 1438//1200
f 1665//1387 1543//1285 1795//362
f 1796//361 1544//1286 1666//1388
f 1439//1201 1669//1391 1667//1389
f 1668//1390 1670//1392 1440//1202
f 1545//1287 1665//1387 1797//362
f 1798//361 1666//1388 1546//1288
f 1673//1395 1669//1391 1441//1203
f 1442//1204 1670//1392 1674//1396
f 1545//1287 1799//362 1671//1393
f 1672//1394 1800//361 1546//1288
f 1675//1397 1673//1395 1443//1205
f 1444//1206 1674//1396 1676//1398
f 1547//1289 1671//1393 1801//362
f 1802//361 1672//1394 1548//1290
f 1679//1401 1675//1397 1445//1207
f 1446//1208 1676//1398 1680//1402
f 1547//1289 1803//362 1677//1399
f 1678//1400 1804//361 1548//1290
f 1681//1403 1679//1401 1447//1209
f 1448//1210 1680//1402 1682//1404
f 1549//1291 1677//1399 1805//362
f 1806//361 1678//1400 1550//1292
f 1685//1407 1681//1403 1449//1211
f 1450//1212 1682//1404 1686//1408
f 1549//1291 1807//362 1683//1405
f 1684//1406 1808//361 1550//1292
f 1687//1409 1685//1407 1451//1213
f 1452//1214 1686//1408 1688//1410
f 1551//1293 1683//1405 1809//362
f 1810//361 1684//1406 1552//1294
f 1691//1413 1687//1409 1453//1215
f 1454//1216 1688//1410 1692//1414
f 1551//1293 1811//362 1689//1411
f 1690//1412 1812//361 1552//1294
f 1693//1415 1691//1413 1455//1217
f 1456//1218 1692//1414 1694//1416
f 1553//1295 1689//1411 1813//362
f 1814//361 1690//1412 1554//1296
f 1785//1487 1693//1415 1539//1281
f 1540//1282 1694//1416 1786//1488
f 1553//1295 1815//362 1695//1417
f 1696//1418 1816//361 1554//1296
f 1457//1219 1695//1417 1817//1491
f 1818//1492 1696//1418 1458//1220
f 1457//1219 1817//1491 1697//1419
f 1698//1420 1818//1492 1458//1220
f 1459//1221 1697//1419 1699//1421
f 1700//1422 1698//1420 1460//1222
f 1461//1223 1699//1421 1701//1423
f 1702//1424 1700//1422 1462//1224
f 1463//1225 1701//1423 1703//1425
f 1704//1426 1702//1424 1464//1226
f 1465//1227 1703//1425 1705//1427
f 1706//1428 1704//1426 1466//1228
f 1707//1429 1467//1229 1705//1427
f 1706//1428 1468//1230 1708//1430
f 1709//1431 1469//1231 1707//1429
f 1708//1430 1470//1232 1710//1432
f 1711//1433 1471//1233 1709//1431
f 1710//1432 1472//1234 1712//1434
f 1713//1435 1473//1235 1711//1433
f 1712//1434 1474//1236 1714//1436
f 1715//1437 1475//1237 1713//1435
f 1714//1436 1476//1238 1716//1438
f 1717//1439 1477//1239 1715//1437
f 1716//1438 1478//1240 1718//1440
f 1719//1441 1479//1241 1717//1439
f 1718//1440 1480//1242 1720//1442
f 1721//1443 1481//1243 1719//1441
f 1720//1442 1482//1244 1722//1444
f 1783//1485 1537//1279 1721//1443
f 1722//1444 1538//1280 1784//1486
f 1603//1335 1819//1493 1555//1297
f 1556//1298 1820//1494 1604//1336
f 1555//1297 1821//1495 1557//1299
f 1558//1300 1822//1496 1556//1298
f 1557//1299 1823//1497 1559//1301
f 1560//1302 1824//1498 1558//1300
f 1559//1301 1825//1499 1561//1303
f 1562//1304 1826//1500 1560//1302
f 1561//1303 1827//1501 1563//1305
f 1564//1306 1828//1502 1562//1304
f 1563//1305 1829//1503 1565//1307
f 1566//1308 1830//1504 1564//1306
f 1565//1307 1831//1505 1567//1309
f 1568//1310 1832//1506 1566//1308
f 1567//1309 1833//1507 1569//1311
f 1570//1312 1834//1508 1568//1310
f 1569//1311 1835//1509 1605//1337
f 1606//1338 1836//1510 1570//1312
f 1837//361 1838//361 1839//361
f 1838//361 1837//361 1840//361
f 1841//362 1842//362 1843//362
f 1844//362 1843//362 1842//362
f 1845//1511 1732//1446 1846//1512
f 1847//1513 1733//1447 1848//1514
f 1736//678 1849//1515 1850//608
f 1851//607 1852//1516 1737//677
f 1731//1445 1732//1446 1845//1511
f 1848//1514 1733//1447 1734//1448
f 1735//1449 1849//1515 1736//678
f 1737//677 1852//1516 1738//1450
f 1853//1517 1579//1313 1731//1445
f 1734//1448 1582//1316 1854//1518
f 1855//1519 1735//1449 1583//1317
f 1586//1318 1738//1450 1856//1520
f 1739//1451 1579//1313 1853//1517
f 1854//1518 1582//1316 1740//1452
f 1741//1453 1855//1519 1583//1317
f 1586//1318 1856//1520 1742//1454
f 1587//1319 1739//1451 1857//1521
f 1858//1522 1740//1452 1588//1320
f 1589//1321 1859//1523 1741//1453
f 1742//1454 1860//1524 1590//1322
f 1743//1455 1587//1319 1857//1521
f 1858//1522 1588//1320 1744//1456
f 1745//1457 1859//1523 1589//1321
f 1590//1322 1860//1524 1746//1458
f 1591//1323 1743//1455 1861//1525
f 1862//1526 1744//1456 1592//1324
f 1593//1325 1607//1339 1745//1457
f 1746//1458 1608//1340 1594//1326
f 1591//1323 1861//1525 1747//1459
f 1748//1460 1862//1526 1592//1324
f 1595//1327 1747//1459 1863//1527
f 1864//1528 1748//1460 1596//1328
f 1597//1329 1595//1327 1865//1529
f 1866//1530 1596//1328 1598//1330
f 1749//1461 1597//1329 1865//1529
f 1866//1530 1598//1330 1750//1462
f 1599//1331 1749//1461 1867//1531
f 1868//1532 1750//1462 1600//1332
f 1751//1463 1599//1331 1867//1531
f 1868//1532 1600//1332 1752//1464
f 1751//1463 1869//1533 1601//1333
f 1602//1334 1870//1534 1752//1464
f 1601//1333 1869//1533 1753//1465
f 1754//1466 1870//1534 1602//1334
f 1753//1465 1871//1535 1603//1335
f 1604//1336 1872//1536 1754//1466
f 1605//1337 1873//1537 1609//1341
f 1610//1342 1874//1538 1606//1338
f 1607//1339 1613//1345 1875//1539
f 1876//1540 1614//1346 1608//1340
f 1609//1341 1877//1541 1611//1343
f 1612//1344 1878//1542 1610//1342
f 1611//1343 1879//1543 1615//1347
f 1616//1348 1880//1544 1612//1344
f 1613//1345 1645//1367 1881//1545
f 1882//1546 1646//1368 1614//1346
f 1615//1347 1883//1547 1755//1467
f 1756//1468 1884//1548 1616//1348
f 1755//1467 1885//1549 1617//1349
f 1618//1350 1886//1550 1756//1468
f 1885//1549 1757//1469 1617//1349
f 1618//1350 1758//1470 1886//1550
f 1757//1469 1887//1551 1619//1351
f 1620//1352 1888//1552 1758//1470
f 1619//1351 1889//1553 1621//1353
f 1622//1354 1890//1554 1620//1352
f 1889//1553 1759//1471 1621//1353
f 1622//1354 1760//1472 1890//1554
f 1759//1471 1891//1555 1623//1355
f 1624//1356 1892//1556 1760//1472
f 1891//1555 1761//1473 1623//1355
f 1624//1356 1762//1474 1892//1556
f 1625//1357 1761//1473 1893//1557
f 1894//1558 1762//1474 1626//1358
f 1625//1357 1893//1557 1763//1475
f 1764//1476 1894//1558 1626//1358
f 1627//1359 1763//1475 1895//1559
f 1896//1560 1764//1476 1628//1360
f 1765//1477 1627//1359 1895//1559
f 1896//1560 1628//1360 1766//1478
f 1767//1479 1765//1477 1897//1561
f 1898//1562 1766//1478 1768//1480
f 1899//1563 1767//1479 1897//1561
f 1898//1562 1768//1480 1900//1564
f 1901//361 1902//361 1903//361
f 1902//361 1901//361 1904//361
f 1905//362 1906//362 1907//362
f 1908//362 1907//362 1906//362
f 1909//528 1910//1565 1777//652
f 1780//651 1911//1566 1912//527
f 1777//652 1910//1565 1778//1481
f 1779//1482 1911//1566 1780//651
f 1778//1481 1913//1567 1640//1363
f 1641//1364 1914//1568 1779//1482
f 1640//1363 1913//1567 1781//1483
f 1782//1484 1914//1568 1641//1364
f 1781//1483 1915//1569 1643//1365
f 1644//1366 1916//1570 1782//1484
f 1643//1365 1915//1569 1647//1369
f 1648//1370 1916//1570 1644//1366
f 1645//1367 1783//1485 1917//1571
f 1918//1572 1784//1486 1646//1368
f 1649//1371 1647//1369 1915//1569
f 1916//1570 1648//1370 1650//1372
f 1651//1373 1649//1371 1919//1573
f 1920//1574 1650//1372 1652//1374
f 1651//1373 1921//1575 1653//1375
f 1654//1376 1922//1576 1652//1374
f 1923//1577 1785//1487 1653//1375
f 1654//1376 1786//1488 1924//1578
f 1655//1377 1787//1489 1925//362
f 1926//361 1788//1490 1656//1378
f 1657//1379 1927//1579 1787//1489
f 1788//1490 1928//1580 1658//1380
f 1661//1383 1927//1579 1657//1379
f 1658//1380 1928//1580 1662//1384
f 1663//1385 1929//1581 1661//1383
f 1662//1384 1930//1582 1664//1386
f 1667//1389 1931//1583 1663//1385
f 1664//1386 1932//1584 1668//1390
f 1669//1391 1933//1585 1667//1389
f 1668//1390 1934//1586 1670//1392
f 1673//1395 1935//1587 1669//1391
f 1670//1392 1936//1588 1674//1396
f 1675//1397 1937//1589 1673//1395
f 1674//1396 1938//1590 1676//1398
f 1679//1401 1939//1591 1675//1397
f 1676//1398 1940//1592 1680//1402
f 1681//1403 1941//1593 1679//1401
f 1680//1402 1942//1594 1682//1404
f 1685//1407 1943//1595 1681//1403
f 1682//1404 1944//1596 1686//1408
f 1687//1409 1945//1597 1685//1407
f 1686//1408 1946//1598 1688//1410
f 1691//1413 1947//1599 1687//1409
f 1688//1410 1948//1600 1692//1414
f 1693//1415 1949//1601 1691//1413
f 1692//1414 1950//1602 1694//1416
f 1785//1487 1951//1603 1693//1415
f 1694//1416 1952//1604 1786//1488
f 1817//1491 1695//1417 1953//362
f 1954//361 1696//1418 1818//1492
f 1697//1419 1817//1491 1955//1605
f 1956//1606 1818//1492 1698//1420
f 1699//1421 1697//1419 1955//1605
f 1956//1606 1698//1420 1700//1422
f 1701//1423 1699//1421 1957//1607
f 1958//1608 1700//1422 1702//1424
f 1701//1423 1959//1609 1703//1425
f 1704//1426 1960//1610 1702//1424
f 1703//1425 1961//1611 1705//1427
f 1706//1428 1962//1612 1704//1426
f 1707//1429 1705//1427 1963//1613
f 1964//1614 1706//1428 1708//1430
f 1709//1431 1707//1429 1965//1615
f 1966//1616 1708//1430 1710//1432
f 1711//1433 1709//1431 1967//1617
f 1968//1618 1710//1432 1712//1434
f 1713//1435 1711//1433 1969//1619
f 1970//1620 1712//1434 1714//1436
f 1715//1437 1713//1435 1971//1621
f 1972//1622 1714//1436 1716//1438
f 1717//1439 1715//1437 1973//1623
f 1974//1624 1716//1438 1718//1440
f 1719//1441 1717//1439 1975//1625
f 1976//1626 1718//1440 1720//1442
f 1721//1443 1719//1441 1977//1627
f 1978//1628 1720//1442 1722//1444
f 1783//1485 1721//1443 1979//1629
f 1980//1630 1722//1444 1784//1486
f 1603//1335 1871//1535 1819//1493
f 1820//1494 1872//1536 1604//1336
f 1555//1297 1819//1493 1821//1495
f 1822//1496 1820//1494 1556//1298
f 1557//1299 1821//1495 1823//1497
f 1824//1498 1822//1496 1558//1300
f 1823//1497 1825//1499 1559//1301
f 1560//1302 1826//1500 1824//1498
f 1825//1499 1827//1501 1561//1303
f 1562//1304 1828//1502 1826//1500
f 1827//1501 1829//1503 1563//1305
f 1564//1306 1830//1504 1828//1502
f 1829//1503 1831//1505 1565//1307
f 1566//1308 1832//1506 1830//1504
f 1831//1505 1833//1507 1567//1309
f 1568//1310 1834//1508 1832//1506
f 1833//1507 1835//1509 1569//1311
f 1570//1312 1836//1510 1834//1508
f 1605//1337 1835//1509 1873//1537
f 1874//1538 1836//1510 1606//1338
f 1981//361 1982//361 1983//361
f 1982//361 1981//361 1984//361
f 1985//362 1986//362 1987//362
f 1988//362 1987//362 1986//362
f 1989//1631 1846//1512 1990//1632
f 1991//1633 1847//1513 1992//1634
f 1993//1635 1994//488 1850//608
f 1851//607 1995//487 1996//1636
f 1845//1511 1846//1512 1989//1631
f 1992//1634 1847//1513 1848//1514
f 1849//1515 1993//1635 1850//608
f 1851//607 1996//1636 1852//1516
f 1997//1637 1731//1445 1845//1511
f 1848//1514 1734//1448 1998//1638
f 1999//1639 1849//1515 1735//1449
f 1738//1450 1852//1516 2000//1640
f 1853//1517 1731//1445 1997//1637
f 1998//1638 1734//1448 1854//1518
f 1855//1519 1999//1639 1735//1449
f 1738//1450 2000//1640 1856//1520
f 1739//1451 1853//1517 2001//1641
f 2002//1642 1854//1518 1740//1452
f 1741//1453 2003//1643 1855//1519
f 1856//1520 2004//1644 1742//1454
f 1857//1521 1739//1451 2001//1641
f 2002//1642 1740//1452 1858//1522
f 1859//1523 2003//1643 1741//1453
f 1742//1454 2004//1644 1860//1524
f 1743//1455 1857//1521 2005//1645
f 2006//1646 1858//1522 1744//1456
f 1745//1457 1875//1539 1859//1523
f 1860//1524 1876//1540 1746//1458
f 1743//1455 2005//1645 1861//1525
f 1862//1526 2006//1646 1744//1456
f 1745//1457 1607//1339 1875//1539
f 1876//1540 1608//1340 1746//1458
f 1747//1459 1861//1525 2007//1647
f 2008//1648 1862//1526 1748//1460
f 1747//1459 2007//1647 1863//1527
f 1864//1528 2008//1648 1748//1460
f 1595//1327 1863//1527 1865//1529
f 1866//1530 1864//1528 1596//1328
f 1749//1461 1865//1529 2009//1649
f 2010//1650 1866//1530 1750//1462
f 1867//1531 1749//1461 2009//1649
f 2010//1650 1750//1462 1868//1532
f 1867//1531 2011//1651 1751//1463
f 1752//1464 2012//1652 1868//1532
f 1751//1463 2011//1651 1869//1533
f 1870//1534 2012//1652 1752//1464
f 1869//1533 2013//1653 1753//1465
f 1754//1466 2014//1654 1870//1534
f 1753//1465 2013//1653 1871//1535
f 1872//1536 2014//1654 1754//1466
f 1609//1341 1873//1537 1877//1541
f 1878//1542 1874//1538 1610//1342
f 1875//1539 1613//1345 1881//1545
f 1882//1546 1614//1346 1876//1540
f 1611//1343 1877//1541 1879//1543
f 1880//1544 1878//1542 1612//1344
f 1615//1347 1879//1543 1883//1547
f 1884//1548 1880//1544 1616//1348
f 1881//1545 1645//1367 1917//1571
f 1918//1572 1646//1368 1882//1546
f 1755//1467 1883//1547 2015//1655
f 2016//1656 1884//1548 1756//1468
f 1755//1467 2015//1655 1885//1549
f 1886//1550 2016//1656 1756//1468
f 1885//1549 2017//1657 1757//1469
f 1758//1470 2018//1658 1886//1550
f 2017//1657 1887//1551 1757//1469
f 1758//1470 1888//1552 2018//1658
f 1887//1551 1889//1553 1619//1351
f 1620//1352 1890//1554 1888//1552
f 1889//1553 2019//1659 1759//1471
f 1760//1472 2020//1660 1890//1554
f 2019//1659 1891//1555 1759//1471
f 1760//1472 1892//1556 2020//1660
f 1891//1555 2021//1661 1761//1473
f 1762//1474 2022//1662 1892//1556
f 2021//1661 1893//1557 1761//1473
f 1762//1474 1894//1558 2022//1662
f 1763//1475 1893//1557 2023//1663
f 2024//1664 1894//1558 1764//1476
f 1895//1559 1763//1475 2025//1665
f 2026//1666 1764//1476 1896//1560
f 1765//1477 1895//1559 2027//1667
f 2028//1668 1896//1560 1766//1478
f 1897//1561 1765//1477 2027//1667
f 2028//1668 1766//1478 1898//1562
f 1899//1563 1897//1561 2029//1669
f 2030//1670 1898//1562 1900//1564
f 2031//1671 1899//1563 2029//1669
f 2030//1670 1900//1564 2032//1672
f 2033//361 2034//361 2035//361
f 2034//361 2033//361 2036//361
f 2037//362 2038//362 2039//362
f 2040//362 2039//362 2038//362
f 2041//476 2042//1673 1909//528
f 1912//527 2043//1674 2044//475
f 1909//528 2042//1673 1910//1565
f 1911//1566 2043//1674 1912//527
f 1910//1565 2045//1675 1778//1481
f 1779//1482 2046//1676 1911//1566
f 1778//1481 2045//1675 1913//1567
f 1914//1568 2046//1676 1779//1482
f 1913//1567 2047//1677 1781//1483
f 1782//1484 2048//1678 1914//1568
f 1781//1483 2049//1679 1915//1569
f 1916//1570 2050//1680 1782//1484
f 1917//1571 1783//1485 2051//1681
f 2052//1682 1784//1486 1918//1572
f 1915//1569 1919//1573 1649//1371
f 1650//1372 1920//1574 1916//1570
f 1651//1373 1919//1573 1921//1575
f 1922//1576 1920//1574 1652//1374
f 1653//1375 1921//1575 1923//1577
f 1924//1578 1922//1576 1654//1376
f 1923//1577 2053//1683 1785//1487
f 1786//1488 2054//1684 1924//1578
f 1787//1489 2055//1685 2056//362
f 2057//361 2058//1686 1788//1490
f 1787//1489 1927//1579 2055//1685
f 2058//1686 1928//1580 1788//1490
f 1661//1383 1929//1581 1927//1579
f 1928//1580 1930//1582 1662//1384
f 1663//1385 1931//1583 1929//1581
f 1930//1582 1932//1584 1664//1386
f 1667//1389 1933//1585 1931//1583
f 1932//1584 1934//1586 1668//1390
f 1669//1391 1935//1587 1933//1585
f 1934//1586 1936//1588 1670//1392
f 1937//1589 1935//1587 1673//1395
f 1674//1396 1936//1588 1938//1590
f 1939//1591 1937//1589 1675//1397
f 1676//1398 1938//1590 1940//1592
f 1941//1593 1939//1591 1679//1401
f 1680//1402 1940//1592 1942//1594
f 1943//1595 1941//1593 1681//1403
f 1682//1404 1942//1594 1944//1596
f 1945//1597 1943//1595 1685//1407
f 1686//1408 1944//1596 1946//1598
f 1947//1599 1945//1597 1687//1409
f 1688//1410 1946//1598 1948//1600
f 1949//1601 1947//1599 1691//1413
f 1692//1414 1948//1600 1950//1602
f 1951//1603 1949//1601 1693//1415
f 1694//1416 1950//1602 1952//1604
f 2053//1683 1951//1603 1785//1487
f 1786//1488 1952//1604 2054//1684
f 1817//1491 2059//362 2060//1687
f 2061//1688 2062//361 1818//1492
f 1955//1605 1817//1491 2060//1687
f 2061//1688 1818//1492 1956//1606
f 1699//1421 1955//1605 1957//1607
f 1958//1608 1956//1606 1700//1422
f 1701//1423 1957//1607 1959//1609
f 1960//1610 1958//1608 1702//1424
f 1703//1425 1959//1609 1961//1611
f 1962//1612 1960//1610 1704//1426
f 1705//1427 1961//1611 1963//1613
f 1964//1614 1962//1612 1706//1428
f 1965//1615 1707//1429 1963//1613
f 1964//1614 1708//1430 1966//1616
f 1967//1617 1709//1431 1965//1615
f 1966//1616 1710//1432 1968//1618
f 1969//1619 1711//1433 1967//1617
f 1968//1618 1712//1434 1970//1620
f 1971//1621 1713//1435 1969//1619
f 1970//1620 1714//1436 1972//1622
f 1973//1623 1715//1437 1971//1621
f 1972//1622 1716//1438 1974//1624
f 1975//1625 1717//1439 1973//1623
f 1974//1624 1718//1440 1976//1626
f 1977//1627 1719//1441 1975//1625
f 1976//1626 1720//1442 1978//1628
f 1979//1629 1721//1443 1977//1627
f 1978//1628 1722//1444 1980//1630
f 1979//1629 2051//1681 1783//1485
f 1784//1486 2052//1682 1980//1630
f 1871//1535 2063//1689 1819//1493
f 1820//1494 2064//1690 1872//1536
f 1819//1493 2065//1691 1821//1495
f 1822//1496 2066//1692 1820//1494
f 1821//1495 2067//1693 1823//1497
f 1824//1498 2068//1694 1822//1496
f 1823//1497 2069//1695 1825//1499
f 1826//1500 2070//1696 1824//1498
f 1825//1499 2071//1697 1827//1501
f 1828//1502 2072//1698 1826//1500
f 1827//1501 2073//1699 1829//1503
f 1830//1504 2074//1700 1828//1502
f 1829//1503 2075//1701 1831//1505
f 1832//1506 2076//1702 1830//1504
f 1831//1505 2077//1703 1833//1507
f 1834//1508 2078//1704 1832//1506
f 1833//1507 2079//1705 1835//1509
f 1836//1510 2080//1706 1834//1508
f 1835//1509 2081//1707 1873//1537
f 1874//1538 2082//1708 1836//1510
f 2083//361 2084//361 2085//361
f 2084//361 2083//361 2086//361
f 2087//362 2088//362 2089//362
f 2090//362 2089//362 2088//362
f 2091//1709 1990//1632 2092//1710
f 2093//1711 1991//1633 2094//1712
f 2095//1713 2096//368 1994//488
f 1995//487 2097//367 2098//1714
f 1989//1631 1990//1632 2091//1709
f 2094//1712 1991//1633 1992//1634
f 1993//1635 2095//1713 1994//488
f 1995//487 2098//1714 1996//1636
f 2099//1715 1845//1511 1989//1631
f 1992//1634 1848//1514 2100//1716
f 2101//1717 1993//1635 1849//1515
f 1852//1516 1996//1636 2102//1718
f 1997//1637 1845//1511 2099//1715
f 2100//1716 1848//1514 1998//1638
f 1999//1639 2101//1717 1849//1515
f 1852//1516 2102//1718 2000//1640
f 2001//1641 1853//1517 1997//1637
f 1998//1638 1854//1518 2002//1642
f 2003//1643 1999//1639 1855//1519
f 1856//1520 2000//1640 2004//1644
f 2103//1719 1857//1521 2001//1641
f 2002//1642 1858//1522 2104//1720
f 2105//1721 2003//1643 1859//1523
f 1860//1524 2004//1644 2106//1722
f 1857//1521 2103//1719 2005//1645
f 2006//1646 2104//1720 1858//1522
f 1859//1523 1875//1539 2105//1721
f 2106//1722 1876//1540 1860//1524
f 1861//1525 2005//1645 2107//1723
f 2108//1724 2006//1646 1862//1526
f 1861//1525 2107//1723 2007//1647
f 2008//1648 2108//1724 1862//1526
f 1863//1527 2007//1647 2109//1725
f 2110//1726 2008//1648 1864//1528
f 1865//1529 1863//1527 2111//1727
f 2112//1728 1864//1528 1866//1530
f 2009//1649 1865//1529 2111//1727
f 2112//1728 1866//1530 2010//1650
f 2009//1649 2113//1729 1867//1531
f 1868//1532 2114//1730 2010//1650
f 1867//1531 2113//1729 2011//1651
f 2012//1652 2114//1730 1868//1532
f 2011//1651 2115//1731 1869//1533
f 1870//1534 2116//1732 2012//1652
f 1869//1533 2115//1731 2013//1653
f 2014//1654 2116//1732 1870//1534
f 2013//1653 2117//1733 1871//1535
f 1872//1536 2118//1734 2014//1654
f 1873//1537 2119//1735 1877//1541
f 1878//1542 2120//1736 1874//1538
f 1875//1539 1881//1545 2105//1721
f 2106//1722 1882//1546 1876//1540
f 1877//1541 2121//1737 1879//1543
f 1880//1544 2122//1738 1878//1542
f 1879//1543 2123//1739 1883//1547
f 1884//1548 2124//1740 1880//1544
f 1881//1545 1917//1571 2125//1741
f 2126//1742 1918//1572 1882//1546
f 1883//1547 2127//1743 2015//1655
f 2016//1656 2128//1744 1884//1548
f 1885//1549 2015//1655 2129//1745
f 2130//1746 2016//1656 1886//1550
f 1885//1549 2129//1745 2017//1657
f 2018//1658 2130//1746 1886//1550
f 2017//1657 2131//1747 1887//1551
f 1888//1552 2132//1748 2018//1658
f 1887//1551 2133//1749 1889//1553
f 1890//1554 2134//1750 1888//1552
f 2133//1749 2019//1659 1889//1553
f 1890//1554 2020//1660 2134//1750
f 2019//1659 2135//1751 1891//1555
f 1892//1556 2136//1752 2020//1660
f 2135//1751 2021//1661 1891//1555
f 1892//1556 2022//1662 2136//1752
f 1893//1557 2021//1661 2137//1753
f 2138//1754 2022//1662 1894//1558
f 1763//1475 2023//1663 2025//1665
f 2026//1666 2024//1664 1764//1476
f 1893//1557 2137//1753 2023//1663
f 2024//1664 2138//1754 1894//1558
f 1895//1559 2025//1665 2139//1755
f 2140//1756 2026//1666 1896//1560
f 2027//1667 1895//1559 2139//1755
f 2140//1756 1896//1560 2028//1668
f 1897//1561 2027//1667 2141//1757
f 2142//1758 2028//1668 1898//1562
f 2029//1669 1897//1561 2141//1757
f 2142//1758 1898//1562 2030//1670
f 2031//1671 2029//1669 2143//1759
f 2144//1760 2030//1670 2032//1672
f 2145//1761 2031//1671 2143//1759
f 2144//1760 2032//1672 2146//1762
f 2147//361 2148//361 2149//361
f 2148//361 2147//361 2150//361
f 2151//362 2152//362 2153//362
f 2154//362 2153//362 2152//362
f 2155//406 2156//1763 2041//476
f 2044//475 2157//1764 2158//405
f 2041//476 2156//1763 2042//1673
f 2043//1674 2157//1764 2044//475
f 2042//1673 2159//1765 1910//1565
f 1911//1566 2160//1766 2043//1674
f 1910//1565 2159//1765 2045//1675
f 2046//1676 2160//1766 1911//1566
f 2045//1675 2161//1767 1913//1567
f 1914//1568 2162//1768 2046//1676
f 1913//1567 2161//1767 2047//1677
f 2048//1678 2162//1768 1914//1568
f 1781//1483 2047//1677 2049//1679
f 2050//1680 2048//1678 1782//1484
f 2049//1679 1919//1573 1915//1569
f 1916//1570 1920//1574 2050//1680
f 1917//1571 2051//1681 2163//1769
f 2164//1770 2052//1682 1918//1572
f 1919//1573 2165//1771 1921//1575
f 1922//1576 2166//1772 1920//1574
f 1921//1575 2167//1773 1923//1577
f 1924//1578 2168//1774 1922//1576
f 2169//1775 2053//1683 1923//1577
f 1924//1578 2054//1684 2170//1776
f 2055//1685 2171//1777 2172//362
f 2173//361 2174//1778 2058//1686
f 1927//1579 2171//1777 2055//1685
f 2058//1686 2174//1778 1928//1580
f 1929//1581 2175//1779 1927//1579
f 1928//1580 2176//1780 1930//1582
f 1931//1583 2177//1781 1929//1581
f 1930//1582 2178//1782 1932//1584
f 1933//1585 2179//1783 1931//1583
f 1932//1584 2180//1784 1934//1586
f 1935//1587 2181//1785 1933//1585
f 1934//1586 2182//1786 1936//1588
f 1937//1589 2183//1787 1935//1587
f 1936//1588 2184//1788 1938//1590
f 1939//1591 2185//1789 1937//1589
f 1938//1590 2186//1790 1940//1592
f 1941//1593 2187//1791 1939//1591
f 1940//1592 2188//1792 1942//1594
f 1943//1595 2189//1793 1941//1593
f 1942//1594 2190//1794 1944//1596
f 1945//1597 2191//1795 1943//1595
f 1944//1596 2192//1796 1946//1598
f 1947//1599 2193//1797 1945//1597
f 1946//1598 2194//1798 1948//1600
f 1949//1601 2195//1799 1947//1599
f 1948//1600 2196//1800 1950//1602
f 1951//1603 2197//1801 1949//1601
f 1950//1602 2198//1802 1952//1604
f 2053//1683 2199//1803 1951//1603
f 1952//1604 2200//1804 2054//1684
f 2060//1687 2201//362 2202//1805
f 2203//1806 2204//361 2061//1688
f 1955//1605 2060//1687 2202//1805
f 2203//1806 2061//1688 1956//1606
f 1957//1607 1955//1605 2205//1807
f 2206//1808 1956//1606 1958//1608
f 1959//1609 1957//1607 2207//1809
f 2208//1810 1958//1608 1960//1610
f 1959//1609 2209//1811 1961//1611
f 1962//1612 2210//1812 1960//1610
f 1961//1611 2211//1813 1963//1613
f 1964//1614 2212//1814 1962//1612
f 1965//1615 1963//1613 2213//1815
f 2214//1816 1964//1614 1966//1616
f 1967//1617 1965//1615 2215//1817
f 2216//1818 1966//1616 1968//1618
f 1969//1619 1967//1617 2217//1819
f 2218//1820 1968//1618 1970//1620
f 1971//1621 1969//1619 2219//1821
f 2220//1822 1970//1620 1972//1622
f 1973//1623 1971//1621 2221//1823
f 2222//1824 1972//1622 1974//1624
f 1975//1625 1973//1623 2223//1825
f 2224//1826 1974//1624 1976//1626
f 1977//1627 1975//1625 2225//1827
f 2226//1828 1976//1626 1978//1628
f 1979//1629 1977//1627 2227//1829
f 2228//1830 1978//1628 1980//1630
f 1979//1629 2229//1831 2051//1681
f 2052//1682 2230//1832 1980//1630
f 1871//1535 2117//1733 2063//1689
f 2064//1690 2118//1734 1872//1536
f 1819//1493 2063//1689 2065//1691
f 2066//1692 2064//1690 1820//1494
f 1821//1495 2065//1691 2067//1693
f 2068//1694 2066//1692 1822//1496
f 2067//1693 2069//1695 1823//1497
f 1824//1498 2070//1696 2068//1694
f 2069//1695 2071//1697 1825//1499
f 1826//1500 2072//1698 2070//1696
f 2071//1697 2073//1699 1827//1501
f 1828//1502 2074//1700 2072//1698
f 2073//1699 2075//1701 1829//1503
f 1830//1504 2076//1702 2074//1700
f 2075//1701 2077//1703 1831//1505
f 1832//1506 2078//1704 2076//1702
f 2077//1703 2079//1705 1833//1507
f 1834//1508 2080//1706 2078//1704
f 1835//1509 2079//1705 2081//1707
f 2082//1708 2080//1706 1836//1510
f 1873//1537 2081//1707 2119//1735
f 2120//1736 2082//1708 1874//1538
f 2231//361 2232//361 2233//361
f 2232//361 2231//361 2234//361
f 2235//362 2236//362 2237//362
f 2238//362 2237//362 2236//362
f 2239//1833 2092//1710 2240//1834
f 2241//1835 2093//1711 2242//1836
f 2243//1837 2244//322 2096//368
f 2097//367 2245//321 2246//1838
f 2091//1709 2092//1710 2239//1833
f 2242//1836 2093//1711 2094//1712
f 2095//1713 2243//1837 2096//368
f 2097//367 2246//1838 2098//1714
f 2247//1839 1989//1631 2091//1709
f 2094//1712 1992//1634 2248//1840
f 2249//1841 2095//1713 1993//1635
f 1996//1636 2098//1714 2250//1842
f 2099//1715 1989//1631 2247//1839
f 2248//1840 1992//1634 2100//1716
f 2101//1717 2249//1841 1993//1635
f 1996//1636 2250//1842 2102//1718
f 2251//1843 1997//1637 2099//1715
f 2100//1716 1998//1638 2252//1844
f 2253//1845 2101//1717 1999//1639
f 2000//1640 2102//1718 2254//1846
f 2001//1641 1997//1637 2251//1843
f 2252//1844 1998//1638 2002//1642
f 2003//1643 2253//1845 1999//1639
f 2000//1640 2254//1846 2004//1644
f 2103//1719 2001//1641 2255//1847
f 2256//1848 2002//1642 2104//1720
f 2105//1721 2257//1849 2003//1643
f 2004//1644 2258//1850 2106//1722
f 2005//1645 2103//1719 2259//1851
f 2260//1852 2104//1720 2006//1646
f 2005//1645 2259//1851 2107//1723
f 2108//1724 2260//1852 2006//1646
f 2007//1647 2107//1723 2261//1853
f 2262//1854 2108//1724 2008//1648
f 2007//1647 2261//1853 2109//1725
f 2110//1726 2262//1854 2008//1648
f 1863//1527 2109//1725 2111//1727
f 2112//1728 2110//1726 1864//1528
f 2111//1727 2263//1855 2009//1649
f 2010//1650 2264//1856 2112//1728
f 2009//1649 2263//1855 2113//1729
f 2114//1730 2264//1856 2010//1650
f 2113//1729 2265//1857 2011//1651
f 2012//1652 2266//1858 2114//1730
f 2011//1651 2265//1857 2115//1731
f 2116//1732 2266//1858 2012//1652
f 2115//1731 2267//1859 2013//1653
f 2014//1654 2268//1860 2116//1732
f 2013//1653 2267//1859 2117//1733
f 2118//1734 2268//1860 2014//1654
f 1877//1541 2119//1735 2121//1737
f 2122//1738 2120//1736 1878//1542
f 2105//1721 1881//1545 2125//1741
f 2126//1742 1882//1546 2106//1722
f 1879//1543 2121//1737 2123//1739
f 2124//1740 2122//1738 1880//1544
f 1883//1547 2123//1739 2127//1743
f 2128//1744 2124//1740 1884//1548
f 2125//1741 1917//1571 2163//1769
f 2164//1770 1918//1572 2126//1742
f 2015//1655 2127//1743 2269//1861
f 2270//1862 2128//1744 2016//1656
f 2015//1655 2269//1861 2129//1745
f 2130//1746 2270//1862 2016//1656
f 2017//1657 2129//1745 2271//1863
f 2272//1864 2130//1746 2018//1658
f 2131//1747 2017//1657 2271//1863
f 2272//1864 2018//1658 2132//1748
f 1887//1551 2131//1747 2133//1749
f 2134//1750 2132//1748 1888//1552
f 2133//1749 2273//1865 2019//1659
f 2020//1660 2274//1866 2134//1750
f 2273//1865 2135//1751 2019//1659
f 2020//1660 2136//1752 2274//1866
f 2135//1751 2275//1867 2021//1661
f 2022//1662 2276//1868 2136//1752
f 2275//1867 2137//1753 2021//1661
f 2022//1662 2138//1754 2276//1868
f 2025//1665 2023//1663 2277//1869
f 2278//1870 2024//1664 2026//1666
f 2023//1663 2137//1753 2277//1869
f 2278//1870 2138//1754 2024//1664
f 2139//1755 2025//1665 2279//1871
f 2280//1872 2026//1666 2140//1756
f 2027//1667 2139//1755 2281//1873
f 2282//1874 2140//1756 2028//1668
f 2141//1757 2027//1667 2281//1873
f 2282//1874 2028//1668 2142//1758
f 2029//1669 2141//1757 2283//1875
f 2284//1876 2142//1758 2030//1670
f 2143//1759 2029//1669 2283//1875
f 2284//1876 2030//1670 2144//1760
f 2145//1761 2143//1759 2285//1877
f 2286//1878 2144//1760 2146//1762
f 2287//1879 2145//1761 2285//1877
f 2286//1878 2146//1762 2288//1880
f 2289//361 2290//361 2291//361
f 2290//361 2289//361 2292//361
f 2293//362 2294//362 2295//362
f 2296//362 2295//362 2294//362
f 2297//312 2298//1881 2155//406
f 2158//405 2299//1882 2300//311
f 2155//406 2298//1881 2156//1763
f 2157//1764 2299//1882 2158//405
f 2156//1763 2301//1883 2042//1673
f 2043//1674 2302//1884 2157//1764
f 2042//1673 2301//1883 2159//1765
f 2160//1766 2302//1884 2043//1674
f 2159//1765 2303//1885 2045//1675
f 2046//1676 2304//1886 2160//1766
f 2045//1675 2303//1885 2161//1767
f 2162//1768 2304//1886 2046//1676
f 2161//1767 2305//1887 2047//1677
f 2048//1678 2306//1888 2162//1768
f 2047//1677 2165//1771 2049//1679
f 2050//1680 2166//1772 2048//1678
f 2049//1679 2165//1771 1919//1573
f 1920//1574 2166//1772 2050//1680
f 2163//1769 2051//1681 2307//1889
f 2308//1890 2052//1682 2164//1770
f 1921//1575 2165//1771 2167//1773
f 2168//1774 2166//1772 1922//1576
f 1923//1577 2167//1773 2169//1775
f 2170//1776 2168//1774 1924//1578
f 2169//1775 2309//1891 2053//1683
f 2054//1684 2310//1892 2170//1776
f 2311//362 2171//1777 2312//1893
f 2313//1894 2174//1778 2314//361
f 1927//1579 2175//1779 2171//1777
f 2174//1778 2176//1780 1928//1580
f 1929//1581 2177//1781 2175//1779
f 2176//1780 2178//1782 1930//1582
f 1931//1583 2179//1783 2177//1781
f 2178//1782 2180//1784 1932//1584
f 1933//1585 2181//1785 2179//1783
f 2180//1784 2182//1786 1934//1586
f 1935//1587 2183//1787 2181//1785
f 2182//1786 2184//1788 1936//1588
f 2185//1789 2183//1787 1937//1589
f 1938//1590 2184//1788 2186//1790
f 2187//1791 2185//1789 1939//1591
f 1940//1592 2186//1790 2188//1792
f 2189//1793 2187//1791 1941//1593
f 1942//1594 2188//1792 2190//1794
f 2191//1795 2189//1793 1943//1595
f 1944//1596 2190//1794 2192//1796
f 2193//1797 2191//1795 1945//1597
f 1946//1598 2192//1796 2194//1798
f 2195//1799 2193//1797 1947//1599
f 1948//1600 2194//1798 2196//1800
f 2197//1801 2195//1799 1949//1601
f 1950//1602 2196//1800 2198//1802
f 2199//1803 2197//1801 1951//1603
f 1952//1604 2198//1802 2200//1804
f 2309//1891 2199//1803 2053//1683
f 2054//1684 2200//1804 2310//1892
f 2202//1805 2315//362 2316//1895
f 2317//1896 2318//361 2203//1806
f 1955//1605 2202//1805 2205//1807
f 2206//1808 2203//1806 1956//1606
f 1957//1607 2205//1807 2207//1809
f 2208//1810 2206//1808 1958//1608
f 1959//1609 2207//1809 2209//1811
f 2210//1812 2208//1810 1960//1610
f 1961//1611 2209//1811 2211//1813
f 2212//1814 2210//1812 1962//1612
f 1963//1613 2211//1813 2213//1815
f 2214//1816 2212//1814 1964//1614
f 2215//1817 1965//1615 2213//1815
f 2214//1816 1966//1616 2216//1818
f 2217//1819 1967//1617 2215//1817
f 2216//1818 1968//1618 2218//1820
f 2219//1821 1969//1619 2217//1819
f 2218//1820 1970//1620 2220//1822
f 2221//1823 1971//1621 2219//1821
f 2220//1822 1972//1622 2222//1824
f 2223//1825 1973//1623 2221//1823
f 2222//1824 1974//1624 2224//1826
f 2225//1827 1975//1625 2223//1825
f 2224//1826 1976//1626 2226//1828
f 2227//1829 1977//1627 2225//1827
f 2226//1828 1978//1628 2228//1830
f 2227//1829 2229//1831 1979//1629
f 1980//1630 2230//1832 2228//1830
f 2229//1831 2307//1889 2051//1681
f 2052//1682 2308//1890 2230//1832
f 2117//1733 2319//1897 2063//1689
f 2064//1690 2320//1898 2118//1734
f 2063//1689 2321//1899 2065//1691
f 2066//1692 2322//1900 2064//1690
f 2065//1691 2323//1901 2067//1693
f 2068//1694 2324//1902 2066//1692
f 2067//1693 2325//1903 2069//1695
f 2070//1696 2326//1904 2068//1694
f 2069//1695 2327//1905 2071//1697
f 2072//1698 2328//1906 2070//1696
f 2071//1697 2329//1907 2073//1699
f 2074//1700 2330//1908 2072//1698
f 2073//1699 2331//1909 2075//1701
f 2076//1702 2332//1910 2074//1700
f 2075//1701 2333//1911 2077//1703
f 2078//1704 2334//1912 2076//1702
f 2077//1703 2335//1913 2079//1705
f 2080//1706 2336//1914 2078//1704
f 2079//1705 2337//1915 2081//1707
f 2082//1708 2338//1916 2080//1706
f 2081//1707 2339//1917 2119//1735
f 2120//1736 2340//1918 2082//1708
f 2341//361 2342//361 2343//361
f 2342//361 2341//361 2344//361
f 2345//362 2346//362 2347//362
f 2348//362 2347//362 2346//362
f 2349//1919 2240//1834 2350//1920
f 2351//1921 2241//1835 2352//1922
f 2353//1923 2354//286 2244//322
f 2245//321 2355//285 2356//1924
f 2239//1833 2240//1834 2349//1919
f 2352//1922 2241//1835 2242//1836
f 2243//1837 2353//1923 2244//322
f 2245//321 2356//1924 2246//1838
f 2091//1709 2239//1833 2357//1925
f 2358//1926 2242//1836 2094//1712
f 2095//1713 2359//1927 2243//1837
f 2246//1838 2360//1928 2098//1714
f 2247//1839 2091//1709 2357//1925
f 2358//1926 2094//1712 2248//1840
f 2249//1841 2359//1927 2095//1713
f 2098//1714 2360//1928 2250//1842
f 2361//1929 2099//1715 2247//1839
f 2248//1840 2100//1716 2362//1930
f 2363//1931 2249//1841 2101//1717
f 2102//1718 2250//1842 2364//1932
f 2251//1843 2099//1715 2361//1929
f 2362//1930 2100//1716 2252//1844
f 2253//1845 2363//1931 2101//1717
f 2102//1718 2364//1932 2254//1846
f 2255//1847 2001//1641 2251//1843
f 2252//1844 2002//1642 2256//1848
f 2257//1849 2253//1845 2003//1643
f 2004//1644 2254//1846 2258//1850
f 2103//1719 2255//1847 2365//1933
f 2366//1934 2256//1848 2104//1720
f 2105//1721 2125//1741 2257//1849
f 2258//1850 2126//1742 2106//1722
f 2103//1719 2365//1933 2259//1851
f 2260//1852 2366//1934 2104//1720
f 2107//1723 2259//1851 2367//1935
f 2368//1936 2260//1852 2108//1724
f 2107//1723 2367//1935 2261//1853
f 2262//1854 2368//1936 2108//1724
f 2109//1725 2261//1853 2369//1937
f 2370//1938 2262//1854 2110//1726
f 2109//1725 2371//1939 2111//1727
f 2112//1728 2372//1940 2110//1726
f 2111//1727 2371//1939 2263//1855
f 2264//1856 2372//1940 2112//1728
f 2263//1855 2373//1941 2113//1729
f 2114//1730 2374//1942 2264//1856
f 2113//1729 2373//1941 2265//1857
f 2266//1858 2374//1942 2114//1730
f 2265//1857 2375//1943 2115//1731
f 2116//1732 2376//1944 2266//1858
f 2115//1731 2375//1943 2267//1859
f 2268//1860 2376//1944 2116//1732
f 2267//1859 2377//1945 2117//1733
f 2118//1734 2378//1946 2268//1860
f 2119//1735 2379//1947 2121//1737
f 2122//1738 2380//1948 2120//1736
f 2121//1737 2381//1949 2123//1739
f 2124//1740 2382//1950 2122//1738
f 2123//1739 2383//1951 2127//1743
f 2128//1744 2384//1952 2124//1740
f 2125//1741 2163//1769 2385//1953
f 2386//1954 2164//1770 2126//1742
f 2127//1743 2387//1955 2269//1861
f 2270//1862 2388//1956 2128//1744
f 2129//1745 2269//1861 2389//1957
f 2390//1958 2270//1862 2130//1746
f 2271//1863 2129//1745 2389//1957
f 2390//1958 2130//1746 2272//1864
f 2131//1747 2271//1863 2391//1959
f 2392//1960 2272//1864 2132//1748
f 2131//1747 2393//1961 2133//1749
f 2134//1750 2394//1962 2132//1748
f 2133//1749 2393//1961 2273//1865
f 2274//1866 2394//1962 2134//1750
f 2273//1865 2395//1963 2135//1751
f 2136//1752 2396//1964 2274//1866
f 2395//1963 2275//1867 2135//1751
f 2136//1752 2276//1868 2396//1964
f 2275//1867 2397//1965 2137//1753
f 2138//1754 2398//1966 2276//1868
f 2025//1665 2277//1869 2279//1871
f 2280//1872 2278//1870 2026//1666
f 2137//1753 2397//1965 2277//1869
f 2278//1870 2398//1966 2138//1754
f 2139//1755 2279//1871 2399//1967
f 2400//1968 2280//1872 2140//1756
f 2281//1873 2139//1755 2399//1967
f 2400//1968 2140//1756 2282//1874
f 2141//1757 2281//1873 2401//1969
f 2402//1970 2282//1874 2142//1758
f 2283//1875 2141//1757 2401//1969
f 2402//1970 2142//1758 2284//1876
f 2143//1759 2283//1875 2403//1971
f 2404//1972 2284//1876 2144//1760
f 2285//1877 2143//1759 2403//1971
f 2404//1972 2144//1760 2286//1878
f 2287//1879 2285//1877 2405//1973
f 2406//1974 2286//1878 2288//1880
f 2407//1975 2287//1879 2405//1973
f 2406//1974 2288//1880 2408//1976
f 2409//361 2410//361 2411//361
f 2410//361 2409//361 2412//361
f 2413//362 2414//362 2415//362
f 2416//362 2415//362 2414//362
f 2417//280 2418//1977 2297//312
f 2300//311 2419//1978 2420//279
f 2297//312 2418//1977 2298//1881
f 2299//1882 2419//1978 2300//311
f 2298//1881 2421//1979 2156//1763
f 2157//1764 2422//1980 2299//1882
f 2156//1763 2421//1979 2301//1883
f 2302//1884 2422//1980 2157//1764
f 2301//1883 2423//1981 2159//1765
f 2160//1766 2424//1982 2302//1884
f 2159//1765 2423//1981 2303//1885
f 2304//1886 2424//1982 2160//1766
f 2303//1885 2425//1983 2161//1767
f 2162//1768 2426//1984 2304//1886
f 2161//1767 2425//1983 2305//1887
f 2306//1888 2426//1984 2162//1768
f 2047//1677 2305//1887 2165//1771
f 2166//1772 2306//1888 2048//1678
f 2307//1889 2427//1985 2163//1769
f 2164//1770 2428//1986 2308//1890
f 2165//1771 2305//1887 2167//1773
f 2168//1774 2306//1888 2166//1772
f 2167//1773 2429//1987 2169//1775
f 2170//1776 2430//1988 2168//1774
f 2431//1989 2309//1891 2169//1775
f 2170//1776 2310//1892 2432//1990
f 2171//1777 2433//1991 2312//1893
f 2313//1894 2434//1992 2174//1778
f 2435//362 2312//1893 2436//1993
f 2437//1994 2313//1894 2438//361
f 2171//1777 2175//1779 2433//1991
f 2434//1992 2176//1780 2174//1778
f 2175//1779 2177//1781 2433//1991
f 2434//1992 2178//1782 2176//1780
f 2177//1781 2179//1783 2439//1995
f 2440//1996 2180//1784 2178//1782
f 2179//1783 2181//1785 2441//1997
f 2442//1998 2182//1786 2180//1784
f 2181//1785 2183//1787 2443//1999
f 2444//2000 2184//1788 2182//1786
f 2185//1789 2445//2001 2183//1787
f 2184//1788 2446//2002 2186//1790
f 2187//1791 2447//2003 2185//1789
f 2186//1790 2448//2004 2188//1792
f 2189//1793 2449//2005 2187//1791
f 2188//1792 2450//2006 2190//1794
f 2191//1795 2451//2007 2189//1793
f 2190//1794 2452//2008 2192//1796
f 2193//1797 2453//2009 2191//1795
f 2192//1796 2454//2010 2194//1798
f 2195//1799 2455//2011 2193//1797
f 2194//1798 2456//2012 2196//1800
f 2197//1801 2457//2013 2195//1799
f 2196//1800 2458//2014 2198//1802
f 2199//1803 2459//2015 2197//1801
f 2198//1802 2460//2016 2200//1804
f 2309//1891 2461//2017 2199//1803
f 2200//1804 2462//2018 2310//1892
f 2316//1895 2463//362 2464//2019
f 2465//2020 2466//361 2317//1896
f 2467//2021 2202//1805 2316//1895
f 2317//1896 2203//1806 2468//2022
f 2205//1807 2202//1805 2467//2021
f 2468//2022 2203//1806 2206//1808
f 2207//1809 2205//1807 2467//2021
f 2468//2022 2206//1808 2208//1810
f 2207//1809 2469//2023 2209//1811
f 2210//1812 2470//2024 2208//1810
f 2209//1811 2471//2025 2211//1813
f 2212//1814 2472//2026 2210//1812
f 2211//1813 2473//2027 2213//1815
f 2214//1816 2474//2028 2212//1814
f 2215//1817 2213//1815 2475//2029
f 2476//2030 2214//1816 2216//1818
f 2217//1819 2215//1817 2477//2031
f 2478//2032 2216//1818 2218//1820
f 2219//1821 2217//1819 2479//2033
f 2480//2034 2218//1820 2220//1822
f 2221//1823 2219//1821 2481//2035
f 2482//2036 2220//1822 2222//1824
f 2223//1825 2221//1823 2483//2037
f 2484//2038 2222//1824 2224//1826
f 2225//1827 2223//1825 2485//2039
f 2486//2040 2224//1826 2226//1828
f 2227//1829 2225//1827 2487//2041
f 2488//2042 2226//1828 2228//1830
f 2227//1829 2489//2043 2229//1831
f 2230//1832 2490//2044 2228//1830
f 2229//1831 2491//2045 2307//1889
f 2308//1890 2492//2046 2230//1832
f 2117//1733 2377//1945 2319//1897
f 2320//1898 2378//1946 2118//1734
f 2063//1689 2319//1897 2321//1899
f 2322//1900 2320//1898 2064//1690
f 2065//1691 2321//1899 2323//1901
f 2324//1902 2322//1900 2066//1692
f 2323//1901 2325//1903 2067//1693
f 2068//1694 2326//1904 2324//1902
f 2325//1903 2327//1905 2069//1695
f 2070//1696 2328//1906 2326//1904
f 2327//1905 2329//1907 2071//1697
f 2072//1698 2330//1908 2328//1906
f 2329//1907 2331//1909 2073//1699
f 2074//1700 2332//1910 2330//1908
f 2331//1909 2333//1911 2075//1701
f 2076//1702 2334//1912 2332//1910
f 2333//1911 2335//1913 2077//1703
f 2078//1704 2336//1914 2334//1912
f 2079//1705 2335//1913 2337//1915
f 2338//1916 2336//1914 2080//1706
f 2081//1707 2337//1915 2339//1917
f 2340//1918 2338//1916 2082//1708
f 2119//1735 2339//1917 2379//1947
f 2380//1948 2340//1918 2120//1736
f 2493//361 2494//361 2495//361
f 2494//361 2493//361 2496//361
f 2497//362 2498//362 2499//362
f 2500//362 2499//362 2498//362
f 2501//2047 2350//1920 2502//2048
f 2503//2049 2351//1921 2504//2050
f 2354//286 2505//2051 2506//284
f 2507//283 2508//2052 2355//285
f 2349//1919 2350//1920 2501//2047
f 2504//2050 2351//1921 2352//1922
f 2353//1923 2505//2051 2354//286
f 2355//285 2508//2052 2356//1924
f 2239//1833 2349//1919 2509//2053
f 2510//2054 2352//1922 2242//1836
f 2243//1837 2511//2055 2353//1923
f 2356//1924 2512//2056 2246//1838
f 2357//1925 2239//1833 2509//2053
f 2510//2054 2242//1836 2358//1926
f 2359//1927 2511//2055 2243//1837
f 2246//1838 2512//2056 2360//1928
f 2513//2057 2247//1839 2357//1925
f 2358//1926 2248//1840 2514//2058
f 2515//2059 2359//1927 2249//1841
f 2250//1842 2360//1928 2516//2060
f 2361//1929 2247//1839 2513//2057
f 2514//2058 2248//1840 2362//1930
f 2363//1931 2515//2059 2249//1841
f 2250//1842 2516//2060 2364//1932
f 2517//2061 2251//1843 2361//1929
f 2362//1930 2252//1844 2518//2062
f 2519//2063 2363//1931 2253//1845
f 2254//1846 2364//1932 2520//2064
f 2255//1847 2251//1843 2517//2061
f 2518//2062 2252//1844 2256//1848
f 2257//1849 2519//2063 2253//1845
f 2254//1846 2520//2064 2258//1850
f 2255//1847 2521//2065 2365//1933
f 2366//1934 2522//2066 2256//1848
f 2257//1849 2125//1741 2385//1953
f 2386//1954 2126//1742 2258//1850
f 2259//1851 2365//1933 2523//2067
f 2524//2068 2366//1934 2260//1852
f 2259//1851 2523//2067 2367//1935
f 2368//1936 2524//2068 2260//1852
f 2261//1853 2367//1935 2525//2069
f 2526//2070 2368//1936 2262//1854
f 2369//1937 2261//1853 2525//2069
f 2526//2070 2262//1854 2370//1938
f 2109//1725 2369//1937 2371//1939
f 2372//1940 2370//1938 2110//1726
f 2371//1939 2527//2071 2263//1855
f 2264//1856 2528//2072 2372//1940
f 2263//1855 2527//2071 2373//1941
f 2374//1942 2528//2072 2264//1856
f 2373//1941 2529//2073 2265//1857
f 2266//1858 2530//2074 2374//1942
f 2265//1857 2529//2073 2375//1943
f 2376//1944 2530//2074 2266//1858
f 2375//1943 2531//2075 2267//1859
f 2268//1860 2532//2076 2376//1944
f 2267//1859 2531//2075 2377//1945
f 2378//1946 2532//2076 2268//1860
f 2121//1737 2379//1947 2381//1949
f 2382//1950 2380//1948 2122//1738
f 2123//1739 2381//1949 2383//1951
f 2384//1952 2382//1950 2124//1740
f 2127//1743 2383//1951 2387//1955
f 2388//1956 2384//1952 2128//1744
f 2385//1953 2163//1769 2427//1985
f 2428//1986 2164//1770 2386//1954
f 2269//1861 2387//1955 2533//2077
f 2534//2078 2388//1956 2270//1862
f 2389//1957 2269//1861 2533//2077
f 2534//2078 2270//1862 2390//1958
f 2271//1863 2389//1957 2535//2079
f 2536//2080 2390//1958 2272//1864
f 2391//1959 2271//1863 2535//2079
f 2536//2080 2272//1864 2392//1960
f 2393//1961 2131//1747 2391//1959
f 2392//1960 2132//1748 2394//1962
f 2273//1865 2393//1961 2537//2081
f 2538//2082 2394//1962 2274//1866
f 2395//1963 2273//1865 2537//2081
f 2538//2082 2274//1866 2396//1964
f 2395//1963 2539//2083 2275//1867
f 2276//1868 2540//2084 2396//1964
f 2275//1867 2539//2083 2397//1965
f 2398//1966 2540//2084 2276//1868
f 2277//1869 2541//2085 2279//1871
f 2280//1872 2542//2086 2278//1870
f 2397//1965 2541//2085 2277//1869
f 2278//1870 2542//2086 2398//1966
f 2279//1871 2543//2087 2399//1967
f 2400//1968 2544//2088 2280//1872
f 2281//1873 2399//1967 2545//2089
f 2546//2090 2400//1968 2282//1874
f 2401//1969 2281//1873 2545//2089
f 2546//2090 2282//1874 2402//1970
f 2283//1875 2401//1969 2547//2091
f 2548//2092 2402//1970 2284//1876
f 2403//1971 2283//1875 2547//2091
f 2548//2092 2284//1876 2404//1972
f 2285//1877 2403//1971 2549//2093
f 2550//2094 2404//1972 2286//1878
f 2405//1973 2285//1877 2549//2093
f 2550//2094 2286//1878 2406//1974
f 2407//1975 2405//1973 2551//2095
f 2552//2096 2406//1974 2408//1976
f 2553//2097 2407//1975 2551//2095
f 2552//2096 2408//1976 2554//2098
f 2555//361 2556//361 2557//361
f 2556//361 2555//361 2558//361
f 2559//362 2560//362 2561//362
f 2562//362 2561//362 2560//362
f 2563//274 2564//2099 2417//280
f 2420//279 2565//2100 2566//273
f 2417//280 2564//2099 2418//1977
f 2419//1978 2565//2100 2420//279
f 2418//1977 2567//2101 2298//1881
f 2299//1882 2568//2102 2419//1978
f 2298//1881 2567//2101 2421//1979
f 2422//1980 2568//2102 2299//1882
f 2421//1979 2569//2103 2301//1883
f 2302//1884 2570//2104 2422//1980
f 2301//1883 2569//2103 2423//1981
f 2424//1982 2570//2104 2302//1884
f 2423//1981 2571//2105 2303//1885
f 2304//1886 2572//2106 2424//1982
f 2303//1885 2571//2105 2425//1983
f 2426//1984 2572//2106 2304//1886
f 2305//1887 2425//1983 2429//1987
f 2430//1988 2426//1984 2306//1888
f 2307//1889 2573//2107 2427//1985
f 2428//1986 2574//2108 2308//1890
f 2167//1773 2305//1887 2429//1987
f 2430//1988 2306//1888 2168//1774
f 2429//1987 2431//1989 2169//1775
f 2170//1776 2432//1990 2430//1988
f 2431//1989 2575//2109 2309//1891
f 2310//1892 2576//2110 2432//1990
f 2312//1893 2433//1991 2436//1993
f 2437//1994 2434//1992 2313//1894
f 2577//362 2436//1993 2578//2111
f 2579//2112 2437//1994 2580//361
f 2177//1781 2439//1995 2433//1991
f 2434//1992 2440//1996 2178//1782
f 2179//1783 2441//1997 2439//1995
f 2440//1996 2442//1998 2180//1784
f 2181//1785 2443//1999 2441//1997
f 2442//1998 2444//2000 2182//1786
f 2183//1787 2445//2001 2443//1999
f 2444//2000 2446//2002 2184//1788
f 2447//2003 2445//2001 2185//1789
f 2186//1790 2446//2002 2448//2004
f 2449//2005 2447//2003 2187//1791
f 2188//1792 2448//2004 2450//2006
f 2451//2007 2449//2005 2189//1793
f 2190//1794 2450//2006 2452//2008
f 2453//2009 2451//2007 2191//1795
f 2192//1796 2452//2008 2454//2010
f 2455//2011 2453//2009 2193//1797
f 2194//1798 2454//2010 2456//2012
f 2457//2013 2455//2011 2195//1799
f 2196//1800 2456//2012 2458//2014
f 2459//2015 2457//2013 2197//1801
f 2198//1802 2458//2014 2460//2016
f 2461//2017 2459//2015 2199//1803
f 2200//1804 2460//2016 2462//2018
f 2575//2109 2461//2017 2309//1891
f 2310//1892 2462//2018 2576//2110
f 2467//2021 2316//1895 2464//2019
f 2465//2020 2317//1896 2468//2022
f 2464//2019 2581//362 2582//2113
f 2583//2114 2584//361 2465//2020
f 2207//1809 2467//2021 2469//2023
f 2470//2024 2468//2022 2208//1810
f 2209//1811 2469//2023 2471//2025
f 2472//2026 2470//2024 2210//1812
f 2211//1813 2471//2025 2473//2027
f 2474//2028 2472//2026 2212//1814
f 2213//1815 2473//2027 2475//2029
f 2476//2030 2474//2028 2214//1816
f 2477//2031 2215//1817 2475//2029
f 2476//2030 2216//1818 2478//2032
f 2479//2033 2217//1819 2477//2031
f 2478//2032 2218//1820 2480//2034
f 2481//2035 2219//1821 2479//2033
f 2480//2034 2220//1822 2482//2036
f 2483//2037 2221//1823 2481//2035
f 2482//2036 2222//1824 2484//2038
f 2485//2039 2223//1825 2483//2037
f 2484//2038 2224//1826 2486//2040
f 2487//2041 2225//1827 2485//2039
f 2486//2040 2226//1828 2488//2042
f 2487//2041 2489//2043 2227//1829
f 2228//1830 2490//2044 2488//2042
f 2489//2043 2491//2045 2229//1831
f 2230//1832 2492//2046 2490//2044
f 2491//2045 2573//2107 2307//1889
f 2308//1890 2574//2108 2492//2046
f 2377//1945 2585//2115 2319//1897
f 2320//1898 2586//2116 2378//1946
f 2319//1897 2587//2117 2321//1899
f 2322//1900 2588//2118 2320//1898
f 2321//1899 2589//2119 2323//1901
f 2324//1902 2590//2120 2322//1900
f 2323//1901 2591//2121 2325//1903
f 2326//1904 2592//2122 2324//1902
f 2325//1903 2593//2123 2327//1905
f 2328//1906 2594//2124 2326//1904
f 2327//1905 2595//2125 2329//1907
f 2330//1908 2596//2126 2328//1906
f 2329//1907 2597//2127 2331//1909
f 2332//1910 2598//2128 2330//1908
f 2331//1909 2599//2129 2333//1911
f 2334//1912 2600//2130 2332//1910
f 2333//1911 2601//2131 2335//1913
f 2336//1914 2602//2132 2334//1912
f 2335//1913 2603//2133 2337//1915
f 2338//1916 2604//2134 2336//1914
f 2337//1915 2605//2135 2339//1917
f 2340//1918 2606//2136 2338//1916
f 2339//1917 2607//2137 2379//1947
f 2380//1948 2608//2138 2340//1918
f 2609//361 2610//361 2611//361
f 2610//361 2609//361 2612//361
f 2613//362 2614//362 2615//362
f 2616//362 2615//362 2614//362
f 2617//2139 2502//2048 2618//2140
f 2619//2141 2503//2049 2620//2142
f 2506//284 2621//2143 2622//282
f 2623//281 2624//2144 2507//283
f 2501//2047 2502//2048 2617//2139
f 2620//2142 2503//2049 2504//2050
f 2505//2051 2621//2143 2506//284
f 2507//283 2624//2144 2508//2052
f 2349//1919 2501//2047 2625//2145
f 2626//2146 2504//2050 2352//1922
f 2353//1923 2627//2147 2505//2051
f 2508//2052 2628//2148 2356//1924
f 2509//2053 2349//1919 2625//2145
f 2626//2146 2352//1922 2510//2054
f 2511//2055 2627//2147 2353//1923
f 2356//1924 2628//2148 2512//2056
f 2357//1925 2509//2053 2629//2149
f 2630//2150 2510//2054 2358//1926
f 2359//1927 2631//2151 2511//2055
f 2512//2056 2632//2152 2360//1928
f 2513//2057 2357//1925 2629//2149
f 2630//2150 2358//1926 2514//2058
f 2515//2059 2631//2151 2359//1927
f 2360//1928 2632//2152 2516//2060
f 2633//2153 2361//1929 2513//2057
f 2514//2058 2362//1930 2634//2154
f 2635//2155 2515//2059 2363//1931
f 2364//1932 2516//2060 2636//2156
f 2517//2061 2361//1929 2633//2153
f 2634//2154 2362//1930 2518//2062
f 2519//2063 2635//2155 2363//1931
f 2364//1932 2636//2156 2520//2064
f 2255//1847 2517//2061 2521//2065
f 2522//2066 2518//2062 2256//1848
f 2257//1849 2385//1953 2519//2063
f 2520//2064 2386//1954 2258//1850
f 2365//1933 2521//2065 2637//2157
f 2638//2158 2522//2066 2366//1934
f 2365//1933 2637//2157 2523//2067
f 2524//2068 2638//2158 2366//1934
f 2367//1935 2523//2067 2639//2159
f 2640//2160 2524//2068 2368//1936
f 2525//2069 2367//1935 2639//2159
f 2640//2160 2368//1936 2526//2070
f 2525//2069 2641//2161 2369//1937
f 2370//1938 2642//2162 2526//2070
f 2369//1937 2643//2163 2371//1939
f 2372//1940 2644//2164 2370//1938
f 2371//1939 2643//2163 2527//2071
f 2528//2072 2644//2164 2372//1940
f 2527//2071 2645//2165 2373//1941
f 2374//1942 2646//2166 2528//2072
f 2373//1941 2645//2165 2529//2073
f 2530//2074 2646//2166 2374//1942
f 2529//2073 2647//2167 2375//1943
f 2376//1944 2648//2168 2530//2074
f 2375//1943 2647//2167 2531//2075
f 2532//2076 2648//2168 2376//1944
f 2531//2075 2649//2169 2377//1945
f 2378//1946 2650//2170 2532//2076
f 2379//1947 2651//2171 2381//1949
f 2382//1950 2652//2172 2380//1948
f 2381//1949 2653//2173 2383//1951
f 2384//1952 2654//2174 2382//1950
f 2383//1951 2655//2175 2387//1955
f 2388//1956 2656//2176 2384//1952
f 2385//1953 2427//1985 2657//2177
f 2658//2178 2428//1986 2386//1954
f 2533//2077 2387//1955 2659//2179
f 2660//2180 2388//1956 2534//2078
f 2389//1957 2533//2077 2661//2181
f 2662//2182 2534//2078 2390//1958
f 2535//2079 2389//1957 2661//2181
f 2662//2182 2390//1958 2536//2080
f 2391//1959 2535//2079 2663//2183
f 2664//2184 2536//2080 2392//1960
f 2393//1961 2391//1959 2665//2185
f 2666//2186 2392//1960 2394//1962
f 2537//2081 2393//1961 2665//2185
f 2666//2186 2394//1962 2538//2082
f 2395//1963 2537//2081 2667//2187
f 2668//2188 2538//2082 2396//1964
f 2539//2083 2395//1963 2667//2187
f 2668//2188 2396//1964 2540//2084
f 2539//2083 2669//2189 2397//1965
f 2398//1966 2670//2190 2540//2084
f 2541//2085 2543//2087 2279//1871
f 2280//1872 2544//2088 2542//2086
f 2397//1965 2669//2189 2541//2085
f 2542//2086 2670//2190 2398//1966
f 2399//1967 2543//2087 2671//2191
f 2672//2192 2544//2088 2400//1968
f 2399//1967 2671//2191 2545//2089
f 2546//2090 2672//2192 2400//1968
f 2401//1969 2545//2089 2673//2193
f 2674//2194 2546//2090 2402//1970
f 2547//2091 2401//1969 2673//2193
f 2674//2194 2402//1970 2548//2092
f 2403//1971 2547//2091 2675//2195
f 2676//2196 2548//2092 2404//1972
f 2549//2093 2403//1971 2675//2195
f 2676//2196 2404//1972 2550//2094
f 2405//1973 2549//2093 2677//2197
f 2678//2198 2550//2094 2406//1974
f 2551//2095 2405//1973 2677//2197
f 2678//2198 2406//1974 2552//2096
f 2553//2097 2551//2095 2679//2199
f 2680//2200 2552//2096 2554//2098
f 2681//2201 2553//2097 2679//2199
f 2680//2200 2554//2098 2682//2202
f 2683//276 2684//2203 2563//274
f 2566//273 2685//2204 2686//275
f 2563//274 2684//2203 2564//2099
f 2565//2100 2685//2204 2566//273
f 2564//2099 2687//2205 2418//1977
f 2419//1978 2688//2206 2565//2100
f 2418//1977 2687//2205 2567//2101
f 2568//2102 2688//2206 2419//1978
f 2567//2101 2689//2207 2421//1979
f 2422//1980 2690//2208 2568//2102
f 2421//1979 2689//2207 2569//2103
f 2570//2104 2690//2208 2422//1980
f 2569//2103 2691//2209 2423//1981
f 2424//1982 2692//2210 2570//2104
f 2423//1981 2691//2209 2571//2105
f 2572//2106 2692//2210 2424//1982
f 2425//1983 2571//2105 2693//2211
f 2694//2212 2572//2106 2426//1984
f 2425//1983 2693//2211 2429//1987
f 2430//1988 2694//2212 2426//1984
f 2573//2107 2695//2213 2427//1985
f 2428//1986 2696//2214 2574//2108
f 2429//1987 2693//2211 2431//1989
f 2432//1990 2694//2212 2430//1988
f 2697//2215 2575//2109 2431//1989
f 2432//1990 2576//2110 2698//2216
f 2436//1993 2433//1991 2699//2217
f 2700//2218 2434//1992 2437//1994
f 2436//1993 2701//2219 2578//2111
f 2579//2112 2702//2220 2437//1994
f 2703//362 2578//2111 2704//2221
f 2705//2222 2579//2112 2706//361
f 2433//1991 2439//1995 2699//2217
f 2700//2218 2440//1996 2434//1992
f 2439//1995 2441//1997 2707//2223
f 2708//2224 2442//1998 2440//1996
f 2441//1997 2443//1999 2709//2225
f 2710//2226 2444//2000 2442//1998
f 2443//1999 2445//2001 2711//2227
f 2712//2228 2446//2002 2444//2000
f 2447//2003 2713//2229 2445//2001
f 2446//2002 2714//2230 2448//2004
f 2449//2005 2715//2231 2447//2003
f 2448//2004 2716//2232 2450//2006
f 2451//2007 2717//2233 2449//2005
f 2450//2006 2718//2234 2452//2008
f 2453//2009 2719//2235 2451//2007
f 2452//2008 2720//2236 2454//2010
f 2455//2011 2721//2237 2453//2009
f 2454//2010 2722//2238 2456//2012
f 2457//2013 2723//2239 2455//2011
f 2456//2012 2724//2240 2458//2014
f 2459//2015 2725//2241 2457//2013
f 2458//2014 2726//2242 2460//2016
f 2461//2017 2727//2243 2459//2015
f 2460//2016 2728//2244 2462//2018
f 2575//2109 2729//2245 2461//2017
f 2462//2018 2730//2246 2576//2110
f 2467//2021 2464//2019 2731//2247
f 2732//2248 2465//2020 2468//2022
f 2582//2113 2733//362 2734//2249
f 2735//2250 2736//361 2583//2114
f 2737//2251 2464//2019 2582//2113
f 2583//2114 2465//2020 2738//2252
f 2469//2023 2467//2021 2731//2247
f 2732//2248 2468//2022 2470//2024
f 2469//2023 2739//2253 2471//2025
f 2472//2026 2740//2254 2470//2024
f 2471//2025 2741//2255 2473//2027
f 2474//2028 2742//2256 2472//2026
f 2473//2027 2743//2257 2475//2029
f 2476//2030 2744//2258 2474//2028
f 2477//2031 2475//2029 2745//2259
f 2746//2260 2476//2030 2478//2032
f 2479//2033 2477//2031 2747//2261
f 2748//2262 2478//2032 2480//2034
f 2481//2035 2479//2033 2749//2263
f 2750//2264 2480//2034 2482//2036
f 2483//2037 2481//2035 2751//2265
f 2752//2266 2482//2036 2484//2038
f 2485//2039 2483//2037 2753//2267
f 2754//2268 2484//2038 2486//2040
f 2487//2041 2485//2039 2755//2269
f 2756//2270 2486//2040 2488//2042
f 2487//2041 2757//2271 2489//2043
f 2490//2044 2758//2272 2488//2042
f 2489//2043 2759//2273 2491//2045
f 2492//2046 2760//2274 2490//2044
f 2491//2045 2761//2275 2573//2107
f 2574//2108 2762//2276 2492//2046
f 2377//1945 2649//2169 2585//2115
f 2586//2116 2650//2170 2378//1946
f 2319//1897 2585//2115 2587//2117
f 2588//2118 2586//2116 2320//1898
f 2321//1899 2587//2117 2589//2119
f 2590//2120 2588//2118 2322//1900
f 2589//2119 2591//2121 2323//1901
f 2324//1902 2592//2122 2590//2120
f 2591//2121 2593//2123 2325//1903
f 2326//1904 2594//2124 2592//2122
f 2593//2123 2595//2125 2327//1905
f 2328//1906 2596//2126 2594//2124
f 2595//2125 2597//2127 2329//1907
f 2330//1908 2598//2128 2596//2126
f 2597//2127 2599//2129 2331//1909
f 2332//1910 2600//2130 2598//2128
f 2599//2129 2601//2131 2333//1911
f 2334//1912 2602//2132 2600//2130
f 2335//1913 2601//2131 2603//2133
f 2604//2134 2602//2132 2336//1914
f 2337//1915 2603//2133 2605//2135
f 2606//2136 2604//2134 2338//1916
f 2339//1917 2605//2135 2607//2137
f 2608//2138 2606//2136 2340//1918
f 2379//1947 2607//2137 2651//2171
f 2652//2172 2608//2138 2380//1948
f 2618//2140 2681//2201 2763//2277
f 2764//2278 2682//2202 2619//2141
f 2622//282 2765//2279 2683//276
f 2686//275 2766//2280 2623//281
f 2617//2139 2618//2140 2763//2277
f 2764//2278 2619//2141 2620//2142
f 2621//2143 2765//2279 2622//282
f 2623//281 2766//2280 2624//2144
f 2501//2047 2617//2139 2767//2281
f 2768//2282 2620//2142 2504//2050
f 2505//2051 2769//2283 2621//2143
f 2624//2144 2770//2284 2508//2052
f 2625//2145 2501//2047 2767//2281
f 2768//2282 2504//2050 2626//2146
f 2627//2147 2769//2283 2505//2051
f 2508//2052 2770//2284 2628//2148
f 2509//2053 2625//2145 2771//2285
f 2772//2286 2626//2146 2510//2054
f 2511//2055 2773//2287 2627//2147
f 2628//2148 2774//2288 2512//2056
f 2629//2149 2509//2053 2771//2285
f 2772//2286 2510//2054 2630//2150
f 2631//2151 2773//2287 2511//2055
f 2512//2056 2774//2288 2632//2152
f 2513//2057 2629//2149 2775//2289
f 2776//2290 2630//2150 2514//2058
f 2777//2291 2631//2151 2515//2059
f 2516//2060 2632//2152 2778//2292
f 2633//2153 2513//2057 2775//2289
f 2776//2290 2514//2058 2634//2154
f 2635//2155 2777//2291 2515//2059
f 2516//2060 2778//2292 2636//2156
f 2517//2061 2633//2153 2779//2293
f 2780//2294 2634//2154 2518//2062
f 2519//2063 2657//2177 2635//2155
f 2636//2156 2658//2178 2520//2064
f 2517//2061 2779//2293 2521//2065
f 2522//2066 2780//2294 2518//2062
f 2519//2063 2385//1953 2657//2177
f 2658//2178 2386//1954 2520//2064
f 2521//2065 2781//2295 2637//2157
f 2638//2158 2782//2296 2522//2066
f 2523//2067 2637//2157 2783//2297
f 2784//2298 2638//2158 2524//2068
f 2523//2067 2783//2297 2639//2159
f 2640//2160 2784//2298 2524//2068
f 2639//2159 2785//2299 2525//2069
f 2526//2070 2786//2300 2640//2160
f 2525//2069 2785//2299 2641//2161
f 2642//2162 2786//2300 2526//2070
f 2369//1937 2641//2161 2643//2163
f 2644//2164 2642//2162 2370//1938
f 2643//2163 2787//2301 2527//2071
f 2528//2072 2788//2302 2644//2164
f 2527//2071 2787//2301 2645//2165
f 2646//2166 2788//2302 2528//2072
f 2645//2165 2789//2303 2529//2073
f 2530//2074 2790//2304 2646//2166
f 2529//2073 2789//2303 2647//2167
f 2648//2168 2790//2304 2530//2074
f 2647//2167 2791//2305 2531//2075
f 2532//2076 2792//2306 2648//2168
f 2531//2075 2791//2305 2649//2169
f 2650//2170 2792//2306 2532//2076
f 2381//1949 2651//2171 2653//2173
f 2654//2174 2652//2172 2382//1950
f 2383//1951 2653//2173 2655//2175
f 2656//2176 2654//2174 2384//1952
f 2387//1955 2655//2175 2659//2179
f 2660//2180 2656//2176 2388//1956
f 2657//2177 2427//1985 2695//2213
f 2696//2214 2428//1986 2658//2178
f 2533//2077 2659//2179 2793//2307
f 2794//2308 2660//2180 2534//2078
f 2661//2181 2533//2077 2793//2307
f 2794//2308 2534//2078 2662//2182
f 2535//2079 2661//2181 2795//2309
f 2796//2310 2662//2182 2536//2080
f 2663//2183 2535//2079 2795//2309
f 2796//2310 2536//2080 2664//2184
f 2665//2185 2391//1959 2663//2183
f 2664//2184 2392//1960 2666//2186
f 2537//2081 2665//2185 2797//2311
f 2798//2312 2666//2186 2538//2082
f 2667//2187 2537//2081 2797//2311
f 2798//2312 2538//2082 2668//2188
f 2539//2083 2667//2187 2799//2313
f 2800//2314 2668//2188 2540//2084
f 2669//2189 2539//2083 2799//2313
f 2800//2314 2540//2084 2670//2190
f 2541//2085 2801//2315 2543//2087
f 2544//2088 2802//2316 2542//2086
f 2669//2189 2801//2315 2541//2085
f 2542//2086 2802//2316 2670//2190
f 2543//2087 2803//2317 2671//2191
f 2672//2192 2804//2318 2544//2088
f 2545//2089 2671//2191 2805//2319
f 2806//2320 2672//2192 2546//2090
f 2545//2089 2805//2319 2673//2193
f 2674//2194 2806//2320 2546//2090
f 2547//2091 2673//2193 2807//2321
f 2808//2322 2674//2194 2548//2092
f 2675//2195 2547//2091 2807//2321
f 2808//2322 2548//2092 2676//2196
f 2549//2093 2675//2195 2677//2197
f 2678//2198 2676//2196 2550//2094
f 2551//2095 2677//2197 2809//2323
f 2810//2324 2678//2198 2552//2096
f 2679//2199 2551//2095 2809//2323
f 2810//2324 2552//2096 2680//2200
f 2681//2201 2679//2199 2763//2277
f 2764//2278 2680//2200 2682//2202
f 2683//276 2765//2279 2684//2203
f 2685//2204 2766//2280 2686//275
f 2684//2203 2811//2325 2564//2099
f 2565//2100 2812//2326 2685//2204
f 2564//2099 2811//2325 2687//2205
f 2688//2206 2812//2326 2565//2100
f 2687//2205 2689//2207 2567//2101
f 2568//2102 2690//2208 2688//2206
f 2689//2207 2813//2327 2569//2103
f 2570//2104 2814//2328 2690//2208
f 2569//2103 2813//2327 2691//2209
f 2692//2210 2814//2328 2570//2104
f 2571//2105 2691//2209 2815//2329
f 2816//2330 2692//2210 2572//2106
f 2571//2105 2815//2329 2693//2211
f 2694//2212 2816//2330 2572//2106
f 2573//2107 2817//2331 2695//2213
f 2696//2214 2818//2332 2574//2108
f 2693//2211 2697//2215 2431//1989
f 2432//1990 2698//2216 2694//2212
f 2697//2215 2819//2333 2575//2109
f 2576//2110 2820//2334 2698//2216
f 2436//1993 2699//2217 2701//2219
f 2702//2220 2700//2218 2437//1994
f 2578//2111 2701//2219 2704//2221
f 2705//2222 2702//2220 2579//2112
f 2821//362 2704//2221 2822//2335
f 2823//2336 2705//2222 2824//361
f 2439//1995 2707//2223 2699//2217
f 2700//2218 2708//2224 2440//1996
f 2441//1997 2709//2225 2707//2223
f 2708//2224 2710//2226 2442//1998
f 2443//1999 2711//2227 2709//2225
f 2710//2226 2712//2228 2444//2000
f 2445//2001 2713//2229 2711//2227
f 2712//2228 2714//2230 2446//2002
f 2715//2231 2713//2229 2447//2003
f 2448//2004 2714//2230 2716//2232
f 2717//2233 2715//2231 2449//2005
f 2450//2006 2716//2232 2718//2234
f 2719//2235 2717//2233 2451//2007
f 2452//2008 2718//2234 2720//2236
f 2721//2237 2719//2235 2453//2009
f 2454//2010 2720//2236 2722//2238
f 2723//2239 2721//2237 2455//2011
f 2456//2012 2722//2238 2724//2240
f 2725//2241 2723//2239 2457//2013
f 2458//2014 2724//2240 2726//2242
f 2727//2243 2725//2241 2459//2015
f 2460//2016 2726//2242 2728//2244
f 2729//2245 2727//2243 2461//2017
f 2462//2018 2728//2244 2730//2246
f 2819//2333 2729//2245 2575//2109
f 2576//2110 2730//2246 2820//2334
f 2731//2247 2464//2019 2737//2251
f 2738//2252 2465//2020 2732//2248
f 2737//2251 2582//2113 2734//2249
f 2735//2250 2583//2114 2738//2252
f 2734//2249 2825//362 2826//2337
f 2827//2338 2828//361 2735//2250
f 2469//2023 2731//2247 2739//2253
f 2740//2254 2732//2248 2470//2024
f 2471//2025 2739//2253 2741//2255
f 2742//2256 2740//2254 2472//2026
f 2473//2027 2741//2255 2743//2257
f 2744//2258 2742//2256 2474//2028
f 2475//2029 2743//2257 2745//2259
f 2746//2260 2744//2258 2476//2030
f 2747//2261 2477//2031 2745//2259
f 2746//2260 2478//2032 2748//2262
f 2749//2263 2479//2033 2747//2261
f 2748//2262 2480//2034 2750//2264
f 2751//2265 2481//2035 2749//2263
f 2750//2264 2482//2036 2752//2266
f 2753//2267 2483//2037 2751//2265
f 2752//2266 2484//2038 2754//2268
f 2755//2269 2485//2039 2753//2267
f 2754//2268 2486//2040 2756//2270
f 2755//2269 2757//2271 2487//2041
f 2488//2042 2758//2272 2756//2270
f 2757//2271 2759//2273 2489//2043
f 2490//2044 2760//2274 2758//2272
f 2759//2273 2761//2275 2491//2045
f 2492//2046 2762//2276 2760//2274
f 2761//2275 2817//2331 2573//2107
f 2574//2108 2818//2332 2762//2276
f 2649//2169 2829//2339 2585//2115
f 2586//2116 2830//2340 2650//2170
f 2585//2115 2831//2341 2587//2117
f 2588//2118 2832//2342 2586//2116
f 2587//2117 2833//2343 2589//2119
f 2590//2120 2834//2344 2588//2118
f 2589//2119 2835//2345 2591//2121
f 2592//2122 2836//2346 2590//2120
f 2591//2121 2837//2347 2593//2123
f 2594//2124 2838//2348 2592//2122
f 2593//2123 2839//2349 2595//2125
f 2596//2126 2840//2350 2594//2124
f 2595//2125 2841//2351 2597//2127
f 2598//2128 2842//2352 2596//2126
f 2597//2127 2843//2353 2599//2129
f 2600//2130 2844//2354 2598//2128
f 2599//2129 2845//2355 2601//2131
f 2602//2132 2846//2356 2600//2130
f 2601//2131 2847//2357 2603//2133
f 2604//2134 2848//2358 2602//2132
f 2603//2133 2849//2359 2605//2135
f 2606//2136 2850//2360 2604//2134
f 2605//2135 2851//2361 2607//2137
f 2608//2138 2852//2362 2606//2136
f 2607//2137 2853//2363 2651//2171
f 2652//2172 2854//2364 2608//2138
f 2617//2139 2763//2277 2855//2365
f 2856//2366 2764//2278 2620//2142
f 2621//2143 2857//2367 2765//2279
f 2766//2280 2858//2368 2624//2144
f 2767//2281 2617//2139 2855//2365
f 2856//2366 2620//2142 2768//2282
f 2769//2283 2857//2367 2621//2143
f 2624//2144 2858//2368 2770//2284
f 2625//2145 2767//2281 2859//2369
f 2860//2370 2768//2282 2626//2146
f 2627//2147 2861//2371 2769//2283
f 2770//2284 2862//2372 2628//2148
f 2771//2285 2625//2145 2863//2373
f 2864//2374 2626//2146 2772//2286
f 2773//2287 2865//2375 2627//2147
f 2628//2148 2866//2376 2774//2288
f 2629//2149 2771//2285 2867//2377
f 2868//2378 2772//2286 2630//2150
f 2631//2151 2869//2379 2773//2287
f 2774//2288 2870//2380 2632//2152
f 2775//2289 2629//2149 2867//2377
f 2868//2378 2630//2150 2776//2290
f 2777//2291 2869//2379 2631//2151
f 2632//2152 2870//2380 2778//2292
f 2633//2153 2775//2289 2871//2381
f 2872//2382 2776//2290 2634//2154
f 2635//2155 2873//2383 2777//2291
f 2778//2292 2874//2384 2636//2156
f 2633//2153 2871//2381 2779//2293
f 2780//2294 2872//2382 2634//2154
f 2635//2155 2657//2177 2873//2383
f 2874//2384 2658//2178 2636//2156
f 2521//2065 2779//2293 2781//2295
f 2782//2296 2780//2294 2522//2066
f 2875//2385 2637//2157 2781//2295
f 2782//2296 2638//2158 2876//2386
f 2637//2157 2875//2385 2783//2297
f 2784//2298 2876//2386 2638//2158
f 2877//2387 2639//2159 2783//2297
f 2784//2298 2640//2160 2878//2388
f 2639//2159 2877//2387 2785//2299
f 2786//2300 2878//2388 2640//2160
f 2785//2299 2879//2389 2641//2161
f 2642//2162 2880//2390 2786//2300
f 2641//2161 2881//2391 2643//2163
f 2644//2164 2882//2392 2642//2162
f 2643//2163 2881//2391 2787//2301
f 2788//2302 2882//2392 2644//2164
f 2787//2301 2883//2393 2645//2165
f 2646//2166 2884//2394 2788//2302
f 2645//2165 2883//2393 2789//2303
f 2790//2304 2884//2394 2646//2166
f 2789//2303 2885//2395 2647//2167
f 2648//2168 2886//2396 2790//2304
f 2647//2167 2885//2395 2791//2305
f 2792//2306 2886//2396 2648//2168
f 2791//2305 2887//2397 2649//2169
f 2650//2170 2888//2398 2792//2306
f 2651//2171 2889//2399 2653//2173
f 2654//2174 2890//2400 2652//2172
f 2653//2173 2891//2401 2655//2175
f 2656//2176 2892//2402 2654//2174
f 2659//2179 2655//2175 2893//2403
f 2894//2404 2656//2176 2660//2180
f 2657//2177 2695//2213 2873//2383
f 2874//2384 2696//2214 2658//2178
f 2793//2307 2659//2179 2895//2405
f 2896//2406 2660//2180 2794//2308
f 2661//2181 2793//2307 2897//2407
f 2898//2408 2794//2308 2662//2182
f 2795//2309 2661//2181 2897//2407
f 2898//2408 2662//2182 2796//2310
f 2663//2183 2795//2309 2899//2409
f 2900//2410 2796//2310 2664//2184
f 2665//2185 2663//2183 2901//2411
f 2902//2412 2664//2184 2666//2186
f 2797//2311 2665//2185 2901//2411
f 2902//2412 2666//2186 2798//2312
f 2667//2187 2797//2311 2903//2413
f 2904//2414 2798//2312 2668//2188
f 2799//2313 2667//2187 2903//2413
f 2904//2414 2668//2188 2800//2314
f 2669//2189 2799//2313 2905//2415
f 2906//2416 2800//2314 2670//2190
f 2543//2087 2801//2315 2803//2317
f 2804//2318 2802//2316 2544//2088
f 2801//2315 2669//2189 2905//2415
f 2906//2416 2670//2190 2802//2316
f 2671//2191 2803//2317 2907//2417
f 2908//2418 2804//2318 2672//2192
f 2671//2191 2907//2417 2805//2319
f 2806//2320 2908//2418 2672//2192
f 2673//2193 2805//2319 2909//2419
f 2910//2420 2806//2320 2674//2194
f 2673//2193 2909//2419 2807//2321
f 2808//2322 2910//2420 2674//2194
f 2675//2195 2807//2321 2911//2421
f 2912//2422 2808//2322 2676//2196
f 2677//2197 2675//2195 2913//2423
f 2914//2424 2676//2196 2678//2198
f 2809//2323 2677//2197 2913//2423
f 2914//2424 2678//2198 2810//2324
f 2679//2199 2809//2323 2915//2425
f 2916//2426 2810//2324 2680//2200
f 2763//2277 2679//2199 2915//2425
f 2916//2426 2680//2200 2764//2278
f 2765//2279 2917//2427 2684//2203
f 2685//2204 2918//2428 2766//2280
f 2684//2203 2917//2427 2811//2325
f 2812//2326 2918//2428 2685//2204
f 2811//2325 2919//2429 2687//2205
f 2688//2206 2920//2430 2812//2326
f 2687//2205 2919//2429 2689//2207
f 2690//2208 2920//2430 2688//2206
f 2689//2207 2921//2431 2813//2327
f 2814//2328 2922//2432 2690//2208
f 2691//2209 2813//2327 2923//2433
f 2924//2434 2814//2328 2692//2210
f 2691//2209 2923//2433 2815//2329
f 2816//2330 2924//2434 2692//2210
f 2693//2211 2815//2329 2697//2215
f 2698//2216 2816//2330 2694//2212
f 2817//2331 2925//2435 2695//2213
f 2696//2214 2926//2436 2818//2332
f 2927//2437 2819//2333 2697//2215
f 2698//2216 2820//2334 2928//2438
f 2699//2217 2707//2223 2701//2219
f 2702//2220 2708//2224 2700//2218
f 2704//2221 2701//2219 2929//2439
f 2930//2440 2702//2220 2705//2222
f 2704//2221 2931//2441 2822//2335
f 2823//2336 2932//2442 2705//2222
f 2933//362 2822//2335 2934//2443
f 2935//2444 2823//2336 2936//361
f 2707//2223 2709//2225 2937//2445
f 2938//2446 2710//2226 2708//2224
f 2709//2225 2711//2227 2939//2447
f 2940//2448 2712//2228 2710//2226
f 2711//2227 2713//2229 2941//2449
f 2942//2450 2714//2230 2712//2228
f 2715//2231 2943//2451 2713//2229
f 2714//2230 2944//2452 2716//2232
f 2717//2233 2945//2453 2715//2231
f 2716//2232 2946//2454 2718//2234
f 2719//2235 2947//2455 2717//2233
f 2718//2234 2948//2456 2720//2236
f 2721//2237 2949//2457 2719//2235
f 2720//2236 2950//2458 2722//2238
f 2723//2239 2951//2459 2721//2237
f 2722//2238 2952//2460 2724//2240
f 2725//2241 2953//2461 2723//2239
f 2724//2240 2954//2462 2726//2242
f 2727//2243 2955//2463 2725//2241
f 2726//2242 2956//2464 2728//2244
f 2729//2245 2957//2465 2727//2243
f 2728//2244 2958//2466 2730//2246
f 2819//2333 2959//2467 2729//2245
f 2730//2246 2960//2468 2820//2334
f 2731//2247 2737//2251 2739//2253
f 2740//2254 2738//2252 2732//2248
f 2737//2251 2734//2249 2961//2469
f 2962//2470 2735//2250 2738//2252
f 2963//362 2964//2471 2826//2337
f 2827//2338 2965//2472 2966//361
f 2734//2249 2826//2337 2967//2473
f 2968//2474 2827//2338 2735//2250
f 2739//2253 2969//2475 2741//2255
f 2742//2256 2970//2476 2740//2254
f 2741//2255 2971//2477 2743//2257
f 2744//2258 2972//2478 2742//2256
f 2743//2257 2973//2479 2745//2259
f 2746//2260 2974//2480 2744//2258
f 2747//2261 2745//2259 2975//2481
f 2976//2482 2746//2260 2748//2262
f 2749//2263 2747//2261 2977//2483
f 2978//2484 2748//2262 2750//2264
f 2751//2265 2749//2263 2979//2485
f 2980//2486 2750//2264 2752//2266
f 2753//2267 2751//2265 2981//2487
f 2982//2488 2752//2266 2754//2268
f 2755//2269 2753//2267 2983//2489
f 2984//2490 2754//2268 2756//2270
f 2755//2269 2985//2491 2757//2271
f 2758//2272 2986//2492 2756//2270
f 2757//2271 2987//2493 2759//2273
f 2760//2274 2988//2494 2758//2272
f 2759//2273 2989//2495 2761//2275
f 2762//2276 2990//2496 2760//2274
f 2761//2275 2991//2497 2817//2331
f 2818//2332 2992//2498 2762//2276
f 2649//2169 2887//2397 2829//2339
f 2830//2340 2888//2398 2650//2170
f 2585//2115 2829//2339 2831//2341
f 2832//2342 2830//2340 2586//2116
f 2587//2117 2831//2341 2833//2343
f 2834//2344 2832//2342 2588//2118
f 2589//2119 2833//2343 2835//2345
f 2836//2346 2834//2344 2590//2120
f 2591//2121 2835//2345 2837//2347
f 2838//2348 2836//2346 2592//2122
f 2593//2123 2837//2347 2839//2349
f 2840//2350 2838//2348 2594//2124
f 2595//2125 2839//2349 2841//2351
f 2842//2352 2840//2350 2596//2126
f 2597//2127 2841//2351 2843//2353
f 2844//2354 2842//2352 2598//2128
f 2599//2129 2843//2353 2845//2355
f 2846//2356 2844//2354 2600//2130
f 2601//2131 2845//2355 2847//2357
f 2848//2358 2846//2356 2602//2132
f 2847//2357 2849//2359 2603//2133
f 2604//2134 2850//2360 2848//2358
f 2849//2359 2851//2361 2605//2135
f 2606//2136 2852//2362 2850//2360
f 2851//2361 2853//2363 2607//2137
f 2608//2138 2854//2364 2852//2362
f 2853//2363 2889//2399 2651//2171
f 2652//2172 2890//2400 2854//2364
f 2855//2365 2763//2277 2915//2425
f 2916//2426 2764//2278 2856//2366
f 2857//2367 2917//2427 2765//2279
f 2766//2280 2918//2428 2858//2368
f 2767//2281 2855//2365 2993//2499
f 2994//2500 2856//2366 2768//2282
f 2769//2283 2995//2501 2857//2367
f 2858//2368 2996//2502 2770//2284
f 2767//2281 2993//2499 2859//2369
f 2860//2370 2994//2500 2768//2282
f 2625//2145 2859//2369 2863//2373
f 2864//2374 2860//2370 2626//2146
f 2769//2283 2861//2371 2995//2501
f 2996//2502 2862//2372 2770//2284
f 2627//2147 2865//2375 2861//2371
f 2862//2372 2866//2376 2628//2148
f 2771//2285 2863//2373 2997//2503
f 2998//2504 2864//2374 2772//2286
f 2773//2287 2999//2505 2865//2375
f 2866//2376 3000//2506 2774//2288
f 2867//2377 2771//2285 2997//2503
f 2998//2504 2772//2286 2868//2378
f 2869//2379 2999//2505 2773//2287
f 2774//2288 3000//2506 2870//2380
f 2867//2377 3001//2507 2775//2289
f 2776//2290 3002//2508 2868//2378
f 2869//2379 2777//2291 3003//2509
f 3004//2510 2778//2292 2870//2380
f 2775//2289 3001//2507 2871//2381
f 2872//2382 3002//2508 2776//2290
f 2777//2291 2873//2383 3003//2509
f 3004//2510 2874//2384 2778//2292
f 2779//2293 2871//2381 3005//2511
f 3006//2512 2872//2382 2780//2294
f 2779//2293 3005//2511 2781//2295
f 2782//2296 3006//2512 2780//2294
f 2875//2385 2781//2295 3007//2513
f 3008//2514 2782//2296 2876//2386
f 3009//2515 2783//2297 2875//2385
f 2876//2386 2784//2298 3010//2516
f 2877//2387 2783//2297 3009//2515
f 3010//2516 2784//2298 2878//2388
f 2877//2387 3011//2517 2785//2299
f 2786//2300 3012//2518 2878//2388
f 2785//2299 3011//2517 2879//2389
f 2880//2390 3012//2518 2786//2300
f 2641//2161 2879//2389 2881//2391
f 2882//2392 2880//2390 2642//2162
f 2881//2391 3013//2519 2787//2301
f 2788//2302 3014//2520 2882//2392
f 2787//2301 3013//2519 2883//2393
f 2884//2394 3014//2520 2788//2302
f 2883//2393 3015//2521 2789//2303
f 2790//2304 3016//2522 2884//2394
f 2789//2303 3015//2521 2885//2395
f 2886//2396 3016//2522 2790//2304
f 2885//2395 3017//2523 2791//2305
f 2792//2306 3018//2524 2886//2396
f 2791//2305 3017//2523 2887//2397
f 2888//2398 3018//2524 2792//2306
f 2889//2399 2891//2401 2653//2173
f 2654//2174 2892//2402 2890//2400
f 2655//2175 2891//2401 2893//2403
f 2894//2404 2892//2402 2656//2176
f 2659//2179 2893//2403 2895//2405
f 2896//2406 2894//2404 2660//2180
f 2873//2383 2695//2213 2925//2435
f 2926//2436 2696//2214 2874//2384
f 2793//2307 2895//2405 3019//2525
f 3020//2526 2896//2406 2794//2308
f 2897//2407 2793//2307 3019//2525
f 3020//2526 2794//2308 2898//2408
f 2795//2309 2897//2407 3021//2527
f 3022//2528 2898//2408 2796//2310
f 2899//2409 2795//2309 3021//2527
f 3022//2528 2796//2310 2900//2410
f 2901//2411 2663//2183 2899//2409
f 2900//2410 2664//2184 2902//2412
f 2797//2311 2901//2411 3023//2529
f 3024//2530 2902//2412 2798//2312
f 2903//2413 2797//2311 3023//2529
f 3024//2530 2798//2312 2904//2414
f 2799//2313 2903//2413 3025//2531
f 3026//2532 2904//2414 2800//2314
f 2905//2415 2799//2313 3025//2531
f 3026//2532 2800//2314 2906//2416
f 2803//2317 2801//2315 3027//2533
f 3028//2534 2802//2316 2804//2318
f 2801//2315 2905//2415 3027//2533
f 3028//2534 2906//2416 2802//2316
f 2907//2417 2803//2317 3029//2535
f 3030//2536 2804//2318 2908//2418
f 2805//2319 2907//2417 3031//2537
f 3032//2538 2908//2418 2806//2320
f 2805//2319 3031//2537 2909//2419
f 2910//2420 3032//2538 2806//2320
f 2807//2321 2909//2419 3033//2539
f 3034//2540 2910//2420 2808//2322
f 2807//2321 3033//2539 2911//2421
f 2912//2422 3034//2540 2808//2322
f 2675//2195 2911//2421 2913//2423
f 2914//2424 2912//2422 2676//2196
f 2809//2323 2913//2423 3035//2541
f 3036//2542 2914//2424 2810//2324
f 2809//2323 3035//2541 2915//2425
f 2916//2426 3036//2542 2810//2324
f 2917//2427 3037//2543 2811//2325
f 2812//2326 3038//2544 2918//2428
f 2811//2325 3037//2543 2919//2429
f 2920//2430 3038//2544 2812//2326
f 2919//2429 2921//2431 2689//2207
f 2690//2208 2922//2432 2920//2430
f 2813//2327 2921//2431 3039//2545
f 3040//2546 2922//2432 2814//2328
f 2813//2327 3039//2545 2923//2433
f 2924//2434 3040//2546 2814//2328
f 2815//2329 2923//2433 2927//2437
f 2928//2438 2924//2434 2816//2330
f 2815//2329 2927//2437 2697//2215
f 2698//2216 2928//2438 2816//2330
f 2817//2331 3041//2547 2925//2435
f 2926//2436 3042//2548 2818//2332
f 2927//2437 3043//2549 2819//2333
f 2820//2334 3044//2550 2928//2438
f 2701//2219 2707//2223 2937//2445
f 2938//2446 2708//2224 2702//2220
f 2701//2219 2937//2445 2929//2439
f 2930//2440 2938//2446 2702//2220
f 2704//2221 2929//2439 2931//2441
f 2932//2442 2930//2440 2705//2222
f 2822//2335 2931//2441 2934//2443
f 2935//2444 2932//2442 2823//2336
f 3045//362 2934//2443 3046//2551
f 3047//2552 2935//2444 3048//361
f 2709//2225 2939//2447 2937//2445
f 2938//2446 2940//2448 2710//2226
f 2711//2227 2941//2449 2939//2447
f 2940//2448 2942//2450 2712//2228
f 2713//2229 2943//2451 2941//2449
f 2942//2450 2944//2452 2714//2230
f 2945//2453 2943//2451 2715//2231
f 2716//2232 2944//2452 2946//2454
f 2947//2455 2945//2453 2717//2233
f 2718//2234 2946//2454 2948//2456
f 2949//2457 2947//2455 2719//2235
f 2720//2236 2948//2456 2950//2458
f 2951//2459 2949//2457 2721//2237
f 2722//2238 2950//2458 2952//2460
f 2953//2461 2951//2459 2723//2239
f 2724//2240 2952//2460 2954//2462
f 2955//2463 2953//2461 2725//2241
f 2726//2242 2954//2462 2956//2464
f 2957//2465 2955//2463 2727//2243
f 2728//2244 2956//2464 2958//2466
f 2959//2467 2957//2465 2729//2245
f 2730//2246 2958//2466 2960//2468
f 3043//2549 2959//2467 2819//2333
f 2820//2334 2960//2468 3044//2550
f 2739//2253 2737//2251 2969//2475
f 2970//2476 2738//2252 2740//2254
f 2961//2469 2734//2249 2967//2473
f 2968//2474 2735//2250 2962//2470
f 2737//2251 2961//2469 2969//2475
f 2970//2476 2962//2470 2738//2252
f 2967//2473 2826//2337 2964//2471
f 2965//2472 2827//2338 2968//2474
f 3049//362 3050//2553 2964//2471
f 2965//2472 3051//2554 3052//361
f 2741//2255 2969//2475 2971//2477
f 2972//2478 2970//2476 2742//2256
f 2743//2257 2971//2477 2973//2479
f 2974//2480 2972//2478 2744//2258
f 2973//2479 2975//2481 2745//2259
f 2746//2260 2976//2482 2974//2480
f 2977//2483 2747//2261 2975//2481
f 2976//2482 2748//2262 2978//2484
f 2979//2485 2749//2263 2977//2483
f 2978//2484 2750//2264 2980//2486
f 2981//2487 2751//2265 2979//2485
f 2980//2486 2752//2266 2982//2488
f 2983//2489 2753//2267 2981//2487
f 2982//2488 2754//2268 2984//2490
f 2755//2269 2983//2489 2985//2491
f 2986//2492 2984//2490 2756//2270
f 2985//2491 2987//2493 2757//2271
f 2758//2272 2988//2494 2986//2492
f 2987//2493 2989//2495 2759//2273
f 2760//2274 2990//2496 2988//2494
f 2989//2495 2991//2497 2761//2275
f 2762//2276 2992//2498 2990//2496
f 2991//2497 3041//2547 2817//2331
f 2818//2332 3042//2548 2992//2498
f 2887//2397 3053//2555 2829//2339
f 2830//2340 3054//2556 2888//2398
f 2829//2339 3055//2557 2831//2341
f 2832//2342 3056//2558 2830//2340
f 2831//2341 3057//2559 2833//2343
f 2834//2344 3058//2560 2832//2342
f 2833//2343 3059//2561 2835//2345
f 2836//2346 3060//2562 2834//2344
f 2835//2345 3061//2563 2837//2347
f 2838//2348 3062//2564 2836//2346
f 2837//2347 3063//2565 2839//2349
f 2840//2350 3064//2566 2838//2348
f 2839//2349 3065//2567 2841//2351
f 2842//2352 3066//2568 2840//2350
f 2841//2351 3067//2569 2843//2353
f 2844//2354 3068//2570 2842//2352
f 2843//2353 3069//2571 2845//2355
f 2846//2356 3070//2572 2844//2354
f 2845//2355 3071//2573 2847//2357
f 2848//2358 3072//2574 2846//2356
f 2847//2357 3073//2575 2849//2359
f 2850//2360 3074//2576 2848//2358
f 2849//2359 3075//2577 2851//2361
f 2852//2362 3076//2578 2850//2360
f 2851//2361 3077//2579 2853//2363
f 2854//2364 3078//2580 2852//2362
f 2853//2363 3079//2581 2889//2399
f 2890//2400 3080//2582 2854//2364
f 2855//2365 2915//2425 3081//2583
f 3082//2584 2916//2426 2856//2366
f 2857//2367 3083//2585 2917//2427
f 2918//2428 3084//2586 2858//2368
f 2855//2365 3081//2583 2993//2499
f 2994//2500 3082//2584 2856//2366
f 2857//2367 2995//2501 3083//2585
f 3084//2586 2996//2502 2858//2368
f 2993//2499 3085//2587 2859//2369
f 2860//2370 3086//2588 2994//2500
f 2863//2373 2859//2369 3087//2589
f 3088//2590 2860//2370 2864//2374
f 2995//2501 2861//2371 3089//2591
f 3090//2592 2862//2372 2996//2502
f 2865//2375 3091//2593 2861//2371
f 2862//2372 3092//2594 2866//2376
f 2997//2503 2863//2373 3087//2589
f 3088//2590 2864//2374 2998//2504
f 2999//2505 3091//2593 2865//2375
f 2866//2376 3092//2594 3000//2506
f 2997//2503 3093//2595 2867//2377
f 2868//2378 3094//2596 2998//2504
f 2999//2505 2869//2379 3095//2597
f 3096//2598 2870//2380 3000//2506
f 2867//2377 3093//2595 3001//2507
f 3002//2508 3094//2596 2868//2378
f 2869//2379 3003//2509 3095//2597
f 3096//2598 3004//2510 2870//2380
f 2871//2381 3001//2507 3097//2599
f 3098//2600 3002//2508 2872//2382
f 2873//2383 2925//2435 3003//2509
f 3004//2510 2926//2436 2874//2384
f 2871//2381 3097//2599 3005//2511
f 3006//2512 3098//2600 2872//2382
f 3007//2513 2781//2295 3005//2511
f 3006//2512 2782//2296 3008//2514
f 3099//2601 2875//2385 3007//2513
f 3008//2514 2876//2386 3100//2602
f 3009//2515 2875//2385 3099//2601
f 3100//2602 2876//2386 3010//2516
f 3101//2603 2877//2387 3009//2515
f 3010//2516 2878//2388 3102//2604
f 2877//2387 3101//2603 3011//2517
f 3012//2518 3102//2604 2878//2388
f 3011//2517 3103//2605 2879//2389
f 2880//2390 3104//2606 3012//2518
f 2879//2389 3105//2607 2881//2391
f 2882//2392 3106//2608 2880//2390
f 2881//2391 3105//2607 3013//2519
f 3014//2520 3106//2608 2882//2392
f 3013//2519 3107//2609 2883//2393
f 2884//2394 3108//2610 3014//2520
f 2883//2393 3107//2609 3015//2521
f 3016//2522 3108//2610 2884//2394
f 3015//2521 3109//2611 2885//2395
f 2886//2396 3110//2612 3016//2522
f 2885//2395 3109//2611 3017//2523
f 3018//2524 3110//2612 2886//2396
f 3017//2523 3111//2613 2887//2397
f 2888//2398 3112//2614 3018//2524
f 2889//2399 3113//2615 2891//2401
f 2892//2402 3114//2616 2890//2400
f 2893//2403 2891//2401 3115//2617
f 3116//2618 2892//2402 2894//2404
f 2895//2405 2893//2403 3117//2619
f 3118//2620 2894//2404 2896//2406
f 3019//2525 2895//2405 3119//2621
f 3120//2622 2896//2406 3020//2526
f 2897//2407 3019//2525 3121//2623
f 3122//2624 3020//2526 2898//2408
f 3021//2527 2897//2407 3121//2623
f 3122//2624 2898//2408 3022//2528
f 2899//2409 3021//2527 3123//2625
f 3124//2626 3022//2528 2900//2410
f 2901//2411 2899//2409 3125//2627
f 3126//2628 2900//2410 2902//2412
f 3023//2529 2901//2411 3125//2627
f 3126//2628 2902//2412 3024//2530
f 2903//2413 3023//2529 3127//2629
f 3128//2630 3024//2530 2904//2414
f 3025//2531 2903//2413 3127//2629
f 3128//2630 2904//2414 3026//2532
f 2905//2415 3025//2531 3129//2631
f 3130//2632 3026//2532 2906//2416
f 2803//2317 3027//2533 3029//2535
f 3030//2536 3028//2534 2804//2318
f 3027//2533 2905//2415 3129//2631
f 3130//2632 2906//2416 3028//2534
f 2907//2417 3029//2535 3131//2633
f 3132//2634 3030//2536 2908//2418
f 3031//2537 2907//2417 3131//2633
f 3132//2634 2908//2418 3032//2538
f 2909//2419 3031//2537 3133//2635
f 3134//2636 3032//2538 2910//2420
f 2909//2419 3133//2635 3033//2539
f 3034//2540 3134//2636 2910//2420
f 2911//2421 3033//2539 3135//2637
f 3136//2638 3034//2540 2912//2422
f 2913//2423 2911//2421 3137//2639
f 3138//2640 2912//2422 2914//2424
f 2913//2423 3137//2639 3035//2541
f 3036//2542 3138//2640 2914//2424
f 2915//2425 3035//2541 3081//2583
f 3082//2584 3036//2542 2916//2426
f 2917//2427 3083//2585 3037//2543
f 3038//2544 3084//2586 2918//2428
f 2919//2429 3037//2543 3139//2641
f 3140//2642 3038//2544 2920//2430
f 2919//2429 3139//2641 2921//2431
f 2922//2432 3140//2642 2920//2430
f 2921//2431 3141//2643 3039//2545
f 3040//2546 3142//2644 2922//2432
f 2923//2433 3039//2545 3143//2645
f 3144//2646 3040//2546 2924//2434
f 2923//2433 3143//2645 2927//2437
f 2928//2438 3144//2646 2924//2434
f 3041//2547 3145//2647 2925//2435
f 2926//2436 3146//2648 3042//2548
f 3143//2645 3043//2549 2927//2437
f 2928//2438 3044//2550 3144//2646
f 2929//2439 2937//2445 3147//2649
f 3148//2650 2938//2446 2930//2440
f 2929//2439 3147//2649 2931//2441
f 2932//2442 3148//2650 2930//2440
f 2934//2443 2931//2441 3149//2651
f 3150//2652 2932//2442 2935//2444
f 3046//2551 2934//2443 3151//2653
f 3152//2654 2935//2444 3047//2552
f 3153//362 3046//2551 3154//2655
f 3155//2656 3047//2552 3156//361
f 2937//2445 2939//2447 3147//2649
f 3148//2650 2940//2448 2938//2446
f 2939//2447 2941//2449 3157//2657
f 3158//2658 2942//2450 2940//2448
f 2941//2449 2943//2451 3159//2659
f 3160//2660 2944//2452 2942//2450
f 2945//2453 3161//2661 2943//2451
f 2944//2452 3162//2662 2946//2454
f 2947//2455 3163//2663 2945//2453
f 2946//2454 3164//2664 2948//2456
f 2949//2457 3165//2665 2947//2455
f 2948//2456 3166//2666 2950//2458
f 2951//2459 3167//2667 2949//2457
f 2950//2458 3168//2668 2952//2460
f 2953//2461 3169//2669 2951//2459
f 2952//2460 3170//2670 2954//2462
f 2955//2463 3171//2671 2953//2461
f 2954//2462 3172//2672 2956//2464
f 2957//2465 3173//2673 2955//2463
f 2956//2464 3174//2674 2958//2466
f 2959//2467 3175//2675 2957//2465
f 2958//2466 3176//2676 2960//2468
f 3043//2549 3177//2677 2959//2467
f 2960//2468 3178//2678 3044//2550
f 2961//2469 2967//2473 3179//2679
f 3180//2680 2968//2474 2962//2470
f 2969//2475 2961//2469 3179//2679
f 3180//2680 2962//2470 2970//2476
f 2967//2473 2964//2471 3181//2681
f 3182//2682 2965//2472 2968//2474
f 3183//362 3184//2683 3050//2553
f 3051//2554 3185//2684 3186//361
f 2964//2471 3050//2553 3187//2685
f 3188//2686 3051//2554 2965//2472
f 2969//2475 3179//2679 2971//2477
f 2972//2478 3180//2680 2970//2476
f 2971//2477 3189//2687 2973//2479
f 2974//2480 3190//2688 2972//2478
f 2973//2479 3191//2689 2975//2481
f 2976//2482 3192//2690 2974//2480
f 2977//2483 2975//2481 3193//2691
f 3194//2692 2976//2482 2978//2484
f 2979//2485 2977//2483 3195//2693
f 3196//2694 2978//2484 2980//2486
f 2981//2487 2979//2485 3197//2695
f 3198//2696 2980//2486 2982//2488
f 2983//2489 2981//2487 3199//2697
f 3200//2698 2982//2488 2984//2490
f 2983//2489 3201//2699 2985//2491
f 2986//2492 3202//2700 2984//2490
f 2985//2491 3203//2701 2987//2493
f 2988//2494 3204//2702 2986//2492
f 2987//2493 3205//2703 2989//2495
f 2990//2496 3206//2704 2988//2494
f 2989//2495 3207//2705 2991//2497
f 2992//2498 3208//2706 2990//2496
f 2991//2497 3209//2707 3041//2547
f 3042//2548 3210//2708 2992//2498
f 2887//2397 3111//2613 3053//2555
f 3054//2556 3112//2614 2888//2398
f 2829//2339 3053//2555 3055//2557
f 3056//2558 3054//2556 2830//2340
f 2831//2341 3055//2557 3057//2559
f 3058//2560 3056//2558 2832//2342
f 2833//2343 3057//2559 3059//2561
f 3060//2562 3058//2560 2834//2344
f 2835//2345 3059//2561 3061//2563
f 3062//2564 3060//2562 2836//2346
f 2837//2347 3061//2563 3063//2565
f 3064//2566 3062//2564 2838//2348
f 2839//2349 3063//2565 3065//2567
f 3066//2568 3064//2566 2840//2350
f 2841//2351 3065//2567 3067//2569
f 3068//2570 3066//2568 2842//2352
f 2843//2353 3067//2569 3069//2571
f 3070//2572 3068//2570 2844//2354
f 2845//2355 3069//2571 3071//2573
f 3072//2574 3070//2572 2846//2356
f 3071//2573 3073//2575 2847//2357
f 2848//2358 3074//2576 3072//2574
f 3073//2575 3075//2577 2849//2359
f 2850//2360 3076//2578 3074//2576
f 3075//2577 3077//2579 2851//2361
f 2852//2362 3078//2580 3076//2578
f 3077//2579 3079//2581 2853//2363
f 2854//2364 3080//2582 3078//2580
f 3079//2581 3113//2615 2889//2399
f 2890//2400 3114//2616 3080//2582
f 3081//2583 3211//2709 2993//2499
f 2994//2500 3212//2710 3082//2584
f 3083//2585 2995//2501 3213//2711
f 3214//2712 2996//2502 3084//2586
f 2993//2499 3211//2709 3085//2587
f 3086//2588 3212//2710 2994//2500
f 3087//2589 2859//2369 3085//2587
f 3086//2588 2860//2370 3088//2590
f 3091//2593 3089//2591 2861//2371
f 2862//2372 3090//2592 3092//2594
f 2995//2501 3089//2591 3213//2711
f 3214//2712 3090//2592 2996//2502
f 3087//2589 3215//2713 2997//2503
f 2998//2504 3216//2714 3088//2590
f 3091//2593 2999//2505 3217//2715
f 3218//2716 3000//2506 3092//2594
f 2997//2503 3215//2713 3093//2595
f 3094//2596 3216//2714 2998//2504
f 2999//2505 3095//2597 3217//2715
f 3218//2716 3096//2598 3000//2506
f 3093//2595 3219//2717 3001//2507
f 3002//2508 3220//2718 3094//2596
f 3095//2597 3003//2509 3145//2647
f 3146//2648 3004//2510 3096//2598
f 3001//2507 3219//2717 3097//2599
f 3098//2600 3220//2718 3002//2508
f 3003//2509 2925//2435 3145//2647
f 3146//2648 2926//2436 3004//2510
f 3221//2719 3005//2511 3097//2599
f 3098//2600 3006//2512 3222//2720
f 3007//2513 3005//2511 3221//2719
f 3222//2720 3006//2512 3008//2514
f 3099//2601 3007//2513 3223//2721
f 3224//2722 3008//2514 3100//2602
f 3225//2723 3009//2515 3099//2601
f 3100//2602 3010//2516 3226//2724
f 3101//2603 3009//2515 3225//2723
f 3226//2724 3010//2516 3102//2604
f 3101//2603 3227//2725 3011//2517
f 3012//2518 3228//2726 3102//2604
f 3011//2517 3227//2725 3103//2605
f 3104//2606 3228//2726 3012//2518
f 2879//2389 3103//2605 3105//2607
f 3106//2608 3104//2606 2880//2390
f 3105//2607 3229//2727 3013//2519
f 3014//2520 3230//2728 3106//2608
f 3013//2519 3229//2727 3107//2609
f 3108//2610 3230//2728 3014//2520
f 3107//2609 3231//2729 3015//2521
f 3016//2522 3232//2730 3108//2610
f 3015//2521 3231//2729 3109//2611
f 3110//2612 3232//2730 3016//2522
f 3109//2611 3233//2731 3017//2523
f 3018//2524 3234//2732 3110//2612
f 3017//2523 3233//2731 3111//2613
f 3112//2614 3234//2732 3018//2524
f 2891//2401 3113//2615 3115//2617
f 3116//2618 3114//2616 2892//2402
f 2893//2403 3115//2617 3117//2619
f 3118//2620 3116//2618 2894//2404
f 2895//2405 3117//2619 3119//2621
f 3120//2622 3118//2620 2896//2406
f 3019//2525 3119//2621 3235//2733
f 3236//2734 3120//2622 3020//2526
f 3121//2623 3019//2525 3235//2733
f 3236//2734 3020//2526 3122//2624
f 3021//2527 3121//2623 3237//2735
f 3238//2736 3122//2624 3022//2528
f 3123//2625 3021//2527 3237//2735
f 3238//2736 3022//2528 3124//2626
f 3125//2627 2899//2409 3123//2625
f 3124//2626 2900//2410 3126//2628
f 3023//2529 3125//2627 3239//2737
f 3240//2738 3126//2628 3024//2530
f 3127//2629 3023//2529 3239//2737
f 3240//2738 3024//2530 3128//2630
f 3025//2531 3127//2629 3241//2739
f 3242//2740 3128//2630 3026//2532
f 3129//2631 3025//2531 3241//2739
f 3242//2740 3026//2532 3130//2632
f 3029//2535 3027//2533 3243//2741
f 3244//2742 3028//2534 3030//2536
f 3027//2533 3129//2631 3243//2741
f 3244//2742 3130//2632 3028//2534
f 3131//2633 3029//2535 3245//2743
f 3246//2744 3030//2536 3132//2634
f 3031//2537 3131//2633 3247//2745
f 3248//2746 3132//2634 3032//2538
f 3133//2635 3031//2537 3247//2745
f 3248//2746 3032//2538 3134//2636
f 3033//2539 3133//2635 3249//2747
f 3250//2748 3134//2636 3034//2540
f 3033//2539 3249//2747 3135//2637
f 3136//2638 3250//2748 3034//2540
f 2911//2421 3135//2637 3137//2639
f 3138//2640 3136//2638 2912//2422
f 3035//2541 3137//2639 3251//2749
f 3252//2750 3138//2640 3036//2542
f 3035//2541 3251//2749 3081//2583
f 3082//2584 3252//2750 3036//2542
f 3037//2543 3083//2585 3253//2751
f 3254//2752 3084//2586 3038//2544
f 3037//2543 3253//2751 3139//2641
f 3140//2642 3254//2752 3038//2544
f 2921//2431 3139//2641 3141//2643
f 3142//2644 3140//2642 2922//2432
f 3039//2545 3141//2643 3255//2753
f 3256//2754 3142//2644 3040//2546
f 3039//2545 3255//2753 3143//2645
f 3144//2646 3256//2754 3040//2546
f 3041//2547 3257//2755 3145//2647
f 3146//2648 3258//2756 3042//2548
f 3143//2645 3259//2757 3043//2549
f 3044//2550 3260//2758 3144//2646
f 2931//2441 3147//2649 3261//2759
f 3262//2760 3148//2650 2932//2442
f 2931//2441 3261//2759 3149//2651
f 3150//2652 3262//2760 2932//2442
f 2934//2443 3149//2651 3151//2653
f 3152//2654 3150//2652 2935//2444
f 3046//2551 3151//2653 3154//2655
f 3155//2656 3152//2654 3047//2552
f 3263//362 3154//2655 3264//2761
f 3265//2762 3155//2656 3266//361
f 3147//2649 2939//2447 3157//2657
f 3158//2658 2940//2448 3148//2650
f 2941//2449 3159//2659 3157//2657
f 3158//2658 3160//2660 2942//2450
f 2943//2451 3161//2661 3159//2659
f 3160//2660 3162//2662 2944//2452
f 3163//2663 3161//2661 2945//2453
f 2946//2454 3162//2662 3164//2664
f 3165//2665 3163//2663 2947//2455
f 2948//2456 3164//2664 3166//2666
f 3167//2667 3165//2665 2949//2457
f 2950//2458 3166//2666 3168//2668
f 3169//2669 3167//2667 2951//2459
f 2952//2460 3168//2668 3170//2670
f 3171//2671 3169//2669 2953//2461
f 2954//2462 3170//2670 3172//2672
f 3173//2673 3171//2671 2955//2463
f 2956//2464 3172//2672 3174//2674
f 3175//2675 3173//2673 2957//2465
f 2958//2466 3174//2674 3176//2676
f 3177//2677 3175//2675 2959//2467
f 2960//2468 3176//2676 3178//2678
f 3259//2757 3177//2677 3043//2549
f 3044//2550 3178//2678 3260//2758
f 3179//2679 2967//2473 3267//2763
f 3268//2764 2968//2474 3180//2680
f 2964//2471 3187//2685 3181//2681
f 3182//2682 3188//2686 2965//2472
f 2967//2473 3181//2681 3267//2763
f 3268//2764 3182//2682 2968//2474
f 3050//2553 3184//2683 3187//2685
f 3188//2686 3185//2684 3051//2554
f 3269//362 3270//2765 3184//2683
f 3185//2684 3271//2766 3272//361
f 2971//2477 3179//2679 3189//2687
f 3190//2688 3180//2680 2972//2478
f 3189//2687 3191//2689 2973//2479
f 2974//2480 3192//2690 3190//2688
f 3191//2689 3193//2691 2975//2481
f 2976//2482 3194//2692 3192//2690
f 3195//2693 2977//2483 3193//2691
f 3194//2692 2978//2484 3196//2694
f 3197//2695 2979//2485 3195//2693
f 3196//2694 2980//2486 3198//2696
f 3199//2697 2981//2487 3197//2695
f 3198//2696 2982//2488 3200//2698
f 2983//2489 3199//2697 3201//2699
f 3202//2700 3200//2698 2984//2490
f 2985//2491 3201//2699 3203//2701
f 3204//2702 3202//2700 2986//2492
f 3203//2701 3205//2703 2987//2493
f 2988//2494 3206//2704 3204//2702
f 3205//2703 3207//2705 2989//2495
f 2990//2496 3208//2706 3206//2704
f 3207//2705 3209//2707 2991//2497
f 2992//2498 3210//2708 3208//2706
f 3209//2707 3257//2755 3041//2547
f 3042//2548 3258//2756 3210//2708
f 3111//2613 3273//2767 3053//2555
f 3054//2556 3274//2768 3112//2614
f 3053//2555 3275//2769 3055//2557
f 3056//2558 3276//2770 3054//2556
f 3055//2557 3277//2771 3057//2559
f 3058//2560 3278//2772 3056//2558
f 3057//2559 3279//2773 3059//2561
f 3060//2562 3280//2774 3058//2560
f 3059//2561 3281//2775 3061//2563
f 3062//2564 3282//2776 3060//2562
f 3061//2563 3283//2777 3063//2565
f 3064//2566 3284//2778 3062//2564
f 3063//2565 3285//2779 3065//2567
f 3066//2568 3286//2780 3064//2566
f 3065//2567 3287//2781 3067//2569
f 3068//2570 3288//2782 3066//2568
f 3067//2569 3289//2783 3069//2571
f 3070//2572 3290//2784 3068//2570
f 3069//2571 3291//2785 3071//2573
f 3072//2574 3292//2786 3070//2572
f 3071//2573 3293//2787 3073//2575
f 3074//2576 3294//2788 3072//2574
f 3073//2575 3295//2789 3075//2577
f 3076//2578 3296//2790 3074//2576
f 3075//2577 3297//2791 3077//2579
f 3078//2580 3298//2792 3076//2578
f 3077//2579 3299//2793 3079//2581
f 3080//2582 3300//2794 3078//2580
f 3079//2581 3301//2795 3113//2615
f 3114//2616 3302//2796 3080//2582
f 3081//2583 3251//2749 3211//2709
f 3212//2710 3252//2750 3082//2584
f 3083//2585 3213//2711 3253//2751
f 3254//2752 3214//2712 3084//2586
f 3211//2709 3303//2797 3085//2587
f 3086//2588 3304//2798 3212//2710
f 3085//2587 3305//2799 3087//2589
f 3088//2590 3306//2800 3086//2588
f 3089//2591 3091//2593 3307//2801
f 3308//2802 3092//2594 3090//2592
f 3213//2711 3089//2591 3309//2803
f 3310//2804 3090//2592 3214//2712
f 3087//2589 3305//2799 3215//2713
f 3216//2714 3306//2800 3088//2590
f 3091//2593 3217//2715 3307//2801
f 3308//2802 3218//2716 3092//2594
f 3215//2713 3311//2805 3093//2595
f 3094//2596 3312//2806 3216//2714
f 3217//2715 3095//2597 3313//2807
f 3314//2808 3096//2598 3218//2716
f 3093//2595 3311//2805 3219//2717
f 3220//2718 3312//2806 3094//2596
f 3095//2597 3145//2647 3313//2807
f 3314//2808 3146//2648 3096//2598
f 3315//2809 3097//2599 3219//2717
f 3220//2718 3098//2600 3316//2810
f 3221//2719 3097//2599 3315//2809
f 3316//2810 3098//2600 3222//2720
f 3223//2721 3007//2513 3221//2719
f 3222//2720 3008//2514 3224//2722
f 3317//2811 3099//2601 3223//2721
f 3224//2722 3100//2602 3318//2812
f 3225//2723 3099//2601 3317//2811
f 3318//2812 3100//2602 3226//2724
f 3319//2813 3101//2603 3225//2723
f 3226//2724 3102//2604 3320//2814
f 3101//2603 3319//2813 3227//2725
f 3228//2726 3320//2814 3102//2604
f 3227//2725 3321//2815 3103//2605
f 3104//2606 3322//2816 3228//2726
f 3103//2605 3323//2817 3105//2607
f 3106//2608 3324//2818 3104//2606
f 3105//2607 3323//2817 3229//2727
f 3230//2728 3324//2818 3106//2608
f 3229//2727 3325//2819 3107//2609
f 3108//2610 3326//2820 3230//2728
f 3107//2609 3325//2819 3231//2729
f 3232//2730 3326//2820 3108//2610
f 3231//2729 3327//2821 3109//2611
f 3110//2612 3328//2822 3232//2730
f 3109//2611 3327//2821 3233//2731
f 3234//2732 3328//2822 3110//2612
f 3233//2731 3329//2823 3111//2613
f 3112//2614 3330//2824 3234//2732
f 3115//2617 3113//2615 3331//2825
f 3332//2826 3114//2616 3116//2618
f 3117//2619 3115//2617 3333//2827
f 3334//2828 3116//2618 3118//2620
f 3119//2621 3117//2619 3335//2829
f 3336//2830 3118//2620 3120//2622
f 3235//2733 3119//2621 3337//2831
f 3338//2832 3120//2622 3236//2734
f 3121//2623 3235//2733 3339//2833
f 3340//2834 3236//2734 3122//2624
f 3237//2735 3121//2623 3339//2833
f 3340//2834 3122//2624 3238//2736
f 3123//2625 3237//2735 3341//2835
f 3342//2836 3238//2736 3124//2626
f 3125//2627 3123//2625 3343//2837
f 3344//2838 3124//2626 3126//2628
f 3239//2737 3125//2627 3343//2837
f 3344//2838 3126//2628 3240//2738
f 3127//2629 3239//2737 3345//2839
f 3346//2840 3240//2738 3128//2630
f 3241//2739 3127//2629 3345//2839
f 3346//2840 3128//2630 3242//2740
f 3129//2631 3241//2739 3347//2841
f 3348//2842 3242//2740 3130//2632
f 3029//2535 3243//2741 3245//2743
f 3246//2744 3244//2742 3030//2536
f 3243//2741 3129//2631 3347//2841
f 3348//2842 3130//2632 3244//2742
f 3131//2633 3245//2743 3349//2843
f 3350//2844 3246//2744 3132//2634
f 3247//2745 3131//2633 3349//2843
f 3350//2844 3132//2634 3248//2746
f 3133//2635 3247//2745 3351//2845
f 3352//2846 3248//2746 3134//2636
f 3133//2635 3351//2845 3249//2747
f 3250//2748 3352//2846 3134//2636
f 3135//2637 3249//2747 3353//2847
f 3354//2848 3250//2748 3136//2638
f 3137//2639 3135//2637 3355//2849
f 3356//2850 3136//2638 3138//2640
f 3137//2639 3355//2849 3251//2749
f 3252//2750 3356//2850 3138//2640
f 3139//2641 3253//2751 3357//2851
f 3358//2852 3254//2752 3140//2642
f 3139//2641 3357//2851 3141//2643
f 3142//2644 3358//2852 3140//2642
f 3141//2643 3359//2853 3255//2753
f 3256//2754 3360//2854 3142//2644
f 3143//2645 3255//2753 3259//2757
f 3260//2758 3256//2754 3144//2646
f 3257//2755 3313//2807 3145//2647
f 3146//2648 3314//2808 3258//2756
f 3147//2649 3157//2657 3261//2759
f 3262//2760 3158//2658 3148//2650
f 3149//2651 3261//2759 3361//2855
f 3362//2856 3262//2760 3150//2652
f 3149//2651 3361//2855 3151//2653
f 3152//2654 3362//2856 3150//2652
f 3154//2655 3151//2653 3363//2857
f 3364//2858 3152//2654 3155//2656
f 3264//2761 3154//2655 3365//2859
f 3366//2860 3155//2656 3265//2762
f 2577//362 3264//2761 3367//2861
f 3368//2862 3265//2762 2580//361
f 3157//2657 3159//2659 3369//2863
f 3370//2864 3160//2660 3158//2658
f 3159//2659 3161//2661 3371//2865
f 3372//2866 3162//2662 3160//2660
f 3163//2663 3373//2867 3161//2661
f 3162//2662 3374//2868 3164//2664
f 3165//2665 3375//2869 3163//2663
f 3164//2664 3376//2870 3166//2666
f 3167//2667 3377//2871 3165//2665
f 3166//2666 3378//2872 3168//2668
f 3169//2669 3379//2873 3167//2667
f 3168//2668 3380//2874 3170//2670
f 3171//2671 3381//2875 3169//2669
f 3170//2670 3382//2876 3172//2672
f 3173//2673 3383//2877 3171//2671
f 3172//2672 3384//2878 3174//2674
f 3175//2675 3385//2879 3173//2673
f 3174//2674 3386//2880 3176//2676
f 3177//2677 3387//2881 3175//2675
f 3176//2676 3388//2882 3178//2678
f 3259//2757 3389//2883 3177//2677
f 3178//2678 3390//2884 3260//2758
f 3179//2679 3267//2763 3189//2687
f 3190//2688 3268//2764 3180//2680
f 3181//2681 3187//2685 3391//2885
f 3392//2886 3188//2686 3182//2682
f 3181//2681 3391//2885 3267//2763
f 3268//2764 3392//2886 3182//2682
f 3184//2683 3393//2887 3187//2685
f 3188//2686 3394//2888 3185//2684
f 3395//362 3396//2889 3270//2765
f 3271//2766 3397//2890 3398//361
f 3184//2683 3270//2765 3399//2891
f 3400//2892 3271//2766 3185//2684
f 3189//2687 3401//2893 3191//2689
f 3192//2690 3402//2894 3190//2688
f 3191//2689 3403//2895 3193//2691
f 3194//2692 3404//2896 3192//2690
f 3195//2693 3193//2691 3405//2897
f 3406//2898 3194//2692 3196//2694
f 3197//2695 3195//2693 3407//2899
f 3408//2900 3196//2694 3198//2696
f 3199//2697 3197//2695 3409//2901
f 3410//2902 3198//2696 3200//2698
f 3199//2697 3411//2903 3201//2699
f 3202//2700 3412//2904 3200//2698
f 3201//2699 3413//2905 3203//2701
f 3204//2702 3414//2906 3202//2700
f 3203//2701 3415//2907 3205//2703
f 3206//2704 3416//2908 3204//2702
f 3205//2703 3417//2909 3207//2705
f 3208//2706 3418//2910 3206//2704
f 3207//2705 3419//2911 3209//2707
f 3210//2708 3420//2912 3208//2706
f 3209//2707 3421//2913 3257//2755
f 3258//2756 3422//2914 3210//2708
f 3111//2613 3329//2823 3273//2767
f 3274//2768 3330//2824 3112//2614
f 3053//2555 3273//2767 3275//2769
f 3276//2770 3274//2768 3054//2556
f 3055//2557 3275//2769 3277//2771
f 3278//2772 3276//2770 3056//2558
f 3057//2559 3277//2771 3279//2773
f 3280//2774 3278//2772 3058//2560
f 3059//2561 3279//2773 3281//2775
f 3282//2776 3280//2774 3060//2562
f 3061//2563 3281//2775 3283//2777
f 3284//2778 3282//2776 3062//2564
f 3063//2565 3283//2777 3285//2779
f 3286//2780 3284//2778 3064//2566
f 3065//2567 3285//2779 3287//2781
f 3288//2782 3286//2780 3066//2568
f 3067//2569 3287//2781 3289//2783
f 3290//2784 3288//2782 3068//2570
f 3289//2783 3291//2785 3069//2571
f 3070//2572 3292//2786 3290//2784
f 3291//2785 3293//2787 3071//2573
f 3072//2574 3294//2788 3292//2786
f 3293//2787 3295//2789 3073//2575
f 3074//2576 3296//2790 3294//2788
f 3295//2789 3297//2791 3075//2577
f 3076//2578 3298//2792 3296//2790
f 3297//2791 3299//2793 3077//2579
f 3078//2580 3300//2794 3298//2792
f 3299//2793 3301//2795 3079//2581
f 3080//2582 3302//2796 3300//2794
f 3113//2615 3301//2795 3331//2825
f 3332//2826 3302//2796 3114//2616
f 3251//2749 3423//2915 3211//2709
f 3212//2710 3424//2916 3252//2750
f 3253//2751 3213//2711 3425//2917
f 3426//2918 3214//2712 3254//2752
f 3211//2709 3423//2915 3303//2797
f 3304//2798 3424//2916 3212//2710
f 3085//2587 3303//2797 3305//2799
f 3306//2800 3304//2798 3086//2588
f 3089//2591 3307//2801 3309//2803
f 3310//2804 3308//2802 3090//2592
f 3213//2711 3309//2803 3425//2917
f 3426//2918 3310//2804 3214//2712
f 3305//2799 3427//2919 3215//2713
f 3216//2714 3428//2920 3306//2800
f 3307//2801 3217//2715 3429//2921
f 3430//2922 3218//2716 3308//2802
f 3215//2713 3427//2919 3311//2805
f 3312//2806 3428//2920 3216//2714
f 3217//2715 3313//2807 3429//2921
f 3430//2922 3314//2808 3218//2716
f 3219//2717 3311//2805 3431//2923
f 3432//2924 3312//2806 3220//2718
f 3315//2809 3219//2717 3431//2923
f 3432//2924 3220//2718 3316//2810
f 3433//2925 3221//2719 3315//2809
f 3316//2810 3222//2720 3434//2926
f 3223//2721 3221//2719 3433//2925
f 3434//2926 3222//2720 3224//2722
f 3317//2811 3223//2721 3435//2927
f 3436//2928 3224//2722 3318//2812
f 3437//2929 3225//2723 3317//2811
f 3318//2812 3226//2724 3438//2930
f 3319//2813 3225//2723 3437//2929
f 3438//2930 3226//2724 3320//2814
f 3319//2813 3439//2931 3227//2725
f 3228//2726 3440//2932 3320//2814
f 3227//2725 3439//2931 3321//2815
f 3322//2816 3440//2932 3228//2726
f 3103//2605 3321//2815 3323//2817
f 3324//2818 3322//2816 3104//2606
f 3323//2817 3441//2933 3229//2727
f 3230//2728 3442//2934 3324//2818
f 3229//2727 3441//2933 3325//2819
f 3326//2820 3442//2934 3230//2728
f 3325//2819 3443//2935 3231//2729
f 3232//2730 3444//2936 3326//2820
f 3231//2729 3443//2935 3327//2821
f 3328//2822 3444//2936 3232//2730
f 3327//2821 3445//2937 3233//2731
f 3234//2732 3446//2938 3328//2822
f 3233//2731 3445//2937 3329//2823
f 3330//2824 3446//2938 3234//2732
f 3115//2617 3331//2825 3333//2827
f 3334//2828 3332//2826 3116//2618
f 3117//2619 3333//2827 3335//2829
f 3336//2830 3334//2828 3118//2620
f 3119//2621 3335//2829 3337//2831
f 3338//2832 3336//2830 3120//2622
f 3235//2733 3337//2831 3447//2939
f 3448//2940 3338//2832 3236//2734
f 3339//2833 3235//2733 3447//2939
f 3448//2940 3236//2734 3340//2834
f 3237//2735 3339//2833 3449//2941
f 3450//2942 3340//2834 3238//2736
f 3341//2835 3237//2735 3449//2941
f 3450//2942 3238//2736 3342//2836
f 3343//2837 3123//2625 3341//2835
f 3342//2836 3124//2626 3344//2838
f 3239//2737 3343//2837 3451//2943
f 3452//2944 3344//2838 3240//2738
f 3345//2839 3239//2737 3451//2943
f 3452//2944 3240//2738 3346//2840
f 3241//2739 3345//2839 3453//2945
f 3454//2946 3346//2840 3242//2740
f 3347//2841 3241//2739 3453//2945
f 3454//2946 3242//2740 3348//2842
f 3245//2743 3243//2741 3455//2947
f 3456//2948 3244//2742 3246//2744
f 3243//2741 3347//2841 3455//2947
f 3456//2948 3348//2842 3244//2742
f 3349//2843 3245//2743 3457//2949
f 3458//2950 3246//2744 3350//2844
f 3247//2745 3349//2843 3459//2951
f 3460//2952 3350//2844 3248//2746
f 3351//2845 3247//2745 3459//2951
f 3460//2952 3248//2746 3352//2846
f 3249//2747 3351//2845 3461//2953
f 3462//2954 3352//2846 3250//2748
f 3249//2747 3461//2953 3353//2847
f 3354//2848 3462//2954 3250//2748
f 3135//2637 3353//2847 3355//2849
f 3356//2850 3354//2848 3136//2638
f 3251//2749 3355//2849 3423//2915
f 3424//2916 3356//2850 3252//2750
f 3253//2751 3425//2917 3357//2851
f 3358//2852 3426//2918 3254//2752
f 3141//2643 3357//2851 3359//2853
f 3360//2854 3358//2852 3142//2644
f 3255//2753 3359//2853 3463//2955
f 3464//2956 3360//2854 3256//2754
f 3255//2753 3463//2955 3259//2757
f 3260//2758 3464//2956 3256//2754
f 3257//2755 3465//2957 3313//2807
f 3314//2808 3466//2958 3258//2756
f 3261//2759 3157//2657 3369//2863
f 3370//2864 3158//2658 3262//2760
f 3261//2759 3369//2863 3361//2855
f 3362//2856 3370//2864 3262//2760
f 3151//2653 3361//2855 3467//2959
f 3468//2960 3362//2856 3152//2654
f 3151//2653 3467//2959 3363//2857
f 3364//2858 3468//2960 3152//2654
f 3154//2655 3363//2857 3365//2859
f 3366//2860 3364//2858 3155//2656
f 3264//2761 3365//2859 3367//2861
f 3368//2862 3366//2860 3265//2762
f 3469//362 3367//2861 3470//2961
f 3471//2962 3368//2862 3472//361
f 3369//2863 3159//2659 3371//2865
f 3372//2866 3160//2660 3370//2864
f 3161//2661 3373//2867 3371//2865
f 3372//2866 3374//2868 3162//2662
f 3375//2869 3373//2867 3163//2663
f 3164//2664 3374//2868 3376//2870
f 3377//2871 3375//2869 3165//2665
f 3166//2666 3376//2870 3378//2872
f 3379//2873 3377//2871 3167//2667
f 3168//2668 3378//2872 3380//2874
f 3381//2875 3379//2873 3169//2669
f 3170//2670 3380//2874 3382//2876
f 3383//2877 3381//2875 3171//2671
f 3172//2672 3382//2876 3384//2878
f 3385//2879 3383//2877 3173//2673
f 3174//2674 3384//2878 3386//2880
f 3387//2881 3385//2879 3175//2675
f 3176//2676 3386//2880 3388//2882
f 3389//2883 3387//2881 3177//2677
f 3178//2678 3388//2882 3390//2884
f 3463//2955 3389//2883 3259//2757
f 3260//2758 3390//2884 3464//2956
f 3267//2763 3401//2893 3189//2687
f 3190//2688 3402//2894 3268//2764
f 3187//2685 3473//2963 3391//2885
f 3392//2886 3474//2964 3188//2686
f 3267//2763 3391//2885 3401//2893
f 3402//2894 3392//2886 3268//2764
f 3184//2683 3399//2891 3393//2887
f 3394//2888 3400//2892 3185//2684
f 3187//2685 3393//2887 3473//2963
f 3474//2964 3394//2888 3188//2686
f 3270//2765 3396//2889 3399//2891
f 3400//2892 3397//2890 3271//2766
f 3475//362 3476//2965 3396//2889
f 3397//2890 3477//2966 3478//361
f 3401//2893 3403//2895 3191//2689
f 3192//2690 3404//2896 3402//2894
f 3403//2895 3405//2897 3193//2691
f 3194//2692 3406//2898 3404//2896
f 3407//2899 3195//2693 3405//2897
f 3406//2898 3196//2694 3408//2900
f 3409//2901 3197//2695 3407//2899
f 3408//2900 3198//2696 3410//2902
f 3199//2697 3409//2901 3411//2903
f 3412//2904 3410//2902 3200//2698
f 3201//2699 3411//2903 3413//2905
f 3414//2906 3412//2904 3202//2700
f 3203//2701 3413//2905 3415//2907
f 3416//2908 3414//2906 3204//2702
f 3415//2907 3417//2909 3205//2703
f 3206//2704 3418//2910 3416//2908
f 3417//2909 3419//2911 3207//2705
f 3208//2706 3420//2912 3418//2910
f 3419//2911 3421//2913 3209//2707
f 3210//2708 3422//2914 3420//2912
f 3421//2913 3465//2957 3257//2755
f 3258//2756 3466//2958 3422//2914
f 3329//2823 3479//2967 3273//2767
f 3274//2768 3480//2968 3330//2824
f 3273//2767 3481//2969 3275//2769
f 3276//2770 3482//2970 3274//2768
f 3275//2769 3483//2971 3277//2771
f 3278//2772 3484//2972 3276//2770
f 3277//2771 3485//2973 3279//2773
f 3280//2774 3486//2974 3278//2772
f 3279//2773 3487//2975 3281//2775
f 3282//2776 3488//2976 3280//2774
f 3281//2775 3489//2977 3283//2777
f 3284//2778 3490//2978 3282//2776
f 3283//2777 3491//2979 3285//2779
f 3286//2780 3492//2980 3284//2778
f 3285//2779 3493//2981 3287//2781
f 3288//2782 3494//2982 3286//2780
f 3287//2781 3495//2983 3289//2783
f 3290//2784 3496//2984 3288//2782
f 3289//2783 3497//2985 3291//2785
f 3292//2786 3498//2986 3290//2784
f 3291//2785 3499//2987 3293//2787
f 3294//2788 3500//2988 3292//2786
f 3293//2787 3501//2989 3295//2789
f 3296//2790 3502//2990 3294//2788
f 3295//2789 3503//2991 3297//2791
f 3298//2792 3504//2992 3296//2790
f 3297//2791 3505//2993 3299//2793
f 3300//2794 3506//2994 3298//2792
f 3299//2793 3507//2995 3301//2795
f 3302//2796 3508//2996 3300//2794
f 3331//2825 3301//2795 3509//2997
f 3510//2998 3302//2796 3332//2826
f 3423//2915 3511//2999 3303//2797
f 3304//2798 3512//3000 3424//2916
f 3303//2797 3513//3001 3305//2799
f 3306//2800 3514//3002 3304//2798
f 3309//2803 3307//2801 3515//3003
f 3516//3004 3308//2802 3310//2804
f 3425//2917 3309//2803 3517//3005
f 3518//3006 3310//2804 3426//2918
f 3305//2799 3513//3001 3427//2919
f 3428//2920 3514//3002 3306//2800
f 3307//2801 3429//2921 3515//3003
f 3516//3004 3430//2922 3308//2802
f 3311//2805 3427//2919 3519//3007
f 3520//3008 3428//2920 3312//2806
f 3313//2807 3465//2957 3429//2921
f 3430//2922 3466//2958 3314//2808
f 3431//2923 3311//2805 3519//3007
f 3520//3008 3312//2806 3432//2924
f 3521//3009 3315//2809 3431//2923
f 3432//2924 3316//2810 3522//3010
f 3433//2925 3315//2809 3521//3009
f 3522//3010 3316//2810 3434//2926
f 3435//2927 3223//2721 3433//2925
f 3434//2926 3224//2722 3436//2928
f 3523//3011 3317//2811 3435//2927
f 3436//2928 3318//2812 3524//3012
f 3437//2929 3317//2811 3523//3011
f 3524//3012 3318//2812 3438//2930
f 3525//3013 3319//2813 3437//2929
f 3438//2930 3320//2814 3526//3014
f 3319//2813 3525//3013 3439//2931
f 3440//2932 3526//3014 3320//2814
f 3439//2931 3527//3015 3321//2815
f 3322//2816 3528//3016 3440//2932
f 3321//2815 3529//3017 3323//2817
f 3324//2818 3530//3018 3322//2816
f 3323//2817 3529//3017 3441//2933
f 3442//2934 3530//3018 3324//2818
f 3441//2933 3531//3019 3325//2819
f 3326//2820 3532//3020 3442//2934
f 3325//2819 3531//3019 3443//2935
f 3444//2936 3532//3020 3326//2820
f 3443//2935 3533//3021 3327//2821
f 3328//2822 3534//3022 3444//2936
f 3327//2821 3533//3021 3445//2937
f 3446//2938 3534//3022 3328//2822
f 3445//2937 3535//3023 3329//2823
f 3330//2824 3536//3024 3446//2938
f 3333//2827 3331//2825 3537//3025
f 3538//3026 3332//2826 3334//2828
f 3335//2829 3333//2827 3539//3027
f 3540//3028 3334//2828 3336//2830
f 3337//2831 3335//2829 3541//3029
f 3542//3030 3336//2830 3338//2832
f 3447//2939 3337//2831 3543//3031
f 3544//3032 3338//2832 3448//2940
f 3339//2833 3447//2939 3545//3033
f 3546//3034 3448//2940 3340//2834
f 3449//2941 3339//2833 3545//3033
f 3546//3034 3340//2834 3450//2942
f 3341//2835 3449//2941 3547//3035
f 3548//3036 3450//2942 3342//2836
f 3343//2837 3341//2835 3549//3037
f 3550//3038 3342//2836 3344//2838
f 3451//2943 3343//2837 3549//3037
f 3550//3038 3344//2838 3452//2944
f 3345//2839 3451//2943 3551//3039
f 3552//3040 3452//2944 3346//2840
f 3453//2945 3345//2839 3551//3039
f 3552//3040 3346//2840 3454//2946
f 3347//2841 3453//2945 3553//3041
f 3554//3042 3454//2946 3348//2842
f 3245//2743 3455//2947 3457//2949
f 3458//2950 3456//2948 3246//2744
f 3455//2947 3347//2841 3553//3041
f 3554//3042 3348//2842 3456//2948
f 3349//2843 3457//2949 3555//3043
f 3556//3044 3458//2950 3350//2844
f 3459//2951 3349//2843 3555//3043
f 3556//3044 3350//2844 3460//2952
f 3351//2845 3459//2951 3557//3045
f 3558//3046 3460//2952 3352//2846
f 3461//2953 3351//2845 3557//3045
f 3558//3046 3352//2846 3462//2954
f 3353//2847 3461//2953 3559//3047
f 3560//3048 3462//2954 3354//2848
f 3355//2849 3353//2847 3561//3049
f 3562//3050 3354//2848 3356//2850
f 3355//2849 3561//3049 3423//2915
f 3424//2916 3562//3050 3356//2850
f 3357//2851 3425//2917 3563//3051
f 3564//3052 3426//2918 3358//2852
f 3357//2851 3563//3051 3359//2853
f 3360//2854 3564//3052 3358//2852
f 3359//2853 3565//3053 3463//2955
f 3464//2956 3566//3054 3360//2854
f 3361//2855 3369//2863 3567//3055
f 3568//3056 3370//2864 3362//2856
f 3361//2855 3567//3055 3467//2959
f 3468//2960 3568//3056 3362//2856
f 3363//2857 3467//2959 3569//3057
f 3570//3058 3468//2960 3364//2858
f 3363//2857 3569//3057 3365//2859
f 3366//2860 3570//3058 3364//2858
f 3367//2861 3365//2859 3571//3059
f 3572//3060 3366//2860 3368//2862
f 3470//2961 3367//2861 3573//3061
f 3574//3062 3368//2862 3471//2962
f 3575//362 3470//2961 3576//3063
f 3577//3064 3471//2962 3578//361
f 3369//2863 3371//2865 3567//3055
f 3568//3056 3372//2866 3370//2864
f 3371//2865 3373//2867 3579//3065
f 3580//3066 3374//2868 3372//2866
f 3581//3067 3373//2867 3375//2869
f 3376//2870 3374//2868 3582//3068
f 3583//3069 3375//2869 3377//2871
f 3378//2872 3376//2870 3584//3070
f 3585//3071 3377//2871 3379//2873
f 3380//2874 3378//2872 3586//3072
f 3587//3073 3379//2873 3381//2875
f 3382//2876 3380//2874 3588//3074
f 3589//3075 3381//2875 3383//2877
f 3384//2878 3382//2876 3590//3076
f 3591//3077 3383//2877 3385//2879
f 3386//2880 3384//2878 3592//3078
f 3593//3079 3385//2879 3387//2881
f 3388//2882 3386//2880 3594//3080
f 3595//3081 3387//2881 3389//2883
f 3390//2884 3388//2882 3596//3082
f 3597//3083 3389//2883 3463//2955
f 3464//2956 3390//2884 3598//3084
f 3391//2885 3473//2963 3599//3085
f 3600//3086 3474//2964 3392//2886
f 3391//2885 3599//3085 3401//2893
f 3402//2894 3600//3086 3392//2886
f 3393//2887 3399//2891 3601//3087
f 3602//3088 3400//2892 3394//2888
f 3393//2887 3601//3087 3473//2963
f 3474//2964 3602//3088 3394//2888
f 3396//2889 3603//3089 3399//2891
f 3400//2892 3604//3090 3397//2890
f 3605//362 3606//3091 3476//2965
f 3477//2966 3607//3092 3608//361
f 3396//2889 3476//2965 3609//3093
f 3610//3094 3477//2966 3397//2890
f 3401//2893 3599//3085 3403//2895
f 3404//2896 3600//3086 3402//2894
f 3403//2895 3611//3095 3405//2897
f 3406//2898 3612//3096 3404//2896
f 3407//2899 3405//2897 3613//3097
f 3614//3098 3406//2898 3408//2900
f 3409//2901 3407//2899 3615//3099
f 3616//3100 3408//2900 3410//2902
f 3409//2901 3617//3101 3411//2903
f 3412//2904 3618//3102 3410//2902
f 3411//2903 3619//3103 3413//2905
f 3414//2906 3620//3104 3412//2904
f 3413//2905 3621//3105 3415//2907
f 3416//2908 3622//3106 3414//2906
f 3415//2907 3623//3107 3417//2909
f 3418//2910 3624//3108 3416//2908
f 3417//2909 3625//3109 3419//2911
f 3420//2912 3626//3110 3418//2910
f 3419//2911 3627//3111 3421//2913
f 3422//2914 3628//3112 3420//2912
f 3421//2913 3629//3113 3465//2957
f 3466//2958 3630//3114 3422//2914
f 3329//2823 3535//3023 3479//2967
f 3480//2968 3536//3024 3330//2824
f 3273//2767 3479//2967 3481//2969
f 3482//2970 3480//2968 3274//2768
f 3275//2769 3481//2969 3483//2971
f 3484//2972 3482//2970 3276//2770
f 3277//2771 3483//2971 3485//2973
f 3486//2974 3484//2972 3278//2772
f 3279//2773 3485//2973 3487//2975
f 3488//2976 3486//2974 3280//2774
f 3281//2775 3487//2975 3489//2977
f 3490//2978 3488//2976 3282//2776
f 3283//2777 3489//2977 3491//2979
f 3492//2980 3490//2978 3284//2778
f 3285//2779 3491//2979 3493//2981
f 3494//2982 3492//2980 3286//2780
f 3287//2781 3493//2981 3495//2983
f 3496//2984 3494//2982 3288//2782
f 3289//2783 3495//2983 3497//2985
f 3498//2986 3496//2984 3290//2784
f 3497//2985 3499//2987 3291//2785
f 3292//2786 3500//2988 3498//2986
f 3499//2987 3501//2989 3293//2787
f 3294//2788 3502//2990 3500//2988
f 3501//2989 3503//2991 3295//2789
f 3296//2790 3504//2992 3502//2990
f 3503//2991 3505//2993 3297//2791
f 3298//2792 3506//2994 3504//2992
f 3505//2993 3507//2995 3299//2793
f 3300//2794 3508//2996 3506//2994
f 3301//2795 3507//2995 3509//2997
f 3510//2998 3508//2996 3302//2796
f 3331//2825 3509//2997 3537//3025
f 3538//3026 3510//2998 3332//2826
f 3423//2915 3561//3049 3511//2999
f 3512//3000 3562//3050 3424//2916
f 3303//2797 3511//2999 3513//3001
f 3514//3002 3512//3000 3304//2798
f 3309//2803 3515//3003 3517//3005
f 3518//3006 3516//3004 3310//2804
f 3425//2917 3517//3005 3563//3051
f 3564//3052 3518//3006 3426//2918
f 3427//2919 3513//3001 3631//3115
f 3632//3116 3514//3002 3428//2920
f 3429//2921 3633//3117 3515//3003
f 3516//3004 3634//3118 3430//2922
f 3519//3007 3427//2919 3631//3115
f 3632//3116 3428//2920 3520//3008
f 3465//2957 3633//3117 3429//2921
f 3430//2922 3634//3118 3466//2958
f 3635//3119 3431//2923 3519//3007
f 3520//3008 3432//2924 3636//3120
f 3521//3009 3431//2923 3635//3119
f 3636//3120 3432//2924 3522//3010
f 3637//3121 3433//2925 3521//3009
f 3522//3010 3434//2926 3638//3122
f 3435//2927 3433//2925 3637//3121
f 3638//3122 3434//2926 3436//2928
f 3523//3011 3435//2927 3639//3123
f 3640//3124 3436//2928 3524//3012
f 3641//3125 3437//2929 3523//3011
f 3524//3012 3438//2930 3642//3126
f 3525//3013 3437//2929 3641//3125
f 3642//3126 3438//2930 3526//3014
f 3525//3013 3643//3127 3439//2931
f 3440//2932 3644//3128 3526//3014
f 3439//2931 3643//3127 3527//3015
f 3528//3016 3644//3128 3440//2932
f 3321//2815 3527//3015 3529//3017
f 3530//3018 3528//3016 3322//2816
f 3529//3017 3645//3129 3441//2933
f 3442//2934 3646//3130 3530//3018
f 3441//2933 3645//3129 3531//3019
f 3532//3020 3646//3130 3442//2934
f 3531//3019 3647//3131 3443//2935
f 3444//2936 3648//3132 3532//3020
f 3443//2935 3647//3131 3533//3021
f 3534//3022 3648//3132 3444//2936
f 3533//3021 3649//3133 3445//2937
f 3446//2938 3650//3134 3534//3022
f 3445//2937 3649//3133 3535//3023
f 3536//3024 3650//3134 3446//2938
f 3333//2827 3537//3025 3539//3027
f 3540//3028 3538//3026 3334//2828
f 3335//2829 3539//3027 3541//3029
f 3542//3030 3540//3028 3336//2830
f 3337//2831 3541//3029 3543//3031
f 3544//3032 3542//3030 3338//2832
f 3447//2939 3543//3031 3651//3135
f 3652//3136 3544//3032 3448//2940
f 3545//3033 3447//2939 3651//3135
f 3652//3136 3448//2940 3546//3034
f 3449//2941 3545//3033 3653//3137
f 3654//3138 3546//3034 3450//2942
f 3547//3035 3449//2941 3653//3137
f 3654//3138 3450//2942 3548//3036
f 3549//3037 3341//2835 3547//3035
f 3548//3036 3342//2836 3550//3038
f 3451//2943 3549//3037 3655//3139
f 3656//3140 3550//3038 3452//2944
f 3551//3039 3451//2943 3655//3139
f 3656//3140 3452//2944 3552//3040
f 3453//2945 3551//3039 3657//3141
f 3658//3142 3552//3040 3454//2946
f 3553//3041 3453//2945 3657//3141
f 3658//3142 3454//2946 3554//3042
f 3457//2949 3455//2947 3659//3143
f 3660//3144 3456//2948 3458//2950
f 3455//2947 3553//3041 3659//3143
f 3660//3144 3554//3042 3456//2948
f 3555//3043 3457//2949 3661//3145
f 3662//3146 3458//2950 3556//3044
f 3459//2951 3555//3043 3663//3147
f 3664//3148 3556//3044 3460//2952
f 3557//3045 3459//2951 3663//3147
f 3664//3148 3460//2952 3558//3046
f 3665//3149 3461//2953 3557//3045
f 3558//3046 3462//2954 3666//3150
f 3559//3047 3461//2953 3665//3149
f 3666//3150 3462//2954 3560//3048
f 3353//2847 3559//3047 3561//3049
f 3562//3050 3560//3048 3354//2848
f 3359//2853 3563//3051 3565//3053
f 3566//3054 3564//3052 3360//2854
f 3565//3053 3597//3083 3463//2955
f 3464//2956 3598//3084 3566//3054
f 3467//2959 3567//3055 3667//3151
f 3668//3152 3568//3056 3468//2960
f 3467//2959 3667//3151 3569//3057
f 3570//3058 3668//3152 3468//2960
f 3365//2859 3569//3057 3669//3153
f 3670//3154 3570//3058 3366//2860
f 3365//2859 3669//3153 3571//3059
f 3572//3060 3670//3154 3366//2860
f 3367//2861 3571//3059 3573//3061
f 3574//3062 3572//3060 3368//2862
f 3470//2961 3573//3061 3576//3063
f 3577//3064 3574//3062 3471//2962
f 3671//362 3576//3063 3672//3155
f 3673//3156 3577//3064 3674//361
f 3567//3055 3371//2865 3579//3065
f 3580//3066 3372//2866 3568//3056
f 3579//3065 3373//2867 3581//3067
f 3582//3068 3374//2868 3580//3066
f 3581//3067 3375//2869 3583//3069
f 3584//3070 3376//2870 3582//3068
f 3583//3069 3377//2871 3585//3071
f 3586//3072 3378//2872 3584//3070
f 3585//3071 3379//2873 3587//3073
f 3588//3074 3380//2874 3586//3072
f 3587//3073 3381//2875 3589//3075
f 3590//3076 3382//2876 3588//3074
f 3589//3075 3383//2877 3591//3077
f 3592//3078 3384//2878 3590//3076
f 3593//3079 3591//3077 3385//2879
f 3386//2880 3592//3078 3594//3080
f 3595//3081 3593//3079 3387//2881
f 3388//2882 3594//3080 3596//3082
f 3597//3083 3595//3081 3389//2883
f 3390//2884 3596//3082 3598//3084
f 3473//2963 3675//3157 3599//3085
f 3600//3086 3676//3158 3474//2964
f 3399//2891 3677//3159 3601//3087
f 3602//3088 3678//3160 3400//2892
f 3473//2963 3601//3087 3675//3157
f 3676//3158 3602//3088 3474//2964
f 3396//2889 3609//3093 3603//3089
f 3604//3090 3610//3094 3397//2890
f 3399//2891 3603//3089 3677//3159
f 3678//3160 3604//3090 3400//2892
f 3476//2965 3606//3091 3609//3093
f 3610//3094 3607//3092 3477//2966
f 3679//362 3680//3161 3606//3091
f 3607//3092 3681//3162 3682//361
f 3599//3085 3611//3095 3403//2895
f 3404//2896 3612//3096 3600//3086
f 3611//3095 3613//3097 3405//2897
f 3406//2898 3614//3098 3612//3096
f 3615//3099 3407//2899 3613//3097
f 3614//3098 3408//2900 3616//3100
f 3409//2901 3615//3099 3617//3101
f 3618//3102 3616//3100 3410//2902
f 3411//2903 3617//3101 3619//3103
f 3620//3104 3618//3102 3412//2904
f 3413//2905 3619//3103 3621//3105
f 3622//3106 3620//3104 3414//2906
f 3415//2907 3621//3105 3623//3107
f 3624//3108 3622//3106 3416//2908
f 3623//3107 3625//3109 3417//2909
f 3418//2910 3626//3110 3624//3108
f 3625//3109 3627//3111 3419//2911
f 3420//2912 3628//3112 3626//3110
f 3421//2913 3627//3111 3629//3113
f 3630//3114 3628//3112 3422//2914
f 3465//2957 3629//3113 3633//3117
f 3634//3118 3630//3114 3466//2958
f 3535//3023 3683//3163 3479//2967
f 3480//2968 3684//3164 3536//3024
f 3479//2967 3685//3165 3481//2969
f 3482//2970 3686//3166 3480//2968
f 3481//2969 3687//3167 3483//2971
f 3484//2972 3688//3168 3482//2970
f 3483//2971 3689//3169 3485//2973
f 3486//2974 3690//3170 3484//2972
f 3485//2973 3691//3171 3487//2975
f 3488//2976 3692//3172 3486//2974
f 3487//2975 3693//3173 3489//2977
f 3490//2978 3694//3174 3488//2976
f 3489//2977 3695//3175 3491//2979
f 3492//2980 3696//3176 3490//2978
f 3491//2979 3697//3177 3493//2981
f 3494//2982 3698//3178 3492//2980
f 3493//2981 3699//3179 3495//2983
f 3496//2984 3700//3180 3494//2982
f 3495//2983 3701//3181 3497//2985
f 3498//2986 3702//3182 3496//2984
f 3497//2985 3703//3183 3499//2987
f 3500//2988 3704//3184 3498//2986
f 3499//2987 3705//3185 3501//2989
f 3502//2990 3706//3186 3500//2988
f 3501//2989 3707//3187 3503//2991
f 3504//2992 3708//3188 3502//2990
f 3503//2991 3709//3189 3505//2993
f 3506//2994 3710//3190 3504//2992
f 3505//2993 3711//3191 3507//2995
f 3508//2996 3712//3192 3506//2994
f 3509//2997 3507//2995 3713//3193
f 3714//3194 3508//2996 3510//2998
f 3537//3025 3509//2997 3715//3195
f 3716//3196 3510//2998 3538//3026
f 3561//3049 3717//3197 3511//2999
f 3512//3000 3718//3198 3562//3050
f 3513//3001 3511//2999 3719//3199
f 3720//3200 3512//3000 3514//3002
f 3515//3003 3721//3201 3517//3005
f 3518//3006 3722//3202 3516//3004
f 3563//3051 3517//3005 3723//3203
f 3724//3204 3518//3006 3564//3052
f 3631//3115 3513//3001 3719//3199
f 3720//3200 3514//3002 3632//3116
f 3633//3117 3721//3201 3515//3003
f 3516//3004 3722//3202 3634//3118
f 3519//3007 3631//3115 3725//3205
f 3726//3206 3632//3116 3520//3008
f 3635//3119 3519//3007 3725//3205
f 3726//3206 3520//3008 3636//3120
f 3727//3207 3521//3009 3635//3119
f 3636//3120 3522//3010 3728//3208
f 3637//3121 3521//3009 3727//3207
f 3728//3208 3522//3010 3638//3122
f 3639//3123 3435//2927 3637//3121
f 3638//3122 3436//2928 3640//3124
f 3729//3209 3523//3011 3639//3123
f 3640//3124 3524//3012 3730//3210
f 3641//3125 3523//3011 3729//3209
f 3730//3210 3524//3012 3642//3126
f 3525//3013 3641//3125 3731//3211
f 3732//3212 3642//3126 3526//3014
f 3525//3013 3731//3211 3643//3127
f 3644//3128 3732//3212 3526//3014
f 3643//3127 3733//3213 3527//3015
f 3528//3016 3734//3214 3644//3128
f 3527//3015 3735//3215 3529//3017
f 3530//3018 3736//3216 3528//3016
f 3529//3017 3735//3215 3645//3129
f 3646//3130 3736//3216 3530//3018
f 3645//3129 3737//3217 3531//3019
f 3532//3020 3738//3218 3646//3130
f 3531//3019 3737//3217 3647//3131
f 3648//3132 3738//3218 3532//3020
f 3647//3131 3739//3219 3533//3021
f 3534//3022 3740//3220 3648//3132
f 3533//3021 3739//3219 3649//3133
f 3650//3134 3740//3220 3534//3022
f 3649//3133 3741//3221 3535//3023
f 3536//3024 3742//3222 3650//3134
f 3539//3027 3537//3025 3743//3223
f 3744//3224 3538//3026 3540//3028
f 3541//3029 3539//3027 3745//3225
f 3746//3226 3540//3028 3542//3030
f 3543//3031 3541//3029 3747//3227
f 3748//3228 3542//3030 3544//3032
f 3651//3135 3543//3031 3749//3229
f 3750//3230 3544//3032 3652//3136
f 3545//3033 3651//3135 3751//3231
f 3752//3232 3652//3136 3546//3034
f 3653//3137 3545//3033 3751//3231
f 3752//3232 3546//3034 3654//3138
f 3547//3035 3653//3137 3753//3233
f 3754//3234 3654//3138 3548//3036
f 3549//3037 3547//3035 3755//3235
f 3756//3236 3548//3036 3550//3038
f 3655//3139 3549//3037 3755//3235
f 3756//3236 3550//3038 3656//3140
f 3551//3039 3655//3139 3757//3237
f 3758//3238 3656//3140 3552//3040
f 3657//3141 3551//3039 3757//3237
f 3758//3238 3552//3040 3658//3142
f 3553//3041 3657//3141 3759//3239
f 3760//3240 3658//3142 3554//3042
f 3457//2949 3659//3143 3661//3145
f 3662//3146 3660//3144 3458//2950
f 3659//3143 3553//3041 3759//3239
f 3760//3240 3554//3042 3660//3144
f 3555//3043 3661//3145 3761//3241
f 3762//3242 3662//3146 3556//3044
f 3663//3147 3555//3043 3761//3241
f 3762//3242 3556//3044 3664//3148
f 3763//3243 3557//3045 3663//3147
f 3664//3148 3558//3046 3764//3244
f 3665//3149 3557//3045 3763//3243
f 3764//3244 3558//3046 3666//3150
f 3765//3245 3559//3047 3665//3149
f 3666//3150 3560//3048 3766//3246
f 3561//3049 3559//3047 3717//3197
f 3718//3198 3560//3048 3562//3050
f 3563//3051 3723//3203 3565//3053
f 3566//3054 3724//3204 3564//3052
f 3767//3247 3597//3083 3565//3053
f 3566//3054 3598//3084 3768//3248
f 3567//3055 3579//3065 3667//3151
f 3668//3152 3580//3066 3568//3056
f 3569//3057 3667//3151 3769//3249
f 3770//3250 3668//3152 3570//3058
f 3569//3057 3769//3249 3669//3153
f 3670//3154 3770//3250 3570//3058
f 3571//3059 3669//3153 3771//3251
f 3772//3252 3670//3154 3572//3060
f 3573//3061 3571//3059 3771//3251
f 3772//3252 3572//3060 3574//3062
f 3576//3063 3573//3061 3773//3253
f 3774//3254 3574//3062 3577//3064
f 3672//3155 3576//3063 3775//3255
f 3776//3256 3577//3064 3673//3156
f 3777//362 3672//3155 3778//3257
f 3779//3258 3673//3156 3780//361
f 3579//3065 3581//3067 3781//3259
f 3782//3260 3582//3068 3580//3066
f 3783//3261 3581//3067 3583//3069
f 3584//3070 3582//3068 3784//3262
f 3785//3263 3583//3069 3585//3071
f 3586//3072 3584//3070 3786//3264
f 3787//3265 3585//3071 3587//3073
f 3588//3074 3586//3072 3788//3266
f 3789//3267 3587//3073 3589//3075
f 3590//3076 3588//3074 3790//3268
f 3791//3269 3589//3075 3591//3077
f 3592//3078 3590//3076 3792//3270
f 3793//3271 3591//3077 3593//3079
f 3594//3080 3592//3078 3794//3272
f 3795//3273 3593//3079 3595//3081
f 3596//3082 3594//3080 3796//3274
f 3797//3275 3595//3081 3597//3083
f 3598//3084 3596//3082 3798//3276
f 3599//3085 3675//3157 3611//3095
f 3612//3096 3676//3158 3600//3086
f 3601//3087 3677//3159 3799//3277
f 3800//3278 3678//3160 3602//3088
f 3601//3087 3799//3277 3675//3157
f 3676//3158 3800//3278 3602//3088
f 3603//3089 3609//3093 3801//3279
f 3802//3280 3610//3094 3604//3090
f 3603//3089 3801//3279 3677//3159
f 3678//3160 3802//3280 3604//3090
f 3606//3091 3803//3281 3609//3093
f 3610//3094 3804//3282 3607//3092
f 3805//362 3778//3257 3680//3161
f 3681//3162 3779//3258 3806//361
f 3680//3161 3807//3283 3606//3091
f 3607//3092 3808//3284 3681//3162
f 3611//3095 3809//3285 3613//3097
f 3614//3098 3810//3286 3612//3096
f 3615//3099 3613//3097 3811//3287
f 3812//3288 3614//3098 3616//3100
f 3615//3099 3813//3289 3617//3101
f 3618//3102 3814//3290 3616//3100
f 3617//3101 3815//3291 3619//3103
f 3620//3104 3816//3292 3618//3102
f 3619//3103 3817//3293 3621//3105
f 3622//3106 3818//3294 3620//3104
f 3621//3105 3819//3295 3623//3107
f 3624//3108 3820//3296 3622//3106
f 3623//3107 3821//3297 3625//3109
f 3626//3110 3822//3298 3624//3108
f 3625//3109 3823//3299 3627//3111
f 3628//3112 3824//3300 3626//3110
f 3627//3111 3825//3301 3629//3113
f 3630//3114 3826//3302 3628//3112
f 3629//3113 3827//3303 3633//3117
f 3634//3118 3828//3304 3630//3114
f 3535//3023 3741//3221 3683//3163
f 3684//3164 3742//3222 3536//3024
f 3479//2967 3683//3163 3685//3165
f 3686//3166 3684//3164 3480//2968
f 3481//2969 3685//3165 3687//3167
f 3688//3168 3686//3166 3482//2970
f 3483//2971 3687//3167 3689//3169
f 3690//3170 3688//3168 3484//2972
f 3485//2973 3689//3169 3691//3171
f 3692//3172 3690//3170 3486//2974
f 3487//2975 3691//3171 3693//3173
f 3694//3174 3692//3172 3488//2976
f 3489//2977 3693//3173 3695//3175
f 3696//3176 3694//3174 3490//2978
f 3491//2979 3695//3175 3697//3177
f 3698//3178 3696//3176 3492//2980
f 3493//2981 3697//3177 3699//3179
f 3700//3180 3698//3178 3494//2982
f 3495//2983 3699//3179 3701//3181
f 3702//3182 3700//3180 3496//2984
f 3701//3181 3703//3183 3497//2985
f 3498//2986 3704//3184 3702//3182
f 3703//3183 3705//3185 3499//2987
f 3500//2988 3706//3186 3704//3184
f 3705//3185 3707//3187 3501//2989
f 3502//2990 3708//3188 3706//3186
f 3707//3187 3709//3189 3503//2991
f 3504//2992 3710//3190 3708//3188
f 3709//3189 3711//3191 3505//2993
f 3506//2994 3712//3192 3710//3190
f 3507//2995 3711//3191 3713//3193
f 3714//3194 3712//3192 3508//2996
f 3509//2997 3713//3193 3715//3195
f 3716//3196 3714//3194 3510//2998
f 3537//3025 3715//3195 3743//3223
f 3744//3224 3716//3196 3538//3026
f 3719//3199 3511//2999 3717//3197
f 3718//3198 3512//3000 3720//3200
f 3721//3201 3723//3203 3517//3005
f 3518//3006 3724//3204 3722//3202
f 3631//3115 3719//3199 3829//3305
f 3830//3306 3720//3200 3632//3116
f 3633//3117 3827//3303 3721//3201
f 3722//3202 3828//3304 3634//3118
f 3725//3205 3631//3115 3829//3305
f 3830//3306 3632//3116 3726//3206
f 3831//3307 3635//3119 3725//3205
f 3726//3206 3636//3120 3832//3308
f 3727//3207 3635//3119 3831//3307
f 3832//3308 3636//3120 3728//3208
f 3833//3309 3637//3121 3727//3207
f 3728//3208 3638//3122 3834//3310
f 3639//3123 3637//3121 3833//3309
f 3834//3310 3638//3122 3640//3124
f 3729//3209 3639//3123 3835//3311
f 3836//3312 3640//3124 3730//3210
f 3641//3125 3729//3209 3837//3313
f 3838//3314 3730//3210 3642//3126
f 3731//3211 3641//3125 3837//3313
f 3838//3314 3642//3126 3732//3212
f 3731//3211 3839//3315 3643//3127
f 3644//3128 3840//3316 3732//3212
f 3643//3127 3839//3315 3733//3213
f 3734//3214 3840//3316 3644//3128
f 3527//3015 3733//3213 3735//3215
f 3736//3216 3734//3214 3528//3016
f 3735//3215 3841//3317 3645//3129
f 3646//3130 3842//3318 3736//3216
f 3645//3129 3841//3317 3737//3217
f 3738//3218 3842//3318 3646//3130
f 3737//3217 3843//3319 3647//3131
f 3648//3132 3844//3320 3738//3218
f 3647//3131 3843//3319 3739//3219
f 3740//3220 3844//3320 3648//3132
f 3739//3219 3845//3321 3649//3133
f 3650//3134 3846//3322 3740//3220
f 3649//3133 3845//3321 3741//3221
f 3742//3222 3846//3322 3650//3134
f 3539//3027 3743//3223 3745//3225
f 3746//3226 3744//3224 3540//3028
f 3541//3029 3745//3225 3747//3227
f 3748//3228 3746//3226 3542//3030
f 3543//3031 3747//3227 3749//3229
f 3750//3230 3748//3228 3544//3032
f 3651//3135 3749//3229 3847//3323
f 3848//3324 3750//3230 3652//3136
f 3751//3231 3651//3135 3847//3323
f 3848//3324 3652//3136 3752//3232
f 3653//3137 3751//3231 3849//3325
f 3850//3326 3752//3232 3654//3138
f 3753//3233 3653//3137 3849//3325
f 3850//3326 3654//3138 3754//3234
f 3755//3235 3547//3035 3753//3233
f 3754//3234 3548//3036 3756//3236
f 3655//3139 3755//3235 3851//3327
f 3852//3328 3756//3236 3656//3140
f 3757//3237 3655//3139 3851//3327
f 3852//3328 3656//3140 3758//3238
f 3657//3141 3757//3237 3853//3329
f 3854//3330 3758//3238 3658//3142
f 3759//3239 3657//3141 3853//3329
f 3854//3330 3658//3142 3760//3240
f 3661//3145 3659//3143 3855//3331
f 3856//3332 3660//3144 3662//3146
f 3659//3143 3759//3239 3855//3331
f 3856//3332 3760//3240 3660//3144
f 3761//3241 3661//3145 3857//3333
f 3858//3334 3662//3146 3762//3242
f 3859//3335 3663//3147 3761//3241
f 3762//3242 3664//3148 3860//3336
f 3763//3243 3663//3147 3859//3335
f 3860//3336 3664//3148 3764//3244
f 3861//3337 3665//3149 3763//3243
f 3764//3244 3666//3150 3862//3338
f 3765//3245 3665//3149 3861//3337
f 3862//3338 3666//3150 3766//3246
f 3717//3197 3559//3047 3765//3245
f 3766//3246 3560//3048 3718//3198
f 3723//3203 3767//3247 3565//3053
f 3566//3054 3768//3248 3724//3204
f 3767//3247 3797//3275 3597//3083
f 3598//3084 3798//3276 3768//3248
f 3667//3151 3579//3065 3781//3259
f 3782//3260 3580//3066 3668//3152
f 3667//3151 3781//3259 3769//3249
f 3770//3250 3782//3260 3668//3152
f 3669//3153 3769//3249 3863//3339
f 3864//3340 3770//3250 3670//3154
f 3669//3153 3863//3339 3771//3251
f 3772//3252 3864//3340 3670//3154
f 3573//3061 3771//3251 3865//3341
f 3866//3342 3772//3252 3574//3062
f 3573//3061 3865//3341 3773//3253
f 3774//3254 3866//3342 3574//3062
f 3576//3063 3773//3253 3775//3255
f 3776//3256 3774//3254 3577//3064
f 3672//3155 3775//3255 3778//3257
f 3779//3258 3776//3256 3673//3156
f 3781//3259 3581//3067 3783//3261
f 3784//3262 3582//3068 3782//3260
f 3783//3261 3583//3069 3785//3263
f 3786//3264 3584//3070 3784//3262
f 3785//3263 3585//3071 3787//3265
f 3788//3266 3586//3072 3786//3264
f 3787//3265 3587//3073 3789//3267
f 3790//3268 3588//3074 3788//3266
f 3789//3267 3589//3075 3791//3269
f 3792//3270 3590//3076 3790//3268
f 3791//3269 3591//3077 3793//3271
f 3794//3272 3592//3078 3792//3270
f 3795//3273 3793//3271 3593//3079
f 3594//3080 3794//3272 3796//3274
f 3797//3275 3795//3273 3595//3081
f 3596//3082 3796//3274 3798//3276
f 3675//3157 3809//3285 3611//3095
f 3612//3096 3810//3286 3676//3158
f 3677//3159 3867//3343 3799//3277
f 3800//3278 3868//3344 3678//3160
f 3675//3157 3799//3277 3809//3285
f 3810//3286 3800//3278 3676//3158
f 3609//3093 3869//3345 3801//3279
f 3802//3280 3870//3346 3610//3094
f 3677//3159 3801//3279 3867//3343
f 3868//3344 3802//3280 3678//3160
f 3606//3091 3807//3283 3803//3281
f 3804//3282 3808//3284 3607//3092
f 3609//3093 3803//3281 3869//3345
f 3870//3346 3804//3282 3610//3094
f 3680//3161 3778//3257 3807//3283
f 3808//3284 3779//3258 3681//3162
f 3809//3285 3811//3287 3613//3097
f 3614//3098 3812//3288 3810//3286
f 3615//3099 3811//3287 3813//3289
f 3814//3290 3812//3288 3616//3100
f 3617//3101 3813//3289 3815//3291
f 3816//3292 3814//3290 3618//3102
f 3619//3103 3815//3291 3817//3293
f 3818//3294 3816//3292 3620//3104
f 3621//3105 3817//3293 3819//3295
f 3820//3296 3818//3294 3622//3106
f 3623//3107 3819//3295 3821//3297
f 3822//3298 3820//3296 3624//3108
f 3821//3297 3823//3299 3625//3109
f 3626//3110 3824//3300 3822//3298
f 3627//3111 3823//3299 3825//3301
f 3826//3302 3824//3300 3628//3112
f 3629//3113 3825//3301 3827//3303
f 3828//3304 3826//3302 3630//3114
f 3683//3163 3741//3221 3871//3347
f 3872//3348 3742//3222 3684//3164
f 3685//3165 3683//3163 3873//3349
f 3874//3350 3684//3164 3686//3166
f 3687//3167 3685//3165 3875//3351
f 3876//3352 3686//3166 3688//3168
f 3689//3169 3687//3167 3877//3353
f 3878//3354 3688//3168 3690//3170
f 3691//3171 3689//3169 3879//3355
f 3880//3356 3690//3170 3692//3172
f 3693//3173 3691//3171 3881//3357
f 3882//3358 3692//3172 3694//3174
f 3695//3175 3693//3173 3883//3359
f 3884//3360 3694//3174 3696//3176
f 3697//3177 3695//3175 3885//3361
f 3886//3362 3696//3176 3698//3178
f 3699//3179 3697//3177 3887//3363
f 3888//3364 3698//3178 3700//3180
f 3699//3179 3889//3365 3701//3181
f 3702//3182 3890//3366 3700//3180
f 3701//3181 3891//3367 3703//3183
f 3704//3184 3892//3368 3702//3182
f 3703//3183 3893//3369 3705//3185
f 3706//3186 3894//3370 3704//3184
f 3705//3185 3895//3371 3707//3187
f 3708//3188 3896//3372 3706//3186
f 3707//3187 3897//3373 3709//3189
f 3710//3190 3898//3374 3708//3188
f 3709//3189 3899//3375 3711//3191
f 3712//3192 3900//3376 3710//3190
f 3711//3191 3901//3377 3713//3193
f 3714//3194 3902//3378 3712//3192
f 3713//3193 3903//3379 3715//3195
f 3716//3196 3904//3380 3714//3194
f 3715//3195 3905//3381 3743//3223
f 3744//3224 3906//3382 3716//3196
f 3719//3199 3717//3197 3907//3383
f 3908//3384 3718//3198 3720//3200
f 3721//3201 3909//3385 3723//3203
f 3724//3204 3910//3386 3722//3202
f 3829//3305 3719//3199 3907//3383
f 3908//3384 3720//3200 3830//3306
f 3827//3303 3909//3385 3721//3201
f 3722//3202 3910//3386 3828//3304
f 3725//3205 3829//3305 3911//3387
f 3912//3388 3830//3306 3726//3206
f 3831//3307 3725//3205 3911//3387
f 3912//3388 3726//3206 3832//3308
f 3913//3389 3727//3207 3831//3307
f 3832//3308 3728//3208 3914//3390
f 3833//3309 3727//3207 3913//3389
f 3914//3390 3728//3208 3834//3310
f 3835//3311 3639//3123 3833//3309
f 3834//3310 3640//3124 3836//3312
f 3729//3209 3835//3311 3915//3391
f 3916//3392 3836//3312 3730//3210
f 3837//3313 3729//3209 3915//3391
f 3916//3392 3730//3210 3838//3314
f 3731//3211 3837//3313 3917//3393
f 3918//3394 3838//3314 3732//3212
f 3731//3211 3917//3393 3839//3315
f 3840//3316 3918//3394 3732//3212
f 3839//3315 3919//3395 3733//3213
f 3734//3214 3920//3396 3840//3316
f 3733//3213 3921//3397 3735//3215
f 3736//3216 3922//3398 3734//3214
f 3735//3215 3921//3397 3841//3317
f 3842//3318 3922//3398 3736//3216
f 3841//3317 3923//3399 3737//3217
f 3738//3218 3924//3400 3842//3318
f 3737//3217 3923//3399 3843//3319
f 3844//3320 3924//3400 3738//3218
f 3843//3319 3925//3401 3739//3219
f 3740//3220 3926//3402 3844//3320
f 3739//3219 3925//3401 3845//3321
f 3846//3322 3926//3402 3740//3220
f 3741//3221 3845//3321 3927//3403
f 3928//3404 3846//3322 3742//3222
f 3743//3223 3929//3405 3745//3225
f 3746//3226 3930//3406 3744//3224
f 3745//3225 3931//3407 3747//3227
f 3748//3228 3932//3408 3746//3226
f 3747//3227 3933//3409 3749//3229
f 3750//3230 3934//3410 3748//3228
f 3749//3229 3935//3411 3847//3323
f 3848//3324 3936//3412 3750//3230
f 3751//3231 3847//3323 3937//3413
f 3938//3414 3848//3324 3752//3232
f 3849//3325 3751//3231 3937//3413
f 3938//3414 3752//3232 3850//3326
f 3753//3233 3849//3325 3939//3415
f 3940//3416 3850//3326 3754//3234
f 3755//3235 3753//3233 3941//3417
f 3942//3418 3754//3234 3756//3236
f 3851//3327 3755//3235 3941//3417
f 3942//3418 3756//3236 3852//3328
f 3757//3237 3851//3327 3943//3419
f 3944//3420 3852//3328 3758//3238
f 3853//3329 3757//3237 3943//3419
f 3944//3420 3758//3238 3854//3330
f 3759//3239 3853//3329 3945//3421
f 3946//3422 3854//3330 3760//3240
f 3661//3145 3855//3331 3857//3333
f 3858//3334 3856//3332 3662//3146
f 3855//3331 3759//3239 3945//3421
f 3946//3422 3760//3240 3856//3332
f 3947//3423 3761//3241 3857//3333
f 3858//3334 3762//3242 3948//3424
f 3859//3335 3761//3241 3947//3423
f 3948//3424 3762//3242 3860//3336
f 3949//3425 3763//3243 3859//3335
f 3860//3336 3764//3244 3950//3426
f 3861//3337 3763//3243 3949//3425
f 3950//3426 3764//3244 3862//3338
f 3951//3427 3765//3245 3861//3337
f 3862//3338 3766//3246 3952//3428
f 3907//3383 3717//3197 3765//3245
f 3766//3246 3718//3198 3908//3384
f 3909//3385 3767//3247 3723//3203
f 3724//3204 3768//3248 3910//3386
f 3953//3429 3797//3275 3767//3247
f 3768//3248 3798//3276 3954//3430
f 3769//3249 3781//3259 3955//3431
f 3956//3432 3782//3260 3770//3250
f 3769//3249 3955//3431 3863//3339
f 3864//3340 3956//3432 3770//3250
f 3771//3251 3863//3339 3957//3433
f 3958//3434 3864//3340 3772//3252
f 3771//3251 3957//3433 3865//3341
f 3866//3342 3958//3434 3772//3252
f 3773//3253 3865//3341 3959//3435
f 3960//3436 3866//3342 3774//3254
f 3775//3255 3773//3253 3959//3435
f 3960//3436 3774//3254 3776//3256
f 3778//3257 3775//3255 3961//3437
f 3962//3438 3776//3256 3779//3258
f 3781//3259 3783//3261 3955//3431
f 3956//3432 3784//3262 3782//3260
f 3963//3439 3783//3261 3785//3263
f 3786//3264 3784//3262 3964//3440
f 3965//3441 3785//3263 3787//3265
f 3788//3266 3786//3264 3966//3442
f 3967//3443 3787//3265 3789//3267
f 3790//3268 3788//3266 3968//3444
f 3969//3445 3789//3267 3791//3269
f 3792//3270 3790//3268 3970//3446
f 3971//3447 3791//3269 3793//3271
f 3794//3272 3792//3270 3972//3448
f 3973//3449 3793//3271 3795//3273
f 3796//3274 3794//3272 3974//3450
f 3975//3451 3795//3273 3797//3275
f 3798//3276 3796//3274 3976//3452
f 3799//3277 3867//3343 3977//3453
f 3978//3454 3868//3344 3800//3278
f 3799//3277 3977//3453 3809//3285
f 3810//3286 3978//3454 3800//3278
f 3801//3279 3869//3345 3979//3455
f 3980//3456 3870//3346 3802//3280
f 3801//3279 3979//3455 3867//3343
f 3868//3344 3980//3456 3802//3280
f 3803//3281 3807//3283 3981//3457
f 3982//3458 3808//3284 3804//3282
f 3803//3281 3981//3457 3869//3345
f 3870//3346 3982//3458 3804//3282
f 3778//3257 3961//3437 3807//3283
f 3808//3284 3962//3438 3779//3258
f 3809//3285 3977//3453 3811//3287
f 3812//3288 3978//3454 3810//3286
f 3811//3287 3983//3459 3813//3289
f 3814//3290 3984//3460 3812//3288
f 3813//3289 3985//3461 3815//3291
f 3816//3292 3986//3462 3814//3290
f 3815//3291 3987//3463 3817//3293
f 3818//3294 3988//3464 3816//3292
f 3817//3293 3989//3465 3819//3295
f 3820//3296 3990//3466 3818//3294
f 3819//3295 3991//3467 3821//3297
f 3822//3298 3992//3468 3820//3296
f 3821//3297 3993//3469 3823//3299
f 3824//3300 3994//3470 3822//3298
f 3823//3299 3995//3471 3825//3301
f 3826//3302 3996//3472 3824//3300
f 3825//3301 3997//3473 3827//3303
f 3828//3304 3998//3474 3826//3302
f 3871//3347 3741//3221 3927//3403
f 3928//3404 3742//3222 3872//3348
f 3873//3349 3683//3163 3871//3347
f 3872//3348 3684//3164 3874//3350
f 3875//3351 3685//3165 3873//3349
f 3874//3350 3686//3166 3876//3352
f 3687//3167 3875//3351 3877//3353
f 3878//3354 3876//3352 3688//3168
f 3689//3169 3877//3353 3879//3355
f 3880//3356 3878//3354 3690//3170
f 3691//3171 3879//3355 3881//3357
f 3882//3358 3880//3356 3692//3172
f 3693//3173 3881//3357 3883//3359
f 3884//3360 3882//3358 3694//3174
f 3695//3175 3883//3359 3885//3361
f 3886//3362 3884//3360 3696//3176
f 3697//3177 3885//3361 3887//3363
f 3888//3364 3886//3362 3698//3178
f 3699//3179 3887//3363 3889//3365
f 3890//3366 3888//3364 3700//3180
f 3701//3181 3889//3365 3891//3367
f 3892//3368 3890//3366 3702//3182
f 3703//3183 3891//3367 3893//3369
f 3894//3370 3892//3368 3704//3184
f 3705//3185 3893//3369 3895//3371
f 3896//3372 3894//3370 3706//3186
f 3707//3187 3895//3371 3897//3373
f 3898//3374 3896//3372 3708//3188
f 3709//3189 3897//3373 3899//3375
f 3900//3376 3898//3374 3710//3190
f 3711//3191 3899//3375 3901//3377
f 3902//3378 3900//3376 3712//3192
f 3713//3193 3901//3377 3903//3379
f 3904//3380 3902//3378 3714//3194
f 3715//3195 3903//3379 3905//3381
f 3906//3382 3904//3380 3716//3196
f 3743//3223 3905//3381 3929//3405
f 3930//3406 3906//3382 3744//3224
f 3829//3305 3907//3383 3999//3475
f 4000//3476 3908//3384 3830//3306
f 3827//3303 3997//3473 3909//3385
f 3910//3386 3998//3474 3828//3304
f 3911//3387 3829//3305 3999//3475
f 4000//3476 3830//3306 3912//3388
f 4001//3477 3831//3307 3911//3387
f 3912//3388 3832//3308 4002//3478
f 3913//3389 3831//3307 4001//3477
f 4002//3478 3832//3308 3914//3390
f 4003//3479 3833//3309 3913//3389
f 3914//3390 3834//3310 4004//3480
f 3835//3311 3833//3309 4003//3479
f 4004//3480 3834//3310 3836//3312
f 3915//3391 3835//3311 4005//3481
f 4006//3482 3836//3312 3916//3392
f 3837//3313 3915//3391 4007//3483
f 4008//3484 3916//3392 3838//3314
f 3917//3393 3837//3313 4007//3483
f 4008//3484 3838//3314 3918//3394
f 3917//3393 4009//3485 3839//3315
f 3840//3316 4010//3486 3918//3394
f 3839//3315 4009//3485 3919//3395
f 3920//3396 4010//3486 3840//3316
f 3733//3213 3919//3395 3921//3397
f 3922//3398 3920//3396 3734//3214
f 3921//3397 4011//3487 3841//3317
f 3842//3318 4012//3488 3922//3398
f 3841//3317 4011//3487 3923//3399
f 3924//3400 4012//3488 3842//3318
f 3923//3399 4013//3489 3843//3319
f 3844//3320 4014//3490 3924//3400
f 3843//3319 4013//3489 3925//3401
f 3926//3402 4014//3490 3844//3320
f 3845//3321 3925//3401 4015//3491
f 4016//3492 3926//3402 3846//3322
f 3927//3403 3845//3321 4015//3491
f 4016//3492 3846//3322 3928//3404
f 3745//3225 3929//3405 3931//3407
f 3932//3408 3930//3406 3746//3226
f 3747//3227 3931//3407 3933//3409
f 3934//3410 3932//3408 3748//3228
f 3749//3229 3933//3409 3935//3411
f 3936//3412 3934//3410 3750//3230
f 3935//3411 4017//3493 3847//3323
f 3848//3324 4018//3494 3936//3412
f 3847//3323 4017//3493 3937//3413
f 3938//3414 4018//3494 3848//3324
f 3849//3325 3937//3413 4019//3495
f 4020//3496 3938//3414 3850//3326
f 3939//3415 3849//3325 4019//3495
f 4020//3496 3850//3326 3940//3416
f 3941//3417 3753//3233 3939//3415
f 3940//3416 3754//3234 3942//3418
f 3851//3327 3941//3417 4021//3497
f 4022//3498 3942//3418 3852//3328
f 3943//3419 3851//3327 4021//3497
f 4022//3498 3852//3328 3944//3420
f 3853//3329 3943//3419 4023//3499
f 4024//3500 3944//3420 3854//3330
f 3945//3421 3853//3329 4023//3499
f 4024//3500 3854//3330 3946//3422
f 3857//3333 3855//3331 4025//3501
f 4026//3502 3856//3332 3858//3334
f 3855//3331 3945//3421 4025//3501
f 4026//3502 3946//3422 3856//3332
f 4027//3503 3947//3423 3857//3333
f 3858//3334 3948//3424 4028//3504
f 4029//3505 3859//3335 3947//3423
f 3948//3424 3860//3336 4030//3506
f 3949//3425 3859//3335 4029//3505
f 4030//3506 3860//3336 3950//3426
f 4031//3507 3861//3337 3949//3425
f 3950//3426 3862//3338 4032//3508
f 3951//3427 3861//3337 4031//3507
f 4032//3508 3862//3338 3952//3428
f 3907//3383 3765//3245 3951//3427
f 3952//3428 3766//3246 3908//3384
f 3909//3385 3953//3429 3767//3247
f 3768//3248 3954//3430 3910//3386
f 3953//3429 3975//3451 3797//3275
f 3798//3276 3976//3452 3954//3430
f 3863//3339 3955//3431 4033//3509
f 4034//3510 3956//3432 3864//3340
f 3863//3339 4033//3509 3957//3433
f 3958//3434 4034//3510 3864//3340
f 3865//3341 3957//3433 4035//3511
f 4036//3512 3958//3434 3866//3342
f 3959//3435 3865//3341 4035//3511
f 4036//3512 3866//3342 3960//3436
f 3775//3255 3959//3435 4037//3513
f 4038//3514 3960//3436 3776//3256
f 3961//3437 3775//3255 4037//3513
f 4038//3514 3776//3256 3962//3438
f 3955//3431 3783//3261 3963//3439
f 3964//3440 3784//3262 3956//3432
f 3963//3439 3785//3263 3965//3441
f 3966//3442 3786//3264 3964//3440
f 3965//3441 3787//3265 3967//3443
f 3968//3444 3788//3266 3966//3442
f 3967//3443 3789//3267 3969//3445
f 3970//3446 3790//3268 3968//3444
f 3969//3445 3791//3269 3971//3447
f 3972//3448 3792//3270 3970//3446
f 3971//3447 3793//3271 3973//3449
f 3974//3450 3794//3272 3972//3448
f 3975//3451 3973//3449 3795//3273
f 3796//3274 3974//3450 3976//3452
f 3867//3343 4039//3515 3977//3453
f 3978//3454 4040//3516 3868//3344
f 3869//3345 4041//3517 3979//3455
f 3980//3456 4042//3518 3870//3346
f 3867//3343 3979//3455 4039//3515
f 4040//3516 3980//3456 3868//3344
f 3807//3283 4043//3519 3981//3457
f 3982//3458 4044//3520 3808//3284
f 3869//3345 3981//3457 4041//3517
f 4042//3518 3982//3458 3870//3346
f 3807//3283 3961//3437 4043//3519
f 4044//3520 3962//3438 3808//3284
f 3977//3453 3983//3459 3811//3287
f 3812//3288 3984//3460 3978//3454
f 3813//3289 3983//3459 3985//3461
f 3986//3462 3984//3460 3814//3290
f 3815//3291 3985//3461 3987//3463
f 3988//3464 3986//3462 3816//3292
f 3817//3293 3987//3463 3989//3465
f 3990//3466 3988//3464 3818//3294
f 3819//3295 3989//3465 3991//3467
f 3992//3468 3990//3466 3820//3296
f 3821//3297 3991//3467 3993//3469
f 3994//3470 3992//3468 3822//3298
f 3823//3299 3993//3469 3995//3471
f 3996//3472 3994//3470 3824//3300
f 3825//3301 3995//3471 3997//3473
f 3998//3474 3996//3472 3826//3302
f 3871//3347 3927//3403 4045//3521
f 4046//3522 3928//3404 3872//3348
f 3873//3349 3871//3347 4047//3523
f 4048//3524 3872//3348 3874//3350
f 3875//3351 3873//3349 4049//3525
f 4050//3526 3874//3350 3876//3352
f 3877//3353 3875//3351 4051//3527
f 4052//3528 3876//3352 3878//3354
f 3879//3355 3877//3353 4053//3529
f 4054//3530 3878//3354 3880//3356
f 3881//3357 3879//3355 4055//3531
f 4056//3532 3880//3356 3882//3358
f 3883//3359 3881//3357 4057//3533
f 4058//3534 3882//3358 3884//3360
f 3885//3361 3883//3359 4059//3535
f 4060//3536 3884//3360 3886//3362
f 3887//3363 3885//3361 4061//3537
f 4062//3538 3886//3362 3888//3364
f 3887//3363 4063//3539 3889//3365
f 3890//3366 4064//3540 3888//3364
f 3889//3365 4065//3541 3891//3367
f 3892//3368 4066//3542 3890//3366
f 3891//3367 4067//3543 3893//3369
f 3894//3370 4068//3544 3892//3368
f 3893//3369 4069//3545 3895//3371
f 3896//3372 4070//3546 3894//3370
f 3895//3371 4071//3547 3897//3373
f 3898//3374 4072//3548 3896//3372
f 3897//3373 4073//3549 3899//3375
f 3900//3376 4074//3550 3898//3374
f 3899//3375 4075//3551 3901//3377
f 3902//3378 4076//3552 3900//3376
f 3901//3377 4077//3553 3903//3379
f 3904//3380 4078//3554 3902//3378
f 3903//3379 4079//3555 3905//3381
f 3906//3382 4080//3556 3904//3380
f 3905//3381 4081//3557 3929//3405
f 3930//3406 4082//3558 3906//3382
f 3999//3475 3907//3383 3951//3427
f 3952//3428 3908//3384 4000//3476
f 3997//3473 3953//3429 3909//3385
f 3910//3386 3954//3430 3998//3474
f 3911//3387 3999//3475 4083//3559
f 4084//3560 4000//3476 3912//3388
f 4001//3477 3911//3387 4083//3559
f 4084//3560 3912//3388 4002//3478
f 4085//3561 3913//3389 4001//3477
f 4002//3478 3914//3390 4086//3562
f 4003//3479 3913//3389 4085//3561
f 4086//3562 3914//3390 4004//3480
f 3835//3311 4003//3479 4005//3481
f 4006//3482 4004//3480 3836//3312
f 3915//3391 4005//3481 4087//3563
f 4088//3564 4006//3482 3916//3392
f 4007//3483 3915//3391 4087//3563
f 4088//3564 3916//3392 4008//3484
f 3917//3393 4007//3483 4089//3565
f 4090//3566 4008//3484 3918//3394
f 3917//3393 4089//3565 4009//3485
f 4010//3486 4090//3566 3918//3394
f 4009//3485 4091//3567 3919//3395
f 3920//3396 4092//3568 4010//3486
f 3919//3395 4093//3569 3921//3397
f 3922//3398 4094//3570 3920//3396
f 3921//3397 4093//3569 4011//3487
f 4012//3488 4094//3570 3922//3398
f 4011//3487 4095//3571 3923//3399
f 3924//3400 4096//3572 4012//3488
f 3923//3399 4095//3571 4013//3489
f 4014//3490 4096//3572 3924//3400
f 3925//3401 4013//3489 4097//3573
f 4098//3574 4014//3490 3926//3402
f 4015//3491 3925//3401 4097//3573
f 4098//3574 3926//3402 4016//3492
f 3927//3403 4015//3491 4099//3575
f 4100//3576 4016//3492 3928//3404
f 3929//3405 4101//3577 3931//3407
f 3932//3408 4102//3578 3930//3406
f 3931//3407 4103//3579 3933//3409
f 3934//3410 4104//3580 3932//3408
f 3933//3409 4105//3581 3935//3411
f 3936//3412 4106//3582 3934//3410
f 3935//3411 4107//3583 4017//3493
f 4018//3494 4108//3584 3936//3412
f 4017//3493 4109//3585 3937//3413
f 3938//3414 4110//3586 4018//3494
f 3937//3413 4109//3585 4019//3495
f 4020//3496 4110//3586 3938//3414
f 3939//3415 4019//3495 4111//3587
f 4112//3588 4020//3496 3940//3416
f 3941//3417 3939//3415 4113//3589
f 4114//3590 3940//3416 3942//3418
f 4021//3497 3941//3417 4113//3589
f 4114//3590 3942//3418 4022//3498
f 3943//3419 4021//3497 4115//3591
f 4116//3592 4022//3498 3944//3420
f 4023//3499 3943//3419 4115//3591
f 4116//3592 3944//3420 4024//3500
f 3945//3421 4023//3499 4117//3593
f 4118//3594 4024//3500 3946//3422
f 4027//3503 3857//3333 4025//3501
f 4026//3502 3858//3334 4028//3504
f 4025//3501 3945//3421 4117//3593
f 4118//3594 3946//3422 4026//3502
f 4119//3595 3947//3423 4027//3503
f 4028//3504 3948//3424 4120//3596
f 4119//3595 4029//3505 3947//3423
f 3948//3424 4030//3506 4120//3596
f 4121//3597 3949//3425 4029//3505
f 4030//3506 3950//3426 4122//3598
f 4031//3507 3949//3425 4121//3597
f 4122//3598 3950//3426 4032//3508
f 4123//3599 3951//3427 4031//3507
f 4032//3508 3952//3428 4124//3600
f 4125//3601 3975//3451 3953//3429
f 3954//3430 3976//3452 4126//3602
f 3955//3431 3963//3439 4033//3509
f 4034//3510 3964//3440 3956//3432
f 3957//3433 4033//3509 4127//3603
f 4128//3604 4034//3510 3958//3434
f 3957//3433 4127//3603 4035//3511
f 4036//3512 4128//3604 3958//3434
f 3959//3435 4035//3511 4129//3605
f 4130//3606 4036//3512 3960//3436
f 4037//3513 3959//3435 4129//3605
f 4130//3606 3960//3436 4038//3514
f 3961//3437 4037//3513 4043//3519
f 4044//3520 4038//3514 3962//3438
f 4131//3607 3963//3439 3965//3441
f 3966//3442 3964//3440 4132//3608
f 4133//3609 3965//3441 3967//3443
f 3968//3444 3966//3442 4134//3610
f 4135//3611 3967//3443 3969//3445
f 3970//3446 3968//3444 4136//3612
f 4137//3613 3969//3445 3971//3447
f 3972//3448 3970//3446 4138//3614
f 4139//3615 3971//3447 3973//3449
f 3974//3450 3972//3448 4140//3616
f 4141//3617 3973//3449 3975//3451
f 3976//3452 3974//3450 4142//3618
f 3977//3453 4039//3515 3983//3459
f 3984//3460 4040//3516 3978//3454
f 3979//3455 4041//3517 4143//3619
f 4144//3620 4042//3518 3980//3456
f 3979//3455 4143//3619 4039//3515
f 4040//3516 4144//3620 3980//3456
f 3981//3457 4043//3519 4145//3621
f 4146//3622 4044//3520 3982//3458
f 3981//3457 4145//3621 4041//3517
f 4042//3518 4146//3622 3982//3458
f 3983//3459 4147//3623 3985//3461
f 3986//3462 4148//3624 3984//3460
f 3985//3461 4149//3625 3987//3463
f 3988//3464 4150//3626 3986//3462
f 3987//3463 4151//3627 3989//3465
f 3990//3466 4152//3628 3988//3464
f 3989//3465 4153//3629 3991//3467
f 3992//3468 4154//3630 3990//3466
f 3991//3467 4155//3631 3993//3469
f 3994//3470 4156//3632 3992//3468
f 3993//3469 4157//3633 3995//3471
f 3996//3472 4158//3634 3994//3470
f 3995//3471 4125//3601 3997//3473
f 3998//3474 4126//3602 3996//3472
f 4045//3521 3927//3403 4099//3575
f 4100//3576 3928//3404 4046//3522
f 4047//3523 3871//3347 4045//3521
f 4046//3522 3872//3348 4048//3524
f 3873//3349 4047//3523 4049//3525
f 4050//3526 4048//3524 3874//3350
f 3875//3351 4049//3525 4051//3527
f 4052//3528 4050//3526 3876//3352
f 3877//3353 4051//3527 4053//3529
f 4054//3530 4052//3528 3878//3354
f 3879//3355 4053//3529 4055//3531
f 4056//3532 4054//3530 3880//3356
f 3881//3357 4055//3531 4057//3533
f 4058//3534 4056//3532 3882//3358
f 3883//3359 4057//3533 4059//3535
f 4060//3536 4058//3534 3884//3360
f 3885//3361 4059//3535 4061//3537
f 4062//3538 4060//3536 3886//3362
f 3887//3363 4061//3537 4063//3539
f 4064//3540 4062//3538 3888//3364
f 3889//3365 4063//3539 4065//3541
f 4066//3542 4064//3540 3890//3366
f 3891//3367 4065//3541 4067//3543
f 4068//3544 4066//3542 3892//3368
f 3893//3369 4067//3543 4069//3545
f 4070//3546 4068//3544 3894//3370
f 3895//3371 4069//3545 4071//3547
f 4072//3548 4070//3546 3896//3372
f 3897//3373 4071//3547 4073//3549
f 4074//3550 4072//3548 3898//3374
f 3899//3375 4073//3549 4075//3551
f 4076//3552 4074//3550 3900//3376
f 3901//3377 4075//3551 4077//3553
f 4078//3554 4076//3552 3902//3378
f 3903//3379 4077//3553 4079//3555
f 4080//3556 4078//3554 3904//3380
f 3905//3381 4079//3555 4081//3557
f 4082//3558 4080//3556 3906//3382
f 3929//3405 4081//3557 4101//3577
f 4102//3578 4082//3558 3930//3406
f 3999//3475 3951//3427 4123//3599
f 4124//3600 3952//3428 4000//3476
f 3997//3473 4125//3601 3953//3429
f 3954//3430 4126//3602 3998//3474
f 4083//3559 3999//3475 4123//3599
f 4124//3600 4000//3476 4084//3560
f 4159//3635 4001//3477 4083//3559
f 4084//3560 4002//3478 4160//3636
f 4085//3561 4001//3477 4159//3635
f 4160//3636 4002//3478 4086//3562
f 4003//3479 4085//3561 4161//3637
f 4162//3638 4086//3562 4004//3480
f 4005//3481 4003//3479 4161//3637
f 4162//3638 4004//3480 4006//3482
f 4087//3563 4005//3481 4163//3639
f 4164//3640 4006//3482 4088//3564
f 4007//3483 4087//3563 4165//3641
f 4166//3642 4088//3564 4008//3484
f 4089//3565 4007//3483 4165//3641
f 4166//3642 4008//3484 4090//3566
f 4089//3565 4167//3643 4009//3485
f 4010//3486 4168//3644 4090//3566
f 4009//3485 4167//3643 4091//3567
f 4092//3568 4168//3644 4010//3486
f 3919//3395 4091//3567 4093//3569
f 4094//3570 4092//3568 3920//3396
f 4093//3569 4169//3645 4011//3487
f 4012//3488 4170//3646 4094//3570
f 4011//3487 4169//3645 4095//3571
f 4096//3572 4170//3646 4012//3488
f 4013//3489 4095//3571 4171//3647
f 4172//3648 4096//3572 4014//3490
f 4097//3573 4013//3489 4171//3647
f 4172//3648 4014//3490 4098//3574
f 4015//3491 4097//3573 4173//3649
f 4174//3650 4098//3574 4016//3492
f 4099//3575 4015//3491 4173//3649
f 4174//3650 4016//3492 4100//3576
f 3931//3407 4101//3577 4103//3579
f 4104//3580 4102//3578 3932//3408
f 4103//3579 4105//3581 3933//3409
f 3934//3410 4106//3582 4104//3580
f 4105//3581 4107//3583 3935//3411
f 3936//3412 4108//3584 4106//3582
f 4107//3583 4175//3651 4017//3493
f 4018//3494 4176//3652 4108//3584
f 4017//3493 4175//3651 4109//3585
f 4110//3586 4176//3652 4018//3494
f 4109//3585 4177//3653 4019//3495
f 4020//3496 4178//3654 4110//3586
f 4019//3495 4177//3653 4111//3587
f 4112//3588 4178//3654 4020//3496
f 4113//3589 3939//3415 4111//3587
f 4112//3588 3940//3416 4114//3590
f 4021//3497 4113//3589 4179//3655
f 4180//3656 4114//3590 4022//3498
f 4115//3591 4021//3497 4179//3655
f 4180//3656 4022//3498 4116//3592
f 4023//3499 4115//3591 4181//3657
f 4182//3658 4116//3592 4024//3500
f 4117//3593 4023//3499 4181//3657
f 4182//3658 4024//3500 4118//3594
f 4183//3659 4027//3503 4025//3501
f 4026//3502 4028//3504 4184//3660
f 4183//3659 4025//3501 4117//3593
f 4118//3594 4026//3502 4184//3660
f 4185//3661 4119//3595 4027//3503
f 4028//3504 4120//3596 4186//3662
f 4187//3663 4029//3505 4119//3595
f 4120//3596 4030//3506 4188//3664
f 4187//3663 4121//3597 4029//3505
f 4030//3506 4122//3598 4188//3664
f 4189//3665 4031//3507 4121//3597
f 4122//3598 4032//3508 4190//3666
f 4123//3599 4031//3507 4189//3665
f 4190//3666 4032//3508 4124//3600
f 4125//3601 4141//3617 3975//3451
f 3976//3452 4142//3618 4126//3602
f 4033//3509 3963//3439 4131//3607
f 4132//3608 3964//3440 4034//3510
f 4033//3509 4131//3607 4127//3603
f 4128//3604 4132//3608 4034//3510
f 4035//3511 4127//3603 4191//3667
f 4192//3668 4128//3604 4036//3512
f 4129//3605 4035//3511 4191//3667
f 4192//3668 4036//3512 4130//3606
f 4037//3513 4129//3605 4193//3669
f 4194//3670 4130//3606 4038//3514
f 4043//3519 4037//3513 4193//3669
f 4194//3670 4038//3514 4044//3520
f 4131//3607 3965//3441 4133//3609
f 4134//3610 3966//3442 4132//3608
f 4133//3609 3967//3443 4135//3611
f 4136//3612 3968//3444 4134//3610
f 4135//3611 3969//3445 4137//3613
f 4138//3614 3970//3446 4136//3612
f 4137//3613 3971//3447 4139//3615
f 4140//3616 3972//3448 4138//3614
f 4139//3615 3973//3449 4141//3617
f 4142//3618 3974//3450 4140//3616
f 4039//3515 4147//3623 3983//3459
f 3984//3460 4148//3624 4040//3516
f 4041//3517 4195//3671 4143//3619
f 4144//3620 4196//3672 4042//3518
f 4039//3515 4143//3619 4147//3623
f 4148//3624 4144//3620 4040//3516
f 4043//3519 4193//3669 4145//3621
f 4146//3622 4194//3670 4044//3520
f 4041//3517 4145//3621 4195//3671
f 4196//3672 4146//3622 4042//3518
f 3985//3461 4147//3623 4149//3625
f 4150//3626 4148//3624 3986//3462
f 3987//3463 4149//3625 4151//3627
f 4152//3628 4150//3626 3988//3464
f 3989//3465 4151//3627 4153//3629
f 4154//3630 4152//3628 3990//3466
f 3991//3467 4153//3629 4155//3631
f 4156//3632 4154//3630 3992//3468
f 3993//3469 4155//3631 4157//3633
f 4158//3634 4156//3632 3994//3470
f 3995//3471 4157//3633 4125//3601
f 4126//3602 4158//3634 3996//3472
f 4045//3521 4099//3575 4197//3673
f 4198//3674 4100//3576 4046//3522
f 4047//3523 4045//3521 4199//3675
f 4200//3676 4046//3522 4048//3524
f 4049//3525 4047//3523 4201//3677
f 4202//3678 4048//3524 4050//3526
f 4051//3527 4049//3525 4203//3679
f 4204//3680 4050//3526 4052//3528
f 4053//3529 4051//3527 4205//3681
f 4206//3682 4052//3528 4054//3530
f 4055//3531 4053//3529 4207//3683
f 4208//3684 4054//3530 4056//3532
f 4057//3533 4055//3531 4209//3685
f 4210//3686 4056//3532 4058//3534
f 4059//3535 4057//3533 4211//3687
f 4212//3688 4058//3534 4060//3536
f 4061//3537 4059//3535 4213//3689
f 4214//3690 4060//3536 4062//3538
f 4061//3537 4215//3691 4063//3539
f 4064//3540 4216//3692 4062//3538
f 4063//3539 4217//3693 4065//3541
f 4066//3542 4218//3694 4064//3540
f 4065//3541 4219//3695 4067//3543
f 4068//3544 4220//3696 4066//3542
f 4067//3543 4221//3697 4069//3545
f 4070//3546 4222//3698 4068//3544
f 4069//3545 4223//3699 4071//3547
f 4072//3548 4224//3700 4070//3546
f 4071//3547 4225//3701 4073//3549
f 4074//3550 4226//3702 4072//3548
f 4073//3549 4227//3703 4075//3551
f 4076//3552 4228//3704 4074//3550
f 4075//3551 4229//3705 4077//3553
f 4078//3554 4230//3706 4076//3552
f 4077//3553 4231//3707 4079//3555
f 4080//3556 4232//3708 4078//3554
f 4079//3555 4233//3709 4081//3557
f 4082//3558 4234//3710 4080//3556
f 4081//3557 4235//3711 4101//3577
f 4102//3578 4236//3712 4082//3558
f 4083//3559 4123//3599 4237//3713
f 4238//3714 4124//3600 4084//3560
f 4159//3635 4083//3559 4237//3713
f 4238//3714 4084//3560 4160//3636
f 4085//3561 4159//3635 4239//3715
f 4240//3716 4160//3636 4086//3562
f 4161//3637 4085//3561 4239//3715
f 4240//3716 4086//3562 4162//3638
f 4005//3481 4161//3637 4163//3639
f 4164//3640 4162//3638 4006//3482
f 4087//3563 4163//3639 4241//3717
f 4242//3718 4164//3640 4088//3564
f 4165//3641 4087//3563 4241//3717
f 4242//3718 4088//3564 4166//3642
f 4089//3565 4165//3641 4243//3719
f 4244//3720 4166//3642 4090//3566
f 4089//3565 4243//3719 4167//3643
f 4168//3644 4244//3720 4090//3566
f 4167//3643 4245//3721 4091//3567
f 4092//3568 4246//3722 4168//3644
f 4091//3567 4247//3723 4093//3569
f 4094//3570 4248//3724 4092//3568
f 4093//3569 4247//3723 4169//3645
f 4170//3646 4248//3724 4094//3570
f 4249//3725 4095//3571 4169//3645
f 4170//3646 4096//3572 4250//3726
f 4171//3647 4095//3571 4249//3725
f 4250//3726 4096//3572 4172//3648
f 4097//3573 4171//3647 4251//3727
f 4252//3728 4172//3648 4098//3574
f 4173//3649 4097//3573 4251//3727
f 4252//3728 4098//3574 4174//3650
f 4099//3575 4173//3649 4253//3729
f 4254//3730 4174//3650 4100//3576
f 4101//3577 4255//3731 4103//3579
f 4104//3580 4256//3732 4102//3578
f 4103//3579 4257//3733 4105//3581
f 4106//3582 4258//3734 4104//3580
f 4105//3581 4259//3735 4107//3583
f 4108//3584 4260//3736 4106//3582
f 4107//3583 4261//3737 4175//3651
f 4176//3652 4262//3738 4108//3584
f 4175//3651 4263//3739 4109//3585
f 4110//3586 4264//3740 4176//3652
f 4109//3585 4263//3739 4177//3653
f 4178//3654 4264//3740 4110//3586
f 4177//3653 4265//3741 4111//3587
f 4112//3588 4266//3742 4178//3654
f 4113//3589 4111//3587 4267//3743
f 4268//3744 4112//3588 4114//3590
f 4179//3655 4113//3589 4267//3743
f 4268//3744 4114//3590 4180//3656
f 4115//3591 4179//3655 4269//3745
f 4270//3746 4180//3656 4116//3592
f 4181//3657 4115//3591 4269//3745
f 4270//3746 4116//3592 4182//3658
f 4271//3747 4117//3593 4181//3657
f 4182//3658 4118//3594 4272//3748
f 4185//3661 4027//3503 4183//3659
f 4184//3660 4028//3504 4186//3662
f 4271//3747 4183//3659 4117//3593
f 4118//3594 4184//3660 4272//3748
f 4273//3749 4119//3595 4185//3661
f 4186//3662 4120//3596 4274//3750
f 4273//3749 4187//3663 4119//3595
f 4120//3596 4188//3664 4274//3750
f 4275//3751 4121//3597 4187//3663
f 4188//3664 4122//3598 4276//3752
f 4275//3751 4189//3665 4121//3597
f 4122//3598 4190//3666 4276//3752
f 4237//3713 4123//3599 4189//3665
f 4190//3666 4124//3600 4238//3714
f 4157//3633 4141//3617 4125//3601
f 4126//3602 4142//3618 4158//3634
f 4127//3603 4131//3607 4277//3753
f 4278//3754 4132//3608 4128//3604
f 4127//3603 4277//3753 4191//3667
f 4192//3668 4278//3754 4128//3604
f 4129//3605 4191//3667 4279//3755
f 4280//3756 4192//3668 4130//3606
f 4193//3669 4129//3605 4279//3755
f 4280//3756 4130//3606 4194//3670
f 4277//3753 4131//3607 4133//3609
f 4134//3610 4132//3608 4278//3754
f 4281//3757 4133//3609 4135//3611
f 4136//3612 4134//3610 4282//3758
f 4283//3759 4135//3611 4137//3613
f 4138//3614 4136//3612 4284//3760
f 4285//3761 4137//3613 4139//3615
f 4140//3616 4138//3614 4286//3762
f 4287//3763 4139//3615 4141//3617
f 4142//3618 4140//3616 4288//3764
f 4143//3619 4195//3671 4289//3765
f 4290//3766 4196//3672 4144//3620
f 4143//3619 4289//3765 4147//3623
f 4148//3624 4290//3766 4144//3620
f 4145//3621 4193//3669 4291//3767
f 4292//3768 4194//3670 4146//3622
f 4145//3621 4291//3767 4195//3671
f 4196//3672 4292//3768 4146//3622
f 4147//3623 4289//3765 4149//3625
f 4150//3626 4290//3766 4148//3624
f 4149//3625 4293//3769 4151//3627
f 4152//3628 4294//3770 4150//3626
f 4151//3627 4295//3771 4153//3629
f 4154//3630 4296//3772 4152//3628
f 4153//3629 4297//3773 4155//3631
f 4156//3632 4298//3774 4154//3630
f 4155//3631 4287//3763 4157//3633
f 4158//3634 4288//3764 4156//3632
f 4197//3673 4099//3575 4253//3729
f 4254//3730 4100//3576 4198//3674
f 4045//3521 4197//3673 4199//3675
f 4200//3676 4198//3674 4046//3522
f 4047//3523 4199//3675 4201//3677
f 4202//3678 4200//3676 4048//3524
f 4049//3525 4201//3677 4203//3679
f 4204//3680 4202//3678 4050//3526
f 4051//3527 4203//3679 4205//3681
f 4206//3682 4204//3680 4052//3528
f 4053//3529 4205//3681 4207//3683
f 4208//3684 4206//3682 4054//3530
f 4055//3531 4207//3683 4209//3685
f 4210//3686 4208//3684 4056//3532
f 4057//3533 4209//3685 4211//3687
f 4212//3688 4210//3686 4058//3534
f 4059//3535 4211//3687 4213//3689
f 4214//3690 4212//3688 4060//3536
f 4061//3537 4213//3689 4215//3691
f 4216//3692 4214//3690 4062//3538
f 4063//3539 4215//3691 4217//3693
f 4218//3694 4216//3692 4064//3540
f 4065//3541 4217//3693 4219//3695
f 4220//3696 4218//3694 4066//3542
f 4067//3543 4219//3695 4221//3697
f 4222//3698 4220//3696 4068//3544
f 4069//3545 4221//3697 4223//3699
f 4224//3700 4222//3698 4070//3546
f 4071//3547 4223//3699 4225//3701
f 4226//3702 4224//3700 4072//3548
f 4073//3549 4225//3701 4227//3703
f 4228//3704 4226//3702 4074//3550
f 4075//3551 4227//3703 4229//3705
f 4230//3706 4228//3704 4076//3552
f 4077//3553 4229//3705 4231//3707
f 4232//3708 4230//3706 4078//3554
f 4079//3555 4231//3707 4233//3709
f 4234//3710 4232//3708 4080//3556
f 4081//3557 4233//3709 4235//3711
f 4236//3712 4234//3710 4082//3558
f 4101//3577 4235//3711 4255//3731
f 4256//3732 4236//3712 4102//3578
f 4299//3775 4159//3635 4237//3713
f 4238//3714 4160//3636 4300//3776
f 4239//3715 4159//3635 4299//3775
f 4300//3776 4160//3636 4240//3716
f 4161//3637 4239//3715 4301//3777
f 4302//3778 4240//3716 4162//3638
f 4163//3639 4161//3637 4301//3777
f 4302//3778 4162//3638 4164//3640
f 4241//3717 4163//3639 4303//3779
f 4304//3780 4164//3640 4242//3718
f 4165//3641 4241//3717 4305//3781
f 4306//3782 4242//3718 4166//3642
f 4243//3719 4165//3641 4305//3781
f 4306//3782 4166//3642 4244//3720
f 4243//3719 4307//3783 4167//3643
f 4168//3644 4308//3784 4244//3720
f 4167//3643 4307//3783 4245//3721
f 4246//3722 4308//3784 4168//3644
f 4091//3567 4245//3721 4247//3723
f 4248//3724 4246//3722 4092//3568
f 4309//3785 4169//3645 4247//3723
f 4248//3724 4170//3646 4310//3786
f 4249//3725 4169//3645 4309//3785
f 4310//3786 4170//3646 4250//3726
f 4171//3647 4249//3725 4311//3787
f 4312//3788 4250//3726 4172//3648
f 4251//3727 4171//3647 4311//3787
f 4312//3788 4172//3648 4252//3728
f 4173//3649 4251//3727 4313//3789
f 4314//3790 4252//3728 4174//3650
f 4253//3729 4173//3649 4313//3789
f 4314//3790 4174//3650 4254//3730
f 4103//3579 4255//3731 4257//3733
f 4258//3734 4256//3732 4104//3580
f 4257//3733 4259//3735 4105//3581
f 4106//3582 4260//3736 4258//3734
f 4259//3735 4261//3737 4107//3583
f 4108//3584 4262//3738 4260//3736
f 4261//3737 4315//3791 4175//3651
f 4176//3652 4316//3792 4262//3738
f 4175//3651 4315//3791 4263//3739
f 4264//3740 4316//3792 4176//3652
f 4263//3739 4317//3793 4177//3653
f 4178//3654 4318//3794 4264//3740
f 4177//3653 4317//3793 4265//3741
f 4266//3742 4318//3794 4178//3654
f 4111//3587 4265//3741 4267//3743
f 4268//3744 4266//3742 4112//3588
f 4179//3655 4267//3743 4319//3795
f 4320//3796 4268//3744 4180//3656
f 4269//3745 4179//3655 4319//3795
f 4320//3796 4180//3656 4270//3746
f 4321//3797 4181//3657 4269//3745
f 4270//3746 4182//3658 4322//3798
f 4321//3797 4271//3747 4181//3657
f 4182//3658 4272//3748 4322//3798
f 4323//3799 4185//3661 4183//3659
f 4184//3660 4186//3662 4324//3800
f 4323//3799 4183//3659 4271//3747
f 4272//3748 4184//3660 4324//3800
f 4325//3801 4273//3749 4185//3661
f 4186//3662 4274//3750 4326//3802
f 4327//3803 4187//3663 4273//3749
f 4274//3750 4188//3664 4328//3804
f 4327//3803 4275//3751 4187//3663
f 4188//3664 4276//3752 4328//3804
f 4329//3805 4189//3665 4275//3751
f 4276//3752 4190//3666 4330//3806
f 4329//3805 4237//3713 4189//3665
f 4190//3666 4238//3714 4330//3806
f 4287//3763 4141//3617 4157//3633
f 4158//3634 4142//3618 4288//3764
f 4191//3667 4277//3753 4331//3807
f 4332//3808 4278//3754 4192//3668
f 4279//3755 4191//3667 4331//3807
f 4332//3808 4192//3668 4280//3756
f 4193//3669 4279//3755 4291//3767
f 4292//3768 4280//3756 4194//3670
f 4277//3753 4133//3609 4281//3757
f 4282//3758 4134//3610 4278//3754
f 4281//3757 4135//3611 4283//3759
f 4284//3760 4136//3612 4282//3758
f 4283//3759 4137//3613 4285//3761
f 4286//3762 4138//3614 4284//3760
f 4285//3761 4139//3615 4287//3763
f 4288//3764 4140//3616 4286//3762
f 4195//3671 4333//3809 4289//3765
f 4290//3766 4334//3810 4196//3672
f 4195//3671 4291//3767 4333//3809
f 4334//3810 4292//3768 4196//3672
f 4149//3625 4289//3765 4293//3769
f 4294//3770 4290//3766 4150//3626
f 4151//3627 4293//3769 4295//3771
f 4296//3772 4294//3770 4152//3628
f 4153//3629 4295//3771 4297//3773
f 4298//3774 4296//3772 4154//3630
f 4155//3631 4297//3773 4287//3763
f 4288//3764 4298//3774 4156//3632
f 4197//3673 4253//3729 4335//3811
f 4336//3812 4254//3730 4198//3674
f 4199//3675 4197//3673 4337//3813
f 4338//3814 4198//3674 4200//3676
f 4201//3677 4199//3675 4339//3815
f 4340//3816 4200//3676 4202//3678
f 4203//3679 4201//3677 4341//3817
f 4342//3818 4202//3678 4204//3680
f 4205//3681 4203//3679 4343//3819
f 4344//3820 4204//3680 4206//3682
f 4207//3683 4205//3681 4345//3821
f 4346//3822 4206//3682 4208//3684
f 4209//3685 4207//3683 4347//3823
f 4348//3824 4208//3684 4210//3686
f 4211//3687 4209//3685 4349//3825
f 4350//3826 4210//3686 4212//3688
f 4213//3689 4211//3687 4351//3827
f 4352//3828 4212//3688 4214//3690
f 4213//3689 4353//3829 4215//3691
f 4216//3692 4354//3830 4214//3690
f 4215//3691 4355//3831 4217//3693
f 4218//3694 4356//3832 4216//3692
f 4217//3693 4357//3833 4219//3695
f 4220//3696 4358//3834 4218//3694
f 4219//3695 4359//3835 4221//3697
f 4222//3698 4360//3836 4220//3696
f 4221//3697 4361//3837 4223//3699
f 4224//3700 4362//3838 4222//3698
f 4223//3699 4363//3839 4225//3701
f 4226//3702 4364//3840 4224//3700
f 4225//3701 4365//3841 4227//3703
f 4228//3704 4366//3842 4226//3702
f 4227//3703 4367//3843 4229//3705
f 4230//3706 4368//3844 4228//3704
f 4229//3705 4369//3845 4231//3707
f 4232//3708 4370//3846 4230//3706
f 4231//3707 4371//3847 4233//3709
f 4234//3710 4372//3848 4232//3708
f 4233//3709 4373//3849 4235//3711
f 4236//3712 4374//3850 4234//3710
f 4235//3711 4375//3851 4255//3731
f 4256//3732 4376//3852 4236//3712
f 4299//3775 4237//3713 4329//3805
f 4330//3806 4238//3714 4300//3776
f 4239//3715 4299//3775 4377//3853
f 4378//3854 4300//3776 4240//3716
f 4301//3777 4239//3715 4377//3853
f 4378//3854 4240//3716 4302//3778
f 4163//3639 4301//3777 4303//3779
f 4304//3780 4302//3778 4164//3640
f 4241//3717 4303//3779 4379//3855
f 4380//3856 4304//3780 4242//3718
f 4305//3781 4241//3717 4379//3855
f 4380//3856 4242//3718 4306//3782
f 4243//3719 4305//3781 4381//3857
f 4382//3858 4306//3782 4244//3720
f 4243//3719 4381//3857 4307//3783
f 4308//3784 4382//3858 4244//3720
f 4383//3859 4245//3721 4307//3783
f 4308//3784 4246//3722 4384//3860
f 4385//3861 4247//3723 4245//3721
f 4246//3722 4248//3724 4386//3862
f 4309//3785 4247//3723 4385//3861
f 4386//3862 4248//3724 4310//3786
f 4387//3863 4249//3725 4309//3785
f 4310//3786 4250//3726 4388//3864
f 4311//3787 4249//3725 4387//3863
f 4388//3864 4250//3726 4312//3788
f 4251//3727 4311//3787 4389//3865
f 4390//3866 4312//3788 4252//3728
f 4313//3789 4251//3727 4389//3865
f 4390//3866 4252//3728 4314//3790
f 4253//3729 4313//3789 4391//3867
f 4392//3868 4314//3790 4254//3730
f 4255//3731 4393//3869 4257//3733
f 4258//3734 4394//3870 4256//3732
f 4257//3733 4395//3871 4259//3735
f 4260//3736 4396//3872 4258//3734
f 4259//3735 4397//3873 4261//3737
f 4262//3738 4398//3874 4260//3736
f 4399//3875 4315//3791 4261//3737
f 4262//3738 4316//3792 4400//3876
f 4315//3791 4401//3877 4263//3739
f 4264//3740 4402//3878 4316//3792
f 4401//3877 4317//3793 4263//3739
f 4264//3740 4318//3794 4402//3878
f 4317//3793 4403//3879 4265//3741
f 4266//3742 4404//3880 4318//3794
f 4265//3741 4405//3881 4267//3743
f 4268//3744 4406//3882 4266//3742
f 4267//3743 4405//3881 4319//3795
f 4320//3796 4406//3882 4268//3744
f 4407//3883 4269//3745 4319//3795
f 4320//3796 4270//3746 4408//3884
f 4407//3883 4321//3797 4269//3745
f 4270//3746 4322//3798 4408//3884
f 4409//3885 4271//3747 4321//3797
f 4322//3798 4272//3748 4410//3886
f 4325//3801 4185//3661 4323//3799
f 4324//3800 4186//3662 4326//3802
f 4409//3885 4323//3799 4271//3747
f 4272//3748 4324//3800 4410//3886
f 4411//3887 4273//3749 4325//3801
f 4326//3802 4274//3750 4412//3888
f 4411//3887 4327//3803 4273//3749
f 4274//3750 4328//3804 4412//3888
f 4413//3889 4275//3751 4327//3803
f 4328//3804 4276//3752 4414//3890
f 4413//3889 4329//3805 4275//3751
f 4276//3752 4330//3806 4414//3890
f 4331//3807 4277//3753 4281//3757
f 4282//3758 4278//3754 4332//3808
f 4279//3755 4331//3807 4415//3891
f 4416//3892 4332//3808 4280//3756
f 4291//3767 4279//3755 4415//3891
f 4416//3892 4280//3756 4292//3768
f 4417//3893 4281//3757 4283//3759
f 4284//3760 4282//3758 4418//3894
f 4419//3895 4283//3759 4285//3761
f 4286//3762 4284//3760 4420//3896
f 4297//3773 4285//3761 4287//3763
f 4288//3764 4286//3762 4298//3774
f 4289//3765 4333//3809 4293//3769
f 4294//3770 4334//3810 4290//3766
f 4291//3767 4415//3891 4333//3809
f 4334//3810 4416//3892 4292//3768
f 4293//3769 4421//3897 4295//3771
f 4296//3772 4422//3898 4294//3770
f 4295//3771 4419//3895 4297//3773
f 4298//3774 4420//3896 4296//3772
f 4253//3729 4391//3867 4335//3811
f 4336//3812 4392//3868 4254//3730
f 4197//3673 4335//3811 4337//3813
f 4338//3814 4336//3812 4198//3674
f 4199//3675 4337//3813 4339//3815
f 4340//3816 4338//3814 4200//3676
f 4201//3677 4339//3815 4341//3817
f 4342//3818 4340//3816 4202//3678
f 4203//3679 4341//3817 4343//3819
f 4344//3820 4342//3818 4204//3680
f 4205//3681 4343//3819 4345//3821
f 4346//3822 4344//3820 4206//3682
f 4207//3683 4345//3821 4347//3823
f 4348//3824 4346//3822 4208//3684
f 4209//3685 4347//3823 4349//3825
f 4350//3826 4348//3824 4210//3686
f 4211//3687 4349//3825 4351//3827
f 4352//3828 4350//3826 4212//3688
f 4213//3689 4351//3827 4353//3829
f 4354//3830 4352//3828 4214//3690
f 4215//3691 4353//3829 4355//3831
f 4356//3832 4354//3830 4216//3692
f 4217//3693 4355//3831 4357//3833
f 4358//3834 4356//3832 4218//3694
f 4219//3695 4357//3833 4359//3835
f 4360//3836 4358//3834 4220//3696
f 4221//3697 4359//3835 4361//3837
f 4362//3838 4360//3836 4222//3698
f 4223//3699 4361//3837 4363//3839
f 4364//3840 4362//3838 4224//3700
f 4225//3701 4363//3839 4365//3841
f 4366//3842 4364//3840 4226//3702
f 4227//3703 4365//3841 4367//3843
f 4368//3844 4366//3842 4228//3704
f 4229//3705 4367//3843 4369//3845
f 4370//3846 4368//3844 4230//3706
f 4231//3707 4369//3845 4371//3847
f 4372//3848 4370//3846 4232//3708
f 4233//3709 4371//3847 4373//3849
f 4374//3850 4372//3848 4234//3710
f 4235//3711 4373//3849 4375//3851
f 4376//3852 4374//3850 4236//3712
f 4375//3851 4393//3869 4255//3731
f 4256//3732 4394//3870 4376//3852
f 4423//3899 4299//3775 4329//3805
f 4330//3806 4300//3776 4424//3900
f 4377//3853 4299//3775 4423//3899
f 4424//3900 4300//3776 4378//3854
f 4301//3777 4377//3853 4425//3901
f 4426//3902 4378//3854 4302//3778
f 4303//3779 4301//3777 4425//3901
f 4426//3902 4302//3778 4304//3780
f 4379//3855 4303//3779 4427//3903
f 4428//3904 4304//3780 4380//3856
f 4305//3781 4379//3855 4429//3905
f 4430//3906 4380//3856 4306//3782
f 4381//3857 4305//3781 4429//3905
f 4430//3906 4306//3782 4382//3858
f 4431//3907 4307//3783 4381//3857
f 4382//3858 4308//3784 4432//3908
f 4383//3859 4307//3783 4431//3907
f 4432//3908 4308//3784 4384//3860
f 4385//3861 4245//3721 4383//3859
f 4384//3860 4246//3722 4386//3862
f 4433//3909 4309//3785 4385//3861
f 4386//3862 4310//3786 4434//3910
f 4387//3863 4309//3785 4433//3909
f 4434//3910 4310//3786 4388//3864
f 4435//3911 4311//3787 4387//3863
f 4388//3864 4312//3788 4436//3912
f 4389//3865 4311//3787 4435//3911
f 4436//3912 4312//3788 4390//3866
f 4313//3789 4389//3865 4437//3913
f 4438//3914 4390//3866 4314//3790
f 4391//3867 4313//3789 4437//3913
f 4438//3914 4314//3790 4392//3868
f 4393//3869 4395//3871 4257//3733
f 4258//3734 4396//3872 4394//3870
f 4395//3871 4397//3873 4259//3735
f 4260//3736 4398//3874 4396//3872
f 4397//3873 4399//3875 4261//3737
f 4262//3738 4400//3876 4398//3874
f 4399//3875 4439//3915 4315//3791
f 4316//3792 4440//3916 4400//3876
f 4439//3915 4401//3877 4315//3791
f 4316//3792 4402//3878 4440//3916
f 4401//3877 4441//3917 4317//3793
f 4318//3794 4442//3918 4402//3878
f 4441//3917 4403//3879 4317//3793
f 4318//3794 4404//3880 4442//3918
f 4403//3879 4405//3881 4265//3741
f 4266//3742 4406//3882 4404//3880
f 4405//3881 4443//3919 4319//3795
f 4320//3796 4444//3920 4406//3882
f 4443//3919 4407//3883 4319//3795
f 4320//3796 4408//3884 4444//3920
f 4445//3921 4321//3797 4407//3883
f 4408//3884 4322//3798 4446//3922
f 4445//3921 4409//3885 4321//3797
f 4322//3798 4410//3886 4446//3922
f 4447//3923 4325//3801 4323//3799
f 4324//3800 4326//3802 4448//3924
f 4447//3923 4323//3799 4409//3885
f 4410//3886 4324//3800 4448//3924
f 4449//3925 4411//3887 4325//3801
f 4326//3802 4412//3888 4450//3926
f 4451//3927 4327//3803 4411//3887
f 4412//3888 4328//3804 4452//3928
f 4451//3927 4413//3889 4327//3803
f 4328//3804 4414//3890 4452//3928
f 4423//3899 4329//3805 4413//3889
f 4414//3890 4330//3806 4424//3900
f 4417//3893 4331//3807 4281//3757
f 4282//3758 4332//3808 4418//3894
f 4415//3891 4331//3807 4417//3893
f 4418//3894 4332//3808 4416//3892
f 4417//3893 4283//3759 4419//3895
f 4420//3896 4284//3760 4418//3894
f 4297//3773 4419//3895 4285//3761
f 4286//3762 4420//3896 4298//3774
f 4293//3769 4333//3809 4421//3897
f 4422//3898 4334//3810 4294//3770
f 4333//3809 4415//3891 4421//3897
f 4422//3898 4416//3892 4334//3810
f 4295//3771 4421//3897 4419//3895
f 4420//3896 4422//3898 4296//3772
f 4335//3811 4391//3867 4453//3929
f 4454//3930 4392//3868 4336//3812
f 4337//3813 4335//3811 4455//3931
f 4456//3932 4336//3812 4338//3814
f 4339//3815 4337//3813 4455//3931
f 4456//3932 4338//3814 4340//3816
f 4341//3817 4339//3815 4457//3933
f 4458//3934 4340//3816 4342//3818
f 4343//3819 4341//3817 4457//3933
f 4458//3934 4342//3818 4344//3820
f 4345//3821 4343//3819 4459//3935
f 4460//3936 4344//3820 4346//3822
f 4347//3823 4345//3821 4459//3935
f 4460//3936 4346//3822 4348//3824
f 4349//3825 4347//3823 4461//3937
f 4462//3938 4348//3824 4350//3826
f 4349//3825 4461//3937 4351//3827
f 4352//3828 4462//3938 4350//3826
f 4353//3829 4351//3827 4463//3939
f 4464//3940 4352//3828 4354//3830
f 4353//3829 4463//3939 4355//3831
f 4356//3832 4464//3940 4354//3830
f 4355//3831 4465//3941 4357//3833
f 4358//3834 4466//3942 4356//3832
f 4357//3833 4465//3941 4359//3835
f 4360//3836 4466//3942 4358//3834
f 4359//3835 4467//3943 4361//3837
f 4362//3838 4468//3944 4360//3836
f 4361//3837 4467//3943 4363//3839
f 4364//3840 4468//3944 4362//3838
f 4363//3839 4469//3945 4365//3841
f 4366//3842 4470//3946 4364//3840
f 4365//3841 4469//3945 4367//3843
f 4368//3844 4470//3946 4366//3842
f 4367//3843 4471//3947 4369//3845
f 4370//3846 4472//3948 4368//3844
f 4369//3845 4471//3947 4371//3847
f 4372//3848 4472//3948 4370//3846
f 4371//3847 4473//3949 4373//3849
f 4374//3850 4474//3950 4372//3848
f 4373//3849 4473//3949 4375//3851
f 4376//3852 4474//3950 4374//3850
f 4375//3851 4475//3951 4393//3869
f 4394//3870 4476//3952 4376//3852
f 4377//3853 4423//3899 4477//3953
f 4478//3954 4424//3900 4378//3854
f 4425//3901 4377//3853 4477//3953
f 4478//3954 4378//3854 4426//3902
f 4303//3779 4425//3901 4427//3903
f 4428//3904 4426//3902 4304//3780
f 4379//3855 4427//3903 4479//3955
f 4480//3956 4428//3904 4380//3856
f 4429//3905 4379//3855 4479//3955
f 4480//3956 4380//3856 4430//3906
f 4481//3957 4381//3857 4429//3905
f 4430//3906 4382//3858 4482//3958
f 4431//3907 4381//3857 4481//3957
f 4482//3958 4382//3858 4432//3908
f 4483//3959 4383//3859 4431//3907
f 4432//3908 4384//3860 4484//3960
f 4485//3961 4385//3861 4383//3859
f 4384//3860 4386//3862 4486//3962
f 4433//3909 4385//3861 4485//3961
f 4486//3962 4386//3862 4434//3910
f 4487//3963 4387//3863 4433//3909
f 4434//3910 4388//3864 4488//3964
f 4435//3911 4387//3863 4487//3963
f 4488//3964 4388//3864 4436//3912
f 4389//3865 4435//3911 4489//3965
f 4490//3966 4436//3912 4390//3866
f 4437//3913 4389//3865 4489//3965
f 4490//3966 4390//3866 4438//3914
f 4391//3867 4437//3913 4453//3929
f 4454//3930 4438//3914 4392//3868
f 4475//3951 4395//3871 4393//3869
f 4394//3870 4396//3872 4476//3952
f 4491//3967 4397//3873 4395//3871
f 4396//3872 4398//3874 4492//3968
f 4491//3967 4399//3875 4397//3873
f 4398//3874 4400//3876 4492//3968
f 4493//3969 4439//3915 4399//3875
f 4400//3876 4440//3916 4494//3970
f 4439//3915 4495//3971 4401//3877
f 4402//3878 4496//3972 4440//3916
f 4495//3971 4441//3917 4401//3877
f 4402//3878 4442//3918 4496//3972
f 4441//3917 4497//3973 4403//3879
f 4404//3880 4498//3974 4442//3918
f 4403//3879 4499//3975 4405//3881
f 4406//3882 4500//3976 4404//3880
f 4499//3975 4443//3919 4405//3881
f 4406//3882 4444//3920 4500//3976
f 4443//3919 4501//3977 4407//3883
f 4408//3884 4502//3978 4444//3920
f 4501//3977 4445//3921 4407//3883
f 4408//3884 4446//3922 4502//3978
f 4503//3979 4409//3885 4445//3921
f 4446//3922 4410//3886 4504//3980
f 4449//3925 4325//3801 4447//3923
f 4448//3924 4326//3802 4450//3926
f 4503//3979 4447//3923 4409//3885
f 4410//3886 4448//3924 4504//3980
f 4505//3981 4411//3887 4449//3925
f 4450//3926 4412//3888 4506//3982
f 4505//3981 4451//3927 4411//3887
f 4412//3888 4452//3928 4506//3982
f 4507//3983 4413//3889 4451//3927
f 4452//3928 4414//3890 4508//3984
f 4423//3899 4413//3889 4507//3983
f 4508//3984 4414//3890 4424//3900
f 4421//3897 4415//3891 4417//3893
f 4418//3894 4416//3892 4422//3898
f 4421//3897 4417//3893 4419//3895
f 4420//3896 4418//3894 4422//3898
f 4335//3811 4453//3929 4509//3985
f 4510//3986 4454//3930 4336//3812
f 4335//3811 4509//3985 4455//3931
f 4456//3932 4510//3986 4336//3812
f 4339//3815 4455//3931 4511//3987
f 4512//3988 4456//3932 4340//3816
f 4339//3815 4511//3987 4457//3933
f 4458//3934 4512//3988 4340//3816
f 4343//3819 4457//3933 4513//3989
f 4514//3990 4458//3934 4344//3820
f 4343//3819 4513//3989 4459//3935
f 4460//3936 4514//3990 4344//3820
f 4347//3823 4459//3935 4515//3991
f 4516//3992 4460//3936 4348//3824
f 4347//3823 4515//3991 4461//3937
f 4462//3938 4516//3992 4348//3824
f 4351//3827 4461//3937 4517//3993
f 4518//3994 4462//3938 4352//3828
f 4351//3827 4517//3993 4463//3939
f 4464//3940 4518//3994 4352//3828
f 4355//3831 4463//3939 4519//3995
f 4520//3996 4464//3940 4356//3832
f 4355//3831 4519//3995 4465//3941
f 4466//3942 4520//3996 4356//3832
f 4359//3835 4465//3941 4521//3997
f 4522//3998 4466//3942 4360//3836
f 4359//3835 4521//3997 4467//3943
f 4468//3944 4522//3998 4360//3836
f 4363//3839 4467//3943 4523//3999
f 4524//4000 4468//3944 4364//3840
f 4363//3839 4523//3999 4469//3945
f 4470//3946 4524//4000 4364//3840
f 4367//3843 4469//3945 4525//4001
f 4526//4002 4470//3946 4368//3844
f 4367//3843 4525//4001 4471//3947
f 4472//3948 4526//4002 4368//3844
f 4371//3847 4471//3947 4527//4003
f 4528//4004 4472//3948 4372//3848
f 4371//3847 4527//4003 4473//3949
f 4474//3950 4528//4004 4372//3848
f 4473//3949 4529//4005 4375//3851
f 4376//3852 4530//4006 4474//3950
f 4529//4005 4475//3951 4375//3851
f 4376//3852 4476//3952 4530//4006
f 4477//3953 4423//3899 4507//3983
f 4508//3984 4424//3900 4478//3954
f 4425//3901 4477//3953 4531//4007
f 4532//4008 4478//3954 4426//3902
f 4427//3903 4425//3901 4531//4007
f 4532//4008 4426//3902 4428//3904
f 4479//3955 4427//3903 4533//4009
f 4534//4010 4428//3904 4480//3956
f 4535//4011 4429//3905 4479//3955
f 4480//3956 4430//3906 4536//4012
f 4481//3957 4429//3905 4535//4011
f 4536//4012 4430//3906 4482//3958
f 4537//4013 4431//3907 4481//3957
f 4482//3958 4432//3908 4538//4014
f 4483//3959 4431//3907 4537//4013
f 4538//4014 4432//3908 4484//3960
f 4485//3961 4383//3859 4483//3959
f 4484//3960 4384//3860 4486//3962
f 4539//4015 4433//3909 4485//3961
f 4486//3962 4434//3910 4540//4016
f 4487//3963 4433//3909 4539//4015
f 4540//4016 4434//3910 4488//3964
f 4435//3911 4487//3963 4541//4017
f 4542//4018 4488//3964 4436//3912
f 4489//3965 4435//3911 4541//4017
f 4542//4018 4436//3912 4490//3966
f 4437//3913 4489//3965 4543//4019
f 4544//4020 4490//3966 4438//3914
f 4437//3913 4545//4021 4453//3929
f 4454//3930 4546//4022 4438//3914
f 4475//3951 4547//4023 4395//3871
f 4396//3872 4548//4024 4476//3952
f 4547//4023 4491//3967 4395//3871
f 4396//3872 4492//3968 4548//4024
f 4491//3967 4549//4025 4399//3875
f 4400//3876 4550//4026 4492//3968
f 4549//4025 4493//3969 4399//3875
f 4400//3876 4494//3970 4550//4026
f 4493//3969 4495//3971 4439//3915
f 4440//3916 4496//3972 4494//3970
f 4495//3971 4551//4027 4441//3917
f 4442//3918 4552//4028 4496//3972
f 4551//4027 4497//3973 4441//3917
f 4442//3918 4498//3974 4552//4028
f 4497//3973 4499//3975 4403//3879
f 4404//3880 4500//3976 4498//3974
f 4499//3975 4553//4029 4443//3919
f 4444//3920 4554//4030 4500//3976
f 4553//4029 4501//3977 4443//3919
f 4444//3920 4502//3978 4554//4030
f 4501//3977 4555//4031 4445//3921
f 4446//3922 4556//4032 4502//3978
f 4555//4031 4503//3979 4445//3921
f 4446//3922 4504//3980 4556//4032
f 4557//4033 4449//3925 4447//3923
f 4448//3924 4450//3926 4558//4034
f 4557//4033 4447//3923 4503//3979
f 4504//3980 4448//3924 4558//4034
f 4559//4035 4505//3981 4449//3925
f 4450//3926 4506//3982 4560//4036
f 4561//4037 4451//3927 4505//3981
f 4506//3982 4452//3928 4562//4038
f 4561//4037 4507//3983 4451//3927
f 4452//3928 4508//3984 4562//4038
f 4509//3985 4453//3929 4563//361
f 4564//362 4454//3930 4510//3986
f 4455//3931 4509//3985 4565//361
f 4566//362 4510//3986 4456//3932
f 4511//3987 4455//3931 4567//361
f 4568//362 4456//3932 4512//3988
f 4457//3933 4511//3987 4569//361
f 4570//362 4512//3988 4458//3934
f 4457//3933 4571//361 4513//3989
f 4514//3990 4572//362 4458//3934
f 4459//3935 4513//3989 4573//361
f 4574//362 4514//3990 4460//3936
f 4459//3935 4575//361 4515//3991
f 4516//3992 4576//362 4460//3936
f 4461//3937 4515//3991 4577//361
f 4578//362 4516//3992 4462//3938
f 4461//3937 4579//361 4517//3993
f 4518//3994 4580//362 4462//3938
f 4463//3939 4517//3993 4581//361
f 4582//362 4518//3994 4464//3940
f 4463//3939 4583//361 4519//3995
f 4520//3996 4584//362 4464//3940
f 4465//3941 4519//3995 4585//361
f 4586//362 4520//3996 4466//3942
f 4465//3941 4587//361 4521//3997
f 4522//3998 4588//362 4466//3942
f 4467//3943 4521//3997 4589//361
f 4590//362 4522//3998 4468//3944
f 4467//3943 4591//361 4523//3999
f 4524//4000 4592//362 4468//3944
f 4523//3999 4593//361 4469//3945
f 4470//3946 4594//362 4524//4000
f 4469//3945 4595//361 4525//4001
f 4526//4002 4596//362 4470//3946
f 4525//4001 4597//361 4471//3947
f 4472//3948 4598//362 4526//4002
f 4471//3947 4599//361 4527//4003
f 4528//4004 4600//362 4472//3948
f 4527//4003 4601//361 4473//3949
f 4474//3950 4602//362 4528//4004
f 4473//3949 4603//361 4529//4005
f 4530//4006 4604//362 4474//3950
f 4605//361 4475//3951 4529//4005
f 4530//4006 4476//3952 4606//362
f 4477//3953 4507//3983 4607//4039
f 4608//4040 4508//3984 4478//3954
f 4531//4007 4477//3953 4607//4039
f 4608//4040 4478//3954 4532//4008
f 4427//3903 4531//4007 4533//4009
f 4534//4010 4532//4008 4428//3904
f 4609//4041 4479//3955 4533//4009
f 4534//4010 4480//3956 4610//4042
f 4535//4011 4479//3955 4609//4041
f 4610//4042 4480//3956 4536//4012
f 4611//4043 4481//3957 4535//4011
f 4536//4012 4482//3958 4612//4044
f 4537//4013 4481//3957 4611//4043
f 4612//4044 4482//3958 4538//4014
f 4613//4045 4483//3959 4537//4013
f 4538//4014 4484//3960 4614//4046
f 4615//4047 4485//3961 4483//3959
f 4484//3960 4486//3962 4616//4048
f 4539//4015 4485//3961 4615//4047
f 4616//4048 4486//3962 4540//4016
f 4617//4049 4487//3963 4539//4015
f 4540//4016 4488//3964 4618//4050
f 4541//4017 4487//3963 4617//4049
f 4618//4050 4488//3964 4542//4018
f 4489//3965 4541//4017 4543//4019
f 4544//4020 4542//4018 4490//3966
f 4437//3913 4543//4019 4545//4021
f 4546//4022 4544//4020 4438//3914
f 4453//3929 4545//4021 4619//361
f 4620//362 4546//4022 4454//3930
f 4621//361 4547//4023 4475//3951
f 4476//3952 4548//4024 4622//362
f 4623//361 4491//3967 4547//4023
f 4548//4024 4492//3968 4624//362
f 4625//361 4549//4025 4491//3967
f 4492//3968 4550//4026 4626//362
f 4627//361 4493//3969 4549//4025
f 4550//4026 4494//3970 4628//362
f 4493//3969 4629//4051 4495//3971
f 4496//3972 4630//4052 4494//3970
f 4631//4053 4551//4027 4495//3971
f 4496//3972 4552//4028 4632//4054
f 4551//4027 4633//4055 4497//3973
f 4498//3974 4634//4056 4552//4028
f 4497//3973 4635//4057 4499//3975
f 4500//3976 4636//4058 4498//3974
f 4635//4057 4553//4029 4499//3975
f 4500//3976 4554//4030 4636//4058
f 4553//4029 4637//4059 4501//3977
f 4502//3978 4638//4060 4554//4030
f 4637//4059 4555//4031 4501//3977
f 4502//3978 4556//4032 4638//4060
f 4555//4031 4639//4061 4503//3979
f 4504//3980 4640//4062 4556//4032
f 4559//4035 4449//3925 4557//4033
f 4558//4034 4450//3926 4560//4036
f 4639//4061 4557//4033 4503//3979
f 4504//3980 4558//4034 4640//4062
f 4641//4063 4505//3981 4559//4035
f 4560//4036 4506//3982 4642//4064
f 4641//4063 4561//4037 4505//3981
f 4506//3982 4562//4038 4642//4064
f 4607//4039 4507//3983 4561//4037
f 4562//4038 4508//3984 4608//4040
f 4531//4007 4607//4039 4643//4065
f 4644//4066 4608//4040 4532//4008
f 4533//4009 4531//4007 4643//4065
f 4644//4066 4532//4008 4534//4010
f 4609//4041 4533//4009 4645//4067
f 4646//4068 4534//4010 4610//4042
f 4647//4069 4535//4011 4609//4041
f 4610//4042 4536//4012 4648//4070
f 4611//4043 4535//4011 4647//4069
f 4648//4070 4536//4012 4612//4044
f 4649//4071 4537//4013 4611//4043
f 4612//4044 4538//4014 4650//4072
f 4613//4045 4537//4013 4649//4071
f 4650//4072 4538//4014 4614//4046
f 4615//4047 4483//3959 4613//4045
f 4614//4046 4484//3960 4616//4048
f 4651//4073 4539//4015 4615//4047
f 4616//4048 4540//4016 4652//4074
f 4617//4049 4539//4015 4651//4073
f 4652//4074 4540//4016 4618//4050
f 4541//4017 4617//4049 4653//4075
f 4654//4076 4618//4050 4542//4018
f 4543//4019 4541//4017 4655//4077
f 4656//4078 4542//4018 4544//4020
f 4545//4021 4543//4019 4657//361
f 4658//362 4544//4020 4546//4022
f 4659//361 4629//4051 4493//3969
f 4494//3970 4630//4052 4660//362
f 4629//4051 4631//4053 4495//3971
f 4496//3972 4632//4054 4630//4052
f 4631//4053 4633//4055 4551//4027
f 4552//4028 4634//4056 4632//4054
f 4633//4055 4635//4057 4497//3973
f 4498//3974 4636//4058 4634//4056
f 4635//4057 4661//4079 4553//4029
f 4554//4030 4662//4080 4636//4058
f 4661//4079 4637//4059 4553//4029
f 4554//4030 4638//4060 4662//4080
f 4637//4059 4663//4081 4555//4031
f 4556//4032 4664//4082 4638//4060
f 4663//4081 4639//4061 4555//4031
f 4556//4032 4640//4062 4664//4082
f 4665//4083 4559//4035 4557//4033
f 4558//4034 4560//4036 4666//4084
f 4639//4061 4665//4083 4557//4033
f 4558//4034 4666//4084 4640//4062
f 4667//4085 4641//4063 4559//4035
f 4560//4036 4642//4064 4668//4086
f 4669//4087 4561//4037 4641//4063
f 4642//4064 4562//4038 4670//4088
f 4607//4039 4561//4037 4669//4087
f 4670//4088 4562//4038 4608//4040
f 4643//4065 4607//4039 4669//4087
f 4670//4088 4608//4040 4644//4066
f 4645//4067 4533//4009 4643//4065
f 4644//4066 4534//4010 4646//4068
f 4671//4089 4609//4041 4645//4067
f 4646//4068 4610//4042 4672//4090
f 4647//4069 4609//4041 4671//4089
f 4672//4090 4610//4042 4648//4070
f 4673//4091 4611//4043 4647//4069
f 4648//4070 4612//4044 4674//4092
f 4649//4071 4611//4043 4673//4091
f 4674//4092 4612//4044 4650//4072
f 4675//4093 4613//4045 4649//4071
f 4650//4072 4614//4046 4676//4094
f 4677//4095 4615//4047 4613//4045
f 4614//4046 4616//4048 4678//4096
f 4651//4073 4615//4047 4677//4095
f 4678//4096 4616//4048 4652//4074
f 4653//4075 4617//4049 4651//4073
f 4652//4074 4618//4050 4654//4076
f 4541//4017 4653//4075 4655//4077
f 4656//4078 4654//4076 4542//4018
f 4543//4019 4655//4077 4679//361
f 4680//362 4656//4078 4544//4020
f 4681//361 4631//4053 4629//4051
f 4630//4052 4632//4054 4682//362
f 4683//4097 4633//4055 4631//4053
f 4632//4054 4634//4056 4684//4098
f 4633//4055 4685//4099 4635//4057
f 4636//4058 4686//4100 4634//4056
f 4685//4099 4661//4079 4635//4057
f 4636//4058 4662//4080 4686//4100
f 4661//4079 4687//4101 4637//4059
f 4638//4060 4688//4102 4662//4080
f 4687//4101 4663//4081 4637//4059
f 4638//4060 4664//4082 4688//4102
f 4663//4081 4689//4103 4639//4061
f 4640//4062 4690//4104 4664//4082
f 4665//4083 4667//4085 4559//4035
f 4560//4036 4668//4086 4666//4084
f 4689//4103 4665//4083 4639//4061
f 4640//4062 4666//4084 4690//4104
f 4691//4105 4641//4063 4667//4085
f 4668//4086 4642//4064 4692//4106
f 4691//4105 4669//4087 4641//4063
f 4642//4064 4670//4088 4692//4106
f 4693//4107 4643//4065 4669//4087
f 4670//4088 4644//4066 4694//4108
f 4645//4067 4643//4065 4693//4107
f 4694//4108 4644//4066 4646//4068
f 4671//4089 4645//4067 4695//4109
f 4696//4110 4646//4068 4672//4090
f 4697//4111 4647//4069 4671//4089
f 4672//4090 4648//4070 4698//4112
f 4673//4091 4647//4069 4697//4111
f 4698//4112 4648//4070 4674//4092
f 4699//4113 4649//4071 4673//4091
f 4674//4092 4650//4072 4700//4114
f 4675//4093 4649//4071 4699//4113
f 4700//4114 4650//4072 4676//4094
f 4677//4095 4613//4045 4675//4093
f 4676//4094 4614//4046 4678//4096
f 4701//4115 4651//4073 4677//4095
f 4678//4096 4652//4074 4702//4116
f 4653//4075 4651//4073 4703//4117
f 4704//4118 4652//4074 4654//4076
f 4655//4077 4653//4075 4705//361
f 4706//362 4654//4076 4656//4078
f 4707//361 4683//4097 4631//4053
f 4632//4054 4684//4098 4708//362
f 4683//4097 4709//4119 4633//4055
f 4634//4056 4710//4120 4684//4098
f 4709//4119 4685//4099 4633//4055
f 4634//4056 4686//4100 4710//4120
f 4685//4099 4711//4121 4661//4079
f 4662//4080 4712//4122 4686//4100
f 4711//4121 4687//4101 4661//4079
f 4662//4080 4688//4102 4712//4122
f 4687//4101 4713//4123 4663//4081
f 4664//4082 4714//4124 4688//4102
f 4713//4123 4689//4103 4663//4081
f 4664//4082 4690//4104 4714//4124
f 4715//4125 4667//4085 4665//4083
f 4666//4084 4668//4086 4716//4126
f 4689//4103 4715//4125 4665//4083
f 4666//4084 4716//4126 4690//4104
f 4717//4127 4691//4105 4667//4085
f 4668//4086 4692//4106 4718//4128
f 4693//4107 4669//4087 4691//4105
f 4692//4106 4670//4088 4694//4108
f 4695//4109 4645//4067 4693//4107
f 4694//4108 4646//4068 4696//4110
f 4719//4129 4671//4089 4695//4109
f 4696//4110 4672//4090 4720//4130
f 4697//4111 4671//4089 4719//4129
f 4720//4130 4672//4090 4698//4112
f 4721//4131 4673//4091 4697//4111
f 4698//4112 4674//4092 4722//4132
f 4699//4113 4673//4091 4721//4131
f 4722//4132 4674//4092 4700//4114
f 4723//4133 4675//4093 4699//4113
f 4700//4114 4676//4094 4724//4134
f 4701//4115 4677//4095 4675//4093
f 4676//4094 4678//4096 4702//4116
f 4703//4117 4651//4073 4701//4115
f 4702//4116 4652//4074 4704//4118
f 4725//361 4653//4075 4703//4117
f 4704//4118 4654//4076 4726//362
f 4727//361 4709//4119 4683//4097
f 4684//4098 4710//4120 4728//362
f 4709//4119 4711//4121 4685//4099
f 4686//4100 4712//4122 4710//4120
f 4711//4121 4729//4135 4687//4101
f 4688//4102 4730//4136 4712//4122
f 4729//4135 4713//4123 4687//4101
f 4688//4102 4714//4124 4730//4136
f 4713//4123 4731//4137 4689//4103
f 4690//4104 4732//4138 4714//4124
f 4717//4127 4667//4085 4715//4125
f 4716//4126 4668//4086 4718//4128
f 4731//4137 4715//4125 4689//4103
f 4690//4104 4716//4126 4732//4138
f 4733//4139 4691//4105 4717//4127
f 4718//4128 4692//4106 4734//4140
f 4733//4139 4693//4107 4691//4105
f 4692//4106 4694//4108 4734//4140
f 4695//4109 4693//4107 4733//4139
f 4734//4140 4694//4108 4696//4110
f 4719//4129 4695//4109 4735//4141
f 4736//4142 4696//4110 4720//4130
f 4737//4143 4697//4111 4719//4129
f 4720//4130 4698//4112 4738//4144
f 4721//4131 4697//4111 4737//4143
f 4738//4144 4698//4112 4722//4132
f 4723//4133 4699//4113 4721//4131
f 4722//4132 4700//4114 4724//4134
f 4739//4145 4675//4093 4723//4133
f 4724//4134 4676//4094 4740//4146
f 4701//4115 4675//4093 4739//4145
f 4740//4146 4676//4094 4702//4116
f 4741//361 4703//4117 4701//4115
f 4702//4116 4704//4118 4742//362
f 4743//361 4744//4147 4709//4119
f 4710//4120 4745//4148 4746//362
f 4744//4147 4711//4121 4709//4119
f 4710//4120 4712//4122 4745//4148
f 4747//4149 4729//4135 4711//4121
f 4712//4122 4730//4136 4748//4150
f 4749//4151 4713//4123 4729//4135
f 4730//4136 4714//4124 4750//4152
f 4749//4151 4731//4137 4713//4123
f 4714//4124 4732//4138 4750//4152
f 4751//4153 4717//4127 4715//4125
f 4716//4126 4718//4128 4752//4154
f 4751//4153 4715//4125 4731//4137
f 4732//4138 4716//4126 4752//4154
f 4753//4155 4733//4139 4717//4127
f 4718//4128 4734//4140 4754//4156
f 4735//4141 4695//4109 4733//4139
f 4734//4140 4696//4110 4736//4142
f 4755//4157 4719//4129 4735//4141
f 4736//4142 4720//4130 4756//4158
f 4737//4143 4719//4129 4755//4157
f 4756//4158 4720//4130 4738//4144
f 4757//4159 4721//4131 4737//4143
f 4738//4144 4722//4132 4758//4160
f 4723//4133 4721//4131 4759//4161
f 4760//4162 4722//4132 4724//4134
f 4761//361 4739//4145 4723//4133
f 4724//4134 4740//4146 4762//362
f 4763//361 4701//4115 4739//4145
f 4740//4146 4702//4116 4764//362
f 4765//361 4747//4149 4744//4147
f 4745//4148 4748//4150 4766//362
f 4744//4147 4747//4149 4711//4121
f 4712//4122 4748//4150 4745//4148
f 4747//4149 4749//4151 4729//4135
f 4730//4136 4750//4152 4748//4150
f 4749//4151 4767//4163 4731//4137
f 4732//4138 4768//4164 4750//4152
f 4753//4155 4717//4127 4751//4153
f 4752//4154 4718//4128 4754//4156
f 4767//4163 4751//4153 4731//4137
f 4732//4138 4752//4154 4768//4164
f 4735//4141 4733//4139 4753//4155
f 4754//4156 4734//4140 4736//4142
f 4755//4157 4735//4141 4769//4165
f 4770//4166 4736//4142 4756//4158
f 4757//4159 4737//4143 4755//4157
f 4756//4158 4738//4144 4758//4160
f 4759//4161 4721//4131 4757//4159
f 4758//4160 4722//4132 4760//4162
f 4771//361 4723//4133 4759//4161
f 4760//4162 4724//4134 4772//362
f 4773//361 4774//4167 4747//4149
f 4748//4150 4775//4168 4776//362
f 4774//4167 4749//4151 4747//4149
f 4748//4150 4750//4152 4775//4168
f 4777//4169 4767//4163 4749//4151
f 4750//4152 4768//4164 4778//4170
f 4779//4171 4753//4155 4751//4153
f 4752//4154 4754//4156 4780//4172
f 4779//4171 4751//4153 4767//4163
f 4768//4164 4752//4154 4780//4172
f 4769//4165 4735//4141 4753//4155
f 4754//4156 4736//4142 4770//4166
f 4781//4173 4755//4157 4769//4165
f 4770//4166 4756//4158 4782//4174
f 4783//4175 4757//4159 4755//4157
f 4756//4158 4758//4160 4784//4176
f 4785//361 4759//4161 4757//4159
f 4758//4160 4760//4162 4786//362
f 4787//361 4777//4169 4774//4167
f 4775//4168 4778//4170 4788//362
f 4774//4167 4777//4169 4749//4151
f 4750//4152 4778//4170 4775//4168
f 4777//4169 4779//4171 4767//4163
f 4768//4164 4780//4172 4778//4170
f 4769//4165 4753//4155 4779//4171
f 4780//4172 4754//4156 4770//4166
f 4781//4173 4769//4165 4779//4171
f 4780//4172 4770//4166 4782//4174
f 4783//4175 4755//4157 4781//4173
f 4782//4174 4756//4158 4784//4176
f 4789//361 4757//4159 4783//4175
f 4784//4176 4758//4160 4790//362
f 4791//361 4792//4177 4777//4169
f 4778//4170 4793//4178 4794//362
f 4792//4177 4779//4171 4777//4169
f 4778//4170 4780//4172 4793//4178
f 4792//4177 4781//4173 4779//4171
f 4780//4172 4782//4174 4793//4178
f 4795//361 4783//4175 4781//4173
f 4782//4174 4784//4176 4796//362
f 4797//361 4781//4173 4792//4177
f 4793//4178 4782//4174 4798//362
