# SSTK version 0.8.0
# 1
mtllib original-1.mtl
o #ID236
v -0.03944756 -0.53860419 -0.28000311
v -0.11071042 -0.54292460 -0.26056419
v -0.03933921 -0.54295106 -0.27915194
v -0.11096153 -0.53859093 -0.26154834
v -0.11104567 -0.53870788 -0.26152391
v -0.03944654 -0.53863417 -0.28004433
v -0.11062902 -0.54292625 -0.26071081
v -0.03927718 -0.54291136 -0.27913690
v 0.03435495 -0.53854024 -0.27942110
v 0.03415103 -0.54292174 -0.27839659
v 0.03444961 -0.53858405 -0.27924757
v 0.03420326 -0.54283553 -0.27853601
v -0.03964048 -0.53435333 -0.28083106
v -0.11128938 -0.53437398 -0.26217357
v -0.11127996 -0.53435997 -0.26234204
v -0.03955452 -0.53421414 -0.28070521
v -0.17472251 -0.54292533 -0.22450292
v -0.17522591 -0.53867140 -0.22510262
v -0.17532703 -0.53855915 -0.22506981
v -0.17459425 -0.54285869 -0.22446762
v -0.11014734 -0.54720533 -0.25970326
v -0.03919491 -0.54720312 -0.27804680
v -0.11021374 -0.54721621 -0.25978167
v -0.03921669 -0.54725275 -0.27797016
v 0.10509756 -0.54297306 -0.25873475
v 0.10547741 -0.53856903 -0.25968097
v 0.10522994 -0.54298392 -0.25870159
v 0.10563747 -0.53867016 -0.25963702
v 0.03445972 -0.53438926 -0.28018436
v 0.03449000 -0.53420046 -0.28024250
v 0.03412364 -0.54725437 -0.27737306
v 0.03402786 -0.54713507 -0.27740552
v -0.03970866 -0.52985856 -0.28148482
v -0.11151968 -0.52995283 -0.26288640
v -0.11147673 -0.52992540 -0.26287335
v -0.03968562 -0.52991349 -0.28155935
v -0.17572214 -0.53423539 -0.22580328
v -0.17581499 -0.53427508 -0.22586217
v -0.22716538 -0.54286337 -0.17285774
v -0.22799952 -0.53860660 -0.17340859
v -0.22789584 -0.53854440 -0.17345000
v -0.22727331 -0.54301547 -0.17271775
v -0.17409396 -0.54721546 -0.22353410
v -0.17399375 -0.54709719 -0.22357875
v -0.10985089 -0.55150469 -0.25858177
v -0.03916463 -0.55138322 -0.27696192
v -0.10984629 -0.55133661 -0.25866648
v -0.03917338 -0.55137637 -0.27701775
v 0.16862425 -0.54295804 -0.22140261
v 0.16921689 -0.53855936 -0.22221157
v 0.16866308 -0.54292101 -0.22148826
v 0.16920569 -0.53864437 -0.22211857
v 0.10588575 -0.53431036 -0.26045874
v 0.10592270 -0.53422497 -0.26036573
v 0.10476858 -0.54727575 -0.25789059
v 0.10478510 -0.54723441 -0.25776473
v 0.03448874 -0.52999372 -0.28080229
v 0.03466250 -0.53001246 -0.28086300
v 0.03389377 -0.55149075 -0.27637072
v 0.03391515 -0.55133568 -0.27637944
v -0.03963175 -0.52549613 -0.28210354
v -0.11167560 -0.52562475 -0.26348504
v -0.11166589 -0.52556871 -0.26338684
v -0.03963438 -0.52556599 -0.28217143
v -0.17613191 -0.53003899 -0.22644030
v -0.17610742 -0.52990037 -0.22638198
v -0.22852895 -0.53438455 -0.17379882
v -0.22851777 -0.53430718 -0.17377696
v -0.26459284 -0.54283655 -0.10946749
v -0.26548401 -0.53870336 -0.10968173
v -0.26545024 -0.53861354 -0.10966878
v -0.26461011 -0.54294689 -0.10932382
v -0.22635647 -0.54710648 -0.17219354
v -0.22629042 -0.54711360 -0.17213036
v -0.17330057 -0.55134819 -0.22259928
v -0.17341965 -0.55148916 -0.22259379
v -0.10939422 -0.55560083 -0.25744595
v -0.03904407 -0.55564035 -0.27570810
v -0.10933118 -0.55552333 -0.25756575
v -0.03886727 -0.55562753 -0.27572569
v 0.22028721 -0.54282309 -0.16898202
v 0.22088722 -0.53863073 -0.16935882
v 0.22027270 -0.54286550 -0.16882962
v 0.22089403 -0.53868764 -0.16943987
v 0.16971495 -0.53436700 -0.22283203
v 0.16968880 -0.53421093 -0.22270217
v 0.16800101 -0.54708757 -0.22064818
v 0.16797508 -0.54722560 -0.22069520
v 0.10603387 -0.52989696 -0.26102613
v 0.10617666 -0.52987355 -0.26093625
v 0.10437039 -0.55144954 -0.25678060
v 0.10442170 -0.55136243 -0.25672248
v 0.03468020 -0.52564965 -0.28151755
v 0.03467573 -0.52549035 -0.28148790
v 0.03373019 -0.55556906 -0.27503505
v 0.03381623 -0.55555748 -0.27503593
v -0.03987280 -0.52113299 -0.28265292
v -0.11190510 -0.52130491 -0.26397217
v -0.11197912 -0.52121502 -0.26382301
v -0.03968876 -0.52121534 -0.28258047
v -0.17657895 -0.52561440 -0.22689130
v -0.17658373 -0.52562748 -0.22677338
v -0.22913298 -0.52999355 -0.17424644
v -0.22918034 -0.52996107 -0.17436429
v -0.26610445 -0.53433372 -0.10997358
v -0.26624164 -0.53428983 -0.11011672
v -0.28431438 -0.54282689 -0.03847816
v -0.28520486 -0.53853754 -0.03857301
v -0.28514133 -0.53858849 -0.03854116
v -0.28414521 -0.54282754 -0.03838196
v -0.26357556 -0.54708989 -0.10890423
v -0.26368930 -0.54722322 -0.10901441
v -0.22549224 -0.55146822 -0.17145340
v -0.22545705 -0.55143919 -0.17146764
v -0.17274133 -0.55553016 -0.22169335
v -0.17267234 -0.55561845 -0.22160295
v -0.10826802 -0.56507421 -0.25472157
v -0.03861876 -0.56520043 -0.27285046
v -0.10822535 -0.56506738 -0.25482192
v -0.03864687 -0.56519768 -0.27280643
v 0.25649120 -0.54291511 -0.10486778
v 0.25734195 -0.53867090 -0.10525026
v 0.25653498 -0.54282870 -0.10487999
v 0.25738762 -0.53864754 -0.10525033
v 0.22158850 -0.53434909 -0.16998548
v 0.22158840 -0.53422322 -0.16990293
v 0.21932616 -0.54715293 -0.16819246
v 0.21929530 -0.54718417 -0.16836686
v 0.17012935 -0.52999248 -0.22337399
v 0.17012831 -0.53002242 -0.22341673
v 0.16723603 -0.55145900 -0.21970272
v 0.16720381 -0.55132174 -0.21963322
v 0.10645382 -0.52552695 -0.26154232
v 0.10642388 -0.52559308 -0.26162231
v 0.10386756 -0.55554979 -0.25567530
v 0.10377892 -0.55559570 -0.25560889
v 0.03472906 -0.52120592 -0.28187382
v 0.03469855 -0.52127552 -0.28195186
v 0.03333692 -0.56504321 -0.27212231
v 0.03337211 -0.56506831 -0.27208755
v -0.03984462 -0.51679104 -0.28288555
v -0.11212016 -0.51684613 -0.26423809
v -0.11208197 -0.51687043 -0.26423544
v -0.03976121 -0.51677382 -0.28295023
v -0.17685145 -0.52125859 -0.22719408
v -0.17674394 -0.52112501 -0.22727775
v -0.22963705 -0.52553197 -0.17477306
v -0.22956573 -0.52560618 -0.17472106
v -0.26684381 -0.52988425 -0.11039540
v -0.26683346 -0.52985918 -0.11035807
v -0.28588161 -0.53432160 -0.03877500
v -0.28594641 -0.53431938 -0.03878191
v -0.28587303 -0.53871956 0.03519907
v -0.28495950 -0.54299620 0.03524536
v -0.28567788 -0.53869574 0.03517347
v -0.28485886 -0.54285189 0.03519316
v -0.28311534 -0.54719546 -0.03833172
v -0.28330800 -0.54713054 -0.03829405
v -0.26263760 -0.55133672 -0.10863400
v -0.26263142 -0.55132489 -0.10849563
v -0.22444691 -0.55561428 -0.17077969
v -0.22456458 -0.55559786 -0.17065322
v -0.17078228 -0.56510366 -0.21935976
v -0.17094767 -0.56504854 -0.21932497
v -0.10703543 -0.57457246 -0.25188743
v -0.03814528 -0.57452517 -0.26974190
v -0.10698893 -0.57452673 -0.25192858
v -0.03814143 -0.57450417 -0.26965634
v 0.27573743 -0.53856011 -0.03377209
v 0.27488419 -0.54298553 -0.03353588
v 0.27578655 -0.53852468 -0.03371450
v 0.27495969 -0.54294466 -0.03364798
v 0.25797034 -0.53420236 -0.10538860
v 0.25804607 -0.53426685 -0.10543305
v 0.25547484 -0.54714947 -0.10450872
v 0.25552898 -0.54712402 -0.10443077
v 0.22215160 -0.53000868 -0.17029625
v 0.22221152 -0.52985920 -0.17035361
v 0.21845781 -0.55148709 -0.16752305
v 0.21853567 -0.55135478 -0.16762564
v 0.17045735 -0.52562044 -0.22387303
v 0.17055823 -0.52559429 -0.22374548
v 0.16644631 -0.55558365 -0.21879078
v 0.16654748 -0.55570083 -0.21875422
v 0.10652117 -0.52129372 -0.26202731
v 0.10651950 -0.52115172 -0.26194799
v 0.10265170 -0.56505244 -0.25298710
v 0.10269019 -0.56521554 -0.25285485
v 0.03488418 -0.51676930 -0.28238298
v 0.03475197 -0.51677413 -0.28237690
v 0.03295507 -0.57448132 -0.26910717
v 0.03296695 -0.57460397 -0.26897541
v -0.03980541 -0.51238673 -0.28322345
v -0.11218469 -0.51242291 -0.26455650
v -0.11224453 -0.51232518 -0.26443487
v -0.03981175 -0.51244383 -0.28326840
v -0.17694212 -0.51689211 -0.22748001
v -0.17700242 -0.51683073 -0.22759761
v -0.22988178 -0.52130355 -0.17496829
v -0.23000175 -0.52128791 -0.17504668
v -0.26732412 -0.52565950 -0.11064016
v -0.26736686 -0.52565337 -0.11051087
v -0.28667527 -0.52988888 -0.03877669
v -0.28668091 -0.52997011 -0.03874669
v -0.28648302 -0.53421554 0.03537676
v -0.28653888 -0.53424469 0.03533993
v -0.26732711 -0.53869066 0.10677656
v -0.26640085 -0.54282588 0.10635489
v -0.26720226 -0.53855985 0.10673271
v -0.26640836 -0.54296026 0.10636038
v -0.28392470 -0.54716707 0.03503360
v -0.28383813 -0.54710699 0.03496550
v -0.28202521 -0.55150414 -0.03806451
v -0.28199404 -0.55134090 -0.03811214
v -0.26141363 -0.55560038 -0.10812580
v -0.26137400 -0.55554662 -0.10803925
v -0.22220952 -0.56512269 -0.16895536
v -0.22213263 -0.56518210 -0.16882950
v -0.16891863 -0.57454844 -0.21688748
v -0.16905642 -0.57458833 -0.21677438
v -0.10586597 -0.58395614 -0.24880379
v -0.03774572 -0.58400504 -0.26656568
v -0.10595731 -0.58407577 -0.24895897
v -0.03785791 -0.58401985 -0.26647938
v 0.27514754 -0.53864419 0.04024691
v 0.27429321 -0.54298639 0.03996923
v 0.27509846 -0.53868773 0.04008903
v 0.27430826 -0.54291245 0.03993903
v 0.27662717 -0.53438952 -0.03376173
v 0.27657290 -0.53432594 -0.03386583
v 0.27380890 -0.54715190 -0.03345082
v 0.27380362 -0.54709290 -0.03352094
v 0.25874626 -0.52994593 -0.10574417
v 0.25878989 -0.52993808 -0.10566864
v 0.25438730 -0.55132782 -0.10400714
v 0.25442109 -0.55146801 -0.10400808
v 0.22254374 -0.52555453 -0.17073946
v 0.22266624 -0.52561105 -0.17068569
v 0.21757902 -0.55557756 -0.16690479
v 0.21751516 -0.55554372 -0.16689920
v 0.17083646 -0.52118634 -0.22421912
v 0.17075720 -0.52123827 -0.22426966
v 0.16474005 -0.56509980 -0.21635142
v 0.16471413 -0.56514149 -0.21646819
v 0.10679801 -0.51671715 -0.26236567
v 0.10677809 -0.51677277 -0.26237120
v 0.10152126 -0.57465137 -0.25002431
v 0.10143108 -0.57449988 -0.25011463
v 0.03482663 -0.51245240 -0.28253512
v 0.03487690 -0.51246263 -0.28259508
v 0.03248362 -0.58392186 -0.26588676
v 0.03243107 -0.58389315 -0.26595779
v -0.03988447 -0.50809676 -0.28334863
v -0.11228940 -0.50790560 -0.26467190
v -0.11221798 -0.50805137 -0.26461399
v -0.03997112 -0.50804168 -0.28341342
v -0.17720988 -0.51247525 -0.22781474
v -0.17729638 -0.51236142 -0.22778792
v -0.23022392 -0.51672377 -0.17525634
v -0.23023023 -0.51674056 -0.17512657
v -0.26783407 -0.52121202 -0.11073241
v -0.26788932 -0.52125259 -0.11076345
v -0.28718051 -0.52553602 -0.03894072
v -0.28719468 -0.52562933 -0.03879405
v -0.28723582 -0.52993399 0.03535018
v -0.28725722 -0.53004822 0.03550673
v -0.26807071 -0.53437827 0.10712737
v -0.26795980 -0.53428568 0.10699495
v -0.23089372 -0.53864254 0.17105584
v -0.23027628 -0.54300474 0.17056486
v -0.23097188 -0.53871959 0.17097343
v -0.23023971 -0.54293676 0.17040909
v -0.26548774 -0.54716480 0.10600780
v -0.26543748 -0.54710140 0.10593613
v -0.28274727 -0.55140770 0.03496248
v -0.28266056 -0.55134984 0.03496175
v -0.28093092 -0.55566655 -0.03806297
v -0.28084736 -0.55563639 -0.03805780
v -0.25861536 -0.56518561 -0.10695101
v -0.25876661 -0.56503839 -0.10679760
v -0.21976386 -0.57449952 -0.16702174
v -0.21974278 -0.57464737 -0.16695629
v -0.16705809 -0.58395597 -0.21419428
v -0.16711289 -0.58392598 -0.21434726
v -0.10464152 -0.59327722 -0.24571860
v -0.03741859 -0.59327659 -0.26316723
v -0.10463987 -0.59338014 -0.24580858
v -0.03748800 -0.59340170 -0.26320703
v 0.25532492 -0.53863902 0.11127571
v 0.25462495 -0.54286111 0.11089498
v 0.25535708 -0.53869803 0.11133839
v 0.25464702 -0.54283781 0.11097994
v 0.27597328 -0.53433254 0.04021119
v 0.27602686 -0.53430331 0.04018817
v 0.27331588 -0.54712765 0.03989109
v 0.27324674 -0.54724767 0.03998850
v 0.27720951 -0.52993967 -0.03390864
v 0.27724091 -0.52988127 -0.03391444
v 0.27277447 -0.55140975 -0.03323304
v 0.27278921 -0.55139468 -0.03328067
v 0.25931244 -0.52568811 -0.10602825
v 0.25926093 -0.52550486 -0.10595095
v 0.25339518 -0.55568091 -0.10365419
v 0.25332437 -0.55554968 -0.10364328
v 0.22291236 -0.52116595 -0.17108802
v 0.22310363 -0.52115094 -0.17099615
v 0.21512772 -0.56507154 -0.16497237
v 0.21501909 -0.56513067 -0.16497957
v 0.17105933 -0.51687456 -0.22455463
v 0.17102974 -0.51677503 -0.22453663
v 0.16282950 -0.57467114 -0.21395601
v 0.16285780 -0.57448988 -0.21395998
v 0.10679328 -0.51244719 -0.26254467
v 0.10677097 -0.51235351 -0.26252026
v 0.10019502 -0.58397732 -0.24712669
v 0.10023816 -0.58403492 -0.24704000
v 0.03494597 -0.50801268 -0.28280140
v 0.03482976 -0.50792064 -0.28268087
v 0.03208007 -0.59342897 -0.26256190
v 0.03208545 -0.59324205 -0.26259219
v -0.03982919 -0.50363576 -0.28333751
v -0.11229153 -0.50364408 -0.26474738
v -0.11230591 -0.50350341 -0.26476700
v -0.03989805 -0.50348912 -0.28352045
v -0.17725515 -0.50801504 -0.22796052
v -0.17726883 -0.50796310 -0.22791375
v -0.23057057 -0.51234438 -0.17546944
v -0.23055732 -0.51238793 -0.17547230
v -0.26813120 -0.51678144 -0.11082896
v -0.26823319 -0.51687114 -0.11096981
v -0.28767715 -0.52111829 -0.03902741
v -0.28772756 -0.52128732 -0.03901092
v -0.28796738 -0.52554606 0.03543200
v -0.28788812 -0.52565998 0.03555219
v -0.26871583 -0.53001945 0.10724475
v -0.26870439 -0.52988981 0.10739633
v -0.23163940 -0.53434328 0.17152416
v -0.23152333 -0.53435643 0.17158764
v -0.17917612 -0.53859478 0.22362669
v -0.17867628 -0.54298400 0.22300098
v -0.17919917 -0.53853711 0.22375541
v -0.17855275 -0.54291398 0.22292657
v -0.22941776 -0.54710121 0.16994082
v -0.22944917 -0.54718709 0.16978843
v -0.26447566 -0.55145126 0.10568261
v -0.26437382 -0.55145011 0.10553184
v -0.28145945 -0.55555802 0.03471098
v -0.28154327 -0.55554550 0.03477760
v -0.27801095 -0.56515833 -0.03766227
v -0.27796883 -0.56517397 -0.03763238
v -0.25577991 -0.57459525 -0.10566444
v -0.25575441 -0.57463898 -0.10566722
v -0.21709600 -0.58406285 -0.16495327
v -0.21720292 -0.58406269 -0.16494569
v -0.16501881 -0.59332556 -0.21160151
v -0.16499327 -0.59332372 -0.21159198
v -0.10325746 -0.60267398 -0.24266600
v -0.03693767 -0.60262444 -0.25968509
v -0.10333565 -0.60273292 -0.24262079
v -0.03689350 -0.60269593 -0.25970008
v 0.21786825 -0.53862447 0.17493544
v 0.21711899 -0.54299773 0.17436512
v 0.21794531 -0.53868322 0.17493583
v 0.21724312 -0.54300908 0.17440696
v 0.25618252 -0.53429037 0.11168505
v 0.25621132 -0.53433064 0.11165022
v 0.25367396 -0.54727220 0.11057138
v 0.25353981 -0.54712899 0.11060216
v 0.27657862 -0.52985788 0.04044281
v 0.27655990 -0.52993828 0.04029854
v 0.27210296 -0.55142002 0.03965068
v 0.27210031 -0.55146239 0.03977064
v 0.27781428 -0.52554395 -0.03397211
v 0.27786826 -0.52553655 -0.03404016
v 0.27159421 -0.55551686 -0.03316637
v 0.27157023 -0.55560553 -0.03319574
v 0.25963064 -0.52115629 -0.10623441
v 0.25969594 -0.52123318 -0.10606477
v 0.25062465 -0.56514123 -0.10248519
v 0.25056013 -0.56502056 -0.10237389
v 0.22326519 -0.51677317 -0.17119109
v 0.22331079 -0.51686910 -0.17121037
v 0.21263148 -0.57467468 -0.16327173
v 0.21262378 -0.57466989 -0.16324117
v 0.17124510 -0.51232767 -0.22464719
v 0.17125219 -0.51245269 -0.22468754
v 0.16069231 -0.58398376 -0.21135992
v 0.16083503 -0.58406879 -0.21138968
v 0.10678507 -0.50793655 -0.26283743
v 0.10690405 -0.50803327 -0.26274900
v 0.09887687 -0.59327877 -0.24402854
v 0.09895495 -0.59343575 -0.24395263
v 0.03480282 -0.50365306 -0.28280360
v 0.03494939 -0.50368067 -0.28271523
v 0.03156699 -0.60262310 -0.25921897
v 0.03161138 -0.60266718 -0.25922638
v -0.11224214 0.29047645 -0.26478694
v -0.03998086 0.29039909 -0.28351233
v -0.11229526 0.29031122 -0.26480152
v -0.03998469 0.29037321 -0.28353322
v -0.17733139 -0.50358400 -0.22794950
v -0.17728357 -0.50365926 -0.22794758
v -0.23063370 -0.50796245 -0.17538508
v -0.23067394 -0.50802521 -0.17557477
v -0.26831203 -0.51246355 -0.11105001
v -0.26840700 -0.51235124 -0.11091894
v -0.28811014 -0.51682935 -0.03908337
v -0.28803323 -0.51672920 -0.03903318
v -0.28828826 -0.52124064 0.03554441
v -0.28844741 -0.52130855 0.03565952
v -0.26921536 -0.52568448 0.10756713
v -0.26921396 -0.52562857 0.10758031
v -0.23208047 -0.52995849 0.17192382
v -0.23220019 -0.52989296 0.17195202
v -0.17967647 -0.53421224 0.22425675
v -0.17972725 -0.53425579 0.22437639
v -0.11545406 -0.53865232 0.26119859
v -0.11523733 -0.54298322 0.26037453
v -0.11552841 -0.53858752 0.26127226
v -0.11511830 -0.54295743 0.26032696
v -0.17790193 -0.54724676 0.22213381
v -0.17798558 -0.54713215 0.22222913
v -0.22841190 -0.55143510 0.16913651
v -0.22848378 -0.55149210 0.16923892
v -0.26333001 -0.55554526 0.10522204
v -0.26337189 -0.55558295 0.10506127
v -0.27855848 -0.56510693 0.03429519
v -0.27847791 -0.56516009 0.03442972
v -0.27488758 -0.57466032 -0.03714807
v -0.27486708 -0.57449557 -0.03706109
v -0.25288001 -0.58395147 -0.10443593
v -0.25291574 -0.58404104 -0.10433305
v -0.21454693 -0.59328220 -0.16301566
v -0.21460932 -0.59338428 -0.16302384
v -0.16302947 -0.60273947 -0.20887126
v -0.16286823 -0.60274437 -0.20879804
v -0.10207556 -0.61188050 -0.23925099
v -0.03648886 -0.61196737 -0.25626701
v -0.10193916 -0.61186661 -0.23928046
v -0.03659490 -0.61185725 -0.25619162
v 0.16477070 -0.54293300 0.22597618
v 0.16535176 -0.53868785 0.22673719
v 0.16516585 -0.53862836 0.22675326
v 0.16473638 -0.54284143 0.22592287
v 0.21850862 -0.53433278 0.17535538
v 0.21860591 -0.53438687 0.17550823
v 0.21638873 -0.54726435 0.17374336
v 0.21639750 -0.54724987 0.17374834
v 0.25681243 -0.52995359 0.11188574
v 0.25680762 -0.52994675 0.11185428
v 0.25267417 -0.55144282 0.11005445
v 0.25266626 -0.55139093 0.11006424
v 0.27726258 -0.52566893 0.04054455
v 0.27719354 -0.52561329 0.04043238
v 0.27085931 -0.55556707 0.03965454
v 0.27086818 -0.55564434 0.03960977
v 0.27828416 -0.52113384 -0.03399629
v 0.27831804 -0.52120044 -0.03403946
v 0.26861850 -0.56519853 -0.03271973
v 0.26858250 -0.56521561 -0.03285189
v 0.25999651 -0.51676290 -0.10622583
v 0.26014314 -0.51683780 -0.10635654
v 0.24767444 -0.57461484 -0.10127919
v 0.24774882 -0.57460867 -0.10119991
v 0.22343482 -0.51246911 -0.17148359
v 0.22355794 -0.51236244 -0.17138685
v 0.21010785 -0.58407312 -0.16124611
v 0.21002799 -0.58405648 -0.16132863
v 0.17117513 -0.50803831 -0.22484464
v 0.17125004 -0.50790330 -0.22478751
v 0.15881939 -0.59324375 -0.20880197
v 0.15881555 -0.59330500 -0.20885929
v 0.10698738 -0.50352096 -0.26282228
v 0.10685212 -0.50354960 -0.26285426
v 0.09761558 -0.60263196 -0.24091528
v 0.09747540 -0.60266205 -0.24089234
v 0.03478114 0.29035993 -0.28281331
v 0.03489063 0.29044934 -0.28272874
v 0.03102083 -0.61180047 -0.25558400
v 0.03104478 -0.61179701 -0.25567527
v -0.11198296 0.30278135 -0.26410285
v -0.03995001 0.29036055 -0.28337793
v -0.03991334 0.30285113 -0.28276251
v -0.11233302 0.29041591 -0.26478839
v -0.11232107 0.29040144 -0.26475836
v -0.11214768 0.30285105 -0.26411260
v -0.03993326 0.29045403 -0.28335993
v -0.03986793 0.30273855 -0.28283077
v -0.17728500 0.29039553 -0.22789504
v -0.17737745 0.29044825 -0.22799622
v -0.23062718 -0.50351831 -0.17548492
v -0.23061524 -0.50357790 -0.17554521
v -0.26846188 -0.50809194 -0.11113736
v -0.26848714 -0.50803983 -0.11113989
v -0.28840223 -0.51238083 -0.03908594
v -0.28844526 -0.51247724 -0.03905583
v -0.28879181 -0.51685653 0.03554708
v -0.28867805 -0.51684301 0.03563062
v -0.26964619 -0.52123817 0.10770534
v -0.26968839 -0.52129443 0.10772672
v -0.23266573 -0.52559527 0.17228866
v -0.23264301 -0.52561572 0.17235719
v -0.18009374 -0.52997731 0.22499968
v -0.18011215 -0.53001592 0.22490033
v -0.11578257 -0.53434892 0.26202940
v -0.11582182 -0.53422303 0.26188784
v -0.04429125 -0.54282762 0.27993973
v -0.04428027 -0.53865975 0.28100181
v -0.04426696 -0.54285261 0.27997347
v -0.04442279 -0.53857227 0.28091793
v -0.11471172 -0.54713055 0.25939331
v -0.11472375 -0.54715552 0.25940623
v -0.17736505 -0.55133125 0.22130668
v -0.17726498 -0.55131799 0.22119608
v -0.22742392 -0.55567299 0.16846800
v -0.22755984 -0.55562088 0.16843841
v -0.26046082 -0.56510954 0.10402557
v -0.26043288 -0.56514242 0.10409007
v -0.27539036 -0.57451020 0.03390176
v -0.27544137 -0.57466737 0.03406177
v -0.27172367 -0.58407426 -0.03676027
v -0.27156777 -0.58406685 -0.03670761
v -0.24981496 -0.59328720 -0.10318019
v -0.24982526 -0.59342549 -0.10316217
v -0.21179094 -0.60261680 -0.16085317
v -0.21185295 -0.60255042 -0.16088558
v -0.16072495 -0.61194328 -0.20593325
v -0.16072743 -0.61181502 -0.20593550
v -0.10057758 -0.62100390 -0.23582671
v -0.03609128 -0.62110076 -0.25260798
v -0.10058147 -0.62103464 -0.23576150
v -0.03602306 -0.62116812 -0.25244938
v 0.10089621 -0.53860448 0.26307536
v 0.10054055 -0.54298542 0.26218347
v 0.10096869 -0.53856875 0.26305633
v 0.10064916 -0.54296388 0.26224059
v 0.16576148 -0.53427262 0.22730856
v 0.16573388 -0.53436624 0.22734745
v 0.16400551 -0.54721628 0.22518730
v 0.16402665 -0.54710301 0.22518727
v 0.21907603 -0.52993219 0.17585027
v 0.21919529 -0.52999081 0.17580033
v 0.21547153 -0.55143785 0.17305799
v 0.21543572 -0.55137724 0.17297480
v 0.25734872 -0.52558040 0.11206597
v 0.25741338 -0.52565068 0.11221018
v 0.25138445 -0.55559952 0.10968740
v 0.25144659 -0.55568725 0.10972148
v 0.27770316 -0.52125810 0.04047550
v 0.27776005 -0.52121956 0.04055483
v 0.26799963 -0.56510457 0.03915588
v 0.26792325 -0.56517712 0.03912821
v 0.27878248 -0.51673305 -0.03403553
v 0.27874400 -0.51680744 -0.03412046
v 0.26551906 -0.57464226 -0.03240507
v 0.26539780 -0.57455309 -0.03246811
v 0.26039694 -0.51237914 -0.10635374
v 0.26022481 -0.51239588 -0.10634630
v 0.24469344 -0.58403213 -0.09999629
v 0.24461826 -0.58397840 -0.10017313
v 0.22372854 -0.50804989 -0.17154840
v 0.22373635 -0.50798372 -0.17149065
v 0.20744873 -0.59338211 -0.15918056
v 0.20729813 -0.59341128 -0.15922181
v 0.10687331 -0.50367609 -0.26287122
v 0.17136864 -0.50798935 -0.22481632
v 0.17131079 -0.50351453 -0.22485333
v 0.10692908 -0.50794675 -0.26274443
v 0.10690505 -0.50809146 -0.26281750
v 0.10695595 -0.50360012 -0.26290625
v 0.17136912 -0.50806763 -0.22475127
v 0.17132320 -0.50357932 -0.22487266
v 0.15655318 -0.60272953 -0.20609845
v 0.15656628 -0.60273376 -0.20613108
v 0.10685099 0.29044187 -0.26275487
v 0.10686414 0.29034137 -0.26285285
v 0.09613957 -0.61188044 -0.23752169
v 0.09624298 -0.61192465 -0.23744663
v 0.03487253 0.29046532 -0.28270505
v 0.03474406 0.30274501 -0.28211289
v 0.03482265 0.29045749 -0.28282710
v 0.03469386 0.30270979 -0.28212122
v 0.03053057 -0.62107289 -0.25202106
v 0.03046885 -0.62105359 -0.25199339
v -0.11158131 0.31519571 -0.26303895
v -0.03969500 0.31514164 -0.28161042
v -0.11157840 0.31520571 -0.26294583
v -0.03969573 0.31519814 -0.28156800
v -0.17735667 0.29040329 -0.22792566
v -0.17692261 0.30289283 -0.22738660
v -0.17696557 0.30286978 -0.22753492
v -0.17736766 0.29030802 -0.22790574
v -0.23065999 0.29035587 -0.17547223
v -0.23062129 0.29033162 -0.17542457
v -0.26855108 -0.50355496 -0.11114004
v -0.26858507 -0.50358150 -0.11111729
v -0.28845613 -0.50806587 -0.03896875
v -0.28850296 -0.50805514 -0.03902976
v -0.28905060 -0.51239308 0.03565754
v -0.28895252 -0.51232758 0.03571832
v -0.26999551 -0.51690151 0.10783021
v -0.27000571 -0.51671687 0.10788261
v -0.23303852 -0.52111606 0.17256525
v -0.23295557 -0.52124730 0.17261802
v -0.18039685 -0.52556811 0.22546210
v -0.18038386 -0.52556708 0.22547189
v -0.11602948 -0.52991624 0.26253241
v -0.11616609 -0.52997484 0.26268470
v -0.04438266 -0.53427473 0.28178492
v -0.04440759 -0.53432513 0.28167107
v 0.02932628 -0.54283774 0.28073004
v 0.02946847 -0.53857473 0.28151133
v 0.02945497 -0.54287176 0.28059893
v 0.02950180 -0.53867489 0.28166768
v -0.04411873 -0.54710302 0.27899807
v -0.04404826 -0.54725497 0.27896177
v -0.11437653 -0.55142003 0.25835691
v -0.11436228 -0.55148760 0.25835967
v -0.17644696 -0.55551977 0.22028802
v -0.17649998 -0.55567122 0.22034315
v -0.22503553 -0.56509946 0.16672890
v -0.22512024 -0.56509926 0.16671062
v -0.25764502 -0.57464885 0.10294314
v -0.25755340 -0.57454050 0.10281646
v -0.27226112 -0.58401685 0.03364768
v -0.27225056 -0.58393418 0.03365751
v -0.26832935 -0.59337254 -0.03631297
v -0.26840497 -0.59328536 -0.03628788
v -0.24651961 -0.60271329 -0.10178697
v -0.24666217 -0.60264469 -0.10186243
v -0.20896633 -0.61195536 -0.15854598
v -0.20897101 -0.61196628 -0.15860543
v -0.15857622 -0.62102448 -0.20310426
v -0.15865630 -0.62118873 -0.20310425
v -0.09913596 -0.63027436 -0.23234964
v -0.03553222 -0.63030578 -0.24873406
v -0.09920774 -0.63018154 -0.23231694
v -0.03554347 -0.63032442 -0.24866672
v 0.10125062 -0.53422167 0.26383842
v 0.10127647 -0.53423732 0.26376392
v 0.10018283 -0.54713057 0.26130066
v 0.10017326 -0.54728076 0.26126768
v 0.16608580 -0.52990644 0.22785541
v 0.16618960 -0.52998693 0.22783753
v 0.16333424 -0.55144622 0.22423718
v 0.16334487 -0.55138882 0.22416795
v 0.21967086 -0.52554400 0.17618114
v 0.21965868 -0.52550739 0.17633492
v 0.21457013 -0.55563596 0.17225247
v 0.21446298 -0.55554168 0.17221110
v 0.25784938 -0.52112958 0.11239025
v 0.25776531 -0.52126424 0.11228075
v 0.24869465 -0.56517304 0.10843021
v 0.24865198 -0.56506355 0.10851064
v 0.27818320 -0.51673607 0.04066904
v 0.27816605 -0.51681188 0.04058774
v 0.26476398 -0.57453318 0.03880300
v 0.26487809 -0.57452699 0.03877472
v 0.27903638 -0.51245726 -0.03414016
v 0.27902016 -0.51244133 -0.03409249
v 0.26218733 -0.58405904 -0.03196299
v 0.26220914 -0.58400983 -0.03194770
v 0.26037894 -0.50804141 -0.10639958
v 0.26039313 -0.50795566 -0.10646074
v 0.24148597 -0.59339783 -0.09892065
v 0.24154401 -0.59337802 -0.09875151
v 0.22356558 -0.50796934 -0.17153082
v 0.22364031 -0.50352764 -0.17158530
v 0.22375895 -0.50803294 -0.17156719
v 0.22369240 -0.50361355 -0.17159302
v 0.20467654 -0.60263807 -0.15719229
v 0.20467106 -0.60268837 -0.15714235
v 0.10696548 0.29040181 -0.26287678
v 0.17122490 0.29038166 -0.22491240
v 0.10696767 0.29038960 -0.26289289
v 0.17137643 0.29041911 -0.22492353
v 0.15447263 -0.61198995 -0.20316017
v 0.15441435 -0.61192611 -0.20317298
v 0.10676239 0.30274828 -0.26220255
v 0.10686921 0.29041075 -0.26286991
v 0.10661224 0.30278146 -0.26225610
v 0.10696811 0.29045927 -0.26277181
v 0.09473794 -0.62111402 -0.23409631
v 0.09472230 -0.62106334 -0.23407103
v 0.03460104 0.31515101 -0.28095642
v 0.03450141 0.31511924 -0.28084978
v 0.02991452 -0.63032239 -0.24810302
v 0.03004470 -0.63022755 -0.24823588
v -0.11069663 0.32741537 -0.26111284
v -0.03945887 0.32742882 -0.27943662
v -0.11073384 0.32732071 -0.26109981
v -0.03944078 0.32730425 -0.27956817
v -0.17613871 0.31511456 -0.22633687
v -0.17615658 0.31513426 -0.22634182
v -0.23068843 0.29030826 -0.17556544
v -0.23014025 0.30287859 -0.17508165
v -0.23017587 0.30273141 -0.17516424
v -0.23062565 0.29040287 -0.17559876
v -0.26859424 0.29030534 -0.11117212
v -0.26854281 0.29034434 -0.11117653
v -0.28848667 -0.50363381 -0.03904794
v -0.28863606 -0.50356901 -0.03899980
v -0.28918185 -0.50806573 0.03563375
v -0.28918888 -0.50799712 0.03570576
v -0.27031444 -0.51246435 0.10793577
v -0.27030027 -0.51239884 0.10806636
v -0.23323780 -0.51689997 0.17285711
v -0.23336030 -0.51690524 0.17284018
v -0.18075583 -0.52114536 0.22581480
v -0.18072557 -0.52112953 0.22572094
v -0.11625638 -0.52551476 0.26307388
v -0.11637875 -0.52558208 0.26316782
v -0.04456497 -0.53001830 0.28236418
v -0.04451992 -0.52997257 0.28244165
v 0.02949738 -0.53433231 0.28241497
v 0.02948932 -0.53433782 0.28242526
v 0.02916526 -0.54724090 0.27964008
v 0.02929354 -0.54719755 0.27959907
v -0.04384473 -0.55143779 0.27795589
v -0.04394787 -0.55150639 0.27784378
v -0.11384718 -0.55570467 0.25723981
v -0.11391303 -0.55563916 0.25714749
v -0.17473783 -0.56511695 0.21803120
v -0.17475813 -0.56518829 0.21805511
v -0.22258563 -0.57456620 0.16486357
v -0.22268294 -0.57450637 0.16468832
v -0.25462168 -0.58391673 0.10174857
v -0.25467306 -0.58403413 0.10161306
v -0.26891616 -0.59343019 0.03324138
v -0.26900870 -0.59341648 0.03318801
v -0.26486595 -0.60257014 -0.03568056
v -0.26495586 -0.60257459 -0.03565860
v -0.24335860 -0.61181669 -0.10031352
v -0.24323142 -0.61199629 -0.10034518
v -0.20601574 -0.62105205 -0.15624423
v -0.20616886 -0.62116537 -0.15624405
v -0.15637006 -0.63029346 -0.20002253
v -0.15624241 -0.63026472 -0.20002970
v -0.09766490 -0.63931138 -0.22876481
v -0.03516244 -0.63926493 -0.24488816
v -0.09764485 -0.63934598 -0.22869616
v -0.03524481 -0.63936429 -0.24476834
v 0.10151526 -0.52997534 0.26443893
v 0.10152569 -0.52987736 0.26446638
v 0.09990375 -0.55138720 0.26027256
v 0.09983322 -0.55134842 0.26029117
v 0.16654188 -0.52558199 0.22845931
v 0.16654420 -0.52564983 0.22841553
v 0.16262200 -0.55558888 0.22327060
v 0.16275478 -0.55567029 0.22338053
v 0.21997423 -0.52113513 0.17656797
v 0.21992730 -0.52125443 0.17651956
v 0.21213344 -0.56504825 0.17047316
v 0.21217934 -0.56517947 0.17047173
v 0.25815766 -0.51677929 0.11248980
v 0.25809009 -0.51688276 0.11249469
v 0.24593282 -0.57448882 0.10722976
v 0.24581007 -0.57453880 0.10723255
v 0.27844070 -0.51246012 0.04055027
v 0.27832677 -0.51242851 0.04053841
v 0.26157435 -0.58400864 0.03820533
v 0.26158498 -0.58389921 0.03829284
v 0.27911675 -0.50793533 -0.03402920
v 0.27926243 -0.50802885 -0.03414807
v 0.25893013 -0.59338671 -0.03161666
v 0.25892354 -0.59343862 -0.03155166
v 0.26043281 -0.50806043 -0.10639436
v 0.26048589 -0.50351224 -0.10649431
v 0.26047646 -0.50808186 -0.10645929
v 0.26060296 -0.50355776 -0.10658182
v 0.23829777 -0.60263913 -0.09749862
v 0.23842005 -0.60272861 -0.09759182
v 0.22372609 0.29034192 -0.17160208
v 0.22371725 0.29044848 -0.17148117
v 0.20185378 -0.61181882 -0.15505380
v 0.20173079 -0.61184310 -0.15496382
v 0.17097317 0.30279336 -0.22432190
v 0.17135020 0.29045300 -0.22484547
v 0.17102507 0.30289621 -0.22436745
v 0.17124022 0.29030086 -0.22491067
v 0.15214552 -0.62109403 -0.20036881
v 0.15218277 -0.62114767 -0.20032713
v 0.10615434 0.31513617 -0.26113883
v 0.10624081 0.31522120 -0.26107278
v 0.09327021 -0.63018396 -0.23057252
v 0.09331147 -0.63019639 -0.23069384
v 0.03422936 0.32734916 -0.27888730
v 0.03436697 0.32742015 -0.27879731
v 0.02954180 -0.63938416 -0.24423667
v 0.02952887 -0.63933895 -0.24429885
v -0.10981501 0.33933560 -0.25842053
v -0.03898304 0.33934122 -0.27665927
v -0.10963703 0.33936803 -0.25851531
v -0.03905514 0.33941483 -0.27668357
v -0.17501039 0.32727893 -0.22479829
v -0.17488531 0.32735985 -0.22471929
v -0.22919469 0.31511888 -0.17434033
v -0.22915032 0.31507563 -0.17431366
v -0.26852224 0.29031385 -0.11117682
v -0.26795377 0.30274696 -0.11093858
v -0.26799855 0.30275619 -0.11097102
v -0.26864818 0.29046894 -0.11102454
v -0.28847419 0.29033131 -0.03912582
v -0.28852265 0.29037329 -0.03898626
v -0.28926070 -0.50360752 0.03571304
v -0.28916733 -0.50356604 0.03559265
v -0.27050964 -0.50793384 0.10797080
v -0.27042408 -0.50808523 0.10810455
v -0.23360964 -0.51250652 0.17294383
v -0.23356491 -0.51250973 0.17303499
v -0.18095884 -0.51687618 0.22615066
v -0.18106879 -0.51685812 0.22612269
v -0.11656920 -0.52129998 0.26368293
v -0.11652278 -0.52120749 0.26351724
v -0.04462633 -0.52551572 0.28297475
v -0.04459436 -0.52560980 0.28303110
v 0.02974149 -0.53001406 0.28315371
v 0.02960229 -0.53004955 0.28297735
v 0.02908626 -0.55142511 0.27850376
v 0.02911800 -0.55146352 0.27859988
v -0.04379064 -0.55562567 0.27667281
v -0.04374024 -0.55562750 0.27658262
v -0.11264836 -0.56515822 0.25451546
v -0.11277753 -0.56514136 0.25445300
v -0.17268464 -0.57451275 0.21553018
v -0.17281365 -0.57453313 0.21557902
v -0.22002452 -0.58399850 0.16276503
v -0.22005779 -0.58397713 0.16290724
v -0.25148167 -0.59334447 0.10031295
v -0.25155869 -0.59333330 0.10046744
v -0.26559531 -0.60264464 0.03271691
v -0.26543068 -0.60268132 0.03276933
v -0.26130744 -0.61186724 -0.03517887
v -0.26136674 -0.61195788 -0.03523690
v -0.23993300 -0.62105583 -0.09888686
v -0.23992587 -0.62116585 -0.09885310
v -0.20300739 -0.63029618 -0.15401815
v -0.20314167 -0.63031212 -0.15403702
v -0.15383403 -0.63939968 -0.19677969
v -0.15383560 -0.63925266 -0.19686613
v -0.09617258 -0.64838646 -0.22500242
v -0.03467129 -0.64840450 -0.24093721
v -0.09612421 -0.64825065 -0.22484995
v -0.03473526 -0.64840196 -0.24074845
v 0.10174354 -0.52561511 0.26505228
v 0.10181196 -0.52552618 0.26510157
v 0.09941502 -0.55569383 0.25901966
v 0.09940313 -0.55556549 0.25917338
v 0.16678139 -0.52112444 0.22872839
v 0.16685812 -0.52127448 0.22878342
v 0.16089026 -0.56502382 0.22091697
v 0.16077231 -0.56515201 0.22095002
v 0.22019173 -0.51687342 0.17669104
v 0.22033263 -0.51689173 0.17675808
v 0.20971289 -0.57452767 0.16864569
v 0.20979090 -0.57454756 0.16857347
v 0.25848063 -0.51240045 0.11264121
v 0.25838178 -0.51231443 0.11258728
v 0.24295932 -0.58392178 0.10592235
v 0.24281335 -0.58392030 0.10596217
v 0.27845446 -0.50795442 0.04071420
v 0.27846825 -0.50803759 0.04072592
v 0.25832202 -0.59326170 0.03772440
v 0.25841903 -0.59336600 0.03785958
v 0.27921117 -0.50361427 -0.03419326
v 0.27916933 -0.50804797 -0.03412699
v 0.27926505 -0.50355178 -0.03409281
v 0.27927135 -0.50803128 -0.03404493
v 0.25547266 -0.60259150 -0.03128387
v 0.25561325 -0.60260507 -0.03127397
v 0.26057689 0.29039371 -0.10650431
v 0.26051847 0.29043358 -0.10643380
v 0.23496519 -0.61191421 -0.09610427
v 0.23503842 -0.61196676 -0.09612850
v 0.22316246 0.30272352 -0.17118751
v 0.22375401 0.29033568 -0.17157000
v 0.22332627 0.30281106 -0.17112281
v 0.22366274 0.29035317 -0.17155413
v 0.19873624 -0.62110121 -0.15285174
v 0.19872899 -0.62108445 -0.15286723
v 0.17017051 0.31510615 -0.22336035
v 0.17019730 0.31521253 -0.22339847
v 0.14976706 -0.63015786 -0.19726372
v 0.14981806 -0.63032292 -0.19737320
v 0.10541719 0.32732503 -0.25907673
v 0.10528212 0.32738231 -0.25909930
v 0.09175451 -0.63926858 -0.22695801
v 0.09178647 -0.63929032 -0.22699076
v 0.03395894 0.33933136 -0.27612108
v 0.03392969 0.33938300 -0.27607268
v 0.02892667 -0.64841556 -0.24020754
v 0.02886405 -0.64840896 -0.24037793
v -0.10844532 0.35111923 -0.25520098
v -0.03869106 0.35128599 -0.27332139
v -0.10843730 0.35116098 -0.25511862
v -0.03865326 0.35118030 -0.27316771
v -0.17319657 0.33937854 -0.22248306
v -0.17325876 0.33932726 -0.22258826
v -0.22754213 0.32736164 -0.17297108
v -0.22752246 0.32733376 -0.17308234
v -0.26682066 0.31520367 -0.11041479
v -0.26673972 0.31523759 -0.11034453
v -0.28853631 0.29035720 -0.03901581
v -0.28794753 0.30285596 -0.03889636
v -0.28793102 0.30272822 -0.03898475
v -0.28852802 0.29037872 -0.03906307
v -0.28922190 0.29049505 0.03565141
v -0.28914168 0.29035746 0.03568096
v -0.27050731 -0.50364773 0.10812098
v -0.27051802 -0.50364719 0.10811765
v -0.23365953 -0.50801223 0.17312600
v -0.23368291 -0.50803473 0.17311523
v -0.18117563 -0.51245139 0.22623065
v -0.18124630 -0.51240621 0.22623641
v -0.11662155 -0.51680978 0.26389680
v -0.11665745 -0.51681205 0.26388396
v -0.04472665 -0.52117116 0.28344121
v -0.04480671 -0.52127838 0.28346000
v 0.02974413 -0.52556444 0.28368254
v 0.02972979 -0.52559790 0.28370248
v 0.02902457 -0.55551898 0.27729712
v 0.02901177 -0.55552056 0.27740089
v -0.04326581 -0.56504667 0.27366507
v -0.04343668 -0.56515769 0.27378111
v -0.11155235 -0.57448494 0.25160134
v -0.11153050 -0.57447736 0.25167581
v -0.17068675 -0.58392661 0.21302793
v -0.17080768 -0.58401994 0.21300819
v -0.21747061 -0.59337069 0.16091889
v -0.21746317 -0.59335463 0.16078745
v -0.24832340 -0.60256972 0.09911593
v -0.24844255 -0.60272591 0.09918111
v -0.26200390 -0.61191041 0.03227645
v -0.26197381 -0.61198269 0.03233244
v -0.25775412 -0.62102073 -0.03475418
v -0.25778638 -0.62109878 -0.03481739
v -0.23641791 -0.63031343 -0.09734526
v -0.23642816 -0.63019514 -0.09735051
v -0.19994721 -0.63922257 -0.15164804
v -0.20003099 -0.63923247 -0.15153915
v -0.15153065 -0.64839529 -0.19369617
v -0.15157326 -0.64829900 -0.19354308
v -0.09464350 -0.65722707 -0.22102501
v -0.03411903 -0.65720661 -0.23674457
v -0.09472561 -0.65726458 -0.22116609
v -0.03409548 -0.65735553 -0.23663252
v 0.10202081 -0.52116347 0.26540878
v 0.10202594 -0.52118376 0.26543946
v 0.09819981 -0.56510324 0.25639790
v 0.09834053 -0.56509577 0.25631578
v 0.16714748 -0.51685836 0.22918840
v 0.16697685 -0.51681042 0.22900230
v 0.15903250 -0.57453449 0.21834577
v 0.15904504 -0.57448815 0.21842364
v 0.22043343 -0.51238673 0.17691824
v 0.22042141 -0.51241436 0.17690062
v 0.20714291 -0.58392849 0.16663603
v 0.20721103 -0.58402926 0.16662654
v 0.25862373 -0.50802201 0.11268420
v 0.25850745 -0.50803053 0.11275675
v 0.23972035 -0.59340444 0.10470883
v 0.23987661 -0.59334491 0.10479237
v 0.27864795 -0.50353226 0.04060895
v 0.27861375 -0.50793774 0.04054660
v 0.27855705 -0.50350082 0.04057502
v 0.27851428 -0.50798390 0.04070939
v 0.25499315 -0.60270147 0.03728074
v 0.25498297 -0.60262651 0.03726321
v 0.27932064 0.29033101 -0.03404215
v 0.27918974 0.29037154 -0.03415304
v 0.25199703 -0.61187340 -0.03079712
v 0.25192005 -0.61184879 -0.03078248
v 0.25992749 0.30273409 -0.10623811
v 0.26056318 0.29041985 -0.10648622
v 0.25995086 0.30286119 -0.10635322
v 0.26051333 0.29046116 -0.10650933
v 0.23159844 -0.62101461 -0.09486511
v 0.23169158 -0.62106275 -0.09473136
v 0.22225180 0.31511805 -0.17047166
v 0.22227108 0.31512296 -0.17048982
v 0.19577649 -0.63029111 -0.15042753
v 0.19577763 -0.63027751 -0.15045322
v 0.16878454 0.32735795 -0.22168426
v 0.16890375 0.32741800 -0.22171666
v 0.14740136 -0.63931172 -0.19420602
v 0.14727385 -0.63931447 -0.19426393
v 0.10426785 0.33929622 -0.25668649
v 0.10431851 0.33941253 -0.25667256
v 0.09006902 -0.64835878 -0.22321297
v 0.09017940 -0.64839276 -0.22330920
v 0.03337855 0.35110123 -0.27258985
v 0.03345236 0.35111810 -0.27263771
v 0.02825377 -0.65719633 -0.23618552
v 0.02837264 -0.65724495 -0.23620970
v -0.10682690 0.36276477 -0.25121302
v -0.03813188 0.36264338 -0.26913164
v -0.10676744 0.36281348 -0.25129027
v -0.03808628 0.36275582 -0.26898783
v -0.17124759 0.35111394 -0.21978039
v -0.17125135 0.35117018 -0.21975710
v -0.22522403 0.33945543 -0.17143882
v -0.22523484 0.33939940 -0.17133352
v -0.26495065 0.32730863 -0.10947950
v -0.26500636 0.32728115 -0.10955938
v -0.28667538 0.31516642 -0.03885873
v -0.28661850 0.31510185 -0.03875795
v -0.28923628 0.29032640 0.03573323
v -0.28854302 0.30279393 0.03556879
v -0.28873518 0.30271684 0.03560713
v -0.28921778 0.29035683 0.03570097
v -0.27059065 0.29042309 0.10814433
v -0.27050197 0.29036487 0.10810823
v -0.23379064 -0.50367136 0.17313187
v -0.23371948 -0.50354436 0.17307336
v -0.18130805 -0.50794596 0.22634816
v -0.18119116 -0.50791464 0.22636344
v -0.11689280 -0.51236996 0.26422442
v -0.11685295 -0.51243594 0.26427316
v -0.04469276 -0.51677120 0.28382889
v -0.04475588 -0.51681073 0.28396576
v 0.02975973 -0.52124156 0.28405487
v 0.02987469 -0.52118090 0.28407235
v 0.02856628 -0.56509185 0.27440330
v 0.02867598 -0.56521400 0.27427918
v -0.04299669 -0.57458696 0.27056487
v -0.04285012 -0.57455262 0.27067764
v -0.11027301 -0.58390230 0.24862779
v -0.11028115 -0.58392672 0.24871925
v -0.16879236 -0.59339143 0.21032933
v -0.16869878 -0.59331118 0.21028814
v -0.21465037 -0.60257943 0.15868079
v -0.21467806 -0.60268224 0.15880671
v -0.24510061 -0.61197307 0.09775443
v -0.24510150 -0.61189810 0.09782938
v -0.25822125 -0.62102040 0.03182312
v -0.25821170 -0.62104876 0.03192098
v -0.25390068 -0.63017901 -0.03429471
v -0.25403406 -0.63029477 -0.03419955
v -0.23286159 -0.63935712 -0.09586637
v -0.23278237 -0.63938182 -0.09583522
v -0.19682677 -0.64840687 -0.14900854
v -0.19678405 -0.64825002 -0.14909866
v -0.14890800 -0.65725989 -0.19033845
v -0.14894749 -0.65726009 -0.19033172
v -0.09302286 -0.66609279 -0.21706583
v -0.03371354 -0.66608966 -0.23248252
v -0.09300363 -0.66621323 -0.21721391
v -0.03355180 -0.66607736 -0.23248265
v 0.10213311 -0.51671946 0.26592941
v 0.10202574 -0.51686425 0.26588472
v 0.09711973 -0.57460819 0.25353692
v 0.09708240 -0.57465560 0.25345146
v 0.16723260 -0.51237851 0.22931730
v 0.16716952 -0.51233023 0.22931144
v 0.15708768 -0.58388557 0.21582094
v 0.15707098 -0.58401004 0.21579185
v 0.22064899 -0.50804799 0.17712503
v 0.22067902 -0.50809849 0.17714463
v 0.20448470 -0.59341056 0.16444137
v 0.20465189 -0.59329103 0.16441962
v 0.25863833 -0.50352081 0.11265312
v 0.25856622 -0.50799883 0.11259367
v 0.25867310 -0.50366224 0.11271975
v 0.25847429 -0.50792344 0.11257204
v 0.23665061 -0.60255880 0.10327618
v 0.23658155 -0.60260843 0.10339253
v 0.27867809 0.29049071 0.04071691
v 0.27858083 0.29033760 0.04069453
v 0.25131252 -0.61191302 0.03681369
v 0.25134566 -0.61179872 0.03680909
v 0.27873921 0.30284659 -0.03399644
v 0.27924308 0.29032868 -0.03407652
v 0.27868450 0.30278721 -0.03404694
v 0.27927662 0.29044475 -0.03411612
v 0.24837337 -0.62106921 -0.03021311
v 0.24827239 -0.62100223 -0.03027032
v 0.25867881 0.31510349 -0.10584351
v 0.25884474 0.31523908 -0.10575892
v 0.22809255 -0.63017657 -0.09335309
v 0.22809181 -0.63031419 -0.09343241
v 0.22054463 0.32731750 -0.16923604
v 0.22051021 0.32727376 -0.16922423
v 0.19265176 -0.63932594 -0.14808446
v 0.19263618 -0.63927276 -0.14806391
v 0.16709722 0.33942335 -0.21955746
v 0.16717223 0.33948854 -0.21958227
v 0.14490341 -0.64825566 -0.19102445
v 0.14479061 -0.64828571 -0.19108128
v 0.10288394 0.35123081 -0.25333681
v 0.10283718 0.35115233 -0.25340882
v 0.08848811 -0.65722480 -0.21940932
v 0.08843850 -0.65727157 -0.21942968
v 0.03282923 0.36261833 -0.26838375
v 0.03278999 0.36262117 -0.26849628
v 0.02770541 -0.66606792 -0.23205513
v 0.02777002 -0.66612550 -0.23205753
v -0.10508049 0.37395332 -0.24669186
v -0.03744998 0.37390257 -0.26417622
v -0.10500602 0.37392009 -0.24686363
v -0.03756953 0.37379722 -0.26431859
v -0.16863751 0.36270924 -0.21645537
v -0.16870982 0.36277746 -0.21643302
v -0.22258047 0.35128727 -0.16919236
v -0.22262429 0.35116245 -0.16925713
v -0.26228051 0.33947280 -0.10849956
v -0.26242333 0.33947043 -0.10842584
v -0.28459016 0.32744429 -0.03843329
v -0.28466309 0.32730763 -0.03857752
v -0.28737233 0.31521486 0.03541561
v -0.28724413 0.31516168 0.03554540
v -0.27044147 0.29032934 0.10801676
v -0.26993441 0.30273330 0.10786896
v -0.26991435 0.30284743 0.10775967
v -0.27058806 0.29036971 0.10796660
v -0.23376925 0.29044698 0.17308526
v -0.23370576 0.29047248 0.17322024
v -0.18130019 -0.50359855 0.22651584
v -0.18128209 -0.50350958 0.22652827
v -0.11688644 -0.50800191 0.26428166
v -0.11682019 -0.50808732 0.26437135
v -0.04474986 -0.51236705 0.28410800
v -0.04482100 -0.51249084 0.28413846
v 0.02994481 -0.51681579 0.28454098
v 0.02975973 -0.51689341 0.28451733
v 0.02829763 -0.57457111 0.27124166
v 0.02816787 -0.57451856 0.27124517
v -0.04249758 -0.58391589 0.26745110
v -0.04250633 -0.58392408 0.26749339
v -0.10894649 -0.59336985 0.24561701
v -0.10881920 -0.59340515 0.24561207
v -0.16655639 -0.60265229 0.20761437
v -0.16652094 -0.60273461 0.20766870
v -0.21180670 -0.61188099 0.15651563
v -0.21172177 -0.61181072 0.15661795
v -0.24171080 -0.62104324 0.09632914
v -0.24156391 -0.62113182 0.09637279
v -0.25442672 -0.63031684 0.03152733
v -0.25459183 -0.63028953 0.03132984
v -0.25004559 -0.63922112 -0.03364680
v -0.25008829 -0.63938664 -0.03367505
v -0.22908301 -0.64831292 -0.09433815
v -0.22911323 -0.64840245 -0.09431274
v -0.19351556 -0.65731146 -0.14645472
v -0.19363597 -0.65719982 -0.14644557
v -0.14642778 -0.66617453 -0.18685889
v -0.14635681 -0.66607744 -0.18682348
v -0.09234928 -0.67015027 -0.21511982
v -0.03332163 -0.67004881 -0.23045558
v -0.09222580 -0.67017604 -0.21523054
v -0.03339684 -0.67009368 -0.23049544
v 0.10228660 -0.51240637 0.26603744
v 0.10211572 -0.51243501 0.26614343
v 0.09579993 -0.58398471 0.25047035
v 0.09593706 -0.58390957 0.25039283
v 0.16728042 -0.50799393 0.22947678
v 0.16736727 -0.50793551 0.22941145
v 0.15505789 -0.59326822 0.21326282
v 0.15514143 -0.59339528 0.21319184
v 0.22066093 -0.50360396 0.17706301
v 0.22064171 -0.50807029 0.17698366
v 0.22075324 -0.50365658 0.17702594
v 0.22068958 -0.50804462 0.17709076
v 0.20187055 -0.60270835 0.16245968
v 0.20184150 -0.60265357 0.16239485
v 0.25861153 0.29040489 0.11271365
v 0.25853448 0.29033968 0.11264437
v 0.23331542 -0.61183878 0.10198608
v 0.23334630 -0.61187801 0.10188894
v 0.27808555 0.30282978 0.04065668
v 0.27851978 0.29030780 0.04072791
v 0.27797291 0.30288893 0.04058350
v 0.27864510 0.29035817 0.04068693
v 0.24763869 -0.62103742 0.03622310
v 0.24780119 -0.62115104 0.03633173
v 0.27743107 0.31523821 -0.03394931
v 0.27738167 0.31512470 -0.03384911
v 0.24446737 -0.63023645 -0.02977603
v 0.24446728 -0.63017812 -0.02983051
v 0.25691970 0.32732414 -0.10501265
v 0.25676594 0.32731716 -0.10490959
v 0.22450289 -0.63922494 -0.09186136
v 0.22452833 -0.63922358 -0.09199237
v 0.21826516 0.33931354 -0.16742689
v 0.21824822 0.33929617 -0.16750966
v 0.18942572 -0.64830579 -0.14579275
v 0.18945818 -0.64838617 -0.14576614
v 0.16489513 0.35118399 -0.21686168
v 0.16508734 0.35121501 -0.21683344
v 0.14233095 -0.65718366 -0.18787669
v 0.14231826 -0.65726051 -0.18776119
v 0.10114748 0.36276617 -0.24943621
v 0.10131012 0.36261738 -0.24940591
v 0.08678260 -0.66606965 -0.21557879
v 0.08692358 -0.66613619 -0.21546881
v 0.03217880 0.37388652 -0.26355682
v 0.03225986 0.37396643 -0.26367936
v 0.02736460 -0.67004515 -0.22991496
v 0.02734779 -0.66998946 -0.22994429
v -0.10295841 0.38478471 -0.24164405
v -0.03694442 0.38462616 -0.25865400
v -0.10291227 0.38469174 -0.24158432
v -0.03695567 0.38461856 -0.25882910
v -0.16568793 0.37385785 -0.21251007
v -0.16560243 0.37395161 -0.21246543
v -0.21924984 0.36265336 -0.16661218
v -0.21931219 0.36271252 -0.16661716
v -0.25908029 0.35117631 -0.10714529
v -0.25915153 0.35128294 -0.10703344
v -0.28195663 0.33944775 -0.03816752
v -0.28195454 0.33939779 -0.03817464
v -0.28533450 0.32735835 0.03511630
v -0.28537452 0.32741781 0.03513908
v -0.26878167 0.31517348 0.10737353
v -0.26870914 0.31519021 0.10742797
v -0.23370267 0.29048326 0.17309566
v -0.23321596 0.30287165 0.17287199
v -0.23376179 0.29041414 0.17315391
v -0.23331509 0.30282094 0.17280137
v -0.18124625 0.29040914 0.22642312
v -0.18119757 0.29039772 0.22644110
v -0.11698096 -0.50362867 0.26435650
v -0.11678922 -0.50365974 0.26441253
v -0.04492467 -0.50801222 0.28421628
v -0.04477697 -0.50800979 0.28434909
v 0.02993018 -0.51240599 0.28470546
v 0.02978375 -0.51237840 0.28476515
v 0.02776737 -0.58398833 0.26803909
v 0.02777623 -0.58391488 0.26801840
v -0.04201052 -0.59336135 0.26411952
v -0.04198827 -0.59332239 0.26405045
v -0.10747727 -0.60263671 0.24242448
v -0.10745197 -0.60267580 0.24235266
v -0.16440784 -0.61193529 0.20488473
v -0.16444060 -0.61181761 0.20484803
v -0.20874437 -0.62117346 0.15439679
v -0.20885707 -0.62113102 0.15439534
v -0.23810318 -0.63028386 0.09497801
v -0.23812086 -0.63014927 0.09493671
v -0.25068436 -0.63935925 0.03099151
v -0.25056767 -0.63936731 0.03098580
v -0.24604756 -0.64831087 -0.03316999
v -0.24615335 -0.64834144 -0.03306016
v -0.22521540 -0.65725006 -0.09280923
v -0.22527961 -0.65725293 -0.09264508
v -0.19015831 -0.66607266 -0.14398598
v -0.19015639 -0.66625000 -0.14390916
v -0.14526918 -0.67009744 -0.18520937
v -0.14511453 -0.67018214 -0.18514217
v -0.09136047 -0.67391043 -0.21302955
v -0.03318319 -0.67381781 -0.22797598
v -0.09141909 -0.67383840 -0.21294621
v -0.03307992 -0.67381379 -0.22802525
v 0.10224817 -0.50794729 0.26626709
v 0.10224092 -0.50797368 0.26625198
v 0.09460839 -0.59333591 0.24732209
v 0.09453679 -0.59342260 0.24735113
v 0.16726661 -0.50360055 0.22954980
v 0.16739793 -0.50795407 0.22948961
v 0.16736361 -0.50357505 0.22952079
v 0.16724302 -0.50798262 0.22940019
v 0.15306033 -0.60270756 0.21040658
v 0.15287760 -0.60261378 0.21039239
v 0.22061504 0.29036329 0.17715269
v 0.22066071 0.29038351 0.17713779
v 0.19892243 -0.61184665 0.16020464
v 0.19896364 -0.61191233 0.16024526
v 0.25803534 0.30272398 0.11251240
v 0.25858003 0.29033172 0.11267051
v 0.25813454 0.30271380 0.11251405
v 0.25855574 0.29047313 0.11259056
v 0.22992125 -0.62104961 0.10053747
v 0.22983947 -0.62101393 0.10042847
v 0.27663954 0.31514878 0.04040714
v 0.27675584 0.31514025 0.04047452
v 0.24392277 -0.63028848 0.03582670
v 0.24395481 -0.63030384 0.03579225
v 0.27532626 0.32733131 -0.03359999
v 0.27529858 0.32735858 -0.03370716
v 0.24057938 -0.63934598 -0.02929386
v 0.24065005 -0.63922959 -0.02930473
v 0.25423093 0.33944349 -0.10402310
v 0.25420584 0.33937229 -0.10397857
v 0.22076547 -0.64826508 -0.09048171
v 0.22064115 -0.64835715 -0.09037871
v 0.21554208 0.35126842 -0.16535175
v 0.21546820 0.35120045 -0.16545206
v 0.18621531 -0.65718389 -0.14312892
v 0.18608461 -0.65727680 -0.14322194
v 0.16249760 0.36280130 -0.21344028
v 0.16241328 0.36265398 -0.21357011
v 0.13972163 -0.66612263 -0.18437356
v 0.13970642 -0.66613807 -0.18445524
v 0.09928331 0.37390811 -0.24496937
v 0.09927540 0.37386156 -0.24504874
v 0.08592785 -0.67004803 -0.21363692
v 0.08611034 -0.67015841 -0.21356846
v 0.03147581 0.38476880 -0.25808889
v 0.03137067 0.38469683 -0.25807693
v 0.02703535 -0.67372898 -0.22754617
v 0.02717375 -0.67388757 -0.22756871
v -0.10066333 0.39506088 -0.23585194
v -0.03608810 0.39503015 -0.25258556
v -0.10056930 0.39496341 -0.23591780
v -0.03615548 0.39502499 -0.25258775
v -0.16226982 0.38474402 -0.20794091
v -0.16244284 0.38467436 -0.20799325
v -0.21536870 0.37398244 -0.16354312
v -0.21540203 0.37384953 -0.16365311
v -0.25534002 0.36263729 -0.10544769
v -0.25529750 0.36269098 -0.10546070
v -0.27847436 0.35120272 -0.03756094
v -0.27844494 0.35127501 -0.03758563
v -0.28254500 0.33937135 0.03495754
v -0.28256725 0.33932562 0.03492718
v -0.26678942 0.32736486 0.10653879
v -0.26678120 0.32744338 0.10658528
v -0.23213436 0.31507635 0.17192443
v -0.23219361 0.31519303 0.17200767
v -0.18127923 0.29042220 0.22654113
v -0.18091004 0.30276247 0.22590288
v -0.18127584 0.29042539 0.22648646
v -0.18099713 0.30285557 0.22606248
v -0.11683843 0.29046483 0.26446451
v -0.11686859 0.29046880 0.26431525
v 0.02995888 -0.50795489 0.28504850
v 0.02989883 -0.50793122 0.28505056
v 0.02732570 -0.59334599 0.26466281
v 0.02731536 -0.59331963 0.26474674
v -0.04157316 -0.60273613 0.26067381
v -0.04156748 -0.60270522 0.26075211
v -0.10606377 -0.61198330 0.23912475
v -0.10605312 -0.61181816 0.23914713
v -0.16219905 -0.62100482 0.20196527
v -0.16206425 -0.62103121 0.20186240
v -0.20575940 -0.63025211 0.15198898
v -0.20580706 -0.63020893 0.15213146
v -0.23450904 -0.63926572 0.09341633
v -0.23445372 -0.63924455 0.09357888
v -0.24670986 -0.64824626 0.03049061
v -0.24663996 -0.64840763 0.03042723
v -0.24188838 -0.65725885 -0.03254641
v -0.24189551 -0.65729476 -0.03241995
v -0.22134950 -0.66607194 -0.09107878
v -0.22140044 -0.66615690 -0.09110114
v -0.18863540 -0.67007286 -0.14261181
v -0.18854615 -0.67010481 -0.14265712
v -0.14380779 -0.67378758 -0.18336609
v -0.14365649 -0.67389906 -0.18326578
v -0.09030521 -0.67726695 -0.21050856
v -0.03270107 -0.67721821 -0.22547439
v -0.09036381 -0.67728078 -0.21044225
v -0.03278497 -0.67737434 -0.22548758
v 0.10219451 -0.50794655 0.26626137
v 0.10220575 -0.50367507 0.26622127
v 0.10230621 -0.50367618 0.26634342
v 0.10233673 -0.50797357 0.26633132
v 0.09326177 -0.60268248 0.24406713
v 0.09340011 -0.60268105 0.24423570
v 0.16728327 0.29031379 0.22951570
v 0.16739904 0.29042453 0.22948644
v 0.15082924 -0.61181532 0.20749446
v 0.15072992 -0.61186893 0.20747341
v 0.22022361 0.30280792 0.17676367
v 0.22058100 0.29047873 0.17718382
v 0.22017227 0.30285343 0.17676215
v 0.22059936 0.29046238 0.17699580
v 0.19604887 -0.62103334 0.15790582
v 0.19618506 -0.62108891 0.15799191
v 0.25692712 0.31519958 0.11202690
v 0.25685582 0.31519739 0.11184327
v 0.22643221 -0.63026334 0.09906469
v 0.22642520 -0.63018042 0.09909955
v 0.27466218 0.32733202 0.04006345
v 0.27469903 0.32740712 0.04008862
v 0.24002627 -0.63929348 0.03531160
v 0.24005721 -0.63920655 0.03527526
v 0.27249001 0.33946572 -0.03323596
v 0.27248009 0.33948472 -0.03335966
v 0.23658943 -0.64828869 -0.02880384
v 0.23665092 -0.64836866 -0.02892843
v 0.25109849 0.35128344 -0.10261323
v 0.25091517 0.35129531 -0.10262544
v 0.21693811 -0.65722603 -0.08888656
v 0.21680951 -0.65729879 -0.08879207
v 0.21219859 0.36270478 -0.16276627
v 0.21213982 0.36265906 -0.16292611
v 0.18271403 -0.66623397 -0.14061079
v 0.18273304 -0.66614420 -0.14065362
v 0.15936079 0.37393394 -0.20956571
v 0.15948039 0.37392364 -0.20957314
v 0.13840814 -0.67005214 -0.18285723
v 0.13847525 -0.67011424 -0.18282561
v 0.09716129 0.38461812 -0.23991973
v 0.09721552 0.38475727 -0.23981377
v 0.08515781 -0.67390127 -0.21136650
v 0.08507010 -0.67375101 -0.21146127
v 0.03049485 0.39511584 -0.25195964
v 0.03049702 0.39504823 -0.25207692
v 0.02668961 -0.67725929 -0.22496354
v 0.02675638 -0.67740532 -0.22486342
v -0.09817880 0.40492594 -0.22958976
v -0.03518436 0.40487784 -0.24580787
v -0.09817570 0.40491666 -0.22965126
v -0.03524789 0.40504524 -0.24583484
v -0.15867193 0.39512692 -0.20314422
v -0.15867017 0.39500561 -0.20318106
v -0.21106699 0.38462730 -0.16019561
v -0.21104133 0.38464480 -0.16010063
v -0.25074470 0.37398731 -0.10351552
v -0.25087426 0.37393547 -0.10361527
v -0.27426464 0.36271860 -0.03705123
v -0.27414907 0.36279380 -0.03707774
v -0.27901635 0.35113792 0.03441001
v -0.27905077 0.35129486 0.03452923
v -0.26422512 0.33945756 0.10557769
v -0.26425441 0.33932081 0.10553585
v -0.23051954 0.32731331 0.17078849
v -0.23042529 0.32743647 0.17079080
v -0.18003328 0.31516763 0.22492814
v -0.18007422 0.31515502 0.22498350
v -0.11683361 0.29039490 0.26433657
v -0.11666919 0.30276281 0.26394041
v -0.11684055 0.29046905 0.26445404
v -0.11655881 0.30280172 0.26382367
v 0.02704383 -0.60255998 0.26139505
v 0.02691443 -0.60258612 0.26139299
v -0.04111155 -0.61194985 0.25711468
v -0.04102181 -0.61182885 0.25713750
v -0.10466058 -0.62112305 0.23574268
v -0.10465712 -0.62106275 0.23568253
v -0.15967928 -0.63023917 0.19880843
v -0.15981344 -0.63016355 0.19889796
v -0.20263205 -0.63938428 0.14974059
v -0.20272023 -0.63933949 0.14968987
v -0.23079390 -0.64826754 0.09200269
v -0.23079603 -0.64839645 0.09199769
v -0.24242937 -0.65720522 0.02992806
v -0.24259517 -0.65725916 0.02987313
v -0.23771812 -0.66621354 -0.03197003
v -0.23765222 -0.66611605 -0.03185776
v -0.21932557 -0.67015534 -0.09015973
v -0.21947075 -0.67017548 -0.09032391
v -0.18664116 -0.67382705 -0.14120708
v -0.18673870 -0.67377102 -0.14106225
v -0.14211384 -0.67738248 -0.18126987
v -0.14206350 -0.67740884 -0.18130634
v -0.03244966 -0.68065388 -0.22242097
v -0.08930402 -0.68049763 -0.20788865
v -0.03232276 -0.68059579 -0.22244816
v -0.08923759 -0.68066057 -0.20777439
v 0.10227909 0.29036613 0.26624109
v 0.10237510 0.29046024 0.26622556
v 0.09195124 -0.61193380 0.24076875
v 0.09201066 -0.61180893 0.24077386
v 0.16730814 0.29044118 0.22958488
v 0.16705504 0.30289920 0.22900689
v 0.16708524 0.30282597 0.22897286
v 0.16735289 0.29045299 0.22943692
v 0.14850587 -0.62102518 0.20460375
v 0.14852626 -0.62106681 0.20468379
v 0.21924298 0.31510840 0.17583854
v 0.21914148 0.31517471 0.17597403
v 0.19321180 -0.63017810 0.15564676
v 0.19308340 -0.63015322 0.15553805
v 0.25500847 0.32737293 0.11119594
v 0.25502589 0.32726045 0.11106407
v 0.22279268 -0.63927995 0.09744511
v 0.22288090 -0.63925918 0.09747546
v 0.27181010 0.33937095 0.03960927
v 0.27181174 0.33940300 0.03979310
v 0.23599455 -0.64829194 0.03466120
v 0.23608213 -0.64829523 0.03459389
v 0.26901182 0.35116751 -0.03279913
v 0.26898305 0.35126620 -0.03287811
v 0.23257300 -0.65719268 -0.02830355
v 0.23243082 -0.65730772 -0.02841755
v 0.24703799 0.36267168 -0.10104453
v 0.24710445 0.36275330 -0.10116076
v 0.21289734 -0.66613362 -0.08718791
v 0.21296470 -0.66607089 -0.08723058
v 0.20824282 0.37387323 -0.15980879
v 0.20817029 0.37391870 -0.15984422
v 0.18106199 -0.67000017 -0.13938373
v 0.18103755 -0.66998910 -0.13947405
v 0.15605995 0.38478750 -0.20529878
v 0.15607938 0.38462211 -0.20520847
v 0.13692269 -0.67373304 -0.18087691
v 0.13699943 -0.67372049 -0.18097624
v 0.09485302 0.39507960 -0.23414807
v 0.09476126 0.39512939 -0.23425420
v 0.08407073 -0.67724097 -0.20896064
v 0.08403596 -0.67738608 -0.20893625
v 0.02962483 0.40488382 -0.24526553
v 0.02962600 0.40489503 -0.24536253
v 0.02637856 -0.68059006 -0.22203230
v 0.02637232 -0.68058647 -0.22198243
v -0.09526348 0.41425544 -0.22274964
v -0.03444705 0.41428809 -0.23858890
v -0.09543272 0.41438539 -0.22280144
v -0.03439375 0.41424679 -0.23851172
v -0.15449730 0.40495609 -0.19771743
v -0.15459128 0.40503790 -0.19778008
v -0.20616233 0.39512743 -0.15639328
v -0.20608797 0.39499851 -0.15646148
v -0.24568146 0.38466349 -0.10129826
v -0.24575323 0.38469296 -0.10147402
v -0.26941111 0.37384399 -0.03637662
v -0.26933763 0.37394107 -0.03633415
v -0.27477655 0.36276908 0.03400696
v -0.27478360 0.36280872 0.03400622
v -0.26091502 0.35117273 0.10413297
v -0.26103959 0.35127797 0.10414482
v -0.22834163 0.33938503 0.16898875
v -0.22821725 0.33930481 0.16903693
v -0.17881561 0.32726367 0.22322994
v -0.17891628 0.32727964 0.22321887
v -0.11617370 0.31517839 0.26271958
v -0.11608007 0.31518881 0.26255382
v -0.04468475 0.30284235 0.28378248
v -0.04485687 0.29048902 0.28440072
v -0.04473022 0.30275070 0.28382241
v -0.04486038 0.29041066 0.28439955
v 0.02660693 -0.61193354 0.25784774
v 0.02650489 -0.61185736 0.25784465
v -0.04050150 -0.62110514 0.25347812
v -0.04049108 -0.62114510 0.25357785
v -0.10326489 -0.63032581 0.23218737
v -0.10312878 -0.63022452 0.23212087
v -0.15740184 -0.63925231 0.19581005
v -0.15729116 -0.63921654 0.19578498
v -0.19943826 -0.64841825 0.14720940
v -0.19945070 -0.64824532 0.14735095
v -0.22693237 -0.65728091 0.09047120
v -0.22686209 -0.65733176 0.09052548
v -0.23822366 -0.66619299 0.02936456
v -0.23826573 -0.66617698 0.02936195
v -0.23560119 -0.67014207 -0.03169190
v -0.23557278 -0.67012703 -0.03163535
v -0.21729946 -0.67386062 -0.08937975
v -0.21720798 -0.67376502 -0.08933578
v -0.18448815 -0.67740349 -0.13950335
v -0.18456144 -0.67739037 -0.13956184
v -0.14049193 -0.68064742 -0.17893226
v -0.14030953 -0.68048980 -0.17891253
v -0.03200056 -0.68362030 -0.21945291
v -0.08803340 -0.68350109 -0.20498086
v -0.03199370 -0.68349787 -0.21932146
v -0.08801917 -0.68348350 -0.20498623
v 0.10213194 0.30279981 0.26585551
v 0.10236390 0.29041949 0.26631344
v 0.10205205 0.30282172 0.26572186
v 0.10226547 0.29048573 0.26631773
v 0.09058204 -0.62118303 0.23745633
v 0.09066674 -0.62113652 0.23732125
v 0.16620451 0.31509687 0.22792404
v 0.16627213 0.31521986 0.22798106
v 0.14637582 -0.63031014 0.20152910
v 0.14621247 -0.63019138 0.20162394
v 0.21744780 0.32735371 0.17471232
v 0.21745260 0.32744273 0.17460202
v 0.19000153 -0.63936418 0.15322689
v 0.19009070 -0.63926904 0.15320306
v 0.25245944 0.33946720 0.10994125
v 0.25241308 0.33938172 0.11013067
v 0.21914711 -0.64837173 0.09590480
v 0.21902929 -0.64823806 0.09598679
v 0.26848238 0.35112518 0.03924835
v 0.26837975 0.35122884 0.03925628
v 0.23200262 -0.65733936 0.03415808
v 0.23198435 -0.65722070 0.03417468
v 0.26488997 0.36269277 -0.03232729
v 0.26490575 0.36262369 -0.03239230
v 0.22834428 -0.66615775 -0.02776838
v 0.22826551 -0.66611482 -0.02781151
v 0.24252479 0.37385009 -0.09917029
v 0.24249625 0.37393005 -0.09922593
v 0.21087930 -0.67006972 -0.08644125
v 0.21103598 -0.67018397 -0.08647187
v 0.20374823 0.38475954 -0.15662268
v 0.20376275 0.38471273 -0.15665754
v 0.17914650 -0.67382287 -0.13787384
v 0.17919074 -0.67373235 -0.13790635
v 0.15218719 0.39515724 -0.20038535
v 0.15209618 0.39497194 -0.20040078
v 0.13526424 -0.67737240 -0.17886908
v 0.13539115 -0.67735964 -0.17870409
v 0.09211941 0.40491552 -0.22797036
v 0.09206298 0.40492385 -0.22808069
v 0.08295944 -0.68064945 -0.20638327
v 0.08282028 -0.68046384 -0.20639377
v 0.02854306 0.41439252 -0.23794529
v 0.02857438 0.41427096 -0.23798941
v 0.02586151 -0.68355505 -0.21886983
v 0.02595677 -0.68353042 -0.21889677
v -0.03346362 0.42312618 -0.23082823
v -0.09241954 0.42317138 -0.21556625
v -0.03351097 0.42315859 -0.23072421
v -0.09245576 0.42320317 -0.21558559
v -0.15017408 0.41439437 -0.19184188
v -0.15003819 0.41426205 -0.19181154
v -0.20080921 0.40502037 -0.15223474
v -0.20079164 0.40490556 -0.15224549
v -0.23990841 0.39513816 -0.09904190
v -0.24000556 0.39503890 -0.09897120
v -0.26384204 0.38462655 -0.03551539
v -0.26398508 0.38463839 -0.03568368
v -0.26997129 0.37387863 0.03332514
v -0.27008691 0.37397936 0.03326248
v -0.25716504 0.36265239 0.10269873
v -0.25719669 0.36274163 0.10259057
v -0.22559586 0.35117495 0.16691605
v -0.22547410 0.35129187 0.16687426
v -0.17713086 0.33932507 0.22120850
v -0.17719253 0.33946741 0.22107724
v -0.11537663 0.32745692 0.26072269
v -0.11523327 0.32731286 0.26073115
v -0.04449993 0.31518884 0.28244394
v -0.04465967 0.31520884 0.28254699
v 0.02990595 0.30280408 0.28438733
v 0.02998701 0.29030920 0.28511321
v 0.02991806 0.30286834 0.28443850
v 0.03000298 0.29043768 0.28498354
v 0.02615156 -0.62105444 0.25406350
v 0.02600803 -0.62115113 0.25413708
v -0.03990966 -0.63032075 0.24971890
v -0.03992878 -0.63017056 0.24978665
v -0.10165908 -0.63935726 0.22865575
v -0.10175420 -0.63931751 0.22867630
v -0.15490751 -0.64830529 0.19268567
v -0.15496335 -0.64829422 0.19256122
v -0.19613738 -0.65724235 0.14475955
v -0.19618955 -0.65735056 0.14477660
v -0.22301099 -0.66622173 0.08875194
v -0.22291728 -0.66624538 0.08884761
v -0.23612390 -0.67016136 0.02913751
v -0.23626149 -0.67011056 0.02910967
v -0.23335909 -0.67373970 -0.03125822
v -0.23319411 -0.67387707 -0.03132422
v -0.21481285 -0.67728770 -0.08832597
v -0.21479770 -0.67736127 -0.08820242
v -0.18237965 -0.68065129 -0.13770028
v -0.18225695 -0.68064142 -0.13763520
v -0.13844111 -0.68356489 -0.17639422
v -0.13848286 -0.68345341 -0.17647412
v -0.03158732 -0.68615121 -0.21604466
v -0.08694243 -0.68627633 -0.20172973
v -0.03168538 -0.68630348 -0.21602130
v -0.08677855 -0.68623273 -0.20173391
v 0.10161181 0.31524166 0.26454860
v 0.10163272 0.31520206 0.26456950
v 0.08926541 -0.63027983 0.23380086
v 0.08918898 -0.63017256 0.23384645
v 0.16499279 0.32742956 0.22640229
v 0.16497029 0.32732461 0.22631106
v 0.14390245 -0.63921882 0.19843291
v 0.14390062 -0.63932779 0.19849345
v 0.21524502 0.33936043 0.17283908
v 0.21529142 0.33936586 0.17288130
v 0.18688205 -0.64823791 0.15063832
v 0.18677846 -0.64831721 0.15057018
v 0.24912024 0.35129404 0.10858160
v 0.24909641 0.35127143 0.10875773
v 0.21533725 -0.65730035 0.09435472
v 0.21527847 -0.65734009 0.09435448
v 0.26425301 0.36279580 0.03857308
v 0.26427800 0.36277454 0.03855189
v 0.22773614 -0.66616741 0.03353071
v 0.22779009 -0.66609853 0.03358664
v 0.26005622 0.37380535 -0.03181115
v 0.26009713 0.37395951 -0.03185183
v 0.22616501 -0.67014022 -0.02758224
v 0.22624868 -0.66999733 -0.02757780
v 0.23743033 0.38461587 -0.09709799
v 0.23739159 0.38476084 -0.09718817
v 0.20870185 -0.67386466 -0.08557059
v 0.20869326 -0.67389556 -0.08562686
v 0.19897967 0.39505918 -0.15276612
v 0.19896107 0.39509180 -0.15288289
v 0.17690888 -0.67725285 -0.13632137
v 0.17706399 -0.67727935 -0.13626764
v 0.14811304 0.40487900 -0.19510399
v 0.14799958 0.40504833 -0.19509693
v 0.13356085 -0.68047476 -0.17655031
v 0.13358671 -0.68056003 -0.17645221
v 0.08920437 0.41438906 -0.22113206
v 0.08928648 0.41430519 -0.22121320
v 0.08164239 -0.68346756 -0.20351317
v 0.08171026 -0.68346392 -0.20345456
v 0.02743739 0.42318044 -0.23031126
v 0.02739686 0.42318607 -0.23026770
v 0.02542477 -0.68621449 -0.21560573
v 0.02533631 -0.68622176 -0.21569068
v -0.01984272 0.54009129 -0.11932094
v -0.05044505 0.54011292 -0.11154080
v -0.01977971 0.54001213 -0.11941743
v -0.05030875 0.54005536 -0.11140341
v -0.14535132 0.42320615 -0.18559748
v -0.14539684 0.42314087 -0.18551986
v -0.19509597 0.41434596 -0.14764566
v -0.19497501 0.41434196 -0.14760127
v -0.23374466 0.40491709 -0.09641566
v -0.23378195 0.40497691 -0.09626335
v -0.25780879 0.39507756 -0.03471520
v -0.25788103 0.39504783 -0.03482813
v -0.26453320 0.38475700 0.03263760
v -0.26449568 0.38473351 0.03262435
v -0.25264657 0.37399380 0.10086746
v -0.25254957 0.37386596 0.10080843
v -0.22211746 0.36274598 0.16436111
v -0.22222995 0.36263732 0.16438056
v -0.17494189 0.35112790 0.21833839
v -0.17504316 0.35123658 0.21835788
v -0.11420591 0.33937495 0.25825572
v -0.11415620 0.33936389 0.25824019
v -0.04422129 0.32739773 0.28045596
v -0.04423558 0.32745494 0.28039089
v 0.02970239 0.31514823 0.28303802
v 0.02969036 0.31517731 0.28316848
v 0.02565790 -0.63014882 0.25022482
v 0.02565616 -0.63014091 0.25027082
v -0.03945611 -0.63936054 0.24591737
v -0.03938630 -0.63923720 0.24588784
v -0.10012162 -0.64828395 0.22492301
v -0.10006570 -0.64829261 0.22487684
v -0.15223325 -0.65731142 0.18939457
v -0.15240637 -0.65734019 0.18945176
v -0.19264077 -0.66609643 0.14215049
v -0.19275968 -0.66613261 0.14230935
v -0.22090696 -0.67005049 0.08811406
v -0.22094417 -0.67015643 0.08807644
v -0.23388480 -0.67385937 0.02888639
v -0.23380014 -0.67381680 0.02884668
v -0.23074921 -0.67736993 -0.03094705
v -0.23075153 -0.67733664 -0.03087869
v -0.21203060 -0.68050354 -0.08708421
v -0.21207730 -0.68059427 -0.08704185
v -0.17988837 -0.68362856 -0.13572440
v -0.17984947 -0.68360444 -0.13576248
v -0.13648912 -0.68619561 -0.17378369
v -0.13648398 -0.68627910 -0.17371537
v -0.03127822 -0.68855631 -0.21256439
v -0.08555970 -0.68855394 -0.19854418
v -0.03125102 -0.68852846 -0.21259899
v -0.08557485 -0.68852118 -0.19860786
v 0.10073425 0.32728535 0.26264919
v 0.10080176 0.32736726 0.26258698
v 0.08778584 -0.63920967 0.23031599
v 0.08770684 -0.63922565 0.23026586
v 0.16326657 0.33944456 0.22417672
v 0.16321070 0.33943498 0.22417001
v 0.14160321 -0.64828626 0.19530101
v 0.14156703 -0.64830454 0.19524699
v 0.21249565 0.35127090 0.17080393
v 0.21264371 0.35128574 0.17067899
v 0.18357518 -0.65731267 0.14807523
v 0.18352485 -0.65736440 0.14804019
v 0.24525521 0.36279297 0.10697837
v 0.24533041 0.36275481 0.10710640
v 0.21135223 -0.66617410 0.09254517
v 0.21132042 -0.66610821 0.09260187
v 0.25937668 0.37393377 0.03804118
v 0.25943319 0.37388841 0.03804100
v 0.22570198 -0.67006776 0.03330089
v 0.22558396 -0.67016306 0.03321730
v 0.25454870 0.38471162 -0.03105081
v 0.25463550 0.38460711 -0.03105113
v 0.22377130 -0.67378680 -0.02725932
v 0.22380056 -0.67390464 -0.02722150
v 0.23166477 0.39506054 -0.09493717
v 0.23170820 0.39496781 -0.09480430
v 0.20629666 -0.67722917 -0.08453610
v 0.20626714 -0.67736521 -0.08450980
v 0.19346168 0.40504824 -0.14887796
v 0.19342316 0.40501739 -0.14879064
v 0.17467545 -0.68047533 -0.13456291
v 0.17461631 -0.68053357 -0.13461383
v 0.14342494 0.41432961 -0.18925711
v 0.14354584 0.41426983 -0.18928988
v 0.13165516 -0.68357800 -0.17401397
v 0.13165159 -0.68359769 -0.17413491
v 0.08622706 0.42305280 -0.21399768
v 0.08615806 0.42313009 -0.21388056
v 0.08042940 -0.68621536 -0.20027969
v 0.08032108 -0.68626861 -0.20043517
v 0.01189845 0.54011203 -0.11919904
v 0.01182147 0.54001359 -0.11900856
v 0.02498951 -0.68855893 -0.21213646
v 0.02500524 -0.68856488 -0.21215074
v -0.04920756 0.54372015 -0.10878193
v -0.01980840 0.54011831 -0.11932153
v -0.01935969 0.54363716 -0.11658498
v -0.05031219 0.54006815 -0.11140084
v -0.05031933 0.54013572 -0.11151898
v -0.04920178 0.54368046 -0.10891147
v -0.01972305 0.54013752 -0.11936684
v -0.01938251 0.54369349 -0.11658734
v -0.07777932 0.54015053 -0.09580196
v -0.07777807 0.54017800 -0.09590993
v -0.18878185 0.42319732 -0.14292394
v -0.18877407 0.42313805 -0.14274452
v -0.22690141 0.41428383 -0.09336534
v -0.22698643 0.41427883 -0.09335141
v -0.25112455 0.40487177 -0.03382644
v -0.25100756 0.40498713 -0.03382296
v -0.25847527 0.39502408 0.03184684
v -0.25843214 0.39513308 0.03193861
v -0.24747903 0.38477928 0.09874496
v -0.24743666 0.38467412 0.09881307
v -0.21816659 0.37384173 0.16139792
v -0.21815949 0.37399554 0.16148314
v -0.17248372 0.36264237 0.21500672
v -0.17245117 0.36280096 0.21502774
v -0.11280363 0.35120915 0.25484934
v -0.11277529 0.35124431 0.25488360
v -0.04393320 0.33938897 0.27771134
v -0.04390292 0.33948994 0.27775687
v 0.02933282 0.32743343 0.28109269
v 0.02939129 0.32734129 0.28114734
v 0.02523177 -0.63925639 0.24646126
v 0.02519777 -0.63928548 0.24647163
v -0.03881703 -0.64838217 0.24185129
v -0.03892274 -0.64831012 0.24194004
v -0.09844200 -0.65720153 0.22110991
v -0.09842030 -0.65720341 0.22113536
v -0.14969405 -0.66620687 0.18599158
v -0.14961079 -0.66607201 0.18603182
v -0.19103069 -0.67018600 0.14098587
v -0.19098094 -0.67015179 0.14107189
v -0.21875021 -0.67379940 0.08710724
v -0.21866714 -0.67390129 0.08714459
v -0.23124385 -0.67735309 0.02847898
v -0.23124369 -0.67728724 0.02857271
v -0.22778103 -0.68054966 -0.03052490
v -0.22777353 -0.68062956 -0.03061321
v -0.20927504 -0.68355979 -0.08580099
v -0.20913449 -0.68345939 -0.08593535
v -0.17723822 -0.68614023 -0.13382135
v -0.17719927 -0.68611903 -0.13372303
v -0.13442165 -0.68867429 -0.17093908
v -0.13432222 -0.68857728 -0.17099360
v -0.03080032 -0.69067133 -0.20903236
v -0.08423358 -0.69064492 -0.19510809
v -0.03067806 -0.69063591 -0.20894530
v -0.08410522 -0.69064840 -0.19514545
v 0.09980490 0.33947659 0.25997619
v 0.09965284 0.33934771 0.26002656
v 0.08614734 -0.64830087 0.22648145
v 0.08625430 -0.64825521 0.22659441
v 0.16123702 0.35109729 0.22133652
v 0.16119367 0.35122260 0.22121709
v 0.13911833 -0.65735022 0.19189536
v 0.13907175 -0.65725841 0.19198111
v 0.20921677 0.36281095 0.16820899
v 0.20926170 0.36277686 0.16811892
v 0.18017973 -0.66612807 0.14558387
v 0.18028030 -0.66619562 0.14552632
v 0.24085513 0.37388549 0.10503049
v 0.24085822 0.37386984 0.10506631
v 0.20951682 -0.67007363 0.09185015
v 0.20947290 -0.67006757 0.09185684
v 0.25395773 0.38472018 0.03722437
v 0.25389530 0.38465096 0.03724890
v 0.22335554 -0.67374065 0.03280205
v 0.22333830 -0.67372846 0.03294000
v 0.24839764 0.39497765 -0.03042189
v 0.24847321 0.39516193 -0.03034601
v 0.22110608 -0.67734533 -0.02690920
v 0.22119577 -0.67733075 -0.02699157
v 0.22550716 0.40502551 -0.09239755
v 0.22542919 0.40496876 -0.09233044
v 0.20360161 -0.68060566 -0.08350983
v 0.20370422 -0.68061234 -0.08341463
v 0.18759950 0.41440433 -0.14431545
v 0.18770600 0.41436165 -0.14437598
v 0.17218028 -0.68346062 -0.13281184
v 0.17216618 -0.68349213 -0.13267836
v 0.13868866 0.42304635 -0.18311467
v 0.13863146 0.42306370 -0.18297201
v 0.12955999 -0.68621811 -0.17148964
v 0.12949124 -0.68625169 -0.17135299
v 0.04230078 0.54017220 -0.11074840
v 0.04236108 0.54015147 -0.11056158
v 0.07909018 -0.68859396 -0.19703807
v 0.07909194 -0.68856382 -0.19701668
v 0.01186350 0.54000005 -0.11908340
v 0.01146951 0.54355369 -0.11625358
v 0.01182618 0.54000746 -0.11906073
v 0.01145827 0.54357267 -0.11637210
v 0.02441527 -0.69072211 -0.20835972
v 0.02435326 -0.69071884 -0.20841456
v -0.04832587 0.54736016 -0.10646376
v -0.01904714 0.54745906 -0.11397473
v -0.04836138 0.54745389 -0.10640803
v -0.01901770 0.54736745 -0.11399413
v -0.07777048 0.54012336 -0.09582661
v -0.07615687 0.54358793 -0.09355676
v -0.07620557 0.54358290 -0.09373660
v -0.07791782 0.54015961 -0.09595309
v -0.10035835 0.54007007 -0.07377072
v -0.10038879 0.54007970 -0.07384249
v -0.21980288 0.42312114 -0.09029239
v -0.21974866 0.42302113 -0.09041772
v -0.24391698 0.41435197 -0.03268626
v -0.24386128 0.41439933 -0.03270123
v -0.25170109 0.40494683 0.03109350
v -0.25162510 0.40485330 0.03117470
v -0.24167766 0.39502725 0.09652807
v -0.24181164 0.39514947 0.09633538
v -0.21378181 0.38469104 0.15819011
v -0.21378393 0.38472580 0.15816595
v -0.16931889 0.37387791 0.21127747
v -0.16935609 0.37383002 0.21114903
v -0.11127610 0.36269002 0.25107962
v -0.11126506 0.36275276 0.25098085
v -0.04350430 0.35117481 0.27420509
v -0.04343481 0.35110080 0.27418999
v 0.02898443 0.33941397 0.27837410
v 0.02902968 0.33949298 0.27821596
v 0.02460085 -0.64839803 0.24238168
v 0.02463853 -0.64836246 0.24246876
v -0.03829429 -0.65731503 0.23775193
v -0.03834596 -0.65724428 0.23771407
v -0.09682650 -0.66621950 0.21709837
v -0.09681916 -0.66608302 0.21716949
v -0.14843535 -0.67009154 0.18428958
v -0.14834821 -0.67007647 0.18441062
v -0.18908224 -0.67375014 0.13960158
v -0.18903759 -0.67385072 0.13950233
v -0.21626875 -0.67728129 0.08617262
v -0.21636326 -0.67730935 0.08622935
v -0.22840060 -0.68056791 0.02825321
v -0.22834906 -0.68059146 0.02822159
v -0.22466533 -0.68359484 -0.03004340
v -0.22468513 -0.68360081 -0.03005007
v -0.20606066 -0.68627208 -0.08466339
v -0.20617823 -0.68628699 -0.08463289
v -0.17443473 -0.68859109 -0.13158436
v -0.17438980 -0.68863319 -0.13150791
v -0.13218023 -0.69069990 -0.16800475
v -0.13210876 -0.69071167 -0.16803025
v -0.03023938 -0.69226250 -0.20517854
v -0.08264289 -0.69234243 -0.19160897
v -0.03024635 -0.69228511 -0.20510605
v -0.08279633 -0.69241126 -0.19148190
v 0.09840106 0.35119556 0.25678338
v 0.09838293 0.35129014 0.25674942
v 0.08456600 -0.65721531 0.22274433
v 0.08457348 -0.65730208 0.22266906
v 0.15854230 0.36268249 0.21802628
v 0.15866309 0.36269214 0.21798508
v 0.13637586 -0.66608793 0.18849486
v 0.13652036 -0.66607859 0.18852268
v 0.20542154 0.37381503 0.16511175
v 0.20540219 0.37396741 0.16517663
v 0.17854275 -0.67008028 0.14419739
v 0.17849039 -0.67010553 0.14421301
v 0.23569576 0.38477604 0.10296092
v 0.23567980 0.38476847 0.10295738
v 0.20723212 -0.67372194 0.09092188
v 0.20714163 -0.67391339 0.09080670
v 0.24790941 0.39509799 0.03637810
v 0.24777165 0.39508075 0.03635826
v 0.22060957 -0.67736835 0.03256239
v 0.22069412 -0.67740510 0.03256968
v 0.24167798 0.40497377 -0.02944998
v 0.24163558 0.40497104 -0.02946153
v 0.21826185 -0.68058786 -0.02667724
v 0.21832458 -0.68050707 -0.02663796
v 0.21855281 0.41439837 -0.08961866
v 0.21857807 0.41424419 -0.08959176
v 0.20076304 -0.68348646 -0.08240447
v 0.20072208 -0.68360658 -0.08228828
v 0.18127129 0.42320058 -0.13956940
v 0.18134474 0.42319358 -0.13959462
v 0.16954985 -0.68629255 -0.13081515
v 0.16957092 -0.68630533 -0.13076715
v 0.06951810 0.54017578 -0.09453730
v 0.06952969 0.53999964 -0.09465167
v 0.12738222 -0.68862900 -0.16859053
v 0.12744649 -0.68850966 -0.16856461
v 0.04233168 0.54013215 -0.11072711
v 0.04111410 0.54371907 -0.10806275
v 0.04228817 0.54000363 -0.11067509
v 0.04120357 0.54372587 -0.10809775
v 0.07758434 -0.69072126 -0.19372164
v 0.07750395 -0.69055157 -0.19375532
v 0.01116018 0.54732675 -0.11378990
v 0.01104069 0.54748675 -0.11370476
v 0.02389905 -0.69236449 -0.20468892
v 0.02380778 -0.69239095 -0.20464746
v -0.04745272 0.55140396 -0.10412439
v -0.01884656 0.55134782 -0.11159160
v -0.04733596 0.55138341 -0.10421127
v -0.01877597 0.55135705 -0.11167788
v -0.07460615 0.54731952 -0.09153368
v -0.07454025 0.54740083 -0.09153419
v -0.10036256 0.54006113 -0.07382872
v -0.09825912 0.54364667 -0.07205309
v -0.09826421 0.54356939 -0.07209751
v -0.10046880 0.54016943 -0.07369402
v -0.11648558 0.54014313 -0.04643154
v -0.11652311 0.54006544 -0.04643809
v -0.23591712 0.42315959 -0.03161475
v -0.23605685 0.42311766 -0.03177234
v -0.24443154 0.41437853 0.03012974
v -0.24431841 0.41440759 0.03010090
v -0.23534060 0.40496572 0.09382082
v -0.23543854 0.40492240 0.09389291
v -0.20879398 0.39499904 0.15446354
v -0.20881705 0.39510308 0.15445886
v -0.16588921 0.38467380 0.20691630
v -0.16591960 0.38476097 0.20676755
v -0.10927260 0.37396626 0.24662199
v -0.10930916 0.37395423 0.24666912
v -0.04278893 0.36266369 0.26995071
v -0.04293153 0.36269090 0.27009651
v 0.02866675 0.35128589 0.27480747
v 0.02856311 0.35112999 0.27489011
v 0.02421150 -0.65727662 0.23835577
v 0.02425161 -0.65734074 0.23832861
v -0.03761382 -0.66614018 0.23349559
v -0.03778951 -0.66613151 0.23357164
v -0.09596054 -0.67011389 0.21517745
v -0.09601877 -0.67016901 0.21523068
v -0.14695721 -0.67379606 0.18238456
v -0.14684641 -0.67386489 0.18248545
v -0.18692750 -0.67736982 0.13798937
v -0.18691568 -0.67741057 0.13800299
v -0.21366170 -0.68064653 0.08509007
v -0.21364964 -0.68060481 0.08512540
v -0.22520127 -0.68358407 0.02792090
v -0.22520329 -0.68362974 0.02777980
v -0.22146662 -0.68623498 -0.02963054
v -0.22128633 -0.68612848 -0.02956443
v -0.20287958 -0.68850180 -0.08317325
v -0.20292500 -0.68864259 -0.08314823
v -0.17145659 -0.69061043 -0.12930341
v -0.17159778 -0.69060903 -0.12929429
v -0.12995582 -0.69230736 -0.16487166
v -0.12979099 -0.69233357 -0.16490905
v -0.02986261 -0.69373762 -0.20123217
v -0.08117454 -0.69365196 -0.18800505
v -0.02977047 -0.69360916 -0.20116586
v -0.08115133 -0.69360856 -0.18789956
v 0.09694944 0.36268716 0.25281434
v 0.09691441 0.36273011 0.25283440
v 0.08311029 -0.66621304 0.21867141
v 0.08306896 -0.66615854 0.21864616
v 0.15567600 0.37391909 0.21414242
v 0.15570699 0.37384721 0.21412473
v 0.13527740 -0.67004352 0.18690071
v 0.13516348 -0.67017063 0.18672329
v 0.20108268 0.38461150 0.16177240
v 0.20107205 0.38478090 0.16180528
v 0.17666322 -0.67378682 0.14281604
v 0.17659241 -0.67384575 0.14277832
v 0.22997464 0.39507093 0.10053048
v 0.23002416 0.39508920 0.10050219
v 0.20481395 -0.67735026 0.08976405
v 0.20484209 -0.67737665 0.08981962
v 0.24110460 0.40491182 0.03529635
v 0.24119243 0.40498902 0.03538142
v 0.21778694 -0.68056551 0.03206892
v 0.21776023 -0.68047533 0.03202597
v 0.23438839 0.41423394 -0.02870019
v 0.23440721 0.41441250 -0.02861199
v 0.21525998 -0.68353563 -0.02618435
v 0.21521003 -0.68351423 -0.02634407
v 0.21136417 0.42313209 -0.08655178
v 0.21134297 0.42305804 -0.08649815
v 0.19764081 -0.68614697 -0.08109167
v 0.19764544 -0.68618797 -0.08108816
v 0.09167642 0.54010572 -0.07213920
v 0.09164886 0.53998842 -0.07207834
v 0.16669807 -0.68850195 -0.12860030
v 0.16676117 -0.68853315 -0.12866835
v 0.06771521 0.54363824 -0.09242080
v 0.06954504 0.54018573 -0.09455455
v 0.06780676 0.54359706 -0.09244304
v 0.06952533 0.54007535 -0.09463200
v 0.12518146 -0.69061534 -0.16577707
v 0.12518821 -0.69061745 -0.16576992
v 0.04018616 0.54742369 -0.10554860
v 0.04017465 0.54730989 -0.10560128
v 0.07600336 -0.69223509 -0.19020638
v 0.07612271 -0.69243037 -0.19018774
v 0.01081431 0.55122539 -0.11125815
v 0.01070771 0.55139540 -0.11137804
v 0.02343301 -0.69377264 -0.20073409
v 0.02336868 -0.69364269 -0.20068998
v -0.04649477 0.55536601 -0.10220118
v -0.01843582 0.55545462 -0.10942524
v -0.04650974 0.55547440 -0.10223270
v -0.01857762 0.55531496 -0.10933385
v -0.07321886 0.55131656 -0.08970381
v -0.07315304 0.55141688 -0.08964544
v -0.09614602 0.54736384 -0.07047095
v -0.09603308 0.54736504 -0.07045300
v -0.11647924 0.54010874 -0.04643359
v -0.11374635 0.54370993 -0.04547009
v -0.11391083 0.54357147 -0.04536252
v -0.11651002 0.54014542 -0.04646405
v -0.12481721 0.54007487 -0.01615384
v -0.12496103 0.54003062 -0.01607983
v -0.23651085 0.42319676 0.02928483
v -0.23653272 0.42310749 0.02917541
v -0.22853211 0.41426073 0.09116856
v -0.22861446 0.41425364 0.09116448
v -0.20352427 0.40497720 0.15040603
v -0.20351187 0.40488406 0.15043158
v -0.16224800 0.39504876 0.20192849
v -0.16210780 0.39497107 0.20194868
v -0.10717532 0.38462188 0.24157957
v -0.10718221 0.38465363 0.24157553
v -0.04215552 0.37382659 0.26531143
v -0.04215932 0.37388334 0.26511824
v 0.02812893 0.36271886 0.27064650
v 0.02823306 0.36268908 0.27073072
v 0.02372454 -0.66605851 0.23413654
v 0.02372833 -0.66611551 0.23407964
v -0.03748820 -0.67002046 0.23154841
v -0.03734911 -0.67012566 0.23155552
v -0.09508791 -0.67376943 0.21295891
v -0.09499717 -0.67379081 0.21295815
v -0.14521595 -0.67734387 0.18042775
v -0.14537035 -0.67737909 0.18042939
v -0.18470249 -0.68065662 0.13622506
v -0.18476182 -0.68054365 0.13628764
v -0.21077329 -0.68351532 0.08394563
v -0.21071097 -0.68349002 0.08380631
v -0.22196988 -0.68612330 0.02741103
v -0.22182731 -0.68627828 0.02738464
v -0.21788376 -0.68853781 -0.02911904
v -0.21792474 -0.68852281 -0.02915842
v -0.19957711 -0.69058494 -0.08170298
v -0.19942672 -0.69060282 -0.08168389
v -0.16847904 -0.69223815 -0.12685615
v -0.16853660 -0.69232355 -0.12693809
v -0.12756457 -0.69372348 -0.16179701
v -0.12758560 -0.69376465 -0.16181771
v -0.02939884 -0.69459841 -0.19720018
v -0.07978930 -0.69463608 -0.18424323
v -0.02922029 -0.69466591 -0.19721874
v -0.07975266 -0.69462114 -0.18410267
v 0.09502815 0.37399696 0.24833801
v 0.09499573 0.37391019 0.24838476
v 0.08219599 -0.67009433 0.21668650
v 0.08233046 -0.67018180 0.21685004
v 0.15243094 0.38469248 0.20962334
v 0.15227726 0.38464025 0.20970569
v 0.13371127 -0.67378651 0.18498801
v 0.13367933 -0.67384134 0.18486581
v 0.19625261 0.39498041 0.15791073
v 0.19614106 0.39511581 0.15796569
v 0.17468067 -0.67727817 0.14117717
v 0.17453106 -0.67722397 0.14117570
v 0.22369815 0.40503869 0.09794530
v 0.22385611 0.40502696 0.09790110
v 0.20215348 -0.68054738 0.08863279
v 0.20215392 -0.68064004 0.08875635
v 0.23378196 0.41421814 0.03426712
v 0.23383011 0.41433128 0.03427247
v 0.21479618 -0.68355202 0.03168405
v 0.21465713 -0.68362051 0.03160612
v 0.22659085 0.42309377 -0.02772277
v 0.22661775 0.42314834 -0.02755469
v 0.21196245 -0.68627114 -0.02580932
v 0.21189092 -0.68630874 -0.02582354
v 0.10727926 0.54000182 -0.04451546
v 0.10726591 0.54016530 -0.04449472
v 0.19431254 -0.68858830 -0.07968354
v 0.19434293 -0.68860722 -0.07972995
v 0.08950653 0.54356607 -0.07041730
v 0.09168843 0.54011291 -0.07210944
v 0.08941934 0.54361463 -0.07038017
v 0.09173922 0.54014571 -0.07197104
v 0.16374074 -0.69065930 -0.12634431
v 0.16378627 -0.69060457 -0.12631058
v 0.06612522 0.54742250 -0.09024836
v 0.06626364 0.54739213 -0.09035545
v 0.12268882 -0.69233391 -0.16274324
v 0.12265254 -0.69231287 -0.16280349
v 0.03926655 0.55136768 -0.10340801
v 0.03934011 0.55138857 -0.10338317
v 0.07451693 -0.69359925 -0.18648678
v 0.07450476 -0.69373551 -0.18650644
v 0.01036977 0.55537626 -0.10916398
v 0.01045487 0.55550628 -0.10910902
v 0.02283185 -0.69463237 -0.19681691
v 0.02271805 -0.69466672 -0.19678228
v -0.04593854 0.55961095 -0.10041323
v -0.01826367 0.55970213 -0.10739112
v -0.04590464 0.55960573 -0.10035799
v -0.01825022 0.55957885 -0.10741233
v -0.07188942 0.55543524 -0.08789268
v -0.07172056 0.55547466 -0.08793104
v -0.09428511 0.55128219 -0.06883017
v -0.09417295 0.55122461 -0.06900018
v -0.11143029 0.54743252 -0.04435978
v -0.11137393 0.54739672 -0.04434894
v -0.12481346 0.54005994 -0.01601439
v -0.12205753 0.54360237 -0.01563600
v -0.12207859 0.54360172 -0.01568711
v -0.12490559 0.54006257 -0.01606661
v -0.12512487 0.54010096 0.01552012
v -0.12506969 0.54016614 0.01563290
v -0.22129038 0.42316243 0.08812198
v -0.22132462 0.42308764 0.08814748
v -0.19751803 0.41436477 0.14596322
v -0.19765755 0.41431629 0.14591537
v -0.15803658 0.40487312 0.19654069
v -0.15796524 0.40493502 0.19657669
v -0.10483045 0.39510454 0.23581222
v -0.10471822 0.39503488 0.23571252
v -0.04133452 0.38475130 0.25962999
v -0.04144488 0.38478904 0.25970170
v 0.02749915 0.37389406 0.26572557
v 0.02745830 0.37398161 0.26573474
v 0.02349228 -0.67006224 0.23198833
v 0.02331435 -0.67010085 0.23207817
v -0.03699203 -0.67390531 0.22905108
v -0.03709747 -0.67390694 0.22904603
v -0.09404614 -0.67726569 0.21047139
v -0.09410113 -0.67725046 0.21059204
v -0.14355075 -0.68059782 0.17814286
v -0.14354636 -0.68065926 0.17811509
v -0.18208789 -0.68348288 0.13431087
v -0.18223293 -0.68343800 0.13436342
v -0.20765808 -0.68620587 0.08266554
v -0.20750209 -0.68623700 0.08267981
v -0.21834739 -0.68862518 0.02700015
v -0.21838460 -0.68862791 0.02698563
v -0.21427190 -0.69053538 -0.02863390
v -0.21428832 -0.69061593 -0.02855982
v -0.19600211 -0.69232443 -0.08037811
v -0.19588106 -0.69243142 -0.08023165
v -0.16535039 -0.69373228 -0.12447103
v -0.16532654 -0.69374317 -0.12443328
v -0.12500873 -0.69471129 -0.15852838
v -0.12499297 -0.69471367 -0.15851398
v -0.02888677 -0.69533697 -0.19316072
v -0.07812516 -0.69532890 -0.18046394
v -0.02884239 -0.69523698 -0.19317078
v -0.07812000 -0.69526903 -0.18038169
v 0.09294064 0.38475045 0.24322973
v 0.09292796 0.38463598 0.24332661
v 0.08144239 -0.67376140 0.21450146
v 0.08137287 -0.67381122 0.21463051
v 0.14860511 0.39507261 0.20464454
v 0.14857481 0.39497048 0.20477994
v 0.13211284 -0.67727848 0.18280183
v 0.13207634 -0.67728198 0.18279109
v 0.19080453 0.40486486 0.15371959
v 0.19086206 0.40498259 0.15375142
v 0.17236452 -0.68052810 0.13935735
v 0.17230750 -0.68051071 0.13925467
v 0.21710510 0.41430178 0.09495506
v 0.21705118 0.41422200 0.09493731
v 0.19926321 -0.68347734 0.08756245
v 0.19919087 -0.68357731 0.08753780
v 0.22597037 0.42320993 0.03325595
v 0.22609701 0.42303459 0.03327785
v 0.21143878 -0.68624250 0.03118808
v 0.21132458 -0.68615496 0.03110726
v 0.11507453 0.53999604 -0.01387260
v 0.11525459 0.54013097 -0.01392477
v 0.20836799 -0.68852799 -0.02543502
v 0.20844351 -0.68865761 -0.02536731
v 0.10469375 0.54357686 -0.04343685
v 0.10718100 0.54009614 -0.04453463
v 0.10457096 0.54371472 -0.04347931
v 0.10726306 0.54006682 -0.04458685
v 0.19095527 -0.69066025 -0.07829808
v 0.19082424 -0.69060545 -0.07840423
v 0.08735017 0.54749039 -0.06888365
v 0.08743993 0.54744549 -0.06879635
v 0.16071287 -0.69233712 -0.12399999
v 0.16065334 -0.69235194 -0.12411135
v 0.06466959 0.55128785 -0.08846850
v 0.06463070 0.55135425 -0.08849049
v 0.12025890 -0.69359830 -0.15969097
v 0.12031280 -0.69375013 -0.15957639
v 0.03839427 0.55535050 -0.10136903
v 0.03844297 0.55536481 -0.10146242
v 0.07288322 -0.69472848 -0.18287394
v 0.07295442 -0.69466508 -0.18279343
v 0.01013860 0.55961619 -0.10721249
v 0.01014956 0.55965186 -0.10716100
v 0.02227963 -0.69538460 -0.19269496
v 0.02225007 -0.69535725 -0.19273208
v -0.04520774 0.56393420 -0.09878676
v -0.01801924 0.56393647 -0.10582548
v -0.04515952 0.56396129 -0.09885638
v -0.01814729 0.56393206 -0.10582434
v -0.07058659 0.55958809 -0.08635865
v -0.07068643 0.55954581 -0.08633629
v -0.09255087 0.55550642 -0.06764496
v -0.09249605 0.55534149 -0.06752032
v -0.10923633 0.55138688 -0.04337829
v -0.10928852 0.55136401 -0.04335121
v -0.11940323 0.54746582 -0.01527113
v -0.11952280 0.54730487 -0.01523308
v -0.12510047 0.54003819 0.01558040
v -0.12229516 0.54368417 0.01522435
v -0.12230321 0.54368369 0.01528283
v -0.12509700 0.54014381 0.01546754
v -0.11728513 0.54004307 0.04608212
v -0.11719266 0.54016043 0.04611604
v -0.19120616 0.42315491 0.14124576
v -0.19122266 0.42303437 0.14119679
v -0.15340235 0.41425702 0.19084092
v -0.15356260 0.41431889 0.19092696
v -0.10215680 0.40493692 0.22956878
v -0.10219472 0.40501123 0.22947630
v -0.04047270 0.39496728 0.25352010
v -0.04054114 0.39501418 0.25358525
v 0.02678611 0.38459708 0.26037585
v 0.02690920 0.38473798 0.26029141
v 0.02303658 -0.67371959 0.22952677
v 0.02312703 -0.67388121 0.22962233
v -0.03665614 -0.67733100 0.22651466
v -0.03668895 -0.67731399 0.22644495
v -0.09284725 -0.68050826 0.20797667
v -0.09294094 -0.68050794 0.20782631
v -0.14163566 -0.68355631 0.17559613
v -0.14148629 -0.68358776 0.17553990
v -0.17957848 -0.68619950 0.13228034
v -0.17942699 -0.68613998 0.13233320
v -0.20434416 -0.68862433 0.08132786
v -0.20437201 -0.68860533 0.08139548
v -0.21465381 -0.69059302 0.02649288
v -0.21471126 -0.69064443 0.02662392
v -0.21053304 -0.69239685 -0.02809239
v -0.21048633 -0.69239891 -0.02812406
v -0.19229348 -0.69359735 -0.07868452
v -0.19241002 -0.69372240 -0.07875748
v -0.16215195 -0.69464779 -0.12199939
v -0.16231522 -0.69466807 -0.12195903
v -0.12259715 -0.69534157 -0.15531061
v -0.12260230 -0.69519974 -0.15535343
v -0.03219114 -0.69539289 0.19429095
v -0.12531559 -0.69519565 0.15487805
v -0.08145103 -0.69535629 0.18065741
v 0.01874672 -0.69527477 0.19481338
v -0.16100237 -0.69525321 0.11831027
v -0.18619873 -0.69524044 0.07403868
v 0.06817220 -0.69527161 0.18201371
v 0.11258098 -0.69520658 0.15696918
v -0.19905575 -0.69538808 0.02455644
v 0.14896318 -0.69538136 0.12120570
v -0.19855931 -0.69531580 -0.02634536
v 0.17494038 -0.69522955 0.07713927
v -0.18498498 -0.69532816 -0.07564922
v 0.18850070 -0.69526983 0.02805963
v -0.15904630 -0.69534996 -0.11952574
v -0.12264877 -0.69532586 -0.15525268
v 0.18900449 -0.69536033 -0.02293967
v 0.17626950 -0.69520769 -0.07233493
v -0.07829605 -0.69534432 -0.18043141
v 0.15105774 -0.69527330 -0.11679957
v -0.02883544 -0.69535550 -0.19316027
v 0.02222900 -0.69533266 -0.19275388
v 0.11526383 -0.69532576 -0.15328253
v 0.07136124 -0.69532214 -0.17910206
v 0.07137095 -0.69524060 -0.17918658
v 0.11542142 -0.69519915 -0.15319608
v 0.02228431 -0.69531729 -0.19281450
v 0.15116644 -0.69522663 -0.11673634
v -0.02887134 -0.69525485 -0.19320117
v -0.07811103 -0.69524222 -0.18035232
v 0.17613041 -0.69534089 -0.07238090
v -0.12263480 -0.69522578 -0.15535315
v 0.18889903 -0.69524867 -0.02295859
v 0.18861428 -0.69530330 0.02806563
v -0.15905442 -0.69526097 -0.11961394
v -0.18492924 -0.69527849 -0.07552799
v 0.17481546 -0.69530522 0.07723684
v -0.19848872 -0.69534157 -0.02646088
v 0.14898838 -0.69535350 0.12114762
v -0.19892269 -0.69539209 0.02454051
v 0.11261155 -0.69539073 0.15691249
v -0.18619746 -0.69523655 0.07409494
v 0.06825115 -0.69537700 0.18203164
v 0.01884528 -0.69521709 0.19473669
v -0.16102033 -0.69526605 0.11843145
v -0.12531953 -0.69527266 0.15476237
v -0.03212420 -0.69536173 0.19440142
v -0.08138610 -0.69521744 0.18061840
v 0.09058170 0.39515023 0.23756981
v 0.09066741 0.39512108 0.23750125
v 0.08032886 -0.67739247 0.21205032
v 0.08034114 -0.67730499 0.21202610
v 0.14455729 0.40501583 0.19928000
v 0.14449677 0.40493590 0.19924587
v 0.13044344 -0.68054727 0.18054780
v 0.13050376 -0.68062165 0.18040548
v 0.18509525 0.41427486 0.14929581
v 0.18508970 0.41431870 0.14917756
v 0.16979770 -0.68350333 0.13745874
v 0.16987178 -0.68354741 0.13740916
v 0.20964697 0.42304052 0.09195857
v 0.20982924 0.42320666 0.09196575
v 0.19614705 -0.68626744 0.08607314
v 0.19609868 -0.68626103 0.08625672
v 0.11492305 0.54012760 0.01760233
v 0.11494198 0.54014387 0.01760233
v 0.20790216 -0.68859513 0.03077163
v 0.20785120 -0.68853911 0.03063265
v 0.11235575 0.54371051 -0.01360221
v 0.11517122 0.54017264 -0.01392691
v 0.11244934 0.54368027 -0.01370470
v 0.11513180 0.54017610 -0.01400557
v 0.20473560 -0.69057713 -0.02505507
v 0.20470682 -0.69057367 -0.02488550
v 0.10212103 0.54736955 -0.04244489
v 0.10225997 0.54738713 -0.04261827
v 0.18743639 -0.69226693 -0.07684124
v 0.18735768 -0.69239579 -0.07697818
v 0.08544640 0.55122731 -0.06725584
v 0.08534310 0.55130509 -0.06733467
v 0.15753277 -0.69359906 -0.12177823
v 0.15763095 -0.69362699 -0.12167734
v 0.06336553 0.55543652 -0.08669959
v 0.06331351 0.55540203 -0.08664782
v 0.11776787 -0.69476192 -0.15644040
v 0.11781365 -0.69458221 -0.15638648
v 0.03755239 0.55962427 -0.09968323
v 0.03766426 0.55969766 -0.09970455
v 0.07139636 -0.69538303 -0.17917913
v 0.07135949 -0.69524740 -0.17906034
v 0.00986835 0.56389875 -0.10565830
v 0.00995931 0.56400916 -0.10552391
v -0.04473956 0.56845037 -0.09747694
v -0.01790159 0.56842899 -0.10431785
v -0.04477189 0.56851122 -0.09737653
v -0.01800147 0.56841193 -0.10442961
v -0.06963378 0.56399431 -0.08497158
v -0.06960501 0.56401772 -0.08496227
v -0.09102974 0.55963454 -0.06630831
v -0.09095703 0.55957350 -0.06644962
v -0.10724991 0.55547761 -0.04267876
v -0.10712541 0.55549471 -0.04266482
v -0.11703832 0.55134821 -0.01499057
v -0.11720224 0.55127844 -0.01493073
v -0.11981177 0.54748845 0.01489480
v -0.11972392 0.54747471 0.01487676
v -0.11730279 0.54011977 0.04607521
v -0.11466465 0.54366769 0.04509748
v -0.11454570 0.54373802 0.04499122
v -0.11721966 0.54004557 0.04620004
v -0.10159686 0.54000708 0.07365130
v -0.10166680 0.54017503 0.07370566
v -0.14862248 0.42314797 0.18468219
v -0.14852389 0.42314786 0.18464869
v -0.09931858 0.41434322 0.22272085
v -0.09919725 0.41438117 0.22275193
v -0.03964206 0.40485694 0.24688986
v -0.03960560 0.40490912 0.24692448
v 0.02609566 0.39502742 0.25413047
v 0.02610459 0.39498620 0.25423510
v 0.02285570 -0.67732233 0.22700624
v 0.02284865 -0.67721645 0.22695847
v -0.03621384 -0.68054453 0.22368740
v -0.03623396 -0.68061613 0.22358049
v -0.09168544 -0.68344431 0.20492445
v -0.09159084 -0.68360143 0.20505061
v -0.13960535 -0.68623018 0.17292837
v -0.13957490 -0.68615305 0.17308212
v -0.17664805 -0.68863633 0.13012822
v -0.17662530 -0.68858441 0.13017647
v -0.20100152 -0.69054302 0.08003088
v -0.20088885 -0.69065990 0.07990024
v -0.21098292 -0.69225393 0.02597918
v -0.21087404 -0.69241062 0.02599115
v -0.20649021 -0.69360919 -0.02762867
v -0.20655347 -0.69358404 -0.02751149
v -0.18861919 -0.69473142 -0.07720828
v -0.18873763 -0.69460631 -0.07709548
v -0.15903591 -0.69530598 -0.11946038
v -0.15891675 -0.69536068 -0.11954816
v -0.16105732 -0.69534926 0.11843365
v -0.18999118 -0.69457334 0.07556110
v -0.16440468 -0.69474026 0.12082648
v -0.18610520 -0.69536404 0.07407374
v -0.18620375 -0.69529031 0.07391907
v -0.16106902 -0.69536644 0.11832353
v -0.18998760 -0.69464265 0.07556924
v -0.16426303 -0.69465535 0.12085674
v -0.12526801 -0.69527292 0.15477028
v -0.12783748 -0.69457648 0.15809525
v -0.12536229 -0.69524517 0.15471239
v -0.12790026 -0.69464450 0.15799153
v -0.08130594 -0.69526034 0.18066539
v -0.08293428 -0.69474915 0.18443879
v -0.08126668 -0.69538180 0.18077900
v -0.08289866 -0.69473859 0.18441690
v -0.03276006 -0.69462628 0.19842549
v -0.03221586 -0.69533632 0.19423053
v -0.03220302 -0.69537297 0.19431864
v -0.03280407 -0.69466450 0.19845139
v 0.01939350 -0.69460759 0.19872794
v 0.01887353 -0.69525936 0.19478009
v 0.01874873 -0.69522225 0.19481670
v 0.01925389 -0.69458119 0.19877009
v 0.06971697 -0.69463298 0.18583582
v 0.06831427 -0.69538829 0.18201326
v 0.06827275 -0.69539233 0.18202473
v 0.06966824 -0.69460726 0.18587930
v 0.11505418 -0.69466347 0.16009772
v 0.11253516 -0.69534444 0.15682481
v 0.11255902 -0.69522987 0.15689752
v 0.11517201 -0.69465565 0.16005198
v 0.15225835 -0.69473914 0.12357875
v 0.14896379 -0.69522959 0.12116253
v 0.14902812 -0.69533113 0.12117706
v 0.15220859 -0.69457346 0.12372335
v 0.17861953 -0.69464121 0.07867795
v 0.17481701 -0.69538227 0.07706379
v 0.17499942 -0.69521024 0.07724641
v 0.17869656 -0.69475673 0.07868701
v 0.18861214 -0.69537202 0.02796302
v 0.19249404 -0.69469888 0.02859836
v 0.19263869 -0.69469703 0.02861905
v 0.18855093 -0.69535802 0.02795530
v 0.18908223 -0.69528150 -0.02307556
v 0.19301524 -0.69477153 -0.02353959
v 0.19299493 -0.69463619 -0.02349224
v 0.18906851 -0.69533318 -0.02312369
v 0.17612214 -0.69531006 -0.07232867
v 0.17995794 -0.69462066 -0.07401997
v 0.17993303 -0.69465197 -0.07396561
v 0.17626877 -0.69535885 -0.07240391
v 0.15100437 -0.69520730 -0.11691913
v 0.15430683 -0.69476576 -0.11925022
v 0.15426432 -0.69475447 -0.11926140
v 0.15108058 -0.69523874 -0.11679374
v 0.11541127 -0.69524311 -0.15330067
v 0.11526129 -0.69536764 -0.15317964
v -0.18488660 -0.69537169 -0.07559948
v -0.18490980 -0.69528098 -0.07553298
v -0.19844316 -0.69530686 -0.02639431
v -0.20262939 -0.69472614 -0.02699976
v -0.19862093 -0.69538720 -0.02635725
v -0.20248388 -0.69471612 -0.02703632
v -0.19897754 -0.69522284 0.02466539
v -0.20301102 -0.69463594 0.02516594
v -0.19891874 -0.69532797 0.02453101
v -0.20305338 -0.69462925 0.02502134
v 0.08805010 0.40495110 0.23130889
v 0.08807764 0.40500280 0.23126540
v 0.07932327 -0.68057483 0.20945095
v 0.07938791 -0.68058526 0.20946430
v 0.14023851 0.41429756 0.19343478
v 0.14024598 0.41425008 0.19331810
v 0.12857203 -0.68349269 0.17793752
v 0.12848429 -0.68359462 0.17800102
v 0.17891751 0.42305566 0.14432776
v 0.17876655 0.42319623 0.14439114
v 0.16710301 -0.68621707 0.13525466
v 0.16713400 -0.68626156 0.13526638
v 0.10638883 0.54002289 0.04808474
v 0.10636376 0.54017324 0.04799646
v 0.19287582 -0.68854347 0.08486523
v 0.19300027 -0.68855803 0.08479613
v 0.11201039 0.54362904 0.01720190
v 0.11488650 0.54016653 0.01765087
v 0.11211295 0.54360037 0.01729761
v 0.11487811 0.54017919 0.01756992
v 0.20427260 -0.69053405 0.03026432
v 0.20417362 -0.69066671 0.03019702
v 0.10966438 0.54742534 -0.01332633
v 0.10977180 0.54736829 -0.01332092
v 0.20090894 -0.69242031 -0.02453073
v 0.20085658 -0.69234313 -0.02445941
v 0.09989800 0.55137279 -0.04167903
v 0.10000858 0.55137771 -0.04168760
v 0.18377109 -0.69369941 -0.07546095
v 0.18376417 -0.69370278 -0.07540510
v 0.08371543 0.55535969 -0.06594482
v 0.08361455 0.55537533 -0.06606326
v 0.06224092 0.55957262 -0.08519267
v 0.06223723 0.55967589 -0.08523702
v 0.03694392 0.56396597 -0.09797497
v 0.03704584 0.56398131 -0.09815491
v 0.00978808 0.56854580 -0.10416054
v 0.00982773 0.56842893 -0.10404215
v -0.04416111 0.57311187 -0.09631012
v -0.01771908 0.57306927 -0.10324598
v -0.04428020 0.57308773 -0.09632850
v -0.01768248 0.57306680 -0.10323174
v -0.06873914 0.56845173 -0.08383357
v -0.06884098 0.56852969 -0.08381184
v -0.08971415 0.56402562 -0.06525394
v -0.08967292 0.56392676 -0.06534586
v -0.10541328 0.55967713 -0.04187795
v -0.10541443 0.55963528 -0.04176367
v -0.11491091 0.55534732 -0.01459453
v -0.11499052 0.55545670 -0.01460855
v -0.11740416 0.55138969 0.01468357
v -0.11744461 0.55128670 0.01458423
v -0.11222773 0.54742422 0.04400361
v -0.11225429 0.54749769 0.04418412
v -0.10158899 0.54007910 0.07362716
v -0.09944574 0.54364637 0.07197582
v -0.10176370 0.54008468 0.07366411
v -0.09939591 0.54365613 0.07203328
v -0.07955603 0.54010701 0.09623161
v -0.07954919 0.54005165 0.09623658
v -0.09614229 0.42310854 0.21546025
v -0.09619628 0.42321000 0.21559872
v -0.03845959 0.41432432 0.23971038
v -0.03846080 0.41426497 0.23971345
v 0.02531808 0.40503380 0.24740715
v 0.02523206 0.40500309 0.24750320
v 0.02238469 -0.68051749 0.22414511
v 0.02241666 -0.68058998 0.22406373
v -0.03579403 -0.68345795 0.22055928
v -0.03580342 -0.68345435 0.22045100
v -0.09031009 -0.68617217 0.20197396
v -0.09045869 -0.68621301 0.20198496
v -0.13729614 -0.68858078 0.17017543
v -0.13736000 -0.68863741 0.17024313
v -0.17365960 -0.69072316 0.12788623
v -0.17371424 -0.69067119 0.12785620
v -0.19727403 -0.69230226 0.07846299
v -0.19728599 -0.69230740 0.07846824
v -0.20702718 -0.69377875 0.02560629
v -0.20705607 -0.69359105 0.02553049
v -0.19362927 -0.69367098 0.07704458
v -0.16760242 -0.69365885 0.12319602
v -0.19369916 -0.69370933 0.07697054
v -0.16757872 -0.69366604 0.12337798
v -0.13033599 -0.69376977 0.16118699
v -0.13039745 -0.69358519 0.16124878
v -0.08454539 -0.69371952 0.18805280
v -0.08449143 -0.69371803 0.18806374
v -0.03323062 -0.69360572 0.20233518
v -0.03338709 -0.69368339 0.20240581
v 0.01977494 -0.69370146 0.20273077
v 0.01974772 -0.69362155 0.20285078
v 0.07122043 -0.69372602 0.18949060
v 0.07124759 -0.69359631 0.18959355
v 0.11754362 -0.69363146 0.16330656
v 0.11749405 -0.69375437 0.16329197
v 0.15548530 -0.69358367 0.12602870
v 0.15538162 -0.69369588 0.12619372
v 0.18227339 -0.69376720 0.08024130
v 0.18240182 -0.69377316 0.08034237
v 0.19656200 -0.69360210 0.02910766
v 0.19655534 -0.69368971 0.02907158
v 0.19711821 -0.69368003 -0.02397467
v 0.19707618 -0.69377203 -0.02411376
v 0.08532321 0.41433056 0.22444755
v 0.08536384 0.41422573 0.22434281
v 0.07803196 -0.68360832 0.20640029
v 0.07813618 -0.68346724 0.20648486
v 0.13544953 0.42303170 0.18709138
v 0.13537211 0.42306913 0.18703054
v 0.12642130 -0.68630818 0.17539133
v 0.12642031 -0.68619261 0.17540464
v 0.09039101 0.54008990 0.07530030
v 0.09045651 0.54016304 0.07526252
v 0.16435518 -0.68867697 0.13325016
v 0.16435430 -0.68852754 0.13317931
v 0.10383789 0.54367826 0.04694796
v 0.10643694 0.54007940 0.04818827
v 0.10394140 0.54354954 0.04704339
v 0.10638670 0.53998854 0.04800374
v 0.18943066 -0.69053089 0.08340773
v 0.18947826 -0.69063137 0.08340983
v 0.10939946 0.54747770 0.01697189
v 0.10943975 0.54748016 0.01680281
v 0.20043615 -0.69241052 0.02962503
v 0.20041867 -0.69239211 0.02974782
v 0.10735193 0.55139599 -0.01291499
v 0.10740415 0.55129460 -0.01310086
v 0.09805113 0.55540599 -0.04080301
v 0.09796179 0.55543992 -0.04081108
v 0.08206302 0.55967380 -0.06482867
v 0.08222329 0.55954962 -0.06480684
v 0.06113997 0.56396691 -0.08376088
v 0.06104594 0.56390533 -0.08388624
v 0.03644580 0.56847982 -0.09683302
v 0.03647562 0.56845663 -0.09672685
v 0.00949859 0.57308915 -0.10286799
v 0.00951637 0.57304438 -0.10286555
v -0.04397605 0.57773989 -0.09549784
v -0.01769242 0.57758015 -0.10220232
v -0.04386102 0.57768921 -0.09550904
v -0.01756399 0.57769920 -0.10230897
v -0.06803818 0.57308406 -0.08288115
v -0.06806324 0.57293645 -0.08278832
v -0.08848787 0.56844157 -0.06441404
v -0.08849643 0.56849746 -0.06445953
v -0.10390212 0.56394918 -0.04115924
v -0.10383596 0.56393248 -0.04111991
v -0.11300741 0.55966310 -0.01435097
v -0.11300196 0.55957284 -0.01430107
v -0.11529567 0.55548591 0.01428324
v -0.11517655 0.55547419 0.01434767
v -0.11003902 0.55132106 0.04316173
v -0.10998899 0.55140550 0.04320438
v -0.09739884 0.54749203 0.07031598
v -0.09732081 0.54741371 0.07042564
v -0.07947573 0.54010631 0.09617765
v -0.07787409 0.54359947 0.09396799
v -0.07960221 0.54001890 0.09612333
v -0.07782226 0.54368506 0.09389586
v -0.05222156 0.54006345 0.11220235
v -0.05224851 0.53999411 0.11226816
v -0.03737338 0.42321735 0.23171053
v -0.03743964 0.42316819 0.23170082
v 0.02448121 0.41440614 0.24006888
v 0.02437003 0.41437592 0.24024834
v 0.02209537 -0.68348683 0.22090243
v 0.02199842 -0.68352862 0.22102760
v -0.03539080 -0.68613108 0.21727384
v -0.03534072 -0.68627775 0.21710442
v -0.08900582 -0.68856306 0.19866159
v -0.08890814 -0.68859459 0.19873450
v -0.13510513 -0.69072031 0.16728707
v -0.13510203 -0.69070028 0.16736527
v -0.17062928 -0.69226818 0.12559631
v -0.17065929 -0.69227844 0.12559572
v -0.13275939 -0.69229475 0.16423406
v -0.13276662 -0.69229870 0.16430665
v -0.08600823 -0.69237800 0.19177298
v -0.08610368 -0.69231299 0.19168125
v -0.03379998 -0.69241366 0.20623586
v -0.03383910 -0.69234657 0.20620612
v 0.02032861 -0.69230233 0.20679919
v 0.02033539 -0.69237075 0.20677052
v 0.07266919 -0.69230114 0.19314908
v 0.07281669 -0.69231266 0.19320856
v 0.11992828 -0.69242440 0.16639554
v 0.11994712 -0.69223364 0.16651209
v 0.15845707 -0.69224925 0.12847349
v 0.15855168 -0.69234403 0.12852003
v 0.18600013 -0.69223418 0.08182766
v 0.18589510 -0.69228559 0.08193544
v 0.08245454 0.42314794 0.21715660
v 0.08244313 0.42302003 0.21709982
v 0.07689512 -0.68631147 0.20347621
v 0.07693337 -0.68621764 0.20335881
v 0.06791944 0.54005037 0.09755492
v 0.06794804 0.54006090 0.09756294
v 0.12437820 -0.68856943 0.17244863
v 0.12441765 -0.68850440 0.17256080
v 0.08814080 0.54370099 0.07360831
v 0.09031774 0.54010233 0.07533594
v 0.08823073 0.54367692 0.07354135
v 0.09049538 0.54001006 0.07536102
v 0.16145722 -0.69072111 0.13094183
v 0.16147420 -0.69055635 0.13079950
v 0.10145064 0.54744870 0.04601637
v 0.10152047 0.54742550 0.04599341
v 0.10713130 0.55138237 0.01649823
v 0.10720197 0.55135305 0.01656415
v 0.10523023 0.55550830 -0.01275486
v 0.10527218 0.55536966 -0.01275268
v 0.09617995 0.55965429 -0.04013162
v 0.09622609 0.55968023 -0.04010825
v 0.08086295 0.56396886 -0.06381671
v 0.08072107 0.56401071 -0.06387081
v 0.06025638 0.56844093 -0.08264232
v 0.06027705 0.56851163 -0.08260376
v 0.03602042 0.57302998 -0.09570682
v 0.03584187 0.57294883 -0.09561614
v 0.00945591 0.57761479 -0.10196557
v 0.00940433 0.57766457 -0.10193901
v -0.04361546 0.58241223 -0.09486091
v -0.01747225 0.58235213 -0.10161479
v -0.04355163 0.58227632 -0.09485657
v -0.01754547 0.58226934 -0.10153491
v -0.06751036 0.57757085 -0.08209645
v -0.06743384 0.57764872 -0.08204790
v -0.08746816 0.57305500 -0.06365507
v -0.08754489 0.57303167 -0.06377346
v -0.10254885 0.56836148 -0.04070192
v -0.10248577 0.56839363 -0.04063970
v -0.11131222 0.56396644 -0.01422081
v -0.11133935 0.56392030 -0.01406095
v -0.11329253 0.55967475 0.01403769
v -0.11328706 0.55973476 0.01413905
v -0.10794106 0.55532241 0.04239460
v -0.10800772 0.55546264 0.04246048
v -0.09538754 0.55125014 0.06895262
v -0.09537962 0.55128870 0.06899483
v -0.07615717 0.54746595 0.09191562
v -0.07621182 0.54744259 0.09182485
v -0.05113334 0.54367657 0.10969325
v -0.05239117 0.54011917 0.11223141
v -0.05114770 0.54370588 0.10953646
v -0.05222384 0.53999801 0.11218225
v -0.02190093 0.54008434 0.12075936
v -0.02175098 0.53999459 0.12065625
v 0.02344570 0.42313544 0.23233883
v 0.02341822 0.42306201 0.23235483
v 0.02163266 -0.68619268 0.21770708
v 0.02163811 -0.68616221 0.21767557
v -0.03492572 -0.68860618 0.21375695
v -0.03488762 -0.68862325 0.21368938
v -0.08757602 -0.69063404 0.19538888
v -0.08757890 -0.69058959 0.19525368
v -0.03432680 -0.69053861 0.21008852
v -0.03443718 -0.69063724 0.20999649
v 0.02068174 -0.69062463 0.21051752
v 0.02078552 -0.69065466 0.21043784
v 0.07409977 -0.69068681 0.19678996
v 0.07424201 -0.69058300 0.19680433
v 0.12210498 -0.69064580 0.16952821
v 0.12227142 -0.69066190 0.16945975
v 0.04030654 0.54008294 0.11300597
v 0.04030799 0.54007207 0.11294436
v 0.07548651 -0.68861827 0.20015484
v 0.07544544 -0.68860794 0.20020532
v 0.06616675 0.54358878 0.09519550
v 0.06789159 0.54014315 0.09754252
v 0.06613225 0.54359882 0.09530072
v 0.06791660 0.54013237 0.09751928
v 0.08601769 0.54738324 0.07199083
v 0.08621093 0.54740006 0.07189860
v 0.09918229 0.55136711 0.04499224
v 0.09930542 0.55138507 0.04494029
v 0.10488475 0.55537702 0.01622160
v 0.10488631 0.55538568 0.01621292
v 0.10324749 0.55962943 -0.01245733
v 0.10338379 0.55959988 -0.01251282
v 0.09453110 0.56398067 -0.03939765
v 0.09457047 0.56394286 -0.03941645
v 0.07963249 0.56853563 -0.06305518
v 0.07968284 0.56850885 -0.06288936
v 0.05949109 0.57309074 -0.08175909
v 0.05942334 0.57293884 -0.08170699
v 0.03556420 0.57755919 -0.09474529
v 0.03553717 0.57772408 -0.09474805
v 0.00935199 0.58236842 -0.10138909
v 0.00939034 0.58242095 -0.10142425
v -0.04356746 0.58708181 -0.09440423
v -0.01755857 0.58710872 -0.10125889
v -0.04340558 0.58709578 -0.09446658
v -0.01742358 0.58713280 -0.10110183
v -0.06703667 0.58230900 -0.08162221
v -0.06707254 0.58237181 -0.08168264
v -0.08674464 0.57768655 -0.06321795
v -0.08686961 0.57771280 -0.06305620
v -0.10133841 0.57297153 -0.04013889
v -0.10139060 0.57310751 -0.04006003
v -0.10989040 0.56842983 -0.01400428
v -0.10993465 0.56851802 -0.01396434
v -0.11158654 0.56396199 0.01380095
v -0.11158381 0.56395273 0.01378849
v -0.10610380 0.55964170 0.04162694
v -0.10617793 0.55957859 0.04166836
v -0.09363183 0.55544037 0.06762563
v -0.09371783 0.55549290 0.06759804
v -0.07472612 0.55134710 0.08991288
v -0.07462582 0.55128793 0.09006914
v -0.05014838 0.54738994 0.10730399
v -0.05012884 0.54734415 0.10718991
v -0.02151750 0.54367606 0.11787122
v -0.02175030 0.54006506 0.12062406
v -0.02141850 0.54363640 0.11780764
v -0.02186153 0.54012479 0.12062729
v 0.00974637 0.54009746 0.12097075
v 0.00976086 0.54011370 0.12089996
v 0.02112975 -0.68853463 0.21413355
v 0.02111683 -0.68853868 0.21413602
v 0.03935386 0.54354983 0.11048980
v 0.04032256 0.54005061 0.11305738
v 0.03933297 0.54373584 0.11044976
v 0.04026743 0.54009509 0.11299730
v 0.06461265 0.54732376 0.09306142
v 0.06458518 0.54740912 0.09304832
v 0.08420155 0.55135196 0.07040923
v 0.08428477 0.55135257 0.07049188
v 0.09711950 0.55547223 0.04408310
v 0.09727768 0.55539096 0.04417641
v 0.10308160 0.55966330 0.01594610
v 0.10306892 0.55970892 0.01590841
v 0.10164071 0.56398271 -0.01221825
v 0.10159401 0.56398530 -0.01232741
v 0.09317927 0.56849844 -0.03898203
v 0.09315381 0.56837381 -0.03893081
v 0.07872296 0.57296254 -0.06231380
v 0.07867851 0.57310321 -0.06217211
v 0.05886674 0.57759715 -0.08104880
v 0.05887481 0.57764224 -0.08110758
v 0.03522278 0.58228068 -0.09424876
v 0.03530656 0.58240652 -0.09414817
v 0.00940488 0.58712083 -0.10090199
v 0.00923470 0.58698225 -0.10089595
v -0.04346506 0.59181421 -0.09437458
v -0.01756108 0.59177086 -0.10108603
v -0.04350374 0.59177037 -0.09443733
v -0.01757243 0.59179011 -0.10109271
v -0.06675759 0.58712139 -0.08126308
v -0.06685621 0.58710084 -0.08136579
v -0.08629854 0.58242557 -0.06265498
v -0.08636244 0.58242232 -0.06277314
v -0.10051493 0.57774140 -0.03982292
v -0.10052285 0.57764804 -0.03976606
v -0.10876590 0.57299815 -0.01381961
v -0.10864948 0.57296027 -0.01380319
v -0.11020125 0.56853620 0.01370655
v -0.11021868 0.56851720 0.01360543
v -0.10456394 0.56408837 0.04105712
v -0.10452633 0.56399980 0.04098670
v -0.09215994 0.55958549 0.06645323
v -0.09208544 0.55964251 0.06651758
v -0.07339881 0.55531889 0.08831940
v -0.07333079 0.55538762 0.08836079
v -0.04918131 0.55133804 0.10496691
v -0.04928664 0.55125030 0.10494433
v -0.02118225 0.54733675 0.11533982
v -0.02115318 0.54740261 0.11532838
v 0.00937328 0.54372969 0.11822881
v 0.00969678 0.54012985 0.12095048
v 0.00938494 0.54373757 0.11816312
v 0.00972991 0.54005378 0.12091254
v 0.03831434 0.54744719 0.10804474
v 0.03829760 0.54748767 0.10795852
v 0.06319583 0.55132664 0.09114937
v 0.06316676 0.55122391 0.09118651
v 0.08247300 0.55535263 0.06917556
v 0.08250007 0.55539533 0.06915060
v 0.09540065 0.55964644 0.04350171
v 0.09544504 0.55971935 0.04335114
v 0.10131719 0.56392720 0.01569071
v 0.10135484 0.56400292 0.01569917
v 0.10015622 0.56842393 -0.01206622
v 0.10010023 0.56852871 -0.01202326
v 0.09203914 0.57292905 -0.03840950
v 0.09213378 0.57309810 -0.03844769
v 0.07794770 0.57772495 -0.06163559
v 0.07792733 0.57764761 -0.06169315
v 0.05854239 0.58230145 -0.08043673
v 0.05842374 0.58240361 -0.08057975
v 0.03512761 0.58713957 -0.09383625
v 0.03511048 0.58707093 -0.09380729
v 0.00936924 0.59180433 -0.10091482
v 0.00922155 0.59182956 -0.10091214
v -0.04350409 0.66908127 -0.09428766
v -0.01757710 0.66905176 -0.10103898
v -0.04338181 0.66909281 -0.09430844
v -0.01746941 0.66904874 -0.10100586
v -0.06671484 0.59183027 -0.08106815
v -0.06678799 0.59173625 -0.08110022
v -0.08591238 0.58703115 -0.06245811
v -0.08586886 0.58704045 -0.06237351
v -0.09988132 0.58241094 -0.03961386
v -0.09989389 0.58232198 -0.03954320
v -0.10770739 0.57769607 -0.01373197
v -0.10782995 0.57767935 -0.01357607
v -0.10906000 0.57307911 0.01364503
v -0.10892043 0.57308140 0.01351287
v -0.10321837 0.56850524 0.04042947
v -0.10314090 0.56838924 0.04050269
v -0.09077060 0.56391323 0.06532701
v -0.09067963 0.56403431 0.06549800
v -0.07218905 0.55964636 0.08676546
v -0.07225151 0.55965474 0.08669631
v -0.04845639 0.55550223 0.10307660
v -0.04835396 0.55544206 0.10304252
v -0.02065610 0.55129713 0.11285548
v -0.02080541 0.55139785 0.11286916
v 0.00912934 0.54735243 0.11550374
v 0.00919145 0.54734951 0.11555747
v 0.03749217 0.55127829 0.10571103
v 0.03744800 0.55135148 0.10566411
v 0.06191631 0.55536926 0.08944329
v 0.06177279 0.55540396 0.08939205
v 0.08088743 0.55966799 0.06800480
v 0.08093182 0.55971722 0.06789609
v 0.09385695 0.56409354 0.04271099
v 0.09379584 0.56391185 0.04278186
v 0.09998367 0.56850244 0.01563303
v 0.09984010 0.56843859 0.01549317
v 0.09903613 0.57308546 -0.01203458
v 0.09901395 0.57306381 -0.01190760
v 0.09117405 0.57765107 -0.03812847
v 0.09119597 0.57772187 -0.03810498
v 0.07744365 0.58226893 -0.06130273
v 0.07740605 0.58239588 -0.06127476
v 0.05833528 0.58699736 -0.08012028
v 0.05835514 0.58705219 -0.08027052
v 0.03506640 0.59182382 -0.09361899
v 0.03512880 0.59181080 -0.09371135
v 0.00920085 0.66917161 -0.10082771
v 0.00933268 0.66910176 -0.10077254
v -0.08700897 0.66902379 0.06259928
v -0.03998174 0.66902588 0.08317008
v -0.06813614 0.66901582 0.08169251
v -0.06010574 0.66920293 0.07144410
v -0.10021008 0.66908753 0.03928360
v -0.07651515 0.66904309 0.05465634
v -0.08814384 0.66909187 0.03427853
v -0.10690791 0.66901315 0.01329941
v -0.09384044 0.66916688 0.01171584
v -0.10658236 0.66917613 -0.01351928
v -0.09376114 0.66904246 -0.01173473
v -0.09937263 0.66912595 -0.03930078
v -0.08751502 0.66911745 -0.03423942
v -0.07567067 0.66915683 -0.05427106
v -0.08576672 0.66903290 -0.06240564
v -0.05885541 0.66905336 -0.07077101
v -0.06666920 0.66918013 -0.08109783
v -0.03862995 0.66920067 -0.08226439
v -0.04342870 0.66901639 -0.09432468
v -0.01584529 0.66911531 -0.08810690
v -0.01756148 0.66903380 -0.10114952
v 0.00742263 0.66906998 -0.08791117
v 0.03001567 0.66917015 -0.08164106
v 0.00925138 0.66904496 -0.10080447
v 0.05823064 0.66905486 -0.07998685
v 0.03512721 0.66920069 -0.09371286
v -0.01934144 0.66911159 0.10236501
v -0.04504080 0.66912509 0.09518018
v 0.00760660 0.66920591 0.10269262
v -0.01747481 0.66903886 0.08956514
v 0.03352188 0.66910038 0.09597410
v 0.00589892 0.66904441 0.08973420
v 0.02854614 0.66906902 0.08394892
v 0.05667145 0.66920885 0.08270191
v 0.04884287 0.66909001 0.07228506
v 0.07588163 0.66920787 0.06390958
v 0.06555790 0.66905858 0.05586873
v 0.08942557 0.66911410 0.04083945
v 0.07741457 0.66908685 0.03569912
v 0.08380014 0.66920610 0.01323971
v 0.09663884 0.66917537 0.01503740
v 0.08389492 0.66903128 -0.01003885
v 0.09686124 0.66903089 -0.01179696
v 0.07811714 0.66920097 -0.03271103
v 0.09011675 0.66918164 -0.03774150
v 0.06649314 0.66913923 -0.05309457
v 0.07702781 0.66917733 -0.06095460
v 0.05012573 0.66914462 -0.06988456
v 0.05822975 0.66906805 -0.08001490
v 0.02998930 0.66902311 -0.08174904
v 0.07700675 0.66901390 -0.06101349
v 0.05007321 0.66910874 -0.06972295
v 0.06656890 0.66908387 -0.05303879
v 0.09011029 0.66904390 -0.03771557
v 0.07800069 0.66910709 -0.03274501
v 0.09686229 0.66910801 -0.01172522
v 0.08385757 0.66919945 -0.01017401
v 0.09661777 0.66901291 0.01502906
v 0.08381048 0.66907716 0.01333132
v 0.08937448 0.66918171 0.04095332
v 0.07743125 0.66905344 0.03571263
v 0.06559652 0.66902998 0.05585264
v 0.07585368 0.66905021 0.06397663
v 0.04900628 0.66907724 0.07228594
v 0.05671165 0.66915439 0.08274140
v 0.02862995 0.66902555 0.08377885
v 0.03340987 0.66901465 0.09587241
v 0.00599551 0.66904999 0.08963069
v -0.01747842 0.66910313 0.08947410
v 0.00742783 0.66907533 0.10258299
v -0.03998586 0.66919050 0.08335069
v -0.06816524 0.66904906 0.08158547
v -0.01934641 0.66910732 0.10237955
v -0.04499952 0.66906379 0.09521384
v 0.03511574 0.66902142 -0.09363530
v 0.00936065 0.66918387 -0.10083591
v -0.01754884 0.66918803 -0.10106051
v 0.00743937 0.66911767 -0.08784996
v -0.01592298 0.66908765 -0.08816310
v -0.04343914 0.66905260 -0.09438838
v -0.03856294 0.66915662 -0.08235001
v -0.06672041 0.66907091 -0.08110906
v -0.05884501 0.66915653 -0.07073616
v -0.08589523 0.66912136 -0.06241302
v -0.07555668 0.66906294 -0.05432085
v -0.09944359 0.66902811 -0.03939845
v -0.08741614 0.66905714 -0.03416812
v -0.09372605 0.66910628 -0.01161724
v -0.10665359 0.66907872 -0.01353292
v -0.09396181 0.66917364 0.01165679
v -0.10679586 0.66912542 0.01324113
v -0.08809469 0.66920787 0.03428195
v -0.10022149 0.66918236 0.03931906
v -0.07657710 0.66902726 0.05461391
v -0.06023153 0.66919641 0.07147520
v -0.08688078 0.66907937 0.06260352
v -0.06678638 0.66903310 -0.08123023
v -0.06677634 0.66914726 -0.08113073
v -0.08582131 0.59171396 -0.06245071
v -0.08592480 0.59171014 -0.06241848
v -0.09959662 0.58700712 -0.03935113
v -0.09951711 0.58712837 -0.03927612
v -0.10716691 0.58235868 -0.01351851
v -0.10714429 0.58239058 -0.01346911
v -0.10794232 0.57768310 0.01344315
v -0.10809774 0.57771927 0.01343772
v -0.10212733 0.57292649 0.03996039
v -0.10205218 0.57310607 0.03998028
v -0.08952341 0.56839148 0.06462892
v -0.08965634 0.56846933 0.06462010
v -0.07102792 0.56394426 0.08542580
v -0.07110569 0.56402888 0.08543207
v -0.04771785 0.55969257 0.10127243
v -0.04762223 0.55958974 0.10123515
v -0.02042647 0.55533830 0.11069658
v -0.02038898 0.55549877 0.11077948
v 0.00871918 0.55124847 0.11323668
v 0.00874650 0.55131805 0.11315356
v 0.03652483 0.55532962 0.10381091
v 0.03665778 0.55540400 0.10375129
v 0.06063898 0.55972998 0.08788060
v 0.06071503 0.55958005 0.08781954
v 0.07967476 0.56391600 0.06682871
v 0.07968023 0.56406457 0.06683870
v 0.09255215 0.56851920 0.04220566
v 0.09244999 0.56850177 0.04211972
v 0.09880422 0.57308001 0.01543891
v 0.09874111 0.57310836 0.01528809
v 0.09807578 0.57763300 -0.01186749
v 0.09810064 0.57771322 -0.01193946
v 0.09061184 0.58237095 -0.03794326
v 0.09060309 0.58240585 -0.03781367
v 0.07702356 0.58715570 -0.06101629
v 0.07710708 0.58710423 -0.06097734
v 0.05816895 0.59175105 -0.08005834
v 0.05827024 0.59184414 -0.08009054
v 0.03519435 0.66901895 -0.09365993
v 0.03505995 0.66916762 -0.09358328
v 0.07585553 0.66902050 0.06401765
v 0.08948017 0.59184809 0.04089332
v 0.07593749 0.59186160 0.06404290
v 0.08946787 0.66917649 0.04082389
v 0.08946183 0.66902235 0.04086608
v 0.07581663 0.66907620 0.06387292
v 0.08941082 0.59188907 0.04084601
v 0.07585638 0.59184487 0.06387748
v 0.05674699 0.66906918 0.08277771
v 0.05668207 0.59176686 0.08273513
v 0.05666735 0.66905555 0.08270717
v 0.05674752 0.59190061 0.08271546
v 0.03350549 0.66915174 0.09587710
v 0.03349417 0.59181803 0.09598429
v 0.03349347 0.66914585 0.09587268
v 0.03334939 0.59185207 0.09592099
v 0.00753654 0.66912939 0.10271828
v 0.00745937 0.59176520 0.10254998
v 0.00750790 0.59187226 0.10264493
v 0.00758401 0.66906050 0.10255051
v -0.01937366 0.59184600 0.10249401
v -0.01924269 0.66920751 0.10247579
v -0.01926163 0.66918214 0.10243818
v -0.01935130 0.59171122 0.10234746
v -0.04512757 0.59189495 0.09530151
v -0.04514909 0.66917868 0.09522136
v -0.04501489 0.66910790 0.09523325
v -0.04514636 0.59188234 0.09517988
v -0.06825828 0.59185046 0.08173486
v -0.06812220 0.66905841 0.08171715
v -0.06825055 0.66916048 0.08171699
v -0.06815737 0.59188382 0.08159796
v -0.08696497 0.66903663 0.06254850
v -0.08701123 0.59172451 0.06248278
v -0.08701406 0.59180082 0.06255357
v -0.08685978 0.66906133 0.06254377
v -0.10012166 0.59179505 0.03932984
v -0.10016500 0.66906692 0.03916311
v -0.10019364 0.66907822 0.03928064
v -0.10014234 0.59188393 0.03928163
v -0.10691773 0.66920161 0.01339279
v -0.10682280 0.59174383 0.01338535
v -0.10677345 0.66918176 0.01326679
v -0.10685542 0.59184959 0.01320118
v -0.10659195 0.66907907 -0.01343898
v -0.10652593 0.59178468 -0.01346821
v -0.10661504 0.66905720 -0.01352295
v -0.10654990 0.59184360 -0.01351710
v -0.09949107 0.66902105 -0.03926001
v -0.09949782 0.59188254 -0.03921226
v -0.09953064 0.66909818 -0.03934032
v -0.09939439 0.59188158 -0.03929597
v -0.08593676 0.66903190 -0.06229253
v -0.08587964 0.66903557 -0.06232195
v 0.05820630 0.66919364 -0.08016943
v 0.05812231 0.66902704 -0.08013738
v 0.07693789 0.59188921 -0.06102707
v 0.07700349 0.66911317 -0.06103904
v 0.07694074 0.59186867 -0.06105459
v 0.07705289 0.66910778 -0.06098731
v 0.09016202 0.59176054 -0.03762477
v 0.09020350 0.66905589 -0.03758163
v 0.09023418 0.59190289 -0.03767934
v 0.09014676 0.66916285 -0.03755605
v 0.09692353 0.66915003 -0.01176032
v 0.09694126 0.59180397 -0.01180180
v 0.09678460 0.66903105 -0.01161676
v 0.09688558 0.59174619 -0.01173634
v 0.09654358 0.66918722 0.01509785
v 0.09662130 0.59186486 0.01514243
v 0.09662543 0.66914785 0.01512494
v 0.09663264 0.59183514 0.01516503
v -0.10672865 0.58715428 -0.01348244
v -0.10681596 0.58711671 -0.01354775
v -0.10737187 0.58226537 0.01345275
v -0.10738660 0.58237078 0.01342698
v -0.10122194 0.57765318 0.03971505
v -0.10127594 0.57757715 0.03959523
v -0.08862274 0.57297603 0.06389183
v -0.08873074 0.57298208 0.06385089
v -0.07029236 0.56852446 0.08426580
v -0.07012561 0.56840409 0.08426009
v -0.04693018 0.56404494 0.09956495
v -0.04703584 0.56398255 0.09970478
v -0.02026970 0.55961099 0.10889386
v -0.02008671 0.55961680 0.10882110
v 0.00846118 0.55533342 0.11097865
v 0.00853403 0.55536413 0.11094958
v 0.03578676 0.55963215 0.10200038
v 0.03585993 0.55958887 0.10192642
v 0.05970172 0.56401376 0.08652447
v 0.05960024 0.56393366 0.08649266
v 0.07849469 0.56843295 0.06601497
v 0.07858835 0.56853199 0.06596570
v 0.09144081 0.57301012 0.04178642
v 0.09149859 0.57301524 0.04169510
v 0.09773811 0.57755417 0.01521839
v 0.09785407 0.57770407 0.01532089
v 0.09739165 0.58232757 -0.01181307
v 0.09733796 0.58233024 -0.01179621
v 0.09021425 0.58699898 -0.03776311
v 0.09035462 0.58715303 -0.03772298
v 0.08962086 0.58711320 0.04093648
v 0.07603965 0.58700347 0.06400587
v 0.08953549 0.58708891 0.04086283
v 0.07594970 0.58713935 0.06396179
v 0.05684186 0.58709685 0.08278435
v 0.05680483 0.58713603 0.08293664
v 0.03346508 0.58707907 0.09606553
v 0.03346041 0.58698987 0.09595971
v 0.00761565 0.58713364 0.10268208
v 0.00752819 0.58697515 0.10267735
v -0.01925024 0.58699604 0.10262279
v -0.01921975 0.58701505 0.10253839
v -0.04506489 0.58704634 0.09527440
v -0.04506225 0.58714833 0.09546880
v -0.06825712 0.58703493 0.08171940
v -0.06826039 0.58714853 0.08184762
v -0.08704553 0.58703407 0.06257861
v -0.08702939 0.58712173 0.06252770
v -0.10022492 0.58698318 0.03930878
v -0.10032687 0.58712259 0.03934155
v -0.10693687 0.58716341 0.01334596
v -0.10705806 0.58708560 0.01323641
v 0.09703491 0.58700622 -0.01182215
v 0.09699558 0.58712596 -0.01173229
v 0.09680735 0.58701093 0.01510395
v 0.09682402 0.58710867 0.01502443
v -0.10062421 0.58224762 0.03952288
v -0.10064514 0.58238835 0.03946478
v -0.08785995 0.57759001 0.06320638
v -0.08782243 0.57763261 0.06336039
v -0.06951917 0.57300457 0.08331290
v -0.06939097 0.57297315 0.08330869
v -0.04636060 0.56847746 0.09828294
v -0.04630388 0.56850047 0.09837055
v -0.01992505 0.56406827 0.10720741
v -0.01987679 0.56405703 0.10711023
v 0.00833691 0.55960210 0.10910785
v 0.00838443 0.55955608 0.10906720
v 0.03519010 0.56391791 0.10027913
v 0.03523509 0.56406298 0.10032369
v 0.05866946 0.56836149 0.08539574
v 0.05884173 0.56854707 0.08533718
v 0.07752233 0.57309802 0.06529420
v 0.07754242 0.57309584 0.06529020
v 0.09060636 0.57771658 0.04129932
v 0.09062804 0.57767113 0.04136623
v 0.09720197 0.58230276 0.01520934
v 0.09716179 0.58230970 0.01509054
v 0.08999566 0.58227954 0.04112794
v 0.07638093 0.58230116 0.06431501
v 0.08992363 0.58243480 0.04118289
v 0.07622412 0.58236938 0.06438832
v 0.05703737 0.58231477 0.08324737
v 0.05707672 0.58226647 0.08318808
v 0.03369727 0.58224313 0.09642603
v 0.03372368 0.58236516 0.09639849
v 0.00764704 0.58236115 0.10317629
v 0.00756898 0.58225802 0.10312395
v -0.01935188 0.58235614 0.10288428
v -0.01925245 0.58225884 0.10288719
v -0.04536214 0.58240008 0.09581347
v -0.04523291 0.58239787 0.09571354
v -0.06845311 0.58227391 0.08200843
v -0.06842966 0.58226665 0.08212122
v -0.08730466 0.58239438 0.06285085
v -0.08741138 0.58241391 0.06296177
v -0.06895844 0.57773141 0.08250238
v -0.06881469 0.57759675 0.08268939
v -0.04601765 0.57300517 0.09731290
v -0.04601613 0.57309748 0.09714165
v -0.01978559 0.56852596 0.10568366
v -0.01964553 0.56850274 0.10576301
v 0.00806747 0.56391462 0.10731162
v 0.00814915 0.56408020 0.10729954
v 0.03463345 0.56845041 0.09902942
v 0.03465525 0.56845350 0.09907581
v 0.05811323 0.57308505 0.08452307
v 0.05814191 0.57305330 0.08449756
v 0.07691573 0.57769884 0.06467511
v 0.07687564 0.57772882 0.06476087
v 0.05745771 0.57772308 0.08371115
v 0.05758580 0.57771344 0.08361614
v 0.03399619 0.57763687 0.09708637
v 0.03393304 0.57755728 0.09701946
v 0.00770369 0.57757590 0.10386445
v 0.00764431 0.57767573 0.10390070
v -0.01944267 0.57762930 0.10351684
v -0.01951172 0.57774905 0.10351227
v -0.04559355 0.57767699 0.09631479
v -0.04550106 0.57759803 0.09626160
v -0.01965553 0.57299812 0.10443603
v -0.01947708 0.57305566 0.10453180
v 0.00793405 0.56855050 0.10600807
v 0.00796977 0.56855074 0.10592774
v 0.03425888 0.57294639 0.09790089
v 0.03426095 0.57304308 0.09791117
v 0.00782165 0.57292160 0.10483544
v 0.00785198 0.57303999 0.10470674
vt -1.102379 2.017516
vt -1.25476 2.001822
vt -1.102627 2.001822
vt -1.255008 2.017516
vt -1.973926 1.865221
vt -2.126307 1.849527
vt -1.974174 1.849527
vt -2.126555 1.865221
vt -1.10216 1.864089
vt -1.255008 1.848376
vt -1.102379 1.848376
vt -1.255226 1.864089
vt -0.1505062 2.083808
vt -0.3028872 2.068114
vt -0.1507536 2.068114
vt -0.3031347 2.083808
vt -1.102627 2.170157
vt -1.254484 2.154483
vt -1.102903 2.154483
vt -1.25476 2.170157
vt -2.858381 1.637302
vt -2.706 1.621608
vt -2.705753 1.637302
vt -2.858134 1.621608
vt -1.973707 1.729601
vt -2.126555 1.713888
vt -1.973926 1.713888
vt -2.126773 1.729601
vt -1.974174 2.000104
vt -2.126031 1.98443
vt -1.97445 1.98443
vt -2.126307 2.000104
vt -1.10197 1.709927
vt -1.255226 1.694198
vt -1.10216 1.694198
vt -1.255416 1.709927
vt -0.1502873 1.92263
vt -0.3031347 1.906917
vt -0.1505062 1.906917
vt -0.3033535 1.92263
vt 0.8168243 2.05958
vt 0.6644432 2.043885
vt 0.8165768 2.043885
vt 0.6641957 2.05958
vt -0.1507536 2.244179
vt -0.3026112 2.228505
vt -0.1510296 2.228505
vt -0.3028872 2.244179
vt -1.102903 2.321958
vt -1.25418 2.306307
vt -1.103207 2.306307
vt -1.254484 2.321958
vt -3.400614 1.349291
vt -3.248233 1.333597
vt -3.247986 1.349291
vt -3.400367 1.333597
vt -2.8586 1.528331
vt -2.705753 1.512618
vt -2.705534 1.528331
vt -2.858381 1.512618
vt -2.858134 1.745608
vt -2.706276 1.729935
vt -2.706 1.745608
vt -2.857858 1.729935
vt -1.973517 1.593288
vt -2.126773 1.577558
vt -1.973707 1.577558
vt -2.126963 1.593288
vt -1.97445 2.134201
vt -2.125727 2.118551
vt -1.974754 2.118551
vt -2.126031 2.134201
vt -1.101809 1.555078
vt -1.255416 1.539335
vt -1.10197 1.539335
vt -1.255577 1.555078
vt -0.1500974 1.760699
vt -0.3033535 1.744969
vt -0.1502873 1.744969
vt -0.3035435 1.760699
vt 0.8170431 1.901235
vt 0.6641957 1.885522
vt 0.8168243 1.885522
vt 0.6639769 1.901235
vt 1.73369 1.946482
vt 1.581309 1.930788
vt 1.733443 1.930788
vt 1.581062 1.946482
vt 0.8165768 2.217125
vt 0.6647192 2.201452
vt 0.8163008 2.201452
vt 0.6644432 2.217125
vt -0.1510296 2.403686
vt -0.302307 2.388035
vt -0.1513339 2.388035
vt -0.3026112 2.403686
vt -1.103207 2.472862
vt -1.253848 2.457236
vt -1.103539 2.457236
vt -1.25418 2.472862
vt -3.716302 1.020816
vt -3.563921 1.005122
vt -3.563673 1.020816
vt -3.716054 1.005122
vt -3.400833 1.273995
vt -3.247986 1.258282
vt -3.247767 1.273995
vt -3.400614 1.258282
vt -3.400367 1.424014
vt -3.248509 1.40834
vt -3.248233 1.424014
vt -3.400091 1.40834
vt -2.85879 1.41873
vt -2.705534 1.403
vt -2.705344 1.41873
vt -2.8586 1.403
vt -2.857858 1.853212
vt -2.70658 1.837561
vt -2.706276 1.853212
vt -2.857553 1.837561
vt -1.973356 1.456324
vt -2.126963 1.44058
vt -1.973517 1.44058
vt -2.127124 1.456324
vt -1.974754 2.267464
vt -2.125395 2.251839
vt -1.975086 2.251839
vt -2.125727 2.267464
vt -1.101677 1.399589
vt -1.255577 1.383833
vt -1.101809 1.383833
vt -1.255709 1.399589
vt -0.1499364 1.598065
vt -0.3035435 1.582321
vt -0.1500974 1.582321
vt -0.3037045 1.598065
vt 0.817233 1.742142
vt 0.6639769 1.726413
vt 0.8170431 1.726413
vt 0.6637869 1.742142
vt 1.733909 1.80136
vt 1.581062 1.785647
vt 1.73369 1.785647
vt 1.580843 1.80136
vt 2.537609 1.752222
vt 2.385228 1.736528
vt 2.537361 1.736528
vt 2.38498 1.752222
vt 1.733443 2.09084
vt 1.581585 2.075166
vt 1.733167 2.075166
vt 1.581309 2.09084
vt 0.8163008 2.373816
vt 0.6650235 2.358165
vt 0.8159965 2.358165
vt 0.6647192 2.373816
vt -0.1513339 2.562269
vt -0.3019746 2.546643
vt -0.1516662 2.546643
vt -0.302307 2.562269
vt -1.103539 2.582254
vt -1.253042 2.546672
vt -1.104345 2.546672
vt -1.253848 2.582254
vt -3.78393 0.6742613
vt -3.631549 0.658567
vt -3.631302 0.6742613
vt -3.783683 0.658567
vt -3.716521 0.9839261
vt -3.563673 0.9682132
vt -3.563455 0.9839261
vt -3.716302 0.9682132
vt -3.716054 1.057237
vt -3.564197 1.041563
vt -3.563921 1.057237
vt -3.715778 1.041563
vt -3.401023 1.198148
vt -3.247767 1.182419
vt -3.247577 1.198148
vt -3.400833 1.182419
vt -3.400091 1.498138
vt -3.248814 1.482488
vt -3.248509 1.498138
vt -3.399787 1.482488
vt -2.858951 1.308531
vt -2.705344 1.292788
vt -2.705183 1.308531
vt -2.85879 1.292788
vt -2.857553 1.960073
vt -2.706913 1.944448
vt -2.70658 1.960073
vt -2.857221 1.944448
vt -1.973224 1.318749
vt -2.127124 1.302994
vt -1.973356 1.302994
vt -2.127256 1.318749
vt -1.975086 2.363592
vt -2.124589 2.32801
vt -1.975892 2.32801
vt -2.125395 2.363592
vt -1.101575 1.243503
vt -1.255709 1.227739
vt -1.101677 1.227739
vt -1.255812 1.243503
vt -0.1498045 1.434777
vt -0.3037045 1.419022
vt -0.1499364 1.419022
vt -0.3038364 1.434777
vt 0.817394 1.582354
vt 0.6637869 1.56661
vt 0.817233 1.56661
vt 0.6636259 1.582354
vt 1.734099 1.655523
vt 1.580843 1.639794
vt 1.733909 1.639794
vt 1.580653 1.655523
vt 2.537827 1.629814
vt 2.38498 1.614101
vt 2.537609 1.614101
vt 2.384761 1.629814
vt 3.173546 1.474344
vt 3.021165 1.490039
vt 3.021413 1.474344
vt 3.173794 1.490039
vt 2.537361 1.873928
vt 2.385504 1.858255
vt 2.537085 1.858255
vt 2.385228 1.873928
vt 1.733167 2.234383
vt 1.581889 2.218733
vt 1.732862 2.218733
vt 1.581585 2.234383
vt 0.8159965 2.529592
vt 0.6653558 2.513967
vt 0.8156642 2.513967
vt 0.6650235 2.529592
vt -0.1516662 2.677435
vt -0.301169 2.641853
vt -0.1524719 2.641853
vt -0.3019746 2.677435
vt -1.104345 2.630682
vt -1.252204 2.595132
vt -1.105183 2.595132
vt -1.253042 2.630682
vt -3.446263 0.3332443
vt -3.598644 0.3175501
vt -3.44651 0.3175501
vt -3.598891 0.3332443
vt -3.784149 0.6778916
vt -3.631302 0.6621787
vt -3.631083 0.6778916
vt -3.78393 0.6621787
vt -3.783683 0.6702721
vt -3.631825 0.6545986
vt -3.631549 0.6702721
vt -3.783407 0.6545986
vt -3.716711 0.9465764
vt -3.563455 0.9308472
vt -3.563265 0.9465764
vt -3.716521 0.9308472
vt -3.715778 1.093178
vt -3.564501 1.077527
vt -3.564197 1.093178
vt -3.715474 1.077527
vt -3.401184 1.121773
vt -3.247577 1.106029
vt -3.247416 1.121773
vt -3.401023 1.106029
vt -3.399787 1.571638
vt -3.249146 1.556012
vt -3.248814 1.571638
vt -3.399454 1.556012
vt -2.859083 1.197768
vt -2.705183 1.182012
vt -2.705051 1.197768
vt -2.858951 1.182012
vt -2.857221 2.036349
vt -2.707718 2.000767
vt -2.706913 2.036349
vt -2.856415 2.000767
vt -1.973122 1.180603
vt -2.127256 1.164838
vt -1.973224 1.164838
vt -2.127359 1.180603
vt -1.975892 2.403095
vt -2.123751 2.367545
vt -1.97673 2.367545
vt -2.124589 2.403095
vt -1.101501 1.086865
vt -1.255812 1.071093
vt -1.101575 1.071093
vt -1.255885 1.086865
vt -0.1497018 1.270883
vt -0.3038364 1.255118
vt -0.1498045 1.255118
vt -0.303939 1.270883
vt 0.8175259 1.421916
vt 0.6636259 1.406161
vt 0.817394 1.406161
vt 0.6634941 1.421916
vt 1.73426 1.509016
vt 1.580653 1.493273
vt 1.734099 1.493273
vt 1.580492 1.509016
vt 2.538017 1.506744
vt 2.384761 1.491015
vt 2.537827 1.491015
vt 2.384571 1.506744
vt 3.173794 1.382573
vt 3.020947 1.398286
vt 3.021165 1.382573
vt 3.174013 1.398286
vt 3.598644 1.162105
vt 3.446263 1.177799
vt 3.44651 1.162105
vt 3.598891 1.177799
vt 3.17327 1.565499
vt 3.021413 1.581173
vt 3.021689 1.565499
vt 3.173546 1.581173
vt 2.536781 1.97924
vt 2.385504 1.99489
vt 2.385808 1.97924
vt 2.537085 1.99489
vt 1.732862 2.377059
vt 1.582222 2.361433
vt 1.73253 2.361433
vt 1.581889 2.377059
vt 0.8156642 2.642648
vt 0.6661614 2.607066
vt 0.8148585 2.607066
vt 0.6653558 2.642648
vt -0.1524719 2.729747
vt -0.3003312 2.694198
vt -0.1533096 2.694198
vt -0.301169 2.729747
vt -1.105183 2.678873
vt -1.251334 2.643357
vt -1.106052 2.643357
vt -1.252204 2.678873
vt -3.021165 0.02100488
vt -3.173546 0.005310614
vt -3.021413 0.005310614
vt -3.173794 0.02100488
vt -3.446044 0.3767473
vt -3.598891 0.3610344
vt -3.446263 0.3610344
vt -3.59911 0.3767473
vt -3.44651 0.2894909
vt -3.598368 0.2738174
vt -3.446786 0.2738174
vt -3.598644 0.2894909
vt -3.784339 0.6811579
vt -3.631083 0.6654286
vt -3.630893 0.6811579
vt -3.784149 0.6654286
vt -3.783407 0.6659286
vt -3.63213 0.6502781
vt -3.631825 0.6659286
vt -3.783103 0.6502781
vt -3.716872 0.9087756
vt -3.563265 0.8930322
vt -3.563104 0.9087756
vt -3.716711 0.8930322
vt -3.715474 1.128628
vt -3.564834 1.113003
vt -3.564501 1.128628
vt -3.715142 1.113003
vt -3.401316 1.044889
vt -3.247416 1.029134
vt -3.247284 1.044889
vt -3.401184 1.029134
vt -3.399454 1.622828
vt -3.249951 1.587246
vt -3.249146 1.622828
vt -3.398649 1.587246
vt -2.859185 1.086469
vt -2.705051 1.070704
vt -2.704948 1.086469
vt -2.859083 1.070704
vt -2.856415 2.062496
vt -2.708556 2.026947
vt -2.707718 2.062496
vt -2.855578 2.026947
vt -1.973048 1.041923
vt -2.127359 1.026151
vt -1.973122 1.026151
vt -2.127432 1.041923
vt -1.97673 2.442382
vt -2.122881 2.406866
vt -1.977599 2.406866
vt -2.123751 2.442382
vt -1.101457 0.9297154
vt -1.255885 0.9139387
vt -1.101501 0.9139387
vt -1.255929 0.9297154
vt -0.1496284 1.106428
vt -0.303939 1.090656
vt -0.1497018 1.090656
vt -0.3040124 1.106428
vt 0.8176286 1.260876
vt 0.6634941 1.245111
vt 0.8175259 1.245111
vt 0.6633914 1.260876
vt 1.734392 1.361883
vt 1.580492 1.346128
vt 1.73426 1.346128
vt 1.58036 1.361883
vt 2.538178 1.38305
vt 2.384571 1.367307
vt 2.538017 1.367307
vt 2.38441 1.38305
vt 3.174013 1.290214
vt 3.020757 1.305944
vt 3.020947 1.290214
vt 3.174203 1.305944
vt 3.598891 1.106841
vt 3.446044 1.122554
vt 3.446263 1.106841
vt 3.59911 1.122554
vt 3.783683 0.8210879
vt 3.631302 0.8367822
vt 3.631549 0.8210879
vt 3.78393 0.8367822
vt 3.598368 1.216851
vt 3.44651 1.232525
vt 3.446786 1.216851
vt 3.598644 1.232525
vt 3.172966 1.656007
vt 3.021689 1.671658
vt 3.021993 1.656007
vt 3.17327 1.671658
vt 2.536449 2.099438
vt 2.385808 2.115064
vt 2.38614 2.099438
vt 2.536781 2.115064
vt 1.73253 2.480264
vt 1.583027 2.444682
vt 1.731724 2.444682
vt 1.582222 2.480264
vt 0.8148585 2.693541
vt 0.6669992 2.657991
vt 0.8140208 2.657991
vt 0.6661614 2.693541
vt -0.1533096 2.781814
vt -0.2994615 2.746298
vt -0.1541793 2.746298
vt -0.3003312 2.781814
vt -1.106052 2.726824
vt -1.250433 2.691342
vt -1.106954 2.691342
vt -1.251334 2.726824
vt -2.38498 -0.2411785
vt -2.537361 -0.2568727
vt -2.385228 -0.2568727
vt -2.537609 -0.2411785
vt -3.020947 0.1010158
vt -3.173794 0.08530291
vt -3.021165 0.08530291
vt -3.174013 0.1010158
vt -3.021413 -0.05915717
vt -3.17327 -0.07483064
vt -3.021689 -0.07483064
vt -3.173546 -0.05915717
vt -3.445854 0.4199806
vt -3.59911 0.4042513
vt -3.446044 0.4042513
vt -3.5993 0.4199806
vt -3.446786 0.2455065
vt -3.598063 0.229856
vt -3.44709 0.229856
vt -3.598368 0.2455065
vt -3.7845 0.6840549
vt -3.630893 0.6683115
vt -3.630732 0.6840549
vt -3.784339 0.6683115
vt -3.783103 0.6612353
vt -3.632462 0.6456097
vt -3.63213 0.6612353
vt -3.78277 0.6456097
vt -3.717004 0.8705313
vt -3.563104 0.8547761
vt -3.562972 0.8705313
vt -3.716872 0.8547761
vt -3.715142 1.151209
vt -3.565639 1.115627
vt -3.564834 1.151209
vt -3.714336 1.115627
vt -3.401419 0.9675162
vt -3.247284 0.9517514
vt -3.247181 0.9675162
vt -3.401316 0.9517514
vt -3.398649 1.632098
vt -3.250789 1.596548
vt -3.249951 1.632098
vt -3.397811 1.596548
vt -2.859259 0.9746645
vt -2.704948 0.9588926
vt -2.704875 0.9746645
vt -2.859185 0.9588926
vt -2.855578 2.088458
vt -2.709426 2.052942
vt -2.708556 2.088458
vt -2.854708 2.052942
vt -1.973004 0.9027449
vt -2.127432 0.8869682
vt -1.973048 0.8869682
vt -2.127476 0.9027449
vt -1.977599 2.48145
vt -2.12198 2.445969
vt -1.978501 2.445969
vt -2.122881 2.48145
vt -1.101443 0.7720948
vt -1.255929 0.7563158
vt -1.101457 0.7563158
vt -1.255944 0.7720948
vt -0.1495844 0.9414553
vt -0.3040124 0.9256786
vt -0.1496284 0.9256786
vt -0.3040565 0.9414553
vt 0.817702 1.099278
vt 0.6633914 1.083506
vt 0.8176286 1.083506
vt 0.663318 1.099278
vt 1.734494 1.214165
vt 1.58036 1.1984
vt 1.734392 1.1984
vt 1.580257 1.214165
vt 2.53831 1.258768
vt 2.38441 1.243013
vt 2.538178 1.243013
vt 2.384278 1.258768
vt 3.174203 1.197296
vt 3.020596 1.213039
vt 3.020757 1.197296
vt 3.174364 1.213039
vt 3.59911 1.051077
vt 3.445854 1.066806
vt 3.446044 1.051077
vt 3.5993 1.066806
vt 3.78393 0.8056971
vt 3.631083 0.82141
vt 3.631302 0.8056971
vt 3.784149 0.82141
vt 3.716054 0.4745332
vt 3.563673 0.4902274
vt 3.563921 0.4745332
vt 3.716302 0.4902274
vt 3.783407 0.8360702
vt 3.631549 0.8517437
vt 3.631825 0.8360702
vt 3.783683 0.8517437
vt 3.598063 1.271064
vt 3.446786 1.286714
vt 3.44709 1.271064
vt 3.598368 1.286714
vt 3.172634 1.745836
vt 3.021993 1.761461
vt 3.022325 1.745836
vt 3.172966 1.761461
vt 2.535643 2.165767
vt 2.38614 2.201349
vt 2.386946 2.165767
vt 2.536449 2.201349
vt 1.731724 2.524529
vt 1.583865 2.48898
vt 1.730887 2.48898
vt 1.583027 2.524529
vt 0.8140208 2.744191
vt 0.6678689 2.708675
vt 0.8131511 2.708675
vt 0.6669992 2.744191
vt -0.1541793 2.833631
vt -0.29856 2.79815
vt -0.1550808 2.79815
vt -0.2994615 2.833631
vt -1.106954 2.774531
vt -1.2495 2.739085
vt -1.107887 2.739085
vt -1.250433 2.774531
vt -1.581062 -0.4354383
vt -1.733443 -0.4511326
vt -1.581309 -0.4511326
vt -1.73369 -0.4354383
vt -2.384761 -0.1305123
vt -2.537609 -0.1462252
vt -2.38498 -0.1462252
vt -2.537827 -0.1305123
vt -2.385228 -0.3519124
vt -2.537085 -0.3675858
vt -2.385504 -0.3675858
vt -2.537361 -0.3519124
vt -3.020757 0.1808433
vt -3.174013 0.165114
vt -3.020947 0.165114
vt -3.174203 0.1808433
vt -3.021689 -0.1394373
vt -3.172966 -0.1550878
vt -3.021993 -0.1550878
vt -3.17327 -0.1394373
vt -3.445693 0.4629252
vt -3.5993 0.4471817
vt -3.445854 0.4471817
vt -3.599461 0.4629252
vt -3.44709 0.2013111
vt -3.597731 0.1856856
vt -3.447423 0.1856856
vt -3.598063 0.2013111
vt -3.784632 0.686577
vt -3.630732 0.6708218
vt -3.6306 0.686577
vt -3.7845 0.6708218
vt -3.78277 0.6536314
vt -3.633268 0.6180495
vt -3.632462 0.6536314
vt -3.781965 0.6180495
vt -3.717106 0.8318507
vt -3.562972 0.816086
vt -3.562869 0.8318507
vt -3.717004 0.816086
vt -3.714336 1.14123
vt -3.566477 1.10568
vt -3.565639 1.14123
vt -3.713499 1.10568
vt -3.401492 0.8896728
vt -3.247181 0.8739009
vt -3.247108 0.8896728
vt -3.401419 0.8739009
vt -3.397811 1.641221
vt -3.251659 1.605705
vt -3.250789 1.641221
vt -3.396941 1.605705
vt -2.859303 0.8623817
vt -2.704875 0.8466051
vt -2.704831 0.8623817
vt -2.859259 0.8466051
vt -2.854708 2.114233
vt -2.710327 2.078752
vt -2.709426 2.114233
vt -2.853806 2.078752
vt -1.97299 0.7631038
vt -2.127476 0.7473247
vt -1.973004 0.7473247
vt -2.127491 0.7631038
vt -1.978501 2.520297
vt -2.121047 2.484852
vt -1.979434 2.484852
vt -2.12198 2.520297
vt -1.255944 3.523175
vt -1.101443 0.6852308
vt -1.101443 3.523175
vt -1.255944 0.6852308
vt -0.1495697 0.7760085
vt -0.3040565 0.7602294
vt -0.1495844 0.7602294
vt -0.3040712 0.7760085
vt 0.817746 0.9371646
vt 0.663318 0.9213879
vt 0.817702 0.9213879
vt 0.6632739 0.9371646
vt 1.734568 1.065903
vt 1.580257 1.050131
vt 1.734494 1.050131
vt 1.580184 1.065903
vt 2.538413 1.133933
vt 2.384278 1.118168
vt 2.53831 1.118168
vt 2.384176 1.133933
vt 3.174364 1.103844
vt 3.020464 1.119599
vt 3.020596 1.103844
vt 3.174496 1.119599
vt 3.5993 0.9948266
vt 3.445693 1.01057
vt 3.445854 0.9948266
vt 3.599461 1.01057
vt 3.784149 0.7898997
vt 3.630893 0.805629
vt 3.631083 0.7898997
vt 3.784339 0.805629
vt 3.716302 0.4996626
vt 3.563455 0.5153755
vt 3.563673 0.4996626
vt 3.716521 0.5153755
vt 3.400367 0.1460578
vt 3.247986 0.1617521
vt 3.248233 0.1460578
vt 3.400614 0.1617521
vt 3.715778 0.4491055
vt 3.563921 0.464779
vt 3.564197 0.4491055
vt 3.716054 0.464779
vt 3.783103 0.8506416
vt 3.631825 0.8662921
vt 3.63213 0.8506416
vt 3.783407 0.8662921
vt 3.597731 1.324723
vt 3.44709 1.340349
vt 3.447423 1.324723
vt 3.598063 1.340349
vt 3.171828 1.789329
vt 3.022325 1.824911
vt 3.023131 1.789329
vt 3.172634 1.824911
vt 2.534805 2.198681
vt 2.386946 2.23423
vt 2.387783 2.198681
vt 2.535643 2.23423
vt 1.730887 2.568567
vt 1.584735 2.533051
vt 1.730017 2.533051
vt 1.583865 2.568567
vt 0.8131511 2.794595
vt 0.6687704 2.759114
vt 0.8122496 2.759114
vt 0.6678689 2.794595
vt -0.1550808 2.885195
vt -0.2976269 2.84975
vt -0.1560139 2.84975
vt -0.29856 2.885195
vt -1.107887 2.82199
vt -1.248535 2.786581
vt -1.108851 2.786581
vt -1.2495 2.82199
vt -0.6644432 -0.5642305
vt -0.8168243 -0.5485362
vt -0.8165768 -0.5642305
vt -0.6641957 -0.5485362
vt -1.580843 -0.3020588
vt -1.73369 -0.3177716
vt -1.581062 -0.3177716
vt -1.733909 -0.3020588
vt -1.581309 -0.5688239
vt -1.733167 -0.5844973
vt -1.581585 -0.5844973
vt -1.733443 -0.5688239
vt -2.384571 -0.01995707
vt -2.537827 -0.03568636
vt -2.384761 -0.03568636
vt -2.538017 -0.01995707
vt -2.385504 -0.4626695
vt -2.536781 -0.47832
vt -2.385808 -0.47832
vt -2.537085 -0.4626695
vt -3.020596 0.2604559
vt -3.174203 0.2447125
vt -3.020757 0.2447125
vt -3.174364 0.2604559
vt -3.021993 -0.2198013
vt -3.172634 -0.2354268
vt -3.022325 -0.2354268
vt -3.172966 -0.2198013
vt -3.445561 0.5055622
vt -3.599461 0.4898069
vt -3.445693 0.4898069
vt -3.599593 0.5055622
vt -3.447423 0.1640051
vt -3.596925 0.1284232
vt -3.448228 0.1284232
vt -3.597731 0.1640051
vt -3.784735 0.6887183
vt -3.6306 0.6729535
vt -3.630498 0.6887183
vt -3.784632 0.6729535
vt -3.781965 0.6233445
vt -3.634105 0.5877951
vt -3.633268 0.6233445
vt -3.781127 0.5877951
vt -3.71718 0.7927402
vt -3.562869 0.7769683
vt -3.562796 0.7927402
vt -3.717106 0.7769683
vt -3.713499 1.131148
vt -3.567347 1.095632
vt -3.566477 1.131148
vt -3.712629 1.095632
vt -3.401536 0.8113767
vt -3.247108 0.7956
vt -3.247064 0.8113767
vt -3.401492 0.7956
vt -3.396941 1.650198
vt -3.25256 1.614717
vt -3.251659 1.650198
vt -3.39604 1.614717
vt -2.859318 0.7496481
vt -2.704831 0.733869
vt -2.704816 0.7496481
vt -2.859303 0.733869
vt -2.853806 2.139821
vt -2.71126 2.104376
vt -2.710327 2.139821
vt -2.852873 2.104376
vt -2.127491 3.523175
vt -1.97299 0.6852308
vt -1.97299 3.523175
vt -2.127491 0.6852308
vt -1.979434 2.558921
vt -2.120082 2.523512
vt -1.980398 2.523512
vt -2.121047 2.558921
vt -1.255787 3.232439
vt -1.101443 3.188037
vt -1.1016 3.232439
vt -1.255944 3.188037
vt -0.1495697 3.523175
vt -0.3040712 0.6852308
vt -0.1495697 0.6852308
vt -0.3040712 3.523175
vt 0.8177607 0.7745782
vt 0.6632739 0.7587991
vt 0.817746 0.7587991
vt 0.6632592 0.7745782
vt 1.734612 0.9171356
vt 1.580184 0.9013589
vt 1.734568 0.9013589
vt 1.58014 0.9171356
vt 2.538486 1.008577
vt 2.384176 0.9928052
vt 2.538413 0.9928052
vt 2.384102 1.008577
vt 3.174496 1.009882
vt 3.020361 1.025647
vt 3.020464 1.009882
vt 3.174598 1.025647
vt 3.599461 0.9381041
vt 3.445561 0.9538594
vt 3.445693 0.9381041
vt 3.599593 0.9538594
vt 3.784339 0.7736969
vt 3.630732 0.7894403
vt 3.630893 0.7736969
vt 3.7845 0.7894403
vt 3.716521 0.5244812
vt 3.563265 0.5402105
vt 3.563455 0.5244812
vt 3.716711 0.5402105
vt 3.400614 0.2095935
vt 3.247767 0.2253064
vt 3.247986 0.2095935
vt 3.400833 0.2253064
vt 2.706 -0.1419531
vt 2.858381 -0.1262589
vt 2.705753 -0.1262589
vt 2.858134 -0.1419531
vt 3.400091 0.08232836
vt 3.248233 0.09800183
vt 3.248509 0.08232836
vt 3.400367 0.09800183
vt 3.715474 0.4233923
vt 3.564197 0.4390428
vt 3.564501 0.4233923
vt 3.715778 0.4390428
vt 3.78277 0.8647991
vt 3.63213 0.8804246
vt 3.632462 0.8647991
vt 3.783103 0.8804246
vt 3.596925 1.341021
vt 3.447423 1.376602
vt 3.448228 1.341021
vt 3.597731 1.376602
vt 3.17099 1.806879
vt 3.023131 1.842428
vt 3.023969 1.806879
vt 3.171828 1.842428
vt 2.534805 2.266911
vt 2.388653 2.231395
vt 2.533935 2.231395
vt 2.387783 2.266911
vt 1.730017 2.612375
vt 1.585636 2.576894
vt 1.729115 2.576894
vt 1.584735 2.612375
vt 0.8122496 2.844749
vt 0.6697035 2.809304
vt 0.8113165 2.809304
vt 0.6687704 2.844749
vt -0.1560139 2.936501
vt -0.2966624 2.901092
vt -0.1569784 2.901092
vt -0.2976269 2.936501
vt -1.108851 2.869197
vt -1.24754 2.833827
vt -1.109847 2.833827
vt -1.248535 2.869197
vt 0.3031347 -0.5727648
vt 0.1507536 -0.588459
vt 0.3028872 -0.588459
vt 0.1505062 -0.5727648
vt -0.6641957 -0.4176458
vt -0.8170431 -0.4019329
vt -0.8168243 -0.4176458
vt -0.6639769 -0.4019329
vt -0.6647192 -0.710783
vt -0.8165768 -0.6951095
vt -0.8163008 -0.710783
vt -0.6644432 -0.6951095
vt -1.580653 -0.1687364
vt -1.733909 -0.1844657
vt -1.580843 -0.1844657
vt -1.734099 -0.1687364
vt -1.581585 -0.7021624
vt -1.732862 -0.7178129
vt -1.581889 -0.7178129
vt -1.733167 -0.7021624
vt -2.38441 0.09044522
vt -2.538017 0.07470179
vt -2.384571 0.07470179
vt -2.538178 0.09044522
vt -2.385808 -0.5734038
vt -2.536449 -0.5890293
vt -2.38614 -0.5890293
vt -2.536781 -0.5734038
vt -3.020464 0.3398227
vt -3.174364 0.3240675
vt -3.020596 0.3240675
vt -3.174496 0.3398227
vt -3.022325 -0.2843029
vt -3.171828 -0.3198848
vt -3.023131 -0.3198848
vt -3.172634 -0.2843029
vt -3.445458 0.547873
vt -3.599593 0.5321082
vt -3.445561 0.5321082
vt -3.599695 0.547873
vt -3.448228 0.1137346
vt -3.596088 0.07818519
vt -3.449066 0.07818519
vt -3.596925 0.1137346
vt -3.784808 0.6904724
vt -3.630498 0.6747005
vt -3.630424 0.6904724
vt -3.784735 0.6747005
vt -3.781127 0.5930013
vt -3.634975 0.5574855
vt -3.634105 0.5930013
vt -3.780257 0.5574855
vt -3.717224 0.7532056
vt -3.562796 0.737429
vt -3.562752 0.7532056
vt -3.71718 0.737429
vt -3.712629 1.120967
vt -3.568248 1.085486
vt -3.567347 1.120967
vt -3.711727 1.085486
vt -3.401551 0.7326447
vt -3.247064 0.7168656
vt -3.247049 0.7326447
vt -3.401536 0.7168656
vt -3.39604 1.65903
vt -3.253494 1.623585
vt -3.25256 1.65903
vt -3.395107 1.623585
vt -2.859318 3.523175
vt -2.704816 0.6852308
vt -2.704816 3.523175
vt -2.859318 0.6852308
vt -2.852873 2.16522
vt -2.712225 2.129812
vt -2.71126 2.16522
vt -2.851909 2.129812
vt -2.127334 3.266712
vt -1.97299 3.22231
vt -1.973147 3.266712
vt -2.127491 3.22231
vt -1.980398 2.597317
vt -2.119087 2.561946
vt -1.981394 2.561946
vt -2.120082 2.597317
vt -1.255429 2.839346
vt -1.1016 2.794995
vt -1.101958 2.839346
vt -1.255787 2.794995
vt -0.1497273 3.217521
vt -0.3040712 3.173119
vt -0.1495697 3.173119
vt -0.3039136 3.217521
vt 0.8177607 3.523175
vt 0.6632592 0.6852308
vt 0.8177607 0.6852308
vt 0.6632592 3.523175
vt 1.734627 0.7679012
vt 1.58014 0.7521221
vt 1.734612 0.7521221
vt 1.580125 0.7679012
vt 2.53853 0.8827333
vt 2.384102 0.8669566
vt 2.538486 0.8669566
vt 2.384058 0.8827333
vt 3.174598 0.9154352
vt 3.020288 0.9312072
vt 3.020361 0.9154352
vt 3.174672 0.9312072
vt 3.599593 0.8809224
vt 3.445458 0.8966872
vt 3.445561 0.8809224
vt 3.599695 0.8966872
vt 3.7845 0.7570893
vt 3.6306 0.7728445
vt 3.630732 0.7570893
vt 3.784632 0.7728445
vt 3.716711 0.5489762
vt 3.563104 0.5647196
vt 3.563265 0.5489762
vt 3.716872 0.5647196
vt 3.400833 0.2729092
vt 3.247577 0.2886385
vt 3.247767 0.2729092
vt 3.401023 0.2886385
vt 2.705753 -0.04474232
vt 2.8586 -0.02902943
vt 2.705534 -0.02902943
vt 2.858381 -0.04474232
vt 1.974174 -0.3698722
vt 2.126555 -0.3541779
vt 1.973926 -0.3541779
vt 2.126307 -0.3698722
vt 2.706276 -0.239266
vt 2.858134 -0.2235926
vt 2.706 -0.2235926
vt 2.857858 -0.239266
vt 3.399787 0.0184321
vt 3.248509 0.03408266
vt 3.248814 0.0184321
vt 3.400091 0.03408266
vt 3.715142 0.3974062
vt 3.564501 0.4130318
vt 3.564834 0.3974062
vt 3.715474 0.4130318
vt 3.781965 0.8513942
vt 3.632462 0.8869761
vt 3.633268 0.8513942
vt 3.78277 0.8869761
vt 3.596088 1.340273
vt 3.448228 1.375823
vt 3.449066 1.340273
vt 3.596925 1.375823
vt 3.170121 1.824264
vt 3.023969 1.85978
vt 3.024839 1.824264
vt 3.17099 1.85978
vt 2.533935 2.299389
vt 2.389555 2.263907
vt 2.533034 2.263907
vt 2.388653 2.299389
vt 1.729115 2.655949
vt 1.586569 2.620504
vt 1.728182 2.620504
vt 1.585636 2.655949
vt 0.8113165 2.894649
vt 0.670668 2.859241
vt 0.810352 2.859241
vt 0.6697035 2.894649
vt -0.1569784 2.987544
vt -0.2956666 2.952173
vt -0.1579742 2.952173
vt -0.2966624 2.987544
vt -1.109847 2.916148
vt -1.246513 2.880816
vt -1.110874 2.880816
vt -1.24754 2.916148
vt 1.102627 -0.522167
vt 1.255008 -0.5064727
vt 1.102379 -0.5064727
vt 1.25476 -0.522167
vt 0.3033535 -0.4233286
vt 0.1505062 -0.4390415
vt 0.3031347 -0.4390415
vt 0.1502873 -0.4233286
vt 0.3028872 -0.7221632
vt 0.1510296 -0.7378367
vt 0.3026112 -0.7378367
vt 0.1507536 -0.7221632
vt -0.6639769 -0.2710849
vt -0.817233 -0.2553556
vt -0.8170431 -0.2710849
vt -0.6637869 -0.2553556
vt -0.6650235 -0.8572455
vt -0.8163008 -0.8415949
vt -0.8159965 -0.8572455
vt -0.6647192 -0.8415949
vt -1.580492 -0.03552107
vt -1.734099 -0.05126449
vt -1.580653 -0.05126449
vt -1.73426 -0.03552107
vt -1.581889 -0.835399
vt -1.73253 -0.8510245
vt -1.582222 -0.8510245
vt -1.732862 -0.835399
vt -2.384278 0.2006535
vt -2.538178 0.1848982
vt -2.38441 0.1848982
vt -2.53831 0.2006535
vt -2.38614 -0.6607413
vt -2.535643 -0.6963232
vt -2.386946 -0.6963232
vt -2.536449 -0.6607413
vt -3.020361 0.4189132
vt -3.174496 0.4031485
vt -3.020464 0.4031485
vt -3.174598 0.4189132
vt -3.023131 -0.3528706
vt -3.17099 -0.3884201
vt -3.023969 -0.3884201
vt -3.171828 -0.3528706
vt -3.445385 0.5898387
vt -3.599695 0.5740668
vt -3.445458 0.5740668
vt -3.599769 0.5898387
vt -3.449066 0.06345368
vt -3.595218 0.02793781
vt -3.449936 0.02793781
vt -3.596088 0.06345368
vt -3.784852 0.6918328
vt -3.630424 0.6760561
vt -3.63038 0.6918328
vt -3.784808 0.6760561
vt -3.780257 0.5626078
vt -3.635877 0.5271266
vt -3.634975 0.5626078
vt -3.779356 0.5271266
vt -3.717238 0.7132525
vt -3.562752 0.6974734
vt -3.562737 0.7132525
vt -3.717224 0.6974734
vt -3.711727 1.11069
vt -3.569181 1.075245
vt -3.568248 1.11069
vt -3.710794 1.075245
vt -3.401551 3.523175
vt -3.247049 0.6852308
vt -3.247049 3.523175
vt -3.401551 0.6852308
vt -3.395107 1.667719
vt -3.254458 1.63231
vt -3.253494 1.667719
vt -3.394142 1.63231
vt -2.704974 3.318002
vt -2.859318 3.273601
vt -2.704816 3.273601
vt -2.85916 3.318002
vt -2.851909 2.19043
vt -2.713221 2.155059
vt -2.712225 2.19043
vt -2.850913 2.155059
vt -2.126976 2.917209
vt -1.973147 2.872858
vt -1.973505 2.917209
vt -2.127334 2.872858
vt -1.981394 2.635482
vt -2.11806 2.60015
vt -1.982421 2.60015
vt -2.119087 2.635482
vt -1.254873 2.434768
vt -1.101958 2.390506
vt -1.102514 2.434768
vt -1.255429 2.390506
vt -0.1500848 2.805453
vt -0.3039136 2.761102
vt -0.1497273 2.761102
vt -0.303556 2.805453
vt 0.8176032 3.222973
vt 0.6632592 3.178571
vt 0.8177607 3.178571
vt 0.6634168 3.222973
vt 1.734627 3.523175
vt 1.580125 0.6852308
vt 1.734627 0.6852308
vt 1.580125 3.523175
vt 2.538545 0.7564326
vt 2.384058 0.7406535
vt 2.53853 0.7406535
vt 2.384044 0.7564326
vt 3.174672 0.8205255
vt 3.020244 0.8363022
vt 3.020288 0.8205255
vt 3.174716 0.8363022
vt 3.599769 0.8390657
vt 3.445458 0.8232938
vt 3.599695 0.8232938
vt 3.445385 0.8390657
vt 3.784632 0.7400771
vt 3.630498 0.7558419
vt 3.6306 0.7400771
vt 3.784735 0.7558419
vt 3.716872 0.573135
vt 3.562972 0.5888902
vt 3.563104 0.573135
vt 3.717004 0.5888902
vt 3.401023 0.3359789
vt 3.247416 0.3517224
vt 3.247577 0.3359789
vt 3.401184 0.3517224
vt 2.705534 0.05232801
vt 2.85879 0.0680573
vt 2.705344 0.0680573
vt 2.8586 0.05232801
vt 1.973926 -0.2460124
vt 2.126773 -0.2302995
vt 1.973707 -0.2302995
vt 2.126555 -0.2460124
vt 1.97445 -0.4937615
vt 2.126307 -0.4780881
vt 1.974174 -0.4780881
vt 2.126031 -0.4937615
vt 2.70658 -0.3366416
vt 2.857858 -0.3209911
vt 2.706276 -0.3209911
vt 2.857553 -0.3366416
vt 3.399454 -0.04560331
vt 3.248814 -0.02997773
vt 3.249146 -0.04560331
vt 3.399787 -0.02997773
vt 3.714336 0.3538169
vt 3.564834 0.3893988
vt 3.565639 0.3538169
vt 3.715142 0.3893988
vt 3.781127 0.8306635
vt 3.633268 0.8662129
vt 3.634105 0.8306635
vt 3.781965 0.8662129
vt 3.595218 1.339403
vt 3.449066 1.374919
vt 3.449936 1.339403
vt 3.596088 1.374919
vt 3.169219 1.841485
vt 3.024839 1.876966
vt 3.02574 1.841485
vt 3.170121 1.876966
vt 2.533034 2.331662
vt 2.390488 2.296217
vt 2.532101 2.296217
vt 2.389555 2.331662
vt 1.728182 2.699287
vt 1.587534 2.663879
vt 1.727218 2.663879
vt 1.586569 2.699287
vt 0.810352 2.94429
vt 0.6716638 2.908919
vt 0.8093562 2.908919
vt 0.670668 2.94429
vt -0.1579742 3.038319
vt -0.2946398 3.002987
vt -0.159001 3.002987
vt -0.2956666 3.038319
vt -1.110874 2.962838
vt -1.245455 2.927546
vt -1.111932 2.927546
vt -1.246513 2.962838
vt 1.102379 -0.3805005
vt 1.255226 -0.3647876
vt 1.10216 -0.3647876
vt 1.255008 -0.3805005
vt 1.102903 -0.6638147
vt 1.25476 -0.6481412
vt 1.102627 -0.6481412
vt 1.254484 -0.6638147
vt 0.3035435 -0.2739116
vt 0.1502873 -0.2896409
vt 0.3033535 -0.2896409
vt 0.1500974 -0.2739116
vt 0.302307 -0.8871155
vt 0.1510296 -0.871465
vt 0.1513339 -0.8871155
vt 0.3026112 -0.871465
vt -0.6637869 -0.1246019
vt -0.817394 -0.1088585
vt -0.817233 -0.1246019
vt -0.6636259 -0.1088585
vt -0.6653558 -1.003558
vt -0.8159965 -0.9879323
vt -0.8156642 -1.003558
vt -0.6650235 -0.9879323
vt -1.58036 0.09753863
vt -1.73426 0.08178336
vt -1.580492 0.08178336
vt -1.734392 0.09753863
vt -1.582222 -0.9396563
vt -1.731724 -0.9752382
vt -1.583027 -0.9752382
vt -1.73253 -0.9396563
vt -2.384176 0.3106274
vt -2.53831 0.2948627
vt -2.384278 0.2948627
vt -2.538413 0.3106274
vt -2.386946 -0.7446729
vt -2.534805 -0.7802224
vt -2.387783 -0.7802224
vt -2.535643 -0.7446729
vt -3.020288 0.4976973
vt -3.174598 0.4819254
vt -3.020361 0.4819254
vt -3.174672 0.4976973
vt -3.023969 -0.4214069
vt -3.170121 -0.4569227
vt -3.024839 -0.4569227
vt -3.17099 -0.4214069
vt -3.445341 0.6314407
vt -3.599769 0.615664
vt -3.445385 0.615664
vt -3.599813 0.6314407
vt -3.449936 0.0131705
vt -3.594316 -0.02231069
vt -3.450837 -0.02231069
vt -3.595218 0.0131705
vt -3.784867 0.6927929
vt -3.63038 0.6770138
vt -3.630365 0.6927929
vt -3.784852 0.6770138
vt -3.779356 0.5321697
vt -3.63681 0.4967242
vt -3.635877 0.5321697
vt -3.778423 0.4967242
vt -3.717238 3.523175
vt -3.562737 0.6852308
vt -3.562737 3.523175
vt -3.717238 0.6852308
vt -3.710794 1.100321
vt -3.570146 1.064912
vt -3.569181 1.100321
vt -3.70983 1.064912
vt -3.247207 3.382817
vt -3.401551 3.338415
vt -3.247049 3.338415
vt -3.401393 3.382817
vt -3.394142 1.676265
vt -3.255454 1.640894
vt -3.254458 1.676265
vt -3.393146 1.640894
vt -2.858802 3.033735
vt -2.704974 2.989384
vt -2.705331 3.033735
vt -2.85916 2.989384
vt -2.850913 2.215447
vt -2.714247 2.180115
vt -2.713221 2.215447
vt -2.849886 2.180115
vt -2.12642 2.556082
vt -1.973505 2.511821
vt -1.974061 2.556082
vt -2.126976 2.511821
vt -1.982421 2.673414
vt -2.117002 2.638122
vt -1.983479 2.638122
vt -2.11806 2.673414
vt -1.254121 2.019214
vt -1.102514 1.975079
vt -1.103266 2.019214
vt -1.254873 1.975079
vt -0.1506408 2.381961
vt -0.303556 2.337699
vt -0.1500848 2.337699
vt -0.303 2.381961
vt 0.8172456 2.81784
vt 0.6634168 2.773489
vt 0.8176032 2.773489
vt 0.6637744 2.81784
vt 1.734469 3.248425
vt 1.580125 3.204023
vt 1.734627 3.204023
vt 1.580283 3.248425
vt 2.538545 3.523175
vt 2.384044 0.6852308
vt 2.538545 0.6852308
vt 2.384044 3.523175
vt 3.174716 0.725175
vt 3.020229 0.740954
vt 3.020244 0.725175
vt 3.17473 0.740954
vt 3.599813 0.7810064
vt 3.445385 0.7652297
vt 3.599769 0.7652297
vt 3.445341 0.7810064
vt 3.784735 0.7226601
vt 3.630424 0.7384321
vt 3.630498 0.7226601
vt 3.784808 0.7384321
vt 3.717004 0.5969447
vt 3.562869 0.6127094
vt 3.562972 0.5969447
vt 3.717106 0.6127094
vt 3.401184 0.3987773
vt 3.247284 0.4145326
vt 3.247416 0.3987773
vt 3.401316 0.4145326
vt 2.705344 0.1492205
vt 2.858951 0.1649639
vt 2.705183 0.1649639
vt 2.85879 0.1492205
vt 1.973707 -0.1222301
vt 2.126963 -0.1065008
vt 1.973517 -0.1065008
vt 2.126773 -0.1222301
vt 1.974754 -0.6176311
vt 2.126031 -0.6019806
vt 1.97445 -0.6019806
vt 2.125727 -0.6176311
vt 2.706913 -0.4340391
vt 2.857553 -0.4184135
vt 2.70658 -0.4184135
vt 2.857221 -0.4340391
vt 3.398649 -0.1178024
vt 3.249146 -0.08222052
vt 3.249951 -0.1178024
vt 3.399454 -0.08222052
vt 3.713499 0.312778
vt 3.565639 0.3483275
vt 3.566477 0.312778
vt 3.714336 0.3483275
vt 3.780257 0.8098557
vt 3.634105 0.8453716
vt 3.634975 0.8098557
vt 3.781127 0.8453716
vt 3.594316 1.338413
vt 3.449936 1.373894
vt 3.450837 1.338413
vt 3.595218 1.373894
vt 3.168286 1.858541
vt 3.02574 1.893987
vt 3.026673 1.858541
vt 3.169219 1.893987
vt 2.532101 2.363729
vt 2.391452 2.32832
vt 2.531136 2.32832
vt 2.390488 2.363729
vt 1.727218 2.742385
vt 1.58853 2.707014
vt 1.726222 2.707014
vt 1.587534 2.742385
vt 0.8093562 2.993668
vt 0.6726906 2.958336
vt 0.8083294 2.958336
vt 0.6716638 2.993668
vt -0.159001 3.08882
vt -0.2935822 3.053528
vt -0.1600587 3.053528
vt -0.2946398 3.08882
vt -1.111932 3.009261
vt -1.244367 2.97401
vt -1.11302 2.97401
vt -1.245455 3.009261
vt 1.10216 -0.2388694
vt 1.255416 -0.2231401
vt 1.10197 -0.2231401
vt 1.255226 -0.2388694
vt 1.103207 -0.8053876
vt 1.254484 -0.789737
vt 1.102903 -0.789737
vt 1.25418 -0.8053876
vt 0.3037045 -0.1245693
vt 0.1500974 -0.1403127
vt 0.3035435 -0.1403127
vt 0.1499364 -0.1245693
vt 0.3019746 -1.036235
vt 0.1513339 -1.020609
vt 0.1516662 -1.036235
vt 0.302307 -1.020609
vt -0.6636259 0.02174999
vt -0.8175259 0.03750525
vt -0.817394 0.02174999
vt -0.6634941 0.03750525
vt -0.6661614 -1.137622
vt -0.8156642 -1.10204
vt -0.8148585 -1.137622
vt -0.6653558 -1.10204
vt -1.580257 0.2303951
vt -1.734392 0.2146303
vt -1.58036 0.2146303
vt -1.734494 0.2303951
vt -1.583027 -1.034972
vt -1.730887 -1.070521
vt -1.583865 -1.070521
vt -1.731724 -1.034972
vt -2.384102 0.4203273
vt -2.538413 0.4045554
vt -2.384176 0.4045554
vt -2.538486 0.4203273
vt -2.387783 -0.8285379
vt -2.533935 -0.8640537
vt -2.388653 -0.8640537
vt -2.534805 -0.8285379
vt -3.020244 0.576145
vt -3.174672 0.5603683
vt -3.020288 0.5603683
vt -3.174716 0.576145
vt -3.024839 -0.4899012
vt -3.169219 -0.5253824
vt -3.02574 -0.5253824
vt -3.170121 -0.4899012
vt -3.445326 0.6726602
vt -3.599813 0.6568811
vt -3.445341 0.6568811
vt -3.599828 0.6726602
vt -3.450837 -0.0371066
vt -3.593383 -0.07255203
vt -3.45177 -0.07255203
vt -3.594316 -0.0371066
vt -3.784867 3.523175
vt -3.630365 0.6852308
vt -3.630365 3.523175
vt -3.784867 0.6852308
vt -3.778423 0.5016929
vt -3.637774 0.4662843
vt -3.63681 0.5016929
vt -3.777458 0.4662843
vt -3.562895 3.456737
vt -3.717238 3.412335
vt -3.562737 3.412335
vt -3.717081 3.456737
vt -3.70983 1.089862
vt -3.571141 1.054491
vt -3.570146 1.089862
vt -3.708834 1.054491
vt -3.247564 3.180984
vt -3.401393 3.136633
vt -3.247207 3.136633
vt -3.401036 3.180984
vt -3.393146 1.684668
vt -3.256481 1.649336
vt -3.255454 1.684668
vt -3.392119 1.649336
vt -2.705887 2.737637
vt -2.858802 2.693375
vt -2.705331 2.693375
vt -2.858246 2.737637
vt -2.849886 2.240272
vt -2.715305 2.20498
vt -2.714247 2.240272
vt -2.848829 2.20498
vt -2.125668 2.183758
vt -1.974061 2.139623
vt -1.974813 2.183758
vt -2.12642 2.139623
vt -1.983479 2.711107
vt -2.115914 2.675856
vt -1.984567 2.675856
vt -2.117002 2.711107
vt -1.253176 1.593228
vt -1.103266 1.549255
vt -1.10421 1.593228
vt -1.254121 1.549255
vt -0.1513928 1.94759
vt -0.303 1.903455
vt -0.1506408 1.903455
vt -0.3022481 1.94759
vt 0.8166896 2.401261
vt 0.6637744 2.356999
vt 0.8172456 2.356999
vt 0.6643304 2.401261
vt 1.734111 2.875663
vt 1.580283 2.831312
vt 1.734469 2.831312
vt 1.58064 2.875663
vt 2.538387 3.292141
vt 2.384044 3.247739
vt 2.538545 3.247739
vt 2.384201 3.292141
vt 3.17473 0.6852308
vt 3.020229 3.523175
vt 3.020229 0.6852308
vt 3.17473 3.523175
vt 3.599828 0.7225203
vt 3.445341 0.7067412
vt 3.599813 0.7067412
vt 3.445326 0.7225203
vt 3.784808 0.7048376
vt 3.63038 0.7206143
vt 3.630424 0.7048376
vt 3.784852 0.7206143
vt 3.717106 0.6203923
vt 3.562796 0.6361642
vt 3.562869 0.6203923
vt 3.71718 0.6361642
vt 3.401316 0.4612792
vt 3.247181 0.477044
vt 3.247284 0.4612792
vt 3.401419 0.477044
vt 2.705183 0.2458986
vt 2.859083 0.2616538
vt 2.705051 0.2616538
vt 2.858951 0.2458986
vt 1.973517 0.001428198
vt 2.127124 0.01717162
vt 1.973356 0.01717162
vt 2.126963 0.001428198
vt 1.975086 -0.7414299
vt 2.125727 -0.7258043
vt 1.974754 -0.7258043
vt 2.125395 -0.7414299
vt 2.707718 -0.5313236
vt 2.857221 -0.4957417
vt 2.706913 -0.4957417
vt 2.856415 -0.5313236
vt 3.397811 -0.1780899
vt 3.249951 -0.1425404
vt 3.250789 -0.1780899
vt 3.398649 -0.1425404
vt 3.712629 0.2717088
vt 3.566477 0.3072247
vt 3.567347 0.2717088
vt 3.713499 0.3072247
vt 3.779356 0.7889758
vt 3.634975 0.824457
vt 3.635877 0.7889758
vt 3.780257 0.824457
vt 3.593383 1.337305
vt 3.450837 1.37275
vt 3.45177 1.337305
vt 3.594316 1.37275
vt 3.167322 1.875433
vt 3.026673 1.910841
vt 3.027638 1.875433
vt 3.168286 1.910841
vt 2.531136 2.395587
vt 2.392448 2.360216
vt 2.530141 2.360216
vt 2.391452 2.395587
vt 1.726222 2.785238
vt 1.589556 2.749906
vt 1.725195 2.749906
vt 1.58853 2.785238
vt 0.8083294 3.042776
vt 0.6737483 3.007484
vt 0.8072717 3.007484
vt 0.6726906 3.042776
vt -0.1600587 3.139044
vt -0.2924938 3.103792
vt -0.161147 3.103792
vt -0.2935822 3.139044
vt -1.11302 3.055413
vt -1.243248 3.020203
vt -1.114139 3.020203
vt -1.244367 3.055413
vt 1.10197 -0.0973262
vt 1.255577 -0.08158277
vt 1.101809 -0.08158277
vt 1.255416 -0.0973262
vt 1.103539 -0.9468275
vt 1.25418 -0.931202
vt 1.103207 -0.931202
vt 1.253848 -0.9468275
vt 0.3038364 0.02464454
vt 0.1499364 0.008889278
vt 0.3037045 0.008889278
vt 0.1498045 0.02464454
vt 0.301169 -1.172409
vt 0.1516662 -1.136827
vt 0.1524719 -1.172409
vt 0.3019746 -1.136827
vt -0.6633914 0.1836839
vt -0.8175259 0.1679191
vt -0.6634941 0.1679191
vt -0.8176286 0.1836839
vt -0.6669992 -1.239533
vt -0.8148585 -1.203983
vt -0.8140208 -1.239533
vt -0.6661614 -1.203983
vt -1.580184 0.3630015
vt -1.734494 0.3472296
vt -1.580257 0.3472296
vt -1.734568 0.3630015
vt -1.584735 -1.16571
vt -1.730887 -1.130194
vt -1.730017 -1.16571
vt -1.583865 -1.130194
vt -2.384058 0.5297138
vt -2.538486 0.5139371
vt -2.384102 0.5139371
vt -2.53853 0.5297138
vt -2.388653 -0.9123239
vt -2.533034 -0.9478051
vt -2.389555 -0.9478051
vt -2.533935 -0.9123239
vt -3.020229 0.6542264
vt -3.174716 0.6384473
vt -3.020244 0.6384473
vt -3.17473 0.6542264
vt -3.02574 -0.5583432
vt -3.168286 -0.5937886
vt -3.026673 -0.5937886
vt -3.169219 -0.5583432
vt -3.445326 3.523175
vt -3.599828 0.6852308
vt -3.445326 0.6852308
vt -3.599828 3.523175
vt -3.45177 -0.08736922
vt -3.592419 -0.1227778
vt -3.452735 -0.1227778
vt -3.593383 -0.08736922
vt -3.630523 3.534726
vt -3.784867 3.490324
vt -3.630365 3.490324
vt -3.784709 3.534726
vt -3.777458 0.4711835
vt -3.63877 0.4358127
vt -3.637774 0.4711835
vt -3.776462 0.4358127
vt -3.563252 3.348922
vt -3.717081 3.304571
vt -3.562895 3.304571
vt -3.716723 3.348922
vt -3.708834 1.079317
vt -3.572168 1.043985
vt -3.571141 1.079317
vt -3.707807 1.043985
vt -3.24812 2.96706
vt -3.401036 2.922798
vt -3.247564 2.922798
vt -3.40048 2.96706
vt -3.392119 1.69293
vt -3.257538 1.657638
vt -3.256481 1.69293
vt -3.391062 1.657638
vt -2.857494 2.430009
vt -2.705887 2.385874
vt -2.706639 2.430009
vt -2.858246 2.385874
vt -2.848829 2.264901
vt -2.716393 2.22965
vt -2.715305 2.264901
vt -2.84774 2.22965
vt -2.124723 1.800689
vt -1.974813 1.756716
vt -1.975757 1.800689
vt -2.125668 1.756716
vt -1.984567 2.748559
vt -2.114795 2.71335
vt -1.985686 2.71335
vt -2.115914 2.748559
vt -1.252043 1.157418
vt -1.10421 1.11364
vt -1.105343 1.157418
vt -1.253176 1.11364
vt -0.1523374 1.502922
vt -0.3022481 1.45895
vt -0.1513928 1.45895
vt -0.3013034 1.502922
vt 0.8159376 1.973767
vt 0.6643304 1.929632
vt 0.8166896 1.929632
vt 0.6650823 1.973767
vt 1.733555 2.491352
vt 1.58064 2.44709
vt 1.734111 2.44709
vt 1.581196 2.491352
vt 2.53803 2.974981
vt 2.384201 2.93063
vt 2.538387 2.93063
vt 2.384559 2.974981
vt 3.174573 3.351143
vt 3.020229 3.306741
vt 3.17473 3.306741
vt 3.020386 3.351143
vt 3.599828 3.523175
vt 3.445326 0.6852308
vt 3.599828 0.6852308
vt 3.445326 3.523175
vt 3.784852 0.6866085
vt 3.630365 0.7023876
vt 3.63038 0.6866085
vt 3.784867 0.7023876
vt 3.71718 0.6434648
vt 3.562752 0.6592415
vt 3.562796 0.6434648
vt 3.717224 0.6592415
vt 3.401419 0.5234597
vt 3.247108 0.5392316
vt 3.247181 0.5234597
vt 3.401492 0.5392316
vt 2.705051 0.3423262
vt 2.859185 0.358091
vt 2.704948 0.358091
vt 2.859083 0.3423262
vt 1.973356 0.1249171
vt 2.127256 0.1406724
vt 1.973224 0.1406724
vt 2.127124 0.1249171
vt 1.975892 -0.8585659
vt 2.125395 -0.822984
vt 1.975086 -0.822984
vt 2.124589 -0.8585659
vt 2.708556 -0.6084885
vt 2.856415 -0.572939
vt 2.707718 -0.572939
vt 2.855578 -0.6084885
vt 3.396941 -0.2383637
vt 3.250789 -0.2028478
vt 3.251659 -0.2383637
vt 3.397811 -0.2028478
vt 3.711727 0.2306162
vt 3.567347 0.2660974
vt 3.568248 0.2306162
vt 3.712629 0.2660974
vt 3.778423 0.7680283
vt 3.635877 0.8034737
vt 3.63681 0.7680283
vt 3.779356 0.8034737
vt 3.592419 1.33608
vt 3.45177 1.371489
vt 3.452735 1.33608
vt 3.593383 1.371489
vt 3.166326 1.89216
vt 3.027638 1.92753
vt 3.028633 1.89216
vt 3.167322 1.92753
vt 2.529114 2.391902
vt 2.392448 2.427234
vt 2.393475 2.391902
vt 2.530141 2.427234
vt 1.725195 2.827843
vt 1.590614 2.79255
vt 1.724138 2.79255
vt 1.589556 2.827843
vt 0.8072717 3.091611
vt 0.6748366 3.056359
vt 0.8061834 3.056359
vt 0.6737483 3.091611
vt -0.161147 3.188982
vt -0.2913751 3.153773
vt -0.1622657 3.153773
vt -0.2924938 3.188982
vt -1.114139 3.101287
vt -1.242099 3.06612
vt -1.115288 3.06612
vt -1.243248 3.101287
vt 1.101809 0.04407767
vt 1.255709 0.05983293
vt 1.101677 0.05983293
vt 1.255577 0.04407767
vt 1.104345 -1.077228
vt 1.253848 -1.041646
vt 1.103539 -1.041646
vt 1.253042 -1.077228
vt 0.3038364 0.1579124
vt 0.1497018 0.1736771
vt 0.1498045 0.1579124
vt 0.303939 0.1736771
vt 0.3003312 -1.275739
vt 0.1524719 -1.24019
vt 0.1533096 -1.275739
vt 0.301169 -1.24019
vt -0.663318 0.3296265
vt -0.8176286 0.3138545
vt -0.6633914 0.3138545
vt -0.817702 0.3296265
vt -0.6669992 -1.305818
vt -0.8131511 -1.341334
vt -0.6678689 -1.341334
vt -0.8140208 -1.305818
vt -1.58014 0.4953116
vt -1.734568 0.4795349
vt -1.580184 0.4795349
vt -1.734612 0.4953116
vt -1.585636 -1.260791
vt -1.730017 -1.22531
vt -1.729115 -1.260791
vt -1.584735 -1.22531
vt -2.384044 0.6387479
vt -2.53853 0.6229688
vt -2.384058 0.6229688
vt -2.538545 0.6387479
vt -2.389555 -0.9960186
vt -2.532101 -1.031464
vt -2.390488 -1.031464
vt -2.533034 -0.9960186
vt -3.020229 3.523175
vt -3.17473 0.6852308
vt -3.020229 0.6852308
vt -3.17473 3.523175
vt -3.026673 -0.626722
vt -3.167322 -0.6621306
vt -3.027638 -0.6621306
vt -3.168286 -0.626722
vt -3.445484 3.611468
vt -3.599828 3.567066
vt -3.445326 3.567066
vt -3.59967 3.611468
vt -3.452735 -0.1376089
vt -3.591423 -0.1729797
vt -3.453731 -0.1729797
vt -3.592419 -0.1376089
vt -3.630881 3.526102
vt -3.784709 3.481751
vt -3.630523 3.481751
vt -3.784352 3.526102
vt -3.776462 0.4406472
vt -3.639797 0.4053152
vt -3.63877 0.4406472
vt -3.775436 0.4053152
vt -3.563808 3.228715
vt -3.716723 3.184454
vt -3.563252 3.184454
vt -3.716167 3.228715
vt -3.707807 1.068689
vt -3.573226 1.033397
vt -3.572168 1.068689
vt -3.706749 1.033397
vt -3.248872 2.741185
vt -3.40048 2.69705
vt -3.24812 2.69705
vt -3.399728 2.741185
vt -3.391062 1.701051
vt -3.258627 1.665799
vt -3.257538 1.701051
vt -3.389973 1.665799
vt -2.85655 2.111167
vt -2.706639 2.067195
vt -2.707584 2.111167
vt -2.857494 2.067195
vt -2.84774 2.289333
vt -2.717512 2.254124
vt -2.716393 2.289333
vt -2.846622 2.254124
vt -2.12359 1.407381
vt -1.975757 1.363604
vt -1.97689 1.407381
vt -2.124723 1.363604
vt -1.985686 2.785765
vt -2.113646 2.750598
vt -1.986835 2.750598
vt -2.114795 2.785765
vt -1.250727 0.7124909
vt -1.105343 0.6689386
vt -1.10666 0.7124909
vt -1.252043 0.6689386
vt -0.1534705 1.048612
vt -0.3013034 1.004834
vt -0.1523374 1.004834
vt -0.3001704 1.048612
vt 0.814993 1.535927
vt 0.6650823 1.491955
vt 0.8159376 1.491955
vt 0.666027 1.535927
vt 1.732803 2.095962
vt 1.581196 2.051827
vt 1.733555 2.051827
vt 1.581948 2.095962
vt 2.537474 2.646095
vt 2.384559 2.601833
vt 2.53803 2.601833
vt 2.385115 2.646095
vt 3.174215 3.109026
vt 3.020386 3.064675
vt 3.174573 3.064675
vt 3.020744 3.109026
vt 3.59967 3.421409
vt 3.445326 3.377007
vt 3.599828 3.377007
vt 3.445484 3.421409
vt 3.630365 0.6852308
vt 3.784867 3.523175
vt 3.630365 3.523175
vt 3.784867 0.6852308
vt 3.717224 0.6661489
vt 3.562737 0.681928
vt 3.562752 0.6661489
vt 3.717238 0.681928
vt 3.401492 0.5852938
vt 3.247064 0.6010705
vt 3.247108 0.5852938
vt 3.401536 0.6010705
vt 2.704948 0.438468
vt 2.859259 0.4542399
vt 2.704875 0.4542399
vt 2.859185 0.438468
vt 1.973224 0.2481921
vt 2.127359 0.2639569
vt 1.973122 0.2639569
vt 2.127256 0.2481921
vt 1.97673 -0.9490868
vt 2.124589 -0.9135373
vt 1.975892 -0.9135373
vt 2.123751 -0.9490868
vt 2.709426 -0.685601
vt 2.855578 -0.6500851
vt 2.708556 -0.6500851
vt 2.854708 -0.685601
vt 3.39604 -0.2986143
vt 3.251659 -0.2631331
vt 3.25256 -0.2986143
vt 3.396941 -0.2631331
vt 3.710794 0.1895075
vt 3.568248 0.224953
vt 3.569181 0.1895075
vt 3.711727 0.224953
vt 3.777458 0.7470179
vt 3.63681 0.7824265
vt 3.637774 0.7470179
vt 3.778423 0.7824265
vt 3.591423 1.334742
vt 3.452735 1.370112
vt 3.453731 1.334742
vt 3.592419 1.370112
vt 3.165299 1.908721
vt 3.028633 1.944053
vt 3.02966 1.908721
vt 3.166326 1.944053
vt 2.529114 2.458667
vt 2.394533 2.423375
vt 2.528056 2.423375
vt 2.393475 2.458667
vt 1.724138 2.870194
vt 1.591702 2.834943
vt 1.723049 2.834943
vt 1.590614 2.870194
vt 0.8061834 3.140165
vt 0.6759553 3.104955
vt 0.8050647 3.104955
vt 0.6748366 3.140165
vt -0.1622657 3.23863
vt -0.2902262 3.203463
vt -0.1634147 3.203463
vt -0.2913751 3.23863
vt -1.115288 3.341463
vt -1.241531 3.325551
vt -1.115856 3.325551
vt -1.242099 3.341463
vt 1.101677 0.185292
vt 1.255812 0.2010568
vt 1.101575 0.2010568
vt 1.255709 0.185292
vt 1.105183 -1.176674
vt 1.253042 -1.141124
vt 1.104345 -1.141124
vt 1.252204 -1.176674
vt 0.303939 0.3067047
vt 0.1496284 0.3224767
vt 0.1497018 0.3067047
vt 0.3040124 0.3224767
vt 0.2994615 -1.378957
vt 0.1533096 -1.343441
vt 0.1541793 -1.378957
vt 0.3003312 -1.343441
vt -0.6632739 0.4752826
vt -0.817702 0.4595059
vt -0.663318 0.4595059
vt -0.817746 0.4752826
vt -0.6687704 -1.443012
vt -0.8131511 -1.40753
vt -0.8122496 -1.443012
vt -0.6678689 -1.40753
vt -1.580125 0.6272793
vt -1.734612 0.6115002
vt -1.58014 0.6115002
vt -1.734627 0.6272793
vt -1.586569 -1.355752
vt -1.729115 -1.320306
vt -1.728182 -1.355752
vt -1.585636 -1.320306
vt -2.384044 3.523175
vt -2.538545 0.6852308
vt -2.384044 0.6852308
vt -2.538545 3.523175
vt -2.390488 -1.079609
vt -2.531136 -1.115018
vt -2.391452 -1.115018
vt -2.532101 -1.079609
vt -3.020386 3.681735
vt -3.17473 3.637333
vt -3.020229 3.637333
vt -3.174573 3.681735
vt -3.027638 -0.695027
vt -3.166326 -0.7303978
vt -3.028633 -0.7303978
vt -3.167322 -0.695027
vt -3.445841 3.700452
vt -3.59967 3.656101
vt -3.445484 3.656101
vt -3.599312 3.700452
vt -3.453731 -0.1878172
vt -3.590396 -0.2231491
vt -3.454757 -0.2231491
vt -3.591423 -0.1878172
vt -3.631437 3.504772
vt -3.784352 3.460511
vt -3.630881 3.460511
vt -3.783796 3.504772
vt -3.775436 0.4100899
vt -3.640854 0.3747978
vt -3.639797 0.4100899
vt -3.774378 0.3747978
vt -3.56456 3.09608
vt -3.716167 3.051946
vt -3.563808 3.051946
vt -3.715415 3.09608
vt -3.706749 1.057982
vt -3.574314 1.02273
vt -3.573226 1.057982
vt -3.705661 1.02273
vt -3.249817 2.503505
vt -3.399728 2.459533
vt -3.248872 2.459533
vt -3.398783 2.503505
vt -3.389973 1.70903
vt -3.259745 1.673821
vt -3.258627 1.70903
vt -3.388855 1.673821
vt -2.855417 1.781468
vt -2.707584 1.73769
vt -2.708717 1.781468
vt -2.85655 1.73769
vt -2.846622 2.313566
vt -2.718661 2.278399
vt -2.717512 2.313566
vt -2.845473 2.278399
vt -2.122274 1.004428
vt -1.97689 0.9608762
vt -1.978207 1.004428
vt -2.12359 0.9608762
vt -1.986835 2.996487
vt -2.113078 2.980575
vt -1.987403 2.980575
vt -2.113646 2.996487
vt -1.249233 0.2592875
vt -1.10666 0.2159867
vt -1.108154 0.2592875
vt -1.250727 0.2159867
vt -0.154787 0.5854141
vt -0.3001704 0.5418619
vt -0.1534705 0.5418619
vt -0.2988538 0.5854141
vt 0.8138599 1.088378
vt 0.666027 1.044601
vt 0.814993 1.044601
vt 0.66716 1.088378
vt 1.731859 1.689993
vt 1.581948 1.64602
vt 1.732803 1.64602
vt 1.582893 1.689993
vt 2.536722 2.305846
vt 2.385115 2.261711
vt 2.537474 2.261711
vt 2.385867 2.305846
vt 3.173659 2.854944
vt 3.020744 2.810682
vt 3.174215 2.810682
vt 3.0213 2.854944
vt 3.599312 3.268662
vt 3.445484 3.224311
vt 3.59967 3.224311
vt 3.445841 3.268662
vt 3.630365 3.45375
vt 3.784709 3.498152
vt 3.630523 3.498152
vt 3.784867 3.45375
vt 3.562737 0.6852308
vt 3.717238 3.523175
vt 3.562737 3.523175
vt 3.717238 0.6852308
vt 3.401536 0.6467567
vt 3.247049 0.6625358
vt 3.247064 0.6467567
vt 3.401551 0.6625358
vt 2.704875 0.5342887
vt 2.859303 0.5500654
vt 2.704831 0.5500654
vt 2.859259 0.5342887
vt 1.973122 0.3712094
vt 2.127432 0.3869813
vt 1.973048 0.3869813
vt 2.127359 0.3712094
vt 1.977599 -1.039525
vt 2.123751 -1.004009
vt 1.97673 -1.004009
vt 2.122881 -1.039525
vt 2.710327 -0.7626497
vt 2.854708 -0.7271685
vt 2.709426 -0.7271685
vt 2.853806 -0.7626497
vt 3.395107 -0.3588324
vt 3.25256 -0.323387
vt 3.253494 -0.3588324
vt 3.39604 -0.323387
vt 3.70983 0.1483899
vt 3.569181 0.1837985
vt 3.570146 0.1483899
vt 3.710794 0.1837985
vt 3.776462 0.7259492
vt 3.637774 0.76132
vt 3.63877 0.7259492
vt 3.777458 0.76132
vt 3.590396 1.333291
vt 3.453731 1.368623
vt 3.454757 1.333291
vt 3.591423 1.368623
vt 3.164241 1.925117
vt 3.02966 1.960409
vt 3.030718 1.925117
vt 3.165299 1.960409
vt 2.526968 2.454633
vt 2.394533 2.489884
vt 2.395621 2.454633
vt 2.528056 2.489884
vt 1.723049 2.912288
vt 1.592821 2.877079
vt 1.721931 2.877079
vt 1.591702 2.912288
vt 0.8050647 3.188434
vt 0.6771042 3.153267
vt 0.8039157 3.153267
vt 0.6759553 3.188434
vt -0.1634147 3.491627
vt -0.2896578 3.475715
vt -0.1639831 3.475715
vt -0.2902262 3.491627
vt -1.115856 3.785592
vt -1.240886 3.769807
vt -1.1165 3.769807
vt -1.241531 3.785592
vt 1.101575 0.3262674
vt 1.255885 0.3420393
vt 1.101501 0.3420393
vt 1.255812 0.3262674
vt 1.106052 -1.276016
vt 1.252204 -1.2405
vt 1.105183 -1.2405
vt 1.251334 -1.276016
vt 0.3040124 0.4552152
vt 0.1495844 0.4709919
vt 0.1496284 0.4552152
vt 0.3040565 0.4709919
vt 0.29856 -1.482048
vt 0.1541793 -1.446567
vt 0.1550808 -1.482048
vt 0.2994615 -1.446567
vt -0.6632592 0.6206023
vt -0.817746 0.6048232
vt -0.6632739 0.6048232
vt -0.8177607 0.6206023
vt -0.6697035 -1.544551
vt -0.8122496 -1.509106
vt -0.8113165 -1.544551
vt -0.6687704 -1.509106
vt -1.580125 3.523175
vt -1.734627 0.6852308
vt -1.580125 0.6852308
vt -1.734627 3.523175
vt -1.586569 -1.415168
vt -1.727218 -1.450577
vt -1.587534 -1.450577
vt -1.728182 -1.415168
vt -2.384201 3.740736
vt -2.538545 3.696335
vt -2.384044 3.696335
vt -2.538387 3.740736
vt -2.391452 -1.163084
vt -2.530141 -1.198454
vt -2.392448 -1.198454
vt -2.531136 -1.163084
vt -3.020744 3.860088
vt -3.174573 3.815737
vt -3.020386 3.815737
vt -3.174215 3.860088
vt -3.028633 -0.7632471
vt -3.165299 -0.7985791
vt -3.02966 -0.7985791
vt -3.166326 -0.7632471
vt -3.446397 3.776418
vt -3.599312 3.732157
vt -3.445841 3.732157
vt -3.598756 3.776418
vt -3.454757 -0.2379854
vt -3.589339 -0.2732775
vt -3.455815 -0.2732775
vt -3.590396 -0.2379854
vt -3.632189 3.470509
vt -3.783796 3.426374
vt -3.631437 3.426374
vt -3.783044 3.470509
vt -3.774378 0.3795176
vt -3.641943 0.3442663
vt -3.640854 0.3795176
vt -3.77329 0.3442663
vt -3.565505 2.950965
vt -3.715415 2.906992
vt -3.56456 2.906992
vt -3.714471 2.950965
vt -3.705661 1.047197
vt -3.575433 1.011987
vt -3.574314 1.047197
vt -3.704542 1.011987
vt -3.25095 2.254184
vt -3.398783 2.210406
vt -3.249817 2.210406
vt -3.39765 2.254184
vt -3.388855 1.716869
vt -3.260894 1.681702
vt -3.259745 1.716869
vt -3.387706 1.681702
vt -2.8541 1.441332
vt -2.708717 1.39778
vt -2.710033 1.441332
vt -2.855417 1.39778
vt -2.845473 2.480208
vt -2.719229 2.464296
vt -2.718661 2.480208
vt -2.844904 2.464296
vt -2.12078 0.5925415
vt -1.978207 0.5492407
vt -1.979701 0.5925415
vt -2.122274 0.5492407
vt -1.987403 3.39135
vt -2.112433 3.375565
vt -1.988047 3.375565
vt -2.113078 3.39135
vt -1.247567 -0.2011843
vt -1.108154 -0.2442113
vt -1.109819 -0.2011843
vt -1.249233 -0.2442113
vt -0.1562812 0.1142262
vt -0.2988538 0.07092544
vt -0.154787 0.07092544
vt -0.2973596 0.1142262
vt 0.8125434 0.6318583
vt 0.66716 0.5883061
vt 0.8138599 0.5883061
vt 0.6684766 0.6318583
vt 1.730726 1.274007
vt 1.582893 1.23023
vt 1.731859 1.23023
vt 1.584026 1.274007
vt 2.535777 1.95462
vt 2.385867 1.910648
vt 2.536722 1.910648
vt 2.386811 1.95462
vt 3.172907 2.589117
vt 3.0213 2.544983
vt 3.173659 2.544983
vt 3.022052 2.589117
vt 3.598756 3.103666
vt 3.445841 3.059405
vt 3.599312 3.059405
vt 3.446397 3.103666
vt 3.630523 3.39866
vt 3.784352 3.443011
vt 3.630881 3.443011
vt 3.784709 3.39866
vt 3.562737 3.531739
vt 3.717081 3.576141
vt 3.562895 3.576141
vt 3.717238 3.531739
vt 3.247049 0.6852308
vt 3.401551 3.523175
vt 3.247049 3.523175
vt 3.401551 0.6852308
vt 1.973048 0.4939256
vt 2.127476 0.5097023
vt 1.973004 0.5097023
vt 2.127432 0.4939256
vt 1.978501 -1.129867
vt 2.122881 -1.094386
vt 1.977599 -1.094386
vt 2.12198 -1.129867
vt 2.71126 -0.8396231
vt 2.853806 -0.8041777
vt 2.710327 -0.8041777
vt 2.852873 -0.8396231
vt 3.394142 -0.4190083
vt 3.253494 -0.3835996
vt 3.254458 -0.4190083
vt 3.395107 -0.3835996
vt 3.708834 0.1072706
vt 3.570146 0.1426414
vt 3.571141 0.1072706
vt 3.70983 0.1426414
vt 3.775436 0.7048269
vt 3.63877 0.7401589
vt 3.639797 0.7048269
vt 3.776462 0.7401589
vt 3.589339 1.331731
vt 3.454757 1.367023
vt 3.455815 1.331731
vt 3.590396 1.367023
vt 3.163153 1.941346
vt 3.030718 1.976597
vt 3.031806 1.941346
vt 3.164241 1.976597
vt 2.525849 2.485671
vt 2.395621 2.520881
vt 2.39674 2.485671
vt 2.526968 2.520881
vt 1.721931 2.954119
vt 1.59397 2.918952
vt 1.720782 2.918952
vt 1.592821 2.954119
vt 0.8039157 3.436745
vt 0.6776726 3.420833
vt 0.8033473 3.420833
vt 0.6771042 3.436745
vt -0.1639831 3.957201
vt -0.2890134 3.941416
vt -0.1646275 3.941416
vt -0.2896578 3.957201
vt -1.1165 4.214286
vt -1.24017 4.198637
vt -1.117217 4.198637
vt -1.240886 4.214286
vt 1.101501 0.4669551
vt 1.255929 0.4827318
vt 1.101457 0.4827318
vt 1.255885 0.4669551
vt 1.106954 -1.37524
vt 1.251334 -1.339759
vt 1.106052 -1.339759
vt 1.250433 -1.37524
vt 0.3040565 0.6033929
vt 0.1495697 0.6191719
vt 0.1495844 0.6033929
vt 0.3040712 0.6191719
vt 0.2976269 -1.584997
vt 0.1550808 -1.549552
vt 0.1560139 -1.584997
vt 0.29856 -1.549552
vt -0.6632592 3.523175
vt -0.8177607 0.6852308
vt -0.6632592 0.6852308
vt -0.8177607 3.523175
vt -0.670668 -1.645938
vt -0.8113165 -1.61053
vt -0.810352 -1.645938
vt -0.6697035 -1.61053
vt -1.580283 3.784453
vt -1.734627 3.740051
vt -1.580125 3.740051
vt -1.734469 3.784453
vt -1.587534 -1.509881
vt -1.726222 -1.545252
vt -1.58853 -1.545252
vt -1.727218 -1.509881
vt -2.384559 3.994133
vt -2.538387 3.949782
vt -2.384201 3.949782
vt -2.53803 3.994133
vt -2.392448 -1.246428
vt -2.529114 -1.28176
vt -2.393475 -1.28176
vt -2.530141 -1.246428
vt -3.0213 4.025141
vt -3.174215 3.980879
vt -3.020744 3.980879
vt -3.173659 4.025141
vt -3.02966 -0.8313713
vt -3.164241 -0.8666635
vt -3.030718 -0.8666635
vt -3.165299 -0.8313713
vt -3.447149 3.838955
vt -3.598756 3.79482
vt -3.446397 3.79482
vt -3.598004 3.838955
vt -3.455815 -0.2881048
vt -3.58825 -0.3233562
vt -3.456903 -0.3233562
vt -3.589339 -0.2881048
vt -3.633133 3.423053
vt -3.783044 3.37908
vt -3.632189 3.37908
vt -3.782099 3.423053
vt -3.77329 0.3489362
vt -3.643062 0.3137266
vt -3.641943 0.3489362
vt -3.772171 0.3137266
vt -3.566638 2.793314
vt -3.714471 2.749537
vt -3.565505 2.749537
vt -3.713338 2.793314
vt -3.704542 1.036339
vt -3.576582 1.001172
vt -3.575433 1.036339
vt -3.703393 1.001172
vt -3.252267 1.993427
vt -3.39765 1.949875
vt -3.25095 1.949875
vt -3.396333 1.993427
vt -3.387706 1.827809
vt -3.261463 1.811897
vt -3.260894 1.827809
vt -3.387137 1.811897
vt -2.852606 1.091278
vt -2.710033 1.047977
vt -2.711528 1.091278
vt -2.8541 1.047977
vt -2.844904 2.801342
vt -2.719874 2.785557
vt -2.719229 2.801342
vt -2.84426 2.785557
vt -2.119114 0.1725818
vt -1.979701 0.1295547
vt -1.981366 0.1725818
vt -2.12078 0.1295547
vt -1.988047 3.772381
vt -2.111717 3.756732
vt -1.988763 3.756732
vt -2.112433 3.772381
vt -1.245738 -0.6677132
vt -1.109819 -0.7104486
vt -1.111648 -0.6677132
vt -1.247567 -0.7104486
vt -0.1579465 -0.3638799
vt -0.2973596 -0.4069069
vt -0.1562812 -0.4069069
vt -0.2956944 -0.3638799
vt 0.8110492 0.1672435
vt 0.6684766 0.1239427
vt 0.8125434 0.1239427
vt 0.6699708 0.1672435
vt 1.729409 0.8486584
vt 1.584026 0.8051062
vt 1.730726 0.8051062
vt 1.585342 0.8486584
vt 2.534644 1.592848
vt 2.386811 1.549071
vt 2.535777 1.549071
vt 2.387944 1.592848
vt 3.171963 2.311775
vt 3.022052 2.267802
vt 3.172907 2.267802
vt 3.022997 2.311775
vt 3.598004 2.926471
vt 3.446397 2.882336
vt 3.598756 2.882336
vt 3.447149 2.926471
vt 3.630881 3.33105
vt 3.783796 3.375312
vt 3.631437 3.375312
vt 3.784352 3.33105
vt 3.562895 3.575841
vt 3.716723 3.620192
vt 3.563252 3.620192
vt 3.717081 3.575841
vt 3.247049 3.605659
vt 3.401393 3.650061
vt 3.247207 3.650061
vt 3.401551 3.605659
vt 1.979434 -1.2201
vt 2.12198 -1.184654
vt 1.978501 -1.184654
vt 2.121047 -1.2201
vt 2.712225 -0.9165095
vt 2.852873 -0.8811008
vt 2.71126 -0.8811008
vt 2.851909 -0.9165095
vt 3.393146 -0.4791322
vt 3.254458 -0.4437614
vt 3.255454 -0.4791322
vt 3.394142 -0.4437614
vt 3.707807 0.06615698
vt 3.571141 0.1014889
vt 3.572168 0.06615698
vt 3.708834 0.1014889
vt 3.774378 0.6836556
vt 3.639797 0.7189477
vt 3.640854 0.6836556
vt 3.775436 0.7189477
vt 3.58825 1.330062
vt 3.455815 1.365314
vt 3.456903 1.330062
vt 3.589339 1.365314
vt 3.162034 1.957407
vt 3.031806 1.992617
vt 3.032925 1.957407
vt 3.163153 1.992617
vt 2.5247 2.516488
vt 2.39674 2.551655
vt 2.397889 2.516488
vt 2.525849 2.551655
vt 1.720782 3.180557
vt 1.594539 3.164645
vt 1.720213 3.164645
vt 1.59397 3.180557
vt 0.8033473 3.894481
vt 0.678317 3.878696
vt 0.8027029 3.878696
vt 0.6776726 3.894481
vt -0.1646275 4.406641
vt -0.2882973 4.390992
vt -0.1653435 4.390992
vt -0.2890134 4.406641
vt -1.118 4.608679
vt -1.24017 4.624187
vt -1.239387 4.608679
vt -1.117217 4.624187
vt 1.107887 -1.474333
vt 1.250433 -1.438887
vt 1.106954 -1.438887
vt 1.2495 -1.474333
vt 0.3040712 0.6852308
vt 0.1495697 3.523175
vt 0.1495697 0.6852308
vt 0.3040712 3.523175
vt 0.2966624 -1.68779
vt 0.1560139 -1.652381
vt 0.1569784 -1.68779
vt 0.2976269 -1.652381
vt -0.6632592 3.765502
vt -0.8176032 3.809904
vt -0.8177607 3.765502
vt -0.6634168 3.809904
vt -0.6716638 -1.747157
vt -0.810352 -1.711787
vt -0.8093562 -1.747157
vt -0.670668 -1.711787
vt -1.58064 4.093451
vt -1.734469 4.0491
vt -1.580283 4.0491
vt -1.734111 4.093451
vt -1.58853 -1.604432
vt -1.725195 -1.639764
vt -1.589556 -1.639764
vt -1.726222 -1.604432
vt -2.385115 4.23399
vt -2.53803 4.189728
vt -2.384559 4.189728
vt -2.537474 4.23399
vt -2.393475 -1.32963
vt -2.528056 -1.364922
vt -2.394533 -1.364922
vt -2.529114 -1.32963
vt -3.022052 4.176308
vt -3.173659 4.132173
vt -3.0213 4.132173
vt -3.172907 4.176308
vt -3.030718 -0.8993884
vt -3.163153 -0.9346398
vt -3.031806 -0.9346398
vt -3.164241 -0.8993884
vt -3.448094 3.887597
vt -3.598004 3.843625
vt -3.447149 3.843625
vt -3.59706 3.887597
vt -3.456903 -0.3381668
vt -3.587131 -0.3733764
vt -3.458022 -0.3733764
vt -3.58825 -0.3381668
vt -3.634266 3.362119
vt -3.782099 3.318342
vt -3.633133 3.318342
vt -3.780966 3.362119
vt -3.772171 0.3183516
vt -3.64421 0.2831846
vt -3.643062 0.3183516
vt -3.771022 0.2831846
vt -3.567954 2.623089
vt -3.713338 2.579537
vt -3.566638 2.579537
vt -3.712021 2.623089
vt -3.703393 1.083751
vt -3.57715 1.067839
vt -3.576582 1.083751
vt -3.702825 1.067839
vt -3.253761 1.721508
vt -3.396333 1.678207
vt -3.252267 1.678207
vt -3.394839 1.721508
vt -3.387137 2.055775
vt -3.262107 2.03999
vt -3.261463 2.055775
vt -3.386493 2.03999
vt -2.850941 0.7319467
vt -2.711528 0.6889197
vt -2.713193 0.7319467
vt -2.852606 0.6889197
vt -2.84426 3.111043
vt -2.72059 3.095394
vt -2.719874 3.111043
vt -2.843544 3.095394
vt -2.117285 -0.2544053
vt -1.981366 -0.2971406
vt -1.983195 -0.2544053
vt -2.119114 -0.2971406
vt -1.988763 4.136591
vt -2.110934 4.121083
vt -1.989546 4.121083
vt -2.111717 4.136591
vt -1.243754 -1.138852
vt -1.111648 -1.181282
vt -1.113633 -1.138852
vt -1.245738 -1.181282
vt -0.1597754 -0.8476209
vt -0.2956944 -0.8903562
vt -0.1579465 -0.8903562
vt -0.2938655 -0.8476209
vt 0.8093839 -0.3044177
vt 0.6699708 -0.3474447
vt 0.8110492 -0.3474447
vt 0.671636 -0.3044177
vt 1.727915 0.4147261
vt 1.585342 0.3714253
vt 1.729409 0.3714253
vt 1.586837 0.4147261
vt 2.533328 1.22104
vt 2.387944 1.177488
vt 2.534644 1.177488
vt 2.389261 1.22104
vt 3.17083 2.023173
vt 3.022997 1.979396
vt 3.171963 1.979396
vt 3.02413 2.023173
vt 3.59706 2.737117
vt 3.447149 2.693145
vt 3.598004 2.693145
vt 3.448094 2.737117
vt 3.631437 3.250782
vt 3.783044 3.294916
vt 3.632189 3.294916
vt 3.783796 3.250782
vt 3.563252 3.607108
vt 3.716167 3.651369
vt 3.563808 3.651369
vt 3.716723 3.607108
vt 3.401393 3.743778
vt 3.247564 3.788129
vt 3.247207 3.743778
vt 3.401036 3.788129
vt 2.859318 3.670473
vt 2.704974 3.714875
vt 2.704816 3.670473
vt 2.85916 3.714875
vt 1.980398 -1.31021
vt 2.121047 -1.274801
vt 1.979434 -1.274801
vt 2.120082 -1.31021
vt 2.713221 -0.9932968
vt 2.851909 -0.9579261
vt 2.712225 -0.9579261
vt 2.850913 -0.9932968
vt 3.392119 -0.5391943
vt 3.255454 -0.5038624
vt 3.256481 -0.5391943
vt 3.393146 -0.5038624
vt 3.706749 0.02505627
vt 3.572168 0.06034838
vt 3.573226 0.02505627
vt 3.707807 0.06034838
vt 3.77329 0.6624398
vt 3.640854 0.6976912
vt 3.641943 0.6624398
vt 3.774378 0.6976912
vt 3.587131 1.328287
vt 3.456903 1.363497
vt 3.458022 1.328287
vt 3.58825 1.363497
vt 3.160885 1.9733
vt 3.032925 2.008467
vt 3.034074 1.9733
vt 3.162034 2.008467
vt 2.524132 2.72461
vt 2.397889 2.740522
vt 2.398457 2.72461
vt 2.5247 2.740522
vt 1.720213 3.601707
vt 1.595183 3.585922
vt 1.719569 3.585922
vt 1.594539 3.601707
vt 0.8027029 4.336339
vt 0.6790331 4.32069
vt 0.8019869 4.32069
vt 0.678317 4.336339
vt -0.1661265 4.820923
vt -0.2882973 4.836432
vt -0.2875143 4.820923
vt -0.1653435 4.836432
vt -1.118844 4.996145
vt -1.239387 5.011511
vt -1.238543 4.996145
vt -1.118 5.011511
vt 1.108851 -1.573279
vt 1.2495 -1.537871
vt 1.107887 -1.537871
vt 1.248535 -1.573279
vt 0.3039136 3.815357
vt 0.1495697 3.770955
vt 0.3040712 3.770955
vt 0.1497273 3.815357
vt 0.2956666 -1.790411
vt 0.1569784 -1.75504
vt 0.1579742 -1.790411
vt 0.2966624 -1.75504
vt -0.6634168 4.106922
vt -0.8172456 4.151273
vt -0.8176032 4.106922
vt -0.6637744 4.151273
vt -0.6726906 -1.848193
vt -0.8093562 -1.812861
vt -0.8083294 -1.848193
vt -0.6716638 -1.812861
vt -1.58064 4.344471
vt -1.733555 4.388732
vt -1.734111 4.344471
vt -1.581196 4.388732
vt -1.590614 -1.734097
vt -1.725195 -1.698805
vt -1.724138 -1.734097
vt -1.589556 -1.698805
vt -2.385867 4.459579
vt -2.537474 4.415444
vt -2.385115 4.415444
vt -2.536722 4.459579
vt -2.394533 -1.412675
vt -2.526968 -1.447927
vt -2.395621 -1.447927
vt -2.528056 -1.412675
vt -3.022997 4.31294
vt -3.172907 4.268967
vt -3.022052 4.268967
vt -3.171963 4.31294
vt -3.031806 -0.967287
vt -3.162034 -1.002497
vt -3.032925 -1.002497
vt -3.163153 -0.967287
vt -3.449227 3.921835
vt -3.59706 3.878057
vt -3.448094 3.878057
vt -3.595927 3.921835
vt -3.458022 -0.3881623
vt -3.585983 -0.4233294
vt -3.459171 -0.4233294
vt -3.587131 -0.3881623
vt -3.635583 3.287408
vt -3.780966 3.243856
vt -3.634266 3.243856
vt -3.77965 3.287408
vt -3.771022 0.2987401
vt -3.644779 0.2828281
vt -3.64421 0.2987401
vt -3.770454 0.2828281
vt -3.569449 2.440283
vt -3.712021 2.396982
vt -3.567954 2.396982
vt -3.710527 2.440283
vt -3.702825 1.205459
vt -3.577795 1.189674
vt -3.57715 1.205459
vt -3.702181 1.189674
vt -3.255426 1.438791
vt -3.394839 1.395764
vt -3.253761 1.395764
vt -3.393174 1.438791
vt -3.386493 2.27534
vt -3.262823 2.25969
vt -3.262107 2.27534
vt -3.385777 2.25969
vt -2.715022 0.3641366
vt -2.850941 0.3214013
vt -2.713193 0.3214013
vt -2.849112 0.3641366
vt -2.843544 3.406873
vt -2.721373 3.391365
vt -2.72059 3.406873
vt -2.842761 3.391365
vt -2.115301 -0.687158
vt -1.983195 -0.7295886
vt -1.98518 -0.687158
vt -2.117285 -0.7295886
vt -1.990391 4.465243
vt -2.110934 4.480609
vt -2.11009 4.465243
vt -1.989546 4.480609
vt -1.243754 -1.655003
vt -1.115764 -1.612885
vt -1.241623 -1.612885
vt -1.113633 -1.655003
vt -0.1617599 -1.335468
vt -0.2938655 -1.377899
vt -0.1597754 -1.377899
vt -0.2918809 -1.335468
vt 0.807555 -0.781868
vt 0.671636 -0.8246033
vt 0.8093839 -0.8246033
vt 0.6734649 -0.781868
vt 1.72625 -0.02684977
vt 1.586837 -0.06987677
vt 1.727915 -0.06987677
vt 1.588502 -0.02684977
vt 2.531834 0.8398087
vt 2.389261 0.7965079
vt 2.533328 0.7965079
vt 2.390755 0.8398087
vt 3.169513 1.723625
vt 3.02413 1.680073
vt 3.17083 1.680073
vt 3.025446 1.723625
vt 3.595927 2.535656
vt 3.448094 2.491879
vt 3.59706 2.491879
vt 3.449227 2.535656
vt 3.632189 3.157689
vt 3.782099 3.201662
vt 3.633133 3.201662
vt 3.783044 3.157689
vt 3.563808 3.62521
vt 3.715415 3.669345
vt 3.56456 3.669345
vt 3.716167 3.62521
vt 3.401036 3.868763
vt 3.24812 3.913025
vt 3.247564 3.868763
vt 3.40048 3.913025
vt 2.85916 3.891028
vt 2.705331 3.935379
vt 2.704974 3.891028
vt 2.858802 3.935379
vt 2.127491 3.721764
vt 1.973147 3.766166
vt 1.97299 3.721764
vt 2.127334 3.766166
vt 1.981394 -1.400184
vt 2.120082 -1.364813
vt 1.980398 -1.364813
vt 2.119087 -1.400184
vt 2.714247 -1.069973
vt 2.850913 -1.034641
vt 2.713221 -1.034641
vt 2.849886 -1.069973
vt 3.391062 -0.5991847
vt 3.256481 -0.5638926
vt 3.257538 -0.5991847
vt 3.392119 -0.5638926
vt 3.705661 -0.01602411
vt 3.573226 0.01922723
vt 3.574314 -0.01602411
vt 3.706749 0.01922723
vt 3.772171 0.6411841
vt 3.641943 0.6763938
vt 3.643062 0.6411841
vt 3.77329 0.6763938
vt 3.585983 1.326407
vt 3.458022 1.361574
vt 3.459171 1.326407
vt 3.587131 1.361574
vt 3.160317 2.130716
vt 3.034074 2.146628
vt 3.034642 2.130716
vt 3.160885 2.146628
vt 2.523487 3.083047
vt 2.398457 3.098831
vt 2.399101 3.083047
vt 2.524132 3.098831
vt 1.719569 4.00817
vt 1.595899 3.992521
vt 1.718853 3.992521
vt 1.595183 4.00817
vt 0.8019869 4.75886
vt 0.6798161 4.743352
vt 0.8012039 4.743352
vt 0.6790331 4.75886
vt -0.1669712 5.227239
vt -0.2875143 5.242605
vt -0.2866696 5.227239
vt -0.1661265 5.242605
vt -1.119745 5.356854
vt -1.238543 5.37208
vt -1.237642 5.356854
vt -1.118844 5.37208
vt 1.109847 -1.672065
vt 1.248535 -1.636694
vt 1.108851 -1.636694
vt 1.24754 -1.672065
vt 1.255944 3.756036
vt 1.1016 3.800438
vt 1.101443 3.756036
vt 1.255787 3.800438
vt 0.303556 4.163661
vt 0.1497273 4.11931
vt 0.3039136 4.11931
vt 0.1500848 4.163661
vt 0.2946398 -1.892844
vt 0.1579742 -1.857513
vt 0.159001 -1.892844
vt 0.2956666 -1.857513
vt -0.6643304 4.478823
vt -0.8172456 4.434562
vt -0.6637744 4.434562
vt -0.8166896 4.478823
vt -0.6737483 -1.949031
vt -0.8083294 -1.913738
vt -0.8072717 -1.949031
vt -0.6726906 -1.913738
vt -1.581196 4.625329
vt -1.732803 4.669464
vt -1.733555 4.625329
vt -1.581948 4.669464
vt -1.591702 -1.828237
vt -1.724138 -1.792985
vt -1.723049 -1.828237
vt -1.590614 -1.792985
vt -2.386811 4.670095
vt -2.536722 4.626122
vt -2.385867 4.626122
vt -2.535777 4.670095
vt -2.395621 -1.495551
vt -2.525849 -1.530761
vt -2.39674 -1.530761
vt -2.526968 -1.495551
vt -3.02413 4.434317
vt -3.171963 4.39054
vt -3.022997 4.39054
vt -3.17083 4.434317
vt -3.032925 -1.035055
vt -3.160885 -1.070222
vt -3.034074 -1.070222
vt -3.162034 -1.035055
vt -3.450543 3.941112
vt -3.595927 3.897559
vt -3.449227 3.897559
vt -3.59461 3.941112
vt -3.459171 -0.473727
vt -3.585414 -0.489639
vt -3.459739 -0.489639
vt -3.585983 -0.473727
vt -3.637077 3.19862
vt -3.77965 3.155319
vt -3.635583 3.155319
vt -3.778155 3.19862
vt -3.770454 0.3083415
vt -3.645423 0.2925567
vt -3.644779 0.3083415
vt -3.769809 0.2925567
vt -3.571114 2.244944
vt -3.710527 2.201917
vt -3.569449 2.201917
vt -3.708862 2.244944
vt -3.702181 1.322223
vt -3.578511 1.306574
vt -3.577795 1.322223
vt -3.701465 1.306574
vt -3.257255 1.14576
vt -3.393174 1.103025
vt -3.255426 1.103025
vt -3.391345 1.14576
vt -3.385777 2.484761
vt -3.263606 2.469252
vt -3.262823 2.484761
vt -3.384994 2.469252
vt -2.847127 -0.01116958
vt -2.715022 -0.05360016
vt -2.717006 -0.01116958
vt -2.849112 -0.05360016
vt -2.722218 3.670716
vt -2.842761 3.686082
vt -2.841916 3.670716
vt -2.721373 3.686082
vt -2.113169 -1.124169
vt -1.98518 -1.166287
vt -1.987311 -1.124169
vt -2.115301 -1.166287
vt -1.991292 4.785491
vt -2.11009 4.800717
vt -2.109189 4.785491
vt -1.990391 4.800717
vt -1.241623 -1.871314
vt -1.146033 -1.29434
vt -1.211354 -1.29434
vt -1.115764 -1.871314
vt -0.2918809 -1.867735
vt -0.1638913 -1.825617
vt -0.2897496 -1.825617
vt -0.1617599 -1.867735
vt 0.8055705 -1.263608
vt 0.6734649 -1.306039
vt 0.807555 -1.306039
vt 0.6754495 -1.263608
vt 1.724421 -0.4749353
vt 1.588502 -0.5176706
vt 1.72625 -0.5176706
vt 1.590331 -0.4749353
vt 2.530168 0.449908
vt 2.390755 0.406881
vt 2.531834 0.406881
vt 2.39242 0.449908
vt 3.168019 1.413523
vt 3.025446 1.370222
vt 3.169513 1.370222
vt 3.02694 1.413523
vt 3.59461 2.322165
vt 3.449227 2.278612
vt 3.595927 2.278612
vt 3.450543 2.322165
vt 3.633133 3.051594
vt 3.780966 3.095371
vt 3.634266 3.095371
vt 3.782099 3.051594
vt 3.56456 3.629777
vt 3.714471 3.67375
vt 3.565505 3.67375
vt 3.715415 3.629777
vt 3.40048 3.980105
vt 3.248872 4.02424
vt 3.24812 3.980105
vt 3.399728 4.02424
vt 2.858802 4.098186
vt 2.705887 4.142447
vt 2.705331 4.098186
vt 2.858246 4.142447
vt 2.127334 4.007554
vt 1.973505 4.051905
vt 1.973147 4.007554
vt 2.126976 4.051905
vt 1.982421 -1.490008
vt 2.119087 -1.454676
vt 1.981394 -1.454676
vt 2.11806 -1.490008
vt 2.715305 -1.146526
vt 2.849886 -1.111234
vt 2.714247 -1.111234
vt 2.848829 -1.146526
vt 3.389973 -0.6590934
vt 3.257538 -0.623842
vt 3.258627 -0.6590934
vt 3.391062 -0.623842
vt 3.704542 -0.05707671
vt 3.574314 -0.02186707
vt 3.575433 -0.05707671
vt 3.705661 -0.02186707
vt 3.771022 0.6198929
vt 3.643062 0.65506
vt 3.64421 0.6198929
vt 3.772171 0.65506
vt 3.585414 1.423435
vt 3.459171 1.439347
vt 3.459739 1.423435
vt 3.585983 1.439347
vt 3.159673 2.404339
vt 3.034642 2.420124
vt 3.035287 2.404339
vt 3.160317 2.420124
vt 2.522771 3.428849
vt 2.399101 3.444498
vt 2.399817 3.428849
vt 2.523487 3.444498
vt 1.718853 4.39676
vt 1.596682 4.381251
vt 1.71807 4.381251
vt 1.595899 4.39676
vt 0.8003592 5.142778
vt 0.6798161 5.158144
vt 0.6806608 5.142778
vt 0.8012039 5.158144
vt -0.1678721 5.605562
vt -0.2866696 5.620788
vt -0.2857688 5.605562
vt -0.1669712 5.620788
vt -1.120696 5.686318
vt -1.237642 5.70141
vt -1.236691 5.686318
vt -1.119745 5.70141
vt 1.110874 -1.770674
vt 1.24754 -1.735342
vt 1.109847 -1.735342
vt 1.246513 -1.770674
vt 1.255787 4.085417
vt 1.101958 4.129768
vt 1.1016 4.085417
vt 1.255429 4.129768
vt 0.303 4.498123
vt 0.1500848 4.453862
vt 0.303556 4.453862
vt 0.1506408 4.498123
vt 0.2935822 -1.995075
vt 0.159001 -1.959783
vt 0.1600587 -1.995075
vt 0.2946398 -1.959783
vt -0.6650823 4.791658
vt -0.8166896 4.747523
vt -0.6643304 4.747523
vt -0.8159376 4.791658
vt -0.6748366 -2.049653
vt -0.8072717 -2.014402
vt -0.8061834 -2.049653
vt -0.6737483 -2.014402
vt -1.581948 4.890749
vt -1.731859 4.934722
vt -1.732803 4.890749
vt -1.582893 4.934722
vt -1.591702 -1.886958
vt -1.721931 -1.922168
vt -1.592821 -1.922168
vt -1.723049 -1.886958
vt -2.387944 4.864642
vt -2.535777 4.820865
vt -2.386811 4.820865
vt -2.534644 4.864642
vt -2.39674 -1.578243
vt -2.5247 -1.61341
vt -2.397889 -1.61341
vt -2.525849 -1.578243
vt -3.025446 4.539651
vt -3.17083 4.496099
vt -3.02413 4.496099
vt -3.169513 4.539651
vt -3.034074 -1.181008
vt -3.160317 -1.19692
vt -3.034642 -1.19692
vt -3.160885 -1.181008
vt -3.452038 3.944838
vt -3.59461 3.901538
vt -3.450543 3.901538
vt -3.593116 3.944838
vt -3.459739 -0.5744406
vt -3.58477 -0.5902255
vt -3.460384 -0.5902255
vt -3.585414 -0.5744406
vt -3.638742 3.095468
vt -3.778155 3.052441
vt -3.637077 3.052441
vt -3.77649 3.095468
vt -3.769809 0.3166468
vt -3.646139 0.3009977
vt -3.645423 0.3166468
vt -3.769093 0.3009977
vt -3.572943 2.037198
vt -3.708862 1.994463
vt -3.571114 1.994463
vt -3.707033 2.037198
vt -3.701465 1.433095
vt -3.579294 1.417587
vt -3.578511 1.433095
vt -3.700682 1.417587
vt -3.25924 0.8430462
vt -3.391345 0.8006157
vt -3.257255 0.8006157
vt -3.389361 0.8430462
vt -3.263606 2.682073
vt -3.384149 2.666707
vt -3.264451 2.666707
vt -3.384994 2.682073
vt -2.719138 -0.3927744
vt -2.847127 -0.4348923
vt -2.717006 -0.4348923
vt -2.844996 -0.3927744
vt -2.723118 3.930409
vt -2.841916 3.945635
vt -2.841015 3.930409
vt -2.722218 3.945635
vt -2.113169 -1.364668
vt -2.01758 -0.7876945
vt -2.082901 -0.7876945
vt -1.987311 -1.364668
vt -1.992243 5.077827
vt -2.109189 5.092919
vt -2.108238 5.077827
vt -1.991292 5.092919
vt -1.210591 -0.5509579
vt -1.146033 -0.5671563
vt -1.146796 -0.5509579
vt -1.211354 -0.5671563
vt -0.2897496 -2.09185
vt -0.1941602 -1.514877
vt -0.2594807 -1.514877
vt -0.1638913 -2.09185
vt 0.8034391 -1.747867
vt 0.6754495 -1.789985
vt 0.8055705 -1.789985
vt 0.6775809 -1.747867
vt 1.722436 -0.9281695
vt 1.590331 -0.9706001
vt 1.724421 -0.9706001
vt 1.592315 -0.9281695
vt 2.528339 0.05226011
vt 2.39242 0.009524784
vt 2.530168 0.009524784
vt 2.394249 0.05226011
vt 3.166354 1.093365
vt 3.02694 1.050338
vt 3.168019 1.050338
vt 3.028606 1.093365
vt 3.593116 2.09677
vt 3.450543 2.053469
vt 3.59461 2.053469
vt 3.452038 2.09677
vt 3.634266 2.932316
vt 3.77965 2.975868
vt 3.635583 2.975868
vt 3.780966 2.932316
vt 3.565505 3.620399
vt 3.713338 3.664176
vt 3.566638 3.664176
vt 3.714471 3.620399
vt 3.248872 4.077237
vt 3.398783 4.121209
vt 3.249817 4.121209
vt 3.399728 4.077237
vt 2.858246 4.291282
vt 2.706639 4.335416
vt 2.705887 4.291282
vt 2.857494 4.335416
vt 2.126976 4.279741
vt 1.974061 4.324002
vt 1.973505 4.279741
vt 2.12642 4.324002
vt 1.983479 -1.579668
vt 2.11806 -1.544376
vt 1.982421 -1.544376
vt 2.117002 -1.579668
vt 2.716393 -1.222944
vt 2.848829 -1.187692
vt 2.715305 -1.187692
vt 2.84774 -1.222944
vt 3.388855 -0.7189101
vt 3.258627 -0.6837004
vt 3.259745 -0.7189101
vt 3.389973 -0.6837004
vt 3.703393 -0.09809406
vt 3.575433 -0.06292699
vt 3.576582 -0.09809406
vt 3.704542 -0.06292699
vt 3.770454 0.6509682
vt 3.64421 0.6668802
vt 3.644779 0.6509682
vt 3.771022 0.6668802
vt 3.58477 1.596053
vt 3.459739 1.611837
vt 3.460384 1.596053
vt 3.585414 1.611837
vt 3.158957 2.668088
vt 3.035287 2.683737
vt 3.036003 2.668088
vt 3.159673 2.683737
vt 2.521988 3.759298
vt 2.399817 3.774806
vt 2.4006 3.759298
vt 2.522771 3.774806
vt 1.717225 4.748518
vt 1.596682 4.763884
vt 1.597527 4.748518
vt 1.71807 4.763884
vt 0.7994583 5.514664
vt 0.6806608 5.52989
vt 0.6815616 5.514664
vt 0.8003592 5.52989
vt -0.168823 5.951187
vt -0.2857688 5.966279
vt -0.2848179 5.951187
vt -0.1678721 5.966279
vt -1.121691 5.979863
vt -1.236691 5.994831
vt -1.235696 5.979863
vt -1.120696 5.994831
vt 1.111932 -1.869092
vt 1.246513 -1.8338
vt 1.110874 -1.8338
vt 1.245455 -1.869092
vt 1.255429 4.401055
vt 1.102514 4.445317
vt 1.101958 4.401055
vt 1.254873 4.445317
vt 0.3022481 4.817835
vt 0.1506408 4.773701
vt 0.303 4.773701
vt 0.1513928 4.817835
vt 0.2924938 -2.097086
vt 0.1600587 -2.061835
vt 0.161147 -2.097086
vt 0.2935822 -2.061835
vt -0.666027 5.088787
vt -0.8159376 5.044815
vt -0.6650823 5.044815
vt -0.814993 5.088787
vt -0.6759553 -2.150045
vt -0.8061834 -2.114835
vt -0.8050647 -2.150045
vt -0.6748366 -2.114835
vt -1.582893 5.139706
vt -1.730726 5.183483
vt -1.731859 5.139706
vt -1.584026 5.183483
vt -1.59397 -2.015875
vt -1.721931 -1.980708
vt -1.720782 -2.015875
vt -1.592821 -1.980708
vt -2.389261 5.042236
vt -2.534644 4.998684
vt -2.387944 4.998684
vt -2.533328 5.042236
vt -2.397889 -1.774902
vt -2.524132 -1.790814
vt -2.398457 -1.790814
vt -2.5247 -1.774902
vt -3.02694 4.628086
vt -3.169513 4.584785
vt -3.025446 4.584785
vt -3.168019 4.628086
vt -3.034642 -1.382727
vt -3.159673 -1.398512
vt -3.035287 -1.398512
vt -3.160317 -1.382727
vt -3.453703 3.9324
vt -3.593116 3.889373
vt -3.452038 3.889373
vt -3.591451 3.9324
vt -3.460384 -0.6728609
vt -3.584054 -0.68851
vt -3.4611 -0.68851
vt -3.58477 -0.6728609
vt -3.640571 2.977702
vt -3.77649 2.934966
vt -3.638742 2.934966
vt -3.774661 2.977702
vt -3.646139 0.3235462
vt -3.76831 0.3080379
vt -3.646922 0.3080379
vt -3.769093 0.3235462
vt -3.574927 1.817276
vt -3.707033 1.774845
vt -3.572943 1.774845
vt -3.705048 1.817276
vt -3.579294 1.537005
vt -3.699837 1.521639
vt -3.580139 1.521639
vt -3.700682 1.537005
vt -3.261371 0.531456
vt -3.389361 0.4893381
vt -3.25924 0.4893381
vt -3.387229 0.531456
vt -3.264451 2.865106
vt -3.383248 2.84988
vt -3.265352 2.84988
vt -3.384149 2.865106
vt -2.749407 -0.02946665
vt -2.844996 -0.6064403
vt -2.719138 -0.6064403
vt -2.814727 -0.02946665
vt -2.724069 4.167181
vt -2.841015 4.182273
vt -2.840064 4.167181
vt -2.723118 4.182273
vt -2.082138 -0.09598634
vt -2.01758 -0.1121847
vt -2.018343 -0.09598634
vt -2.082901 -0.1121847
vt -1.993238 5.338091
vt -2.108238 5.353059
vt -2.107243 5.338091
vt -1.992243 5.353059
vt -1.209883 -0.05342252
vt -1.146796 -0.06973135
vt -1.147504 -0.05342252
vt -1.210591 -0.06973135
vt -0.1949233 -0.7490013
vt -0.2594807 -0.7651996
vt -0.1941602 -0.7651996
vt -0.2587176 -0.7490013
vt 0.6775809 -2.011248
vt 0.7731702 -1.434275
vt 0.7078497 -1.434275
vt 0.8034391 -2.011248
vt 1.720305 -1.384935
vt 1.592315 -1.427053
vt 1.722436 -1.427053
vt 1.594447 -1.384935
vt 2.526355 -0.3520113
vt 2.394249 -0.3944419
vt 2.528339 -0.3944419
vt 2.396234 -0.3520113
vt 3.164525 0.7637908
vt 3.028606 0.7210554
vt 3.166354 0.7210554
vt 3.030435 0.7637908
vt 3.591451 1.859672
vt 3.452038 1.816645
vt 3.593116 1.816645
vt 3.453703 1.859672
vt 3.635583 2.799688
vt 3.778155 2.842989
vt 3.637077 2.842989
vt 3.77965 2.799688
vt 3.566638 3.596635
vt 3.712021 3.640187
vt 3.567954 3.640187
vt 3.713338 3.596635
vt 3.398783 4.15953
vt 3.25095 4.203307
vt 3.249817 4.15953
vt 3.39765 4.203307
vt 2.857494 4.469575
vt 2.707584 4.513547
vt 2.706639 4.469575
vt 2.85655 4.513547
vt 2.12642 4.537533
vt 1.974813 4.581667
vt 1.974061 4.537533
vt 2.125668 4.581667
vt 1.984567 -1.66915
vt 2.117002 -1.633899
vt 1.983479 -1.633899
vt 2.115914 -1.66915
vt 2.717512 -1.299213
vt 2.84774 -1.264003
vt 2.716393 -1.264003
vt 2.846622 -1.299213
vt 3.387706 -0.7786245
vt 3.259745 -0.7434574
vt 3.260894 -0.7786245
vt 3.388855 -0.7434574
vt 3.702825 -0.134043
vt 3.576582 -0.118131
vt 3.57715 -0.134043
vt 3.703393 -0.118131
vt 3.769809 0.7132704
vt 3.644779 0.7290553
vt 3.645423 0.7132704
vt 3.770454 0.7290553
vt 3.584054 1.762082
vt 3.460384 1.777731
vt 3.4611 1.762082
vt 3.58477 1.777731
vt 3.158174 2.919877
vt 3.036003 2.935385
vt 3.036786 2.919877
vt 3.158957 2.935385
vt 2.401445 4.071326
vt 2.521988 4.086692
vt 2.4006 4.086692
vt 2.521143 4.071326
vt 1.716324 5.090355
vt 1.597527 5.105581
vt 1.598427 5.090355
vt 1.717225 5.105581
vt 0.7985074 5.854382
vt 0.6815616 5.869474
vt 0.6825125 5.854382
vt 0.7994583 5.869474
vt -0.1698177 6.259218
vt -0.2848179 6.274186
vt -0.2838232 6.259218
vt -0.168823 6.274186
vt -1.122722 6.232806
vt -1.235696 6.247664
vt -1.234664 6.232806
vt -1.121691 6.247664
vt 1.11302 -1.967304
vt 1.245455 -1.932052
vt 1.111932 -1.932052
vt 1.244367 -1.967304
vt 1.254873 4.702077
vt 1.103266 4.746211
vt 1.102514 4.702077
vt 1.254121 4.746211
vt 0.3013034 5.121792
vt 0.1513928 5.07782
vt 0.3022481 5.07782
vt 0.1523374 5.121792
vt 0.2913751 -2.198862
vt 0.161147 -2.163652
vt 0.1622657 -2.198862
vt 0.2924938 -2.163652
vt -0.66716 5.369112
vt -0.814993 5.325335
vt -0.666027 5.325335
vt -0.8138599 5.369112
vt -0.6771042 -2.250189
vt -0.8050647 -2.215022
vt -0.8039157 -2.250189
vt -0.6759553 -2.215022
vt -1.585342 5.414618
vt -1.730726 5.371066
vt -1.584026 5.371066
vt -1.729409 5.414618
vt -1.594539 -2.230849
vt -1.720782 -2.214937
vt -1.720213 -2.230849
vt -1.59397 -2.214937
vt -2.390755 5.2018
vt -2.533328 5.158499
vt -2.389261 5.158499
vt -2.531834 5.2018
vt -2.398457 -2.061435
vt -2.523487 -2.077219
vt -2.399101 -2.077219
vt -2.524132 -2.061435
vt -3.028606 4.698707
vt -3.168019 4.65568
vt -3.02694 4.65568
vt -3.166354 4.698707
vt -3.035287 -1.578867
vt -3.158957 -1.594516
vt -3.036003 -1.594516
vt -3.159673 -1.578867
vt -3.455532 3.903176
vt -3.591451 3.860441
vt -3.453703 3.860441
vt -3.589622 3.903176
vt -3.4611 -0.768273
vt -3.583271 -0.7837813
vt -3.461883 -0.7837813
vt -3.584054 -0.768273
vt -3.642556 2.845128
vt -3.774661 2.802697
vt -3.640571 2.802697
vt -3.772677 2.845128
vt -3.646922 0.3289119
vt -3.767465 0.3135459
vt -3.647767 0.3135459
vt -3.76831 0.3289119
vt -3.577059 1.585537
vt -3.705048 1.543419
vt -3.574927 1.543419
vt -3.702917 1.585537
vt -3.580139 1.632768
vt -3.698936 1.617542
vt -3.581039 1.617542
vt -3.699837 1.632768
vt -3.29164 0.9286714
vt -3.387229 0.3516978
vt -3.261371 0.3516978
vt -3.35696 0.9286714
vt -3.265352 3.031532
vt -3.382297 3.016439
vt -3.266303 3.016439
vt -3.383248 3.031532
vt -2.813964 0.5849079
vt -2.749407 0.5687096
vt -2.75017 0.5849079
vt -2.814727 0.5687096
vt -2.725064 4.377638
vt -2.840064 4.392606
vt -2.83907 4.377638
vt -2.724069 4.392606
vt -2.08143 0.3653952
vt -2.018343 0.3490864
vt -2.01905 0.3653952
vt -2.082138 0.3490864
vt -1.994269 5.562114
vt -2.107243 5.576971
vt -2.106211 5.562114
vt -1.993238 5.576971
vt -1.209235 0.4380906
vt -1.147504 0.4216755
vt -1.148152 0.4380906
vt -1.209883 0.4216755
vt -0.1956306 -0.2357285
vt -0.2587176 -0.2520374
vt -0.1949233 -0.2520374
vt -0.2580103 -0.2357285
vt 0.7724071 -0.67662
vt 0.7078497 -0.6928184
vt 0.7731702 -0.6928184
vt 0.7086128 -0.67662
vt 1.690036 -1.058027
vt 1.594447 -1.635001
vt 1.720305 -1.635001
vt 1.624716 -1.058027
vt 2.524223 -0.7615527
vt 2.396234 -0.8036706
vt 2.526355 -0.8036706
vt 2.398365 -0.7615527
vt 3.16254 0.4256021
vt 3.030435 0.3831715
vt 3.164525 0.3831715
vt 3.032419 0.4256021
vt 3.589622 1.611167
vt 3.453703 1.568432
vt 3.591451 1.568432
vt 3.455532 1.611167
vt 3.637077 2.653578
vt 3.77649 2.696605
vt 3.638742 2.696605
vt 3.778155 2.653578
vt 3.567954 3.558025
vt 3.710527 3.601325
vt 3.569449 3.601325
vt 3.712021 3.558025
vt 3.39765 4.226297
vt 3.252267 4.269849
vt 3.25095 4.226297
vt 3.396333 4.269849
vt 2.85655 4.632246
vt 2.708717 4.676023
vt 2.707584 4.632246
vt 2.855417 4.676023
vt 2.125668 4.780053
vt 1.975757 4.824026
vt 1.974813 4.780053
vt 2.124723 4.824026
vt 1.985686 -1.758439
vt 2.115914 -1.723229
vt 1.984567 -1.723229
vt 2.114795 -1.758439
vt 2.718661 -1.375321
vt 2.846622 -1.340154
vt 2.717512 -1.340154
vt 2.845473 -1.375321
vt 3.387137 -0.878101
vt 3.260894 -0.862189
vt 3.261463 -0.878101
vt 3.387706 -0.862189
vt 3.702181 -0.1838472
vt 3.57715 -0.1680623
vt 3.577795 -0.1838472
vt 3.702825 -0.1680623
vt 3.769093 0.7725743
vt 3.645423 0.7882235
vt 3.646139 0.7725743
vt 3.769809 0.7882235
vt 3.461883 1.920193
vt 3.584054 1.935701
vt 3.4611 1.935701
vt 3.583271 1.920193
vt 3.03763 3.157353
vt 3.158174 3.172719
vt 3.036786 3.172719
vt 3.157329 3.157353
vt 2.402346 4.361552
vt 2.521143 4.376778
vt 2.401445 4.376778
vt 2.520243 4.361552
vt 1.599378 5.402502
vt 1.716324 5.417594
vt 1.598427 5.417594
vt 1.715373 5.402502
vt 0.7975127 6.157119
vt 0.6825125 6.172087
vt 0.6835072 6.157119
vt 0.7985074 6.172087
vt -0.1708495 6.52475
vt -0.2838232 6.539608
vt -0.2827913 6.52475
vt -0.1698177 6.539608
vt -1.123785 6.440669
vt -1.234664 6.455433
vt -1.233602 6.440669
vt -1.122722 6.455433
vt 1.114139 -2.065293
vt 1.244367 -2.030083
vt 1.11302 -2.030083
vt 1.243248 -2.065293
vt 1.254121 4.987514
vt 1.10421 5.031487
vt 1.103266 4.987514
vt 1.253176 5.031487
vt 0.3001704 5.408879
vt 0.1523374 5.365102
vt 0.3013034 5.365102
vt 0.1534705 5.408879
vt 0.2902262 -2.300386
vt 0.1622657 -2.265219
vt 0.1634147 -2.300386
vt 0.2913751 -2.265219
vt -0.6684766 5.631418
vt -0.8138599 5.587866
vt -0.66716 5.587866
vt -0.8125434 5.631418
vt -0.6776726 -2.487037
vt -0.8039157 -2.471125
vt -0.8033473 -2.487037
vt -0.6771042 -2.471125
vt -1.586837 5.626882
vt -1.729409 5.583581
vt -1.585342 5.583581
vt -1.727915 5.626882
vt -1.595183 -2.580095
vt -1.720213 -2.56431
vt -1.719569 -2.580095
vt -1.594539 -2.56431
vt -2.39242 5.342164
vt -2.531834 5.299137
vt -2.390755 5.299137
vt -2.530168 5.342164
vt -2.399101 -2.339628
vt -2.522771 -2.355277
vt -2.399817 -2.355277
vt -2.523487 -2.339628
vt -3.030435 4.750552
vt -3.166354 4.707817
vt -3.028606 4.707817
vt -3.164525 4.750552
vt -3.036003 -1.767957
vt -3.158174 -1.783465
vt -3.036786 -1.783465
vt -3.158957 -1.767957
vt -3.457516 3.856555
vt -3.589622 3.814124
vt -3.455532 3.814124
vt -3.587637 3.856555
vt -3.461883 -0.8598763
vt -3.582426 -0.8752423
vt -3.462728 -0.8752423
vt -3.583271 -0.8598763
vt -3.770545 2.697635
vt -3.642556 2.655517
vt -3.644687 2.697635
vt -3.772677 2.655517
vt -3.647767 0.3326013
vt -3.766565 0.3173753
vt -3.648668 0.3173753
vt -3.767465 0.3326013
vt -3.672648 2.021424
vt -3.577059 1.444451
vt -3.607327 2.021424
vt -3.702917 1.444451
vt -3.581039 1.719115
vt -3.697985 1.704023
vt -3.58199 1.704023
vt -3.698936 1.719115
vt -3.292403 1.445323
vt -3.35696 1.429125
vt -3.29164 1.429125
vt -3.356197 1.445323
vt -3.266303 3.178925
vt -3.381303 3.163957
vt -3.267297 3.163957
vt -3.382297 3.178925
vt -2.750877 0.9921828
vt -2.813964 0.975874
vt -2.75017 0.975874
vt -2.813257 0.9921828
vt -2.726096 4.558379
vt -2.83907 4.573237
vt -2.838038 4.558379
vt -2.725064 4.573237
vt -2.080782 0.8196961
vt -2.01905 0.803281
vt -2.019699 0.8196961
vt -2.08143 0.803281
vt -1.995332 5.745909
vt -2.106211 5.760674
vt -2.105149 5.745909
vt -1.994269 5.760674
vt -1.208647 0.9222205
vt -1.148152 0.9057049
vt -1.14874 0.9222205
vt -1.209235 0.9057049
vt -0.1962792 0.2719826
vt -0.2580103 0.2555675
vt -0.1956306 0.2555675
vt -0.2573617 0.2719826
vt 0.7716999 -0.169099
vt 0.7086128 -0.1854079
vt 0.7724071 -0.1854079
vt 0.7093201 -0.169099
vt 1.689273 -0.3387469
vt 1.624716 -0.3549453
vt 1.690036 -0.3549453
vt 1.625479 -0.3387469
vt 2.493955 -0.4117746
vt 2.398365 -0.9887482
vt 2.524223 -0.9887482
vt 2.428634 -0.4117746
vt 3.160409 0.07979665
vt 3.032419 0.03767871
vt 3.16254 0.03767871
vt 3.03455 0.07979665
vt 3.587637 1.351678
vt 3.455532 1.309247
vt 3.589622 1.309247
vt 3.457516 1.351678
vt 3.638742 2.493906
vt 3.774661 2.536642
vt 3.640571 2.536642
vt 3.77649 2.493906
vt 3.569449 3.504101
vt 3.708862 3.547128
vt 3.571114 3.547128
vt 3.710527 3.504101
vt 3.396333 4.2768
vt 3.253761 4.3201
vt 3.252267 4.2768
vt 3.394839 4.3201
vt 2.855417 4.778392
vt 2.710033 4.821944
vt 2.708717 4.778392
vt 2.8541 4.821944
vt 2.124723 5.006332
vt 1.97689 5.05011
vt 1.975757 5.006332
vt 2.12359 5.05011
vt 1.986835 -1.847521
vt 2.114795 -1.812354
vt 1.985686 -1.812354
vt 2.113646 -1.847521
vt 2.719229 -1.5305
vt 2.845473 -1.514588
vt 2.718661 -1.514588
vt 2.844904 -1.5305
vt 3.386493 -1.034163
vt 3.261463 -1.018378
vt 3.262107 -1.034163
vt 3.387137 -1.018378
vt 3.701465 -0.2330019
vt 3.577795 -0.2173528
vt 3.578511 -0.2330019
vt 3.702181 -0.2173528
vt 3.646922 0.828374
vt 3.769093 0.8438823
vt 3.646139 0.8438823
vt 3.76831 0.828374
vt 3.462728 2.068883
vt 3.583271 2.084249
vt 3.461883 2.084249
vt 3.582426 2.068883
vt 3.038531 3.377921
vt 3.157329 3.393147
vt 3.03763 3.393147
vt 3.156428 3.377921
vt 2.403297 4.62634
vt 2.520243 4.641432
vt 2.402346 4.641432
vt 2.519292 4.62634
vt 1.714379 5.680523
vt 1.599378 5.695492
vt 1.600373 5.680523
vt 1.715373 5.695492
vt 0.7964809 6.41805
vt 0.6835072 6.432907
vt 0.6845391 6.41805
vt 0.7975127 6.432907
vt -0.1719116 6.743089
vt -0.2827913 6.757853
vt -0.2817292 6.743089
vt -0.1708495 6.757853
vt -1.12487 6.599421
vt -1.233602 6.614112
vt -1.232517 6.599421
vt -1.123785 6.614112
vt 1.115288 -2.163043
vt 1.243248 -2.127876
vt 1.114139 -2.127876
vt 1.242099 -2.163043
vt 1.253176 5.256296
vt 1.105343 5.300073
vt 1.10421 5.256296
vt 1.252043 5.300073
vt 0.2988538 5.677862
vt 0.1534705 5.63431
vt 0.3001704 5.63431
vt 0.154787 5.677862
vt 0.2896578 -2.541919
vt 0.1634147 -2.526007
vt 0.1639831 -2.541919
vt 0.2902262 -2.526007
vt -0.6699708 5.874365
vt -0.8125434 5.831064
vt -0.6684766 5.831064
vt -0.8110492 5.874365
vt -0.678317 -2.872869
vt -0.8033473 -2.857084
vt -0.8027029 -2.872869
vt -0.6776726 -2.857084
vt -1.588502 5.818922
vt -1.727915 5.775895
vt -1.586837 5.775895
vt -1.72625 5.818922
vt -1.595899 -2.918949
vt -1.719569 -2.9033
vt -1.718853 -2.918949
vt -1.595183 -2.9033
vt -2.394249 5.462083
vt -2.530168 5.419348
vt -2.39242 5.419348
vt -2.528339 5.462083
vt -2.399817 -2.607378
vt -2.521988 -2.622886
vt -2.4006 -2.622886
vt -2.522771 -2.607378
vt -3.032419 4.78263
vt -3.164525 4.7402
vt -3.030435 4.7402
vt -3.16254 4.78263
vt -3.036786 -1.948346
vt -3.157329 -1.963712
vt -3.03763 -1.963712
vt -3.158174 -1.948346
vt -3.585506 3.791963
vt -3.457516 3.749845
vt -3.459648 3.791963
vt -3.587637 3.749845
vt -3.462728 -0.9467894
vt -3.581525 -0.9620154
vt -3.463628 -0.9620154
vt -3.582426 -0.9467894
vt -3.740276 3.174322
vt -3.644687 2.597349
vt -3.674956 3.174322
vt -3.770545 2.597349
vt -3.648668 0.3344626
vt -3.765614 0.3193704
vt -3.649619 0.3193704
vt -3.766565 0.3344626
vt -3.608091 2.426623
vt -3.672648 2.410425
vt -3.607327 2.410425
vt -3.671885 2.426623
vt -3.58199 1.794727
vt -3.69699 1.779759
vt -3.582985 1.779759
vt -3.697985 1.794727
vt -3.29311 1.784226
vt -3.356197 1.767917
vt -3.292403 1.767917
vt -3.35549 1.784226
vt -3.267297 3.304864
vt -3.380271 3.290006
vt -3.268329 3.290006
vt -3.381303 3.304864
vt -2.812608 1.390793
vt -2.750877 1.374378
vt -2.751526 1.390793
vt -2.813257 1.374378
vt -2.727158 4.706157
vt -2.838038 4.720922
vt -2.836976 4.706157
vt -2.726096 4.720922
vt -2.080194 1.265716
vt -2.019699 1.2492
vt -2.020287 1.265716
vt -2.080782 1.2492
vt -1.996417 5.885894
vt -2.105149 5.900584
vt -2.104064 5.885894
vt -1.995332 5.900584
vt -1.208123 1.397801
vt -1.14874 1.381192
vt -1.149263 1.397801
vt -1.208647 1.381192
vt -0.1968666 0.7727014
vt -0.2573617 0.7561858
vt -0.1962792 0.7561858
vt -0.2567743 0.7727014
vt 0.7710512 0.332692
vt 0.7093201 0.3162769
vt 0.7716999 0.3162769
vt 0.7099687 0.332692
vt 1.688566 0.1419253
vt 1.625479 0.1256165
vt 1.689273 0.1256165
vt 1.626186 0.1419253
vt 2.493191 0.2415926
vt 2.428634 0.2253942
vt 2.493955 0.2253942
vt 2.429397 0.2415926
vt 3.160409 -0.1165319
vt 3.064819 0.4604418
vt 3.03455 -0.1165319
vt 3.13014 0.4604418
vt 3.587637 1.039659
vt 3.459648 1.081777
vt 3.457516 1.039659
vt 3.585506 1.081777
vt 3.640571 2.320674
vt 3.772677 2.363105
vt 3.642556 2.363105
vt 3.774661 2.320674
vt 3.571114 3.43441
vt 3.707033 3.477145
vt 3.572943 3.477145
vt 3.708862 3.43441
vt 3.253761 4.310254
vt 3.393174 4.353281
vt 3.255426 4.353281
vt 3.394839 4.310254
vt 2.8541 4.90703
vt 2.711528 4.950331
vt 2.710033 4.90703
vt 2.852606 4.950331
vt 2.12359 5.215296
vt 1.978207 5.258848
vt 1.97689 5.215296
vt 2.122274 5.258848
vt 1.987403 -2.046779
vt 2.113646 -2.030867
vt 1.986835 -2.030867
vt 2.113078 -2.046779
vt 2.719874 -1.77973
vt 2.844904 -1.763945
vt 2.719229 -1.763945
vt 2.84426 -1.77973
vt 3.385777 -1.186118
vt 3.262107 -1.170469
vt 3.262823 -1.186118
vt 3.386493 -1.170469
vt 3.700682 -0.2811753
vt 3.578511 -0.265667
vt 3.579294 -0.2811753
vt 3.701465 -0.265667
vt 3.647767 0.8800951
vt 3.76831 0.8954611
vt 3.646922 0.8954611
vt 3.767465 0.8800951
vt 3.463628 2.206494
vt 3.582426 2.22172
vt 3.462728 2.22172
vt 3.581525 2.206494
vt 3.039482 3.578792
vt 3.156428 3.593884
vt 3.038531 3.593884
vt 3.155477 3.578792
vt 2.404292 4.86191
vt 2.519292 4.876879
vt 2.403297 4.876879
vt 2.518297 4.86191
vt 1.713347 5.919977
vt 1.600373 5.934835
vt 1.601405 5.919977
vt 1.714379 5.934835
vt 0.7954188 6.63256
vt 0.6845391 6.647324
vt 0.6856012 6.63256
vt 0.7964809 6.647324
vt -0.172997 6.910011
vt -0.2817292 6.924701
vt -0.2806439 6.910011
vt -0.1719116 6.924701
vt -1.125971 6.705728
vt -1.232517 6.720366
vt -1.231415 6.705728
vt -1.12487 6.720366
vt 1.115856 -2.391755
vt 1.242099 -2.375843
vt 1.115288 -2.375843
vt 1.241531 -2.391755
vt 1.252043 5.507233
vt 1.10666 5.550785
vt 1.105343 5.507233
vt 1.250727 5.550785
vt 0.2973596 5.927382
vt 0.154787 5.884081
vt 0.2988538 5.884081
vt 0.1562812 5.927382
vt 0.2890134 -2.935589
vt 0.1639831 -2.919804
vt 0.1646275 -2.935589
vt 0.2896578 -2.919804
vt -0.671636 6.09649
vt -0.8110492 6.053463
vt -0.6699708 6.053463
vt -0.8093839 6.09649
vt -0.6790331 -3.247118
vt -0.8027029 -3.231469
vt -0.8019869 -3.247118
vt -0.678317 -3.231469
vt -1.590331 5.989278
vt -1.72625 5.946543
vt -1.588502 5.946543
vt -1.724421 5.989278
vt -1.596682 -3.244839
vt -1.718853 -3.229331
vt -1.71807 -3.244839
vt -1.595899 -3.229331
vt -2.396234 5.560244
vt -2.528339 5.517813
vt -2.394249 5.517813
vt -2.526355 5.560244
vt -2.521988 -2.862319
vt -2.401445 -2.877685
vt -2.4006 -2.862319
vt -2.521143 -2.877685
vt -3.03455 4.793943
vt -3.16254 4.751825
vt -3.032419 4.751825
vt -3.160409 4.793943
vt -3.03763 -2.118216
vt -3.156428 -2.133442
vt -3.038531 -2.133442
vt -3.157329 -2.118216
vt -3.555237 4.308798
vt -3.459648 3.731824
vt -3.489917 4.308798
vt -3.585506 3.731824
vt -3.463628 -1.028064
vt -3.580574 -1.043156
vt -3.464579 -1.043156
vt -3.581525 -1.028064
vt -3.675719 3.461934
vt -3.740276 3.445736
vt -3.674956 3.445736
vt -3.739513 3.461934
vt -3.649619 0.3343423
vt -3.764619 0.3193741
vt -3.650613 0.3193741
vt -3.765614 0.3343423
vt -3.608798 2.687548
vt -3.671885 2.671239
vt -3.608091 2.671239
vt -3.671178 2.687548
vt -3.582985 1.858289
vt -3.695959 1.843431
vt -3.584017 1.843431
vt -3.69699 1.858289
vt -3.293759 2.112463
vt -3.35549 2.096048
vt -3.29311 2.096048
vt -3.354841 2.112463
vt -3.268329 3.407034
vt -3.379209 3.39227
vt -3.269391 3.39227
vt -3.380271 3.407034
vt -2.812021 1.779778
vt -2.751526 1.763263
vt -2.752113 1.779778
vt -2.812608 1.763263
vt -2.728243 4.818053
vt -2.836976 4.832744
vt -2.83589 4.818053
vt -2.727158 4.832744
vt -2.07967 1.702431
vt -2.020287 1.685823
vt -2.02081 1.702431
vt -2.080194 1.685823
vt -1.997518 5.979101
vt -2.104064 5.993739
vt -2.102962 5.979101
vt -1.996417 5.993739
vt -1.207665 1.863833
vt -1.149263 1.84714
vt -1.149722 1.863833
vt -1.208123 1.84714
vt -0.1973905 1.265199
vt -0.2567743 1.24859
vt -0.1968666 1.24859
vt -0.2562504 1.265199
vt 0.7704638 0.8273479
vt 0.7099687 0.8108323
vt 0.7710512 0.8108323
vt 0.7105562 0.8273479
vt 1.687917 0.6160817
vt 1.626186 0.5996666
vt 1.688566 0.5996666
vt 1.626835 0.6160817
vt 2.492484 0.6761487
vt 2.429397 0.6598399
vt 2.493191 0.6598399
vt 2.430104 0.6761487
vt 3.129377 1.024849
vt 3.064819 1.008651
vt 3.13014 1.008651
vt 3.065582 1.024849
vt 3.585506 0.9222082
vt 3.489917 1.499182
vt 3.459648 0.9222082
vt 3.555237 1.499182
vt 3.772677 2.133986
vt 3.644687 2.176104
vt 3.642556 2.133986
vt 3.770545 2.176104
vt 3.572943 3.348526
vt 3.705048 3.390956
vt 3.574927 3.390956
vt 3.707033 3.348526
vt 3.393174 4.325848
vt 3.257255 4.368583
vt 3.255426 4.325848
vt 3.391345 4.368583
vt 2.852606 5.017098
vt 2.713193 5.060125
vt 2.711528 5.017098
vt 2.850941 5.060125
vt 2.122274 5.405766
vt 1.979701 5.449067
vt 1.978207 5.405766
vt 2.12078 5.449067
vt 1.988047 -2.369738
vt 2.113078 -2.353953
vt 1.987403 -2.353953
vt 2.112433 -2.369738
vt 2.72059 -2.021822
vt 2.84426 -2.006173
vt 2.719874 -2.006173
vt 2.843544 -2.021822
vt 3.384994 -1.332841
vt 3.262823 -1.317332
vt 3.263606 -1.332841
vt 3.385777 -1.317332
vt 3.580139 -0.3279977
vt 3.700682 -0.3126318
vt 3.579294 -0.3126318
vt 3.699837 -0.3279977
vt 3.648668 0.9271036
vt 3.767465 0.9423296
vt 3.647767 0.9423296
vt 3.766565 0.9271036
vt 3.464579 2.331246
vt 3.581525 2.346338
vt 3.463628 2.346338
vt 3.580574 2.331246
vt 3.040477 3.757067
vt 3.155477 3.772036
vt 3.039482 3.772036
vt 3.154482 3.757067
vt 2.405323 5.064475
vt 2.518297 5.079332
vt 2.404292 5.079332
vt 2.517265 5.064475
vt 1.712285 6.116614
vt 1.601405 6.131379
vt 1.602467 6.116614
vt 1.713347 6.131379
vt 0.7943334 6.796496
vt 0.6856012 6.811186
vt 0.6866866 6.796496
vt 0.7954188 6.811186
vt -0.1740984 7.02202
vt -0.2806439 7.036657
vt -0.2795425 7.02202
vt -0.172997 7.036657
vt 1.467983 4.726361
vt 1.467983 5.087957
vt 1.45422 4.907159
vt 1.508335 4.557884
vt 1.508335 5.256434
vt 1.572525 5.401108
vt 1.572525 4.413209
vt 1.65618 4.302197
vt 1.65618 5.51212
vt 1.753597 4.232411
vt 1.753597 5.581906
vt 1.85814 4.208609
vt 1.85814 5.605708
vt 1.962682 4.232411
vt 1.962682 5.581906
vt 2.060099 5.51212
vt 2.060099 4.302197
vt 2.143754 4.413209
vt 2.143754 5.401108
vt 2.207944 4.557884
vt 2.207944 5.256434
vt 2.248296 5.087957
vt 2.248296 4.726361
vt 2.262059 4.907159
vt 1.1165 -2.76398
vt 1.241531 -2.748195
vt 1.115856 -2.748195
vt 1.240886 -2.76398
vt 1.250727 5.73902
vt 1.108154 5.782321
vt 1.10666 5.73902
vt 1.249233 5.782321
vt 0.2956944 6.155952
vt 0.1562812 6.112925
vt 0.2973596 6.112925
vt 0.1579465 6.155952
vt 0.2882973 -3.31742
vt 0.1646275 -3.301771
vt 0.1653435 -3.31742
vt 0.2890134 -3.301771
vt -0.6734649 6.296211
vt -0.8093839 6.253476
vt -0.671636 6.253476
vt -0.807555 6.296211
vt -0.6798161 -3.60694
vt -0.8019869 -3.591432
vt -0.8012039 -3.60694
vt -0.6790331 -3.591432
vt -1.592315 6.136402
vt -1.724421 6.093971
vt -1.590331 6.093971
vt -1.722436 6.136402
vt -1.71807 -3.539511
vt -1.597527 -3.554877
vt -1.596682 -3.539511
vt -1.717225 -3.554877
vt -2.398365 5.635292
vt -2.526355 5.593174
vt -2.396234 5.593174
vt -2.524223 5.635292
vt -2.521143 -3.101847
vt -2.402346 -3.117073
vt -2.401445 -3.101847
vt -2.520243 -3.117073
vt -3.13014 5.347538
vt -3.03455 4.770564
vt -3.064819 5.347538
vt -3.160409 4.770564
vt -3.038531 -2.27561
vt -3.155477 -2.290702
vt -3.039482 -2.290702
vt -3.156428 -2.27561
vt -3.49068 4.480702
vt -3.555237 4.464503
vt -3.489917 4.464503
vt -3.554474 4.480702
vt -3.464579 -1.102706
vt -3.57958 -1.117675
vt -3.465574 -1.117675
vt -3.580574 -1.102706
vt -3.676426 3.640589
vt -3.739513 3.62428
vt -3.675719 3.62428
vt -3.738806 3.640589
vt -3.650613 0.3320944
vt -3.763587 0.3172365
vt -3.651645 0.3172365
vt -3.764619 0.3320944
vt -3.609446 2.935524
vt -3.671178 2.919109
vt -3.608798 2.919109
vt -3.670529 2.935524
vt -3.584017 1.908551
vt -3.694896 1.893786
vt -3.585079 1.893786
vt -3.695959 1.908551
vt -3.294346 2.429376
vt -3.354841 2.41286
vt -3.293759 2.41286
vt -3.354254 2.429376
vt -3.269391 3.483362
vt -3.378123 3.468672
vt -3.270477 3.468672
vt -3.379209 3.483362
vt -2.811497 2.15833
vt -2.752113 2.141722
vt -2.752637 2.15833
vt -2.812021 2.141722
vt -2.729345 4.891658
vt -2.83589 4.906296
vt -2.834789 4.891658
vt -2.728243 4.906296
vt -2.079212 2.128973
vt -2.02081 2.112279
vt -2.021269 2.128973
vt -2.07967 2.112279
vt -1.207274 2.319457
vt -1.149722 2.302689
vt -1.150113 2.319457
vt -1.207665 2.302689
vt -0.1978488 1.748421
vt -0.2562504 1.731728
vt -0.1973905 1.731728
vt -0.255792 1.748421
vt 0.7699399 1.313663
vt 0.7105562 1.297054
vt 0.7704638 1.297054
vt 0.7110801 1.313663
vt 1.68733 1.082436
vt 1.626835 1.06592
vt 1.687917 1.06592
vt 1.627422 1.082436
vt 2.491836 1.102839
vt 2.430104 1.086424
vt 2.492484 1.086424
vt 2.430753 1.102839
vt 3.128669 1.397165
vt 3.065582 1.380856
vt 3.129377 1.380856
vt 3.06629 1.397165
vt 3.554474 1.957646
vt 3.489917 1.941447
vt 3.555237 1.941447
vt 3.49068 1.957646
vt 3.770545 2.056684
vt 3.674956 2.633657
vt 3.644687 2.056684
vt 3.740276 2.633657
vt 3.574927 3.246084
vt 3.702917 3.288202
vt 3.577059 3.288202
vt 3.705048 3.246084
vt 3.391345 4.322756
vt 3.25924 4.365186
vt 3.257255 4.322756
vt 3.389361 4.365186
vt 2.850941 5.107471
vt 2.715022 5.150207
vt 2.713193 5.107471
vt 2.849112 5.150207
vt 2.12078 5.576463
vt 1.981366 5.61949
vt 1.979701 5.576463
vt 2.119114 5.61949
vt 1.988763 -2.68316
vt 2.112433 -2.667511
vt 1.988047 -2.667511
vt 2.111717 -2.68316
vt 2.721373 -2.254953
vt 2.843544 -2.239444
vt 2.72059 -2.239444
vt 2.842761 -2.254953
vt 3.264451 -1.473066
vt 3.384994 -1.4577
vt 3.263606 -1.4577
vt 3.384149 -1.473066
vt 3.581039 -0.3730631
vt 3.699837 -0.3578371
vt 3.580139 -0.3578371
vt 3.698936 -0.3730631
vt 3.649619 0.9687193
vt 3.766565 0.9838114
vt 3.648668 0.9838114
vt 3.765614 0.9687193
vt 3.465574 2.441287
vt 3.580574 2.456256
vt 3.464579 2.456256
vt 3.57958 2.441287
vt 3.041509 3.909844
vt 3.154482 3.924701
vt 3.040477 3.924701
vt 3.153451 3.909844
vt 2.406386 5.230413
vt 2.517265 5.245177
vt 2.405323 5.245177
vt 2.516203 5.230413
vt 1.711199 6.266613
vt 1.602467 6.281303
vt 1.603552 6.266613
vt 1.712285 6.281303
vt 0.7932321 6.906421
vt 0.6866866 6.921059
vt 0.6877879 6.906421
vt 0.7943334 6.921059
vt 3.654894 1.072229
vt 3.76144 1.086867
vt 3.653793 1.086867
vt 3.760338 1.072229
vt 3.587266 -0.5812473
vt 3.693811 -0.5666093
vt 3.586164 -0.5666093
vt 3.69271 -0.5812473
vt 3.271578 -2.148464
vt 3.378123 -2.133826
vt 3.270477 -2.133826
vt 3.377022 -2.148464
vt 2.728243 -3.507979
vt 2.834789 -3.522617
vt 2.83589 -3.507979
vt 2.729345 -3.522617
vt 1.996417 -4.595422
vt 2.102962 -4.61006
vt 2.104064 -4.595422
vt 1.997518 -4.61006
vt 1.12487 -5.322049
vt 1.231415 -5.336687
vt 1.232517 -5.322049
vt 1.125971 -5.336687
vt 0.172997 -5.63834
vt 0.2795425 -5.652978
vt 0.2806439 -5.63834
vt 0.1740984 -5.652978
vt -0.7943334 -5.522742
vt -0.6877879 -5.53738
vt -0.6866866 -5.522742
vt -0.7932321 -5.53738
vt -1.711199 -4.983131
vt -1.604654 -4.997769
vt -1.603552 -4.983131
vt -1.710098 -4.997769
vt -2.407471 -4.056281
vt -2.514016 -4.070919
vt -2.408572 -4.070919
vt -2.515118 -4.056281
vt -3.043656 -2.805356
vt -3.150202 -2.819994
vt -3.044758 -2.819994
vt -3.151303 -2.805356
vt -3.468753 -1.315605
vt -3.575299 -1.330243
vt -3.469855 -1.330243
vt -3.5764 -1.315605
vt -3.653793 0.31145
vt -3.760338 0.2968121
vt -3.654894 0.2968121
vt -3.76144 0.31145
vt -3.586164 1.964926
vt -3.69271 1.950288
vt -3.587266 1.950288
vt -3.693811 1.964926
vt -3.270477 3.532143
vt -3.377022 3.517505
vt -3.271578 3.517505
vt -3.378123 3.532143
vt 1.604654 6.36681
vt 1.711199 6.381448
vt 1.603552 6.381448
vt 1.710098 6.36681
vt 2.408572 5.43996
vt 2.515118 5.454598
vt 2.407471 5.454598
vt 2.514016 5.43996
vt 3.044758 4.189035
vt 3.151303 4.203673
vt 3.043656 4.203673
vt 3.150202 4.189035
vt 3.469855 2.699284
vt 3.5764 2.713922
vt 3.468753 2.713922
vt 3.575299 2.699284
vt 1.117217 -3.125065
vt 1.240886 -3.109416
vt 1.1165 -3.109416
vt 1.24017 -3.125065
vt 1.249233 5.950229
vt 1.109819 5.993256
vt 1.108154 5.950229
vt 1.247567 5.993256
vt 0.2938655 6.361964
vt 0.1579465 6.319229
vt 0.2956944 6.319229
vt 0.1597754 6.361964
vt 0.1653435 -3.669003
vt 0.2875143 -3.684511
vt 0.2882973 -3.669003
vt 0.1661265 -3.684511
vt -0.6754495 6.471841
vt -0.807555 6.42941
vt -0.6734649 6.42941
vt -0.8055705 6.471841
vt -0.8012039 -3.933771
vt -0.6806608 -3.949137
vt -0.6798161 -3.933771
vt -0.8003592 -3.949137
vt -1.594447 6.258674
vt -1.722436 6.216556
vt -1.592315 6.216556
vt -1.720305 6.258674
vt -1.717225 -3.83065
vt -1.598427 -3.845876
vt -1.597527 -3.83065
vt -1.716324 -3.845876
vt -2.428634 6.219754
vt -2.524223 5.642781
vt -2.398365 5.642781
vt -2.493955 6.219754
vt -2.520243 -3.323158
vt -2.403297 -3.338251
vt -2.402346 -3.323158
vt -2.519292 -3.338251
vt -3.065582 5.413498
vt -3.13014 5.3973
vt -3.064819 5.3973
vt -3.129377 5.413498
vt -3.039482 -2.418486
vt -3.154482 -2.433455
vt -3.040477 -2.433455
vt -3.155477 -2.418486
vt -3.491387 4.578401
vt -3.554474 4.562092
vt -3.49068 4.562092
vt -3.553767 4.578401
vt -3.465574 -1.169712
vt -3.578548 -1.18457
vt -3.466606 -1.18457
vt -3.57958 -1.169712
vt -3.677075 3.803887
vt -3.738806 3.787472
vt -3.676426 3.787472
vt -3.738157 3.803887
vt -3.651645 0.3275902
vt -3.762525 0.312826
vt -3.652707 0.312826
vt -3.763587 0.3275902
vt -3.610034 3.170239
vt -3.670529 3.153723
vt -3.609446 3.153723
vt -3.669942 3.170239
vt -3.585079 1.944398
vt -3.693811 1.929708
vt -3.586164 1.929708
vt -3.694896 1.944398
vt -3.29487 2.734429
vt -3.354254 2.71782
vt -3.294346 2.71782
vt -3.35373 2.734429
vt -2.811038 2.525771
vt -2.752637 2.509078
vt -2.753095 2.525771
vt -2.811497 2.509078
vt -2.078821 2.544594
vt -2.021269 2.527826
vt -2.02166 2.544594
vt -2.079212 2.527826
vt -1.206952 2.763922
vt -1.150113 2.74709
vt -1.150435 2.763922
vt -1.207274 2.74709
vt -0.1982397 2.221458
vt -0.255792 2.204689
vt -0.1978488 2.204689
vt -0.2554011 2.221458
vt 0.7694816 1.790602
vt 0.7110801 1.773909
vt 0.7699399 1.773909
vt 0.7115384 1.790602
vt 1.686806 1.539889
vt 1.627422 1.52328
vt 1.68733 1.52328
vt 1.627946 1.539889
vt 2.491248 1.520581
vt 2.430753 1.504066
vt 2.491836 1.504066
vt 2.43134 1.520581
vt 3.128021 1.759792
vt 3.06629 1.743377
vt 3.128669 1.743377
vt 3.066938 1.759792
vt 3.553767 2.255837
vt 3.49068 2.239529
vt 3.554474 2.239529
vt 3.491387 2.255837
vt 3.674956 2.960215
vt 3.739513 2.976413
vt 3.675719 2.976413
vt 3.740276 2.960215
vt 3.702917 3.209582
vt 3.607327 3.786556
vt 3.577059 3.209582
vt 3.672648 3.786556
vt 3.389361 4.300165
vt 3.261371 4.342283
vt 3.25924 4.300165
vt 3.387229 4.342283
vt 2.849112 5.176972
vt 2.717006 5.219402
vt 2.715022 5.176972
vt 2.847127 5.219402
vt 2.119114 5.726013
vt 1.983195 5.768748
vt 1.981366 5.726013
vt 2.117285 5.768748
vt 1.989546 -2.984671
vt 2.111717 -2.969163
vt 1.988763 -2.969163
vt 2.110934 -2.984671
vt 2.721373 -2.461709
vt 2.841916 -2.477075
vt 2.842761 -2.461709
vt 2.722218 -2.477075
vt 3.265352 -1.605402
vt 3.384149 -1.590176
vt 3.264451 -1.590176
vt 3.383248 -1.605402
vt 3.58199 -0.4159331
vt 3.698936 -0.4008409
vt 3.581039 -0.4008409
vt 3.697985 -0.4159331
vt 3.650613 1.004239
vt 3.765614 1.019207
vt 3.649619 1.019207
vt 3.764619 1.004239
vt 3.466606 2.53477
vt 3.57958 2.549628
vt 3.465574 2.549628
vt 3.578548 2.53477
vt 3.042571 4.03435
vt 3.153451 4.049114
vt 3.041509 4.049114
vt 3.152388 4.03435
vt 2.407471 5.356472
vt 2.516203 5.371162
vt 2.406386 5.371162
vt 2.515118 5.356472
vt 3.653793 1.067478
vt 3.762525 1.082168
vt 3.652707 1.082168
vt 3.76144 1.067478
vt 3.586164 -0.5561912
vt 3.694896 -0.5415011
vt 3.585079 -0.5415011
vt 3.693811 -0.5561912
vt 3.270477 -2.095155
vt 3.379209 -2.080465
vt 3.269391 -2.080465
vt 3.378123 -2.095155
vt 2.727158 -3.429846
vt 2.83589 -3.444536
vt 2.836976 -3.429846
vt 2.728243 -3.444536
vt 1.995332 -4.497686
vt 2.104064 -4.512377
vt 2.105149 -4.497686
vt 1.996417 -4.512377
vt 1.123785 -5.211214
vt 1.232517 -5.225904
vt 1.233602 -5.211214
vt 1.12487 -5.225904
vt 0.1719116 -5.521804
vt 0.2806439 -5.536494
vt 0.2817292 -5.521804
vt 0.172997 -5.536494
vt -0.7954188 -5.408289
vt -0.6866866 -5.422979
vt -0.6856012 -5.408289
vt -0.7943334 -5.422979
vt -1.712285 -4.878406
vt -1.603552 -4.893096
vt -1.602467 -4.878406
vt -1.711199 -4.893096
vt -2.516203 -3.968264
vt -2.407471 -3.982955
vt -2.406386 -3.968264
vt -2.515118 -3.982955
vt -3.042571 -2.73989
vt -3.151303 -2.75458
vt -3.043656 -2.75458
vt -3.152388 -2.73989
vt -3.467668 -1.276994
vt -3.5764 -1.291684
vt -3.468753 -1.291684
vt -3.577486 -1.276994
vt -3.652707 0.3207294
vt -3.76144 0.3060393
vt -3.653793 0.3060393
vt -3.762525 0.3207294
vt 3.043656 4.128097
vt 3.152388 4.142787
vt 3.042571 4.142787
vt 3.151303 4.128097
vt 3.468753 2.665201
vt 3.577486 2.679891
vt 3.467668 2.679891
vt 3.5764 2.665201
vt 1.117217 -3.456759
vt 1.239387 -3.472267
vt 1.24017 -3.456759
vt 1.118 -3.472267
vt 1.247567 6.139321
vt 1.111648 6.182056
vt 1.109819 6.139321
vt 1.245738 6.182056
vt 0.2918809 6.5437
vt 0.1597754 6.50127
vt 0.2938655 6.50127
vt 0.1617599 6.5437
vt 0.1661265 -4.018232
vt 0.2866696 -4.033598
vt 0.2875143 -4.018232
vt 0.1669712 -4.033598
vt -0.6775809 6.621607
vt -0.8055705 6.579489
vt -0.6754495 6.579489
vt -0.8034391 6.621607
vt -0.8003592 -4.254959
vt -0.6815616 -4.270185
vt -0.6806608 -4.254959
vt -0.7994583 -4.270185
vt -1.624716 6.866007
vt -1.720305 6.289033
vt -1.594447 6.289033
vt -1.690036 6.866007
vt -1.716324 -4.09932
vt -1.599378 -4.114412
vt -1.598427 -4.09932
vt -1.715373 -4.114412
vt -2.429397 6.196755
vt -2.493955 6.180556
vt -2.428634 6.180556
vt -2.493191 6.196755
vt -2.519292 -3.523329
vt -2.404292 -3.538298
vt -2.403297 -3.523329
vt -2.518297 -3.538298
vt -3.06629 5.437074
vt -3.129377 5.420765
vt -3.065582 5.420765
vt -3.128669 5.437074
vt -3.040477 -2.544786
vt -3.153451 -2.559644
vt -3.041509 -2.559644
vt -3.154482 -2.544786
vt -3.492036 4.658374
vt -3.553767 4.641959
vt -3.491387 4.641959
vt -3.553118 4.658374
vt -3.466606 -1.228107
vt -3.577486 -1.242872
vt -3.467668 -1.242872
vt -3.578548 -1.228107
vt -3.677662 3.95188
vt -3.738157 3.935364
vt -3.677075 3.935364
vt -3.73757 3.95188
vt -3.610558 3.391468
vt -3.669942 3.374859
vt -3.610034 3.374859
vt -3.669418 3.391468
vt -3.295328 3.027188
vt -3.35373 3.010495
vt -3.29487 3.010495
vt -3.353272 3.027188
vt -2.810648 2.881526
vt -2.753095 2.864758
vt -2.753486 2.881526
vt -2.811038 2.864758
vt -2.078499 2.948645
vt -2.02166 2.931813
vt -2.021982 2.948645
vt -2.078821 2.931813
vt -1.2067 3.19656
vt -1.150435 3.179675
vt -1.150686 3.19656
vt -1.206952 3.179675
vt -0.1985617 2.683514
vt -0.2554011 2.666682
vt -0.1982397 2.666682
vt -0.2550792 2.683514
vt 0.7690907 2.257275
vt 0.7115384 2.240506
vt 0.7694816 2.240506
vt 0.7119293 2.257275
vt 1.686347 1.987501
vt 1.627946 1.970808
vt 1.686806 1.970808
vt 1.628404 1.987501
vt 2.490724 1.92846
vt 2.43134 1.911852
vt 2.491248 1.911852
vt 2.431864 1.92846
vt 3.127433 2.111926
vt 3.066938 2.09541
vt 3.128021 2.09541
vt 3.067526 2.111926
vt 3.553118 2.542171
vt 3.491387 2.525756
vt 3.553767 2.525756
vt 3.492036 2.542171
vt 3.675719 3.177341
vt 3.738806 3.193649
vt 3.676426 3.193649
vt 3.739513 3.177341
vt 3.607327 3.995526
vt 3.671885 4.011724
vt 3.608091 4.011724
vt 3.672648 3.995526
vt 3.261371 4.302335
vt 3.35696 4.879308
vt 3.29164 4.879308
vt 3.387229 4.302335
vt 2.847127 5.224396
vt 2.719138 5.266514
vt 2.717006 5.224396
vt 2.844996 5.266514
vt 2.117285 5.85296
vt 1.98518 5.89539
vt 1.983195 5.85296
vt 2.115301 5.89539
vt 1.989546 -3.256236
vt 2.11009 -3.271602
vt 2.110934 -3.256236
vt 1.990391 -3.271602
vt 2.722218 -2.670704
vt 2.841015 -2.68593
vt 2.841916 -2.670704
vt 2.723118 -2.68593
vt 3.266303 -1.72835
vt 3.383248 -1.713258
vt 3.265352 -1.713258
vt 3.382297 -1.72835
vt 3.582985 -0.4561463
vt 3.697985 -0.4411781
vt 3.58199 -0.4411781
vt 3.69699 -0.4561463
vt 3.651645 1.032963
vt 3.764619 1.047821
vt 3.650613 1.047821
vt 3.763587 1.032963
vt 3.467668 2.609933
vt 3.578548 2.624697
vt 3.466606 2.624697
vt 3.577486 2.609933
vt 3.652707 1.054236
vt 3.763587 1.069
vt 3.651645 1.069
vt 3.762525 1.054236
vt 3.585079 -0.5267246
vt 3.695959 -0.5119605
vt 3.584017 -0.5119605
vt 3.694896 -0.5267246
vt 3.269391 -2.025208
vt 3.380271 -2.010444
vt 3.268329 -2.010444
vt 3.379209 -2.025208
vt 2.726096 -3.324331
vt 2.836976 -3.339096
vt 2.838038 -3.324331
vt 2.727158 -3.339096
vt 1.994269 -4.364084
vt 2.105149 -4.378848
vt 2.106211 -4.364084
vt 1.995332 -4.378848
vt 1.122722 -5.058843
vt 1.233602 -5.073607
vt 1.234664 -5.058843
vt 1.123785 -5.073607
vt 0.1708495 -5.361263
vt 0.2817292 -5.376027
vt 0.2827913 -5.361263
vt 0.1719116 -5.376027
vt -0.7964809 -5.250734
vt -0.6856012 -5.265498
vt -0.6845391 -5.250734
vt -0.7954188 -5.265498
vt -1.713347 -4.734788
vt -1.602467 -4.749553
vt -1.601405 -4.734788
vt -1.712285 -4.749553
vt -2.405323 -3.848587
vt -2.516203 -3.863352
vt -2.406386 -3.863352
vt -2.517265 -3.848587
vt -3.041509 -2.652524
vt -3.152388 -2.667288
vt -3.042571 -2.667288
vt -3.153451 -2.652524
vt 1.118 -3.787138
vt 1.238543 -3.802504
vt 1.239387 -3.787138
vt 1.118844 -3.802504
vt 1.245738 6.304653
vt 1.113633 6.347084
vt 1.111648 6.304653
vt 1.243754 6.347084
vt 0.2897496 6.699356
vt 0.1617599 6.657238
vt 0.2918809 6.657238
vt 0.1638913 6.699356
vt 0.1669712 -4.345857
vt 0.2857688 -4.361083
vt 0.2866696 -4.345857
vt 0.1678721 -4.361083
vt -0.7078497 7.242254
vt -0.8034391 6.665281
vt -0.6775809 6.665281
vt -0.7731702 7.242254
vt -0.7994583 -4.5512
vt -0.6825125 -4.566292
vt -0.6815616 -4.5512
vt -0.7985074 -4.566292
vt -1.625479 6.777094
vt -1.690036 6.760896
vt -1.624716 6.760896
vt -1.689273 6.777094
vt -1.715373 -4.341942
vt -1.600373 -4.356911
vt -1.599378 -4.341942
vt -1.714379 -4.356911
vt -2.430104 6.15809
vt -2.493191 6.141781
vt -2.429397 6.141781
vt -2.492484 6.15809
vt -2.518297 -3.699417
vt -2.405323 -3.714275
vt -2.404292 -3.699417
vt -2.517265 -3.714275
vt -3.066938 5.440753
vt -3.128669 5.424338
vt -3.06629 5.424338
vt -3.128021 5.440753
vt -3.492623 4.72103
vt -3.553118 4.704515
vt -3.492036 4.704515
vt -3.552531 4.72103
vt -3.678186 4.08467
vt -3.73757 4.068061
vt -3.677662 4.068061
vt -3.737046 4.08467
vt -3.611016 3.599051
vt -3.669418 3.582358
vt -3.610558 3.582358
vt -3.668959 3.599051
vt -3.295719 3.307291
vt -3.353272 3.290523
vt -3.295328 3.290523
vt -3.352881 3.307291
vt -2.810326 3.225095
vt -2.753486 3.208263
vt -2.753808 3.225095
vt -2.810648 3.208263
vt -2.078247 3.340548
vt -2.021982 3.323664
vt -2.022233 3.340548
vt -2.078499 3.323664
vt -1.20652 3.616756
vt -1.150686 3.599832
vt -1.150867 3.616756
vt -1.2067 3.599832
vt -0.1988134 3.133883
vt -0.2550792 3.116999
vt -0.1985617 3.116999
vt -0.2548275 3.133883
vt 0.7687687 2.712902
vt 0.7119293 2.69607
vt 0.7690907 2.69607
vt 0.7122512 2.712902
vt 1.685957 2.424467
vt 1.628404 2.407699
vt 1.686347 2.407699
vt 1.628795 2.424467
vt 2.490266 2.325701
vt 2.431864 2.309007
vt 2.490724 2.309007
vt 2.432323 2.325701
vt 3.12691 2.452897
vt 3.067526 2.436288
vt 3.127433 2.436288
vt 3.06805 2.452897
vt 3.552531 2.81617
vt 3.492036 2.799654
vt 3.553118 2.799654
vt 3.492623 2.81617
vt 3.676426 3.380243
vt 3.738157 3.396658
vt 3.677075 3.396658
vt 3.738806 3.380243
vt 3.608091 4.130382
vt 3.671178 4.14669
vt 3.608798 4.14669
vt 3.671885 4.130382
vt 3.35696 4.976826
vt 3.292403 4.993024
vt 3.29164 4.976826
vt 3.356197 4.993024
vt 2.844996 5.260473
vt 2.749407 5.837446
vt 2.719138 5.260473
vt 2.814727 5.837446
vt 2.115301 5.955791
vt 1.987311 5.997909
vt 1.98518 5.955791
vt 2.113169 5.997909
vt 1.990391 -3.525786
vt 2.109189 -3.541012
vt 2.11009 -3.525786
vt 1.991292 -3.541012
vt 2.723118 -2.863999
vt 2.840064 -2.879092
vt 2.841015 -2.863999
vt 2.724069 -2.879092
vt 3.267297 -1.840345
vt 3.382297 -1.825376
vt 3.266303 -1.825376
vt 3.381303 -1.840345
vt 3.584017 -0.4932314
vt 3.69699 -0.4783735
vt 3.582985 -0.4783735
vt 3.695959 -0.4932314
vt 3.268329 -1.939806
vt 3.381303 -1.924948
vt 3.267297 -1.924948
vt 3.380271 -1.939806
vt 2.725064 -3.193322
vt 2.838038 -3.208179
vt 2.83907 -3.193322
vt 2.726096 -3.208179
vt 1.993238 -4.197056
vt 2.106211 -4.211914
vt 2.107243 -4.197056
vt 1.994269 -4.211914
vt 1.121691 -4.867748
vt 1.234664 -4.882606
vt 1.235696 -4.867748
vt 1.122722 -4.882606
vt 0.1698177 -5.159692
vt 0.2827913 -5.17455
vt 0.2838232 -5.159692
vt 0.1708495 -5.17455
vt -0.7975127 -5.052992
vt -0.6845391 -5.06785
vt -0.6835072 -5.052992
vt -0.7964809 -5.06785
vt -1.714379 -4.554919
vt -1.601405 -4.569777
vt -1.600373 -4.554919
vt -1.713347 -4.569777
vt 1.118844 -4.097149
vt 1.237642 -4.112375
vt 1.238543 -4.097149
vt 1.119745 -4.112375
vt 1.241623 6.486624
vt 1.113633 6.444507
vt 1.243754 6.444507
vt 1.115764 6.486624
vt 0.2594807 7.322856
vt 0.1638913 6.745883
vt 0.2897496 6.745883
vt 0.1941602 7.322856
vt 0.1678721 -4.648005
vt 0.2848179 -4.663097
vt 0.2857688 -4.648005
vt 0.168823 -4.663097
vt -0.7086128 7.114967
vt -0.7731702 7.098769
vt -0.7078497 7.098769
vt -0.7724071 7.114967
vt -0.7985074 -4.818538
vt -0.6835072 -4.833506
vt -0.6825125 -4.818538
vt -0.7975127 -4.833506
vt -1.626186 6.692313
vt -1.689273 6.676004
vt -1.625479 6.676004
vt -1.688566 6.692313
vt -2.430753 6.097706
vt -2.492484 6.081291
vt -2.430104 6.081291
vt -2.491836 6.097706
vt -3.067526 5.425274
vt -3.128021 5.408759
vt -3.066938 5.408759
vt -3.127433 5.425274
vt -3.493147 4.766795
vt -3.552531 4.750186
vt -3.492623 4.750186
vt -3.552007 4.766795
vt -3.678645 4.20239
vt -3.737046 4.185697
vt -3.678186 4.185697
vt -3.736588 4.20239
vt -3.611407 3.792875
vt -3.668959 3.776107
vt -3.611016 3.776107
vt -3.668568 3.792875
vt -3.296041 3.574433
vt -3.352881 3.557601
vt -3.295719 3.557601
vt -3.352559 3.574433
vt -2.810074 3.556037
vt -2.753808 3.539152
vt -2.75406 3.556037
vt -2.810326 3.539152
vt -2.078067 3.719771
vt -2.022233 3.702846
vt -2.022414 3.719771
vt -2.078247 3.702846
vt -1.206411 4.023928
vt -1.150867 4.006977
vt -1.150976 4.023928
vt -1.20652 4.006977
vt -0.1989939 3.571916
vt -0.2548275 3.554991
vt -0.1988134 3.554991
vt -0.2546469 3.571916
vt 0.768517 3.15679
vt 0.7122512 3.139906
vt 0.7687687 3.139906
vt 0.712503 3.15679
vt 1.685635 2.850082
vt 1.628795 2.83325
vt 1.685957 2.83325
vt 1.629117 2.850082
vt 2.489875 2.711641
vt 2.432323 2.694872
vt 2.490266 2.694872
vt 2.432714 2.711641
vt 3.126451 2.782152
vt 3.06805 2.765459
vt 3.12691 2.765459
vt 3.068508 2.782152
vt 3.552007 3.07746
vt 3.492623 3.060851
vt 3.552531 3.060851
vt 3.493147 3.07746
vt 3.677075 3.568805
vt 3.73757 3.58532
vt 3.677662 3.58532
vt 3.738157 3.568805
vt 3.608798 4.248606
vt 3.670529 4.265021
vt 3.609446 4.265021
vt 3.671178 4.248606
vt 3.356197 5.033704
vt 3.29311 5.050013
vt 3.292403 5.033704
vt 3.35549 5.050013
vt 2.814727 5.837241
vt 2.75017 5.853439
vt 2.749407 5.837241
vt 2.813964 5.853439
vt 2.082901 6.595674
vt 1.987311 6.018701
vt 2.113169 6.018701
vt 2.01758 6.595674
vt 1.991292 -3.774645
vt 2.108238 -3.789738
vt 2.109189 -3.774645
vt 1.992243 -3.789738
vt 2.724069 -3.039057
vt 2.83907 -3.054025
vt 2.840064 -3.039057
vt 2.725064 -3.054025
vt 1.992243 -3.99951
vt 2.107243 -4.014478
vt 2.108238 -3.99951
vt 1.993238 -4.014478
vt 1.120696 -4.641282
vt 1.235696 -4.65625
vt 1.236691 -4.641282
vt 1.121691 -4.65625
vt 0.168823 -4.920637
vt 0.2838232 -4.935606
vt 0.2848179 -4.920637
vt 0.1698177 -4.935606
vt 1.119745 -4.383136
vt 1.236691 -4.398228
vt 1.237642 -4.383136
vt 1.120696 -4.398228
vt 1.211354 7.10232
vt 1.115764 6.525346
vt 1.241623 6.525346
vt 1.146033 7.10232
vt 0.2587176 7.187348
vt 0.1941602 7.17115
vt 0.2594807 7.17115
vt 0.1949233 7.187348
vt -0.7093201 7.003337
vt -0.7724071 6.987029
vt -0.7086128 6.987029
vt -0.7716999 7.003337
vt -1.626835 6.584463
vt -1.688566 6.568048
vt -1.626186 6.568048
vt -1.687917 6.584463
vt -2.43134 6.016619
vt -2.491836 6.000103
vt -2.430753 6.000103
vt -2.491248 6.016619
vt -3.06805 5.391358
vt -3.127433 5.374749
vt -3.067526 5.374749
vt -3.12691 5.391358
vt -3.493605 4.796088
vt -3.552007 4.779395
vt -3.493147 4.779395
vt -3.551548 4.796088
vt -3.679035 4.305186
vt -3.736588 4.288418
vt -3.678645 4.288418
vt -3.736197 4.305186
vt -3.611729 3.972851
vt -3.668568 3.956019
vt -3.611407 3.956019
vt -3.668246 3.972851
vt -3.296293 3.82834
vt -3.352559 3.811455
vt -3.296041 3.811455
vt -3.352307 3.82834
vt -2.809893 3.873938
vt -2.75406 3.857014
vt -2.75424 3.873938
vt -2.810074 3.857014
vt -2.077958 4.085801
vt -2.022414 4.06885
vt -2.022522 4.085801
vt -2.078067 4.06885
vt -1.206375 4.417494
vt -1.150976 4.40053
vt -1.151012 4.417494
vt -1.206411 4.40053
vt -0.1991025 3.996995
vt -0.2546469 3.980044
vt -0.1989939 3.980044
vt -0.2545383 3.996995
vt 0.7683365 3.588304
vt 0.712503 3.57138
vt 0.768517 3.57138
vt 0.7126835 3.588304
vt 1.685383 3.26372
vt 1.629117 3.246835
vt 1.685635 3.246835
vt 1.629369 3.26372
vt 2.489553 3.085706
vt 2.432714 3.068874
vt 2.489875 3.068874
vt 2.433036 3.085706
vt 3.12606 3.099225
vt 3.068508 3.082457
vt 3.126451 3.082457
vt 3.068899 3.099225
vt 3.551548 3.32575
vt 3.493147 3.309056
vt 3.552007 3.309056
vt 3.493605 3.32575
vt 3.677662 3.742976
vt 3.737046 3.759585
vt 3.678186 3.759585
vt 3.73757 3.742976
vt 3.609446 4.350445
vt 3.669942 4.366961
vt 3.610034 4.366961
vt 3.670529 4.350445
vt 3.35549 5.071667
vt 3.293759 5.088082
vt 3.29311 5.071667
vt 3.354841 5.088082
vt 2.813964 5.825747
vt 2.750877 5.842056
vt 2.75017 5.825747
vt 2.813257 5.842056
vt 2.082901 6.518135
vt 2.018343 6.534334
vt 2.01758 6.518135
vt 2.082138 6.534334
vt 1.211354 6.973107
vt 1.146796 6.989305
vt 1.146033 6.973107
vt 1.210591 6.989305
vt 0.2580103 7.069967
vt 0.1949233 7.053658
vt 0.2587176 7.053658
vt 0.1956306 7.069967
vt -0.7099687 6.867853
vt -0.7716999 6.851438
vt -0.7093201 6.851438
vt -0.7710512 6.867853
vt -1.627422 6.454764
vt -1.687917 6.438249
vt -1.626835 6.438249
vt -1.68733 6.454764
vt -2.431864 5.915794
vt -2.491248 5.899186
vt -2.43134 5.899186
vt -2.490724 5.915794
vt -3.068508 5.339686
vt -3.12691 5.322992
vt -3.06805 5.322992
vt -3.126451 5.339686
vt -3.493996 4.80931
vt -3.551548 4.792542
vt -3.493605 4.792542
vt -3.551158 4.80931
vt -3.679357 4.393198
vt -3.736197 4.376366
vt -3.679035 4.376366
vt -3.735875 4.393198
vt -3.611981 4.1389
vt -3.668246 4.122015
vt -3.611729 4.122015
vt -3.667995 4.1389
vt -3.296474 4.068752
vt -3.352307 4.051828
vt -3.296293 4.051828
vt -3.352127 4.068752
vt -2.809785 4.178399
vt -2.75424 4.161448
vt -2.754349 4.178399
vt -2.809893 4.161448
vt -2.077922 4.43813
vt -2.022522 4.421165
vt -2.022559 4.43813
vt -2.077958 4.421165
vt -1.206375 4.876814
vt -1.151012 4.600508
vt -1.151012 4.876814
vt -1.206375 4.600508
vt -0.1991388 4.408512
vt -0.2545383 4.391548
vt -0.1991025 4.391548
vt -0.2545021 4.408512
vt 0.7682279 4.006838
vt 0.7126835 3.989887
vt 0.7683365 3.989887
vt 0.7127921 4.006838
vt 1.685202 3.664805
vt 1.629369 3.647881
vt 1.685383 3.647881
vt 1.629549 3.664805
vt 2.489301 3.447385
vt 2.433036 3.4305
vt 2.489553 3.4305
vt 2.433287 3.447385
vt 3.125738 3.403716
vt 3.068899 3.386884
vt 3.12606 3.386884
vt 3.069221 3.403716
vt 3.551158 3.560808
vt 3.493605 3.544039
vt 3.551548 3.544039
vt 3.493996 3.560808
vt 3.678186 3.902754
vt 3.736588 3.919448
vt 3.678645 3.919448
vt 3.737046 3.902754
vt 3.610034 4.436178
vt 3.669418 4.452787
vt 3.610558 4.452787
vt 3.669942 4.436178
vt 3.354841 5.091309
vt 3.294346 5.107824
vt 3.293759 5.091309
vt 3.354254 5.107824
vt 2.813257 5.793337
vt 2.751526 5.809752
vt 2.750877 5.793337
vt 2.812608 5.809752
vt 2.082138 6.452534
vt 2.01905 6.468843
vt 2.018343 6.452534
vt 2.08143 6.468843
vt 1.210591 6.871352
vt 1.147504 6.887661
vt 1.146796 6.871352
vt 1.209883 6.887661
vt 0.2573617 6.928562
vt 0.1956306 6.912147
vt 0.2580103 6.912147
vt 0.1962792 6.928562
vt -0.7105562 6.709852
vt -0.7710512 6.693336
vt -0.7099687 6.693336
vt -0.7704638 6.709852
vt -1.627946 6.304366
vt -1.68733 6.287757
vt -1.627422 6.287757
vt -1.686806 6.304366
vt -2.432323 5.796137
vt -2.490724 5.779444
vt -2.431864 5.779444
vt -2.490266 5.796137
vt -3.068899 5.270892
vt -3.126451 5.254124
vt -3.068508 5.254124
vt -3.12606 5.270892
vt -3.494318 4.806828
vt -3.551158 4.789996
vt -3.493996 4.789996
vt -3.550836 4.806828
vt -3.679609 4.466553
vt -3.735875 4.449669
vt -3.679357 4.449669
vt -3.735623 4.466553
vt -3.612161 4.290937
vt -3.667995 4.274013
vt -3.611981 4.274013
vt -3.667814 4.290937
vt -3.296582 4.295411
vt -3.352127 4.278459
vt -3.296474 4.278459
vt -3.352018 4.295411
vt -2.809748 4.469012
vt -2.754349 4.452047
vt -2.754385 4.469012
vt -2.809785 4.452047
vt -2.077922 4.876814
vt -2.022559 4.600508
vt -2.022559 4.876814
vt -2.077922 4.600508
vt -1.893441 5.509211
vt -1.891931 5.325825
vt -1.872254 5.420752
vt -1.898241 5.40871
vt -1.927144 5.585172
vt -1.91674 5.485947
vt -1.946167 5.552272
vt -1.971066 5.643459
vt -1.984518 5.603165
vt -2.022215 5.6801
vt -2.029179 5.635157
vt -2.077105 5.692597
vt -2.077105 5.646069
vt -2.125031 5.635157
vt -2.131995 5.6801
vt -2.169692 5.603165
vt -2.183144 5.643459
vt -2.208043 5.552272
vt -2.227066 5.585172
vt -2.23747 5.485947
vt -2.260769 5.509211
vt -2.255969 5.40871
vt -2.262279 5.325825
vt -2.281956 5.420752
vt -2.281956 5.230897
vt -2.289182 5.325825
vt -1.872254 5.230897
vt -1.865028 5.325825
vt -1.893441 5.142438
vt -1.898241 5.242939
vt -1.927144 5.066477
vt -1.91674 5.165702
vt -1.946167 5.099377
vt -1.971066 5.00819
vt -1.984518 5.048485
vt -2.022215 4.97155
vt -2.029179 5.016492
vt -2.077105 4.959052
vt -2.077105 5.00558
vt -2.125031 5.016492
vt -2.131995 4.97155
vt -2.169692 5.048485
vt -2.183144 5.00819
vt -2.208043 5.099377
vt -2.227066 5.066477
vt -2.23747 5.165702
vt -2.260769 5.142438
vt -2.255969 5.242939
vt -0.1991388 4.876814
vt -0.2545021 4.600508
vt -0.1991388 4.600508
vt -0.2545021 4.876814
vt 0.7681916 4.411795
vt 0.7127921 4.39483
vt 0.7682279 4.39483
vt 0.7128283 4.411795
vt 1.685094 4.052787
vt 1.629549 4.035836
vt 1.685202 4.035836
vt 1.629658 4.052787
vt 2.489121 3.796205
vt 2.433287 3.779281
vt 2.489301 3.779281
vt 2.433468 3.796205
vt 3.125487 3.695269
vt 3.069221 3.678384
vt 3.125738 3.678384
vt 3.069473 3.695269
vt 3.550836 3.782441
vt 3.493996 3.765609
vt 3.551158 3.765609
vt 3.494318 3.782441
vt 3.678645 4.048164
vt 3.736197 4.064932
vt 3.679035 4.064932
vt 3.736588 4.048164
vt 3.610558 4.506093
vt 3.668959 4.522787
vt 3.611016 4.522787
vt 3.669418 4.506093
vt 3.354254 5.093217
vt 3.29487 5.109825
vt 3.294346 5.093217
vt 3.35373 5.109825
vt 2.812608 5.740906
vt 2.752113 5.757422
vt 2.751526 5.740906
vt 2.812021 5.757422
vt 2.08143 6.364434
vt 2.019699 6.380849
vt 2.01905 6.364434
vt 2.080782 6.380849
vt 1.209883 6.746039
vt 1.148152 6.762454
vt 1.147504 6.746039
vt 1.209235 6.762454
vt 0.2567743 6.764499
vt 0.1962792 6.747983
vt 0.2573617 6.747983
vt 0.1968666 6.764499
vt -0.7110801 6.530592
vt -0.7704638 6.513983
vt -0.7105562 6.513983
vt -0.7699399 6.530592
vt -1.628404 6.134337
vt -1.686806 6.117643
vt -1.627946 6.117643
vt -1.686347 6.134337
vt -2.432714 5.658477
vt -2.490266 5.641709
vt -2.432323 5.641709
vt -2.489875 5.658477
vt -3.069221 5.185553
vt -3.12606 5.168721
vt -3.068899 5.168721
vt -3.125738 5.185553
vt -3.49457 4.788971
vt -3.550836 4.772087
vt -3.494318 4.772087
vt -3.550584 4.788971
vt -3.67979 4.525351
vt -3.735623 4.508427
vt -3.679609 4.508427
vt -3.735443 4.525351
vt -3.61227 4.428862
vt -3.667814 4.411911
vt -3.612161 4.411911
vt -3.667706 4.428862
vt -3.296618 4.508036
vt -3.352018 4.491071
vt -3.296582 4.491071
vt -3.351982 4.508036
vt -2.809748 4.876814
vt -2.754385 4.600508
vt -2.754385 4.876814
vt -2.809748 4.600508
vt -1.629694 4.876814
vt -1.685058 4.600508
vt -1.629694 4.600508
vt -1.685058 4.876814
vt -0.7128283 4.876814
vt -0.7681916 4.600508
vt -0.7128283 4.600508
vt -0.7681916 4.876814
vt 0.2545021 4.876814
vt 0.1991388 4.600508
vt 0.2545021 4.600508
vt 0.1991388 4.876814
vt 1.151012 4.600508
vt 1.206375 4.876814
vt 1.151012 4.876814
vt 1.206375 4.600508
vt 2.077922 4.600508
vt 2.022559 4.876814
vt 2.022559 4.600508
vt 2.077922 4.876814
vt 2.809748 4.600508
vt 2.754385 4.876814
vt 2.754385 4.600508
vt 2.809748 4.876814
vt 3.351982 4.600508
vt 3.296618 4.876814
vt 3.296618 4.600508
vt 3.351982 4.876814
vt 3.612306 4.600508
vt 3.667669 4.876814
vt 3.612306 4.876814
vt 3.667669 4.600508
vt 3.735298 4.600508
vt 3.679935 4.876814
vt 3.679935 4.600508
vt 3.735298 4.876814
vt 3.550258 4.876814
vt 3.494895 4.600508
vt 3.550258 4.600508
vt 3.494895 4.876814
vt 3.125161 4.876814
vt 3.069798 4.600508
vt 3.125161 4.600508
vt 3.069798 4.876814
vt 2.488976 4.876814
vt 2.433613 4.600508
vt 2.488976 4.600508
vt 2.433613 4.876814
vt 1.685058 4.876814
vt 1.629694 4.600508
vt 1.685058 4.600508
vt 1.629694 4.876814
vt 0.7681916 4.876814
vt 0.7128283 4.600508
vt 0.7681916 4.600508
vt 0.7128283 4.876814
vt -3.351982 4.876814
vt -3.296618 4.600508
vt -3.296618 4.876814
vt -3.351982 4.600508
vt -3.667669 4.876814
vt -3.612306 4.600508
vt -3.612306 4.876814
vt -3.667669 4.600508
vt -3.735298 4.876814
vt -3.679935 4.600508
vt -3.679935 4.876814
vt -3.735298 4.600508
vt -3.494895 4.876814
vt -3.550258 4.600508
vt -3.494895 4.600508
vt -3.550258 4.876814
vt -3.069798 4.876814
vt -3.125161 4.600508
vt -3.069798 4.600508
vt -3.125161 4.876814
vt -2.433613 4.876814
vt -2.488976 4.600508
vt -2.433613 4.600508
vt -2.488976 4.876814
vt 1.685058 4.427119
vt 1.629658 4.410155
vt 1.685094 4.410155
vt 1.629694 4.427119
vt 2.489012 4.13171
vt 2.433468 4.114759
vt 2.489121 4.114759
vt 2.433576 4.13171
vt 3.125306 3.973549
vt 3.069473 3.956625
vt 3.125487 3.956625
vt 3.069653 3.973549
vt 3.550584 3.990479
vt 3.494318 3.973594
vt 3.550836 3.973594
vt 3.49457 3.990479
vt 3.679035 4.179239
vt 3.735875 4.196071
vt 3.679357 4.196071
vt 3.736197 4.179239
vt 3.611016 4.560474
vt 3.668568 4.577242
vt 3.611407 4.577242
vt 3.668959 4.560474
vt 3.35373 5.077957
vt 3.295328 5.09465
vt 3.29487 5.077957
vt 3.353272 5.09465
vt 2.812021 5.669316
vt 2.752637 5.685924
vt 2.752113 5.669316
vt 2.811497 5.685924
vt 2.080782 6.254969
vt 2.020287 6.271484
vt 2.019699 6.254969
vt 2.080194 6.271484
vt 1.209235 6.598464
vt 1.14874 6.614979
vt 1.148152 6.598464
vt 1.208647 6.614979
vt 0.2562504 6.579056
vt 0.1968666 6.562447
vt 0.2567743 6.562447
vt 0.1973905 6.579056
vt -0.7115384 6.331236
vt -0.7699399 6.314542
vt -0.7110801 6.314542
vt -0.7694816 6.331236
vt -1.628795 5.945651
vt -1.686347 5.928883
vt -1.628404 5.928883
vt -1.685957 5.945651
vt -2.433036 5.503564
vt -2.489875 5.486732
vt -2.432714 5.486732
vt -2.489553 5.503564
vt -3.069473 5.084181
vt -3.125738 5.067297
vt -3.069221 5.067297
vt -3.125487 5.084181
vt -3.49475 4.75602
vt -3.550584 4.739095
vt -3.49457 4.739095
vt -3.550403 4.75602
vt -3.679898 4.569658
vt -3.735443 4.552707
vt -3.67979 4.552707
vt -3.735334 4.569658
vt -3.612306 4.552543
vt -3.667706 4.535578
vt -3.61227 4.535578
vt -3.667669 4.552543
vt -1.629694 4.749858
vt -1.685094 4.732894
vt -1.629658 4.732894
vt -1.685058 4.749858
vt -0.7128283 4.765183
vt -0.7682279 4.748218
vt -0.7127921 4.748218
vt -0.7681916 4.765183
vt 0.2545021 4.768466
vt 0.1991025 4.751501
vt 0.2545383 4.751501
vt 0.1991388 4.768466
vt 1.206411 4.742519
vt 1.151012 4.759483
vt 1.150976 4.742519
vt 1.206375 4.759483
vt 2.077958 4.721883
vt 2.022559 4.738848
vt 2.022522 4.721883
vt 2.077922 4.738848
vt 2.809785 4.691001
vt 2.754385 4.707966
vt 2.754349 4.691001
vt 2.809748 4.707966
vt 3.352018 4.651977
vt 3.296618 4.668942
vt 3.296582 4.651977
vt 3.351982 4.668942
vt 3.61227 4.60747
vt 3.667669 4.624435
vt 3.612306 4.624435
vt 3.667706 4.60747
vt 3.679898 4.560514
vt 3.735298 4.577478
vt 3.679935 4.577478
vt 3.735334 4.560514
vt 3.550258 4.531272
vt 3.494859 4.514308
vt 3.550295 4.514308
vt 3.494895 4.531272
vt 3.125161 4.488965
vt 3.069762 4.472001
vt 3.125198 4.472001
vt 3.069798 4.488965
vt 2.488976 4.453441
vt 2.433576 4.436476
vt 2.489012 4.436476
vt 2.433613 4.453441
vt -3.679935 4.599499
vt -3.735334 4.582535
vt -3.679898 4.582535
vt -3.735298 4.599499
vt -3.494895 4.645706
vt -3.550295 4.628741
vt -3.494859 4.628741
vt -3.550258 4.645706
vt -3.069798 4.688013
vt -3.125198 4.671048
vt -3.069762 4.671048
vt -3.125161 4.688013
vt -2.433613 4.723537
vt -2.489012 4.706573
vt -2.433576 4.706573
vt -2.488976 4.723537
vt 3.125198 4.238228
vt 3.069653 4.221277
vt 3.125306 4.221277
vt 3.069762 4.238228
vt 3.550403 4.184752
vt 3.49457 4.167828
vt 3.550584 4.167828
vt 3.49475 4.184752
vt 3.679357 4.296012
vt 3.735623 4.312896
vt 3.679609 4.312896
vt 3.735875 4.296012
vt 3.611407 4.599586
vt 3.668246 4.616419
vt 3.611729 4.616419
vt 3.668568 4.599586
vt 3.353272 5.046058
vt 3.295719 5.062826
vt 3.295328 5.046058
vt 3.352881 5.062826
vt 2.811497 5.579373
vt 2.753095 5.596066
vt 2.752637 5.579373
vt 2.811038 5.596066
vt 2.080194 6.125215
vt 2.02081 6.141823
vt 2.020287 6.125215
vt 2.07967 6.141823
vt 1.208647 6.429845
vt 1.149263 6.446454
vt 1.14874 6.429845
vt 1.208123 6.446454
vt 0.255792 6.373417
vt 0.1973905 6.356723
vt 0.2562504 6.356723
vt 0.1978488 6.373417
vt -0.7119293 6.112843
vt -0.7694816 6.096075
vt -0.7115384 6.096075
vt -0.7690907 6.112843
vt -1.629117 5.739188
vt -1.685957 5.722356
vt -1.628795 5.722356
vt -1.685635 5.739188
vt -2.433287 5.332065
vt -2.489553 5.315181
vt -2.433036 5.315181
vt -2.489301 5.332065
vt -3.069653 4.967223
vt -3.125487 4.950298
vt -3.069473 4.950298
vt -3.125306 4.967223
vt -3.494859 4.708205
vt -3.550403 4.691254
vt -3.49475 4.691254
vt -3.550295 4.708205
vt -1.629658 5.020501
vt -1.685202 5.00355
vt -1.629549 5.00355
vt -1.685094 5.020501
vt -0.7127921 5.06645
vt -0.7683365 5.049499
vt -0.7126835 5.049499
vt -0.7682279 5.06645
vt 0.2545383 5.076293
vt 0.1989939 5.059342
vt 0.2546469 5.059342
vt 0.1991025 5.076293
vt 1.20652 5.032409
vt 1.150976 5.049361
vt 1.150867 5.032409
vt 1.206411 5.049361
vt 2.078067 4.970536
vt 2.022522 4.987487
vt 2.022414 4.970536
vt 2.077958 4.987487
vt 2.809893 4.877938
vt 2.754349 4.894889
vt 2.75424 4.877938
vt 2.809785 4.894889
vt 3.296474 4.760927
vt 3.352018 4.777878
vt 3.296582 4.777878
vt 3.352127 4.760927
vt 3.612161 4.627475
vt 3.667706 4.644426
vt 3.61227 4.644426
vt 3.667814 4.627475
vt 3.67979 4.486679
vt 3.735334 4.50363
vt 3.679898 4.50363
vt 3.735443 4.486679
vt 3.550295 4.365083
vt 3.49475 4.348132
vt 3.550403 4.348132
vt 3.494859 4.365083
vt -3.069762 4.83506
vt -3.125306 4.818109
vt -3.069653 4.818109
vt -3.125198 4.83506
vt -2.433576 4.941578
vt -2.489121 4.924627
vt -2.433468 4.924627
vt -2.489012 4.941578
vt 3.679609 4.398496
vt 3.735443 4.41542
vt 3.67979 4.41542
vt 3.735623 4.398496
vt 3.611729 4.623666
vt 3.667995 4.64055
vt 3.611981 4.64055
vt 3.668246 4.623666
vt 3.352881 4.998005
vt 3.296041 5.014837
vt 3.295719 4.998005
vt 3.352559 5.014837
vt 2.811038 5.471824
vt 2.753486 5.488592
vt 2.753095 5.471824
vt 2.810648 5.488592
vt 2.07967 5.976172
vt 2.021269 5.992865
vt 2.02081 5.976172
vt 2.079212 5.992865
vt 1.208123 6.241311
vt 1.149722 6.258005
vt 1.149263 6.241311
vt 1.207665 6.258005
vt 0.2554011 6.14866
vt 0.1978488 6.131892
vt 0.255792 6.131892
vt 0.1982397 6.14866
vt -0.7122512 5.876368
vt -0.7690907 5.859536
vt -0.7119293 5.859536
vt -0.7687687 5.876368
vt -1.629369 5.51573
vt -1.685635 5.498845
vt -1.629117 5.498845
vt -1.685383 5.51573
vt -2.433468 5.144567
vt -2.489301 5.127642
vt -2.433287 5.127642
vt -2.489121 5.144567
vt -1.629549 5.275967
vt -1.685383 5.259042
vt -1.629369 5.259042
vt -1.685202 5.275967
vt -0.7126835 5.352468
vt -0.768517 5.335543
vt -0.712503 5.335543
vt -0.7683365 5.352468
vt 0.2546469 5.368856
vt 0.1988134 5.351932
vt 0.2548275 5.351932
vt 0.1989939 5.368856
vt 1.2067 5.307091
vt 1.150867 5.324015
vt 1.150686 5.307091
vt 1.20652 5.324015
vt 2.078247 5.204077
vt 2.022414 5.221001
vt 2.022233 5.204077
vt 2.078067 5.221001
vt 2.810074 5.049909
vt 2.75424 5.066834
vt 2.75406 5.049909
vt 2.809893 5.066834
vt 3.352307 4.855095
vt 3.296474 4.872019
vt 3.296293 4.855095
vt 3.352127 4.872019
vt 3.611981 4.63291
vt 3.667814 4.649834
vt 3.612161 4.649834
vt 3.667995 4.63291
vt 3.296041 4.934226
vt 3.352307 4.95111
vt 3.296293 4.95111
vt 3.352559 4.934226
vt 2.810648 5.347342
vt 2.753808 5.364174
vt 2.753486 5.347342
vt 2.810326 5.364174
vt 2.079212 5.808756
vt 2.02166 5.825524
vt 2.021269 5.808756
vt 2.078821 5.825524
vt 1.207665 6.033893
vt 1.150113 6.050661
vt 1.149722 6.033893
vt 1.207274 6.050661
vt 0.2550792 5.905755
vt 0.1982397 5.888923
vt 0.2554011 5.888923
vt 0.1985617 5.905755
vt -0.712503 5.622659
vt -0.7687687 5.605775
vt -0.7122512 5.605775
vt -0.768517 5.622659
vt 0.2548275 5.645566
vt 0.1985617 5.628682
vt 0.2550792 5.628682
vt 0.1988134 5.645566
vt 1.206952 5.566006
vt 1.150686 5.58289
vt 1.150435 5.566006
vt 1.2067 5.58289
vt 2.078499 5.422017
vt 2.022233 5.438901
vt 2.021982 5.422017
vt 2.078247 5.438901
vt 2.810326 5.206529
vt 2.75406 5.223413
vt 2.753808 5.206529
vt 2.810074 5.223413
vt 2.078821 5.623792
vt 2.021982 5.640624
vt 2.02166 5.623792
vt 2.078499 5.640624
vt 1.207274 5.808515
vt 1.150435 5.825348
vt 1.150113 5.808515
vt 1.206952 5.825348
vt 1.252216 0.6427623
vt 1.268981 0.6168036
vt 1.251974 0.6424748
vt 1.268684 0.6166003
vt 1.27952 0.5865741
vt 1.279189 0.5864689
vt 1.25243 0.6430164
vt 1.269243 0.6169833
vt 1.230367 0.6626811
vt 1.230196 0.662329
vt 1.251704 0.6421543
vt 1.268354 0.6163737
vt 1.282772 0.5541338
vt 1.283114 0.5541338
vt 1.279812 0.5866671
vt 1.278821 0.5863515
vt 1.252615 0.643237
vt 1.26947 0.6171393
vt 1.230518 0.6629923
vt 1.204924 0.6752025
vt 1.204835 0.6748099
vt 1.230005 0.6619365
vt 1.251407 0.6418009
vt 1.26799 0.6161238
vt 1.279189 0.5217987
vt 1.27952 0.5216935
vt 1.283417 0.5541338
vt 1.282391 0.5541338
vt 1.280065 0.5867478
vt 1.278414 0.5862222
vt 1.252773 0.643424
vt 1.269663 0.6172715
vt 1.23065 0.6632625
vt 1.205002 0.6755497
vt 1.17762 0.6794734
vt 1.17762 0.6790669
vt 1.204737 0.6743721
vt 1.229795 0.6615037
vt 1.251082 0.641415
vt 1.267592 0.6158509
vt 1.268684 0.4916672
vt 1.268981 0.491464
vt 1.279812 0.5216005
vt 1.278821 0.521916
vt 1.283679 0.5541338
vt 1.28197 0.5541338
vt 1.28028 0.5868163
vt 1.277971 0.5860809
vt 1.252901 0.6435771
vt 1.269821 0.6173798
vt 1.230761 0.6634915
vt 1.20507 0.675851
vt 1.17762 0.6798328
vt 1.150316 0.6752025
vt 1.150405 0.6748099
vt 1.17762 0.6786136
vt 1.204628 0.6738893
vt 1.229565 0.661031
vt 1.250294 0.6404794
vt 1.266627 0.6151893
vt 1.251974 0.4657928
vt 1.252216 0.4655053
vt 1.269243 0.4912843
vt 1.268354 0.4918939
vt 1.280065 0.5215198
vt 1.278414 0.5220454
vt 1.283902 0.5541338
vt 1.281511 0.5541338
vt 1.280456 0.5868723
vt 1.276895 0.5857385
vt 1.253002 0.6436964
vt 1.269944 0.6174641
vt 1.230852 0.6636791
vt 1.205128 0.6761064
vt 1.17762 0.6801448
vt 1.150238 0.6755497
vt 1.124873 0.6626811
vt 1.125044 0.662329
vt 1.150503 0.6743721
vt 1.17762 0.6781139
vt 1.204509 0.6733621
vt 1.229008 0.6598851
vt 1.249475 0.6395064
vt 1.265624 0.6145014
vt 1.230367 0.4455865
vt 1.230196 0.4459386
vt 1.25243 0.4652512
vt 1.251704 0.4661133
vt 1.26947 0.4911283
vt 1.26799 0.4921438
vt 1.28028 0.5214513
vt 1.277971 0.5221867
vt 1.284084 0.5541338
vt 1.280397 0.5541338
vt 1.280594 0.586916
vt 1.275776 0.5853823
vt 1.253074 0.6437816
vt 1.270031 0.6175244
vt 1.230923 0.6638251
vt 1.205175 0.6763157
vt 1.17762 0.6804092
vt 1.15017 0.675851
vt 1.124722 0.6629923
vt 1.103024 0.6427623
vt 1.103266 0.6424748
vt 1.125235 0.6619365
vt 1.150612 0.6738893
vt 1.17762 0.677568
vt 1.204221 0.672084
vt 1.228429 0.6586935
vt 1.248625 0.6384964
vt 1.264583 0.6137871
vt 1.204924 0.4330651
vt 1.204835 0.4334577
vt 1.230518 0.4452753
vt 1.230005 0.4463311
vt 1.252615 0.4650306
vt 1.251407 0.4664666
vt 1.269663 0.4909961
vt 1.267592 0.4924167
vt 1.280456 0.5213953
vt 1.276895 0.5225291
vt 1.284226 0.5541338
vt 1.279239 0.5541338
vt 1.280692 0.5869472
vt 1.274615 0.5850126
vt 1.253117 0.6438328
vt 1.270084 0.6175606
vt 1.230974 0.6639295
vt 1.205212 0.6764786
vt 1.17762 0.6806258
vt 1.150112 0.6761064
vt 1.12459 0.6632625
vt 1.102811 0.6430164
vt 1.086259 0.6168036
vt 1.086556 0.6166003
vt 1.103536 0.6421543
vt 1.125445 0.6615037
vt 1.150731 0.6733621
vt 1.17762 0.6762449
vt 1.203921 0.670755
vt 1.227828 0.6574564
vt 1.247744 0.6374494
vt 1.263504 0.6130468
vt 1.17762 0.4287942
vt 1.17762 0.4292007
vt 1.205002 0.4327179
vt 1.204737 0.4338955
vt 1.23065 0.4450051
vt 1.229795 0.4467639
vt 1.252773 0.4648436
vt 1.251082 0.4668526
vt 1.269821 0.4908878
vt 1.266627 0.4930783
vt 1.280594 0.5213516
vt 1.275776 0.5228852
vt 1.284328 0.5541338
vt 1.278037 0.5541338
vt 1.28075 0.5869659
vt 1.273411 0.5846294
vt 1.253131 0.6438498
vt 1.270102 0.6175726
vt 1.231004 0.6639922
vt 1.205238 0.676595
vt 1.17762 0.6807944
vt 1.150065 0.6763157
vt 1.124479 0.6634915
vt 1.102625 0.643237
vt 1.085997 0.6169833
vt 1.075721 0.5865741
vt 1.076051 0.5864689
vt 1.086886 0.6163737
vt 1.103834 0.6418009
vt 1.125675 0.661031
vt 1.151019 0.672084
vt 1.17762 0.6748689
vt 1.20361 0.6693752
vt 1.227205 0.6561742
vt 1.246832 0.6363658
vt 1.262387 0.6122806
vt 1.150316 0.4330651
vt 1.150405 0.4334577
vt 1.17762 0.4284348
vt 1.17762 0.429654
vt 1.20507 0.4324165
vt 1.204628 0.4343782
vt 1.230761 0.4447761
vt 1.229565 0.4472366
vt 1.252901 0.4646905
vt 1.250294 0.4677882
vt 1.269944 0.4908035
vt 1.265624 0.4937662
vt 1.280692 0.5213204
vt 1.274615 0.5232549
vt 1.284388 0.5541338
vt 1.27679 0.5541338
vt 1.28077 0.5869721
vt 1.272165 0.5842328
vt 1.231014 0.6640131
vt 1.205254 0.6766649
vt 1.17762 0.680915
vt 1.150028 0.6764786
vt 1.124388 0.6636791
vt 1.102467 0.643424
vt 1.08577 0.6171393
vt 1.075428 0.5866671
vt 1.072126 0.5541338
vt 1.072468 0.5541338
vt 1.076419 0.5863515
vt 1.08725 0.6161238
vt 1.104158 0.641415
vt 1.126232 0.6598851
vt 1.151319 0.670755
vt 1.17762 0.6734405
vt 1.203287 0.6679451
vt 1.22656 0.654847
vt 1.245889 0.6352456
vt 1.261232 0.6114885
vt 1.124873 0.4455865
vt 1.125044 0.4459386
vt 1.150238 0.4327179
vt 1.150503 0.4338955
vt 1.17762 0.4281228
vt 1.17762 0.4301537
vt 1.205128 0.4321611
vt 1.204509 0.4349055
vt 1.230852 0.4445885
vt 1.229008 0.4483825
vt 1.253002 0.4645712
vt 1.249475 0.4687612
vt 1.270031 0.4907432
vt 1.264583 0.4944804
vt 1.28075 0.5213017
vt 1.273411 0.5236382
vt 1.284409 0.5541338
vt 1.2755 0.5541338
vt 1.270877 0.5838228
vt 1.252977 0.6436668
vt 1.269913 0.6174432
vt 1.205259 0.6766882
vt 1.17762 0.6809873
vt 1.150002 0.676595
vt 1.124317 0.6638251
vt 1.102339 0.6435771
vt 1.085577 0.6172715
vt 1.075175 0.5867478
vt 1.071823 0.5541338
vt 1.076051 0.5217987
vt 1.075721 0.5216935
vt 1.07285 0.5541338
vt 1.076826 0.5862222
vt 1.087648 0.6158509
vt 1.104946 0.6404794
vt 1.126811 0.6586935
vt 1.15163 0.6693752
vt 1.17762 0.6719599
vt 1.202953 0.6664647
vt 1.225894 0.653475
vt 1.244916 0.6340891
vt 1.26004 0.6106708
vt 1.103024 0.4655053
vt 1.103266 0.4657928
vt 1.124722 0.4452753
vt 1.125235 0.4463311
vt 1.15017 0.4324165
vt 1.150612 0.4343782
vt 1.17762 0.4278584
vt 1.17762 0.4306995
vt 1.205175 0.4319519
vt 1.204221 0.4361836
vt 1.230923 0.4444425
vt 1.228429 0.4495741
vt 1.253074 0.464486
vt 1.248625 0.4697712
vt 1.270084 0.490707
vt 1.263504 0.4952207
vt 1.28077 0.5212954
vt 1.272165 0.5240348
vt 1.274167 0.5541338
vt 1.28056 0.5869052
vt 1.269548 0.5833995
vt 1.252627 0.6432516
vt 1.269485 0.6171496
vt 1.230905 0.6637889
vt 1.17762 0.6810115
vt 1.149986 0.6766649
vt 1.124266 0.6639295
vt 1.102238 0.6436964
vt 1.085419 0.6173798
vt 1.07496 0.5868163
vt 1.071561 0.5541338
vt 1.075428 0.5216005
vt 1.086556 0.4916672
vt 1.086259 0.491464
vt 1.076419 0.521916
vt 1.07327 0.5541338
vt 1.07727 0.5860809
vt 1.088613 0.6151893
vt 1.105765 0.6395064
vt 1.127412 0.6574564
vt 1.151953 0.6679451
vt 1.17762 0.6704273
vt 1.202608 0.6649346
vt 1.225205 0.6520587
vt 1.243912 0.6328966
vt 1.258811 0.6098275
vt 1.102811 0.4652512
vt 1.103536 0.4661133
vt 1.12459 0.4450051
vt 1.125445 0.4467639
vt 1.150112 0.4321611
vt 1.150731 0.4349055
vt 1.17762 0.4276418
vt 1.17762 0.4320227
vt 1.205212 0.431789
vt 1.203921 0.4375126
vt 1.230974 0.4443381
vt 1.227828 0.4508111
vt 1.253117 0.4644348
vt 1.247744 0.4708182
vt 1.270102 0.490695
vt 1.262387 0.495987
vt 1.270877 0.5244448
vt 1.284191 0.5541338
vt 1.272791 0.5541338
vt 1.280082 0.5867532
vt 1.268177 0.582963
vt 1.252084 0.6426059
vt 1.268819 0.616693
vt 1.230658 0.6632803
vt 1.205203 0.6764382
vt 1.149981 0.6766882
vt 1.124236 0.6639922
vt 1.102166 0.6437816
vt 1.085296 0.6174641
vt 1.074784 0.5868723
vt 1.071338 0.5541338
vt 1.075175 0.5215198
vt 1.085997 0.4912843
vt 1.086886 0.4918939
vt 1.076826 0.5220454
vt 1.07373 0.5541338
vt 1.078345 0.5857385
vt 1.089616 0.6145014
vt 1.106615 0.6384964
vt 1.128035 0.6561742
vt 1.152287 0.6664647
vt 1.17762 0.6688432
vt 1.202252 0.6633548
vt 1.224496 0.6505982
vt 1.242878 0.6316683
vt 1.257545 0.608959
vt 1.102625 0.4650306
vt 1.103834 0.4664666
vt 1.124479 0.4447761
vt 1.125675 0.4472366
vt 1.150065 0.4319519
vt 1.151019 0.4361836
vt 1.17762 0.4274732
vt 1.17762 0.4333987
vt 1.205238 0.4316726
vt 1.20361 0.4388924
vt 1.231004 0.4442754
vt 1.227205 0.4520934
vt 1.253131 0.4644177
vt 1.246832 0.4719018
vt 1.261232 0.4967791
vt 1.28056 0.5213624
vt 1.269548 0.5248681
vt 1.283697 0.5541338
vt 1.271371 0.5541338
vt 1.27934 0.5865168
vt 1.266764 0.5825134
vt 1.251349 0.6417325
vt 1.267919 0.6160755
vt 1.230274 0.6624895
vt 1.205075 0.6758709
vt 1.17762 0.6807527
vt 1.124226 0.6640131
vt 1.102123 0.6438328
vt 1.085209 0.6175244
vt 1.074647 0.586916
vt 1.071156 0.5541338
vt 1.07496 0.5214513
vt 1.08577 0.4911283
vt 1.08725 0.4921438
vt 1.07727 0.5221867
vt 1.074843 0.5541338
vt 1.079464 0.5853823
vt 1.090657 0.6137871
vt 1.107496 0.6374494
vt 1.12868 0.654847
vt 1.152632 0.6649346
vt 1.17762 0.6672077
vt 1.201885 0.6617258
vt 1.223765 0.6490938
vt 1.241814 0.6304044
vt 1.256242 0.6080652
vt 1.102467 0.4648436
vt 1.104158 0.4668526
vt 1.124388 0.4445885
vt 1.126232 0.4483825
vt 1.150028 0.431789
vt 1.151319 0.4375126
vt 1.17762 0.4273526
vt 1.17762 0.4348271
vt 1.205254 0.4316027
vt 1.203287 0.4403225
vt 1.231014 0.4442545
vt 1.22656 0.4534206
vt 1.245889 0.473022
vt 1.269913 0.4908244
vt 1.26004 0.4975968
vt 1.280082 0.5215144
vt 1.268177 0.5253046
vt 1.282928 0.5541338
vt 1.269909 0.5541338
vt 1.278336 0.5861972
vt 1.265311 0.5820508
vt 1.250426 0.6406355
vt 1.266788 0.6152997
vt 1.229754 0.6614199
vt 1.204876 0.6749889
vt 1.17762 0.6801654
vt 1.150037 0.6764382
vt 1.102109 0.6438498
vt 1.085156 0.6175606
vt 1.074549 0.5869472
vt 1.071014 0.5541338
vt 1.074784 0.5213953
vt 1.085577 0.4909961
vt 1.087648 0.4924167
vt 1.078345 0.5225291
vt 1.076001 0.5541338
vt 1.080625 0.5850126
vt 1.091736 0.6130468
vt 1.108408 0.6363658
vt 1.129346 0.653475
vt 1.152988 0.6633548
vt 1.17762 0.6655213
vt 1.201506 0.6600479
vt 1.223012 0.6475458
vt 1.240721 0.6291051
vt 1.254902 0.6071465
vt 1.102339 0.4646905
vt 1.104946 0.4677882
vt 1.124317 0.4444425
vt 1.126811 0.4495741
vt 1.150002 0.4316726
vt 1.15163 0.4388924
vt 1.17762 0.4272803
vt 1.17762 0.4363077
vt 1.205259 0.4315794
vt 1.202953 0.4418028
vt 1.225894 0.4547925
vt 1.252977 0.4646007
vt 1.244916 0.4741784
vt 1.269485 0.491118
vt 1.258811 0.4984401
vt 1.27934 0.5217508
vt 1.266764 0.5257542
vt 1.281889 0.5541338
vt 1.268405 0.5541338
vt 1.277074 0.5857956
vt 1.263817 0.5815752
vt 1.249318 0.6393196
vt 1.265432 0.6143693
vt 1.229101 0.6600763
vt 1.204607 0.6737959
vt 1.17762 0.6792522
vt 1.150165 0.6758709
vt 1.124335 0.6637889
vt 1.085138 0.6175726
vt 1.07449 0.5869659
vt 1.070913 0.5541338
vt 1.074647 0.5213516
vt 1.085419 0.4908878
vt 1.088613 0.4930783
vt 1.079464 0.5228852
vt 1.077204 0.5541338
vt 1.081829 0.5846294
vt 1.092853 0.6122806
vt 1.109351 0.6352456
vt 1.130035 0.6520587
vt 1.153355 0.6617258
vt 1.17762 0.6637841
vt 1.201117 0.6583214
vt 1.222239 0.6459545
vt 1.239598 0.6277708
vt 1.253527 0.606203
vt 1.102238 0.4645712
vt 1.105765 0.4687612
vt 1.124266 0.4443381
vt 1.127412 0.4508111
vt 1.149986 0.4316027
vt 1.151953 0.4403225
vt 1.17762 0.4272561
vt 1.17762 0.4378402
vt 1.202608 0.443333
vt 1.230905 0.4444786
vt 1.225205 0.4562089
vt 1.252627 0.465016
vt 1.243912 0.475371
vt 1.268819 0.4915746
vt 1.257545 0.4993086
vt 1.278336 0.5220704
vt 1.265311 0.5262168
vt 1.280583 0.5541338
vt 1.266858 0.5541338
vt 1.275561 0.585314
vt 1.262283 0.5810868
vt 1.248031 0.6377906
vt 1.263856 0.6132881
vt 1.228318 0.6584647
vt 1.204269 0.6722973
vt 1.17762 0.6780171
vt 1.150364 0.6749889
vt 1.124582 0.6632803
vt 1.102263 0.6436668
vt 1.07447 0.5869721
vt 1.070852 0.5541338
vt 1.074549 0.5213204
vt 1.085296 0.4908035
vt 1.089616 0.4937662
vt 1.080625 0.5232549
vt 1.07845 0.5541338
vt 1.083075 0.5842328
vt 1.094008 0.6114885
vt 1.110324 0.6340891
vt 1.130744 0.6505982
vt 1.153734 0.6600479
vt 1.17762 0.6619967
vt 1.200717 0.6565465
vt 1.221445 0.6443203
vt 1.239042 0.6271107
vt 1.252847 0.6057362
vt 1.102166 0.464486
vt 1.106615 0.4697712
vt 1.124236 0.4442754
vt 1.128035 0.4520934
vt 1.149981 0.4315794
vt 1.152287 0.4418028
vt 1.17762 0.4394244
vt 1.205203 0.4318294
vt 1.202252 0.4449128
vt 1.230658 0.4449872
vt 1.224496 0.4576694
vt 1.252084 0.4656617
vt 1.242878 0.4765993
vt 1.267919 0.4921921
vt 1.256242 0.5002023
vt 1.277074 0.522472
vt 1.263817 0.5266924
vt 1.279016 0.5541338
vt 1.26527 0.5541338
vt 1.273803 0.5847543
vt 1.261524 0.5808452
vt 1.246571 0.6360553
vt 1.262067 0.6120611
vt 1.227408 0.656592
vt 1.203863 0.6704998
vt 1.17762 0.6764657
vt 1.150633 0.6737959
vt 1.124966 0.6624895
vt 1.102613 0.6432516
vt 1.085327 0.6174432
vt 1.070831 0.5541338
vt 1.07449 0.5213017
vt 1.085209 0.4907432
vt 1.090657 0.4944804
vt 1.081829 0.5236382
vt 1.07974 0.5541338
vt 1.084363 0.5838228
vt 1.0952 0.6106708
vt 1.111328 0.6328966
vt 1.131475 0.6490938
vt 1.154123 0.6583214
vt 1.17762 0.6601593
vt 1.200305 0.6547238
vt 1.221052 0.6435118
vt 1.238412 0.6263623
vt 1.252075 0.6052071
vt 1.102123 0.4644348
vt 1.107496 0.4708182
vt 1.124226 0.4442545
vt 1.12868 0.4534206
vt 1.152632 0.443333
vt 1.17762 0.4275149
vt 1.17762 0.4410599
vt 1.205075 0.4323966
vt 1.201885 0.4465418
vt 1.230274 0.4457781
vt 1.223765 0.4591738
vt 1.251349 0.466535
vt 1.241814 0.4778632
vt 1.266788 0.4929678
vt 1.254902 0.5011211
vt 1.275561 0.5229536
vt 1.262283 0.5271808
vt 1.277196 0.5541338
vt 1.264484 0.5541338
vt 1.271808 0.5841191
vt 1.260664 0.5805713
vt 1.244943 0.6341214
vt 1.260073 0.6106935
vt 1.226375 0.6544667
vt 1.203392 0.6684111
vt 1.17762 0.6746047
vt 1.150971 0.6722973
vt 1.125486 0.6614199
vt 1.103156 0.6426059
vt 1.085755 0.6171496
vt 1.07468 0.5869052
vt 1.085156 0.490707
vt 1.091736 0.4952207
vt 1.083075 0.5240348
vt 1.081073 0.5541338
vt 1.085692 0.5833995
vt 1.096429 0.6098275
vt 1.112362 0.6316683
vt 1.132228 0.6475458
vt 1.154523 0.6565465
vt 1.17762 0.6582722
vt 1.200102 0.653822
vt 1.220607 0.6425953
vt 1.237712 0.6255307
vt 1.251218 0.604619
vt 1.102109 0.4644177
vt 1.108408 0.4719018
vt 1.129346 0.4547925
vt 1.150037 0.4318294
vt 1.152988 0.4449128
vt 1.17762 0.4281022
vt 1.17762 0.4427463
vt 1.204876 0.4332787
vt 1.201506 0.4482197
vt 1.229754 0.4468477
vt 1.223012 0.4607218
vt 1.250426 0.4676321
vt 1.240721 0.4791625
vt 1.265432 0.4938983
vt 1.253527 0.5020646
vt 1.273803 0.5235133
vt 1.261524 0.5274224
vt 1.275131 0.5541338
vt 1.263593 0.5541338
vt 1.269585 0.5834113
vt 1.259708 0.5802669
vt 1.243155 0.6319973
vt 1.257884 0.6091916
vt 1.225224 0.6520982
vt 1.202858 0.6660407
vt 1.17762 0.6724424
vt 1.151377 0.6704998
vt 1.126139 0.6600763
vt 1.103891 0.6417325
vt 1.086421 0.616693
vt 1.075158 0.5867532
vt 1.071049 0.5541338
vt 1.092853 0.495987
vt 1.084363 0.5244448
vt 1.082449 0.5541338
vt 1.087063 0.582963
vt 1.097695 0.608959
vt 1.113426 0.6304044
vt 1.133001 0.6459545
vt 1.154935 0.6547238
vt 1.17762 0.6573387
vt 1.199872 0.6527998
vt 1.220112 0.6415768
vt 1.25028 0.603976
vt 1.236947 0.6246214
vt 1.109351 0.473022
vt 1.124335 0.4444786
vt 1.130035 0.4562089
vt 1.150165 0.4323966
vt 1.153355 0.4465418
vt 1.17762 0.4290154
vt 1.17762 0.4444834
vt 1.204607 0.4344717
vt 1.201117 0.4499462
vt 1.229101 0.4481913
vt 1.222239 0.462313
vt 1.249318 0.468948
vt 1.239598 0.4804968
vt 1.263856 0.4949795
vt 1.252847 0.5025314
vt 1.271808 0.5241484
vt 1.260664 0.5276963
vt 1.272829 0.5541338
vt 1.262603 0.5541338
vt 1.267143 0.5826338
vt 1.258662 0.579934
vt 1.241215 0.6296926
vt 1.255508 0.6075619
vt 1.22396 0.6494967
vt 1.202262 0.6633988
vt 1.17762 0.6699883
vt 1.151848 0.6684111
vt 1.126922 0.6584647
vt 1.104814 0.6406355
vt 1.087321 0.6160755
vt 1.0759 0.5865168
vt 1.071543 0.5541338
vt 1.07468 0.5213624
vt 1.07447 0.5212954
vt 1.094008 0.4967791
vt 1.085692 0.5248681
vt 1.083869 0.5541338
vt 1.088476 0.5825134
vt 1.098998 0.6080652
vt 1.114519 0.6291051
vt 1.133795 0.6443203
vt 1.155138 0.653822
vt 1.17762 0.6562803
vt 1.199615 0.6516638
vt 1.219571 0.6404631
vt 1.249269 0.6032823
vt 1.236121 0.6236403
vt 1.102263 0.4646007
vt 1.110324 0.4741784
vt 1.124582 0.4449872
vt 1.130744 0.4576694
vt 1.150364 0.4332787
vt 1.153734 0.4482197
vt 1.17762 0.4302504
vt 1.17762 0.4462709
vt 1.204269 0.4359702
vt 1.200717 0.451721
vt 1.228318 0.4498029
vt 1.221445 0.4639473
vt 1.248031 0.470477
vt 1.239042 0.4811569
vt 1.262067 0.4962065
vt 1.252075 0.5030605
vt 1.269585 0.5248563
vt 1.259708 0.5280007
vt 1.270301 0.5541338
vt 1.261521 0.5541338
vt 1.264493 0.5817902
vt 1.257534 0.579575
vt 1.252956 0.6058116
vt 1.239132 0.6272173
vt 1.222589 0.646674
vt 1.201608 0.6604973
vt 1.17762 0.6672533
vt 1.152382 0.6660407
vt 1.127832 0.656592
vt 1.105922 0.6393196
vt 1.088452 0.6152997
vt 1.076904 0.5861972
vt 1.072312 0.5541338
vt 1.075158 0.5215144
vt 1.085327 0.4908244
vt 1.085138 0.490695
vt 1.0952 0.4975968
vt 1.087063 0.5253046
vt 1.085331 0.5541338
vt 1.089929 0.5820508
vt 1.100338 0.6071465
vt 1.115642 0.6277708
vt 1.134188 0.6435118
vt 1.155368 0.6527998
vt 1.17762 0.6551043
vt 1.199335 0.6504216
vt 1.218987 0.6392616
vt 1.248191 0.6025426
vt 1.235241 0.6225942
vt 1.102613 0.465016
vt 1.111328 0.475371
vt 1.124966 0.4457781
vt 1.131475 0.4591738
vt 1.150633 0.4344717
vt 1.154123 0.4499462
vt 1.17762 0.4318019
vt 1.17762 0.4481083
vt 1.203863 0.4377678
vt 1.200305 0.4535438
vt 1.227408 0.4516755
vt 1.221052 0.4647557
vt 1.246571 0.4722123
vt 1.238412 0.4819053
vt 1.260073 0.497574
vt 1.251218 0.5036486
vt 1.267143 0.5256338
vt 1.258662 0.5283336
vt 1.267557 0.5541338
vt 1.260353 0.5541338
vt 1.261647 0.5808842
vt 1.256332 0.579192
vt 1.21672 0.5809546
vt 1.209545 0.5920642
vt 1.221116 0.6436424
vt 1.200898 0.657349
vt 1.17762 0.6642494
vt 1.152978 0.6633988
vt 1.128865 0.6544667
vt 1.107209 0.6377906
vt 1.089808 0.6143693
vt 1.078166 0.5857956
vt 1.073352 0.5541338
vt 1.0759 0.5217508
vt 1.085755 0.491118
vt 1.096429 0.4984401
vt 1.088476 0.5257542
vt 1.086835 0.5541338
vt 1.091423 0.5815752
vt 1.101713 0.606203
vt 1.116198 0.6271107
vt 1.134633 0.6425953
vt 1.155625 0.6516638
vt 1.17762 0.6538183
vt 1.199033 0.6490815
vt 1.218364 0.6379803
vt 1.247052 0.6017617
vt 1.234311 0.6214898
vt 1.103156 0.4656617
vt 1.112362 0.4765993
vt 1.125486 0.4468477
vt 1.132228 0.4607218
vt 1.150971 0.4359702
vt 1.154523 0.451721
vt 1.17762 0.4336629
vt 1.17762 0.4499954
vt 1.203392 0.4398565
vt 1.200102 0.4544455
vt 1.226375 0.4538008
vt 1.220607 0.4656723
vt 1.244943 0.4741462
vt 1.237712 0.4827369
vt 1.257884 0.499076
vt 1.25028 0.5042916
vt 1.264493 0.5264774
vt 1.257534 0.5286926
vt 1.264611 0.5541338
vt 1.259108 0.5541338
vt 1.22123 0.5680173
vt 1.255062 0.5787878
vt 1.208799 0.5911779
vt 1.215806 0.5803279
vt 1.200194 0.6005888
vt 1.200135 0.6539677
vt 1.17762 0.66099
vt 1.153632 0.6604973
vt 1.130016 0.6520982
vt 1.108669 0.6360553
vt 1.091384 0.6132881
vt 1.079679 0.585314
vt 1.074657 0.5541338
vt 1.076904 0.5220704
vt 1.086421 0.4915746
vt 1.097695 0.4993086
vt 1.089929 0.5262168
vt 1.088382 0.5541338
vt 1.092957 0.5810868
vt 1.102393 0.6057362
vt 1.116828 0.6263623
vt 1.135128 0.6415768
vt 1.155905 0.6504216
vt 1.17762 0.6524309
vt 1.198711 0.6476524
vt 1.217707 0.6366277
vt 1.245862 0.6009448
vt 1.233339 0.6203346
vt 1.103891 0.466535
vt 1.113426 0.4778632
vt 1.126139 0.4481913
vt 1.133001 0.462313
vt 1.151377 0.4377678
vt 1.154935 0.4535438
vt 1.17762 0.4358252
vt 1.17762 0.4509289
vt 1.202858 0.4422269
vt 1.199872 0.4554678
vt 1.225224 0.4561694
vt 1.220112 0.4666908
vt 1.243155 0.4762703
vt 1.236947 0.4836462
vt 1.255508 0.5007057
vt 1.249269 0.5049852
vt 1.261647 0.5273834
vt 1.256332 0.5290756
vt 1.222768 0.5541338
vt 1.257794 0.5541338
vt 1.220211 0.5676929
vt 1.253734 0.578365
vt 1.208107 0.5903565
vt 1.214959 0.5797471
vt 1.199667 0.5995034
vt 1.189305 0.6059476
vt 1.17762 0.6574894
vt 1.154343 0.657349
vt 1.13128 0.6494967
vt 1.110297 0.6341214
vt 1.093173 0.6120611
vt 1.081437 0.5847543
vt 1.076224 0.5541338
vt 1.078166 0.522472
vt 1.087321 0.4921921
vt 1.098998 0.5002023
vt 1.091423 0.5266924
vt 1.08997 0.5541338
vt 1.093716 0.5808452
vt 1.103165 0.6052071
vt 1.117528 0.6255307
vt 1.135669 0.6404631
vt 1.156207 0.6490815
vt 1.17762 0.6509514
vt 1.19837 0.6461438
vt 1.217019 0.6352129
vt 1.244626 0.6000975
vt 1.23233 0.6191363
vt 1.104814 0.4676321
vt 1.114519 0.4791625
vt 1.126922 0.4498029
vt 1.133795 0.4639473
vt 1.151848 0.4398565
vt 1.155138 0.4544455
vt 1.17762 0.4382793
vt 1.17762 0.4519872
vt 1.202262 0.4448687
vt 1.199615 0.4566038
vt 1.22396 0.4587708
vt 1.219571 0.4678045
vt 1.241215 0.478575
vt 1.236121 0.4846273
vt 1.252956 0.502456
vt 1.248191 0.505725
vt 1.22123 0.5402503
vt 1.255062 0.5294798
vt 1.221713 0.5541338
vt 1.256419 0.5541338
vt 1.219267 0.5673922
vt 1.252356 0.5779263
vt 1.207473 0.5896032
vt 1.214183 0.5792145
vt 1.199178 0.5984974
vt 1.189032 0.604737
vt 1.17762 0.6077754
vt 1.155105 0.6539677
vt 1.132651 0.646674
vt 1.112085 0.6319973
vt 1.095167 0.6106935
vt 1.083432 0.5841191
vt 1.078044 0.5541338
vt 1.079679 0.5229536
vt 1.088452 0.4929678
vt 1.100338 0.5011211
vt 1.092957 0.5271808
vt 1.090756 0.5541338
vt 1.094576 0.5805713
vt 1.104022 0.604619
vt 1.118293 0.6246214
vt 1.136253 0.6392616
vt 1.156529 0.6476524
vt 1.17762 0.6493896
vt 1.198015 0.6445658
vt 1.216306 0.6337452
vt 1.243355 0.5992253
vt 1.231292 0.6179027
vt 1.105922 0.468948
vt 1.115642 0.4804968
vt 1.127832 0.4516755
vt 1.134188 0.4647557
vt 1.152382 0.4422269
vt 1.155368 0.4554678
vt 1.17762 0.4410143
vt 1.17762 0.4531633
vt 1.201608 0.4477702
vt 1.199335 0.457846
vt 1.222589 0.4615936
vt 1.218987 0.469006
vt 1.239132 0.4810503
vt 1.235241 0.4856734
vt 1.21672 0.527313
vt 1.247052 0.5065059
vt 1.220211 0.5405747
vt 1.253734 0.5299026
vt 1.220736 0.5541338
vt 1.254992 0.5541338
vt 1.218401 0.5671165
vt 1.250938 0.5774748
vt 1.206899 0.588921
vt 1.21348 0.5787321
vt 1.19873 0.5975748
vt 1.188779 0.6036149
vt 1.17762 0.6065221
vt 1.165935 0.6059476
vt 1.134125 0.6436424
vt 1.114025 0.6296926
vt 1.097356 0.6091916
vt 1.085655 0.5834113
vt 1.080109 0.5541338
vt 1.081437 0.5235133
vt 1.089808 0.4938983
vt 1.101713 0.5020646
vt 1.093716 0.5274224
vt 1.091647 0.5541338
vt 1.095532 0.5802669
vt 1.10496 0.603976
vt 1.119119 0.6236403
vt 1.136876 0.6379803
vt 1.15687 0.6461438
vt 1.17762 0.6477559
vt 1.197645 0.6429288
vt 1.215572 0.6322345
vt 1.242055 0.5983339
vt 1.230231 0.6166423
vt 1.107209 0.470477
vt 1.116198 0.4811569
vt 1.128865 0.4538008
vt 1.134633 0.4656723
vt 1.152978 0.4448687
vt 1.155625 0.4566038
vt 1.17762 0.4440181
vt 1.17762 0.4544493
vt 1.200898 0.4509186
vt 1.199033 0.4591861
vt 1.221116 0.4646252
vt 1.218364 0.4702873
vt 1.209545 0.5162034
vt 1.234311 0.4867778
vt 1.215806 0.5279396
vt 1.245862 0.5073227
vt 1.219267 0.5408754
vt 1.252356 0.5303412
vt 1.219839 0.5541338
vt 1.253524 0.5541338
vt 1.217616 0.5668668
vt 1.249488 0.5770135
vt 1.206387 0.5883126
vt 1.212852 0.5783018
vt 1.198324 0.5967393
vt 1.188547 0.6025859
vt 1.17762 0.6053605
vt 1.166208 0.604737
vt 1.155046 0.6005888
vt 1.116108 0.6272173
vt 1.099732 0.6075619
vt 1.088097 0.5826338
vt 1.082411 0.5541338
vt 1.083432 0.5241484
vt 1.091384 0.4949795
vt 1.102393 0.5025314
vt 1.094576 0.5276963
vt 1.092637 0.5541338
vt 1.096578 0.579934
vt 1.105971 0.6032823
vt 1.119999 0.6225942
vt 1.137533 0.6366277
vt 1.157225 0.6445658
vt 1.17762 0.6460612
vt 1.197265 0.6412438
vt 1.214822 0.6306907
vt 1.240737 0.5974295
vt 1.229155 0.6153632
vt 1.108669 0.4722123
vt 1.116828 0.4819053
vt 1.130016 0.4561694
vt 1.135128 0.4666908
vt 1.153632 0.4477702
vt 1.155905 0.457846
vt 1.17762 0.4472776
vt 1.17762 0.4558367
vt 1.200135 0.4542999
vt 1.198711 0.4606152
vt 1.200194 0.5076788
vt 1.217707 0.4716399
vt 1.208799 0.5170897
vt 1.233339 0.487933
vt 1.214959 0.5285205
vt 1.244626 0.5081701
vt 1.218401 0.5411511
vt 1.250938 0.5307927
vt 1.219027 0.5541338
vt 1.252024 0.5541338
vt 1.216917 0.5666441
vt 1.248018 0.5765453
vt 1.205939 0.5877803
vt 1.212304 0.5779255
vt 1.197961 0.5959941
vt 1.188337 0.601654
vt 1.17762 0.6042951
vt 1.166461 0.6036149
vt 1.155573 0.5995034
vt 1.145695 0.5920642
vt 1.102284 0.6058116
vt 1.090747 0.5817902
vt 1.084939 0.5541338
vt 1.085655 0.5248563
vt 1.093173 0.4962065
vt 1.103165 0.5030605
vt 1.095532 0.5280007
vt 1.093719 0.5541338
vt 1.097706 0.579575
vt 1.107049 0.6025426
vt 1.120929 0.6214898
vt 1.138221 0.6352129
vt 1.157595 0.6429288
vt 1.17762 0.6443167
vt 1.196877 0.6395219
vt 1.214061 0.6291242
vt 1.250501 0.5541338
vt 1.248018 0.5317223
vt 1.240737 0.5108381
vt 1.229155 0.4929044
vt 1.214061 0.4791434
vt 1.196483 0.4704929
vt 1.196483 0.6377747
vt 1.17762 0.6407252
vt 1.17762 0.4675424
vt 1.158757 0.6377747
vt 1.158757 0.4704929
vt 1.141179 0.6291242
vt 1.141179 0.4791434
vt 1.126085 0.6153632
vt 1.126085 0.4929044
vt 1.114503 0.5108381
vt 1.114503 0.5974295
vt 1.107222 0.5765453
vt 1.107222 0.5317223
vt 1.104739 0.5541338
vt 1.110297 0.4741462
vt 1.117528 0.4827369
vt 1.13128 0.4587708
vt 1.135669 0.4678045
vt 1.154343 0.4509186
vt 1.156207 0.4591861
vt 1.17762 0.4507782
vt 1.17762 0.4573162
vt 1.189305 0.5023199
vt 1.19837 0.4621238
vt 1.199667 0.5087642
vt 1.217019 0.4730547
vt 1.208107 0.5179111
vt 1.23233 0.4891313
vt 1.214183 0.5290531
vt 1.243355 0.5090423
vt 1.217616 0.5414008
vt 1.249488 0.5312541
vt 1.218303 0.5541338
vt 1.216305 0.5664493
vt 1.205557 0.5873263
vt 1.211836 0.5776045
vt 1.197645 0.5953422
vt 1.18815 0.6008229
vt 1.17762 0.6033304
vt 1.166693 0.6025859
vt 1.156062 0.5984974
vt 1.146441 0.5911779
vt 1.13852 0.5809546
vt 1.093593 0.5808842
vt 1.087683 0.5541338
vt 1.088097 0.5256338
vt 1.095167 0.497574
vt 1.104022 0.5036486
vt 1.096578 0.5283336
vt 1.094887 0.5541338
vt 1.098909 0.579192
vt 1.108188 0.6017617
vt 1.121901 0.6203346
vt 1.138934 0.6337452
vt 1.157975 0.6412438
vt 1.17762 0.6425341
vt 1.125009 0.6166423
vt 1.113185 0.5983339
vt 1.105752 0.5770135
vt 1.103216 0.5541338
vt 1.105752 0.5312541
vt 1.113185 0.5099336
vt 1.125009 0.4916253
vt 1.140418 0.4775769
vt 1.158363 0.4687456
vt 1.17762 0.4657335
vt 1.196877 0.4687456
vt 1.214822 0.4775769
vt 1.230231 0.4916253
vt 1.242055 0.5099336
vt 1.158363 0.6395219
vt 1.140418 0.6306907
vt 1.112085 0.4762703
vt 1.118293 0.4836462
vt 1.132651 0.4615936
vt 1.136253 0.469006
vt 1.155105 0.4542999
vt 1.156529 0.4606152
vt 1.17762 0.5004922
vt 1.17762 0.458878
vt 1.189032 0.5035306
vt 1.198015 0.4637018
vt 1.199178 0.5097702
vt 1.216306 0.4745223
vt 1.207473 0.5186644
vt 1.231292 0.4903648
vt 1.21348 0.5295355
vt 1.216917 0.5416235
vt 1.217669 0.5541338
vt 1.215783 0.5662831
vt 1.205242 0.5869524
vt 1.21145 0.5773401
vt 1.197375 0.5947862
vt 1.187986 0.6000958
vt 1.17762 0.6024699
vt 1.166903 0.601654
vt 1.15651 0.5975748
vt 1.147133 0.5903565
vt 1.139434 0.5803279
vt 1.13401 0.5680173
vt 1.090629 0.5541338
vt 1.090747 0.5264774
vt 1.097356 0.499076
vt 1.10496 0.5042916
vt 1.097706 0.5286926
vt 1.096132 0.5541338
vt 1.100178 0.5787878
vt 1.109378 0.6009448
vt 1.12291 0.6191363
vt 1.139668 0.6322345
vt 1.123948 0.6179027
vt 1.111885 0.5992253
vt 1.104302 0.5774748
vt 1.101716 0.5541338
vt 1.104302 0.5307927
vt 1.111885 0.5090423
vt 1.123948 0.4903648
vt 1.139668 0.4760331
vt 1.157975 0.4670238
vt 1.17762 0.4639509
vt 1.197265 0.4670238
vt 1.215572 0.4760331
vt 1.114025 0.478575
vt 1.119119 0.4846273
vt 1.134125 0.4646252
vt 1.136876 0.4702873
vt 1.165935 0.5023199
vt 1.15687 0.4621238
vt 1.17762 0.5017455
vt 1.17762 0.4605117
vt 1.188779 0.5046526
vt 1.197645 0.4653388
vt 1.19873 0.5106928
vt 1.206899 0.5193466
vt 1.212852 0.5299657
vt 1.216305 0.5418183
vt 1.217129 0.5541338
vt 1.215353 0.5661462
vt 1.204996 0.5866601
vt 1.211149 0.5771333
vt 1.197152 0.5943283
vt 1.187846 0.5994757
vt 1.17762 0.6017172
vt 1.167091 0.6008229
vt 1.156916 0.5967393
vt 1.147767 0.5896032
vt 1.140281 0.5797471
vt 1.135029 0.5676929
vt 1.132472 0.5541338
vt 1.093593 0.5273834
vt 1.099732 0.5007057
vt 1.105971 0.5049852
vt 1.098909 0.5290756
vt 1.097446 0.5541338
vt 1.101506 0.578365
vt 1.110614 0.6000975
vt 1.102884 0.5779263
vt 1.100248 0.5541338
vt 1.102884 0.5303412
vt 1.110614 0.5081701
vt 1.12291 0.4891313
vt 1.138934 0.4745223
vt 1.157595 0.4653388
vt 1.17762 0.4622064
vt 1.116108 0.4810503
vt 1.119999 0.4856734
vt 1.155046 0.5076788
vt 1.137533 0.4716399
vt 1.166208 0.5035306
vt 1.157225 0.4637018
vt 1.17762 0.5029071
vt 1.188547 0.5056816
vt 1.198324 0.5115283
vt 1.206387 0.519955
vt 1.212304 0.5303421
vt 1.215783 0.5419845
vt 1.216684 0.5541338
vt 1.215017 0.5660392
vt 1.20482 0.5864504
vt 1.210933 0.5769851
vt 1.196978 0.5939702
vt 1.187731 0.5989649
vt 1.17762 0.6010751
vt 1.167254 0.6000958
vt 1.157279 0.5959941
vt 1.148341 0.588921
vt 1.141057 0.5792145
vt 1.135973 0.5673922
vt 1.133527 0.5541338
vt 1.13401 0.5402503
vt 1.102284 0.502456
vt 1.107049 0.505725
vt 1.100178 0.5294798
vt 1.098821 0.5541338
vt 1.101506 0.5299026
vt 1.109378 0.5073227
vt 1.121901 0.487933
vt 1.138221 0.4730547
vt 1.145695 0.5162034
vt 1.120929 0.4867778
vt 1.155573 0.5087642
vt 1.166461 0.5046526
vt 1.17762 0.5039724
vt 1.188337 0.5066136
vt 1.197961 0.5122735
vt 1.205939 0.5204873
vt 1.211836 0.5306631
vt 1.215353 0.5421213
vt 1.216336 0.5541338
vt 1.214776 0.5659625
vt 1.204714 0.5863243
vt 1.210803 0.5768959
vt 1.196853 0.5937134
vt 1.18764 0.5985655
vt 1.17762 0.6005464
vt 1.167394 0.5994757
vt 1.157595 0.5953422
vt 1.148853 0.5883126
vt 1.14176 0.5787321
vt 1.136839 0.5671165
vt 1.134504 0.5541338
vt 1.135029 0.5405747
vt 1.13852 0.527313
vt 1.108188 0.5065059
vt 1.146441 0.5170897
vt 1.156062 0.5097702
vt 1.166693 0.5056816
vt 1.17762 0.5049372
vt 1.18815 0.5074447
vt 1.197645 0.5129254
vt 1.205557 0.5209412
vt 1.21145 0.5309275
vt 1.215017 0.5422283
vt 1.216086 0.5541338
vt 1.214631 0.5659163
vt 1.204678 0.5862822
vt 1.210759 0.5768661
vt 1.196778 0.5935589
vt 1.187576 0.5982791
vt 1.17762 0.6001329
vt 1.16751 0.5989649
vt 1.157866 0.5947862
vt 1.149301 0.5877803
vt 1.142388 0.5783018
vt 1.137624 0.5668668
vt 1.135401 0.5541338
vt 1.135973 0.5408754
vt 1.139434 0.5279396
vt 1.147133 0.5179111
vt 1.15651 0.5106928
vt 1.166903 0.5066136
vt 1.17762 0.5057977
vt 1.187986 0.5081718
vt 1.197375 0.5134814
vt 1.205242 0.5213152
vt 1.211149 0.5311342
vt 1.214776 0.5423051
vt 1.215936 0.5541338
vt 1.214582 0.5659009
vt 1.196753 0.5935074
vt 1.187537 0.5981068
vt 1.17762 0.5998364
vt 1.1676 0.5985655
vt 1.158088 0.5943283
vt 1.149683 0.5873263
vt 1.142936 0.5779255
vt 1.138323 0.5666441
vt 1.136213 0.5541338
vt 1.136839 0.5411511
vt 1.140281 0.5285205
vt 1.147767 0.5186644
vt 1.156916 0.5115283
vt 1.167091 0.5074447
vt 1.17762 0.5065504
vt 1.187846 0.5087919
vt 1.197152 0.5139393
vt 1.204996 0.5216075
vt 1.210933 0.5312825
vt 1.214631 0.5423513
vt 1.215886 0.5541338
vt 1.214582 0.5423667
vt 1.211032 0.5541338
vt 1.210759 0.5314014
vt 1.209893 0.5438594
vt 1.206555 0.5342852
vt 1.204678 0.5219854
vt 1.201246 0.5260637
vt 1.196753 0.5147602
vt 1.194326 0.519755
vt 1.187524 0.5102183
vt 1.186268 0.5157893
vt 1.17762 0.5086691
vt 1.17762 0.5144366
vt 1.168972 0.5157893
vt 1.167716 0.5102183
vt 1.160914 0.519755
vt 1.158487 0.5147602
vt 1.153994 0.5260637
vt 1.150562 0.5219854
vt 1.148685 0.5342852
vt 1.145347 0.5438594
vt 1.144481 0.5314014
vt 1.144208 0.5541338
vt 1.140658 0.5659009
vt 1.140658 0.5423667
vt 1.139354 0.5541338
vt 1.209893 0.5644082
vt 1.206555 0.5739824
vt 1.201246 0.5822039
vt 1.194326 0.5885125
vt 1.187524 0.5980493
vt 1.186268 0.5924783
vt 1.17762 0.5995985
vt 1.17762 0.593831
vt 1.168972 0.5924783
vt 1.167716 0.5980493
vt 1.160914 0.5885125
vt 1.158487 0.5935074
vt 1.153994 0.5822039
vt 1.150562 0.5862822
vt 1.148685 0.5739824
vt 1.145347 0.5644082
vt 1.144481 0.5768661
vt 1.17762 0.599658
vt 1.167664 0.5982791
vt 1.158262 0.5939702
vt 1.149998 0.5869524
vt 1.143404 0.5776045
vt 1.138935 0.5664493
vt 1.136937 0.5541338
vt 1.137624 0.5414008
vt 1.141057 0.5290531
vt 1.148341 0.5193466
vt 1.157279 0.5122735
vt 1.167254 0.5081718
vt 1.17762 0.5071924
vt 1.187731 0.5093027
vt 1.196978 0.5142974
vt 1.20482 0.5218172
vt 1.210803 0.5313717
vt 1.167703 0.5981068
vt 1.158387 0.5937134
vt 1.150244 0.5866601
vt 1.14379 0.5773401
vt 1.139457 0.5662831
vt 1.137571 0.5541338
vt 1.138323 0.5416235
vt 1.14176 0.5295355
vt 1.148853 0.519955
vt 1.157595 0.5129254
vt 1.167394 0.5087919
vt 1.17762 0.5077212
vt 1.18764 0.5097021
vt 1.196853 0.5145542
vt 1.204714 0.5219433
vt 1.17762 0.5086096
vt 1.167703 0.5101608
vt 1.158462 0.5147086
vt 1.150526 0.5219433
vt 1.144437 0.5313717
vt 1.140609 0.5423513
vt 1.139304 0.5541338
vt 1.140609 0.5659163
vt 1.144437 0.5768959
vt 1.150526 0.5863243
vt 1.158462 0.5935589
vt 1.196778 0.5147086
vt 1.187537 0.5101608
vt 1.15042 0.5864504
vt 1.144091 0.5771333
vt 1.139887 0.5661462
vt 1.138111 0.5541338
vt 1.138935 0.5418183
vt 1.142388 0.5299657
vt 1.149301 0.5204873
vt 1.157866 0.5134814
vt 1.16751 0.5093027
vt 1.17762 0.5081347
vt 1.187576 0.5099885
vt 1.17762 0.5084312
vt 1.167664 0.5099885
vt 1.158387 0.5145542
vt 1.15042 0.5218172
vt 1.144307 0.5312825
vt 1.140464 0.5423051
vt 1.139154 0.5541338
vt 1.140464 0.5659625
vt 1.144307 0.5769851
vt 1.140223 0.5660392
vt 1.138556 0.5541338
vt 1.139457 0.5419845
vt 1.142936 0.5303421
vt 1.149683 0.5209412
vt 1.158088 0.5139393
vt 1.1676 0.5097021
vt 1.158262 0.5142974
vt 1.150244 0.5216075
vt 1.144091 0.5311342
vt 1.140223 0.5422283
vt 1.138904 0.5541338
vt 1.139887 0.5421213
vt 1.143404 0.5306631
vt 1.149998 0.5213152
vt 1.14379 0.5309275
vn 0.11949394615358047 0.196477500414597 0.9731997681172542
vn 0.36535884479755276 0.2208250151396332 0.9042948784643087
vn 0.1188607979707198 0.22082500584197737 0.9680436082639327
vn 0.3673048851130935 0.1964774970931478 0.9091114972917619
vn -0.1364604105491306 0.1964775050340897 0.9709660891958801
vn -0.13573738149112294 0.22082500879253975 0.9658217634520916
vn 0.12005174156917262 0.1720622967391416 0.9777433944481855
vn 0.36901973451015774 0.1720623090432451 0.9133558985131477
vn 0.5869582898217459 0.2208250058419773 0.778919946338789
vn 0.5900846107201354 0.1964775004145969 0.7830687990349878
vn 0.3631807124295037 0.24509530294945858 0.8989038116457796
vn 0.11815218560002808 0.24509528952584567 0.9622724978352952
vn -0.38108532454142485 0.22082500937625643 0.897780758678383
vn -0.3831151288793654 0.1964775058278235 0.9025626780049266
vn -0.13709752549822637 0.1720622970898175 0.9754992744346039
vn -0.13492818206831655 0.24509530268538435 0.9600638928140663
vn 0.1205347256575098 0.14758850561916478 0.9816766335814309
vn 0.37050422059627564 0.1475884894641902 0.9170301305289945
vn 0.5928396343264374 0.17206229673914156 0.7867246875575645
vn 0.7685574709813654 0.22082500879253966 0.6004629291559158
vn 0.7726511234857785 0.19647750503408967 0.6036611892375917
vn 0.5834590727544741 0.2450952895258456 0.7742763133873662
vn 0.36076951348584624 0.269278413103233 0.8929358848068489
vn 0.11736777991313443 0.26927839425201133 0.9558838583360012
vn -0.6004629291559159 0.2208250087925397 0.7685574709813654
vn -0.6036611892375918 0.1964775050340897 0.7726511234857785
vn -0.3849037938154448 0.17206229433439474 0.9067765085040864
vn -0.37881343686683466 0.24509529715148162 0.8924285267534668
vn -0.13764897047442548 0.14758850314782387 0.9794235011811365
vn -0.13403235891364876 0.2692784039145604 0.9536899223276241
vn 0.12094296455069703 0.12306500092798302 0.9850014237920087
vn 0.37175906184970375 0.12306499760373713 0.9201359716353992
vn 0.5952244621237148 0.14758850561916467 0.7898895319591445
vn 0.7762584406863087 0.1720622970898174 0.6064795125834311
vn 0.8977807586783898 0.22082500937625638 0.38108532454140936
vn 0.9025626780049242 0.1964775058278234 0.3831151288793711
vn 0.7639756286089529 0.24509530268538432 0.5968831807758664
vn 0.579585405100093 0.2692783942520113 0.7691358167346124
vn 0.3584539544081692 0.2904799947094049 0.8872046749441587
vn 0.11661444227813235 0.29048000578913724 0.9497486183664092
vn -0.778919946338789 0.22082500584197728 0.5869582898217459
vn -0.7830687990349878 0.19647750041459688 0.5900846107201354
vn -0.6064795125834311 0.17206229708981743 0.7762584406863087
vn -0.5968831807758663 0.2450953026853843 0.7639756286089526
vn -0.3864521768163861 0.1475884927434046 0.9104242702408621
vn -0.37629845203400725 0.2692783933919267 0.8865035938162195
vn -0.13811514422695437 0.1230650042316509 0.9827406634858616
vn -0.13317213926337157 0.29048001078930497 0.9475687545797732
vn 0.12127670043344475 0.0985006403448946 0.9877193861535887
vn 0.37278487507886204 0.09850064135503053 0.9226749484867816
vn 0.5972403929794728 0.12306500092798298 0.792564772457318
vn 0.7793811139532101 0.14758850314782376 0.6089192992110186
vn 0.9067765085040987 0.17206229433439463 0.3849037938154158
vn 0.9658217634520916 0.22082500879253955 0.13573738149112283
vn 0.9709660891958803 0.19647750503408956 0.13646041054913052
vn 0.892428526753474 0.24509529715148157 0.3788134368668183
vn 0.7589034954232663 0.2692784039145603 0.5929204211524303
vn 0.5758654150630736 0.2904800057891372 0.7641991821318423
vn 0.35667047177196026 0.3057241949236734 0.8827904004939332
vn 0.11603429171387632 0.305724194704266 0.9450231531126035
vn -0.9042948784643087 0.2208250151396331 0.36535884479755276
vn -0.9091114972917619 0.19647749709314768 0.3673048851130935
vn -0.7867246875575645 0.17206229673914153 0.5928396343264375
vn -0.7742763133873665 0.24509528952584564 0.5834590727544742
vn -0.6089192992110187 0.1475885031478238 0.7793811139532101
vn -0.5929204211524304 0.26927840391456037 0.7589034954232663
vn -0.3877610313857129 0.12306500110989092 0.9135077383583078
vn -0.3738832207289788 0.2904799889706259 0.880813665462197
vn -0.1384963025807797 0.09850064140698025 0.9854523823168051
vn -0.13250952645510886 0.30572420302104175 0.9428541441208134
vn 0.12153606081041328 0.07390371649068199 0.989831918363695
vn 0.37358218533131404 0.07390372117225741 0.9246483606214705
vn 0.5988883787729989 0.09850064034489459 0.794751743390535
vn 0.782020745840621 0.12306500423165082 0.6109816345916977
vn 0.9104242702408601 0.14758849274340452 0.38645217681639127
vn 0.9754992744346039 0.1720622970898173 0.1370975254982263
vn 0.9731997681172542 0.19647750041459675 -0.11949394615358051
vn 0.9680436082639329 0.22082500584197715 -0.11886079797071994
vn 0.9600638928140666 0.2450953026853842 0.13492818206831647
vn 0.8865035938162197 0.2692783933919266 0.37629845203400697
vn 0.7540325847931625 0.29048001078930485 0.5891147803289166
vn 0.5730001564756521 0.30572419470426593 0.7603969604432324
vn 0.3551713087496889 0.31791818634082825 0.8790798417861665
vn 0.11554655762661013 0.3179181949470497 0.9410510158021457
vn -0.9731997681172542 0.1964775004145968 0.11949394615358043
vn -0.9680436082639327 0.22082500584197717 0.1188607979707198
vn -0.9133558985131477 0.172062309043245 0.36901973451015774
vn -0.8989038116457798 0.24509530294945853 0.3631807124295037
vn -0.7898895319591445 0.14758850561916464 0.5952244621237148
vn -0.7691358167346126 0.2692783942520112 0.5795854051000929
vn -0.6109816345916976 0.12306500423165083 0.7820207458406209
vn -0.5891147803289165 0.29048001078930485 0.7540325847931624
vn -0.38883099992602216 0.09850063845646301 0.9160284262620888
vn -0.37202296824314784 0.30572420348039087 0.8764311852654709
vn -0.13879249550042128 0.07390371834382055 0.9875600658226937
vn -0.13195257488977918 0.31791820259360704 0.9388911195871477
vn 0.12172121046611198 0.0492825497739216 0.9913400915984613
vn 0.3741513985827793 0.049282547011384806 0.9260572128646377
vn 0.6001692987073962 0.07390371649068193 0.7964515387504358
vn 0.7841786463926252 0.09850064140698019 0.6126675070413344
vn 0.9135077383583157 0.1230650011098908 0.3877610313856943
vn 0.9794235011811365 0.14758850314782368 0.1376489704744254
vn 0.9777433944481856 0.17206229673914136 -0.12005174156917271
vn 0.9091114972917619 0.19647749709314752 -0.3673048851130936
vn 0.9042948784643087 0.22082501513963293 -0.3653588447975529
vn 0.9622724978352952 0.24509528952584542 -0.11815218560002819
vn 0.9536899223276241 0.2692784039145602 0.13403235891364862
vn 0.8808136654622026 0.2904799889706256 0.373883220728965
vn 0.7502808974202876 0.30572420302104164 0.5861836629021288
vn 0.5705917245973781 0.31791819494704965 0.7572008354080175
vn 0.3536108420353327 0.3300812182098905 0.8752175511152285
vn 0.11503889083288817 0.3300811894592854 0.9369164647721173
vn -0.9709660891958803 0.1964775050340895 -0.13646041054913063
vn -0.9658217634520918 0.22082500879253955 -0.13573738149112297
vn -0.9777433944481856 0.17206229673914142 0.12005174156917263
vn -0.9622724978352952 0.24509528952584547 0.11815218560002808
vn -0.9170301305289945 0.1475884894641901 0.37050422059627564
vn -0.8929358848068492 0.26927841310323286 0.36076951348584624
vn -0.7925647724573182 0.12306500092798293 0.5972403929794728
vn -0.7641991821318425 0.2904800057891371 0.5758654150630735
vn -0.6126675070413344 0.09850064140698021 0.7841786463926251
vn -0.5861836629021289 0.3057242030210417 0.7502808974202876
vn -0.38966262951165 0.07390371835985357 0.9179876227785722
vn -0.37045927296195114 0.317918212823044 0.8727473500572227
vn -0.139004034459527 0.04928255080704922 0.9890647646084281
vn -0.1313727893930096 0.3300812104236139 0.9347660588256197
vn 0.12183227776456838 0.02464528934446739 0.9922446804129637
vn 0.3744928081720333 0.024645290046850357 0.9269022312552342
vn 0.6010837783480734 0.04928254977392156 0.7976650435455883
vn 0.7858558297329865 0.07390371834382044 0.6139778947890848
vn 0.9160284262620894 0.09850063845646288 0.3888309999260209
vn 0.9827406634858615 0.12306500423165068 0.13811514422695426
vn 0.9816766335814309 0.14758850561916453 -0.12053472565750989
vn 0.9133558985131477 0.17206230904324482 -0.36901973451015785
vn 0.783068799034988 0.19647750041459663 -0.5900846107201355
vn 0.778919946338789 0.220825005841977 -0.5869582898217459
vn 0.8989038116457798 0.24509530294945836 -0.36318071242950384
vn 0.9558838583360013 0.2692783942520111 -0.11736777991313456
vn 0.9475687545797732 0.29048001078930474 0.13317213926337143
vn 0.8764311852654736 0.3057242034803907 0.37202296824314185
vn 0.7471273118371642 0.3179182025936069 0.5837197926802064
vn 0.5680848090589036 0.33008118945928533 0.7538740332984367
vn 0.35198893532573644 0.34221161463687866 0.8712031911189692
vn 0.11451126967682407 0.34221159590966277 0.9326191037835132
vn -0.9025626780049283 0.19647750582782322 -0.38311512887936156
vn -0.8977807586783858 0.2208250093762562 -0.38108532454141875
vn -0.9754992744346039 0.17206229708981724 -0.13709752549822635
vn -0.9600638928140663 0.2450953026853841 -0.13492818206831655
vn -0.9816766335814309 0.1475885056191646 0.12053472565750983
vn -0.9558838583360013 0.2692783942520111 0.11736777991313445
vn -0.9201359716353991 0.12306499760373697 0.37175906184970375
vn -0.8872046749441587 0.29047999470940467 0.35845395440816913
vn -0.794751743390535 0.09850064034489454 0.598888378772999
vn -0.7603969604432324 0.30572419470426576 0.573000156475652
vn -0.6139778947890848 0.07390371834382048 0.7858558297329865
vn -0.5837197926802066 0.317918202593607 0.7471273118371641
vn -0.3902563438224332 0.049282548700384066 0.9193863260348943
vn -0.36883164193772777 0.3300812120990683 0.8689128916782913
vn -0.13913085103207648 0.024645290944013902 0.9899672802296927
vn -0.13077025803803194 0.3422115807508949 0.9304785723554522
vn 0.1218670502952409 0.006164626233831366 0.9925272890131205
vn 0.37459947357818807 0.00616462637302764 0.9271662374011606
vn 0.6016322634088408 0.024645289344467344 0.7983929041134337
vn 0.7870532497285834 0.04928255080704914 0.6149133372090955
vn 0.9179876227785804 0.07390371835985345 0.38966262951163066
vn 0.9854523823168051 0.09850064140698006 0.1384963025807796
vn 0.9850014237920087 0.12306500092798277 -0.12094296455069711
vn 0.9170301305289945 0.14758848946418993 -0.37050422059627575
vn 0.7867246875575645 0.17206229673914125 -0.5928396343264375
vn 0.6036611892375918 0.19647750503408937 -0.7726511234857785
vn 0.6004629291559159 0.22082500879253936 -0.7685574709813654
vn 0.7742763133873665 0.24509528952584536 -0.5834590727544742
vn 0.8929358848068492 0.26927841310323275 -0.36076951348584635
vn 0.9497486183664092 0.29048000578913696 -0.11661444227813247
vn 0.9428541441208134 0.30572420302104153 0.13250952645510877
vn 0.872747350057227 0.3179182128230439 0.3704592729619411
vn 0.7438447410767368 0.33008121042361377 0.5811552251316031
vn 0.5654791501874291 0.3422115959096627 0.750416254040559
vn 0.3503054500044065 0.35430769160232756 0.867036418709526
vn 0.11396349152740393 0.354307701406638 0.9281585938420375
vn -0.7726511234857785 0.1964775050340894 -0.6036611892375917
vn -0.7685574709813655 0.22082500879253944 -0.6004629291559159
vn -0.9067765085040937 0.17206229433439446 -0.3849037938154276
vn -0.8924285267534782 0.2450952971514814 -0.3788134368668086
vn -0.9794235011811365 0.14758850314782362 -0.13764897047442545
vn -0.9536899223276241 0.2692784039145601 -0.13403235891364873
vn -0.9850014237920087 0.12306500092798282 0.12094296455069706
vn -0.9497486183664092 0.29048000578913696 0.11661444227813234
vn -0.9226749484867814 0.09850064135503038 0.372784875078862
vn -0.8827904004939333 0.30572419492367325 0.35667047177196026
vn -0.796451538750436 0.07390371649068189 0.6001692987073962
vn -0.7572008354080177 0.3179181949470496 0.570591724597378
vn -0.6149133372090956 0.04928255080704917 0.7870532497285834
vn -0.5811552251316032 0.3300812104236138 0.7438447410767367
vn -0.34972551897516563 0.028731460200310602 0.9364115359030498
vn -0.3671399227357407 0.3422116035647873 0.8649274510149455
vn -0.13917049142249452 0.006164625857956846 0.9902492472631589
vn -0.13014474552964453 0.35430771301338165 0.9260282877484097
vn 0.3746065916614766 0 0.9271838552756254
vn 0.12186934340514721 0 0.9925461516413221
vn 0.6018035665723714 0.006164626233831323 0.7986203507575864
vn 0.7877714139652188 0.024645290944013826 0.6154744584249819
vn 0.919386326034897 0.04928254870038395 0.39025634382242674
vn 0.9875600658226937 0.07390371834382035 0.1387924955004212
vn 0.9877193861535888 0.09850064034489435 -0.12127670043344478
vn 0.9201359716353993 0.12306499760373683 -0.3717590618497038
vn 0.7898895319591446 0.14758850561916442 -0.5952244621237149
vn 0.6064795125834311 0.1720622970898171 -0.7762584406863087
vn 0.38311512887936655 0.1964775058278231 -0.9025626780049261
vn 0.38108532454142435 0.2208250093762561 -0.8977807586783835
vn 0.5968831807758664 0.24509530268538401 -0.7639756286089529
vn 0.7691358167346126 0.269278394252011 -0.5795854051000932
vn 0.8872046749441587 0.29047999470940455 -0.35845395440816924
vn 0.9450231531126035 0.30572419470426565 -0.11603429171387643
vn 0.9388911195871475 0.3179182025936068 0.13195257488977902
vn 0.8689128916782956 0.3300812120990682 0.36883164193771795
vn 0.7404329779375055 0.34221158075089475 0.5784896189064856
vn 0.562774658258284 0.3543077014066379 0.7468271130229651
vn 0.34856017843076836 0.36636820702192807 0.8627167199584395
vn 0.11339578949022333 0.3663682014758022 0.9235343717876856
vn -0.5869582898217459 0.22082500584197698 -0.778919946338789
vn -0.5900846107201355 0.1964775004145966 -0.783068799034988
vn -0.7762584406863087 0.17206229708981713 -0.6064795125834311
vn -0.7639756286089529 0.24509530268538404 -0.5968831807758664
vn -0.9104242702408643 0.14758849274340435 -0.3864521768163817
vn -0.8865035938162148 0.2692783933919264 -0.3762984520340184
vn -0.9827406634858615 0.12306500423165062 -0.1381151442269543
vn -0.9475687545797732 0.29048001078930463 -0.13317213926337154
vn -0.9877193861535888 0.0985006403448944 0.12127670043344473
vn -0.9450231531126035 0.30572419470426565 0.11603429171387629
vn -0.9246483606214706 0.07390372117225728 0.3735821853313141
vn -0.8790798417861666 0.317918186340828 0.35517130874968883
vn -0.7976650435455882 0.049282549773921505 0.6010837783480732
vn -0.7538740332984369 0.3300811894592853 0.5680848090589035
vn -0.6152398545802417 0.037001978229744395 0.7874711264187206
vn -0.5784896189064859 0.34221158075089486 0.7404329779375056
vn -0.26723333734825117 0.006111889206460218 0.9636124678624929
vn -0.36538397108219917 0.35430769794032335 0.8607906881794385
vn -0.13917313923768826 0 0.9902680633620005
vn -0.12949634993874917 0.36636818189063863 0.9214147006916533
vn 0.3735013274475429 -0.07676084825563098 0.924448230335263
vn 0.12173454051447682 -0.047019497689006554 0.9914483690454096
vn 0.12150981100467192 -0.07676085011084163 0.9896176724977529
vn 0.3741922661564316 -0.047019499915816554 0.9261583636594667
vn 0.601815020129661 0 0.7986355123248251
vn 0.7879957996350748 0.006164625857956765 0.6156497520063746
vn 0.9202252574075369 0.024645288902006467 0.39061244906450315
vn 0.9890647646084281 0.049282550807049026 0.13900403445952694
vn 0.989831918363695 0.07390371649068174 -0.12153606081041335
vn 0.9226749484867814 0.09850064135503021 -0.372784875078862
vn 0.7925647724573182 0.12306500092798266 -0.5972403929794728
vn 0.6089192992110188 0.14758850314782349 -0.7793811139532102
vn 0.38490379381544615 0.1720622943343944 -0.9067765085040861
vn 0.13573738149112297 0.22082500879253936 -0.9658217634520918
vn 0.13646041054913063 0.1964775050340893 -0.9709660891958803
vn 0.3788134368668324 0.2450952971514813 -0.8924285267534681
vn 0.5929204211524303 0.26927840391456 -0.7589034954232664
vn 0.7641991821318425 0.29048000578913685 -0.5758654150630738
vn 0.8827904004939333 0.30572419492367314 -0.3566704717719604
vn 0.9410510158021456 0.31791819494704937 -0.11554655762661024
vn 0.9347660588256196 0.33008121042361366 0.13137278939300942
vn 0.8649274510149485 0.3422116035647872 0.3671399227357339
vn 0.7368915944518767 0.35430771301338154 0.5757228695521817
vn 0.5599707743855257 0.3663682014758021 0.7431063670710006
vn 0.3467530216267885 0.3783911152824892 0.8582438498864794
vn 0.11280783506028146 0.37839109754504024 0.9187461943581983
vn -0.3673048851130935 0.1964774970931474 -0.9091114972917619
vn -0.36535884479755276 0.22082501513963282 -0.9042948784643087
vn -0.5928396343264374 0.17206229673914122 -0.7867246875575645
vn -0.5834590727544742 0.24509528952584533 -0.7742763133873665
vn -0.7793811139532102 0.1475885031478235 -0.6089192992110187
vn -0.7589034954232663 0.2692784039145601 -0.5929204211524305
vn -0.9135077383583098 0.12306500110989066 -0.3877610313857087
vn -0.8808136654622049 0.2904799889706255 -0.37388322072895985
vn -0.9854523823168051 0.09850064140698 -0.13849630258077966
vn -0.9428541441208134 0.3057242030210414 -0.13250952645510888
vn -0.989831918363695 0.0739037164906818 0.12153606081041332
vn -0.9410510158021456 0.31791819494704937 0.1155465576266101
vn -0.9260572128646377 0.04928254701138468 0.3741513985827793
vn -0.8752175511152285 0.3300812182098902 0.35361084203533266
vn -0.7980886142908077 0.03700198118053287 0.601402874226665
vn -0.750416254040559 0.34221159590966255 0.5654791501874289
vn -0.507528928842107 0.006111889206460194 0.8616130402905421
vn -0.6156146781019254 0.012335340234233428 0.7879507646336595
vn -0.6156497520063745 0.006164625857956801 0.7879957996350747
vn -0.5075003827867536 0.01222982018015435 0.8615647352170699
vn -0.5757228695521819 0.3543077130133816 0.7368915944518766
vn -0.26723837532716405 0 0.9636304534169194
vn -0.36356358056869564 0.3663681845124716 0.8565021169040418
vn -0.13901916190538938 -0.04701949896785854 0.9891728056006872
vn -0.13876248647273906 -0.07676084949188475 0.987346314285513
vn -0.12882496825336598 0.3783910955278695 0.9166374999855383
vn 0.3711090135518768 -0.13633109148569378 0.9185270456305968
vn 0.12073152282898462 -0.13633109825951026 0.9832790707844594
vn 0.6011494053482689 -0.047019497689006595 0.7977521916525809
vn 0.6000393535539567 -0.0767608501108417 0.796279188524233
vn 0.788010775074443 0 0.6156614478482273
vn 0.9204873617519063 0.006164625970627763 0.39072370575850324
vn 0.9899672802296929 0.02464529094401372 0.13913085103207645
vn 0.9913400915984613 0.04928254977392135 -0.12172121046611205
vn 0.9246483606214706 0.07390372117225712 -0.3735821853313141
vn 0.794751743390535 0.09850064034489427 -0.598888378772999
vn 0.6109816345916976 0.12306500423165047 -0.7820207458406209
vn 0.38645217681638666 0.14758849274340424 -0.9104242702408621
vn 0.13709752549822637 0.17206229708981705 -0.9754992744346039
vn -0.11886079797071983 0.22082500584197695 -0.9680436082639329
vn -0.11949394615358047 0.19647750041459655 -0.9731997681172542
vn 0.13492818206831658 0.24509530268538396 -0.9600638928140666
vn 0.376298452034008 0.2692783933919263 -0.8865035938162193
vn 0.5891147803289165 0.2904800107893045 -0.7540325847931626
vn 0.7603969604432324 0.30572419470426554 -0.5730001564756522
vn 0.8790798417861666 0.3179181863408279 -0.35517130874968894
vn 0.9369164647721174 0.33008118945928516 -0.1150388908328883
vn 0.9304785723554523 0.34221158075089475 0.1307702580380318
vn 0.8607906881794419 0.35430769794032324 0.3653839710821912
vn 0.7332203108410194 0.3663681818906385 0.5728545461706199
vn 0.5570675658917126 0.3783910975450402 0.7392536129976927
vn 0.3448837872308683 0.3903749776335147 0.853617332381979
vn 0.1121997747303307 0.3903750034480086 0.9137935036064934
vn -0.36901973451015774 0.1720623090432447 -0.9133558985131477
vn -0.3631807124295038 0.24509530294945825 -0.8989038116457798
vn -0.5952244621237149 0.1475885056191644 -0.7898895319591446
vn -0.579585405100093 0.26927839425201094 -0.7691358167346126
vn -0.782020745840621 0.12306500423165054 -0.6109816345916977
vn -0.7540325847931624 0.2904800107893046 -0.5891147803289166
vn -0.9160284262620968 0.09850063845646272 -0.3888309999260033
vn -0.8764311852654741 0.3057242034803906 -0.3720229682431407
vn -0.9875600658226937 0.0739037183438203 -0.13879249550042125
vn -0.9388911195871478 0.31791820259360676 -0.1319525748897792
vn -0.9913400915984613 0.04928254977392141 0.12172121046611202
vn -0.9369164647721174 0.33008118945928516 0.11503889083288817
vn -0.9265489125087608 0.03700198244060862 0.3743500581331565
vn -0.8712031911189693 0.34221161463687855 0.3519889353257364
vn -0.7985747742756191 0.01233533985042791 0.6017691993459109
vn -0.7986203507575864 0.006164626233831279 0.6018035665723714
vn -0.7468271130229651 0.35430770140663775 0.5627746582582838
vn -0.5075383668930762 0 0.8616291581251816
vn -0.6156614478482274 0 0.788010775074443
vn -0.57285454617062 0.3663681818906386 0.7332203108410192
vn -0.3895782909839645 -0.07676085230055363 0.9177889336596439
vn -0.3902989705552439 -0.047019498515203983 0.9194867483237025
vn -0.36167863493016583 0.3783911043073831 0.85206146328542
vn -0.13787372594321842 -0.1363311001322572 0.9810222560325851
vn -0.12813054948976732 0.39037498050214015 0.9116961867230793
vn 0.36736815746985685 -0.19563270635828164 0.909268101871025
vn 0.1195144734802902 -0.19563270152816667 0.973367421234921
vn 0.5961960444970179 -0.1363310982595103 0.7911789356229507
vn 0.7871391830818407 -0.047019498967858626 0.6149805469883288
vn 0.7856857587510073 -0.07676084949188483 0.6138449808226324
vn 0.9205048527130911 0 0.39073113023107126
vn 0.9902492472631589 0.006164625857956657 0.13917049142249446
vn 0.9922446804129637 0.02464528934446714 -0.12183227776456844
vn 0.9260572128646377 0.049282547011384514 -0.3741513985827793
vn 0.796451538750436 0.07390371649068161 -0.6001692987073962
vn 0.6126675070413344 0.09850064140697985 -0.7841786463926251
vn 0.3877610313857134 0.12306500110989053 -0.9135077383583078
vn 0.13764897047442548 0.14758850314782343 -0.9794235011811365
vn -0.12005174156917262 0.17206229673914117 -0.9777433944481855
vn -0.1181521856000281 0.24509528952584528 -0.9622724978352954
vn 0.13403235891364873 0.2692784039145599 -0.9536899223276241
vn 0.37388322072898156 0.2904799889706253 -0.8808136654621957
vn 0.5861836629021289 0.30572420302104136 -0.7502808974202878
vn 0.7572008354080176 0.31791819494704926 -0.5705917245973781
vn 0.8752175511152287 0.3300812182098902 -0.35361084203533283
vn 0.9326191037835133 0.34221159590966255 -0.1145112696768242
vn 0.9260282877484098 0.3543077130133815 0.1301447455296444
vn 0.8565021169040468 0.3663681845124716 0.36356358056868454
vn 0.7294188368268795 0.37839109552786937 0.5698844964616433
vn 0.5540645398161677 0.3903750034480085 0.735268551211913
vn 0.34295233446914086 0.4023179724578645 0.848836819017389
vn 0.11157136041092412 0.40231798057979656 0.9086760005845044
vn -0.37050422059627564 0.14758848946418981 -0.9170301305289945
vn -0.36076951348584624 0.2692784131032326 -0.8929358848068492
vn -0.5972403929794728 0.12306500092798262 -0.792564772457318
vn -0.5758654150630735 0.2904800057891368 -0.7641991821318425
vn -0.7841786463926252 0.09850064140697991 -0.6126675070413344
vn -0.7502808974202876 0.3057242030210414 -0.586183662902129
vn -0.9179876227785745 0.07390371835985328 -0.3896626295116446
vn -0.8727473500572259 0.3179182128230438 -0.3704592729619437
vn -0.9890647646084281 0.04928255080704897 -0.13900403445952694
vn -0.9347660588256198 0.3300812104236136 -0.13137278939300961
vn -0.9918664455170443 0.037001981180532766 0.12178590906217342
vn -0.9326191037835133 0.34221159590966255 0.11451126967682407
vn -0.9271133121642062 0.012335339649770434 0.3745780903945666
vn -0.9271662374011606 0.006164626373027518 0.37459947357818807
vn -0.8670364187095259 0.35430769160232733 0.35030545000440644
vn -0.7986355123248251 0 0.601815020129661
vn -0.7431063670710009 0.36636820147580207 0.5599707743855256
vn -0.6138449808226324 -0.07676084949188479 0.7856857587510073
vn -0.6149805469883288 -0.04701949896785859 0.7871391830818407
vn -0.5698844964616435 0.3783910955278694 0.7294188368268794
vn -0.38708300198274964 -0.13633110346096178 0.9119104011936364
vn -0.35972893370130055 0.390375013197459 0.8474682550569133
vn -0.136483945898491 -0.19563269654161244 0.9711333484933133
vn -0.1274130099428742 0.40231799550906 0.9065904011111463
vn 0.36226814998648316 -0.25453738395734915 0.8966451403278334
vn 0.11785533542101352 -0.25453738751209315 0.9598545922541178
vn 0.590186306238049 -0.19563270152816672 0.7832036580748835
vn 0.7806533779433659 -0.13633110013225724 0.6099132189437615
vn 0.9194867483237047 -0.0470194985152041 0.39029897055523854
vn 0.9177889336596489 -0.07676085230055375 0.3895782909839527
vn 0.9902680633620005 0 0.1391731392376882
vn 0.9925272890131205 0.006164626233831119 -0.1218670502952409
vn 0.926902231255234 0.024645290046850066 -0.37449280817203323
vn 0.7976650435455884 0.04928254977392125 -0.6010837783480734
vn 0.6139778947890849 0.07390371834382015 -0.7858558297329867
vn 0.38883099992602177 0.09850063845646259 -0.9160284262620889
vn 0.13811514422695437 0.12306500423165045 -0.9827406634858616
vn -0.1205347256575098 0.14758850561916434 -0.9816766335814309
vn -0.11736777991313446 0.2692783942520109 -0.9558838583360014
vn 0.13317213926337157 0.2904800107893045 -0.9475687545797734
vn 0.37202296824314796 0.3057242034803904 -0.8764311852654711
vn 0.5837197926802066 0.31791820259360665 -0.7471273118371643
vn 0.7538740332984367 0.33008118945928494 -0.5680848090589036
vn 0.871203191118969 0.3422116146368784 -0.3519889353257364
vn 0.9281585938420376 0.35430770140663775 -0.11396349152740408
vn 0.9214147006916534 0.36636818189063847 0.12949634993874903
vn 0.8520614632854253 0.378391104307383 0.36167863493015323
vn 0.7254867891649199 0.39037498050214003 0.5668123969578723
vn 0.5509616669527291 0.4023179805797965 0.7311507943310083
vn 0.3409585130709013 0.4142183139857396 0.8439019378596613
vn 0.11092275258330114 0.41421829339484983 0.9033932412722612
vn -0.37175906184970375 0.12306499760373671 -0.9201359716353992
vn -0.3584539544081692 0.29047999470940444 -0.8872046749441589
vn -0.5988883787729989 0.09850064034489422 -0.794751743390535
vn -0.5730001564756521 0.3057241947042656 -0.7603969604432326
vn -0.7858558297329865 0.07390371834382016 -0.6139778947890848
vn -0.7471273118371642 0.3179182025936067 -0.5837197926802066
vn -0.919386326034899 0.049282548700383795 -0.3902563438224226
vn -0.8689128916782938 0.3300812120990681 -0.368831641937722
vn -0.9895899230893398 0.037001978229744194 -0.13907781177139691
vn -0.9304785723554521 0.3422115807508946 -0.13077025803803194
vn -0.9925272890131205 0.006164626233831173 0.1218670502952409
vn -0.9924706305541253 0.012335339850427804 0.12186011192458086
vn -0.9281585938420376 0.35430770140663775 0.11396349152740391
vn -0.9271838552756254 0 0.3746065916614766
vn -0.8627167199584397 0.36636820702192796 0.34856017843076836
vn -0.796279188524233 -0.07676085011084174 0.6000393535539567
vn -0.7977521916525808 -0.04701949768900664 0.6011494053482689
vn -0.7392536129976928 0.37839109754504013 0.5570675658917125
vn -0.6099132189437616 -0.13633110013225722 0.7806533779433659
vn -0.5668123969578724 0.3903749805021401 0.7254867891649198
vn -0.3831811253742079 -0.19563270682629966 0.9027181560026198
vn -0.3577143457804234 0.4023179942432568 0.8427221833623263
vn -0.13458916330785534 -0.2545373900877262 0.9576515410980239
vn -0.1266722201386451 0.4142183037766848 0.901319779801549
vn 0.35579545750986796 -0.3129054062229627 0.8806246641854782
vn 0.11574964571667837 -0.31290539894013464 0.9427047421279785
vn 0.581992990559395 -0.2545373875120932 0.7723308082021915
vn 0.7727842414698938 -0.19563269654161253 0.603765156480281
vn 0.9119104011936413 -0.1363311034609619 0.387083001982738
vn 0.9891728056006872 -0.04701949896785874 0.13901916190538932
vn 0.987346314285513 -0.07676084949188494 0.1387624864727391
vn 0.9925461516413221 0 -0.12186934340514727
vn 0.9271662374011606 0.0061646263730273515 -0.37459947357818807
vn 0.7983929041134338 0.024645289344467032 -0.6016322634088408
vn 0.6149133372090956 0.049282550807048825 -0.7870532497285834
vn 0.38966262951164976 0.07390371835985315 -0.9179876227785723
vn 0.1384963025807797 0.09850064140697981 -0.9854523823168051
vn -0.12094296455069703 0.12306500092798257 -0.9850014237920087
vn -0.11661444227813236 0.29048000578913674 -0.9497486183664092
vn 0.13250952645510886 0.3057242030210413 -0.9428541441208136
vn 0.37045927296195325 0.31791821282304356 -0.8727473500572218
vn 0.5811552251316032 0.3300812104236135 -0.7438447410767369
vn 0.750416254040559 0.3422115959096623 -0.5654791501874291
vn 0.8670364187095259 0.3543076916023272 -0.35030545000440655
vn 0.9235343717876857 0.36636820147580196 -0.11339578949022348
vn 0.9166374999855385 0.3783910955278693 0.12882496825336584
vn 0.8474682550569164 0.3903750131974589 0.3597289337012934
vn 0.7214238577094373 0.4023179955090598 0.5636380469922212
vn 0.5477585234186659 0.4142182933948498 0.7269001344333765
vn 0.3389021588719509 0.42607426734220755 0.8388122825881439
vn 0.11025373530476973 0.42607427644252865 0.8979447782605129
vn -0.37278487507886204 0.09850064135503012 -0.9226749484867816
vn -0.35667047177196026 0.305724194923673 -0.8827904004939334
vn -0.6001692987073962 0.07390371649068157 -0.7964515387504358
vn -0.5705917245973781 0.3179181949470493 -0.7572008354080177
vn -0.7870532497285834 0.04928255080704886 -0.6149133372090955
vn -0.7438447410767368 0.33008121042361355 -0.5811552251316033
vn -0.9198744838765703 0.03700197959259281 -0.39046355453363707
vn -0.8649274510149508 0.3422116035647871 -0.3671399227357285
vn -0.9902492472631589 0.006164625857956595 -0.13917049142249446
vn -0.9901927332670688 0.012335340234233218 -0.13916246033466448
vn -0.9260282877484098 0.3543077130133814 -0.13014474552964456
vn -0.9925461516413221 0 0.12186934340514727
vn -0.9235343717876857 0.36636820147580196 0.11339578949022332
vn -0.924448230335263 -0.0767608482556311 0.3735013274475429
vn -0.9261583636594667 -0.04701949991581668 0.37419226615643164
vn -0.8582438498864795 0.3783911152824891 0.3467530216267884
vn -0.7911789356229507 -0.13633109825951034 0.5961960444970179
vn -0.7352685512119131 0.39037500344800846 0.5540645398161675
vn -0.603765156480281 -0.1956326965416125 0.7727842414698938
vn -0.5636380469922213 0.40231799550905983 0.7214238577094372
vn -0.3778615912327427 -0.25453740678528913 0.8901861189762957
vn -0.3556347045463681 0.4142183234051333 0.8378228556667917
vn -0.13218439900802254 -0.3129053911371191 0.9405410681390868
vn -0.1259082959686843 0.4260742910817306 0.8958838091434976
vn 0.34793445086115393 -0.3705823945218811 0.8611679898686296
vn 0.11319217027440756 -0.3705823813868948 0.9218764728499084
vn 0.5715944100808695 -0.3129053989401348 0.7585315034185581
vn 0.7620559986151273 -0.25453739008772636 0.595383382386534
vn 0.9027181560026242 -0.19563270682629977 0.38318112537419763
vn 0.9810222560325851 -0.13633110013225738 0.1378737259432184
vn 0.9914483690454094 -0.047019497689006796 -0.12173454051447684
vn 0.9896176724977529 -0.07676085011084188 -0.12150981100467197
vn 0.9271838552756254 0 -0.3746065916614766
vn 0.7986203507575864 0.006164626233831012 -0.6018035665723714
vn 0.6154744584249819 0.024645290944013517 -0.7877714139652188
vn 0.39025634382243257 0.04928254870038366 -0.9193863260348946
vn 0.13879249550042128 0.0739037183438201 -0.9875600658226937
vn -0.12127670043344478 0.09850064034489418 -0.9877193861535889
vn -0.11603429171387634 0.30572419470426554 -0.9450231531126038
vn 0.13195257488977916 0.31791820259360654 -0.9388911195871477
vn 0.3688316419377303 0.3300812120990679 -0.8689128916782901
vn 0.5784896189064858 0.3422115807508945 -0.7404329779375056
vn 0.7468271130229651 0.35430770140663753 -0.562774658258284
vn 0.8627167199584397 0.36636820702192785 -0.3485601784307685
vn 0.9187461943581984 0.37839109754504 -0.11280783506028161
vn 0.9116961867230794 0.39037498050214 0.12813054948976718
vn 0.8427221833623315 0.4023179942432568 0.35771434578041156
vn 0.7172296969217399 0.41421830377668467 0.5603612751341008
vn 0.5444549537535718 0.4260742764425286 0.7225160996733373
vn 0.3342215222975792 0.45165359223998786 0.8272273004741827
vn 0.10873104370686731 0.4516536076469536 0.8855430982362783
vn -0.37358218533131404 0.07390372117225699 -0.9246483606214705
vn -0.3551713087496889 0.3179181863408278 -0.8790798417861667
vn -0.6010837783480734 0.0492825497739212 -0.7976650435455883
vn -0.5680848090589036 0.330081189459285 -0.7538740332984369
vn -0.7874711264187206 0.03700197822974408 -0.6152398545802416
vn -0.7404329779375055 0.34221158075089453 -0.5784896189064859
vn -0.9204873617519082 0.006164625970627591 -0.3907237057584991
vn -0.920434817755665 0.012335340166786234 -0.3907014021552332
vn -0.8607906881794408 0.35430769794032313 -0.3653839710821938
vn -0.9902680633620005 0 -0.1391731392376882
vn -0.9214147006916534 0.36636818189063836 -0.1294963499387492
vn -0.9896176724977529 -0.07676085011084183 0.121509811004672
vn -0.9914483690454094 -0.04701949768900674 0.12173454051447687
vn -0.9187461943581984 0.37839109754504 0.11280783506028144
vn -0.9185270456305966 -0.13633109148569386 0.37110901355187687
vn -0.8536173323819791 0.3903749776335146 0.3448837872308682
vn -0.7832036580748835 -0.19563270152816672 0.590186306238049
vn -0.7311507943310084 0.40231798057979645 0.550961666952729
vn -0.595383382386534 -0.2545373900877263 0.7620559986151274
vn -0.560361275134101 0.4142183037766847 0.7172296969217398
vn -0.37111029204356555 -0.31290539815562457 0.8742810548927669
vn -0.3534898345592401 0.4260742885589235 0.832769858659815
vn -0.1292639400476565 -0.37058240598904396 0.919760574375053
vn -0.12416934980947976 0.45165361328290904 0.8835106033185925
vn 0.33866845648896626 -0.4273964098535294 0.8382338488892553
vn 0.11017774414275691 -0.42739638516708583 0.8973255789521
vn 0.558965572422122 -0.3705823813868948 0.7417723285836614
vn 0.748440222720644 -0.31290539113711924 0.584745627782884
vn 0.8901861189762988 -0.2545374067852893 0.37786159123273577
vn 0.9711333484933133 -0.19563269654161264 0.136483945898491
vn 0.9832790707844594 -0.1363310982595105 -0.12073152282898465
vn 0.9261583636594667 -0.047019499915816845 -0.37419226615643164
vn 0.924448230335263 -0.07676084825563127 -0.3735013274475429
vn 0.7986355123248251 0 -0.601815020129661
vn 0.6156497520063745 0.006164625857956451 -0.7879957996350747
vn 0.430658331565876 0.028731460200310192 -0.902057594972546
vn 0.139004034459527 0.049282550807048776 -0.9890647646084281
vn -0.12153606081041328 0.07390371649068155 -0.989831918363695
vn -0.11554655762661016 0.31791819494704926 -0.9410510158021459
vn 0.13137278939300956 0.3300812104236134 -0.9347660588256197
vn 0.36713992273573937 0.34221160356478697 -0.8649274510149463
vn 0.5757228695521818 0.35430771301338115 -0.7368915944518766
vn 0.7431063670710009 0.36636820147580185 -0.5599707743855258
vn 0.8582438498864795 0.378391115282489 -0.3467530216267886
vn 0.9137935036064935 0.39037500344800835 -0.11219977473033085
vn 0.9065904011111462 0.4023179955090597 0.12741300994287402
vn 0.8378228556667953 0.41421832340513326 0.35563470454636004
vn 0.7129040333554515 0.4260742910817305 0.5569816313889804
vn 0.5369353556247597 0.45165360764695356 0.7125373271482726
vn 0.3233429945151136 0.5049415985326602 0.8003019992285918
vn 0.10519197382620599 0.5049415762024098 0.856719705192295
vn -0.3741513985827793 0.04928254701138439 -0.9260572128646377
vn -0.3536108420353327 0.33008121820989006 -0.8752175511152287
vn -0.601402874226665 0.037001981180532564 -0.7980886142908079
vn -0.565479150187429 0.34221159590966227 -0.750416254040559
vn -0.7879957996350748 0.0061646258579564905 -0.6156497520063746
vn -0.7879507646336594 0.012335340234233116 -0.6156146781019254
vn -0.7368915944518767 0.3543077130133813 -0.5757228695521819
vn -0.9205048527130909 0 -0.3907311302310717
vn -0.8565021169040472 0.3663681845124715 -0.3635635805686836
vn -0.987346314285513 -0.076760849491885 -0.13876248647273903
vn -0.9891728056006872 -0.04701949896785879 -0.13901916190538932
vn -0.9166374999855385 0.3783910955278692 -0.128824968253366
vn -0.9832790707844594 -0.13633109825951045 0.12073152282898471
vn -0.9137935036064935 0.39037500344800835 0.11219977473033069
vn -0.909268101871025 -0.19563270635828175 0.36736815746985696
vn -0.8488368190173892 0.4023179724578644 0.3429523344691408
vn -0.7723308082021915 -0.25453738751209326 0.5819929905593951
vn -0.7269001344333768 0.4142182933948497 0.5477585234186658
vn -0.584745627782884 -0.3129053911371192 0.7484402227206441
vn -0.5569816313889805 0.42607429108173056 0.7129040333554514
vn -0.3629109154248489 -0.37058239670096854 0.8549645341889126
vn -0.34860772928142186 0.45165359037656455 0.8212683394513693
vn -0.1258214108190355 -0.427396390866098 0.8952660485320223
vn -0.12012773067931673 0.5049415810182896 0.8547533726640613
vn 0.3279811621653163 -0.48315479669292394 0.8117818670660906
vn 0.10670089332016962 -0.4831547943702249 0.8690088400250847
vn 0.5440794852401954 -0.4273963851670859 0.7220178970682598
vn 0.7319040764686331 -0.3705824059890441 0.5718261127475456
vn 0.8742810548927723 -0.31290539815562474 0.3711102920435531
vn 0.957651541098024 -0.2545373900877264 0.13458916330785536
vn 0.9733674212349209 -0.1956327015281669 -0.11951447348029019
vn 0.9185270456305968 -0.13633109148569406 -0.3711090135518768
vn 0.7977521916525808 -0.0470194976890069 -0.6011494053482689
vn 0.796279188524233 -0.07676085011084202 -0.6000393535539567
vn 0.6156614478482274 0 -0.788010775074443
vn 0.507528928842107 0.006111889206459811 -0.8616130402905421
vn 0.13907781177139697 0.037001978229744 -0.9895899230893398
vn -0.12172121046611198 0.04928254977392116 -0.9913400915984613
vn -0.1150388908328882 0.33008118945928494 -0.9369164647721175
vn 0.1307702580380319 0.3422115807508944 -0.9304785723554522
vn 0.3653839710821985 0.354307697940323 -0.8607906881794389
vn 0.57285454617062 0.36636818189063824 -0.7332203108410195
vn 0.7392536129976928 0.3783910975450399 -0.5570675658917127
vn 0.8536173323819791 0.3903749776335145 -0.34488378723086843
vn 0.9086760005845045 0.40231798057979634 -0.11157136041092422
vn 0.9013197798015491 0.4142183037766846 0.12667222013864496
vn 0.8327698586598192 0.4260742885589234 0.3534898345592301
vn 0.7030579892059193 0.45165361328290893 0.5492890654493514
vn 0.5194587382908362 0.5049415762024096 0.6893450687685514
vn 0.30756675454969656 0.5708715940293355 0.7612544348811193
vn 0.10005956313222018 0.5708716075166338 0.814919438691435
vn -0.3743500581331565 0.03700198244060833 -0.9265489125087608
vn -0.35198893532573633 0.34221161463687827 -0.8712031911189692
vn -0.6018035665723714 0.006164626233830969 -0.7986203507575864
vn -0.6017691993459109 0.012335339850427599 -0.7985747742756191
vn -0.5627746582582839 0.3543077014066375 -0.7468271130229651
vn -0.788010775074443 0 -0.6156614478482273
vn -0.7332203108410194 0.3663681818906383 -0.5728545461706201
vn -0.9177889336596482 -0.07676085230055392 -0.3895782909839544
vn -0.9194867483237059 -0.04701949851520427 -0.3902989705552356
vn -0.8520614632854234 0.3783911043073829 -0.3616786349301579
vn -0.9810222560325851 -0.13633110013225744 -0.13787372594321834
vn -0.9116961867230794 0.39037498050213987 -0.12813054948976735
vn -0.9733674212349209 -0.19563270152816684 0.11951447348029028
vn -0.9086760005845045 0.40231798057979634 0.11157136041092405
vn -0.8966451403278333 -0.2545373839573493 0.36226814998648327
vn -0.8439019378596613 0.4142183139857394 0.3409585130709012
vn -0.758531503418558 -0.31290539894013486 0.5715944100808696
vn -0.7225160996733375 0.42607427644252854 0.5444549537535717
vn -0.5718261127475456 -0.370582405989044 0.7319040764686332
vn -0.5492890654493516 0.451653613282909 0.7030579892059193
vn -0.3532460763255746 -0.42739641140615586 0.8321956002513629
vn -0.3372609456024215 0.5049416028134365 0.7945369924173187
vn -0.12185092807908439 -0.48315480684703344 0.8670142928157942
vn -0.11426660978095128 0.5708716075106197 0.8130490450319764
vn 0.31585814777136567 -0.5376424125992081 0.7817763533523796
vn 0.10275695300914824 -0.5376423979341751 0.8368880812581009
vn 0.5269100627831963 -0.4831547943702249 0.6992333161505347
vn 0.7124124008310025 -0.427396390866098 0.5565976070886762
vn 0.8549645341889144 -0.37058239670096865 0.36291091542484444
vn 0.9405410681390867 -0.3129053911371193 0.13218439900802254
vn 0.9598545922541177 -0.25453738751209337 -0.11785533542101352
vn 0.909268101871025 -0.19563270635828192 -0.36736815746985685
vn 0.7911789356229507 -0.13633109825951062 -0.5961960444970179
vn 0.6149805469883288 -0.04701949896785894 -0.7871391830818407
vn 0.6138449808226324 -0.07676084949188515 -0.7856857587510073
vn 0.5075383668930762 0 -0.8616291581251816
vn -0.12178590906217338 0.037001981180532516 -0.9918664455170442
vn -0.1145112696768241 0.3422115959096623 -0.9326191037835134
vn 0.13014474552964453 0.3543077130133812 -0.92602828774841
vn 0.3635635805686969 0.3663681845124714 -0.8565021169040417
vn 0.5698844964616435 0.3783910955278691 -0.7294188368268796
vn 0.7352685512119131 0.39037500344800824 -0.5540645398161678
vn 0.8488368190173892 0.40231797245786427 -0.34295233446914103
vn 0.9033932412722613 0.4142182933948496 -0.11092275258330131
vn 0.8958838091434977 0.42607429108173045 0.12590829596868416
vn 0.8212683394513716 0.45165359037656444 0.34860772928141665
vn 0.6801742407900536 0.5049415810182896 0.5314103893644011
vn 0.49411378068975004 0.5708716075166338 0.6557112012645934
vn 0.2896088624513785 0.6342825077680375 0.7168070919913587
vn 0.09421737928210731 0.634282500431428 0.7673387746541075
vn -0.49238672851640725 0.012229820046473714 -0.8702906072585989
vn -0.4924143207950216 0.006111888934070845 -0.870339463364517
vn -0.35030545000440644 0.3543076916023271 -0.867036418709526
vn -0.601815020129661 0 -0.7986355123248251
vn -0.5599707743855257 0.3663682014758018 -0.7431063670710009
vn -0.7856857587510073 -0.07676084949188511 -0.6138449808226324
vn -0.7871391830818407 -0.047019498967858904 -0.6149805469883288
vn -0.7294188368268795 0.37839109552786915 -0.5698844964616435
vn -0.911910401193642 -0.13633110346096206 -0.3870830019827364
vn -0.8474682550569167 0.39037501319745865 -0.35972893370129216
vn -0.9711333484933133 -0.1956326965416127 -0.1364839458984909
vn -0.9065904011111464 0.4023179955090597 -0.12741300994287422
vn -0.9598545922541177 -0.25453738751209337 0.11785533542101363
vn -0.9033932412722613 0.4142182933948496 0.11092275258330112
vn -0.8806246641854781 -0.31290540622296287 0.3557954575098681
vn -0.8388122825881439 0.4260742673422073 0.33890215887195085
vn -0.7417723285836614 -0.37058238138689487 0.5589655724221221
vn -0.7125373271482728 0.4516536076469535 0.5369353556247596
vn -0.5565976070886761 -0.42739639086609793 0.7124124008310028
vn -0.5314103893644013 0.5049415810182896 0.6801742407900535
vn -0.34209875465768963 -0.4831548176579225 0.8059341562656329
vn -0.32080562749671965 0.5708716227635908 0.755770692531604
vn -0.11734700574533241 -0.5376424203022508 0.834967249737463
vn -0.10759494589100267 0.6342825381358824 0.7655775528544546
vn 0.3022888870503546 -0.5906194000222462 0.7481912543482581
vn 0.09834248200031122 -0.5906194167626541 0.8009353661669343
vn 0.5074341421739048 -0.5376423979341752 0.6733878847290194
vn 0.6899309560476292 -0.4831548068470335 0.5390331237575388
vn 0.8321956002513681 -0.427396411406156 0.3532460763255621
vn 0.9197605743750529 -0.37058240598904413 0.12926394004765654
vn 0.9427047421279786 -0.31290539894013497 -0.11574964571667831
vn 0.8966451403278333 -0.25453738395734943 -0.36226814998648316
vn 0.7832036580748835 -0.195632701528167 -0.590186306238049
vn 0.6099132189437616 -0.13633110013225755 -0.7806533779433659
vn 0.39029897055524354 -0.047019498515204386 -0.9194867483237026
vn 0.38957829098396496 -0.07676085230055404 -0.9177889336596438
vn -0.11396349152740394 0.3543077014066374 -0.9281585938420375
vn 0.12949634993874917 0.3663681818906382 -0.9214147006916535
vn 0.3616786349301654 0.37839110430738276 -0.8520614632854203
vn 0.5668123969578724 0.39037498050213976 -0.72548678916492
vn 0.7311507943310084 0.40231798057979623 -0.5509616669527292
vn 0.8439019378596613 0.4142183139857393 -0.3409585130709014
vn 0.8979447782605128 0.4260742764425283 -0.11025373530476987
vn 0.8835106033185928 0.4516536132829088 0.12416934980947959
vn 0.7945369924173284 0.5049416028134364 0.3372609456023985
vn 0.6469878430773938 0.5708716075106196 0.5054822832190092
vn 0.4652639896533921 0.6342825004314279 0.6174262138735801
vn 0.0876663356386661 0.6946508956915081 0.7139851165890464
vn 0.26947212044307245 0.6946509355054518 0.6669669063044397
vn -0.4924235571392061 0 -0.870355697616998
vn -0.34856017843076836 0.36636820702192774 -0.8627167199584397
vn -0.6011494053482689 -0.047019497689006956 -0.7977521916525809
vn -0.6000393535539565 -0.07676085011084204 -0.7962791885242329
vn -0.5570675658917126 0.37839109754503986 -0.7392536129976929
vn -0.7806533779433659 -0.13633110013225752 -0.6099132189437615
vn -0.7254867891649199 0.3903749805021398 -0.5668123969578726
vn -0.9027181560026227 -0.19563270682629993 -0.38318112537420096
vn -0.8427221833623311 0.4023179942432566 -0.3577143457804125
vn -0.9576515410980238 -0.25453739008772647 -0.13458916330785523
vn -0.9013197798015491 0.4142183037766845 -0.12667222013864513
vn -0.9427047421279786 -0.31290539894013497 0.11574964571667845
vn -0.8979447782605128 0.4260742764425283 0.11025373530476967
vn -0.8611679898686295 -0.3705823945218812 0.347934450861154
vn -0.8272273004741828 0.4516535922399877 0.33422152229757907
vn -0.7220178970682597 -0.42739638516708595 0.5440794852401956
vn -0.6893450687685515 0.5049415762024096 0.5194587382908362
vn -0.5390331237575388 -0.48315480684703344 0.6899309560476293
vn -0.5054822832190095 0.5708716075106196 0.6469878430773937
vn -0.3294539299942242 -0.5376423831000549 0.7761448163235097
vn -0.30207475874372486 0.6342825273421208 0.7116435312980874
vn -0.11230576875888751 -0.5906193973368119 0.799097079079242
vn -0.10011374404641252 0.6946509283845461 0.7123463525192628
vn 0.287268861687413 -0.6418206297658696 0.7110153868319309
vn 0.09345610831931325 -0.6418206255135604 0.7611387787277631
vn 0.4856347924986752 -0.5906194167626542 0.6444591165137717
vn 0.6644293588079057 -0.537642420302251 0.5191090974406566
vn 0.805934156265637 -0.4831548176579226 0.3420987546576796
vn 0.8952660485320221 -0.42739639086609804 0.1258214108190355
vn 0.9218764728499083 -0.37058238138689503 -0.11319217027440752
vn 0.8806246641854781 -0.312905406222963 -0.35579545750986796
vn 0.7723308082021915 -0.2545373875120935 -0.5819929905593949
vn 0.603765156480281 -0.19563269654161283 -0.7727842414698938
vn 0.387083001982747 -0.13633110346096217 -0.9119104011936375
vn 0.13876248647273906 -0.07676084949188519 -0.987346314285513
vn 0.13901916190538932 -0.04701949896785897 -0.989172805600687
vn -0.11339578949022336 0.36636820147580174 -0.9235343717876858
vn 0.12882496825336598 0.37839109552786904 -0.9166374999855386
vn 0.35972893370130016 0.39037501319745854 -0.8474682550569134
vn 0.5636380469922213 0.4023179955090595 -0.7214238577094374
vn 0.7269001344333768 0.4142182933948495 -0.547758523418666
vn 0.8388122825881439 0.4260742673422072 -0.3389021588719511
vn 0.8855430982362784 0.4516536076469534 -0.10873104370686748
vn 0.8547533726640615 0.5049415810182895 0.12012773067931658
vn 0.7557706925316063 0.5708716227635907 0.32080562749671415
vn 0.6092121804192697 0.6342825381358824 0.47596867653733504
vn 0.43291385107283953 0.6946508956915081 0.5744960667091366
vn 0.08041522688293402 0.7513995111136685 0.6549291305045959
vn 0.24718324927926402 0.7513994837198783 0.6118000140088634
vn -0.3735013274475429 -0.0767608482556314 -0.924448230335263
vn -0.3741922661564316 -0.04701949991581697 -0.9261583636594667
vn -0.3467530216267885 0.37839111528248887 -0.8582438498864796
vn -0.5961960444970179 -0.13633109825951065 -0.7911789356229507
vn -0.5540645398161677 0.3903750034480082 -0.7352685512119133
vn -0.7727842414698938 -0.1956326965416128 -0.603765156480281
vn -0.7214238577094373 0.40231799550905956 -0.5636380469922214
vn -0.8901861189762994 -0.2545374067852895 -0.3778615912327342
vn -0.8378228556667957 0.4142183234051331 -0.35563470454635887
vn -0.9405410681390867 -0.3129053911371194 -0.13218439900802242
vn -0.8958838091434977 0.42607429108173034 -0.12590829596868433
vn -0.9218764728499083 -0.37058238138689503 0.11319217027440769
vn -0.8855430982362785 0.45165360764695345 0.1087310437068673
vn -0.8382338488892552 -0.4273964098535295 0.3386684564889664
vn -0.8003019992285919 0.5049415985326601 0.32334299451511356
vn -0.6992333161505346 -0.48315479437022496 0.5269100627831964
vn -0.6557112012645935 0.5708716075166338 0.49411378068975
vn -0.5191090974406565 -0.5376424203022508 0.6644293588079057
vn -0.4759686765373352 0.6342825381358823 0.6092121804192695
vn -0.315300593293998 -0.5906193803339228 0.7428016447494081
vn -0.28107126969477403 0.694650906018567 0.6621624121918664
vn -0.1067256029508072 -0.6418205920842301 0.7593918443408744
vn -0.09183304652282165 0.7513994965729156 0.6534259622300801
vn 0.08941196043263808 -0.6795050156869803 0.7282021937537877
vn 0.2748379341528987 -0.6795050353984035 0.6802477613478647
vn 0.4615047231076046 -0.6418206255135606 0.6124374867811041
vn 0.6358854821874871 -0.590619397336812 0.49680819340333743
vn 0.7761448163235131 -0.537642383100055 0.3294539299942163
vn 0.8670142928157941 -0.4831548068470336 0.12185092807908446
vn 0.8973255789520999 -0.42739638516708606 -0.1101777441427568
vn 0.8611679898686293 -0.37058239452188124 -0.3479344508611538
vn 0.758531503418558 -0.3129053989401351 -0.5715944100808694
vn 0.595383382386534 -0.25453739008772663 -0.7620559986151272
vn 0.38318112537420984 -0.19563270682630005 -0.902718156002619
vn 0.13787372594321842 -0.13633110013225763 -0.9810222560325851
vn -0.12150981100467192 -0.07676085011084208 -0.9896176724977529
vn -0.12173454051447682 -0.047019497689007 -0.9914483690454096
vn -0.11280783506028148 0.3783910975450398 -0.9187461943581985
vn 0.12813054948976732 0.3903749805021397 -0.9116961867230795
vn 0.357714345780425 0.4023179942432565 -0.8427221833623258
vn 0.5603612751341008 0.4142183037766843 -0.7172296969217399
vn 0.7225160996733375 0.4260742764425283 -0.5444549537535719
vn 0.8272273004741828 0.4516535922399876 -0.3342215222975793
vn 0.8567197051922952 0.5049415762024095 -0.10519197382620611
vn 0.8130490450319765 0.5708716075106195 0.11426660978095109
vn 0.7116435312980885 0.6342825273421208 0.30207475874372225
vn 0.5668531554209121 0.6946509283845461 0.44287423483856403
vn 0.3971061273179784 0.7513995111136684 0.5269777019425558
vn 0.07248263383463259 0.8039055104140844 0.5903238078531687
vn 0.22279989688179114 0.8039055277031025 0.5514490987188749
vn -0.37110901355187675 -0.13633109148569414 -0.9185270456305966
vn -0.3448837872308683 0.39037497763351436 -0.8536173323819792
vn -0.590186306238049 -0.19563270152816706 -0.7832036580748835
vn -0.5509616669527291 0.4023179805797962 -0.7311507943310085
vn -0.7620559986151273 -0.2545373900877266 -0.5953833823865338
vn -0.7172296969217398 0.41421830377668434 -0.560361275134101
vn -0.8742810548927723 -0.31290539815562485 -0.3711102920435531
vn -0.8327698586598177 0.42607428855892326 -0.35348983455923405
vn -0.9197605743750529 -0.37058240598904424 -0.12926394004765637
vn -0.8835106033185928 0.4516536132829088 -0.12416934980947979
vn -0.8973255789520999 -0.42739638516708606 0.110177744142757
vn -0.8567197051922952 0.5049415762024095 0.10519197382620589
vn -0.8117818670660905 -0.48315479669292405 0.3279811621653164
vn -0.7612544348811194 0.5708715940293354 0.30756675454969645
vn -0.6733878847290194 -0.5376423979341752 0.5074341421739049
vn -0.6174262138735802 0.6342825004314279 0.465263989653392
vn -0.49680819340333743 -0.590619397336812 0.6358854821874872
vn -0.4428742348385642 0.6946509283845461 0.566853155420912
vn -0.2996340480954871 -0.6418206093955857 0.7058935773733815
vn -0.25782296871671356 0.7513995245292614 0.6073928476194795
vn -0.10210723327172783 -0.6795050211516822 0.7265308246339205
vn -0.08277414089459419 0.8039054901856715 0.5889689333475043
vn 0.08794755207875635 -0.6922529972913253 0.7162757959225837
vn 0.2703366881588774 -0.6922529763680452 0.6691067865033746
vn 0.4415341652947342 -0.6795050156869803 0.5859355890656572
vn 0.6042898732606194 -0.6418205920842303 0.47212294654180126
vn 0.7428016447494113 -0.5906193803339228 0.3153005932939902
vn 0.8349672497374627 -0.537642420302251 0.11734700574533247
vn 0.8690088400250847 -0.4831547943702252 -0.10670089332016952
vn 0.8382338488892552 -0.4273964098535296 -0.33866845648896615
vn 0.7417723285836614 -0.3705823813868951 -0.5589655724221219
vn 0.584745627782884 -0.3129053911371195 -0.7484402227206439
vn 0.377861591232743 -0.2545374067852896 -0.8901861189762954
vn 0.136483945898491 -0.1956326965416129 -0.9711333484933133
vn -0.12073152282898462 -0.1363310982595107 -0.9832790707844594
vn -0.11219977473033073 0.39037500344800813 -0.9137935036064936
vn 0.12741300994287416 0.40231799550905945 -0.9065904011111463
vn 0.35563470454636925 0.414218323405133 -0.8378228556667914
vn 0.5569816313889805 0.4260742910817302 -0.7129040333554516
vn 0.7125373271482728 0.4516536076469533 -0.5369353556247598
vn 0.800301999228592 0.50494159853266 -0.32334299451511384
vn 0.8149194386914351 0.5708716075166336 -0.10005956313222032
vn 0.7655775528544547 0.6342825381358822 0.10759494589100246
vn 0.66216241219187 0.694650906018567 0.28107126969476565
vn 0.5199669779511656 0.7513994965729158 0.4062427087226316
vn 0.35793372925822214 0.8039055104140844 0.4749940797369711
vn 0.06389986146555661 0.851514511087325 0.5204227561438839
vn 0.1964178528626362 0.8515145278273563 0.48615124804507737
vn -0.36736815746985685 -0.19563270635828203 -0.909268101871025
vn -0.34295233446914086 0.40231797245786416 -0.8488368190173893
vn -0.5819929905593951 -0.2545373875120936 -0.7723308082021915
vn -0.5477585234186659 0.41421829339484945 -0.7269001344333768
vn -0.748440222720644 -0.31290539113711946 -0.5847456277828837
vn -0.7129040333554515 0.4260742910817303 -0.5569816313889806
vn -0.8549645341889149 -0.37058239670096876 -0.36291091542484294
vn -0.8212683394513738 0.4516535903765642 -0.3486077292814113
vn -0.8952660485320221 -0.42739639086609815 -0.12582141081903533
vn -0.8547533726640614 0.5049415810182893 -0.12012773067931677
vn -0.8690088400250846 -0.48315479437022507 0.10670089332016972
vn -0.8149194386914353 0.5708716075166337 0.10005956313222009
vn -0.7817763533523795 -0.5376424125992082 0.31585814777136584
vn -0.7168070919913587 0.6342825077680374 0.28960886245137835
vn -0.6444591165137715 -0.5906194167626541 0.48563479249867525
vn -0.5744960667091368 0.6946508956915081 0.43291385107283936
vn -0.4721229465418012 -0.6418205920842303 0.6042898732606196
vn -0.40624270872263174 0.7513994965729158 0.5199669779511655
vn -0.28666803741776364 -0.6795050369222888 0.6753475706036755
vn -0.2323901073083362 0.8039054745767539 0.5474767812161027
vn -0.1004349796007526 -0.6922530019574568 0.7146317906121208
vn -0.07297274292687553 0.8515144986580359 0.5192283094794449
vn 0.29994579935300614 -0.5990715910952094 0.742391908760555
vn 0.09541217798213143 -0.6221401862938954 0.7770702058957756
vn 0.09758020621857137 -0.5990716092212081 0.7947271924248304
vn 0.2932817058765154 -0.6221401548572022 0.7258976985170966
vn 0.4343028004610769 -0.6922529972913253 0.5763391928828391
vn 0.5781405138138432 -0.6795050211516822 0.45169289624336245
vn 0.7058935773733847 -0.6418206093955857 0.2996340480954797
vn 0.7990970790792419 -0.5906193973368121 0.11230576875888759
vn 0.8368880812581008 -0.5376423979341753 -0.10275695300914815
vn 0.8117818670660905 -0.48315479669292416 -0.3279811621653162
vn 0.7220178970682597 -0.42739638516708617 -0.5440794852401953
vn 0.5718261127475456 -0.37058240598904435 -0.731904076468633
vn 0.3711102920435649 -0.31290539815562496 -0.8742810548927672
vn 0.13458916330785536 -0.2545373900877267 -0.9576515410980239
vn -0.1195144734802902 -0.1956327015281671 -0.973367421234921
vn -0.11157136041092415 0.4023179805797961 -0.9086760005845046
vn 0.1266722201386451 0.41421830377668434 -0.9013197798015492
vn 0.35348983455924204 0.42607428855892315 -0.8327698586598145
vn 0.5492890654493515 0.45165361328290854 -0.7030579892059194
vn 0.6893450687685514 0.5049415762024093 -0.5194587382908363
vn 0.7612544348811194 0.5708715940293352 -0.3075667545496967
vn 0.7673387746541076 0.6342825004314278 -0.09421737928210752
vn 0.7123463525192629 0.694650928384546 0.10011374404641235
vn 0.6073928476194802 0.7513995245292614 0.2578229687167119
vn 0.46867493208872757 0.8039054901856715 0.36616904686355173
vn 0.31555030855965815 0.851514511087325 0.4187493763286322
vn 0.05471221528130836 0.8935608560041823 0.4455957474169661
vn 0.16817666132558665 0.8935608605359162 0.41625184576610846
vn -0.36226814998648316 -0.2545373839573496 -0.8966451403278332
vn -0.34095851307090125 0.41421831398573916 -0.8439019378596613
vn -0.5715944100808695 -0.31290539894013514 -0.7585315034185579
vn -0.5444549537535718 0.42607427644252827 -0.7225160996733375
vn -0.7319040764686331 -0.3705824059890443 -0.5718261127475454
vn -0.7030579892059193 0.4516536132829087 -0.5492890654493516
vn -0.8321956002513671 -0.4273964114061562 -0.35324607632556493
vn -0.7945369924173249 0.5049416028134361 -0.33726094560240716
vn -0.8670142928157941 -0.4831548068470336 -0.12185092807908424
vn -0.8130490450319765 0.5708716075106195 -0.11426660978095134
vn -0.8368880812581008 -0.5376423979341753 0.1027569530091484
vn -0.7673387746541077 0.6342825004314279 0.09421737928210727
vn -0.7481912543482581 -0.5906194000222462 0.30228888705035484
vn -0.6669669063044397 0.6946509355054516 0.2694721204430723
vn -0.612437486781104 -0.6418206255135606 0.46150472310760476
vn -0.526977701942556 0.7513995111136685 0.39710612731797834
vn -0.4516928962433623 -0.6795050211516822 0.5781405138138433
vn -0.3661690468635519 0.8039054901856715 0.4686749320887274
vn -0.28197303364768345 -0.6922529951138434 0.6642868349225621
vn -0.20487245074800317 0.851514524236945 0.4826492452475568
vn -0.10895948468833998 -0.622140195474059 0.7752866617399985
vn -0.11143532727634187 -0.599071567229514 0.792903162543818
vn -0.06248064178618337 0.8935608430605126 0.44457304141273885
vn 0.31308778377837526 -0.5490681809632696 0.7749194618167953
vn 0.10185567711697867 -0.5490681887505385 0.829547795573736
vn 0.47116454353400977 -0.6221401862938956 0.6252563966202865
vn 0.4818705679710031 -0.5990716092212082 0.6394638087870299
vn 0.5686718316364252 -0.6922530019574568 0.4442950924601383
vn 0.6753475706036782 -0.6795050369222889 0.28666803741775726
vn 0.7593918443408741 -0.6418205920842303 0.10672560295080728
vn 0.8009353661669341 -0.5906194167626542 -0.09834248200031111
vn 0.7817763533523795 -0.5376424125992084 -0.3158581477713656
vn 0.6992333161505346 -0.4831547943702252 -0.5269100627831962
vn 0.5565976070886761 -0.42739639086609826 -0.7124124008310025
vn 0.3629109154248511 -0.3705823967009689 -0.8549645341889114
vn 0.13218439900802254 -0.31290539113711957 -0.9405410681390866
vn -0.11785533542101352 -0.2545373875120936 -0.9598545922541176
vn -0.11092275258330117 0.4142182933948494 -0.9033932412722614
vn 0.1259082959686843 0.42607429108173017 -0.8958838091434979
vn 0.34860772928142125 0.4516535903765641 -0.8212683394513696
vn 0.5314103893644012 0.5049415810182892 -0.6801742407900536
vn 0.6557112012645935 0.5708716075166336 -0.4941137806897502
vn 0.716807091991359 0.6342825077680373 -0.28960886245137873
vn 0.7139851165890465 0.694650895691508 -0.0876663356386663
vn 0.6534259622300803 0.7513994965729157 0.09183304652282147
vn 0.5474767812161048 0.8039054745767538 0.2323901073083316
vn 0.413178488464697 0.8515144986580359 0.3228104633452614
vn 0.2701801404107103 0.8935608560041823 0.3585410553126682
vn 0.044980803377658946 0.9293933977489107 0.3663395140416001
vn 0.13826379012955523 0.929393400361993 0.3422148911175292
vn -0.35579545750986796 -0.31290540622296314 -0.880624664185478
vn -0.3389021588719509 0.4260742673422072 -0.8388122825881441
vn -0.5589655724221222 -0.3705823813868952 -0.7417723285836614
vn -0.5369353556247597 0.4516536076469532 -0.7125373271482728
vn -0.7124124008310027 -0.4273963908660983 -0.5565976070886761
vn -0.6801742407900536 0.5049415810182893 -0.5314103893644013
vn -0.8059341562656374 -0.48315481765792284 -0.3420987546576792
vn -0.7557706925316093 0.5708716227635905 -0.32080562749670744
vn -0.8349672497374627 -0.537642420302251 -0.11734700574533222
vn -0.7655775528544547 0.6342825381358822 -0.10759494589100274
vn -0.8009353661669341 -0.5906194167626542 0.09834248200031136
vn -0.7139851165890465 0.694650895691508 0.087666335638666
vn -0.7110153868319308 -0.6418206297658696 0.28726886168741317
vn -0.6118000140088636 0.7513994837198783 0.24718324927926397
vn -0.5859355890656572 -0.6795050156869803 0.4415341652947344
vn -0.47499407973697133 0.8039055104140844 0.35793372925822203
vn -0.44429509246013815 -0.6922530019574565 0.5686718316364253
vn -0.32281046334526153 0.8515144986580356 0.41317848846469674
vn -0.30590569582649546 -0.6221401748877523 0.7206686534403621
vn -0.3128566477849111 -0.5990715790776633 0.7370440699701635
vn -0.17541564660479972 0.8935608586807007 0.4132533638822906
vn -0.11631769910824503 -0.5490682012513798 0.8276438263218895
vn -0.051367503333120554 0.9293933975350933 0.36549868976440664
vn 0.32492588486058416 -0.49764816706388565 0.8042197903344094
vn 0.10570692736691475 -0.49764820190155334 0.8609136499387129
vn 0.5029834749243756 -0.5490681887505386 0.667481646230968
vn 0.6169382612194976 -0.6221401954740591 0.48200493671638095
vn 0.630956683032543 -0.5990715672295143 0.4929573221626237
vn 0.664286834922566 -0.6922529951138434 0.28197303364767423
vn 0.7265308246339204 -0.6795050211516823 0.10210723327172799
vn 0.761138778727763 -0.6418206255135607 -0.09345610831931316
vn 0.7481912543482581 -0.5906194000222464 -0.3022888870503546
vn 0.6733878847290194 -0.5376423979341755 -0.5074341421739047
vn 0.5390331237575388 -0.48315480684703377 -0.6899309560476291
vn 0.35324607632557414 -0.4273964114061563 -0.8321956002513631
vn 0.1292639400476565 -0.3705824059890444 -0.9197605743750528
vn -0.11574964571667837 -0.3129053989401352 -0.9427047421279785
vn -0.11025373530476976 0.4260742764425282 -0.8979447782605131
vn 0.12416934980947973 0.4516536132829086 -0.8835106033185928
vn 0.3372609456024115 0.504941602813436 -0.7945369924173231
vn 0.5054822832190095 0.5708716075106194 -0.6469878430773939
vn 0.6174262138735802 0.6342825004314276 -0.46526398965339233
vn 0.6669669063044397 0.6946509355054514 -0.2694721204430726
vn 0.6549291305045959 0.7513995111136683 -0.0804152268829342
vn 0.5889689333475046 0.8039054901856714 0.08277414089459395
vn 0.48264924524755853 0.8515145242369451 0.20487245074799962
vn 0.3537711958392723 0.8935608430605126 0.27639638337618955
vn 0.22212432662258672 0.9293933977489107 0.29476888530372014
vn 0.03478259515321005 0.9584059607775078 0.28328110671301354
vn 0.1069159087815421 0.9584059593928559 0.26462616168791125
vn -0.34793445086115393 -0.3705823945218814 -0.8611679898686294
vn -0.3342215222975792 0.4516535922399875 -0.8272273004741829
vn -0.5440794852401954 -0.4273963851670862 -0.7220178970682596
vn -0.5194587382908362 0.5049415762024094 -0.6893450687685516
vn -0.6899309560476292 -0.4831548068470337 -0.5390331237575385
vn -0.6469878430773938 0.5708716075106194 -0.5054822832190095
vn -0.7761448163235146 -0.5376423831000551 -0.3294539299942121
vn -0.7116435312980869 0.6342825273421207 -0.3020747587437271
vn -0.7990970790792419 -0.5906193973368121 -0.11230576875888734
vn -0.7123463525192629 0.694650928384546 -0.10011374404641266
vn -0.761138778727763 -0.6418206255135607 0.09345610831931343
vn -0.6549291305045961 0.7513995111136684 0.0804152268829339
vn -0.6802477613478647 -0.6795050353984035 0.2748379341528989
vn -0.5514490987188752 0.8039055277031024 0.22279989688179103
vn -0.5763391928828391 -0.6922529972913253 0.43430280046107705
vn -0.4187493763286324 0.851514511087325 0.31555030855965804
vn -0.4929573221626236 -0.5990715672295143 0.6309566830325432
vn -0.48200493671638084 -0.6221401954740591 0.6169382612194977
vn -0.27639638337618977 0.8935608430605126 0.3537711958392721
vn -0.3265643127277048 -0.549068175431474 0.7693373046856847
vn -0.1442151903739377 0.9293934167918751 0.33974969564273727
vn -0.12071583406733911 -0.4976481747257358 0.858937705306718
vn -0.039721203313398706 0.9584059490409339 0.28263096583757796
vn 0.3354674880283621 -0.4450223803221633 0.8303111738910518
vn 0.10913633959177688 -0.44502239663623167 0.8888443766333076
vn 0.5220016705242497 -0.49764820190155334 0.6927196569421453
vn 0.6586016602182831 -0.5490682012513799 0.5145560839522697
vn 0.7206686534403615 -0.6221401748877523 0.3059056958264968
vn 0.7370440699701688 -0.5990715790776633 0.3128566477848983
vn 0.7146317906121207 -0.6922530019574566 0.10043497960075269
vn 0.7282021937537876 -0.6795050156869804 -0.08941196043263794
vn 0.7110153868319308 -0.6418206297658698 -0.28726886168741284
vn 0.6444591165137715 -0.5906194167626543 -0.485634792498675
vn 0.5191090974406566 -0.5376424203022512 -0.6644293588079055
vn 0.3420987546576868 -0.48315481765792284 -0.8059341562656338
vn 0.1258214108190355 -0.42739639086609843 -0.8952660485320221
vn -0.11319217027440753 -0.37058238138689525 -0.9218764728499081
vn -0.10873104370686734 0.45165360764695317 -0.8855430982362785
vn 0.12012773067931673 0.5049415810182892 -0.8547533726640616
vn 0.32080562749672237 0.5708716227635904 -0.7557706925316031
vn 0.4759686765373352 0.6342825381358821 -0.6092121804192697
vn 0.5744960667091368 0.6946508956915078 -0.4329138510728397
vn 0.6118000140088635 0.7513994837198782 -0.24718324927926424
vn 0.590323807853169 0.8039055104140843 -0.07248263383463283
vn 0.5192283094794451 0.8515144986580357 0.07297274292687528
vn 0.41325336388229333 0.8935608586807006 0.17541564660479367
vn 0.29084741296822675 0.9293933975350932 0.22723488945992862
vn 0.17176308605569798 0.958405960777508 0.22793739626214213
vn 0.024209780496180947 0.9800697814324075 0.19717279237095428
vn 0.07441694190671347 0.9800697698061603 0.18418839558819314
vn -0.33866845648896626 -0.4273964098535297 -0.8382338488892551
vn -0.32334299451511367 0.5049415985326599 -0.8003019992285921
vn -0.5269100627831963 -0.48315479437022524 -0.6992333161505345
vn -0.49411378068975004 0.5708716075166336 -0.6557112012645936
vn -0.6644293588079055 -0.5376424203022511 -0.5191090974406563
vn -0.6092121804192696 0.6342825381358821 -0.47596867653733527
vn -0.7428016447494095 -0.590619380333923 -0.31530059329399446
vn -0.6621624121918701 0.6946509060185669 -0.28107126969476637
vn -0.7593918443408743 -0.6418205920842304 -0.10672560295080702
vn -0.6534259622300803 0.7513994965729157 -0.0918330465228218
vn -0.7282021937537876 -0.6795050156869804 0.08941196043263824
vn -0.590323807853169 0.8039055104140843 0.07248263383463247
vn -0.6691067865033745 -0.6922529763680452 0.27033668815887757
vn -0.48615124804507753 0.8515145278273561 0.19641785286263605
vn -0.6394638087870298 -0.5990716092212082 0.4818705679710032
vn -0.6252563966202865 -0.6221401862938956 0.4711645435340099
vn -0.3585410553126685 0.8935608560041823 0.2701801404107101
vn -0.5145560839522697 -0.5490682012513799 0.6586016602182834
vn -0.22723488945992887 0.9293933975350933 0.2908474129682266
vn -0.33891196701403503 -0.4976481836931263 0.7984265550954639
vn -0.1115179820641393 0.9584059649021226 0.2627199004955152
vn -0.12463219040067264 -0.4450224177357483 0.8868042990584561
vn -0.02764723449551469 0.9800697764888233 0.19672026748125823
vn 0.34472361753623987 -0.3913818160305704 0.8532208984743289
vn 0.11214761441633911 -0.39138178586698985 0.9133691533395958
vn 0.5389370708254899 -0.4450223966362317 0.7151936102777944
vn 0.6835039686489333 -0.49764817472573586 0.5340118154435364
vn 0.7693373046856876 -0.5490681754314741 0.3265643127276978
vn 0.7752866617399984 -0.6221401954740592 0.10895948468834007
vn 0.7929031625438179 -0.5990715672295143 0.11143532727634202
vn 0.7162757959225836 -0.6922529972913254 -0.08794755207875621
vn 0.6802477613478645 -0.6795050353984036 -0.27483793415289853
vn 0.612437486781104 -0.6418206255135608 -0.46150472310760443
vn 0.49680819340333743 -0.5906193973368122 -0.635885482187487
vn 0.32945392999422235 -0.5376423831000552 -0.7761448163235102
vn 0.12185092807908442 -0.48315480684703377 -0.867014292815794
vn -0.11017774414275688 -0.4273963851670863 -0.8973255789520997
vn -0.10519197382620601 0.5049415762024093 -0.8567197051922952
vn 0.11426660978095128 0.5708716075106194 -0.8130490450319767
vn 0.302074758743732 0.6342825273421205 -0.7116435312980846
vn 0.4428742348385642 0.6946509283845459 -0.5668531554209122
vn 0.526977701942556 0.7513995111136683 -0.3971061273179787
vn 0.5514490987188752 0.8039055277031024 -0.22279989688179136
vn 0.5204227561438841 0.8515145110873249 -0.06389986146555686
vn 0.44457304141273907 0.8935608430605125 0.06248064178618313
vn 0.3397496956427386 0.929393416791875 0.1442151903739348
vn 0.22490500796567292 0.958405949040934 0.1757150370199067
vn 0.11955267137848409 0.9800697814324075 0.1586517642174234
vn 0.018375661973762638 0.9885670976292278 0.14965770455259164
vn 0.05648378560846581 0.9885670971673525 0.13980227595232894
vn -0.3279811621653163 -0.48315479669292427 -0.8117818670660903
vn -0.30756675454969656 0.5708715940293351 -0.7612544348811195
vn -0.5074341421739049 -0.5376423979341756 -0.6733878847290193
vn -0.4652639896533921 0.6342825004314276 -0.6174262138735803
vn -0.6358854821874871 -0.5906193973368122 -0.4968081934033372
vn -0.5668531554209121 0.6946509283845459 -0.44287423483856436
vn -0.7058935773733851 -0.6418206093955859 -0.29963404809547817
vn -0.6073928476194804 0.7513995245292612 -0.25782296871671184
vn -0.7265308246339204 -0.6795050211516823 -0.10210723327172769
vn -0.5889689333475046 0.8039054901856714 -0.08277414089459431
vn -0.7162757959225836 -0.6922529972913254 0.08794755207875651
vn -0.5204227561438841 0.8515145110873249 0.06389986146555647
vn -0.742391908760555 -0.5990715910952095 0.2999457993530063
vn -0.7258976985170965 -0.6221401548572022 0.29328170587651553
vn -0.41625184576610874 0.8935608605359161 0.1681766613255865
vn -0.6674816462309678 -0.5490681887505385 0.5029834749243756
vn -0.29476888530372036 0.9293933977489106 0.22212432662258655
vn -0.5340118154435364 -0.4976481747257358 0.6835039686489334
vn -0.17571503701990698 0.958405949040934 0.22490500796567273
vn -0.34990731938117287 -0.44502241389920527 0.8243299818463514
vn -0.07762010581720515 0.9800697871645334 0.18286150896290995
vn -0.12807108063103376 -0.39138179025566316 0.911272787129228
vn -0.020984756358532614 0.9885670900789035 0.14931426058318067
vn 0.3527074956362587 -0.3368981907214659 0.8729816903066189
vn 0.11474495376834251 -0.3368982032937517 0.9345229778887958
vn 0.5538072823424054 -0.3913817858669899 0.7349270655759558
vn 0.7056789221720682 -0.4450224177357483 0.5513368358042995
vn 0.7984265550954648 -0.4976481836931264 0.338911967014033
vn 0.8276438263218895 -0.54906820125138 0.11631769910824512
vn 0.7770702058957755 -0.6221401862938957 -0.09541217798213134
vn 0.7947271924248303 -0.5990716092212083 -0.09758020621857127
vn 0.6691067865033745 -0.6922529763680454 -0.27033668815887724
vn 0.5859355890656572 -0.6795050156869805 -0.44153416529473405
vn 0.4721229465418011 -0.6418205920842304 -0.6042898732606192
vn 0.31530059329399907 -0.590619380333923 -0.7428016447494075
vn 0.11734700574533241 -0.5376424203022512 -0.8349672497374626
vn -0.10670089332016962 -0.48315479437022535 -0.8690088400250846
vn -0.10005956313222023 0.5708716075166335 -0.8149194386914355
vn 0.10759494589100264 0.634282538135882 -0.7655775528544548
vn 0.281071269694773 0.6946509060185669 -0.6621624121918673
vn 0.40624270872263174 0.7513994965729156 -0.5199669779511658
vn 0.47499407973697133 0.8039055104140842 -0.35793372925822237
vn 0.48615124804507753 0.8515145278273561 -0.19641785286263644
vn 0.44559574741696634 0.8935608560041822 -0.0547122152813086
vn 0.3654986897644069 0.9293933975350932 0.05136750333312029
vn 0.26271990049551663 0.9584059649021227 0.11151798206413638
vn 0.1565411361238589 0.9800697764888233 0.1223033356626027
vn 0.09074263170012005 0.9885670976292278 0.12041955105821135
vn 0 1 0
vn -0.31585814777136567 -0.5376424125992085 -0.7817763533523794
vn -0.2896088624513785 0.6342825077680373 -0.716807091991359
vn -0.4856347924986752 -0.5906194167626544 -0.6444591165137715
vn -0.43291385107283953 0.6946508956915078 -0.5744960667091368
vn -0.6042898732606194 -0.6418205920842305 -0.4721229465418009
vn -0.5199669779511656 0.7513994965729156 -0.4062427087226319
vn -0.675347570603678 -0.679505036922289 -0.2866680374177573
vn -0.5474767812161037 0.8039054745767535 -0.23239010730833407
vn -0.7146317906121207 -0.6922530019574566 -0.10043497960075239
vn -0.519228309479445 0.8515144986580355 -0.07297274292687564
vn -0.7947271924248303 -0.5990716092212083 0.09758020621857155
vn -0.7770702058957755 -0.6221401862938957 0.09541217798213161
vn -0.44559574741696634 0.8935608560041822 0.054712215281308214
vn -0.7749194618167952 -0.5490681809632697 0.31308778377837543
vn -0.34221489111752945 0.9293934003619931 0.1382637901295551
vn -0.6927196569421453 -0.4976482019015534 0.5220016705242498
vn -0.22793739626214238 0.958405960777508 0.17176308605569782
vn -0.5513368358042995 -0.44502241773574835 0.7056789221720684
vn -0.12230333566260296 0.9800697764888233 0.1565411361238587
vn -0.3595618791111673 -0.39138179469901263 0.8470746991075969
vn -0.05891506511286117 0.9885670988878645 0.1387951947985893
vn -0.131037173182944 -0.33689817894238944 0.9323780758198493
vn 0.35943311178815635 -0.28172601807008096 0.8896281745159937
vn 0.11693294794961445 -0.28172599581265745 0.9523429786411928
vn 0.5666335939974312 -0.33689820329375175 0.7519481170739082
vn 0.7251498927770306 -0.3913817902556633 0.5665491393177939
vn 0.8243299818463575 -0.4450224138992054 0.3499073193811583
vn 0.8589377053067179 -0.49764817472573597 0.12071583406733918
vn 0.8295477955737357 -0.5490681887505386 -0.10185567711697857
vn 0.7258976985170963 -0.6221401548572023 -0.2932817058765152
vn 0.7423919087605549 -0.5990715910952096 -0.299945799353006
vn 0.5763391928828391 -0.6922529972913255 -0.4343028004610767
vn 0.4516928962433623 -0.6795050211516824 -0.5781405138138431
vn 0.2996340480954866 -0.6418206093955859 -0.7058935773733815
vn 0.11230576875888754 -0.5906193973368123 -0.7990970790792418
vn -0.10275695300914821 -0.5376423979341756 -0.8368880812581007
vn -0.09421737928210737 0.6342825004314276 -0.7673387746541078
vn 0.10011374404641249 0.6946509283845459 -0.712346352519263
vn 0.25782296871671945 0.7513995245292614 -0.6073928476194773
vn 0.3661690468635519 0.8039054901856713 -0.46867493208872774
vn 0.4187493763286324 0.8515145110873248 -0.3155503085596584
vn 0.4162518457661087 0.8935608605359159 -0.16817666132558684
vn 0.3663395140416003 0.9293933977489106 -0.04498080337765921
vn 0.2826309658375782 0.9584059490409338 0.03972120331339846
vn 0.18286150896291292 0.9800697871645332 0.07762010581719817
vn 0.11881757104079337 0.9885670900789035 0.09283045418877901
vn 0.12041955105821155 0.9885670976292278 -0.0907426317001203
vn 0.18418839558819333 0.9800697698061603 -0.07441694190671372
vn 0.15865176421742364 0.9800697814324075 -0.11955267137848435
vn 0.13980227595232914 0.9885670971673525 -0.05648378560846605
vn 0.09283045418877921 0.9885670900789035 -0.11881757104079362
vn 0.1223033356626029 0.9800697764888233 -0.15654113612385914
vn 0.058915065112861154 0.9885670988878645 -0.1387951947985897
vn 0.07762010581720347 0.9800697871645332 -0.182861508962911
vn 0.027647234495514636 0.9800697764888233 -0.19672026748125868
vn 0.020984756358532558 0.9885670900789035 -0.14931426058318112
vn -0.024209780496181003 0.9800697814324075 -0.19717279237095472
vn -0.018375661973762693 0.9885670976292278 -0.14965770455259209
vn -0.07441694190671352 0.9800697698061603 -0.18418839558819358
vn -0.05648378560846586 0.9885670971673525 -0.13980227595232939
vn -0.11955267137848415 0.9800697814324075 -0.15865176421742386
vn -0.0907426317001201 0.9885670976292278 -0.1204195510582118
vn -0.15654113612385895 0.9800697764888233 -0.12230333566260314
vn -0.11881757104079342 0.9885670900789035 -0.09283045418877946
vn -0.18286150896291253 0.9800697871645332 -0.07762010581719965
vn -0.13879519479858957 0.9885670988878645 -0.05891506511286125
vn -0.14931426058318092 0.9885670900789035 -0.020984756358532797
vn -0.19672026748125848 0.9800697764888233 -0.027647234495514865
vn -0.1496577045525919 0.9885670976292278 0.018375661973762454
vn -0.19717279237095453 0.9800697814324075 0.024209780496180774
vn -0.1398022759523292 0.9885670971673525 0.05648378560846562
vn -0.1841883955881934 0.9800697698061603 0.07441694190671327
vn -0.1204195510582116 0.9885670976292278 0.09074263170011986
vn -0.1586517642174237 0.9800697814324075 0.11955267137848391
vn -0.09283045418877926 0.9885670900789035 0.11881757104079317
vn 0.13879519479858857 0.9885670988878645 0.05891506511286309
vn 0.14931426058318087 0.9885670900789035 0.02098475635853236
vn 0.19672026748125843 0.9800697764888233 0.027647234495514435
vn 0.14965770455259184 0.9885670976292278 -0.01837566197376289
vn 0.19717279237095447 0.9800697814324075 -0.024209780496181204
vn -0.3022888870503546 -0.5906194000222464 -0.7481912543482578
vn -0.26947212044307245 0.6946509355054515 -0.6669669063044399
vn -0.4615047231076046 -0.6418206255135608 -0.6124374867811039
vn -0.39710612731797845 0.7513995111136683 -0.5269777019425561
vn -0.5781405138138432 -0.6795050211516824 -0.4516928962433621
vn -0.46867493208872757 0.8039054901856713 -0.36616904686355206
vn -0.6642868349225661 -0.6922529951138436 -0.28197303364767345
vn -0.48264924524756037 0.8515145242369448 -0.20487245074799537
vn -0.7929031625438179 -0.5990715672295143 -0.11143532727634174
vn -0.7752866617399984 -0.6221401954740592 -0.1089594846883398
vn -0.44457304141273907 0.8935608430605125 -0.06248064178618352
vn -0.8295477955737357 -0.5490681887505386 0.10185567711697882
vn -0.3663395140416003 0.9293933977489106 0.04498080337765879
vn -0.8042197903344093 -0.49764816706388576 0.3249258848605843
vn -0.2646261616879115 0.9584059593928558 0.10691590878154192
vn -0.7151936102777943 -0.4450223966362318 0.53893707082549
vn -0.5665491393177938 -0.3913817902556631 0.7251498927770306
vn -0.36788941091303345 -0.33689819225752105 0.8666931345012926
vn -0.13353583711810535 -0.2817259966786253 0.950157167525774
vn 0.36491411778532806 -0.22600449386898802 0.9031941404769954
vn 0.11871609368546222 -0.22600449974354084 0.9668652725151197
vn 0.5774384953299078 -0.2817259958126575 0.7662866613705988
vn 0.7419444866013439 -0.33689817894238955 0.5796705925154128
vn 0.8470746991075999 -0.39138179469901285 0.3595618791111606
vn 0.886804299058456 -0.4450224177357485 0.12463219040067275
vn 0.8609136499387128 -0.4976482019015535 -0.10570692736691469
vn 0.7749194618167952 -0.5490681809632699 -0.3130877837783752
vn 0.6252563966202865 -0.6221401862938958 -0.47116454353400966
vn 0.6394638087870298 -0.5990716092212084 -0.48187056797100297
vn 0.44429509246013815 -0.6922530019574568 -0.5686718316364251
vn 0.28666803741776525 -0.679505036922289 -0.6753475706036746
vn 0.10672560295080721 -0.6418205920842305 -0.759391844340874
vn -0.09834248200031116 -0.5906194167626544 -0.8009353661669338
vn -0.08766633563866613 0.6946508956915078 -0.7139851165890466
vn 0.09183304652282165 0.7513994965729156 -0.6534259622300804
vn 0.23239010730833845 0.8039054745767534 -0.5474767812161019
vn 0.32281046334526164 0.8515144986580356 -0.4131784884646972
vn 0.3585410553126685 0.8935608560041821 -0.27018014041071053
vn 0.3422148911175294 0.9293934003619929 -0.13826379012955545
vn 0.2832811067130138 0.958405960777508 -0.034782595153210305
vn 0.2646261616879115 0.9584059593928558 -0.10691590878154233
vn 0.2279373962621423 0.9584059607775077 -0.1717630860556982
vn 0.17571503701990687 0.9584059490409338 -0.22490500796567311
vn 0.11151798206413785 0.9584059649021226 -0.2627199004955163
vn 0.03972120331339866 0.9584059490409339 -0.28263096583757846
vn -0.03478259515321011 0.9584059607775078 -0.28328110671301404
vn -0.10691590878154215 0.9584059593928557 -0.2646261616879117
vn -0.17176308605569804 0.958405960777508 -0.22793739626214257
vn -0.22490500796567292 0.9584059490409338 -0.1757150370199071
vn -0.2627199004955158 0.9584059649021227 -0.11151798206413872
vn -0.2826309658375782 0.9584059490409338 -0.03972120331339887
vn -0.2832811067130138 0.958405960777508 0.03478259515320989
vn -0.28726886168741306 -0.64182062976587 -0.7110153868319309
vn -0.24718324927926408 0.7513994837198781 -0.6118000140088636
vn -0.4415341652947342 -0.6795050156869805 -0.585935589065657
vn -0.35793372925822214 0.8039055104140842 -0.47499407973697144
vn -0.5686718316364252 -0.692253001957457 -0.444295092460138
vn -0.413178488464697 0.8515144986580356 -0.32281046334526176
vn -0.7370440699701656 -0.5990715790776634 -0.3128566477849055
vn -0.7206686534403672 -0.6221401748877525 -0.30590569582648286
vn -0.41325336388229134 0.8935608586807006 -0.1754156466047987
vn -0.8276438263218895 -0.54906820125138 -0.11631769910824487
vn -0.3654986897644069 0.9293933975350932 -0.051367503333120706
vn -0.8609136499387128 -0.4976482019015535 0.10570692736691491
vn -0.8303111738910517 -0.4450223803221634 0.33546748802836224
vn -0.7349270655759557 -0.39138178586698996 0.5538072823424055
vn -0.5796705925154128 -0.3368981789423895 0.741944486601344
vn -0.3749045264127092 -0.281725998839768 0.8832197108607787
vn -0.13557219769629672 -0.22600450309425762 0.9646461236085043
vn 0.36916291084916486 -0.16985959903203288 0.913710272389475
vn 0.12009831784918303 -0.16985959650861654 0.9781227486996337
vn 0.5862438405858754 -0.2260044997435409 0.7779718024908068
vn 0.7560922698484238 -0.2817259966786254 0.5907240830293726
vn 0.8666931345012975 -0.33689819225752127 0.36788941091302213
vn 0.9112727871292279 -0.39138179025566333 0.12807108063103378
vn 0.8888443766333075 -0.4450223966362319 -0.10913633959177682
vn 0.8042197903344093 -0.49764816706388587 -0.3249258848605841
vn 0.6674816462309678 -0.5490681887505388 -0.5029834749243753
vn 0.48200493671638084 -0.6221401954740593 -0.6169382612194975
vn 0.4929573221626235 -0.5990715672295144 -0.6309566830325428
vn 0.28197303364768317 -0.6922529951138436 -0.664286834922562
vn 0.10210723327172785 -0.6795050211516824 -0.7265308246339203
vn -0.09345610831931322 -0.6418206255135609 -0.7611387787277629
vn -0.08041522688293405 0.7513995111136683 -0.6549291305045961
vn 0.08277414089459413 0.8039054901856713 -0.5889689333475048
vn 0.2048724507479999 0.8515145242369447 -0.48264924524755853
vn 0.27639638337618977 0.8935608430605124 -0.3537711958392725
vn 0.2947688853037203 0.9293933977489104 -0.22212432662258688
vn 0.2272348894599288 0.9293933975350931 -0.290847412968227
vn 0.1442151903739384 0.9293934167918749 -0.3397496956427374
vn 0.0513675033331205 0.9293933975350931 -0.3654986897644071
vn -0.044980803377659 0.9293933977489105 -0.36633951404160053
vn -0.1382637901295553 0.929393400361993 -0.3422148911175297
vn -0.22212432662258677 0.9293933977489105 -0.2947688853037206
vn -0.29084741296822675 0.9293933975350932 -0.227234889459929
vn -0.33974969564274 0.929393416791875 -0.1442151903739319
vn -0.2748379341528987 -0.6795050353984037 -0.6802477613478645
vn -0.2227998968817912 0.8039055277031023 -0.5514490987188754
vn -0.4343028004610769 -0.6922529972913255 -0.5763391928828389
vn -0.31555030855965815 0.8515145110873248 -0.4187493763286325
vn -0.6309566830325429 -0.5990715672295144 -0.4929573221626234
vn -0.6169382612194976 -0.6221401954740593 -0.4820049367163807
vn -0.3537711958392723 0.8935608430605124 -0.27639638337619
vn -0.7693373046856861 -0.5490681754314743 -0.32656431272770114
vn -0.8589377053067179 -0.49764817472573597 -0.12071583406733896
vn -0.8888443766333075 -0.4450223966362319 0.10913633959177702
vn -0.8532208984743288 -0.3913818160305705 0.34472361753624003
vn -0.7519481170739082 -0.3368982032937518 0.5666335939974313
vn -0.5907240830293726 -0.28172599667862536 0.7560922698484239
vn -0.3806214545742747 -0.2260044899889081 0.8966879495245916
vn -0.13715064802816299 -0.16985959041173448 0.975877768621979
vn 0.3721898736138145 -0.11340669772475358 0.9212022681748558
vn 0.12108308382213595 -0.11340669821892044 0.986142894113832
vn 0.5930696517594567 -0.1698595965086166 0.7870299267727034
vn 0.767621979648149 -0.2260045030942577 0.5997319909277595
vn 0.8832197108607824 -0.2817259988397682 0.37490452641269995
vn 0.9323780758198494 -0.33689817894238966 0.13103717318294406
vn 0.9133691533395957 -0.3913817858669901 -0.11214761441633907
vn 0.8303111738910518 -0.4450223803221636 -0.33546748802836207
vn 0.6927196569421453 -0.4976482019015536 -0.5220016705242496
vn 0.5145560839522697 -0.5490682012513801 -0.6586016602182831
vn 0.3128566477849114 -0.5990715790776635 -0.7370440699701631
vn 0.3059056958265003 -0.6221401748877525 -0.7206686534403598
vn 0.10043497960075262 -0.692253001957457 -0.7146317906121206
vn -0.08941196043263805 -0.6795050156869805 -0.7282021937537875
vn -0.07248263383463265 0.8039055104140842 -0.5903238078531692
vn 0.07297274292687547 0.8515144986580356 -0.5192283094794453
vn 0.1754156466048021 0.8935608586807005 -0.41325336388229006
vn 0.06248064178618333 0.8935608430605124 -0.4445730414127393
vn -0.0547122152813084 0.8935608560041821 -0.44559574741696656
vn -0.16817666132558665 0.8935608605359158 -0.41625184576610885
vn -0.2701801404107103 0.8935608560041821 -0.35854105531266867
vn -0.2703366881588774 -0.6922529763680454 -0.6691067865033744
vn -0.19641785286263624 0.851514527827356 -0.4861512480450777
vn -0.4818705679710031 -0.5990716092212084 -0.6394638087870297
vn -0.47116454353400977 -0.6221401862938958 -0.6252563966202863
vn -0.6586016602182831 -0.5490682012513801 -0.5145560839522695
vn -0.7984265550954679 -0.4976481836931265 -0.3389119670140253
vn -0.886804299058456 -0.4450224177357485 -0.12463219040067255
vn -0.9133691533395957 -0.3913817858669901 0.11214761441633923
vn -0.8729816903066189 -0.336898190721466 0.3527074956362588
vn -0.7662866613705986 -0.28172599581265756 0.5774384953299079
vn -0.5997319909277596 -0.22600450309425768 0.7676219796481492
vn -0.3850531323025969 -0.16985959487170352 0.9071283279304971
vn -0.13827526058373074 -0.11340670011236262 0.9838795010976324
vn 0.3740028225323497 -0.05675285042332863 0.9256894742334835
vn 0.12167289183472588 -0.056752850363563596 0.9909464270929009
vn 0.5979325315209415 -0.11340669821892045 0.7934832125180978
vn 0.7765595779909261 -0.16985959041173457 0.6067148765076662
vn 0.8966879495245973 -0.22600448998890824 0.38062145457426194
vn 0.9501571675257741 -0.2817259966786255 0.13353583711810538
vn 0.9345229778887959 -0.336898203293752 -0.11474495376834251
vn 0.8532208984743288 -0.3913818160305706 -0.3447236175362398
vn 0.7151936102777943 -0.445022396636232 -0.5389370708254898
vn 0.5340118154435364 -0.49764817472573614 -0.6835039686489331
vn 0.3265643127277083 -0.5490681754314745 -0.769337304685683
vn 0.1114353272763419 -0.5990715672295145 -0.7929031625438178
vn 0.10895948468834 -0.6221401954740594 -0.7752866617399983
vn -0.08794755207875632 -0.6922529972913255 -0.7162757959225835
vn -0.06389986146555666 0.8515145110873248 -0.5204227561438843
vn -0.29994579935300614 -0.5990715910952096 -0.7423919087605548
vn -0.2932817058765154 -0.6221401548572024 -0.7258976985170964
vn -0.5029834749243756 -0.5490681887505389 -0.6674816462309677
vn -0.6835039686489333 -0.4976481747257361 -0.5340118154435362
vn -0.8243299818463541 -0.4450224138992055 -0.34990731938116626
vn -0.9112727871292279 -0.39138179025566344 -0.12807108063103362
vn -0.9345229778887957 -0.3368982032937519 0.11474495376834262
vn -0.8896281745159935 -0.2817260180700811 0.3594331117881564
vn -0.7779718024908066 -0.22600449974354087 0.5862438405858754
vn -0.6067148765076662 -0.16985959041173454 0.7765595779909261
vn -0.3882103873145271 -0.11340669402646564 0.9145663545807337
vn -0.13894878670418354 -0.05675284992617959 0.9886720127012253
vn 0.3745689635695304 -0.014173349040697758 0.9270907224794229
vn 0.12185712733360621 -0.014173349960893046 0.9924464502777405
vn 0.6008450735199861 -0.05675285036356365 0.7973483000561133
vn 0.7829270269856664 -0.11340670011236273 0.6116896196479148
vn 0.9071283279304979 -0.16985959487170363 0.3850531323025951
vn 0.9646461236085044 -0.22600450309425782 0.13557219769629672
vn 0.9523429786411927 -0.28172599581265767 -0.11693294794961444
vn 0.8729816903066189 -0.3368981907214661 -0.3527074956362587
vn 0.7349270655759557 -0.3913817858669902 -0.5538072823424053
vn 0.5513368358042995 -0.4450224177357487 -0.7056789221720682
vn 0.33891196701403625 -0.49764818369312663 -0.7984265550954632
vn 0.11631769910824506 -0.5490682012513802 -0.8276438263218893
vn -0.09758020621857134 -0.5990716092212085 -0.7947271924248301
vn -0.09541217798213138 -0.6221401862938958 -0.7770702058957752
vn -0.31308778377837526 -0.54906818096327 -0.774919461816795
vn -0.5220016705242497 -0.4976482019015537 -0.6927196569421451
vn -0.7056789221720682 -0.4450224177357485 -0.5513368358042993
vn -0.8470746991076047 -0.39138179469901296 -0.3595618791111491
vn -0.9323780758198492 -0.3368981789423897 -0.13103717318294386
vn -0.9523429786411927 -0.28172599581265767 0.11693294794961455
vn -0.9031941404769954 -0.22600449386898813 0.3649141177853282
vn -0.7870299267727032 -0.1698595965086166 0.5930696517594567
vn -0.6116896196479148 -0.11340670011236269 0.7829270269856664
vn -0.3901013725741673 -0.05675284744346165 0.9190212366549589
vn -0.13915916826108926 -0.014173350154757266 0.9901685927327086
vn 0.6017545492496696 -0.014173349960893089 0.7985553071692738
vn 0.7867406794203572 -0.056752849926179676 0.6146691934451012
vn 0.9145663545807413 -0.11340669402646579 0.38821038731450946
vn 0.975877768621979 -0.16985959041173468 0.13715064802816296
vn 0.9668652725151196 -0.22600449974354103 -0.11871609368546214
vn 0.8896281745159935 -0.2817260180700812 -0.3594331117881563
vn 0.7519481170739082 -0.33689820329375203 -0.5666335939974311
vn 0.5665491393177939 -0.39138179025566355 -0.7251498927770305
vn 0.34990731938116665 -0.4450224138992057 -0.8243299818463541
vn 0.12071583406733914 -0.49764817472573614 -0.8589377053067178
vn -0.10185567711697864 -0.549068188750539 -0.8295477955737358
vn -0.32492588486058416 -0.497648167063886 -0.8042197903344092
vn -0.5389370708254899 -0.44502239663623205 -0.7151936102777942
vn -0.7251498927770306 -0.3913817902556635 -0.5665491393177937
vn -0.866693134501292 -0.3368981922575214 -0.3678894109130348
vn -0.9501571675257741 -0.28172599667862563 -0.13353583711810527
vn -0.9668652725151196 -0.22600449974354098 0.11871609368546225
vn -0.913710272389475 -0.169859599032033 0.3691629108491649
vn -0.793483212518098 -0.1134066982189205 0.5979325315209416
vn -0.6146691934451012 -0.05675284992617964 0.7867406794203573
vn -0.3906918824769443 -0.014173349287903052 0.9204123907991378
vn 0 -1 0
vn 0.7879316270899075 -0.014173350154757349 0.6155995997211515
vn 0.9190212366549607 -0.05675284744346176 0.39010137257416266
vn 0.9838795010976324 -0.11340670011236281 0.1382752605837307
vn 0.9781227486996336 -0.16985959650861676 -0.12009831784918301
vn 0.9031941404769954 -0.2260044938689883 -0.36491411778532806
vn 0.7662866613705986 -0.2817259958126578 -0.5774384953299077
vn 0.5796705925154128 -0.3368981789423898 -0.7419444866013438
vn 0.35956187911116533 -0.3913817946990131 -0.8470746991075978
vn 0.12463219040067267 -0.44502241773574874 -0.8868042990584559
vn -0.10570692736691473 -0.4976482019015537 -0.8609136499387127
vn -0.3354674880283622 -0.44502238032216374 -0.8303111738910517
vn -0.5538072823424054 -0.39138178586699024 -0.7349270655759556
vn -0.7419444866013439 -0.33689817894238977 -0.5796705925154125
vn -0.8832197108607842 -0.2817259988397683 -0.3749045264126958
vn -0.9646461236085044 -0.22600450309425787 -0.1355721976962966
vn -0.9781227486996336 -0.1698595965086167 0.1200983178491831
vn -0.9212022681748558 -0.1134066977247537 0.3721898736138145
vn -0.7973483000561131 -0.05675285036356369 0.600845073519986
vn -0.6155995997211515 -0.01417335015475731 0.7879316270899075
vn -0.3907311302310809 0 0.920504852713087
vn -0.9204123907991415 -0.01417334928790334 -0.3906918824769351
vn -0.7879316270899075 -0.014173350154757623 -0.6155995997211515
vn -0.920504852713091 0 -0.39073113023107164
vn -0.6017545492496696 -0.014173349960893443 -0.7985553071692738
vn -0.3746065916614766 0 -0.9271838552756254
vn -0.3745689635695304 -0.01417334904069817 -0.9270907224794229
vn -0.12186934340514721 0 -0.9925461516413221
vn -0.12185712733360621 -0.014173349960893486 -0.9924464502777405
vn 0.13915916826108926 -0.014173350154757706 -0.9901685927327086
vn 0.13917313923768826 0 -0.9902680633620005
vn 0.39069188247694453 -0.014173349287903462 -0.9204123907991377
vn 0.390731130231081 0 -0.920504852713087
vn 0.6155995997211515 -0.014173350154757661 -0.7879316270899075
vn 0.7985553071692736 -0.014173349960893398 -0.6017545492496695
vn 0.9270907224794229 -0.014173349040698047 -0.3745689635695304
vn 0.9924464502777403 -0.014173349960893292 -0.12185712733360624
vn 0.9901685927327086 -0.014173350154757455 0.1391591682610892
vn 0.9205048527130911 0 0.39073113023107137
vn 0.9204123907991416 -0.014173349287903167 0.3906918824769348
vn -0.7985553071692736 -0.01417334996089313 0.6017545492496695
vn -0.9270907224794229 -0.01417334904069788 0.3745689635695304
vn -0.9924464502777403 -0.014173349960893237 0.12185712733360624
vn -0.9901685927327086 -0.014173350154757517 -0.1391591682610892
vn 0.9886720127012254 -0.05675284992617979 0.13894878670418348
vn 0.9861428941138319 -0.11340669821892066 -0.12108308382213595
vn 0.913710272389475 -0.16985959903203315 -0.3691629108491648
vn 0.7779718024908066 -0.22600449974354114 -0.5862438405858754
vn 0.5907240830293727 -0.28172599667862575 -0.7560922698484239
vn 0.367889410913035 -0.3368981922575214 -0.8666931345012917
vn 0.12807108063103376 -0.3913817902556636 -0.9112727871292278
vn -0.10913633959177682 -0.445022396636232 -0.8888443766333072
vn -0.34472361753623987 -0.3913818160305707 -0.8532208984743287
vn -0.5666335939974313 -0.33689820329375214 -0.7519481170739081
vn -0.756092269848424 -0.2817259966786257 -0.5907240830293725
vn -0.8966879495245953 -0.22600448998890837 -0.38062145457426605
vn -0.975877768621979 -0.16985959041173473 -0.1371506480281629
vn -0.9861428941138319 -0.1134066982189206 0.121083083822136
vn -0.9256894742334835 -0.056752850423328755 0.3740028225323497
vn -0.9190212366549624 -0.05675284744346193 -0.3901013725741587
vn -0.7867406794203572 -0.05675284992617995 -0.6146691934451012
vn -0.600845073519986 -0.056752850363564 -0.7973483000561131
vn -0.3740028225323497 -0.056752850423329046 -0.9256894742334835
vn -0.12167289183472588 -0.05675285036356404 -0.9909464270929009
vn 0.13894878670418354 -0.056752849926180036 -0.9886720127012253
vn 0.39010137257416605 -0.056752847443462054 -0.9190212366549595
vn 0.6146691934451012 -0.05675284992617999 -0.7867406794203573
vn 0.7973483000561131 -0.05675285036356395 -0.600845073519986
vn 0.9256894742334835 -0.05675285042332892 -0.3740028225323497
vn 0.9909464270929009 -0.056752850363563846 -0.12167289183472586
vn -0.9909464270929009 -0.05675285036356379 0.12167289183472589
vn -0.9886720127012254 -0.05675284992617984 -0.13894878670418348
vn 0.9212022681748558 -0.11340669772475387 -0.3721898736138145
vn 0.7870299267727032 -0.16985959650861687 -0.5930696517594567
vn 0.5997319909277594 -0.22600450309425796 -0.7676219796481489
vn 0.374904526412709 -0.28172599883976845 -0.8832197108607786
vn 0.13103717318294403 -0.33689817894238994 -0.9323780758198493
vn -0.11214761441633908 -0.3913817858669903 -0.9133691533395956
vn -0.35270749563625875 -0.33689819072146626 -0.8729816903066189
vn -0.5774384953299078 -0.28172599581265784 -0.7662866613705985
vn -0.767621979648149 -0.22600450309425799 -0.5997319909277595
vn -0.9071283279305014 -0.1698595948717038 -0.38505313230258686
vn -0.9838795010976324 -0.11340670011236287 -0.13827526058373066
vn -0.9145663545807374 -0.11340669402646593 -0.3882103873145181
vn -0.7829270269856662 -0.11340670011236298 -0.6116896196479147
vn -0.5979325315209415 -0.11340669821892081 -0.7934832125180978
vn -0.3721898736138145 -0.113406697724754 -0.9212022681748558
vn -0.12108308382213592 -0.11340669821892085 -0.9861428941138318
vn 0.13827526058373074 -0.11340670011236306 -0.9838795010976324
vn 0.3882103873145316 -0.11340669402646605 -0.9145663545807317
vn 0.6116896196479147 -0.11340670011236302 -0.7829270269856662
vn 0.7934832125180977 -0.11340669821892074 -0.5979325315209415
vn 0.6067148765076662 -0.16985959041173487 -0.7765595779909261
vn 0.38062145457427704 -0.22600448998890849 -0.8966879495245906
vn 0.13353583711810538 -0.2817259966786258 -0.950157167525774
vn -0.11474495376834251 -0.3368982032937522 -0.9345229778887958
vn -0.35943311178815635 -0.2817260180700814 -0.8896281745159935
vn -0.5862438405858753 -0.22600449974354117 -0.7779718024908066
vn -0.7765595779909261 -0.16985959041173485 -0.6067148765076662
vn -0.5930696517594566 -0.1698595965086169 -0.7870299267727032
vn -0.36916291084916475 -0.16985959903203324 -0.9137102723894749
vn -0.120098317849183 -0.16985959650861696 -0.9781227486996334
vn 0.13715064802816299 -0.16985959041173493 -0.975877768621979
vn 0.38505313230259175 -0.1698595948717039 -0.9071283279304994
vn 0.13557219769629672 -0.22600450309425807 -0.9646461236085043
vn -0.11693294794961442 -0.2817259958126579 -0.9523429786411926
vn -0.36491411778532806 -0.2260044938689884 -0.9031941404769954
vn -0.1187160936854622 -0.22600449974354123 -0.9668652725151194
vn -0.3673048851130935 -0.1964774970931478 -0.9091114972917619
vn -0.11949394615358047 -0.196477500414597 -0.9731997681172542
vn -0.36535884479755276 -0.2208250151396332 -0.9042948784643087
vn -0.1188607979707198 -0.22082500584197737 -0.9680436082639327
vn 0.1364604105491306 -0.1964775050340897 -0.9709660891958801
vn 0.13573738149112294 -0.22082500879253975 -0.9658217634520916
vn -0.36901973451015774 -0.1720623090432451 -0.9133558985131477
vn -0.12005174156917262 -0.1720622967391416 -0.9777433944481855
vn -0.5900846107201354 -0.1964775004145969 -0.7830687990349878
vn -0.5869582898217459 -0.2208250058419773 -0.778919946338789
vn -0.3631807124295037 -0.24509530294945858 -0.8989038116457796
vn -0.11815218560002808 -0.24509528952584567 -0.9622724978352952
vn 0.38108532454142485 -0.22082500937625643 -0.897780758678383
vn 0.3831151288793654 -0.1964775058278235 -0.9025626780049266
vn 0.13709752549822637 -0.1720622970898175 -0.9754992744346039
vn 0.13492818206831655 -0.24509530268538435 -0.9600638928140663
vn -0.37050422059627564 -0.1475884894641902 -0.9170301305289945
vn -0.1205347256575098 -0.14758850561916478 -0.9816766335814309
vn -0.5928396343264374 -0.17206229673914156 -0.7867246875575645
vn -0.7726511234857785 -0.19647750503408967 -0.6036611892375917
vn -0.7685574709813654 -0.22082500879253966 -0.6004629291559158
vn -0.5834590727544741 -0.2450952895258456 -0.7742763133873662
vn -0.36076951348584624 -0.269278413103233 -0.8929358848068489
vn -0.11736777991313443 -0.26927839425201133 -0.9558838583360012
vn 0.6004629291559159 -0.2208250087925397 -0.7685574709813654
vn 0.6036611892375918 -0.1964775050340897 -0.7726511234857785
vn 0.3849037938154448 -0.17206229433439474 -0.9067765085040864
vn 0.37881343686683466 -0.24509529715148162 -0.8924285267534668
vn 0.13764897047442548 -0.14758850314782387 -0.9794235011811365
vn 0.13403235891364876 -0.2692784039145604 -0.9536899223276241
vn -0.37175906184970375 -0.12306499760373713 -0.9201359716353992
vn -0.12094296455069703 -0.12306500092798302 -0.9850014237920087
vn -0.5952244621237148 -0.14758850561916467 -0.7898895319591445
vn -0.7762584406863087 -0.1720622970898174 -0.6064795125834311
vn -0.9025626780049242 -0.1964775058278234 -0.3831151288793711
vn -0.8977807586783898 -0.22082500937625638 -0.38108532454140936
vn -0.7639756286089529 -0.24509530268538432 -0.5968831807758664
vn -0.579585405100093 -0.2692783942520113 -0.7691358167346124
vn -0.3584539544081692 -0.2904799947094049 -0.8872046749441587
vn -0.11661444227813235 -0.29048000578913724 -0.9497486183664092
vn 0.778919946338789 -0.22082500584197728 -0.5869582898217459
vn 0.7830687990349878 -0.19647750041459688 -0.5900846107201354
vn 0.6064795125834311 -0.17206229708981743 -0.7762584406863087
vn 0.5968831807758663 -0.2450953026853843 -0.7639756286089526
vn 0.3864521768163861 -0.1475884927434046 -0.9104242702408621
vn 0.37629845203400725 -0.2692783933919267 -0.8865035938162195
vn 0.13811514422695437 -0.1230650042316509 -0.9827406634858616
vn 0.13317213926337157 -0.29048001078930497 -0.9475687545797732
vn -0.37278487507886204 -0.09850064135503053 -0.9226749484867816
vn -0.12127670043344475 -0.0985006403448946 -0.9877193861535887
vn -0.5972403929794728 -0.12306500092798298 -0.792564772457318
vn -0.7793811139532101 -0.14758850314782376 -0.6089192992110186
vn -0.9067765085040987 -0.17206229433439463 -0.3849037938154158
vn -0.9709660891958803 -0.19647750503408956 -0.13646041054913052
vn -0.9658217634520916 -0.22082500879253955 -0.13573738149112283
vn -0.892428526753474 -0.24509529715148157 -0.3788134368668183
vn -0.7589034954232663 -0.2692784039145603 -0.5929204211524303
vn -0.5758654150630736 -0.2904800057891372 -0.7641991821318423
vn -0.35667047177196026 -0.3057241949236734 -0.8827904004939332
vn -0.11603429171387632 -0.305724194704266 -0.9450231531126035
vn 0.9042948784643087 -0.2208250151396331 -0.36535884479755276
vn 0.9091114972917619 -0.19647749709314768 -0.3673048851130935
vn 0.7867246875575645 -0.17206229673914153 -0.5928396343264375
vn 0.7742763133873665 -0.24509528952584564 -0.5834590727544742
vn 0.6089192992110187 -0.1475885031478238 -0.7793811139532101
vn 0.5929204211524304 -0.26927840391456037 -0.7589034954232663
vn 0.3877610313857129 -0.12306500110989092 -0.9135077383583078
vn 0.3738832207289788 -0.2904799889706259 -0.880813665462197
vn 0.1384963025807797 -0.09850064140698025 -0.9854523823168051
vn 0.13250952645510886 -0.30572420302104175 -0.9428541441208134
vn -0.37358218533131404 -0.07390372117225741 -0.9246483606214705
vn -0.12153606081041328 -0.07390371649068199 -0.989831918363695
vn -0.5988883787729989 -0.09850064034489459 -0.794751743390535
vn -0.782020745840621 -0.12306500423165082 -0.6109816345916977
vn -0.9104242702408601 -0.14758849274340452 -0.38645217681639127
vn -0.9754992744346039 -0.1720622970898173 -0.1370975254982263
vn -0.9731997681172542 -0.19647750041459675 0.11949394615358051
vn -0.9680436082639329 -0.22082500584197715 0.11886079797071994
vn -0.9600638928140666 -0.2450953026853842 -0.13492818206831647
vn -0.8865035938162197 -0.2692783933919266 -0.37629845203400697
vn -0.7540325847931625 -0.29048001078930485 -0.5891147803289166
vn -0.5730001564756521 -0.30572419470426593 -0.7603969604432324
vn -0.3551713087496889 -0.31791818634082825 -0.8790798417861665
vn -0.11554655762661013 -0.3179181949470497 -0.9410510158021457
vn 0.9731997681172542 -0.1964775004145968 -0.11949394615358043
vn 0.9680436082639327 -0.22082500584197717 -0.1188607979707198
vn 0.9133558985131477 -0.172062309043245 -0.36901973451015774
vn 0.8989038116457798 -0.24509530294945853 -0.3631807124295037
vn 0.7898895319591445 -0.14758850561916464 -0.5952244621237148
vn 0.7691358167346126 -0.2692783942520112 -0.5795854051000929
vn 0.6109816345916976 -0.12306500423165083 -0.7820207458406209
vn 0.5891147803289165 -0.29048001078930485 -0.7540325847931624
vn 0.38883099992602216 -0.09850063845646301 -0.9160284262620888
vn 0.37202296824314784 -0.30572420348039087 -0.8764311852654709
vn 0.13879249550042128 -0.07390371834382055 -0.9875600658226937
vn 0.13195257488977918 -0.31791820259360704 -0.9388911195871477
vn -0.3741513985827793 -0.049282547011384806 -0.9260572128646377
vn -0.12172121046611198 -0.0492825497739216 -0.9913400915984613
vn -0.6001692987073962 -0.07390371649068193 -0.7964515387504358
vn -0.7841786463926252 -0.09850064140698019 -0.6126675070413344
vn -0.9135077383583157 -0.1230650011098908 -0.3877610313856943
vn -0.9794235011811365 -0.14758850314782368 -0.1376489704744254
vn -0.9777433944481856 -0.17206229673914136 0.12005174156917271
vn -0.9091114972917619 -0.19647749709314752 0.3673048851130936
vn -0.9042948784643087 -0.22082501513963293 0.3653588447975529
vn -0.9622724978352952 -0.24509528952584542 0.11815218560002819
vn -0.9536899223276241 -0.2692784039145602 -0.13403235891364862
vn -0.8808136654622026 -0.2904799889706256 -0.373883220728965
vn -0.7502808974202876 -0.30572420302104164 -0.5861836629021288
vn -0.5705917245973781 -0.31791819494704965 -0.7572008354080175
vn -0.3536108420353327 -0.3300812182098905 -0.8752175511152285
vn -0.11503889083288817 -0.3300811894592854 -0.9369164647721173
vn 0.9709660891958803 -0.1964775050340895 0.13646041054913063
vn 0.9658217634520918 -0.22082500879253955 0.13573738149112297
vn 0.9777433944481856 -0.17206229673914142 -0.12005174156917263
vn 0.9622724978352952 -0.24509528952584547 -0.11815218560002808
vn 0.9170301305289945 -0.1475884894641901 -0.37050422059627564
vn 0.8929358848068492 -0.26927841310323286 -0.36076951348584624
vn 0.7925647724573182 -0.12306500092798293 -0.5972403929794728
vn 0.7641991821318425 -0.2904800057891371 -0.5758654150630735
vn 0.6126675070413344 -0.09850064140698021 -0.7841786463926251
vn 0.5861836629021289 -0.3057242030210417 -0.7502808974202876
vn 0.38966262951165 -0.07390371835985357 -0.9179876227785722
vn 0.37045927296195114 -0.317918212823044 -0.8727473500572227
vn 0.139004034459527 -0.04928255080704922 -0.9890647646084281
vn 0.1313727893930096 -0.3300812104236139 -0.9347660588256197
vn -0.3744928081720333 -0.024645290046850357 -0.9269022312552342
vn -0.12183227776456838 -0.02464528934446739 -0.9922446804129637
vn -0.6010837783480734 -0.04928254977392156 -0.7976650435455883
vn -0.7858558297329865 -0.07390371834382044 -0.6139778947890848
vn -0.9160284262620894 -0.09850063845646288 -0.3888309999260209
vn -0.9827406634858615 -0.12306500423165068 -0.13811514422695426
vn -0.9816766335814309 -0.14758850561916453 0.12053472565750989
vn -0.9133558985131477 -0.17206230904324482 0.36901973451015785
vn -0.783068799034988 -0.19647750041459663 0.5900846107201355
vn -0.778919946338789 -0.220825005841977 0.5869582898217459
vn -0.8989038116457798 -0.24509530294945836 0.36318071242950384
vn -0.9558838583360013 -0.2692783942520111 0.11736777991313456
vn -0.9475687545797732 -0.29048001078930474 -0.13317213926337143
vn -0.8764311852654736 -0.3057242034803907 -0.37202296824314185
vn -0.7471273118371642 -0.3179182025936069 -0.5837197926802064
vn -0.5680848090589036 -0.33008118945928533 -0.7538740332984367
vn -0.35198893532573644 -0.34221161463687866 -0.8712031911189692
vn -0.11451126967682407 -0.34221159590966277 -0.9326191037835132
vn 0.9025626780049283 -0.19647750582782322 0.38311512887936156
vn 0.8977807586783858 -0.2208250093762562 0.38108532454141875
vn 0.9754992744346039 -0.17206229708981724 0.13709752549822635
vn 0.9600638928140663 -0.2450953026853841 0.13492818206831655
vn 0.9816766335814309 -0.1475885056191646 -0.12053472565750983
vn 0.9558838583360013 -0.2692783942520111 -0.11736777991313445
vn 0.9201359716353991 -0.12306499760373697 -0.37175906184970375
vn 0.8872046749441587 -0.29047999470940467 -0.35845395440816913
vn 0.794751743390535 -0.09850064034489454 -0.598888378772999
vn 0.7603969604432324 -0.30572419470426576 -0.573000156475652
vn 0.6139778947890848 -0.07390371834382048 -0.7858558297329865
vn 0.5837197926802066 -0.317918202593607 -0.7471273118371641
vn 0.3902563438224332 -0.049282548700384066 -0.9193863260348943
vn 0.36883164193772777 -0.3300812120990683 -0.8689128916782913
vn 0.13913085103207648 -0.024645290944013902 -0.9899672802296927
vn 0.13077025803803194 -0.3422115807508949 -0.9304785723554522
vn -0.37459947357818807 -0.00616462637302764 -0.9271662374011606
vn -0.1218670502952409 -0.006164626233831366 -0.9925272890131205
vn -0.6016322634088408 -0.024645289344467344 -0.7983929041134337
vn -0.7870532497285834 -0.04928255080704914 -0.6149133372090955
vn -0.9179876227785804 -0.07390371835985345 -0.38966262951163066
vn -0.9854523823168051 -0.09850064140698006 -0.1384963025807796
vn -0.9850014237920087 -0.12306500092798277 0.12094296455069711
vn -0.9170301305289945 -0.14758848946418993 0.37050422059627575
vn -0.7867246875575645 -0.17206229673914125 0.5928396343264375
vn -0.6036611892375918 -0.19647750503408937 0.7726511234857785
vn -0.6004629291559159 -0.22082500879253936 0.7685574709813654
vn -0.7742763133873665 -0.24509528952584536 0.5834590727544742
vn -0.8929358848068492 -0.26927841310323275 0.36076951348584635
vn -0.9497486183664092 -0.29048000578913696 0.11661444227813247
vn -0.9428541441208134 -0.30572420302104153 -0.13250952645510877
vn -0.872747350057227 -0.3179182128230439 -0.3704592729619411
vn -0.7438447410767368 -0.33008121042361377 -0.5811552251316031
vn -0.5654791501874291 -0.3422115959096627 -0.750416254040559
vn -0.3503054500044065 -0.35430769160232756 -0.867036418709526
vn -0.11396349152740393 -0.354307701406638 -0.9281585938420375
vn 0.7726511234857785 -0.1964775050340894 0.6036611892375917
vn 0.7685574709813655 -0.22082500879253944 0.6004629291559159
vn 0.9067765085040937 -0.17206229433439446 0.3849037938154276
vn 0.8924285267534782 -0.2450952971514814 0.3788134368668086
vn 0.9794235011811365 -0.14758850314782362 0.13764897047442545
vn 0.9536899223276241 -0.2692784039145601 0.13403235891364873
vn 0.9850014237920087 -0.12306500092798282 -0.12094296455069706
vn 0.9497486183664092 -0.29048000578913696 -0.11661444227813234
vn 0.9226749484867814 -0.09850064135503038 -0.372784875078862
vn 0.8827904004939333 -0.30572419492367325 -0.35667047177196026
vn 0.796451538750436 -0.07390371649068189 -0.6001692987073962
vn 0.7572008354080177 -0.3179181949470496 -0.570591724597378
vn 0.6149133372090956 -0.04928255080704917 -0.7870532497285834
vn 0.5811552251316032 -0.3300812104236138 -0.7438447410767367
vn 0.34972551897516563 -0.028731460200310602 -0.9364115359030498
vn 0.3671399227357407 -0.3422116035647873 -0.8649274510149455
vn 0.13917049142249452 -0.006164625857956846 -0.9902492472631589
vn 0.13014474552964453 -0.35430771301338165 -0.9260282877484097
vn -0.6018035665723714 -0.006164626233831323 -0.7986203507575864
vn -0.7877714139652188 -0.024645290944013826 -0.6154744584249819
vn -0.919386326034897 -0.04928254870038395 -0.39025634382242674
vn -0.9875600658226937 -0.07390371834382035 -0.1387924955004212
vn -0.9877193861535888 -0.09850064034489435 0.12127670043344478
vn -0.9201359716353993 -0.12306499760373683 0.3717590618497038
vn -0.7898895319591446 -0.14758850561916442 0.5952244621237149
vn -0.6064795125834311 -0.1720622970898171 0.7762584406863087
vn -0.38311512887936655 -0.1964775058278231 0.9025626780049261
vn -0.38108532454142435 -0.2208250093762561 0.8977807586783835
vn -0.5968831807758664 -0.24509530268538401 0.7639756286089529
vn -0.7691358167346126 -0.269278394252011 0.5795854051000932
vn -0.8872046749441587 -0.29047999470940455 0.35845395440816924
vn -0.9450231531126035 -0.30572419470426565 0.11603429171387643
vn -0.9388911195871475 -0.3179182025936068 -0.13195257488977902
vn -0.8689128916782956 -0.3300812120990682 -0.36883164193771795
vn -0.7404329779375055 -0.34221158075089475 -0.5784896189064856
vn -0.562774658258284 -0.3543077014066379 -0.7468271130229651
vn -0.34856017843076836 -0.36636820702192807 -0.8627167199584395
vn -0.11339578949022333 -0.3663682014758022 -0.9235343717876856
vn 0.5900846107201355 -0.1964775004145966 0.783068799034988
vn 0.5869582898217459 -0.22082500584197698 0.778919946338789
vn 0.7762584406863087 -0.17206229708981713 0.6064795125834311
vn 0.7639756286089529 -0.24509530268538404 0.5968831807758664
vn 0.9104242702408643 -0.14758849274340435 0.3864521768163817
vn 0.8865035938162148 -0.2692783933919264 0.3762984520340184
vn 0.9827406634858615 -0.12306500423165062 0.1381151442269543
vn 0.9475687545797732 -0.29048001078930463 0.13317213926337154
vn 0.9877193861535888 -0.0985006403448944 -0.12127670043344473
vn 0.9450231531126035 -0.30572419470426565 -0.11603429171387629
vn 0.9246483606214706 -0.07390372117225728 -0.3735821853313141
vn 0.8790798417861666 -0.317918186340828 -0.35517130874968883
vn 0.7976650435455882 -0.049282549773921505 -0.6010837783480732
vn 0.7538740332984369 -0.3300811894592853 -0.5680848090589035
vn 0.6152398545802417 -0.037001978229744395 -0.7874711264187206
vn 0.5784896189064859 -0.34221158075089486 -0.7404329779375056
vn 0.26723333734825117 -0.006111889206460218 -0.9636124678624929
vn 0.36538397108219917 -0.35430769794032335 -0.8607906881794385
vn 0.12949634993874917 -0.36636818189063863 -0.9214147006916533
vn -0.3741922661564316 0.047019499915816554 -0.9261583636594667
vn -0.3735013274475429 0.07676084825563098 -0.924448230335263
vn -0.12173454051447682 0.047019497689006554 -0.9914483690454096
vn -0.12150981100467192 0.07676085011084163 -0.9896176724977529
vn -0.7879957996350748 -0.006164625857956765 -0.6156497520063746
vn -0.9202252574075369 -0.024645288902006467 -0.39061244906450315
vn -0.9890647646084281 -0.049282550807049026 -0.13900403445952694
vn -0.989831918363695 -0.07390371649068174 0.12153606081041335
vn -0.9226749484867814 -0.09850064135503021 0.372784875078862
vn -0.7925647724573182 -0.12306500092798266 0.5972403929794728
vn -0.6089192992110188 -0.14758850314782349 0.7793811139532102
vn -0.38490379381544615 -0.1720622943343944 0.9067765085040861
vn -0.13573738149112297 -0.22082500879253936 0.9658217634520918
vn -0.13646041054913063 -0.1964775050340893 0.9709660891958803
vn -0.3788134368668324 -0.2450952971514813 0.8924285267534681
vn -0.5929204211524303 -0.26927840391456 0.7589034954232664
vn -0.7641991821318425 -0.29048000578913685 0.5758654150630738
vn -0.8827904004939333 -0.30572419492367314 0.3566704717719604
vn -0.9410510158021456 -0.31791819494704937 0.11554655762661024
vn -0.9347660588256196 -0.33008121042361366 -0.13137278939300942
vn -0.8649274510149485 -0.3422116035647872 -0.3671399227357339
vn -0.7368915944518767 -0.35430771301338154 -0.5757228695521817
vn -0.5599707743855257 -0.3663682014758021 -0.7431063670710006
vn -0.3467530216267885 -0.3783911152824892 -0.8582438498864794
vn -0.11280783506028146 -0.37839109754504024 -0.9187461943581983
vn 0.3673048851130935 -0.1964774970931474 0.9091114972917619
vn 0.36535884479755276 -0.22082501513963282 0.9042948784643087
vn 0.5928396343264374 -0.17206229673914122 0.7867246875575645
vn 0.5834590727544742 -0.24509528952584533 0.7742763133873665
vn 0.7793811139532102 -0.1475885031478235 0.6089192992110187
vn 0.7589034954232663 -0.2692784039145601 0.5929204211524305
vn 0.9135077383583098 -0.12306500110989066 0.3877610313857087
vn 0.8808136654622049 -0.2904799889706255 0.37388322072895985
vn 0.9854523823168051 -0.09850064140698 0.13849630258077966
vn 0.9428541441208134 -0.3057242030210414 0.13250952645510888
vn 0.989831918363695 -0.0739037164906818 -0.12153606081041332
vn 0.9410510158021456 -0.31791819494704937 -0.1155465576266101
vn 0.9260572128646377 -0.04928254701138468 -0.3741513985827793
vn 0.8752175511152285 -0.3300812182098902 -0.35361084203533266
vn 0.7980886142908077 -0.03700198118053287 -0.601402874226665
vn 0.750416254040559 -0.34221159590966255 -0.5654791501874289
vn 0.5075003827867536 -0.01222982018015435 -0.8615647352170699
vn 0.507528928842107 -0.006111889206460194 -0.8616130402905421
vn 0.6156146781019254 -0.012335340234233428 -0.7879507646336595
vn 0.6156497520063745 -0.006164625857956801 -0.7879957996350747
vn 0.5757228695521819 -0.3543077130133816 -0.7368915944518766
vn 0.26723837532716405 0 -0.9636304534169194
vn 0.36356358056869564 -0.3663681845124716 -0.8565021169040418
vn 0.13901916190538938 0.04701949896785854 -0.9891728056006872
vn 0.13876248647273906 0.07676084949188475 -0.987346314285513
vn 0.12882496825336598 -0.3783910955278695 -0.9166374999855383
vn -0.3711090135518768 0.13633109148569378 -0.9185270456305968
vn -0.12073152282898462 0.13633109825951026 -0.9832790707844594
vn -0.6000393535539567 0.0767608501108417 -0.796279188524233
vn -0.6011494053482689 0.047019497689006595 -0.7977521916525809
vn -0.9204873617519063 -0.006164625970627763 -0.39072370575850324
vn -0.9899672802296929 -0.02464529094401372 -0.13913085103207645
vn -0.9913400915984613 -0.04928254977392135 0.12172121046611205
vn -0.9246483606214706 -0.07390372117225712 0.3735821853313141
vn -0.794751743390535 -0.09850064034489427 0.598888378772999
vn -0.6109816345916976 -0.12306500423165047 0.7820207458406209
vn -0.38645217681638666 -0.14758849274340424 0.9104242702408621
vn -0.13709752549822637 -0.17206229708981705 0.9754992744346039
vn 0.11886079797071983 -0.22082500584197695 0.9680436082639329
vn 0.11949394615358047 -0.19647750041459655 0.9731997681172542
vn -0.13492818206831658 -0.24509530268538396 0.9600638928140666
vn -0.376298452034008 -0.2692783933919263 0.8865035938162193
vn -0.5891147803289165 -0.2904800107893045 0.7540325847931626
vn -0.7603969604432324 -0.30572419470426554 0.5730001564756522
vn -0.8790798417861666 -0.3179181863408279 0.35517130874968894
vn -0.9369164647721174 -0.33008118945928516 0.1150388908328883
vn -0.9304785723554523 -0.34221158075089475 -0.1307702580380318
vn -0.8607906881794419 -0.35430769794032324 -0.3653839710821912
vn -0.7332203108410194 -0.3663681818906385 -0.5728545461706199
vn -0.5570675658917126 -0.3783910975450402 -0.7392536129976927
vn -0.3448837872308683 -0.3903749776335147 -0.853617332381979
vn -0.1121997747303307 -0.3903750034480086 -0.9137935036064934
vn 0.36901973451015774 -0.1720623090432447 0.9133558985131477
vn 0.3631807124295038 -0.24509530294945825 0.8989038116457798
vn 0.5952244621237149 -0.1475885056191644 0.7898895319591446
vn 0.579585405100093 -0.26927839425201094 0.7691358167346126
vn 0.782020745840621 -0.12306500423165054 0.6109816345916977
vn 0.7540325847931624 -0.2904800107893046 0.5891147803289166
vn 0.9160284262620968 -0.09850063845646272 0.3888309999260033
vn 0.8764311852654741 -0.3057242034803906 0.3720229682431407
vn 0.9875600658226937 -0.0739037183438203 0.13879249550042125
vn 0.9388911195871478 -0.31791820259360676 0.1319525748897792
vn 0.9913400915984613 -0.04928254977392141 -0.12172121046611202
vn 0.9369164647721174 -0.33008118945928516 -0.11503889083288817
vn 0.9265489125087608 -0.03700198244060862 -0.3743500581331565
vn 0.8712031911189693 -0.34221161463687855 -0.3519889353257364
vn 0.7985747742756191 -0.01233533985042791 -0.6017691993459109
vn 0.7986203507575864 -0.006164626233831279 -0.6018035665723714
vn 0.7468271130229651 -0.35430770140663775 -0.5627746582582838
vn 0.57285454617062 -0.3663681818906386 -0.7332203108410192
vn 0.3895782909839645 0.07676085230055363 -0.9177889336596439
vn 0.3902989705552439 0.047019498515203983 -0.9194867483237025
vn 0.36167863493016583 -0.3783911043073831 -0.85206146328542
vn 0.13787372594321842 0.1363311001322572 -0.9810222560325851
vn 0.12813054948976732 -0.39037498050214015 -0.9116961867230793
vn -0.36736815746985685 0.19563270635828164 -0.909268101871025
vn -0.1195144734802902 0.19563270152816667 -0.973367421234921
vn -0.5961960444970179 0.1363310982595103 -0.7911789356229507
vn -0.7856857587510073 0.07676084949188483 -0.6138449808226324
vn -0.7871391830818407 0.047019498967858626 -0.6149805469883288
vn -0.9205048527130911 0 -0.39073113023107126
vn -0.9902492472631589 -0.006164625857956657 -0.13917049142249446
vn -0.9922446804129637 -0.02464528934446714 0.12183227776456844
vn -0.9260572128646377 -0.049282547011384514 0.3741513985827793
vn -0.796451538750436 -0.07390371649068161 0.6001692987073962
vn -0.6126675070413344 -0.09850064140697985 0.7841786463926251
vn -0.3877610313857134 -0.12306500110989053 0.9135077383583078
vn -0.13764897047442548 -0.14758850314782343 0.9794235011811365
vn 0.12005174156917262 -0.17206229673914117 0.9777433944481855
vn 0.1181521856000281 -0.24509528952584528 0.9622724978352954
vn -0.13403235891364873 -0.2692784039145599 0.9536899223276241
vn -0.37388322072898156 -0.2904799889706253 0.8808136654621957
vn -0.5861836629021289 -0.30572420302104136 0.7502808974202878
vn -0.7572008354080176 -0.31791819494704926 0.5705917245973781
vn -0.8752175511152287 -0.3300812182098902 0.35361084203533283
vn -0.9326191037835133 -0.34221159590966255 0.1145112696768242
vn -0.9260282877484098 -0.3543077130133815 -0.1301447455296444
vn -0.8565021169040468 -0.3663681845124716 -0.36356358056868454
vn -0.7294188368268795 -0.37839109552786937 -0.5698844964616433
vn -0.5540645398161677 -0.3903750034480085 -0.735268551211913
vn -0.34295233446914086 -0.4023179724578645 -0.848836819017389
vn -0.11157136041092412 -0.40231798057979656 -0.9086760005845044
vn 0.37050422059627564 -0.14758848946418981 0.9170301305289945
vn 0.36076951348584624 -0.2692784131032326 0.8929358848068492
vn 0.5972403929794728 -0.12306500092798262 0.792564772457318
vn 0.5758654150630735 -0.2904800057891368 0.7641991821318425
vn 0.7841786463926252 -0.09850064140697991 0.6126675070413344
vn 0.7502808974202876 -0.3057242030210414 0.586183662902129
vn 0.9179876227785745 -0.07390371835985328 0.3896626295116446
vn 0.8727473500572259 -0.3179182128230438 0.3704592729619437
vn 0.9890647646084281 -0.04928255080704897 0.13900403445952694
vn 0.9347660588256198 -0.3300812104236136 0.13137278939300961
vn 0.9918664455170443 -0.037001981180532766 -0.12178590906217342
vn 0.9326191037835133 -0.34221159590966255 -0.11451126967682407
vn 0.9271133121642062 -0.012335339649770434 -0.3745780903945666
vn 0.9271662374011606 -0.006164626373027518 -0.37459947357818807
vn 0.8670364187095259 -0.35430769160232733 -0.35030545000440644
vn 0.7431063670710009 -0.36636820147580207 -0.5599707743855256
vn 0.6138449808226324 0.07676084949188479 -0.7856857587510073
vn 0.6149805469883288 0.04701949896785859 -0.7871391830818407
vn 0.5698844964616435 -0.3783910955278694 -0.7294188368268794
vn 0.38708300198274964 0.13633110346096178 -0.9119104011936364
vn 0.35972893370130055 -0.390375013197459 -0.8474682550569133
vn 0.136483945898491 0.19563269654161244 -0.9711333484933133
vn 0.1274130099428742 -0.40231799550906 -0.9065904011111463
vn -0.36226814998648316 0.25453738395734915 -0.8966451403278334
vn -0.11785533542101352 0.25453738751209315 -0.9598545922541178
vn -0.590186306238049 0.19563270152816672 -0.7832036580748835
vn -0.7806533779433659 0.13633110013225724 -0.6099132189437615
vn -0.9177889336596489 0.07676085230055375 -0.3895782909839527
vn -0.9194867483237047 0.0470194985152041 -0.39029897055523854
vn -0.9925272890131205 -0.006164626233831119 0.1218670502952409
vn -0.926902231255234 -0.024645290046850066 0.37449280817203323
vn -0.7976650435455884 -0.04928254977392125 0.6010837783480734
vn -0.6139778947890849 -0.07390371834382015 0.7858558297329867
vn -0.38883099992602177 -0.09850063845646259 0.9160284262620889
vn -0.13811514422695437 -0.12306500423165045 0.9827406634858616
vn 0.1205347256575098 -0.14758850561916434 0.9816766335814309
vn 0.11736777991313446 -0.2692783942520109 0.9558838583360014
vn -0.13317213926337157 -0.2904800107893045 0.9475687545797734
vn -0.37202296824314796 -0.3057242034803904 0.8764311852654711
vn -0.5837197926802066 -0.31791820259360665 0.7471273118371643
vn -0.7538740332984367 -0.33008118945928494 0.5680848090589036
vn -0.871203191118969 -0.3422116146368784 0.3519889353257364
vn -0.9281585938420376 -0.35430770140663775 0.11396349152740408
vn -0.9214147006916534 -0.36636818189063847 -0.12949634993874903
vn -0.8520614632854253 -0.378391104307383 -0.36167863493015323
vn -0.7254867891649199 -0.39037498050214003 -0.5668123969578723
vn -0.5509616669527291 -0.4023179805797965 -0.7311507943310083
vn -0.3409585130709013 -0.4142183139857396 -0.8439019378596613
vn -0.11092275258330114 -0.41421829339484983 -0.9033932412722612
vn 0.37175906184970375 -0.12306499760373671 0.9201359716353992
vn 0.3584539544081692 -0.29047999470940444 0.8872046749441589
vn 0.5988883787729989 -0.09850064034489422 0.794751743390535
vn 0.5730001564756521 -0.3057241947042656 0.7603969604432326
vn 0.7858558297329865 -0.07390371834382016 0.6139778947890848
vn 0.7471273118371642 -0.3179182025936067 0.5837197926802066
vn 0.919386326034899 -0.049282548700383795 0.3902563438224226
vn 0.8689128916782938 -0.3300812120990681 0.368831641937722
vn 0.9895899230893398 -0.037001978229744194 0.13907781177139691
vn 0.9304785723554521 -0.3422115807508946 0.13077025803803194
vn 0.9925272890131205 -0.006164626233831173 -0.1218670502952409
vn 0.9924706305541253 -0.012335339850427804 -0.12186011192458086
vn 0.9281585938420376 -0.35430770140663775 -0.11396349152740391
vn 0.8627167199584397 -0.36636820702192796 -0.34856017843076836
vn 0.796279188524233 0.07676085011084174 -0.6000393535539567
vn 0.7977521916525808 0.04701949768900664 -0.6011494053482689
vn 0.7392536129976928 -0.37839109754504013 -0.5570675658917125
vn 0.6099132189437616 0.13633110013225722 -0.7806533779433659
vn 0.5668123969578724 -0.3903749805021401 -0.7254867891649198
vn 0.3831811253742079 0.19563270682629966 -0.9027181560026198
vn 0.3577143457804234 -0.4023179942432568 -0.8427221833623263
vn 0.13458916330785534 0.2545373900877262 -0.9576515410980239
vn 0.1266722201386451 -0.4142183037766848 -0.901319779801549
vn -0.35579545750986796 0.3129054062229627 -0.8806246641854782
vn -0.11574964571667837 0.31290539894013464 -0.9427047421279785
vn -0.581992990559395 0.2545373875120932 -0.7723308082021915
vn -0.7727842414698938 0.19563269654161253 -0.603765156480281
vn -0.9119104011936413 0.1363311034609619 -0.387083001982738
vn -0.987346314285513 0.07676084949188494 -0.1387624864727391
vn -0.9891728056006872 0.04701949896785874 -0.13901916190538932
vn -0.9271662374011606 -0.0061646263730273515 0.37459947357818807
vn -0.7983929041134338 -0.024645289344467032 0.6016322634088408
vn -0.6149133372090956 -0.049282550807048825 0.7870532497285834
vn -0.38966262951164976 -0.07390371835985315 0.9179876227785723
vn -0.1384963025807797 -0.09850064140697981 0.9854523823168051
vn 0.12094296455069703 -0.12306500092798257 0.9850014237920087
vn 0.11661444227813236 -0.29048000578913674 0.9497486183664092
vn -0.13250952645510886 -0.3057242030210413 0.9428541441208136
vn -0.37045927296195325 -0.31791821282304356 0.8727473500572218
vn -0.5811552251316032 -0.3300812104236135 0.7438447410767369
vn -0.750416254040559 -0.3422115959096623 0.5654791501874291
vn -0.8670364187095259 -0.3543076916023272 0.35030545000440655
vn -0.9235343717876857 -0.36636820147580196 0.11339578949022348
vn -0.9166374999855385 -0.3783910955278693 -0.12882496825336584
vn -0.8474682550569164 -0.3903750131974589 -0.3597289337012934
vn -0.7214238577094373 -0.4023179955090598 -0.5636380469922212
vn -0.5477585234186659 -0.4142182933948498 -0.7269001344333765
vn -0.3389021588719509 -0.42607426734220755 -0.8388122825881439
vn -0.11025373530476973 -0.42607427644252865 -0.8979447782605129
vn 0.37278487507886204 -0.09850064135503012 0.9226749484867816
vn 0.35667047177196026 -0.305724194923673 0.8827904004939334
vn 0.6001692987073962 -0.07390371649068157 0.7964515387504358
vn 0.5705917245973781 -0.3179181949470493 0.7572008354080177
vn 0.7870532497285834 -0.04928255080704886 0.6149133372090955
vn 0.7438447410767368 -0.33008121042361355 0.5811552251316033
vn 0.9198744838765703 -0.03700197959259281 0.39046355453363707
vn 0.8649274510149508 -0.3422116035647871 0.3671399227357285
vn 0.9902492472631589 -0.006164625857956595 0.13917049142249446
vn 0.9901927332670688 -0.012335340234233218 0.13916246033466448
vn 0.9260282877484098 -0.3543077130133814 0.13014474552964456
vn 0.9235343717876857 -0.36636820147580196 -0.11339578949022332
vn 0.924448230335263 0.0767608482556311 -0.3735013274475429
vn 0.9261583636594667 0.04701949991581668 -0.37419226615643164
vn 0.8582438498864795 -0.3783911152824891 -0.3467530216267884
vn 0.7911789356229507 0.13633109825951034 -0.5961960444970179
vn 0.7352685512119131 -0.39037500344800846 -0.5540645398161675
vn 0.603765156480281 0.1956326965416125 -0.7727842414698938
vn 0.5636380469922213 -0.40231799550905983 -0.7214238577094372
vn 0.3778615912327427 0.25453740678528913 -0.8901861189762957
vn 0.3556347045463681 -0.4142183234051333 -0.8378228556667917
vn 0.13218439900802254 0.3129053911371191 -0.9405410681390868
vn 0.1259082959686843 -0.4260742910817306 -0.8958838091434976
vn -0.34793445086115393 0.3705823945218811 -0.8611679898686296
vn -0.11319217027440756 0.3705823813868948 -0.9218764728499084
vn -0.5715944100808695 0.3129053989401348 -0.7585315034185581
vn -0.7620559986151273 0.25453739008772636 -0.595383382386534
vn -0.9027181560026242 0.19563270682629977 -0.38318112537419763
vn -0.9810222560325851 0.13633110013225738 -0.1378737259432184
vn -0.9896176724977529 0.07676085011084188 0.12150981100467197
vn -0.9914483690454094 0.047019497689006796 0.12173454051447684
vn -0.7986203507575864 -0.006164626233831012 0.6018035665723714
vn -0.6154744584249819 -0.024645290944013517 0.7877714139652188
vn -0.39025634382243257 -0.04928254870038366 0.9193863260348946
vn -0.13879249550042128 -0.0739037183438201 0.9875600658226937
vn 0.12127670043344478 -0.09850064034489418 0.9877193861535889
vn 0.11603429171387634 -0.30572419470426554 0.9450231531126038
vn -0.13195257488977916 -0.31791820259360654 0.9388911195871477
vn -0.3688316419377303 -0.3300812120990679 0.8689128916782901
vn -0.5784896189064858 -0.3422115807508945 0.7404329779375056
vn -0.7468271130229651 -0.35430770140663753 0.562774658258284
vn -0.8627167199584397 -0.36636820702192785 0.3485601784307685
vn -0.9187461943581984 -0.37839109754504 0.11280783506028161
vn -0.9116961867230794 -0.39037498050214 -0.12813054948976718
vn -0.8427221833623315 -0.4023179942432568 -0.35771434578041156
vn -0.7172296969217399 -0.41421830377668467 -0.5603612751341008
vn -0.5444549537535718 -0.4260742764425286 -0.7225160996733373
vn -0.3342215222975792 -0.45165359223998786 -0.8272273004741827
vn -0.10873104370686731 -0.4516536076469536 -0.8855430982362783
vn 0.37358218533131404 -0.07390372117225699 0.9246483606214705
vn 0.3551713087496889 -0.3179181863408278 0.8790798417861667
vn 0.6010837783480734 -0.0492825497739212 0.7976650435455883
vn 0.5680848090589036 -0.330081189459285 0.7538740332984369
vn 0.7874711264187206 -0.03700197822974408 0.6152398545802416
vn 0.7404329779375055 -0.34221158075089453 0.5784896189064859
vn 0.9204873617519082 -0.006164625970627591 0.3907237057584991
vn 0.920434817755665 -0.012335340166786234 0.3907014021552332
vn 0.8607906881794408 -0.35430769794032313 0.3653839710821938
vn 0.9214147006916534 -0.36636818189063836 0.1294963499387492
vn 0.9896176724977529 0.07676085011084183 -0.121509811004672
vn 0.9914483690454094 0.04701949768900674 -0.12173454051447687
vn 0.9187461943581984 -0.37839109754504 -0.11280783506028144
vn 0.9185270456305966 0.13633109148569386 -0.37110901355187687
vn 0.8536173323819791 -0.3903749776335146 -0.3448837872308682
vn 0.7832036580748835 0.19563270152816672 -0.590186306238049
vn 0.7311507943310084 -0.40231798057979645 -0.550961666952729
vn 0.595383382386534 0.2545373900877263 -0.7620559986151274
vn 0.560361275134101 -0.4142183037766847 -0.7172296969217398
vn 0.37111029204356555 0.31290539815562457 -0.8742810548927669
vn 0.3534898345592401 -0.4260742885589235 -0.832769858659815
vn 0.1292639400476565 0.37058240598904396 -0.919760574375053
vn 0.12416934980947976 -0.45165361328290904 -0.8835106033185925
vn -0.33866845648896626 0.4273964098535294 -0.8382338488892553
vn -0.11017774414275691 0.42739638516708583 -0.8973255789521
vn -0.558965572422122 0.3705823813868948 -0.7417723285836614
vn -0.748440222720644 0.31290539113711924 -0.584745627782884
vn -0.8901861189762988 0.2545374067852893 -0.37786159123273577
vn -0.9711333484933133 0.19563269654161264 -0.136483945898491
vn -0.9832790707844594 0.1363310982595105 0.12073152282898465
vn -0.924448230335263 0.07676084825563127 0.3735013274475429
vn -0.9261583636594667 0.047019499915816845 0.37419226615643164
vn -0.6156497520063745 -0.006164625857956451 0.7879957996350747
vn -0.430658331565876 -0.028731460200310192 0.902057594972546
vn -0.139004034459527 -0.049282550807048776 0.9890647646084281
vn 0.12153606081041328 -0.07390371649068155 0.989831918363695
vn 0.11554655762661016 -0.31791819494704926 0.9410510158021459
vn -0.13137278939300956 -0.3300812104236134 0.9347660588256197
vn -0.36713992273573937 -0.34221160356478697 0.8649274510149463
vn -0.5757228695521818 -0.35430771301338115 0.7368915944518766
vn -0.7431063670710009 -0.36636820147580185 0.5599707743855258
vn -0.8582438498864795 -0.378391115282489 0.3467530216267886
vn -0.9137935036064935 -0.39037500344800835 0.11219977473033085
vn -0.9065904011111462 -0.4023179955090597 -0.12741300994287402
vn -0.8378228556667953 -0.41421832340513326 -0.35563470454636004
vn -0.7129040333554515 -0.4260742910817305 -0.5569816313889804
vn -0.5369353556247597 -0.45165360764695356 -0.7125373271482726
vn -0.3233429945151136 -0.5049415985326602 -0.8003019992285918
vn -0.10519197382620599 -0.5049415762024098 -0.856719705192295
vn 0.3741513985827793 -0.04928254701138439 0.9260572128646377
vn 0.3536108420353327 -0.33008121820989006 0.8752175511152287
vn 0.601402874226665 -0.037001981180532564 0.7980886142908079
vn 0.565479150187429 -0.34221159590966227 0.750416254040559
vn 0.7879957996350748 -0.0061646258579564905 0.6156497520063746
vn 0.7879507646336594 -0.012335340234233116 0.6156146781019254
vn 0.7368915944518767 -0.3543077130133813 0.5757228695521819
vn 0.9205048527130909 0 0.3907311302310717
vn 0.8565021169040472 -0.3663681845124715 0.3635635805686836
vn 0.987346314285513 0.076760849491885 0.13876248647273903
vn 0.9891728056006872 0.04701949896785879 0.13901916190538932
vn 0.9166374999855385 -0.3783910955278692 0.128824968253366
vn 0.9832790707844594 0.13633109825951045 -0.12073152282898471
vn 0.9137935036064935 -0.39037500344800835 -0.11219977473033069
vn 0.909268101871025 0.19563270635828175 -0.36736815746985696
vn 0.8488368190173892 -0.4023179724578644 -0.3429523344691408
vn 0.7723308082021915 0.25453738751209326 -0.5819929905593951
vn 0.7269001344333768 -0.4142182933948497 -0.5477585234186658
vn 0.584745627782884 0.3129053911371192 -0.7484402227206441
vn 0.5569816313889805 -0.42607429108173056 -0.7129040333554514
vn 0.3629109154248489 0.37058239670096854 -0.8549645341889126
vn 0.34860772928142186 -0.45165359037656455 -0.8212683394513693
vn 0.1258214108190355 0.427396390866098 -0.8952660485320223
vn 0.12012773067931673 -0.5049415810182896 -0.8547533726640613
vn -0.3279811621653163 0.48315479669292394 -0.8117818670660906
vn -0.10670089332016962 0.4831547943702249 -0.8690088400250847
vn -0.5440794852401954 0.4273963851670859 -0.7220178970682598
vn -0.7319040764686331 0.3705824059890441 -0.5718261127475456
vn -0.8742810548927723 0.31290539815562474 -0.3711102920435531
vn -0.957651541098024 0.2545373900877264 -0.13458916330785536
vn -0.9733674212349209 0.1956327015281669 0.11951447348029019
vn -0.9185270456305968 0.13633109148569406 0.3711090135518768
vn -0.7977521916525808 0.0470194976890069 0.6011494053482689
vn -0.796279188524233 0.07676085011084202 0.6000393535539567
vn -0.507528928842107 -0.006111889206459811 0.8616130402905421
vn -0.13907781177139697 -0.037001978229744 0.9895899230893398
vn 0.12172121046611198 -0.04928254977392116 0.9913400915984613
vn 0.1150388908328882 -0.33008118945928494 0.9369164647721175
vn -0.1307702580380319 -0.3422115807508944 0.9304785723554522
vn -0.3653839710821985 -0.354307697940323 0.8607906881794389
vn -0.57285454617062 -0.36636818189063824 0.7332203108410195
vn -0.7392536129976928 -0.3783910975450399 0.5570675658917127
vn -0.8536173323819791 -0.3903749776335145 0.34488378723086843
vn -0.9086760005845045 -0.40231798057979634 0.11157136041092422
vn -0.9013197798015491 -0.4142183037766846 -0.12667222013864496
vn -0.8327698586598192 -0.4260742885589234 -0.3534898345592301
vn -0.7030579892059193 -0.45165361328290893 -0.5492890654493514
vn -0.5194587382908362 -0.5049415762024096 -0.6893450687685514
vn -0.30756675454969656 -0.5708715940293355 -0.7612544348811193
vn -0.10005956313222018 -0.5708716075166338 -0.814919438691435
vn 0.3743500581331565 -0.03700198244060833 0.9265489125087608
vn 0.35198893532573633 -0.34221161463687827 0.8712031911189692
vn 0.6018035665723714 -0.006164626233830969 0.7986203507575864
vn 0.6017691993459109 -0.012335339850427599 0.7985747742756191
vn 0.5627746582582839 -0.3543077014066375 0.7468271130229651
vn 0.7332203108410194 -0.3663681818906383 0.5728545461706201
vn 0.9177889336596482 0.07676085230055392 0.3895782909839544
vn 0.9194867483237059 0.04701949851520427 0.3902989705552356
vn 0.8520614632854234 -0.3783911043073829 0.3616786349301579
vn 0.9810222560325851 0.13633110013225744 0.13787372594321834
vn 0.9116961867230794 -0.39037498050213987 0.12813054948976735
vn 0.9733674212349209 0.19563270152816684 -0.11951447348029028
vn 0.9086760005845045 -0.40231798057979634 -0.11157136041092405
vn 0.8966451403278333 0.2545373839573493 -0.36226814998648327
vn 0.8439019378596613 -0.4142183139857394 -0.3409585130709012
vn 0.758531503418558 0.31290539894013486 -0.5715944100808696
vn 0.7225160996733375 -0.42607427644252854 -0.5444549537535717
vn 0.5718261127475456 0.370582405989044 -0.7319040764686332
vn 0.5492890654493516 -0.451653613282909 -0.7030579892059193
vn 0.3532460763255746 0.42739641140615586 -0.8321956002513629
vn 0.3372609456024215 -0.5049416028134365 -0.7945369924173187
vn 0.12185092807908439 0.48315480684703344 -0.8670142928157942
vn 0.11426660978095128 -0.5708716075106197 -0.8130490450319764
vn -0.31585814777136567 0.5376424125992081 -0.7817763533523796
vn -0.10275695300914824 0.5376423979341751 -0.8368880812581009
vn -0.5269100627831963 0.4831547943702249 -0.6992333161505347
vn -0.7124124008310025 0.427396390866098 -0.5565976070886762
vn -0.8549645341889144 0.37058239670096865 -0.36291091542484444
vn -0.9405410681390867 0.3129053911371193 -0.13218439900802254
vn -0.9598545922541177 0.25453738751209337 0.11785533542101352
vn -0.909268101871025 0.19563270635828192 0.36736815746985685
vn -0.7911789356229507 0.13633109825951062 0.5961960444970179
vn -0.6149805469883288 0.04701949896785894 0.7871391830818407
vn -0.6138449808226324 0.07676084949188515 0.7856857587510073
vn 0.12178590906217338 -0.037001981180532516 0.9918664455170442
vn 0.1145112696768241 -0.3422115959096623 0.9326191037835134
vn -0.13014474552964453 -0.3543077130133812 0.92602828774841
vn -0.3635635805686969 -0.3663681845124714 0.8565021169040417
vn -0.5698844964616435 -0.3783910955278691 0.7294188368268796
vn -0.7352685512119131 -0.39037500344800824 0.5540645398161678
vn -0.8488368190173892 -0.40231797245786427 0.34295233446914103
vn -0.9033932412722613 -0.4142182933948496 0.11092275258330131
vn -0.8958838091434977 -0.42607429108173045 -0.12590829596868416
vn -0.8212683394513716 -0.45165359037656444 -0.34860772928141665
vn -0.6801742407900536 -0.5049415810182896 -0.5314103893644011
vn -0.49411378068975004 -0.5708716075166338 -0.6557112012645934
vn -0.2896088624513785 -0.6342825077680375 -0.7168070919913587
vn -0.09421737928210731 -0.634282500431428 -0.7673387746541075
vn 0.4924143207950216 -0.006111888934070845 0.870339463364517
vn 0.49238672851640725 -0.012229820046473714 0.8702906072585989
vn 0.35030545000440644 -0.3543076916023271 0.867036418709526
vn 0.5599707743855257 -0.3663682014758018 0.7431063670710009
vn 0.7856857587510073 0.07676084949188511 0.6138449808226324
vn 0.7871391830818407 0.047019498967858904 0.6149805469883288
vn 0.7294188368268795 -0.37839109552786915 0.5698844964616435
vn 0.911910401193642 0.13633110346096206 0.3870830019827364
vn 0.8474682550569167 -0.39037501319745865 0.35972893370129216
vn 0.9711333484933133 0.1956326965416127 0.1364839458984909
vn 0.9065904011111464 -0.4023179955090597 0.12741300994287422
vn 0.9598545922541177 0.25453738751209337 -0.11785533542101363
vn 0.9033932412722613 -0.4142182933948496 -0.11092275258330112
vn 0.8806246641854781 0.31290540622296287 -0.3557954575098681
vn 0.8388122825881439 -0.4260742673422073 -0.33890215887195085
vn 0.7417723285836614 0.37058238138689487 -0.5589655724221221
vn 0.7125373271482728 -0.4516536076469535 -0.5369353556247596
vn 0.5565976070886761 0.42739639086609793 -0.7124124008310028
vn 0.5314103893644013 -0.5049415810182896 -0.6801742407900535
vn 0.34209875465768963 0.4831548176579225 -0.8059341562656329
vn 0.32080562749671965 -0.5708716227635908 -0.755770692531604
vn 0.11734700574533241 0.5376424203022508 -0.834967249737463
vn 0.10759494589100267 -0.6342825381358824 -0.7655775528544546
vn -0.3022888870503546 0.5906194000222462 -0.7481912543482581
vn -0.09834248200031122 0.5906194167626541 -0.8009353661669343
vn -0.5074341421739048 0.5376423979341752 -0.6733878847290194
vn -0.6899309560476292 0.4831548068470335 -0.5390331237575388
vn -0.8321956002513681 0.427396411406156 -0.3532460763255621
vn -0.9197605743750529 0.37058240598904413 -0.12926394004765654
vn -0.9427047421279786 0.31290539894013497 0.11574964571667831
vn -0.8966451403278333 0.25453738395734943 0.36226814998648316
vn -0.7832036580748835 0.195632701528167 0.590186306238049
vn -0.6099132189437616 0.13633110013225755 0.7806533779433659
vn -0.39029897055524354 0.047019498515204386 0.9194867483237026
vn -0.38957829098396496 0.07676085230055404 0.9177889336596438
vn 0.11396349152740394 -0.3543077014066374 0.9281585938420375
vn -0.12949634993874917 -0.3663681818906382 0.9214147006916535
vn -0.3616786349301654 -0.37839110430738276 0.8520614632854203
vn -0.5668123969578724 -0.39037498050213976 0.72548678916492
vn -0.7311507943310084 -0.40231798057979623 0.5509616669527292
vn -0.8439019378596613 -0.4142183139857393 0.3409585130709014
vn -0.8979447782605128 -0.4260742764425283 0.11025373530476987
vn -0.8835106033185928 -0.4516536132829088 -0.12416934980947959
vn -0.7945369924173284 -0.5049416028134364 -0.3372609456023985
vn -0.6469878430773938 -0.5708716075106196 -0.5054822832190092
vn -0.4652639896533921 -0.6342825004314279 -0.6174262138735801
vn -0.0876663356386661 -0.6946508956915081 -0.7139851165890464
vn -0.26947212044307245 -0.6946509355054518 -0.6669669063044397
vn 0.4924235571392061 0 0.870355697616998
vn 0.34856017843076836 -0.36636820702192774 0.8627167199584397
vn 0.6000393535539565 0.07676085011084204 0.7962791885242329
vn 0.6011494053482689 0.047019497689006956 0.7977521916525809
vn 0.5570675658917126 -0.37839109754503986 0.7392536129976929
vn 0.7806533779433659 0.13633110013225752 0.6099132189437615
vn 0.7254867891649199 -0.3903749805021398 0.5668123969578726
vn 0.9027181560026227 0.19563270682629993 0.38318112537420096
vn 0.8427221833623311 -0.4023179942432566 0.3577143457804125
vn 0.9576515410980238 0.25453739008772647 0.13458916330785523
vn 0.9013197798015491 -0.4142183037766845 0.12667222013864513
vn 0.9427047421279786 0.31290539894013497 -0.11574964571667845
vn 0.8979447782605128 -0.4260742764425283 -0.11025373530476967
vn 0.8611679898686295 0.3705823945218812 -0.347934450861154
vn 0.8272273004741828 -0.4516535922399877 -0.33422152229757907
vn 0.7220178970682597 0.42739638516708595 -0.5440794852401956
vn 0.6893450687685515 -0.5049415762024096 -0.5194587382908362
vn 0.5390331237575388 0.48315480684703344 -0.6899309560476293
vn 0.5054822832190095 -0.5708716075106196 -0.6469878430773937
vn 0.3294539299942242 0.5376423831000549 -0.7761448163235097
vn 0.30207475874372486 -0.6342825273421208 -0.7116435312980874
vn 0.11230576875888751 0.5906193973368119 -0.799097079079242
vn 0.10011374404641252 -0.6946509283845461 -0.7123463525192628
vn -0.287268861687413 0.6418206297658696 -0.7110153868319309
vn -0.09345610831931325 0.6418206255135604 -0.7611387787277631
vn -0.4856347924986752 0.5906194167626542 -0.6444591165137717
vn -0.6644293588079057 0.537642420302251 -0.5191090974406566
vn -0.805934156265637 0.4831548176579226 -0.3420987546576796
vn -0.8952660485320221 0.42739639086609804 -0.1258214108190355
vn -0.9218764728499083 0.37058238138689503 0.11319217027440752
vn -0.8806246641854781 0.312905406222963 0.35579545750986796
vn -0.7723308082021915 0.2545373875120935 0.5819929905593949
vn -0.603765156480281 0.19563269654161283 0.7727842414698938
vn -0.387083001982747 0.13633110346096217 0.9119104011936375
vn -0.13876248647273906 0.07676084949188519 0.987346314285513
vn -0.13901916190538932 0.04701949896785897 0.989172805600687
vn 0.11339578949022336 -0.36636820147580174 0.9235343717876858
vn -0.12882496825336598 -0.37839109552786904 0.9166374999855386
vn -0.35972893370130016 -0.39037501319745854 0.8474682550569134
vn -0.5636380469922213 -0.4023179955090595 0.7214238577094374
vn -0.7269001344333768 -0.4142182933948495 0.547758523418666
vn -0.8388122825881439 -0.4260742673422072 0.3389021588719511
vn -0.8855430982362784 -0.4516536076469534 0.10873104370686748
vn -0.8547533726640615 -0.5049415810182895 -0.12012773067931658
vn -0.7557706925316063 -0.5708716227635907 -0.32080562749671415
vn -0.6092121804192697 -0.6342825381358824 -0.47596867653733504
vn -0.43291385107283953 -0.6946508956915081 -0.5744960667091366
vn -0.08041522688293402 -0.7513995111136685 -0.6549291305045959
vn -0.24718324927926402 -0.7513994837198783 -0.6118000140088634
vn 0.3735013274475429 0.0767608482556314 0.924448230335263
vn 0.3741922661564316 0.04701949991581697 0.9261583636594667
vn 0.3467530216267885 -0.37839111528248887 0.8582438498864796
vn 0.5961960444970179 0.13633109825951065 0.7911789356229507
vn 0.5540645398161677 -0.3903750034480082 0.7352685512119133
vn 0.7727842414698938 0.1956326965416128 0.603765156480281
vn 0.7214238577094373 -0.40231799550905956 0.5636380469922214
vn 0.8901861189762994 0.2545374067852895 0.3778615912327342
vn 0.8378228556667957 -0.4142183234051331 0.35563470454635887
vn 0.9405410681390867 0.3129053911371194 0.13218439900802242
vn 0.8958838091434977 -0.42607429108173034 0.12590829596868433
vn 0.9218764728499083 0.37058238138689503 -0.11319217027440769
vn 0.8855430982362785 -0.45165360764695345 -0.1087310437068673
vn 0.8382338488892552 0.4273964098535295 -0.3386684564889664
vn 0.8003019992285919 -0.5049415985326601 -0.32334299451511356
vn 0.6992333161505346 0.48315479437022496 -0.5269100627831964
vn 0.6557112012645935 -0.5708716075166338 -0.49411378068975
vn 0.5191090974406565 0.5376424203022508 -0.6644293588079057
vn 0.4759686765373352 -0.6342825381358823 -0.6092121804192695
vn 0.315300593293998 0.5906193803339228 -0.7428016447494081
vn 0.28107126969477403 -0.694650906018567 -0.6621624121918664
vn 0.1067256029508072 0.6418205920842301 -0.7593918443408744
vn 0.09183304652282165 -0.7513994965729156 -0.6534259622300801
vn -0.08941196043263808 0.6795050156869803 -0.7282021937537877
vn -0.2748379341528987 0.6795050353984035 -0.6802477613478647
vn -0.4615047231076046 0.6418206255135606 -0.6124374867811041
vn -0.6358854821874871 0.590619397336812 -0.49680819340333743
vn -0.7761448163235131 0.537642383100055 -0.3294539299942163
vn -0.8670142928157941 0.4831548068470336 -0.12185092807908446
vn -0.8973255789520999 0.42739638516708606 0.1101777441427568
vn -0.8611679898686293 0.37058239452188124 0.3479344508611538
vn -0.758531503418558 0.3129053989401351 0.5715944100808694
vn -0.595383382386534 0.25453739008772663 0.7620559986151272
vn -0.38318112537420984 0.19563270682630005 0.902718156002619
vn -0.13787372594321842 0.13633110013225763 0.9810222560325851
vn 0.12150981100467192 0.07676085011084208 0.9896176724977529
vn 0.12173454051447682 0.047019497689007 0.9914483690454096
vn 0.11280783506028148 -0.3783910975450398 0.9187461943581985
vn -0.12813054948976732 -0.3903749805021397 0.9116961867230795
vn -0.357714345780425 -0.4023179942432565 0.8427221833623258
vn -0.5603612751341008 -0.4142183037766843 0.7172296969217399
vn -0.7225160996733375 -0.4260742764425283 0.5444549537535719
vn -0.8272273004741828 -0.4516535922399876 0.3342215222975793
vn -0.8567197051922952 -0.5049415762024095 0.10519197382620611
vn -0.8130490450319765 -0.5708716075106195 -0.11426660978095109
vn -0.7116435312980885 -0.6342825273421208 -0.30207475874372225
vn -0.5668531554209121 -0.6946509283845461 -0.44287423483856403
vn -0.3971061273179784 -0.7513995111136684 -0.5269777019425558
vn -0.07248263383463259 -0.8039055104140844 -0.5903238078531687
vn -0.22279989688179114 -0.8039055277031025 -0.5514490987188749
vn 0.37110901355187675 0.13633109148569414 0.9185270456305966
vn 0.3448837872308683 -0.39037497763351436 0.8536173323819792
vn 0.590186306238049 0.19563270152816706 0.7832036580748835
vn 0.5509616669527291 -0.4023179805797962 0.7311507943310085
vn 0.7620559986151273 0.2545373900877266 0.5953833823865338
vn 0.7172296969217398 -0.41421830377668434 0.560361275134101
vn 0.8742810548927723 0.31290539815562485 0.3711102920435531
vn 0.8327698586598177 -0.42607428855892326 0.35348983455923405
vn 0.9197605743750529 0.37058240598904424 0.12926394004765637
vn 0.8835106033185928 -0.4516536132829088 0.12416934980947979
vn 0.8973255789520999 0.42739638516708606 -0.110177744142757
vn 0.8567197051922952 -0.5049415762024095 -0.10519197382620589
vn 0.8117818670660905 0.48315479669292405 -0.3279811621653164
vn 0.7612544348811194 -0.5708715940293354 -0.30756675454969645
vn 0.6733878847290194 0.5376423979341752 -0.5074341421739049
vn 0.6174262138735802 -0.6342825004314279 -0.465263989653392
vn 0.49680819340333743 0.590619397336812 -0.6358854821874872
vn 0.4428742348385642 -0.6946509283845461 -0.566853155420912
vn 0.2996340480954871 0.6418206093955857 -0.7058935773733815
vn 0.25782296871671356 -0.7513995245292614 -0.6073928476194795
vn 0.10210723327172783 0.6795050211516822 -0.7265308246339205
vn 0.08277414089459419 -0.8039054901856715 -0.5889689333475043
vn -0.08794755207875635 0.6922529972913253 -0.7162757959225837
vn -0.2703366881588774 0.6922529763680452 -0.6691067865033746
vn -0.4415341652947342 0.6795050156869803 -0.5859355890656572
vn -0.6042898732606194 0.6418205920842303 -0.47212294654180126
vn -0.7428016447494113 0.5906193803339228 -0.3153005932939902
vn -0.8349672497374627 0.537642420302251 -0.11734700574533247
vn -0.8690088400250847 0.4831547943702252 0.10670089332016952
vn -0.8382338488892552 0.4273964098535296 0.33866845648896615
vn -0.7417723285836614 0.3705823813868951 0.5589655724221219
vn -0.584745627782884 0.3129053911371195 0.7484402227206439
vn -0.377861591232743 0.2545374067852896 0.8901861189762954
vn -0.136483945898491 0.1956326965416129 0.9711333484933133
vn 0.12073152282898462 0.1363310982595107 0.9832790707844594
vn 0.11219977473033073 -0.39037500344800813 0.9137935036064936
vn -0.12741300994287416 -0.40231799550905945 0.9065904011111463
vn -0.35563470454636925 -0.414218323405133 0.8378228556667914
vn -0.5569816313889805 -0.4260742910817302 0.7129040333554516
vn -0.7125373271482728 -0.4516536076469533 0.5369353556247598
vn -0.800301999228592 -0.50494159853266 0.32334299451511384
vn -0.8149194386914351 -0.5708716075166336 0.10005956313222032
vn -0.7655775528544547 -0.6342825381358822 -0.10759494589100246
vn -0.66216241219187 -0.694650906018567 -0.28107126969476565
vn -0.5199669779511656 -0.7513994965729158 -0.4062427087226316
vn -0.35793372925822214 -0.8039055104140844 -0.4749940797369711
vn -0.06389986146555661 -0.851514511087325 -0.5204227561438839
vn -0.1964178528626362 -0.8515145278273563 -0.48615124804507737
vn 0.36736815746985685 0.19563270635828203 0.909268101871025
vn 0.34295233446914086 -0.40231797245786416 0.8488368190173893
vn 0.5819929905593951 0.2545373875120936 0.7723308082021915
vn 0.5477585234186659 -0.41421829339484945 0.7269001344333768
vn 0.748440222720644 0.31290539113711946 0.5847456277828837
vn 0.7129040333554515 -0.4260742910817303 0.5569816313889806
vn 0.8549645341889149 0.37058239670096876 0.36291091542484294
vn 0.8212683394513738 -0.4516535903765642 0.3486077292814113
vn 0.8952660485320221 0.42739639086609815 0.12582141081903533
vn 0.8547533726640614 -0.5049415810182893 0.12012773067931677
vn 0.8690088400250846 0.48315479437022507 -0.10670089332016972
vn 0.8149194386914353 -0.5708716075166337 -0.10005956313222009
vn 0.7817763533523795 0.5376424125992082 -0.31585814777136584
vn 0.7168070919913587 -0.6342825077680374 -0.28960886245137835
vn 0.6444591165137715 0.5906194167626541 -0.48563479249867525
vn 0.5744960667091368 -0.6946508956915081 -0.43291385107283936
vn 0.4721229465418012 0.6418205920842303 -0.6042898732606196
vn 0.40624270872263174 -0.7513994965729158 -0.5199669779511655
vn 0.28666803741776364 0.6795050369222888 -0.6753475706036755
vn 0.2323901073083362 -0.8039054745767539 -0.5474767812161027
vn 0.1004349796007526 0.6922530019574568 -0.7146317906121208
vn 0.07297274292687553 -0.8515144986580359 -0.5192283094794449
vn -0.2932817058765154 0.6221401548572022 -0.7258976985170966
vn -0.29994579935300614 0.5990715910952094 -0.742391908760555
vn -0.09541217798213143 0.6221401862938954 -0.7770702058957756
vn -0.09758020621857137 0.5990716092212081 -0.7947271924248304
vn -0.4343028004610769 0.6922529972913253 -0.5763391928828391
vn -0.5781405138138432 0.6795050211516822 -0.45169289624336245
vn -0.7058935773733847 0.6418206093955857 -0.2996340480954797
vn -0.7990970790792419 0.5906193973368121 -0.11230576875888759
vn -0.8368880812581008 0.5376423979341753 0.10275695300914815
vn -0.8117818670660905 0.48315479669292416 0.3279811621653162
vn -0.7220178970682597 0.42739638516708617 0.5440794852401953
vn -0.5718261127475456 0.37058240598904435 0.731904076468633
vn -0.3711102920435649 0.31290539815562496 0.8742810548927672
vn -0.13458916330785536 0.2545373900877267 0.9576515410980239
vn 0.1195144734802902 0.1956327015281671 0.973367421234921
vn 0.11157136041092415 -0.4023179805797961 0.9086760005845046
vn -0.1266722201386451 -0.41421830377668434 0.9013197798015492
vn -0.35348983455924204 -0.42607428855892315 0.8327698586598145
vn -0.5492890654493515 -0.45165361328290854 0.7030579892059194
vn -0.6893450687685514 -0.5049415762024093 0.5194587382908363
vn -0.7612544348811194 -0.5708715940293352 0.3075667545496967
vn -0.7673387746541076 -0.6342825004314278 0.09421737928210752
vn -0.7123463525192629 -0.694650928384546 -0.10011374404641235
vn -0.6073928476194802 -0.7513995245292614 -0.2578229687167119
vn -0.46867493208872757 -0.8039054901856715 -0.36616904686355173
vn -0.31555030855965815 -0.851514511087325 -0.4187493763286322
vn -0.05471221528130836 -0.8935608560041823 -0.4455957474169661
vn -0.16817666132558665 -0.8935608605359162 -0.41625184576610846
vn 0.36226814998648316 0.2545373839573496 0.8966451403278332
vn 0.34095851307090125 -0.41421831398573916 0.8439019378596613
vn 0.5715944100808695 0.31290539894013514 0.7585315034185579
vn 0.5444549537535718 -0.42607427644252827 0.7225160996733375
vn 0.7319040764686331 0.3705824059890443 0.5718261127475454
vn 0.7030579892059193 -0.4516536132829087 0.5492890654493516
vn 0.8321956002513671 0.4273964114061562 0.35324607632556493
vn 0.7945369924173249 -0.5049416028134361 0.33726094560240716
vn 0.8670142928157941 0.4831548068470336 0.12185092807908424
vn 0.8130490450319765 -0.5708716075106195 0.11426660978095134
vn 0.8368880812581008 0.5376423979341753 -0.1027569530091484
vn 0.7673387746541077 -0.6342825004314279 -0.09421737928210727
vn 0.7481912543482581 0.5906194000222462 -0.30228888705035484
vn 0.6669669063044397 -0.6946509355054516 -0.2694721204430723
vn 0.612437486781104 0.6418206255135606 -0.46150472310760476
vn 0.526977701942556 -0.7513995111136685 -0.39710612731797834
vn 0.4516928962433623 0.6795050211516822 -0.5781405138138433
vn 0.3661690468635519 -0.8039054901856715 -0.4686749320887274
vn 0.28197303364768345 0.6922529951138434 -0.6642868349225621
vn 0.20487245074800317 -0.851514524236945 -0.4826492452475568
vn 0.10895948468833998 0.622140195474059 -0.7752866617399985
vn 0.11143532727634187 0.599071567229514 -0.792903162543818
vn 0.06248064178618337 -0.8935608430605126 -0.44457304141273885
vn -0.31308778377837526 0.5490681809632696 -0.7749194618167953
vn -0.10185567711697867 0.5490681887505385 -0.829547795573736
vn -0.4818705679710031 0.5990716092212082 -0.6394638087870299
vn -0.47116454353400977 0.6221401862938956 -0.6252563966202865
vn -0.5686718316364252 0.6922530019574568 -0.4442950924601383
vn -0.6753475706036782 0.6795050369222889 -0.28666803741775726
vn -0.7593918443408741 0.6418205920842303 -0.10672560295080728
vn -0.8009353661669341 0.5906194167626542 0.09834248200031111
vn -0.7817763533523795 0.5376424125992084 0.3158581477713656
vn -0.6992333161505346 0.4831547943702252 0.5269100627831962
vn -0.5565976070886761 0.42739639086609826 0.7124124008310025
vn -0.3629109154248511 0.3705823967009689 0.8549645341889114
vn -0.13218439900802254 0.31290539113711957 0.9405410681390866
vn 0.11785533542101352 0.2545373875120936 0.9598545922541176
vn 0.11092275258330117 -0.4142182933948494 0.9033932412722614
vn -0.1259082959686843 -0.42607429108173017 0.8958838091434979
vn -0.34860772928142125 -0.4516535903765641 0.8212683394513696
vn -0.5314103893644012 -0.5049415810182892 0.6801742407900536
vn -0.6557112012645935 -0.5708716075166336 0.4941137806897502
vn -0.716807091991359 -0.6342825077680373 0.28960886245137873
vn -0.7139851165890465 -0.694650895691508 0.0876663356386663
vn -0.6534259622300803 -0.7513994965729157 -0.09183304652282147
vn -0.5474767812161048 -0.8039054745767538 -0.2323901073083316
vn -0.413178488464697 -0.8515144986580359 -0.3228104633452614
vn -0.2701801404107103 -0.8935608560041823 -0.3585410553126682
vn -0.044980803377658946 -0.9293933977489107 -0.3663395140416001
vn -0.13826379012955523 -0.929393400361993 -0.3422148911175292
vn 0.35579545750986796 0.31290540622296314 0.880624664185478
vn 0.3389021588719509 -0.4260742673422072 0.8388122825881441
vn 0.5589655724221222 0.3705823813868952 0.7417723285836614
vn 0.5369353556247597 -0.4516536076469532 0.7125373271482728
vn 0.7124124008310027 0.4273963908660983 0.5565976070886761
vn 0.6801742407900536 -0.5049415810182893 0.5314103893644013
vn 0.8059341562656374 0.48315481765792284 0.3420987546576792
vn 0.7557706925316093 -0.5708716227635905 0.32080562749670744
vn 0.8349672497374627 0.537642420302251 0.11734700574533222
vn 0.7655775528544547 -0.6342825381358822 0.10759494589100274
vn 0.8009353661669341 0.5906194167626542 -0.09834248200031136
vn 0.7139851165890465 -0.694650895691508 -0.087666335638666
vn 0.7110153868319308 0.6418206297658696 -0.28726886168741317
vn 0.6118000140088636 -0.7513994837198783 -0.24718324927926397
vn 0.5859355890656572 0.6795050156869803 -0.4415341652947344
vn 0.47499407973697133 -0.8039055104140844 -0.35793372925822203
vn 0.44429509246013815 0.6922530019574565 -0.5686718316364253
vn 0.32281046334526153 -0.8515144986580356 -0.41317848846469674
vn 0.30590569582649546 0.6221401748877523 -0.7206686534403621
vn 0.3128566477849111 0.5990715790776633 -0.7370440699701635
vn 0.17541564660479972 -0.8935608586807007 -0.4132533638822906
vn 0.11631769910824503 0.5490682012513798 -0.8276438263218895
vn 0.051367503333120554 -0.9293933975350933 -0.36549868976440664
vn -0.32492588486058416 0.49764816706388565 -0.8042197903344094
vn -0.10570692736691475 0.49764820190155334 -0.8609136499387129
vn -0.5029834749243756 0.5490681887505386 -0.667481646230968
vn -0.630956683032543 0.5990715672295143 -0.4929573221626237
vn -0.6169382612194976 0.6221401954740591 -0.48200493671638095
vn -0.664286834922566 0.6922529951138434 -0.28197303364767423
vn -0.7265308246339204 0.6795050211516823 -0.10210723327172799
vn -0.761138778727763 0.6418206255135607 0.09345610831931316
vn -0.7481912543482581 0.5906194000222464 0.3022888870503546
vn -0.6733878847290194 0.5376423979341755 0.5074341421739047
vn -0.5390331237575388 0.48315480684703377 0.6899309560476291
vn -0.35324607632557414 0.4273964114061563 0.8321956002513631
vn -0.1292639400476565 0.3705824059890444 0.9197605743750528
vn 0.11574964571667837 0.3129053989401352 0.9427047421279785
vn 0.11025373530476976 -0.4260742764425282 0.8979447782605131
vn -0.12416934980947973 -0.4516536132829086 0.8835106033185928
vn -0.3372609456024115 -0.504941602813436 0.7945369924173231
vn -0.5054822832190095 -0.5708716075106194 0.6469878430773939
vn -0.6174262138735802 -0.6342825004314276 0.46526398965339233
vn -0.6669669063044397 -0.6946509355054514 0.2694721204430726
vn -0.6549291305045959 -0.7513995111136683 0.0804152268829342
vn -0.5889689333475046 -0.8039054901856714 -0.08277414089459395
vn -0.48264924524755853 -0.8515145242369451 -0.20487245074799962
vn -0.3537711958392723 -0.8935608430605126 -0.27639638337618955
vn -0.22212432662258672 -0.9293933977489107 -0.29476888530372014
vn -0.03478259515321005 -0.9584059607775078 -0.28328110671301354
vn -0.1069159087815421 -0.9584059593928559 -0.26462616168791125
vn 0.34793445086115393 0.3705823945218814 0.8611679898686294
vn 0.3342215222975792 -0.4516535922399875 0.8272273004741829
vn 0.5440794852401954 0.4273963851670862 0.7220178970682596
vn 0.5194587382908362 -0.5049415762024094 0.6893450687685516
vn 0.6899309560476292 0.4831548068470337 0.5390331237575385
vn 0.6469878430773938 -0.5708716075106194 0.5054822832190095
vn 0.7761448163235146 0.5376423831000551 0.3294539299942121
vn 0.7116435312980869 -0.6342825273421207 0.3020747587437271
vn 0.7990970790792419 0.5906193973368121 0.11230576875888734
vn 0.7123463525192629 -0.694650928384546 0.10011374404641266
vn 0.761138778727763 0.6418206255135607 -0.09345610831931343
vn 0.6549291305045961 -0.7513995111136684 -0.0804152268829339
vn 0.6802477613478647 0.6795050353984035 -0.2748379341528989
vn 0.5514490987188752 -0.8039055277031024 -0.22279989688179103
vn 0.5763391928828391 0.6922529972913253 -0.43430280046107705
vn 0.4187493763286324 -0.851514511087325 -0.31555030855965804
vn 0.4929573221626236 0.5990715672295143 -0.6309566830325432
vn 0.48200493671638084 0.6221401954740591 -0.6169382612194977
vn 0.27639638337618977 -0.8935608430605126 -0.3537711958392721
vn 0.3265643127277048 0.549068175431474 -0.7693373046856847
vn 0.1442151903739377 -0.9293934167918751 -0.33974969564273727
vn 0.12071583406733911 0.4976481747257358 -0.858937705306718
vn 0.039721203313398706 -0.9584059490409339 -0.28263096583757796
vn -0.3354674880283621 0.4450223803221633 -0.8303111738910518
vn -0.10913633959177688 0.44502239663623167 -0.8888443766333076
vn -0.5220016705242497 0.49764820190155334 -0.6927196569421453
vn -0.6586016602182831 0.5490682012513799 -0.5145560839522697
vn -0.7370440699701688 0.5990715790776633 -0.3128566477848983
vn -0.7206686534403615 0.6221401748877523 -0.3059056958264968
vn -0.7146317906121207 0.6922530019574566 -0.10043497960075269
vn -0.7282021937537876 0.6795050156869804 0.08941196043263794
vn -0.7110153868319308 0.6418206297658698 0.28726886168741284
vn -0.6444591165137715 0.5906194167626543 0.485634792498675
vn -0.5191090974406566 0.5376424203022512 0.6644293588079055
vn -0.3420987546576868 0.48315481765792284 0.8059341562656338
vn -0.1258214108190355 0.42739639086609843 0.8952660485320221
vn 0.11319217027440753 0.37058238138689525 0.9218764728499081
vn 0.10873104370686734 -0.45165360764695317 0.8855430982362785
vn -0.12012773067931673 -0.5049415810182892 0.8547533726640616
vn -0.32080562749672237 -0.5708716227635904 0.7557706925316031
vn -0.4759686765373352 -0.6342825381358821 0.6092121804192697
vn -0.5744960667091368 -0.6946508956915078 0.4329138510728397
vn -0.6118000140088635 -0.7513994837198782 0.24718324927926424
vn -0.590323807853169 -0.8039055104140843 0.07248263383463283
vn -0.5192283094794451 -0.8515144986580357 -0.07297274292687528
vn -0.41325336388229333 -0.8935608586807006 -0.17541564660479367
vn -0.29084741296822675 -0.9293933975350932 -0.22723488945992862
vn -0.17176308605569798 -0.958405960777508 -0.22793739626214213
vn -0.024209780496180947 -0.9800697814324075 -0.19717279237095428
vn -0.07441694190671347 -0.9800697698061603 -0.18418839558819314
vn 0.33866845648896626 0.4273964098535297 0.8382338488892551
vn 0.32334299451511367 -0.5049415985326599 0.8003019992285921
vn 0.5269100627831963 0.48315479437022524 0.6992333161505345
vn 0.49411378068975004 -0.5708716075166336 0.6557112012645936
vn 0.6644293588079055 0.5376424203022511 0.5191090974406563
vn 0.6092121804192696 -0.6342825381358821 0.47596867653733527
vn 0.7428016447494095 0.590619380333923 0.31530059329399446
vn 0.6621624121918701 -0.6946509060185669 0.28107126969476637
vn 0.7593918443408743 0.6418205920842304 0.10672560295080702
vn 0.6534259622300803 -0.7513994965729157 0.0918330465228218
vn 0.7282021937537876 0.6795050156869804 -0.08941196043263824
vn 0.590323807853169 -0.8039055104140843 -0.07248263383463247
vn 0.6691067865033745 0.6922529763680452 -0.27033668815887757
vn 0.48615124804507753 -0.8515145278273561 -0.19641785286263605
vn 0.6394638087870298 0.5990716092212082 -0.4818705679710032
vn 0.6252563966202865 0.6221401862938956 -0.4711645435340099
vn 0.3585410553126685 -0.8935608560041823 -0.2701801404107101
vn 0.5145560839522697 0.5490682012513799 -0.6586016602182834
vn 0.22723488945992887 -0.9293933975350933 -0.2908474129682266
vn 0.33891196701403503 0.4976481836931263 -0.7984265550954639
vn 0.1115179820641393 -0.9584059649021226 -0.2627199004955152
vn 0.12463219040067264 0.4450224177357483 -0.8868042990584561
vn 0.02764723449551469 -0.9800697764888233 -0.19672026748125823
vn -0.34472361753623987 0.3913818160305704 -0.8532208984743289
vn -0.11214761441633911 0.39138178586698985 -0.9133691533395958
vn -0.5389370708254899 0.4450223966362317 -0.7151936102777944
vn -0.6835039686489333 0.49764817472573586 -0.5340118154435364
vn -0.7693373046856876 0.5490681754314741 -0.3265643127276978
vn -0.7929031625438179 0.5990715672295143 -0.11143532727634202
vn -0.7752866617399984 0.6221401954740592 -0.10895948468834007
vn -0.7162757959225836 0.6922529972913254 0.08794755207875621
vn -0.6802477613478645 0.6795050353984036 0.27483793415289853
vn -0.612437486781104 0.6418206255135608 0.46150472310760443
vn -0.49680819340333743 0.5906193973368122 0.635885482187487
vn -0.32945392999422235 0.5376423831000552 0.7761448163235102
vn -0.12185092807908442 0.48315480684703377 0.867014292815794
vn 0.11017774414275688 0.4273963851670863 0.8973255789520997
vn 0.10519197382620601 -0.5049415762024093 0.8567197051922952
vn -0.11426660978095128 -0.5708716075106194 0.8130490450319767
vn -0.302074758743732 -0.6342825273421205 0.7116435312980846
vn -0.4428742348385642 -0.6946509283845459 0.5668531554209122
vn -0.526977701942556 -0.7513995111136683 0.3971061273179787
vn -0.5514490987188752 -0.8039055277031024 0.22279989688179136
vn -0.5204227561438841 -0.8515145110873249 0.06389986146555686
vn -0.44457304141273907 -0.8935608430605125 -0.06248064178618313
vn -0.3397496956427386 -0.929393416791875 -0.1442151903739348
vn -0.22490500796567292 -0.958405949040934 -0.1757150370199067
vn -0.11955267137848409 -0.9800697814324075 -0.1586517642174234
vn -0.018375661973762638 -0.9885670976292278 -0.14965770455259164
vn -0.05648378560846581 -0.9885670971673525 -0.13980227595232894
vn 0.3279811621653163 0.48315479669292427 0.8117818670660903
vn 0.30756675454969656 -0.5708715940293351 0.7612544348811195
vn 0.5074341421739049 0.5376423979341756 0.6733878847290193
vn 0.4652639896533921 -0.6342825004314276 0.6174262138735803
vn 0.6358854821874871 0.5906193973368122 0.4968081934033372
vn 0.5668531554209121 -0.6946509283845459 0.44287423483856436
vn 0.7058935773733851 0.6418206093955859 0.29963404809547817
vn 0.6073928476194804 -0.7513995245292612 0.25782296871671184
vn 0.7265308246339204 0.6795050211516823 0.10210723327172769
vn 0.5889689333475046 -0.8039054901856714 0.08277414089459431
vn 0.7162757959225836 0.6922529972913254 -0.08794755207875651
vn 0.5204227561438841 -0.8515145110873249 -0.06389986146555647
vn 0.742391908760555 0.5990715910952095 -0.2999457993530063
vn 0.7258976985170965 0.6221401548572022 -0.29328170587651553
vn 0.41625184576610874 -0.8935608605359161 -0.1681766613255865
vn 0.6674816462309678 0.5490681887505385 -0.5029834749243756
vn 0.29476888530372036 -0.9293933977489106 -0.22212432662258655
vn 0.5340118154435364 0.4976481747257358 -0.6835039686489334
vn 0.17571503701990698 -0.958405949040934 -0.22490500796567273
vn 0.34990731938117287 0.44502241389920527 -0.8243299818463514
vn 0.07762010581720515 -0.9800697871645334 -0.18286150896290995
vn 0.12807108063103376 0.39138179025566316 -0.911272787129228
vn 0.020984756358532614 -0.9885670900789035 -0.14931426058318067
vn -0.3527074956362587 0.3368981907214659 -0.8729816903066189
vn -0.11474495376834251 0.3368982032937517 -0.9345229778887958
vn -0.5538072823424054 0.3913817858669899 -0.7349270655759558
vn -0.7056789221720682 0.4450224177357483 -0.5513368358042995
vn -0.7984265550954648 0.4976481836931264 -0.338911967014033
vn -0.8276438263218895 0.54906820125138 -0.11631769910824512
vn -0.7947271924248303 0.5990716092212083 0.09758020621857127
vn -0.7770702058957755 0.6221401862938957 0.09541217798213134
vn -0.6691067865033745 0.6922529763680454 0.27033668815887724
vn -0.5859355890656572 0.6795050156869805 0.44153416529473405
vn -0.4721229465418011 0.6418205920842304 0.6042898732606192
vn -0.31530059329399907 0.590619380333923 0.7428016447494075
vn -0.11734700574533241 0.5376424203022512 0.8349672497374626
vn 0.10670089332016962 0.48315479437022535 0.8690088400250846
vn 0.10005956313222023 -0.5708716075166335 0.8149194386914355
vn -0.10759494589100264 -0.634282538135882 0.7655775528544548
vn -0.281071269694773 -0.6946509060185669 0.6621624121918673
vn -0.40624270872263174 -0.7513994965729156 0.5199669779511658
vn -0.47499407973697133 -0.8039055104140842 0.35793372925822237
vn -0.48615124804507753 -0.8515145278273561 0.19641785286263644
vn -0.44559574741696634 -0.8935608560041822 0.0547122152813086
vn -0.3654986897644069 -0.9293933975350932 -0.05136750333312029
vn -0.26271990049551663 -0.9584059649021227 -0.11151798206413638
vn -0.1565411361238589 -0.9800697764888233 -0.1223033356626027
vn -0.09074263170012005 -0.9885670976292278 -0.12041955105821135
vn 0.31585814777136567 0.5376424125992085 0.7817763533523794
vn 0.2896088624513785 -0.6342825077680373 0.716807091991359
vn 0.4856347924986752 0.5906194167626544 0.6444591165137715
vn 0.43291385107283953 -0.6946508956915078 0.5744960667091368
vn 0.6042898732606194 0.6418205920842305 0.4721229465418009
vn 0.5199669779511656 -0.7513994965729156 0.4062427087226319
vn 0.675347570603678 0.679505036922289 0.2866680374177573
vn 0.5474767812161037 -0.8039054745767535 0.23239010730833407
vn 0.7146317906121207 0.6922530019574566 0.10043497960075239
vn 0.519228309479445 -0.8515144986580355 0.07297274292687564
vn 0.7947271924248303 0.5990716092212083 -0.09758020621857155
vn 0.7770702058957755 0.6221401862938957 -0.09541217798213161
vn 0.44559574741696634 -0.8935608560041822 -0.054712215281308214
vn 0.7749194618167952 0.5490681809632697 -0.31308778377837543
vn 0.34221489111752945 -0.9293934003619931 -0.1382637901295551
vn 0.6927196569421453 0.4976482019015534 -0.5220016705242498
vn 0.22793739626214238 -0.958405960777508 -0.17176308605569782
vn 0.5513368358042995 0.44502241773574835 -0.7056789221720684
vn 0.12230333566260296 -0.9800697764888233 -0.1565411361238587
vn 0.3595618791111673 0.39138179469901263 -0.8470746991075969
vn 0.05891506511286117 -0.9885670988878645 -0.1387951947985893
vn 0.131037173182944 0.33689817894238944 -0.9323780758198493
vn -0.35943311178815635 0.28172601807008096 -0.8896281745159937
vn -0.11693294794961445 0.28172599581265745 -0.9523429786411928
vn -0.5666335939974312 0.33689820329375175 -0.7519481170739082
vn -0.7251498927770306 0.3913817902556633 -0.5665491393177939
vn -0.8243299818463575 0.4450224138992054 -0.3499073193811583
vn -0.8589377053067179 0.49764817472573597 -0.12071583406733918
vn -0.8295477955737357 0.5490681887505386 0.10185567711697857
vn -0.7423919087605549 0.5990715910952096 0.299945799353006
vn -0.7258976985170963 0.6221401548572023 0.2932817058765152
vn -0.5763391928828391 0.6922529972913255 0.4343028004610767
vn -0.4516928962433623 0.6795050211516824 0.5781405138138431
vn -0.2996340480954866 0.6418206093955859 0.7058935773733815
vn -0.11230576875888754 0.5906193973368123 0.7990970790792418
vn 0.10275695300914821 0.5376423979341756 0.8368880812581007
vn 0.09421737928210737 -0.6342825004314276 0.7673387746541078
vn -0.10011374404641249 -0.6946509283845459 0.712346352519263
vn -0.25782296871671945 -0.7513995245292614 0.6073928476194773
vn -0.3661690468635519 -0.8039054901856713 0.46867493208872774
vn -0.4187493763286324 -0.8515145110873248 0.3155503085596584
vn -0.4162518457661087 -0.8935608605359159 0.16817666132558684
vn -0.3663395140416003 -0.9293933977489106 0.04498080337765921
vn -0.2826309658375782 -0.9584059490409338 -0.03972120331339846
vn -0.18286150896291292 -0.9800697871645332 -0.07762010581719817
vn -0.11881757104079337 -0.9885670900789035 -0.09283045418877901
vn -0.13980227595232914 -0.9885670971673525 0.05648378560846605
vn -0.12041955105821155 -0.9885670976292278 0.0907426317001203
vn -0.18418839558819333 -0.9800697698061603 0.07441694190671372
vn -0.15865176421742364 -0.9800697814324075 0.11955267137848435
vn -0.09283045418877921 -0.9885670900789035 0.11881757104079362
vn -0.1223033356626029 -0.9800697764888233 0.15654113612385914
vn -0.058915065112861154 -0.9885670988878645 0.1387951947985897
vn -0.07762010581720347 -0.9800697871645332 0.182861508962911
vn -0.020984756358532558 -0.9885670900789035 0.14931426058318112
vn -0.027647234495514636 -0.9800697764888233 0.19672026748125868
vn 0.018375661973762693 -0.9885670976292278 0.14965770455259209
vn 0.024209780496181003 -0.9800697814324075 0.19717279237095472
vn 0.05648378560846586 -0.9885670971673525 0.13980227595232939
vn 0.07441694190671352 -0.9800697698061603 0.18418839558819358
vn 0.0907426317001201 -0.9885670976292278 0.1204195510582118
vn 0.11955267137848415 -0.9800697814324075 0.15865176421742386
vn 0.11881757104079342 -0.9885670900789035 0.09283045418877946
vn 0.15654113612385895 -0.9800697764888233 0.12230333566260314
vn 0.13879519479858957 -0.9885670988878645 0.05891506511286125
vn 0.18286150896291253 -0.9800697871645332 0.07762010581719965
vn 0.19672026748125848 -0.9800697764888233 0.027647234495514865
vn 0.14931426058318092 -0.9885670900789035 0.020984756358532797
vn 0.19717279237095453 -0.9800697814324075 -0.024209780496180774
vn 0.1496577045525919 -0.9885670976292278 -0.018375661973762454
vn 0.1841883955881934 -0.9800697698061603 -0.07441694190671327
vn 0.1398022759523292 -0.9885670971673525 -0.05648378560846562
vn 0.1586517642174237 -0.9800697814324075 -0.11955267137848391
vn 0.1204195510582116 -0.9885670976292278 -0.09074263170011986
vn 0.09283045418877926 -0.9885670900789035 -0.11881757104079317
vn -0.13879519479858857 -0.9885670988878645 -0.05891506511286309
vn -0.14931426058318087 -0.9885670900789035 -0.02098475635853236
vn -0.19672026748125843 -0.9800697764888233 -0.027647234495514435
vn -0.14965770455259184 -0.9885670976292278 0.01837566197376289
vn -0.19717279237095447 -0.9800697814324075 0.024209780496181204
vn 0.3022888870503546 0.5906194000222464 0.7481912543482578
vn 0.26947212044307245 -0.6946509355054515 0.6669669063044399
vn 0.4615047231076046 0.6418206255135608 0.6124374867811039
vn 0.39710612731797845 -0.7513995111136683 0.5269777019425561
vn 0.5781405138138432 0.6795050211516824 0.4516928962433621
vn 0.46867493208872757 -0.8039054901856713 0.36616904686355206
vn 0.6642868349225661 0.6922529951138436 0.28197303364767345
vn 0.48264924524756037 -0.8515145242369448 0.20487245074799537
vn 0.7929031625438179 0.5990715672295143 0.11143532727634174
vn 0.7752866617399984 0.6221401954740592 0.1089594846883398
vn 0.44457304141273907 -0.8935608430605125 0.06248064178618352
vn 0.8295477955737357 0.5490681887505386 -0.10185567711697882
vn 0.3663395140416003 -0.9293933977489106 -0.04498080337765879
vn 0.8042197903344093 0.49764816706388576 -0.3249258848605843
vn 0.2646261616879115 -0.9584059593928558 -0.10691590878154192
vn 0.7151936102777943 0.4450223966362318 -0.53893707082549
vn 0.5665491393177938 0.3913817902556631 -0.7251498927770306
vn 0.36788941091303345 0.33689819225752105 -0.8666931345012926
vn 0.13353583711810535 0.2817259966786253 -0.950157167525774
vn -0.36491411778532806 0.22600449386898802 -0.9031941404769954
vn -0.11871609368546222 0.22600449974354084 -0.9668652725151197
vn -0.5774384953299078 0.2817259958126575 -0.7662866613705988
vn -0.7419444866013439 0.33689817894238955 -0.5796705925154128
vn -0.8470746991075999 0.39138179469901285 -0.3595618791111606
vn -0.886804299058456 0.4450224177357485 -0.12463219040067275
vn -0.8609136499387128 0.4976482019015535 0.10570692736691469
vn -0.7749194618167952 0.5490681809632699 0.3130877837783752
vn -0.6252563966202865 0.6221401862938958 0.47116454353400966
vn -0.6394638087870298 0.5990716092212084 0.48187056797100297
vn -0.44429509246013815 0.6922530019574568 0.5686718316364251
vn -0.28666803741776525 0.679505036922289 0.6753475706036746
vn -0.10672560295080721 0.6418205920842305 0.759391844340874
vn 0.09834248200031116 0.5906194167626544 0.8009353661669338
vn 0.08766633563866613 -0.6946508956915078 0.7139851165890466
vn -0.09183304652282165 -0.7513994965729156 0.6534259622300804
vn -0.23239010730833845 -0.8039054745767534 0.5474767812161019
vn -0.32281046334526164 -0.8515144986580356 0.4131784884646972
vn -0.3585410553126685 -0.8935608560041821 0.27018014041071053
vn -0.3422148911175294 -0.9293934003619929 0.13826379012955545
vn -0.2832811067130138 -0.958405960777508 0.034782595153210305
vn -0.2646261616879115 -0.9584059593928558 0.10691590878154233
vn -0.2279373962621423 -0.9584059607775077 0.1717630860556982
vn -0.17571503701990687 -0.9584059490409338 0.22490500796567311
vn -0.11151798206413785 -0.9584059649021226 0.2627199004955163
vn -0.03972120331339866 -0.9584059490409339 0.28263096583757846
vn 0.03478259515321011 -0.9584059607775078 0.28328110671301404
vn 0.10691590878154215 -0.9584059593928557 0.2646261616879117
vn 0.17176308605569804 -0.958405960777508 0.22793739626214257
vn 0.22490500796567292 -0.9584059490409338 0.1757150370199071
vn 0.2627199004955158 -0.9584059649021227 0.11151798206413872
vn 0.2826309658375782 -0.9584059490409338 0.03972120331339887
vn 0.2832811067130138 -0.958405960777508 -0.03478259515320989
vn 0.28726886168741306 0.64182062976587 0.7110153868319309
vn 0.24718324927926408 -0.7513994837198781 0.6118000140088636
vn 0.4415341652947342 0.6795050156869805 0.585935589065657
vn 0.35793372925822214 -0.8039055104140842 0.47499407973697144
vn 0.5686718316364252 0.692253001957457 0.444295092460138
vn 0.413178488464697 -0.8515144986580356 0.32281046334526176
vn 0.7370440699701656 0.5990715790776634 0.3128566477849055
vn 0.7206686534403672 0.6221401748877525 0.30590569582648286
vn 0.41325336388229134 -0.8935608586807006 0.1754156466047987
vn 0.8276438263218895 0.54906820125138 0.11631769910824487
vn 0.3654986897644069 -0.9293933975350932 0.051367503333120706
vn 0.8609136499387128 0.4976482019015535 -0.10570692736691491
vn 0.8303111738910517 0.4450223803221634 -0.33546748802836224
vn 0.7349270655759557 0.39138178586698996 -0.5538072823424055
vn 0.5796705925154128 0.3368981789423895 -0.741944486601344
vn 0.3749045264127092 0.281725998839768 -0.8832197108607787
vn 0.13557219769629672 0.22600450309425762 -0.9646461236085043
vn -0.36916291084916486 0.16985959903203288 -0.913710272389475
vn -0.12009831784918303 0.16985959650861654 -0.9781227486996337
vn -0.5862438405858754 0.2260044997435409 -0.7779718024908068
vn -0.7560922698484238 0.2817259966786254 -0.5907240830293726
vn -0.8666931345012975 0.33689819225752127 -0.36788941091302213
vn -0.9112727871292279 0.39138179025566333 -0.12807108063103378
vn -0.8888443766333075 0.4450223966362319 0.10913633959177682
vn -0.8042197903344093 0.49764816706388587 0.3249258848605841
vn -0.6674816462309678 0.5490681887505388 0.5029834749243753
vn -0.48200493671638084 0.6221401954740593 0.6169382612194975
vn -0.4929573221626235 0.5990715672295144 0.6309566830325428
vn -0.28197303364768317 0.6922529951138436 0.664286834922562
vn -0.10210723327172785 0.6795050211516824 0.7265308246339203
vn 0.09345610831931322 0.6418206255135609 0.7611387787277629
vn 0.08041522688293405 -0.7513995111136683 0.6549291305045961
vn -0.08277414089459413 -0.8039054901856713 0.5889689333475048
vn -0.2048724507479999 -0.8515145242369447 0.48264924524755853
vn -0.27639638337618977 -0.8935608430605124 0.3537711958392725
vn -0.2947688853037203 -0.9293933977489104 0.22212432662258688
vn -0.2272348894599288 -0.9293933975350931 0.290847412968227
vn -0.1442151903739384 -0.9293934167918749 0.3397496956427374
vn -0.0513675033331205 -0.9293933975350931 0.3654986897644071
vn 0.044980803377659 -0.9293933977489105 0.36633951404160053
vn 0.1382637901295553 -0.929393400361993 0.3422148911175297
vn 0.22212432662258677 -0.9293933977489105 0.2947688853037206
vn 0.29084741296822675 -0.9293933975350932 0.227234889459929
vn 0.33974969564274 -0.929393416791875 0.1442151903739319
vn 0.2748379341528987 0.6795050353984037 0.6802477613478645
vn 0.2227998968817912 -0.8039055277031023 0.5514490987188754
vn 0.4343028004610769 0.6922529972913255 0.5763391928828389
vn 0.31555030855965815 -0.8515145110873248 0.4187493763286325
vn 0.6309566830325429 0.5990715672295144 0.4929573221626234
vn 0.6169382612194976 0.6221401954740593 0.4820049367163807
vn 0.3537711958392723 -0.8935608430605124 0.27639638337619
vn 0.7693373046856861 0.5490681754314743 0.32656431272770114
vn 0.8589377053067179 0.49764817472573597 0.12071583406733896
vn 0.8888443766333075 0.4450223966362319 -0.10913633959177702
vn 0.8532208984743288 0.3913818160305705 -0.34472361753624003
vn 0.7519481170739082 0.3368982032937518 -0.5666335939974313
vn 0.5907240830293726 0.28172599667862536 -0.7560922698484239
vn 0.3806214545742747 0.2260044899889081 -0.8966879495245916
vn 0.13715064802816299 0.16985959041173448 -0.975877768621979
vn -0.3721898736138145 0.11340669772475358 -0.9212022681748558
vn -0.12108308382213595 0.11340669821892044 -0.986142894113832
vn -0.5930696517594567 0.1698595965086166 -0.7870299267727034
vn -0.767621979648149 0.2260045030942577 -0.5997319909277595
vn -0.8832197108607824 0.2817259988397682 -0.37490452641269995
vn -0.9323780758198494 0.33689817894238966 -0.13103717318294406
vn -0.9133691533395957 0.3913817858669901 0.11214761441633907
vn -0.8303111738910518 0.4450223803221636 0.33546748802836207
vn -0.6927196569421453 0.4976482019015536 0.5220016705242496
vn -0.5145560839522697 0.5490682012513801 0.6586016602182831
vn -0.3128566477849114 0.5990715790776635 0.7370440699701631
vn -0.3059056958265003 0.6221401748877525 0.7206686534403598
vn -0.10043497960075262 0.692253001957457 0.7146317906121206
vn 0.08941196043263805 0.6795050156869805 0.7282021937537875
vn 0.07248263383463265 -0.8039055104140842 0.5903238078531692
vn -0.07297274292687547 -0.8515144986580356 0.5192283094794453
vn -0.1754156466048021 -0.8935608586807005 0.41325336388229006
vn -0.06248064178618333 -0.8935608430605124 0.4445730414127393
vn 0.0547122152813084 -0.8935608560041821 0.44559574741696656
vn 0.16817666132558665 -0.8935608605359158 0.41625184576610885
vn 0.2701801404107103 -0.8935608560041821 0.35854105531266867
vn 0.2703366881588774 0.6922529763680454 0.6691067865033744
vn 0.19641785286263624 -0.851514527827356 0.4861512480450777
vn 0.4818705679710031 0.5990716092212084 0.6394638087870297
vn 0.47116454353400977 0.6221401862938958 0.6252563966202863
vn 0.6586016602182831 0.5490682012513801 0.5145560839522695
vn 0.7984265550954679 0.4976481836931265 0.3389119670140253
vn 0.886804299058456 0.4450224177357485 0.12463219040067255
vn 0.9133691533395957 0.3913817858669901 -0.11214761441633923
vn 0.8729816903066189 0.336898190721466 -0.3527074956362588
vn 0.7662866613705986 0.28172599581265756 -0.5774384953299079
vn 0.5997319909277596 0.22600450309425768 -0.7676219796481492
vn 0.3850531323025969 0.16985959487170352 -0.9071283279304971
vn 0.13827526058373074 0.11340670011236262 -0.9838795010976324
vn -0.3740028225323497 0.05675285042332863 -0.9256894742334835
vn -0.12167289183472588 0.056752850363563596 -0.9909464270929009
vn -0.5979325315209415 0.11340669821892045 -0.7934832125180978
vn -0.7765595779909261 0.16985959041173457 -0.6067148765076662
vn -0.8966879495245973 0.22600448998890824 -0.38062145457426194
vn -0.9501571675257741 0.2817259966786255 -0.13353583711810538
vn -0.9345229778887959 0.336898203293752 0.11474495376834251
vn -0.8532208984743288 0.3913818160305706 0.3447236175362398
vn -0.7151936102777943 0.445022396636232 0.5389370708254898
vn -0.5340118154435364 0.49764817472573614 0.6835039686489331
vn -0.3265643127277083 0.5490681754314745 0.769337304685683
vn -0.1114353272763419 0.5990715672295145 0.7929031625438178
vn -0.10895948468834 0.6221401954740594 0.7752866617399983
vn 0.08794755207875632 0.6922529972913255 0.7162757959225835
vn 0.06389986146555666 -0.8515145110873248 0.5204227561438843
vn 0.29994579935300614 0.5990715910952096 0.7423919087605548
vn 0.2932817058765154 0.6221401548572024 0.7258976985170964
vn 0.5029834749243756 0.5490681887505389 0.6674816462309677
vn 0.6835039686489333 0.4976481747257361 0.5340118154435362
vn 0.8243299818463541 0.4450224138992055 0.34990731938116626
vn 0.9112727871292279 0.39138179025566344 0.12807108063103362
vn 0.9345229778887957 0.3368982032937519 -0.11474495376834262
vn 0.8896281745159935 0.2817260180700811 -0.3594331117881564
vn 0.7779718024908066 0.22600449974354087 -0.5862438405858754
vn 0.6067148765076662 0.16985959041173454 -0.7765595779909261
vn 0.3882103873145271 0.11340669402646564 -0.9145663545807337
vn 0.13894878670418354 0.05675284992617959 -0.9886720127012253
vn -0.3745689635695304 0.014173349040697758 -0.9270907224794229
vn -0.12185712733360621 0.014173349960893046 -0.9924464502777405
vn -0.6008450735199861 0.05675285036356365 -0.7973483000561133
vn -0.7829270269856664 0.11340670011236273 -0.6116896196479148
vn -0.9071283279304979 0.16985959487170363 -0.3850531323025951
vn -0.9646461236085044 0.22600450309425782 -0.13557219769629672
vn -0.9523429786411927 0.28172599581265767 0.11693294794961444
vn -0.8729816903066189 0.3368981907214661 0.3527074956362587
vn -0.7349270655759557 0.3913817858669902 0.5538072823424053
vn -0.5513368358042995 0.4450224177357487 0.7056789221720682
vn -0.33891196701403625 0.49764818369312663 0.7984265550954632
vn -0.11631769910824506 0.5490682012513802 0.8276438263218893
vn 0.09758020621857134 0.5990716092212085 0.7947271924248301
vn 0.09541217798213138 0.6221401862938958 0.7770702058957752
vn 0.31308778377837526 0.54906818096327 0.774919461816795
vn 0.5220016705242497 0.4976482019015537 0.6927196569421451
vn 0.7056789221720682 0.4450224177357485 0.5513368358042993
vn 0.8470746991076047 0.39138179469901296 0.3595618791111491
vn 0.9323780758198492 0.3368981789423897 0.13103717318294386
vn 0.9523429786411927 0.28172599581265767 -0.11693294794961455
vn 0.9031941404769954 0.22600449386898813 -0.3649141177853282
vn 0.7870299267727032 0.1698595965086166 -0.5930696517594567
vn 0.6116896196479148 0.11340670011236269 -0.7829270269856664
vn 0.3901013725741673 0.05675284744346165 -0.9190212366549589
vn 0.13915916826108926 0.014173350154757266 -0.9901685927327086
vn -0.6017545492496696 0.014173349960893089 -0.7985553071692738
vn -0.7867406794203572 0.056752849926179676 -0.6146691934451012
vn -0.9145663545807413 0.11340669402646579 -0.38821038731450946
vn -0.975877768621979 0.16985959041173468 -0.13715064802816296
vn -0.9668652725151196 0.22600449974354103 0.11871609368546214
vn -0.8896281745159935 0.2817260180700812 0.3594331117881563
vn -0.7519481170739082 0.33689820329375203 0.5666335939974311
vn -0.5665491393177939 0.39138179025566355 0.7251498927770305
vn -0.34990731938116665 0.4450224138992057 0.8243299818463541
vn -0.12071583406733914 0.49764817472573614 0.8589377053067178
vn 0.10185567711697864 0.549068188750539 0.8295477955737358
vn 0.32492588486058416 0.497648167063886 0.8042197903344092
vn 0.5389370708254899 0.44502239663623205 0.7151936102777942
vn 0.7251498927770306 0.3913817902556635 0.5665491393177937
vn 0.866693134501292 0.3368981922575214 0.3678894109130348
vn 0.9501571675257741 0.28172599667862563 0.13353583711810527
vn 0.9668652725151196 0.22600449974354098 -0.11871609368546225
vn 0.913710272389475 0.169859599032033 -0.3691629108491649
vn 0.793483212518098 0.1134066982189205 -0.5979325315209416
vn 0.6146691934451012 0.05675284992617964 -0.7867406794203573
vn 0.3906918824769443 0.014173349287903052 -0.9204123907991378
vn -0.7879316270899075 0.014173350154757349 -0.6155995997211515
vn -0.9190212366549607 0.05675284744346176 -0.39010137257416266
vn -0.9838795010976324 0.11340670011236281 -0.1382752605837307
vn -0.9781227486996336 0.16985959650861676 0.12009831784918301
vn -0.9031941404769954 0.2260044938689883 0.36491411778532806
vn -0.7662866613705986 0.2817259958126578 0.5774384953299077
vn -0.5796705925154128 0.3368981789423898 0.7419444866013438
vn -0.35956187911116533 0.3913817946990131 0.8470746991075978
vn -0.12463219040067267 0.44502241773574874 0.8868042990584559
vn 0.10570692736691473 0.4976482019015537 0.8609136499387127
vn 0.3354674880283622 0.44502238032216374 0.8303111738910517
vn 0.5538072823424054 0.39138178586699024 0.7349270655759556
vn 0.7419444866013439 0.33689817894238977 0.5796705925154125
vn 0.8832197108607842 0.2817259988397683 0.3749045264126958
vn 0.9646461236085044 0.22600450309425787 0.1355721976962966
vn 0.9781227486996336 0.1698595965086167 -0.1200983178491831
vn 0.9212022681748558 0.1134066977247537 -0.3721898736138145
vn 0.7973483000561131 0.05675285036356369 -0.600845073519986
vn 0.6155995997211515 0.01417335015475731 -0.7879316270899075
vn 0.3907311302310809 0 -0.920504852713087
vn 0.920504852713091 0 0.39073113023107164
vn 0.9204123907991415 0.01417334928790334 0.3906918824769351
vn 0.7879316270899075 0.014173350154757623 0.6155995997211515
vn 0.6017545492496696 0.014173349960893443 0.7985553071692738
vn 0.3745689635695304 0.01417334904069817 0.9270907224794229
vn 0.12185712733360621 0.014173349960893486 0.9924464502777405
vn -0.13915916826108926 0.014173350154757706 0.9901685927327086
vn -0.390731130231081 0 0.920504852713087
vn -0.39069188247694453 0.014173349287903462 0.9204123907991377
vn -0.6155995997211515 0.014173350154757661 0.7879316270899075
vn -0.7985553071692736 0.014173349960893398 0.6017545492496695
vn -0.9270907224794229 0.014173349040698047 0.3745689635695304
vn -0.9924464502777403 0.014173349960893292 0.12185712733360624
vn -0.9901685927327086 0.014173350154757455 -0.1391591682610892
vn -0.9205048527130911 0 -0.39073113023107137
vn -0.9204123907991416 0.014173349287903167 -0.3906918824769348
vn 0.7985553071692736 0.01417334996089313 -0.6017545492496695
vn 0.9270907224794229 0.01417334904069788 -0.3745689635695304
vn 0.9924464502777403 0.014173349960893237 -0.12185712733360624
vn 0.9901685927327086 0.014173350154757517 0.1391591682610892
vn -0.9886720127012254 0.05675284992617979 -0.13894878670418348
vn -0.9861428941138319 0.11340669821892066 0.12108308382213595
vn -0.913710272389475 0.16985959903203315 0.3691629108491648
vn -0.7779718024908066 0.22600449974354114 0.5862438405858754
vn -0.5907240830293727 0.28172599667862575 0.7560922698484239
vn -0.367889410913035 0.3368981922575214 0.8666931345012917
vn -0.12807108063103376 0.3913817902556636 0.9112727871292278
vn 0.10913633959177682 0.445022396636232 0.8888443766333072
vn 0.34472361753623987 0.3913818160305707 0.8532208984743287
vn 0.5666335939974313 0.33689820329375214 0.7519481170739081
vn 0.756092269848424 0.2817259966786257 0.5907240830293725
vn 0.8966879495245953 0.22600448998890837 0.38062145457426605
vn 0.975877768621979 0.16985959041173473 0.1371506480281629
vn 0.9861428941138319 0.1134066982189206 -0.121083083822136
vn 0.9256894742334835 0.056752850423328755 -0.3740028225323497
vn 0.9190212366549624 0.05675284744346193 0.3901013725741587
vn 0.7867406794203572 0.05675284992617995 0.6146691934451012
vn 0.600845073519986 0.056752850363564 0.7973483000561131
vn 0.3740028225323497 0.056752850423329046 0.9256894742334835
vn 0.12167289183472588 0.05675285036356404 0.9909464270929009
vn -0.13894878670418354 0.056752849926180036 0.9886720127012253
vn -0.39010137257416605 0.056752847443462054 0.9190212366549595
vn -0.6146691934451012 0.05675284992617999 0.7867406794203573
vn -0.7973483000561131 0.05675285036356395 0.600845073519986
vn -0.9256894742334835 0.05675285042332892 0.3740028225323497
vn -0.9909464270929009 0.056752850363563846 0.12167289183472586
vn 0.9909464270929009 0.05675285036356379 -0.12167289183472589
vn 0.9886720127012254 0.05675284992617984 0.13894878670418348
vn -0.9212022681748558 0.11340669772475387 0.3721898736138145
vn -0.7870299267727032 0.16985959650861687 0.5930696517594567
vn -0.5997319909277594 0.22600450309425796 0.7676219796481489
vn -0.374904526412709 0.28172599883976845 0.8832197108607786
vn -0.13103717318294403 0.33689817894238994 0.9323780758198493
vn 0.11214761441633908 0.3913817858669903 0.9133691533395956
vn 0.35270749563625875 0.33689819072146626 0.8729816903066189
vn 0.5774384953299078 0.28172599581265784 0.7662866613705985
vn 0.767621979648149 0.22600450309425799 0.5997319909277595
vn 0.9071283279305014 0.1698595948717038 0.38505313230258686
vn 0.9838795010976324 0.11340670011236287 0.13827526058373066
vn 0.9145663545807374 0.11340669402646593 0.3882103873145181
vn 0.7829270269856662 0.11340670011236298 0.6116896196479147
vn 0.5979325315209415 0.11340669821892081 0.7934832125180978
vn 0.3721898736138145 0.113406697724754 0.9212022681748558
vn 0.12108308382213592 0.11340669821892085 0.9861428941138318
vn -0.13827526058373074 0.11340670011236306 0.9838795010976324
vn -0.3882103873145316 0.11340669402646605 0.9145663545807317
vn -0.6116896196479147 0.11340670011236302 0.7829270269856662
vn -0.7934832125180977 0.11340669821892074 0.5979325315209415
vn -0.6067148765076662 0.16985959041173487 0.7765595779909261
vn -0.38062145457427704 0.22600448998890849 0.8966879495245906
vn -0.13353583711810538 0.2817259966786258 0.950157167525774
vn 0.11474495376834251 0.3368982032937522 0.9345229778887958
vn 0.35943311178815635 0.2817260180700814 0.8896281745159935
vn 0.5862438405858753 0.22600449974354117 0.7779718024908066
vn 0.7765595779909261 0.16985959041173485 0.6067148765076662
vn 0.5930696517594566 0.1698595965086169 0.7870299267727032
vn 0.36916291084916475 0.16985959903203324 0.9137102723894749
vn 0.120098317849183 0.16985959650861696 0.9781227486996334
vn -0.13715064802816299 0.16985959041173493 0.975877768621979
vn -0.38505313230259175 0.1698595948717039 0.9071283279304994
vn -0.13557219769629672 0.22600450309425807 0.9646461236085043
vn 0.11693294794961442 0.2817259958126579 0.9523429786411926
vn 0.36491411778532806 0.2260044938689884 0.9031941404769954
vn 0.1187160936854622 0.22600449974354123 0.9668652725151194
usemtl material_0_0
f 1/1/1 2/2/2 3/3/3
f 2/2/2 1/1/1 4/4/4
f 9/5/5 3/6/3 10/7/6
f 3/6/3 9/5/5 1/8/1
f 13/9/7 4/10/4 1/11/1
f 4/10/4 13/9/7 14/12/8
f 4/13/4 17/14/9 2/15/2
f 17/14/9 4/13/4 18/16/10
f 3/17/3 21/18/11 22/19/12
f 21/18/11 3/17/3 2/20/2
f 9/21/5 25/22/13 26/23/14
f 25/22/13 9/21/5 10/24/6
f 29/25/15 1/26/1 9/27/5
f 1/26/1 29/25/15 13/28/7
f 10/29/6 22/30/12 31/31/16
f 22/30/12 10/29/6 3/32/3
f 33/33/17 14/34/8 13/35/7
f 14/34/8 33/33/17 34/36/18
f 14/37/8 18/38/10 4/39/4
f 18/38/10 14/37/8 37/40/19
f 18/41/10 39/42/20 17/43/9
f 39/42/20 18/41/10 40/44/21
f 2/45/2 43/46/22 21/47/11
f 43/46/22 2/45/2 17/48/9
f 22/49/12 45/50/23 46/51/24
f 45/50/23 22/49/12 21/52/11
f 26/53/14 49/54/25 50/55/26
f 49/54/25 26/53/14 25/56/13
f 29/57/15 26/58/14 53/59/27
f 26/58/14 29/57/15 9/60/5
f 10/61/6 55/62/28 25/63/13
f 55/62/28 10/61/6 31/64/16
f 57/65/29 13/66/7 29/67/15
f 13/66/7 57/65/29 33/68/17
f 31/69/16 46/70/24 59/71/30
f 46/70/24 31/69/16 22/72/12
f 61/73/31 34/74/18 33/75/17
f 34/74/18 61/73/31 62/76/32
f 34/77/18 37/78/19 14/79/8
f 37/78/19 34/77/18 65/80/33
f 37/81/19 40/82/21 18/83/10
f 40/82/21 37/81/19 67/84/34
f 40/85/21 69/86/35 39/87/20
f 69/86/35 40/85/21 70/88/36
f 17/89/9 73/90/37 43/91/22
f 73/90/37 17/89/9 39/92/20
f 21/93/11 75/94/38 45/95/23
f 75/94/38 21/93/11 43/96/22
f 46/97/24 77/98/39 78/99/40
f 77/98/39 46/97/24 45/100/23
f 50/101/26 81/102/41 82/103/42
f 81/102/41 50/101/26 49/104/25
f 53/105/27 50/106/26 85/107/43
f 50/106/26 53/105/27 26/108/14
f 25/109/13 87/110/44 49/111/25
f 87/110/44 25/109/13 55/112/28
f 57/113/29 53/114/27 89/115/45
f 53/114/27 57/113/29 29/116/15
f 31/117/16 91/118/46 55/119/28
f 91/118/46 31/117/16 59/120/30
f 93/121/47 33/122/17 57/123/29
f 33/122/17 93/121/47 61/124/31
f 59/125/30 78/126/40 95/127/48
f 78/126/40 59/125/30 46/128/24
f 97/129/49 62/130/32 61/131/31
f 62/130/32 97/129/49 98/132/50
f 62/133/32 65/134/33 34/135/18
f 65/134/33 62/133/32 101/136/51
f 65/137/33 67/138/34 37/139/19
f 67/138/34 65/137/33 103/140/52
f 67/141/34 70/142/36 40/143/21
f 70/142/36 67/141/34 105/144/53
f 70/145/36 107/146/54 69/147/35
f 107/146/54 70/145/36 108/148/55
f 39/149/20 111/150/56 73/151/37
f 111/150/56 39/149/20 69/152/35
f 43/153/22 113/154/57 75/155/38
f 113/154/57 43/153/22 73/156/37
f 45/157/23 115/158/58 77/159/39
f 115/158/58 45/157/23 75/160/38
f 78/161/40 117/162/59 118/163/60
f 117/162/59 78/161/40 77/164/39
f 82/165/42 121/166/61 122/167/62
f 121/166/61 82/165/42 81/168/41
f 85/169/43 82/170/42 125/171/63
f 82/170/42 85/169/43 50/172/26
f 49/173/25 127/174/64 81/175/41
f 127/174/64 49/173/25 87/176/44
f 89/177/45 85/178/43 129/179/65
f 85/178/43 89/177/45 53/180/27
f 55/181/28 131/182/66 87/183/44
f 131/182/66 55/181/28 91/184/46
f 93/185/47 89/186/45 133/187/67
f 89/186/45 93/185/47 57/188/29
f 59/189/30 135/190/68 91/191/46
f 135/190/68 59/189/30 95/192/48
f 137/193/69 61/194/31 93/195/47
f 61/194/31 137/193/69 97/196/49
f 95/197/48 118/198/60 139/199/70
f 118/198/60 95/197/48 78/200/40
f 141/201/71 98/202/50 97/203/49
f 98/202/50 141/201/71 142/204/72
f 98/205/50 101/206/51 62/207/32
f 101/206/51 98/205/50 145/208/73
f 101/209/51 103/210/52 65/211/33
f 103/210/52 101/209/51 147/212/74
f 103/213/52 105/214/53 67/215/34
f 105/214/53 103/213/52 149/216/75
f 105/217/53 108/218/55 70/219/36
f 108/218/55 105/217/53 151/220/76
f 107/221/54 153/222/77 154/223/78
f 153/222/77 107/221/54 108/224/55
f 69/225/35 157/226/79 111/227/56
f 157/226/79 69/225/35 107/228/54
f 73/229/37 159/230/80 113/231/57
f 159/230/80 73/229/37 111/232/56
f 75/233/38 161/234/81 115/235/58
f 161/234/81 75/233/38 113/236/57
f 77/237/39 163/238/82 117/239/59
f 163/238/82 77/237/39 115/240/58
f 118/241/60 165/242/83 166/243/84
f 165/242/83 118/241/60 117/244/59
f 169/245/85 121/246/61 170/247/86
f 121/246/61 169/245/85 122/248/62
f 125/249/63 122/250/62 173/251/87
f 122/250/62 125/249/63 82/252/42
f 81/253/41 175/254/88 121/255/61
f 175/254/88 81/253/41 127/256/64
f 129/257/65 125/258/63 177/259/89
f 125/258/63 129/257/65 85/260/43
f 87/261/44 179/262/90 127/263/64
f 179/262/90 87/261/44 131/264/66
f 133/265/67 129/266/65 181/267/91
f 129/266/65 133/265/67 89/268/45
f 91/269/46 183/270/92 131/271/66
f 183/270/92 91/269/46 135/272/68
f 137/273/69 133/274/67 185/275/93
f 133/274/67 137/273/69 93/276/47
f 95/277/48 187/278/94 135/279/68
f 187/278/94 95/277/48 139/280/70
f 189/281/95 97/282/49 137/283/69
f 97/282/49 189/281/95 141/284/71
f 139/285/70 166/286/84 191/287/96
f 166/286/84 139/285/70 118/288/60
f 193/289/97 142/290/72 141/291/71
f 142/290/72 193/289/97 194/292/98
f 142/293/72 145/294/73 98/295/50
f 145/294/73 142/293/72 197/296/99
f 145/297/73 147/298/74 101/299/51
f 147/298/74 145/297/73 199/300/100
f 147/301/74 149/302/75 103/303/52
f 149/302/75 147/301/74 201/304/101
f 149/305/75 151/306/76 105/307/53
f 151/306/76 149/305/75 203/308/102
f 108/309/55 205/310/103 153/311/77
f 205/310/103 108/309/55 151/312/76
f 154/313/78 207/314/104 208/315/105
f 207/314/104 154/313/78 153/316/77
f 157/317/79 154/318/78 211/319/106
f 154/318/78 157/317/79 107/320/54
f 159/321/80 157/322/79 213/323/107
f 157/322/79 159/321/80 111/324/56
f 113/325/57 215/326/108 161/327/81
f 215/326/108 113/325/57 159/328/80
f 115/329/58 217/330/109 163/331/82
f 217/330/109 115/329/58 161/332/81
f 117/333/59 219/334/110 165/335/83
f 219/334/110 117/333/59 163/336/82
f 166/337/84 221/338/111 222/339/112
f 221/338/111 166/337/84 165/340/83
f 225/341/113 170/342/86 226/343/114
f 170/342/86 225/341/113 169/344/85
f 229/345/115 122/346/62 169/347/85
f 122/346/62 229/345/115 173/348/87
f 170/349/86 175/350/88 231/351/116
f 175/350/88 170/349/86 121/352/61
f 177/353/89 173/354/87 233/355/117
f 173/354/87 177/353/89 125/356/63
f 127/357/64 235/358/118 175/359/88
f 235/358/118 127/357/64 179/360/90
f 181/361/91 177/362/89 237/363/119
f 177/362/89 181/361/91 129/364/65
f 131/365/66 239/366/120 179/367/90
f 239/366/120 131/365/66 183/368/92
f 185/369/93 181/370/91 241/371/121
f 181/370/91 185/369/93 133/372/67
f 135/373/68 243/374/122 183/375/92
f 243/374/122 135/373/68 187/376/94
f 189/377/95 185/378/93 245/379/123
f 185/378/93 189/377/95 137/380/69
f 139/381/70 247/382/124 187/383/94
f 247/382/124 139/381/70 191/384/96
f 249/385/125 141/386/71 189/387/95
f 141/386/71 249/385/125 193/388/97
f 191/389/96 222/390/112 251/391/126
f 222/390/112 191/389/96 166/392/84
f 253/393/127 194/394/98 193/395/97
f 194/394/98 253/393/127 254/396/128
f 194/397/98 197/398/99 142/399/72
f 197/398/99 194/397/98 257/400/129
f 197/401/99 199/402/100 145/403/73
f 199/402/100 197/401/99 259/404/130
f 199/405/100 201/406/101 147/407/74
f 201/406/101 199/405/100 261/408/131
f 201/409/101 203/410/102 149/411/75
f 203/410/102 201/409/101 263/412/132
f 151/413/76 265/414/133 205/415/103
f 265/414/133 151/413/76 203/416/102
f 153/417/77 267/418/134 207/419/104
f 267/418/134 153/417/77 205/420/103
f 208/421/105 269/422/135 270/423/136
f 269/422/135 208/421/105 207/424/104
f 211/425/106 208/426/105 273/427/137
f 208/426/105 211/425/106 154/428/78
f 213/429/107 211/430/106 275/431/138
f 211/430/106 213/429/107 157/432/79
f 215/433/108 213/434/107 277/435/139
f 213/434/107 215/433/108 159/436/80
f 161/437/81 279/438/140 217/439/109
f 279/438/140 161/437/81 215/440/108
f 163/441/82 281/442/141 219/443/110
f 281/442/141 163/441/82 217/444/109
f 165/445/83 283/446/142 221/447/111
f 283/446/142 165/445/83 219/448/110
f 222/449/112 285/450/143 286/451/144
f 285/450/143 222/449/112 221/452/111
f 289/453/145 226/454/114 290/455/146
f 226/454/114 289/453/145 225/456/113
f 293/457/147 169/458/85 225/459/113
f 169/458/85 293/457/147 229/460/115
f 226/461/114 231/462/116 295/463/148
f 231/462/116 226/461/114 170/464/86
f 297/465/149 173/466/87 229/467/115
f 173/466/87 297/465/149 233/468/117
f 231/469/116 235/470/118 299/471/150
f 235/470/118 231/469/116 175/472/88
f 237/473/119 233/474/117 301/475/151
f 233/474/117 237/473/119 177/476/89
f 179/477/90 303/478/152 235/479/118
f 303/478/152 179/477/90 239/480/120
f 241/481/121 237/482/119 305/483/153
f 237/482/119 241/481/121 181/484/91
f 183/485/92 307/486/154 239/487/120
f 307/486/154 183/485/92 243/488/122
f 245/489/123 241/490/121 309/491/155
f 241/490/121 245/489/123 185/492/93
f 187/493/94 311/494/156 243/495/122
f 311/494/156 187/493/94 247/496/124
f 249/497/125 245/498/123 313/499/157
f 245/498/123 249/497/125 189/500/95
f 191/501/96 315/502/158 247/503/124
f 315/502/158 191/501/96 251/504/126
f 317/505/159 193/506/97 249/507/125
f 193/506/97 317/505/159 253/508/127
f 251/509/126 286/510/144 319/511/160
f 286/510/144 251/509/126 222/512/112
f 321/513/161 254/514/128 253/515/127
f 254/514/128 321/513/161 322/516/162
f 254/517/128 257/518/129 194/519/98
f 257/518/129 254/517/128 325/520/163
f 257/521/129 259/522/130 197/523/99
f 259/522/130 257/521/129 327/524/164
f 259/525/130 261/526/131 199/527/100
f 261/526/131 259/525/130 329/528/165
f 261/529/131 263/530/132 201/531/101
f 263/530/132 261/529/131 331/532/166
f 203/533/102 333/534/167 265/535/133
f 333/534/167 203/533/102 263/536/132
f 205/537/103 335/538/168 267/539/134
f 335/538/168 205/537/103 265/540/133
f 207/541/104 337/542/169 269/543/135
f 337/542/169 207/541/104 267/544/134
f 270/545/136 339/546/170 340/547/171
f 339/546/170 270/545/136 269/548/135
f 273/549/137 270/550/136 343/551/172
f 270/550/136 273/549/137 208/552/105
f 275/553/138 273/554/137 345/555/173
f 273/554/137 275/553/138 211/556/106
f 277/557/139 275/558/138 347/559/174
f 275/558/138 277/557/139 213/560/107
f 279/561/140 277/562/139 349/563/175
f 277/562/139 279/561/140 215/564/108
f 217/565/109 351/566/176 281/567/141
f 351/566/176 217/565/109 279/568/140
f 219/569/110 353/570/177 283/571/142
f 353/570/177 219/569/110 281/572/141
f 221/573/111 355/574/178 285/575/143
f 355/574/178 221/573/111 283/576/142
f 286/577/144 357/578/179 358/579/180
f 357/578/179 286/577/144 285/580/143
f 361/581/181 290/582/146 362/583/182
f 290/582/146 361/581/181 289/584/145
f 365/585/183 225/586/113 289/587/145
f 225/586/113 365/585/183 293/588/147
f 290/589/146 295/590/148 367/591/184
f 295/590/148 290/589/146 226/592/114
f 369/593/185 229/594/115 293/595/147
f 229/594/115 369/593/185 297/596/149
f 295/597/148 299/598/150 371/599/186
f 299/598/150 295/597/148 231/600/116
f 373/601/187 233/602/117 297/603/149
f 233/602/117 373/601/187 301/604/151
f 299/605/150 303/606/152 375/607/188
f 303/606/152 299/605/150 235/608/118
f 305/609/153 301/610/151 377/611/189
f 301/610/151 305/609/153 237/612/119
f 239/613/120 379/614/190 303/615/152
f 379/614/190 239/613/120 307/616/154
f 309/617/155 305/618/153 381/619/191
f 305/618/153 309/617/155 241/620/121
f 243/621/122 383/622/192 307/623/154
f 383/622/192 243/621/122 311/624/156
f 313/625/157 309/626/155 385/627/193
f 309/626/155 313/625/157 245/628/123
f 247/629/124 387/630/194 311/631/156
f 387/630/194 247/629/124 315/632/158
f 317/633/159 313/634/157 389/635/195
f 313/634/157 317/633/159 249/636/125
f 251/637/126 391/638/196 315/639/158
f 391/638/196 251/637/126 319/640/160
f 393/641/197 253/642/127 317/643/159
f 253/642/127 393/641/197 321/644/161
f 319/645/160 358/646/180 395/647/198
f 358/646/180 319/645/160 286/648/144
f 397/649/199 321/650/161 398/651/200
f 321/650/161 397/649/199 322/652/162
f 322/653/162 325/654/163 254/655/128
f 325/654/163 322/653/162 401/656/201
f 325/657/163 327/658/164 257/659/129
f 327/658/164 325/657/163 403/660/202
f 327/661/164 329/662/165 259/663/130
f 329/662/165 327/661/164 405/664/203
f 329/665/165 331/666/166 261/667/131
f 331/666/166 329/665/165 407/668/204
f 263/669/132 409/670/205 333/671/167
f 409/670/205 263/669/132 331/672/166
f 265/673/133 411/674/206 335/675/168
f 411/674/206 265/673/133 333/676/167
f 267/677/134 413/678/207 337/679/169
f 413/678/207 267/677/134 335/680/168
f 269/681/135 415/682/208 339/683/170
f 415/682/208 269/681/135 337/684/169
f 340/685/171 417/686/209 418/687/210
f 417/686/209 340/685/171 339/688/170
f 343/689/172 340/690/171 421/691/211
f 340/690/171 343/689/172 270/692/136
f 345/693/173 343/694/172 423/695/212
f 343/694/172 345/693/173 273/696/137
f 347/697/174 345/698/173 425/699/213
f 345/698/173 347/697/174 275/700/138
f 349/701/175 347/702/174 427/703/214
f 347/702/174 349/701/175 277/704/139
f 351/705/176 349/706/175 429/707/215
f 349/706/175 351/705/176 279/708/140
f 281/709/141 431/710/216 353/711/177
f 431/710/216 281/709/141 351/712/176
f 283/713/142 433/714/217 355/715/178
f 433/714/217 283/713/142 353/716/177
f 285/717/143 435/718/218 357/719/179
f 435/718/218 285/717/143 355/720/178
f 358/721/180 437/722/219 438/723/220
f 437/722/219 358/721/180 357/724/179
f 441/725/221 361/726/181 362/727/182
f 361/726/181 441/725/221 442/728/222
f 445/729/223 289/730/145 361/731/181
f 289/730/145 445/729/223 365/732/183
f 362/733/182 367/734/184 447/735/224
f 367/734/184 362/733/182 290/736/146
f 449/737/225 293/738/147 365/739/183
f 293/738/147 449/737/225 369/740/185
f 367/741/184 371/742/186 451/743/226
f 371/742/186 367/741/184 295/744/148
f 453/745/227 297/746/149 369/747/185
f 297/746/149 453/745/227 373/748/187
f 371/749/186 375/750/188 455/751/228
f 375/750/188 371/749/186 299/752/150
f 457/753/229 301/754/151 373/755/187
f 301/754/151 457/753/229 377/756/189
f 375/757/188 379/758/190 459/759/230
f 379/758/190 375/757/188 303/760/152
f 381/761/191 377/762/189 461/763/231
f 377/762/189 381/761/191 305/764/153
f 307/765/154 463/766/232 379/767/190
f 463/766/232 307/765/154 383/768/192
f 385/769/193 381/770/191 465/771/233
f 381/770/191 385/769/193 309/772/155
f 311/773/156 467/774/234 383/775/192
f 467/774/234 311/773/156 387/776/194
f 389/777/195 385/778/193 469/779/235
f 385/778/193 389/777/195 313/780/157
f 315/781/158 471/782/236 387/783/194
f 471/782/236 315/781/158 391/784/196
f 393/785/197 389/786/195 473/787/237
f 389/786/195 393/785/197 317/788/159
f 319/789/160 475/790/238 391/791/196
f 475/790/238 319/789/160 395/792/198
f 398/793/200 393/794/197 477/795/239
f 393/794/197 398/793/200 321/796/161
f 395/797/198 438/798/220 479/799/240
f 438/798/220 395/797/198 358/800/180
f 481/801/241 482/802/242 483/803/243
f 482/802/242 481/801/241 484/804/244
f 397/805/199 401/806/201 322/807/162
f 401/806/201 397/805/199 489/808/245
f 401/809/201 403/810/202 325/811/163
f 403/810/202 401/809/201 491/812/246
f 403/813/202 405/814/203 327/815/164
f 405/814/203 403/813/202 493/816/247
f 405/817/203 407/818/204 329/819/165
f 407/818/204 405/817/203 495/820/248
f 331/821/166 497/822/249 409/823/205
f 497/822/249 331/821/166 407/824/204
f 333/825/167 499/826/250 411/827/206
f 499/826/250 333/825/167 409/828/205
f 335/829/168 501/830/251 413/831/207
f 501/830/251 335/829/168 411/832/206
f 337/833/169 503/834/252 415/835/208
f 503/834/252 337/833/169 413/836/207
f 339/837/170 505/838/253 417/839/209
f 505/838/253 339/837/170 415/840/208
f 507/841/254 417/842/209 508/843/255
f 417/842/209 507/841/254 418/844/210
f 421/845/211 418/846/210 511/847/256
f 418/846/210 421/845/211 340/848/171
f 423/849/212 421/850/211 513/851/257
f 421/850/211 423/849/212 343/852/172
f 425/853/213 423/854/212 515/855/258
f 423/854/212 425/853/213 345/856/173
f 427/857/214 425/858/213 517/859/259
f 425/858/213 427/857/214 347/860/174
f 429/861/215 427/862/214 519/863/260
f 427/862/214 429/861/215 349/864/175
f 351/865/176 521/866/261 431/867/216
f 521/866/261 351/865/176 429/868/215
f 353/869/177 523/870/262 433/871/217
f 523/870/262 353/869/177 431/872/216
f 355/873/178 525/874/263 435/875/218
f 525/874/263 355/873/178 433/876/217
f 357/877/179 527/878/264 437/879/219
f 527/878/264 357/877/179 435/880/218
f 438/881/220 529/882/265 530/883/266
f 529/882/265 438/881/220 437/884/219
f 533/885/267 441/886/221 534/887/268
f 441/886/221 533/885/267 442/888/222
f 442/889/222 445/890/223 361/891/181
f 445/890/223 442/889/222 537/892/269
f 539/893/270 362/894/182 447/895/224
f 362/894/182 539/893/270 441/896/221
f 541/897/271 365/898/183 445/899/223
f 365/898/183 541/897/271 449/900/225
f 447/901/224 451/902/226 543/903/272
f 451/902/226 447/901/224 367/904/184
f 545/905/273 369/906/185 449/907/225
f 369/906/185 545/905/273 453/908/227
f 451/909/226 455/910/228 547/911/274
f 455/910/228 451/909/226 371/912/186
f 549/913/275 373/914/187 453/915/227
f 373/914/187 549/913/275 457/916/229
f 455/917/228 459/918/230 551/919/276
f 459/918/230 455/917/228 375/920/188
f 553/921/277 377/922/189 457/923/229
f 377/922/189 553/921/277 461/924/231
f 459/925/230 463/926/232 555/927/278
f 463/926/232 459/925/230 379/928/190
f 465/929/233 461/930/231 557/931/279
f 461/930/231 465/929/233 381/932/191
f 383/933/192 559/934/280 463/935/232
f 559/934/280 383/933/192 467/936/234
f 469/937/235 465/938/233 561/939/281
f 465/938/233 469/937/235 385/940/193
f 387/941/194 563/942/282 467/943/234
f 563/942/282 387/941/194 471/944/236
f 565/945/283 566/946/284 567/947/285
f 566/946/284 565/945/283 568/948/286
f 391/949/196 573/950/287 471/951/236
f 573/950/287 391/949/196 475/952/238
f 477/953/239 473/954/237 575/955/288
f 473/954/237 477/953/239 393/956/197
f 395/957/198 577/958/289 475/959/238
f 577/958/289 395/957/198 479/960/240
f 483/961/243 579/962/290 580/963/291
f 579/962/290 483/961/243 482/964/242
f 479/965/240 530/966/266 583/967/292
f 530/966/266 479/965/240 438/968/220
f 585/969/293 483/970/243 586/971/294
f 483/970/243 585/969/293 481/972/241
f 481/973/241 589/974/295 484/975/244
f 589/974/295 481/973/241 590/976/296
f 489/977/245 491/978/246 401/979/201
f 491/978/246 489/977/245 593/980/297
f 491/981/246 493/982/247 403/983/202
f 493/982/247 491/981/246 595/984/298
f 493/985/247 495/986/248 405/987/203
f 495/986/248 493/985/247 597/988/299
f 407/989/204 599/990/300 497/991/249
f 599/990/300 407/989/204 495/992/248
f 409/993/205 601/994/301 499/995/250
f 601/994/301 409/993/205 497/996/249
f 411/997/206 603/998/302 501/999/251
f 603/998/302 411/997/206 499/1000/250
f 413/1001/207 605/1002/303 503/1003/252
f 605/1002/303 413/1001/207 501/1004/251
f 415/1005/208 607/1006/304 505/1007/253
f 607/1006/304 415/1005/208 503/1008/252
f 508/1009/255 505/1010/253 609/1011/305
f 505/1010/253 508/1009/255 417/1012/209
f 611/1013/306 508/1014/255 612/1015/307
f 508/1014/255 611/1013/306 507/1016/254
f 615/1017/308 418/1018/210 507/1019/254
f 418/1018/210 615/1017/308 511/1020/256
f 513/1021/257 511/1022/256 617/1023/309
f 511/1022/256 513/1021/257 421/1024/211
f 515/1025/258 513/1026/257 619/1027/310
f 513/1026/257 515/1025/258 423/1028/212
f 517/1029/259 515/1030/258 621/1031/311
f 515/1030/258 517/1029/259 425/1032/213
f 519/1033/260 517/1034/259 623/1035/312
f 517/1034/259 519/1033/260 427/1036/214
f 521/1037/261 519/1038/260 625/1039/313
f 519/1038/260 521/1037/261 429/1040/215
f 431/1041/216 627/1042/314 523/1043/262
f 627/1042/314 431/1041/216 521/1044/261
f 433/1045/217 629/1046/315 525/1047/263
f 629/1046/315 433/1045/217 523/1048/262
f 435/1049/218 631/1050/316 527/1051/264
f 631/1050/316 435/1049/218 525/1052/263
f 437/1053/219 633/1054/317 529/1055/265
f 633/1054/317 437/1053/219 527/1056/264
f 530/1057/266 635/1058/318 636/1059/319
f 635/1058/318 530/1057/266 529/1060/265
f 534/1061/268 612/1062/307 533/1063/267
f 612/1062/307 534/1061/268 611/1064/306
f 639/1065/320 442/1066/222 533/1067/267
f 442/1066/222 639/1065/320 537/1068/269
f 534/1069/268 539/1070/270 641/1071/321
f 539/1070/270 534/1069/268 441/1072/221
f 537/1073/269 541/1074/271 445/1075/223
f 541/1074/271 537/1073/269 643/1076/322
f 645/1077/323 447/1078/224 543/1079/272
f 447/1078/224 645/1077/323 539/1080/270
f 647/1081/324 449/1082/225 541/1083/271
f 449/1082/225 647/1081/324 545/1084/273
f 543/1085/272 547/1086/274 649/1087/325
f 547/1086/274 543/1085/272 451/1088/226
f 651/1089/326 453/1090/227 545/1091/273
f 453/1090/227 651/1089/326 549/1092/275
f 547/1093/274 551/1094/276 653/1095/327
f 551/1094/276 547/1093/274 455/1096/228
f 655/1097/328 457/1098/229 549/1099/275
f 457/1098/229 655/1097/328 553/1100/277
f 551/1101/276 555/1102/278 657/1103/329
f 555/1102/278 551/1101/276 459/1104/230
f 659/1105/330 461/1106/231 553/1107/277
f 461/1106/231 659/1105/330 557/1108/279
f 555/1109/278 559/1110/280 661/1111/331
f 559/1110/280 555/1109/278 463/1112/232
f 561/1113/281 557/1114/279 663/1115/332
f 557/1114/279 561/1113/281 465/1116/233
f 467/1117/234 665/1118/333 559/1119/280
f 665/1118/333 467/1117/234 563/1120/282
f 567/1121/285 667/1122/334 668/1123/335
f 667/1122/334 567/1121/285 566/1124/284
f 471/1125/236 671/1126/336 563/1127/282
f 671/1126/336 471/1125/236 573/1128/287
f 673/1129/337 567/1130/285 674/1131/338
f 567/1130/285 673/1129/337 565/1132/283
f 475/1133/238 677/1134/339 573/1135/287
f 677/1134/339 475/1133/238 577/1136/289
f 679/1137/340 579/1138/290 680/1139/341
f 579/1138/290 679/1137/340 580/1140/291
f 479/1141/240 683/1142/342 577/1143/289
f 683/1142/342 479/1141/240 583/1144/292
f 586/1145/294 580/1146/291 685/1147/343
f 580/1146/291 586/1145/294 483/1148/243
f 583/1149/292 636/1150/319 687/1151/344
f 636/1150/319 583/1149/292 530/1152/266
f 689/1153/345 586/1154/294 690/1155/346
f 586/1154/294 689/1153/345 585/1156/293
f 585/1157/293 590/1158/296 481/1159/241
f 590/1158/296 585/1157/293 693/1160/347
f 590/1161/296 695/1162/348 589/1163/295
f 695/1162/348 590/1161/296 696/1164/349
f 593/1165/297 595/1166/298 491/1167/246
f 595/1166/298 593/1165/297 699/1168/350
f 595/1169/298 597/1170/299 493/1171/247
f 597/1170/299 595/1169/298 701/1172/351
f 495/1173/248 703/1174/352 599/1175/300
f 703/1174/352 495/1173/248 597/1176/299
f 599/1177/300 601/1178/301 497/1179/249
f 601/1178/301 599/1177/300 705/1180/353
f 499/1181/250 707/1182/354 603/1183/302
f 707/1182/354 499/1181/250 601/1184/301
f 501/1185/251 709/1186/355 605/1187/303
f 709/1186/355 501/1185/251 603/1188/302
f 503/1189/252 711/1190/356 607/1191/304
f 711/1190/356 503/1189/252 605/1192/303
f 609/1193/305 607/1194/304 713/1195/357
f 607/1194/304 609/1193/305 505/1196/253
f 612/1197/307 609/1198/305 715/1199/358
f 609/1198/305 612/1197/307 508/1200/255
f 717/1201/359 507/1202/254 611/1203/306
f 507/1202/254 717/1201/359 615/1204/308
f 719/1205/360 511/1206/256 615/1207/308
f 511/1206/256 719/1205/360 617/1208/309
f 619/1209/310 617/1210/309 721/1211/361
f 617/1210/309 619/1209/310 513/1212/257
f 621/1213/311 619/1214/310 723/1215/362
f 619/1214/310 621/1213/311 515/1216/258
f 623/1217/312 621/1218/311 725/1219/363
f 621/1218/311 623/1217/312 517/1220/259
f 625/1221/313 623/1222/312 727/1223/364
f 623/1222/312 625/1221/313 519/1224/260
f 627/1225/314 625/1226/313 729/1227/365
f 625/1226/313 627/1225/314 521/1228/261
f 523/1229/262 731/1230/366 629/1231/315
f 731/1230/366 523/1229/262 627/1232/314
f 525/1233/263 733/1234/367 631/1235/316
f 733/1234/367 525/1233/263 629/1236/315
f 527/1237/264 735/1238/368 633/1239/317
f 735/1238/368 527/1237/264 631/1240/316
f 529/1241/265 737/1242/369 635/1243/318
f 737/1242/369 529/1241/265 633/1244/317
f 636/1245/319 739/1246/370 740/1247/371
f 739/1246/370 636/1245/319 635/1248/318
f 533/1249/267 715/1250/358 639/1251/320
f 715/1250/358 533/1249/267 612/1252/307
f 641/1253/321 611/1254/306 534/1255/268
f 611/1254/306 641/1253/321 717/1256/359
f 743/1257/372 537/1258/269 639/1259/320
f 537/1258/269 743/1257/372 643/1260/322
f 745/1261/373 539/1262/270 645/1263/323
f 539/1262/270 745/1261/373 641/1264/321
f 643/1265/322 647/1266/324 541/1267/271
f 647/1266/324 643/1265/322 747/1268/374
f 749/1269/375 543/1270/272 649/1271/325
f 543/1270/272 749/1269/375 645/1272/323
f 751/1273/376 545/1274/273 647/1275/324
f 545/1274/273 751/1273/376 651/1276/326
f 649/1277/325 653/1278/327 753/1279/377
f 653/1278/327 649/1277/325 547/1280/274
f 755/1281/378 549/1282/275 651/1283/326
f 549/1282/275 755/1281/378 655/1284/328
f 653/1285/327 657/1286/329 757/1287/379
f 657/1286/329 653/1285/327 551/1288/276
f 759/1289/380 553/1290/277 655/1291/328
f 553/1290/277 759/1289/380 659/1292/330
f 657/1293/329 661/1294/331 761/1295/381
f 661/1294/331 657/1293/329 555/1296/278
f 763/1297/382 557/1298/279 659/1299/330
f 557/1298/279 763/1297/382 663/1300/332
f 661/1301/331 665/1302/333 765/1303/383
f 665/1302/333 661/1301/331 559/1304/280
f 668/1305/335 767/1306/384 768/1307/385
f 767/1306/384 668/1305/335 667/1308/334
f 563/1309/282 771/1310/386 665/1311/333
f 771/1310/386 563/1309/282 671/1312/336
f 674/1313/338 668/1314/335 773/1315/387
f 668/1314/335 674/1313/338 567/1316/285
f 573/1317/287 775/1318/388 671/1319/336
f 775/1318/388 573/1317/287 677/1320/339
f 777/1321/389 680/1322/341 778/1323/390
f 680/1322/341 777/1321/389 679/1324/340
f 577/1325/289 781/1326/391 677/1327/339
f 781/1326/391 577/1325/289 683/1328/342
f 685/1329/343 679/1330/340 783/1331/392
f 679/1330/340 685/1329/343 580/1332/291
f 583/1333/292 785/1334/393 683/1335/342
f 785/1334/393 583/1333/292 687/1336/344
f 690/1337/346 685/1338/343 787/1339/394
f 685/1338/343 690/1337/346 586/1340/294
f 687/1341/344 740/1342/371 789/1343/395
f 740/1342/371 687/1341/344 636/1344/319
f 791/1345/396 690/1346/346 792/1347/397
f 690/1346/346 791/1345/396 689/1348/345
f 689/1349/345 693/1350/347 585/1351/293
f 693/1350/347 689/1349/345 795/1352/398
f 693/1353/347 696/1354/349 590/1355/296
f 696/1354/349 693/1353/347 797/1356/399
f 696/1357/349 799/1358/400 695/1359/348
f 799/1358/400 696/1357/349 800/1360/401
f 699/1361/350 701/1362/351 595/1363/298
f 701/1362/351 699/1361/350 803/1364/402
f 597/1365/299 805/1366/403 703/1367/352
f 805/1366/403 597/1365/299 701/1368/351
f 703/1369/352 705/1370/353 599/1371/300
f 705/1370/353 703/1369/352 807/1372/404
f 601/1373/301 809/1374/405 707/1375/354
f 809/1374/405 601/1373/301 705/1376/353
f 603/1377/302 811/1378/406 709/1379/355
f 811/1378/406 603/1377/302 707/1380/354
f 605/1381/303 813/1382/407 711/1383/356
f 813/1382/407 605/1381/303 709/1384/355
f 713/1385/357 711/1386/356 815/1387/408
f 711/1386/356 713/1385/357 607/1388/304
f 715/1389/358 713/1390/357 817/1391/409
f 713/1390/357 715/1389/358 609/1392/305
f 819/1393/410 615/1394/308 717/1395/359
f 615/1394/308 819/1393/410 719/1396/360
f 821/1397/411 617/1398/309 719/1399/360
f 617/1398/309 821/1397/411 721/1400/361
f 723/1401/362 721/1402/361 823/1403/412
f 721/1402/361 723/1401/362 619/1404/310
f 725/1405/363 723/1406/362 825/1407/413
f 723/1406/362 725/1405/363 621/1408/311
f 727/1409/364 725/1410/363 827/1411/414
f 725/1410/363 727/1409/364 623/1412/312
f 729/1413/365 727/1414/364 829/1415/415
f 727/1414/364 729/1413/365 625/1416/313
f 731/1417/366 729/1418/365 831/1419/416
f 729/1418/365 731/1417/366 627/1420/314
f 629/1421/315 833/1422/417 733/1423/367
f 833/1422/417 629/1421/315 731/1424/366
f 631/1425/316 835/1426/418 735/1427/368
f 835/1426/418 631/1425/316 733/1428/367
f 633/1429/317 837/1430/419 737/1431/369
f 837/1430/419 633/1429/317 735/1432/368
f 635/1433/318 839/1434/420 739/1435/370
f 839/1434/420 635/1433/318 737/1436/369
f 740/1437/371 841/1438/421 842/1439/422
f 841/1438/421 740/1437/371 739/1440/370
f 639/1441/320 817/1442/409 743/1443/372
f 817/1442/409 639/1441/320 715/1444/358
f 745/1445/373 717/1446/359 641/1447/321
f 717/1446/359 745/1445/373 819/1448/410
f 845/1449/423 643/1450/322 743/1451/372
f 643/1450/322 845/1449/423 747/1452/374
f 847/1453/424 645/1454/323 749/1455/375
f 645/1454/323 847/1453/424 745/1456/373
f 747/1457/374 751/1458/376 647/1459/324
f 751/1458/376 747/1457/374 849/1460/425
f 851/1461/426 649/1462/325 753/1463/377
f 649/1462/325 851/1461/426 749/1464/375
f 853/1465/427 651/1466/326 751/1467/376
f 651/1466/326 853/1465/427 755/1468/378
f 753/1469/377 757/1470/379 855/1471/428
f 757/1470/379 753/1469/377 653/1472/327
f 857/1473/429 655/1474/328 755/1475/378
f 655/1474/328 857/1473/429 759/1476/380
f 757/1477/379 761/1478/381 859/1479/430
f 761/1478/381 757/1477/379 657/1480/329
f 861/1481/431 659/1482/330 759/1483/380
f 659/1482/330 861/1481/431 763/1484/382
f 761/1485/381 765/1486/383 863/1487/432
f 765/1486/383 761/1485/381 661/1488/331
f 865/1489/433 767/1490/384 866/1491/434
f 767/1490/384 865/1489/433 768/1492/385
f 765/1493/383 771/1494/386 869/1495/435
f 771/1494/386 765/1493/383 665/1496/333
f 773/1497/387 768/1498/385 871/1499/436
f 768/1498/385 773/1497/387 668/1500/335
f 671/1501/336 873/1502/437 771/1503/386
f 873/1502/437 671/1501/336 775/1504/388
f 875/1505/438 778/1506/390 876/1507/439
f 778/1506/390 875/1505/438 777/1508/389
f 677/1509/339 879/1510/440 775/1511/388
f 879/1510/440 677/1509/339 781/1512/391
f 881/1513/441 679/1514/340 777/1515/389
f 679/1514/340 881/1513/441 783/1516/392
f 683/1517/342 883/1518/442 781/1519/391
f 883/1518/442 683/1517/342 785/1520/393
f 885/1521/443 685/1522/343 783/1523/392
f 685/1522/343 885/1521/443 787/1524/394
f 687/1525/344 887/1526/444 785/1527/393
f 887/1526/444 687/1525/344 789/1528/395
f 792/1529/397 787/1530/394 889/1531/445
f 787/1530/394 792/1529/397 690/1532/346
f 789/1533/395 842/1534/422 891/1535/446
f 842/1534/422 789/1533/395 740/1536/371
f 893/1537/447 792/1538/397 894/1539/448
f 792/1538/397 893/1537/447 791/1540/396
f 791/1541/396 795/1542/398 689/1543/345
f 795/1542/398 791/1541/396 897/1544/449
f 795/1545/398 797/1546/399 693/1547/347
f 797/1546/399 795/1545/398 899/1548/450
f 797/1549/399 800/1550/401 696/1551/349
f 800/1550/401 797/1549/399 901/1552/451
f 800/1553/401 903/1554/452 799/1555/400
f 903/1554/452 800/1553/401 904/1556/453
f 701/1557/351 907/1558/454 805/1559/403
f 907/1558/454 701/1557/351 803/1560/402
f 805/1561/403 807/1562/404 703/1563/352
f 807/1562/404 805/1561/403 909/1564/455
f 705/1565/353 911/1566/456 809/1567/405
f 911/1566/456 705/1565/353 807/1568/404
f 707/1569/354 913/1570/457 811/1571/406
f 913/1570/457 707/1569/354 809/1572/405
f 709/1573/355 915/1574/458 813/1575/407
f 915/1574/458 709/1573/355 811/1576/406
f 815/1577/408 813/1578/407 917/1579/459
f 813/1578/407 815/1577/408 711/1580/356
f 817/1581/409 815/1582/408 919/1583/460
f 815/1582/408 817/1581/409 713/1584/357
f 921/1585/461 719/1586/360 819/1587/410
f 719/1586/360 921/1585/461 821/1588/411
f 923/1589/462 721/1590/361 821/1591/411
f 721/1590/361 923/1589/462 823/1592/412
f 825/1593/413 823/1594/412 925/1595/463
f 823/1594/412 825/1593/413 723/1596/362
f 827/1597/414 825/1598/413 927/1599/464
f 825/1598/413 827/1597/414 725/1600/363
f 829/1601/415 827/1602/414 929/1603/465
f 827/1602/414 829/1601/415 727/1604/364
f 831/1605/416 829/1606/415 931/1607/466
f 829/1606/415 831/1605/416 729/1608/365
f 833/1609/417 831/1610/416 933/1611/467
f 831/1610/416 833/1609/417 731/1612/366
f 733/1613/367 935/1614/468 835/1615/418
f 935/1614/468 733/1613/367 833/1616/417
f 735/1617/368 937/1618/469 837/1619/419
f 937/1618/469 735/1617/368 835/1620/418
f 737/1621/369 939/1622/470 839/1623/420
f 939/1622/470 737/1621/369 837/1624/419
f 739/1625/370 941/1626/471 841/1627/421
f 941/1626/471 739/1625/370 839/1628/420
f 842/1629/422 943/1630/472 944/1631/473
f 943/1630/472 842/1629/422 841/1632/421
f 743/1633/372 919/1634/460 845/1635/423
f 919/1634/460 743/1633/372 817/1636/409
f 847/1637/424 819/1638/410 745/1639/373
f 819/1638/410 847/1637/424 921/1640/461
f 947/1641/474 747/1642/374 845/1643/423
f 747/1642/374 947/1641/474 849/1644/425
f 949/1645/475 749/1646/375 851/1647/426
f 749/1646/375 949/1645/475 847/1648/424
f 951/1649/476 751/1650/376 849/1651/425
f 751/1650/376 951/1649/476 853/1652/427
f 953/1653/477 753/1654/377 855/1655/428
f 753/1654/377 953/1653/477 851/1656/426
f 955/1657/478 755/1658/378 853/1659/427
f 755/1658/378 955/1657/478 857/1660/429
f 957/1661/479 757/1662/379 859/1663/430
f 757/1662/379 957/1661/479 855/1664/428
f 959/1665/480 759/1666/380 857/1667/429
f 759/1666/380 959/1665/480 861/1668/431
f 859/1669/430 863/1670/432 961/1671/481
f 863/1670/432 859/1669/430 761/1672/381
f 963/1673/482 866/1674/434 964/1675/483
f 866/1674/434 963/1673/482 865/1676/433
f 863/1677/432 869/1678/435 967/1679/484
f 869/1678/435 863/1677/432 765/1680/383
f 969/1681/485 768/1682/385 865/1683/433
f 768/1682/385 969/1681/485 871/1684/436
f 869/1685/435 873/1686/437 971/1687/486
f 873/1686/437 869/1685/435 771/1688/386
f 973/1689/487 876/1690/439 974/1691/488
f 876/1690/439 973/1689/487 875/1692/438
f 775/1693/388 977/1694/489 873/1695/437
f 977/1694/489 775/1693/388 879/1696/440
f 979/1697/490 777/1698/389 875/1699/438
f 777/1698/389 979/1697/490 881/1700/441
f 781/1701/391 981/1702/491 879/1703/440
f 981/1702/491 781/1701/391 883/1704/442
f 983/1705/492 783/1706/392 881/1707/441
f 783/1706/392 983/1705/492 885/1708/443
f 785/1709/393 985/1710/493 883/1711/442
f 985/1710/493 785/1709/393 887/1712/444
f 889/1713/445 885/1714/443 987/1715/494
f 885/1714/443 889/1713/445 787/1716/394
f 789/1717/395 989/1718/495 887/1719/444
f 989/1718/495 789/1717/395 891/1720/446
f 894/1721/448 889/1722/445 991/1723/496
f 889/1722/445 894/1721/448 792/1724/397
f 891/1725/446 944/1726/473 993/1727/497
f 944/1726/473 891/1725/446 842/1728/422
f 995/1729/498 894/1730/448 996/1731/499
f 894/1730/448 995/1729/498 893/1732/447
f 893/1733/447 897/1734/449 791/1735/396
f 897/1734/449 893/1733/447 999/1736/500
f 897/1737/449 899/1738/450 795/1739/398
f 899/1738/450 897/1737/449 1001/1740/501
f 899/1741/450 901/1742/451 797/1743/399
f 901/1742/451 899/1741/450 1003/1744/502
f 901/1745/451 904/1746/453 800/1747/401
f 904/1746/453 901/1745/451 1005/1748/503
f 904/1749/453 1007/1750/504 903/1751/452
f 1007/1750/504 904/1749/453 1008/1752/505
f 907/1753/454 909/1754/455 805/1755/403
f 909/1754/455 907/1753/454 1011/1756/506
f 807/1757/404 1013/1758/507 911/1759/456
f 1013/1758/507 807/1757/404 909/1760/455
f 809/1761/405 1015/1762/508 913/1763/457
f 1015/1762/508 809/1761/405 911/1764/456
f 811/1765/406 1017/1766/509 915/1767/458
f 1017/1766/509 811/1765/406 913/1768/457
f 917/1769/459 915/1770/458 1019/1771/510
f 915/1770/458 917/1769/459 813/1772/407
f 919/1773/460 917/1774/459 1021/1775/511
f 917/1774/459 919/1773/460 815/1776/408
f 1023/1777/512 821/1778/411 921/1779/461
f 821/1778/411 1023/1777/512 923/1780/462
f 1025/1781/513 823/1782/412 923/1783/462
f 823/1782/412 1025/1781/513 925/1784/463
f 927/1785/464 925/1786/463 1027/1787/514
f 925/1786/463 927/1785/464 825/1788/413
f 929/1789/465 927/1790/464 1029/1791/515
f 927/1790/464 929/1789/465 827/1792/414
f 931/1793/466 929/1794/465 1031/1795/516
f 929/1794/465 931/1793/466 829/1796/415
f 933/1797/467 931/1798/466 1033/1799/517
f 931/1798/466 933/1797/467 831/1800/416
f 935/1801/468 933/1802/467 1035/1803/518
f 933/1802/467 935/1801/468 833/1804/417
f 937/1805/469 935/1806/468 1037/1807/519
f 935/1806/468 937/1805/469 835/1808/418
f 837/1809/419 1039/1810/520 939/1811/470
f 1039/1810/520 837/1809/419 937/1812/469
f 839/1813/420 1041/1814/521 941/1815/471
f 1041/1814/521 839/1813/420 939/1816/470
f 841/1817/421 1043/1818/522 943/1819/472
f 1043/1818/522 841/1817/421 941/1820/471
f 944/1821/473 1045/1822/523 1046/1823/524
f 1045/1822/523 944/1821/473 943/1824/472
f 845/1825/423 1021/1826/511 947/1827/474
f 1021/1826/511 845/1825/423 919/1828/460
f 949/1829/475 921/1830/461 847/1831/424
f 921/1830/461 949/1829/475 1023/1832/512
f 947/1833/474 951/1834/476 849/1835/425
f 951/1834/476 947/1833/474 1049/1836/525
f 1051/1837/526 851/1838/426 953/1839/477
f 851/1838/426 1051/1837/526 949/1840/475
f 1053/1841/527 853/1842/427 951/1843/476
f 853/1842/427 1053/1841/527 955/1844/478
f 953/1845/477 957/1846/479 1055/1847/528
f 957/1846/479 953/1845/477 855/1848/428
f 1057/1849/529 857/1850/429 955/1851/478
f 857/1850/429 1057/1849/529 959/1852/480
f 1059/1853/530 859/1854/430 961/1855/481
f 859/1854/430 1059/1853/530 957/1856/479
f 1061/1857/531 964/1858/483 1062/1859/532
f 964/1858/483 1061/1857/531 963/1860/482
f 961/1861/481 967/1862/484 1065/1863/533
f 967/1862/484 961/1861/481 863/1864/432
f 1067/1865/534 865/1866/433 963/1867/482
f 865/1866/433 1067/1865/534 969/1868/485
f 967/1869/484 971/1870/486 1069/1871/535
f 971/1870/486 967/1869/484 869/1872/435
f 1071/1873/536 974/1874/488 1072/1875/537
f 974/1874/488 1071/1873/536 973/1876/487
f 971/1877/486 977/1878/489 1075/1879/538
f 977/1878/489 971/1877/486 873/1880/437
f 1077/1881/539 875/1882/438 973/1883/487
f 875/1882/438 1077/1881/539 979/1884/490
f 879/1885/440 1079/1886/540 977/1887/489
f 1079/1886/540 879/1885/440 981/1888/491
f 1081/1889/541 881/1890/441 979/1891/490
f 881/1890/441 1081/1889/541 983/1892/492
f 883/1893/442 1083/1894/542 981/1895/491
f 1083/1894/542 883/1893/442 985/1896/493
f 1085/1897/543 885/1898/443 983/1899/492
f 885/1898/443 1085/1897/543 987/1900/494
f 887/1901/444 1087/1902/544 985/1903/493
f 1087/1902/544 887/1901/444 989/1904/495
f 991/1905/496 987/1906/494 1089/1907/545
f 987/1906/494 991/1905/496 889/1908/445
f 891/1909/446 1091/1910/546 989/1911/495
f 1091/1910/546 891/1909/446 993/1912/497
f 996/1913/499 991/1914/496 1093/1915/547
f 991/1914/496 996/1913/499 894/1916/448
f 993/1917/497 1046/1918/524 1095/1919/548
f 1046/1918/524 993/1917/497 944/1920/473
f 1097/1921/549 996/1922/499 1098/1923/550
f 996/1922/499 1097/1921/549 995/1924/498
f 995/1925/498 999/1926/500 893/1927/447
f 999/1926/500 995/1925/498 1101/1928/551
f 999/1929/500 1001/1930/501 897/1931/449
f 1001/1930/501 999/1929/500 1103/1932/552
f 1001/1933/501 1003/1934/502 899/1935/450
f 1003/1934/502 1001/1933/501 1105/1936/553
f 1003/1937/502 1005/1938/503 901/1939/451
f 1005/1938/503 1003/1937/502 1107/1940/554
f 1005/1941/503 1008/1942/505 904/1943/453
f 1008/1942/505 1005/1941/503 1109/1944/555
f 1008/1945/505 1111/1946/556 1007/1947/504
f 1111/1946/556 1008/1945/505 1112/1948/557
f 1013/1949/507 1011/1950/506 1115/1951/558
f 1011/1950/506 1013/1949/507 909/1952/455
f 911/1953/456 1117/1954/559 1015/1955/508
f 1117/1954/559 911/1953/456 1013/1956/507
f 913/1957/457 1119/1958/560 1017/1959/509
f 1119/1958/560 913/1957/457 1015/1960/508
f 1019/1961/510 1017/1962/509 1121/1963/561
f 1017/1962/509 1019/1961/510 915/1964/458
f 1021/1965/511 1019/1966/510 1123/1967/562
f 1019/1966/510 1021/1965/511 917/1968/459
f 1125/1969/563 923/1970/462 1023/1971/512
f 923/1970/462 1125/1969/563 1025/1972/513
f 1127/1973/564 925/1974/463 1025/1975/513
f 925/1974/463 1127/1973/564 1027/1976/514
f 1029/1977/515 1027/1978/514 1129/1979/565
f 1027/1978/514 1029/1977/515 927/1980/464
f 1031/1981/516 1029/1982/515 1131/1983/566
f 1029/1982/515 1031/1981/516 929/1984/465
f 1033/1985/517 1031/1986/516 1133/1987/567
f 1031/1986/516 1033/1985/517 931/1988/466
f 1035/1989/518 1033/1990/517 1135/1991/568
f 1033/1990/517 1035/1989/518 933/1992/467
f 1037/1993/519 1035/1994/518 1137/1995/569
f 1035/1994/518 1037/1993/519 935/1996/468
f 937/1997/469 1139/1998/570 1039/1999/520
f 1139/1998/570 937/1997/469 1037/2000/519
f 939/2001/470 1141/2002/571 1041/2003/521
f 1141/2002/571 939/2001/470 1039/2004/520
f 941/2005/471 1143/2006/572 1043/2007/522
f 1143/2006/572 941/2005/471 1041/2008/521
f 943/2009/472 1145/2010/573 1045/2011/523
f 1145/2010/573 943/2009/472 1043/2012/522
f 1046/2013/524 1147/2014/574 1148/2015/575
f 1147/2014/574 1046/2013/524 1045/2016/523
f 947/2017/474 1123/2018/562 1049/2019/525
f 1123/2018/562 947/2017/474 1021/2020/511
f 1051/2021/526 1023/2022/512 949/2023/475
f 1023/2022/512 1051/2021/526 1125/2024/563
f 1049/2025/525 1053/2026/527 951/2027/476
f 1053/2026/527 1049/2025/525 1151/2028/576
f 1153/2029/577 953/2030/477 1055/2031/528
f 953/2030/477 1153/2029/577 1051/2032/526
f 1155/2033/578 955/2034/478 1053/2035/527
f 955/2034/478 1155/2033/578 1057/2036/529
f 1157/2037/579 957/2038/479 1059/2039/530
f 957/2038/479 1157/2037/579 1055/2040/528
f 1159/2041/580 1062/2042/532 1160/2043/581
f 1062/2042/532 1159/2041/580 1061/2044/531
f 1163/2045/582 961/2046/481 1065/2047/533
f 961/2046/481 1163/2045/582 1059/2048/530
f 1165/2049/583 963/2050/482 1061/2051/531
f 963/2050/482 1165/2049/583 1067/2052/534
f 1065/2053/533 1069/2054/535 1167/2055/584
f 1069/2054/535 1065/2053/533 967/2056/484
f 1169/2057/585 1072/2058/537 1170/2059/586
f 1072/2058/537 1169/2057/585 1071/2060/536
f 1069/2061/535 1075/2062/538 1173/2063/587
f 1075/2062/538 1069/2061/535 971/2064/486
f 1175/2065/588 973/2066/487 1071/2067/536
f 973/2066/487 1175/2065/588 1077/2068/539
f 1075/2069/538 1079/2070/540 1177/2071/589
f 1079/2070/540 1075/2069/538 977/2072/489
f 1179/2073/590 979/2074/490 1077/2075/539
f 979/2074/490 1179/2073/590 1081/2076/541
f 981/2077/491 1181/2078/591 1079/2079/540
f 1181/2078/591 981/2077/491 1083/2080/542
f 1183/2081/592 983/2082/492 1081/2083/541
f 983/2082/492 1183/2081/592 1085/2084/543
f 985/2085/493 1185/2086/593 1083/2087/542
f 1185/2086/593 985/2085/493 1087/2088/544
f 1187/2089/594 987/2090/494 1085/2091/543
f 987/2090/494 1187/2089/594 1089/2092/545
f 989/2093/495 1189/2094/595 1087/2095/544
f 1189/2094/595 989/2093/495 1091/2096/546
f 1093/2097/547 1089/2098/545 1191/2099/596
f 1089/2098/545 1093/2097/547 991/2100/496
f 993/2101/497 1193/2102/597 1091/2103/546
f 1193/2102/597 993/2101/497 1095/2104/548
f 1098/2105/550 1093/2106/547 1195/2107/598
f 1093/2106/547 1098/2105/550 996/2108/499
f 1095/2109/548 1148/2110/575 1197/2111/599
f 1148/2110/575 1095/2109/548 1046/2112/524
f 1199/2113/600 1098/2114/550 1200/2115/601
f 1098/2114/550 1199/2113/600 1097/2116/549
f 1097/2117/549 1101/2118/551 995/2119/498
f 1101/2118/551 1097/2117/549 1203/2120/602
f 1101/2121/551 1103/2122/552 999/2123/500
f 1103/2122/552 1101/2121/551 1205/2124/603
f 1103/2125/552 1105/2126/553 1001/2127/501
f 1105/2126/553 1103/2125/552 1207/2128/604
f 1105/2129/553 1107/2130/554 1003/2131/502
f 1107/2130/554 1105/2129/553 1209/2132/605
f 1107/2133/554 1109/2134/555 1005/2135/503
f 1109/2134/555 1107/2133/554 1211/2136/606
f 1109/2137/555 1112/2138/557 1008/2139/505
f 1112/2138/557 1109/2137/555 1213/2140/607
f 1215/2141/608 1112/2142/557 1216/2143/609
f 1112/2142/557 1215/2141/608 1111/2144/556
f 1117/2145/559 1115/2146/558 1219/2147/610
f 1115/2146/558 1117/2145/559 1013/2148/507
f 1015/2149/508 1221/2150/611 1119/2151/560
f 1221/2150/611 1015/2149/508 1117/2152/559
f 1121/2153/561 1119/2154/560 1223/2155/612
f 1119/2154/560 1121/2153/561 1017/2156/509
f 1123/2157/562 1121/2158/561 1225/2159/613
f 1121/2158/561 1123/2157/562 1019/2160/510
f 1227/2161/614 1025/2162/513 1125/2163/563
f 1025/2162/513 1227/2161/614 1127/2164/564
f 1229/2165/615 1027/2166/514 1127/2167/564
f 1027/2166/514 1229/2165/615 1129/2168/565
f 1131/2169/566 1129/2170/565 1231/2171/616
f 1129/2170/565 1131/2169/566 1029/2172/515
f 1133/2173/567 1131/2174/566 1233/2175/617
f 1131/2174/566 1133/2173/567 1031/2176/516
f 1135/2177/568 1133/2178/567 1235/2179/618
f 1133/2178/567 1135/2177/568 1033/2180/517
f 1137/2181/569 1135/2182/568 1237/2183/619
f 1135/2182/568 1137/2181/569 1035/2184/518
f 1139/2185/570 1137/2186/569 1239/2187/620
f 1137/2186/569 1139/2185/570 1037/2188/519
f 1141/2189/571 1139/2190/570 1241/2191/621
f 1139/2190/570 1141/2189/571 1039/2192/520
f 1041/2193/521 1243/2194/622 1143/2195/572
f 1243/2194/622 1041/2193/521 1141/2196/571
f 1043/2197/522 1245/2198/623 1145/2199/573
f 1245/2198/623 1043/2197/522 1143/2200/572
f 1045/2201/523 1247/2202/624 1147/2203/574
f 1247/2202/624 1045/2201/523 1145/2204/573
f 1148/2205/575 1249/2206/625 1250/2207/626
f 1249/2206/625 1148/2205/575 1147/2208/574
f 1049/2209/525 1225/2210/613 1151/2211/576
f 1225/2210/613 1049/2209/525 1123/2212/562
f 1153/2213/577 1125/2214/563 1051/2215/526
f 1125/2214/563 1153/2213/577 1227/2216/614
f 1151/2217/576 1155/2218/578 1053/2219/527
f 1155/2218/578 1151/2217/576 1253/2220/627
f 1255/2221/628 1055/2222/528 1157/2223/579
f 1055/2222/528 1255/2221/628 1153/2224/577
f 1257/2225/629 1160/2226/581 1258/2227/630
f 1160/2226/581 1257/2225/629 1159/2228/580
f 1261/2229/631 1059/2230/530 1163/2231/582
f 1059/2230/530 1261/2229/631 1157/2232/579
f 1263/2233/632 1061/2234/531 1159/2235/580
f 1061/2234/531 1263/2233/632 1165/2236/583
f 1163/2237/582 1167/2238/584 1265/2239/633
f 1167/2238/584 1163/2237/582 1065/2240/533
f 1267/2241/634 1170/2242/586 1268/2243/635
f 1170/2242/586 1267/2241/634 1169/2244/585
f 1167/2245/584 1173/2246/587 1271/2247/636
f 1173/2246/587 1167/2245/584 1069/2248/535
f 1273/2249/637 1071/2250/536 1169/2251/585
f 1071/2250/536 1273/2249/637 1175/2252/588
f 1173/2253/587 1177/2254/589 1275/2255/638
f 1177/2254/589 1173/2253/587 1075/2256/538
f 1277/2257/639 1077/2258/539 1175/2259/588
f 1077/2258/539 1277/2257/639 1179/2260/590
f 1177/2261/589 1181/2262/591 1279/2263/640
f 1181/2262/591 1177/2261/589 1079/2264/540
f 1281/2265/641 1081/2266/541 1179/2267/590
f 1081/2266/541 1281/2265/641 1183/2268/592
f 1083/2269/542 1283/2270/642 1181/2271/591
f 1283/2270/642 1083/2269/542 1185/2272/593
f 1285/2273/643 1085/2274/543 1183/2275/592
f 1085/2274/543 1285/2273/643 1187/2276/594
f 1087/2277/544 1287/2278/644 1185/2279/593
f 1287/2278/644 1087/2277/544 1189/2280/595
f 1289/2281/645 1089/2282/545 1187/2283/594
f 1089/2282/545 1289/2281/645 1191/2284/596
f 1091/2285/546 1291/2286/646 1189/2287/595
f 1291/2286/646 1091/2285/546 1193/2288/597
f 1195/2289/598 1191/2290/596 1293/2291/647
f 1191/2290/596 1195/2289/598 1093/2292/547
f 1095/2293/548 1295/2294/648 1193/2295/597
f 1295/2294/648 1095/2293/548 1197/2296/599
f 1200/2297/601 1195/2298/598 1297/2299/649
f 1195/2298/598 1200/2297/601 1098/2300/550
f 1197/2301/599 1250/2302/626 1299/2303/650
f 1250/2302/626 1197/2301/599 1148/2304/575
f 1301/2305/651 1200/2306/601 1302/2307/652
f 1200/2306/601 1301/2305/651 1199/2308/600
f 1199/2309/600 1203/2310/602 1097/2311/549
f 1203/2310/602 1199/2309/600 1305/2312/653
f 1203/2313/602 1205/2314/603 1101/2315/551
f 1205/2314/603 1203/2313/602 1307/2316/654
f 1205/2317/603 1207/2318/604 1103/2319/552
f 1207/2318/604 1205/2317/603 1309/2320/655
f 1207/2321/604 1209/2322/605 1105/2323/553
f 1209/2322/605 1207/2321/604 1311/2324/656
f 1209/2325/605 1211/2326/606 1107/2327/554
f 1211/2326/606 1209/2325/605 1313/2328/657
f 1211/2329/606 1213/2330/607 1109/2331/555
f 1213/2330/607 1211/2329/606 1315/2332/658
f 1216/2333/609 1213/2334/607 1317/2335/659
f 1213/2334/607 1216/2333/609 1112/2336/557
f 1319/2337/660 1216/2338/609 1320/2339/661
f 1216/2338/609 1319/2337/660 1215/2340/608
f 1221/2341/611 1219/2342/610 1323/2343/662
f 1219/2342/610 1221/2341/611 1117/2344/559
f 1225/2345/613 1223/2346/612 1325/2347/663
f 1223/2346/612 1225/2345/613 1121/2348/561
f 1327/2349/664 1127/2350/564 1227/2351/614
f 1127/2350/564 1327/2349/664 1229/2352/615
f 1329/2353/665 1129/2354/565 1229/2355/615
f 1129/2354/565 1329/2353/665 1231/2356/616
f 1233/2357/617 1231/2358/616 1331/2359/666
f 1231/2358/616 1233/2357/617 1131/2360/566
f 1235/2361/618 1233/2362/617 1333/2363/667
f 1233/2362/617 1235/2361/618 1133/2364/567
f 1237/2365/619 1235/2366/618 1335/2367/668
f 1235/2366/618 1237/2365/619 1135/2368/568
f 1239/2369/620 1237/2370/619 1337/2371/669
f 1237/2370/619 1239/2369/620 1137/2372/569
f 1241/2373/621 1239/2374/620 1339/2375/670
f 1239/2374/620 1241/2373/621 1139/2376/570
f 1243/2377/622 1241/2378/621 1341/2379/671
f 1241/2378/621 1243/2377/622 1141/2380/571
f 1143/2381/572 1343/2382/672 1245/2383/623
f 1343/2382/672 1143/2381/572 1243/2384/622
f 1145/2385/573 1345/2386/673 1247/2387/624
f 1345/2386/673 1145/2385/573 1245/2388/623
f 1147/2389/574 1347/2390/674 1249/2391/625
f 1347/2390/674 1147/2389/574 1247/2392/624
f 1250/2393/626 1349/2394/675 1350/2395/676
f 1349/2394/675 1250/2393/626 1249/2396/625
f 1151/2397/576 1325/2398/663 1253/2399/627
f 1325/2398/663 1151/2397/576 1225/2400/613
f 1255/2401/628 1227/2402/614 1153/2403/577
f 1227/2402/614 1255/2401/628 1327/2404/664
f 1353/2405/677 1257/2406/629 1258/2407/630
f 1257/2406/629 1353/2405/677 1354/2408/678
f 1357/2409/679 1157/2410/579 1261/2411/631
f 1157/2410/579 1357/2409/679 1255/2412/628
f 1359/2413/680 1159/2414/580 1257/2415/629
f 1159/2414/580 1359/2413/680 1263/2416/632
f 1361/2417/681 1163/2418/582 1265/2419/633
f 1163/2418/582 1361/2417/681 1261/2420/631
f 1363/2421/682 1268/2422/635 1364/2423/683
f 1268/2422/635 1363/2421/682 1267/2424/634
f 1265/2425/633 1271/2426/636 1367/2427/684
f 1271/2426/636 1265/2425/633 1167/2428/584
f 1369/2429/685 1169/2430/585 1267/2431/634
f 1169/2430/585 1369/2429/685 1273/2432/637
f 1271/2433/636 1275/2434/638 1371/2435/686
f 1275/2434/638 1271/2433/636 1173/2436/587
f 1373/2437/687 1175/2438/588 1273/2439/637
f 1175/2438/588 1373/2437/687 1277/2440/639
f 1275/2441/638 1279/2442/640 1375/2443/688
f 1279/2442/640 1275/2441/638 1177/2444/589
f 1377/2445/689 1179/2446/590 1277/2447/639
f 1179/2446/590 1377/2445/689 1281/2448/641
f 1279/2449/640 1283/2450/642 1379/2451/690
f 1283/2450/642 1279/2449/640 1181/2452/591
f 1381/2453/691 1183/2454/592 1281/2455/641
f 1183/2454/592 1381/2453/691 1285/2456/643
f 1185/2457/593 1383/2458/692 1283/2459/642
f 1383/2458/692 1185/2457/593 1287/2460/644
f 1385/2461/693 1187/2462/594 1285/2463/643
f 1187/2462/594 1385/2461/693 1289/2464/645
f 1189/2465/595 1387/2466/694 1287/2467/644
f 1387/2466/694 1189/2465/595 1291/2468/646
f 1389/2469/695 1191/2470/596 1289/2471/645
f 1191/2470/596 1389/2469/695 1293/2472/647
f 1193/2473/597 1391/2474/696 1291/2475/646
f 1391/2474/696 1193/2473/597 1295/2476/648
f 1297/2477/649 1293/2478/647 1393/2479/697
f 1293/2478/647 1297/2477/649 1195/2480/598
f 1197/2481/599 1395/2482/698 1295/2483/648
f 1395/2482/698 1197/2481/599 1299/2484/650
f 1302/2485/652 1297/2486/649 1397/2487/699
f 1297/2486/649 1302/2485/652 1200/2488/601
f 1299/2489/650 1350/2490/676 1399/2491/700
f 1350/2490/676 1299/2489/650 1250/2492/626
f 1401/2493/701 1302/2494/652 1402/2495/702
f 1302/2494/652 1401/2493/701 1301/2496/651
f 1301/2497/651 1305/2498/653 1199/2499/600
f 1305/2498/653 1301/2497/651 1405/2500/703
f 1305/2501/653 1307/2502/654 1203/2503/602
f 1307/2502/654 1305/2501/653 1407/2504/704
f 1307/2505/654 1309/2506/655 1205/2507/603
f 1309/2506/655 1307/2505/654 1409/2508/705
f 1309/2509/655 1311/2510/656 1207/2511/604
f 1311/2510/656 1309/2509/655 1411/2512/706
f 1311/2513/656 1313/2514/657 1209/2515/605
f 1313/2514/657 1311/2513/656 1413/2516/707
f 1313/2517/657 1315/2518/658 1211/2519/606
f 1315/2518/658 1313/2517/657 1415/2520/708
f 1317/2521/659 1315/2522/658 1417/2523/709
f 1315/2522/658 1317/2521/659 1213/2524/607
f 1320/2525/661 1317/2526/659 1419/2527/710
f 1317/2526/659 1320/2525/661 1216/2528/609
f 1421/2529/711 1320/2530/661 1422/2531/712
f 1320/2530/661 1421/2529/711 1319/2532/660
f 1425/2533/713 1229/2534/615 1327/2535/664
f 1229/2534/615 1425/2533/713 1329/2536/665
f 1427/2537/714 1231/2538/616 1329/2539/665
f 1231/2538/616 1427/2537/714 1331/2540/666
f 1333/2541/667 1331/2542/666 1429/2543/715
f 1331/2542/666 1333/2541/667 1233/2544/617
f 1335/2545/668 1333/2546/667 1431/2547/716
f 1333/2546/667 1335/2545/668 1235/2548/618
f 1337/2549/669 1335/2550/668 1433/2551/717
f 1335/2550/668 1337/2549/669 1237/2552/619
f 1339/2553/670 1337/2554/669 1435/2555/718
f 1337/2554/669 1339/2553/670 1239/2556/620
f 1341/2557/671 1339/2558/670 1437/2559/719
f 1339/2558/670 1341/2557/671 1241/2560/621
f 1343/2561/672 1341/2562/671 1439/2563/720
f 1341/2562/671 1343/2561/672 1243/2564/622
f 1245/2565/623 1441/2566/721 1345/2567/673
f 1441/2566/721 1245/2565/623 1343/2568/672
f 1247/2569/624 1443/2570/722 1347/2571/674
f 1443/2570/722 1247/2569/624 1345/2572/673
f 1249/2573/625 1445/2574/723 1349/2575/675
f 1445/2574/723 1249/2573/625 1347/2576/674
f 1447/2577/724 1349/2578/675 1448/2579/725
f 1349/2578/675 1447/2577/724 1350/2580/676
f 1357/2581/679 1327/2582/664 1255/2583/628
f 1327/2582/664 1357/2581/679 1425/2584/713
f 1354/2585/678 1359/2586/680 1257/2587/629
f 1359/2586/680 1354/2585/678 1451/2588/726
f 1453/2589/727 1261/2590/631 1361/2591/681
f 1261/2590/631 1453/2589/727 1357/2592/679
f 1455/2593/728 1363/2594/682 1364/2595/683
f 1363/2594/682 1455/2593/728 1456/2596/729
f 1459/2597/730 1265/2598/633 1367/2599/684
f 1265/2598/633 1459/2597/730 1361/2600/681
f 1461/2601/731 1267/2602/634 1363/2603/682
f 1267/2602/634 1461/2601/731 1369/2604/685
f 1367/2605/684 1371/2606/686 1463/2607/732
f 1371/2606/686 1367/2605/684 1271/2608/636
f 1465/2609/733 1273/2610/637 1369/2611/685
f 1273/2610/637 1465/2609/733 1373/2612/687
f 1371/2613/686 1375/2614/688 1467/2615/734
f 1375/2614/688 1371/2613/686 1275/2616/638
f 1469/2617/735 1277/2618/639 1373/2619/687
f 1277/2618/639 1469/2617/735 1377/2620/689
f 1375/2621/688 1379/2622/690 1471/2623/736
f 1379/2622/690 1375/2621/688 1279/2624/640
f 1473/2625/737 1281/2626/641 1377/2627/689
f 1281/2626/641 1473/2625/737 1381/2628/691
f 1379/2629/690 1383/2630/692 1475/2631/738
f 1383/2630/692 1379/2629/690 1283/2632/642
f 1477/2633/739 1285/2634/643 1381/2635/691
f 1285/2634/643 1477/2633/739 1385/2636/693
f 1287/2637/644 1479/2638/740 1383/2639/692
f 1479/2638/740 1287/2637/644 1387/2640/694
f 1481/2641/741 1289/2642/645 1385/2643/693
f 1289/2642/645 1481/2641/741 1389/2644/695
f 1291/2645/646 1483/2646/742 1387/2647/694
f 1483/2646/742 1291/2645/646 1391/2648/696
f 1485/2649/743 1293/2650/647 1389/2651/695
f 1293/2650/647 1485/2649/743 1393/2652/697
f 1295/2653/648 1487/2654/744 1391/2655/696
f 1487/2654/744 1295/2653/648 1395/2656/698
f 1397/2657/699 1393/2658/697 1489/2659/745
f 1393/2658/697 1397/2657/699 1297/2660/649
f 1299/2661/650 1491/2662/746 1395/2663/698
f 1491/2662/746 1299/2661/650 1399/2664/700
f 1402/2665/702 1397/2666/699 1493/2667/747
f 1397/2666/699 1402/2665/702 1302/2668/652
f 1399/2669/700 1447/2670/724 1495/2671/748
f 1447/2670/724 1399/2669/700 1350/2672/676
f 1497/2673/749 1402/2674/702 1498/2675/750
f 1402/2674/702 1497/2673/749 1401/2676/701
f 1401/2677/701 1405/2678/703 1301/2679/651
f 1405/2678/703 1401/2677/701 1501/2680/751
f 1405/2681/703 1407/2682/704 1305/2683/653
f 1407/2682/704 1405/2681/703 1503/2684/752
f 1407/2685/704 1409/2686/705 1307/2687/654
f 1409/2686/705 1407/2685/704 1505/2688/753
f 1409/2689/705 1411/2690/706 1309/2691/655
f 1411/2690/706 1409/2689/705 1507/2692/754
f 1411/2693/706 1413/2694/707 1311/2695/656
f 1413/2694/707 1411/2693/706 1509/2696/755
f 1413/2697/707 1415/2698/708 1313/2699/657
f 1415/2698/708 1413/2697/707 1511/2700/756
f 1417/2701/709 1415/2702/708 1513/2703/757
f 1415/2702/708 1417/2701/709 1315/2704/658
f 1419/2705/710 1417/2706/709 1515/2707/758
f 1417/2706/709 1419/2705/710 1317/2708/659
f 1320/2709/661 1517/2710/759 1422/2711/712
f 1517/2710/759 1320/2709/661 1419/2712/710
f 1421/2713/711 1519/2714/760 1520/2715/761
f 1519/2714/760 1421/2713/711 1422/2716/712
f 1523/2717/762 1329/2718/665 1425/2719/713
f 1329/2718/665 1523/2717/762 1427/2720/714
f 1525/2721/763 1331/2722/666 1427/2723/714
f 1331/2722/666 1525/2721/763 1429/2724/715
f 1431/2725/716 1429/2726/715 1527/2727/764
f 1429/2726/715 1431/2725/716 1333/2728/667
f 1433/2729/717 1431/2730/716 1529/2731/765
f 1431/2730/716 1433/2729/717 1335/2732/668
f 1435/2733/718 1433/2734/717 1531/2735/766
f 1433/2734/717 1435/2733/718 1337/2736/669
f 1437/2737/719 1435/2738/718 1533/2739/767
f 1435/2738/718 1437/2737/719 1339/2740/670
f 1439/2741/720 1437/2742/719 1535/2743/768
f 1437/2742/719 1439/2741/720 1341/2744/671
f 1441/2745/721 1439/2746/720 1537/2747/769
f 1439/2746/720 1441/2745/721 1343/2748/672
f 1345/2749/673 1539/2750/770 1443/2751/722
f 1539/2750/770 1345/2749/673 1441/2752/721
f 1347/2753/674 1541/2754/771 1445/2755/723
f 1541/2754/771 1347/2753/674 1443/2756/722
f 1448/2757/725 1445/2758/723 1543/2759/772
f 1445/2758/723 1448/2757/725 1349/2760/675
f 1545/2761/773 1448/2762/725 1546/2763/774
f 1448/2762/725 1545/2761/773 1447/2764/724
f 1453/2765/727 1425/2766/713 1357/2767/679
f 1425/2766/713 1453/2765/727 1523/2768/762
f 1549/2769/775 1455/2770/728 1550/2771/776
f 1455/2770/728 1549/2769/775 1456/2772/729
f 1553/2773/777 1361/2774/681 1459/2775/730
f 1361/2774/681 1553/2773/777 1453/2776/727
f 1456/2777/729 1461/2778/731 1363/2779/682
f 1461/2778/731 1456/2777/729 1555/2780/778
f 1557/2781/779 1367/2782/684 1463/2783/732
f 1367/2782/684 1557/2781/779 1459/2784/730
f 1461/2785/731 1465/2786/733 1369/2787/685
f 1465/2786/733 1461/2785/731 1559/2788/780
f 1561/2789/781 1371/2790/686 1467/2791/734
f 1371/2790/686 1561/2789/781 1463/2792/732
f 1563/2793/782 1373/2794/687 1465/2795/733
f 1373/2794/687 1563/2793/782 1469/2796/735
f 1467/2797/734 1471/2798/736 1565/2799/783
f 1471/2798/736 1467/2797/734 1375/2800/688
f 1567/2801/784 1377/2802/689 1469/2803/735
f 1377/2802/689 1567/2801/784 1473/2804/737
f 1471/2805/736 1475/2806/738 1569/2807/785
f 1475/2806/738 1471/2805/736 1379/2808/690
f 1571/2809/786 1381/2810/691 1473/2811/737
f 1381/2810/691 1571/2809/786 1477/2812/739
f 1475/2813/738 1479/2814/740 1573/2815/787
f 1479/2814/740 1475/2813/738 1383/2816/692
f 1575/2817/788 1385/2818/693 1477/2819/739
f 1385/2818/693 1575/2817/788 1481/2820/741
f 1387/2821/694 1577/2822/789 1479/2823/740
f 1577/2822/789 1387/2821/694 1483/2824/742
f 1579/2825/790 1389/2826/695 1481/2827/741
f 1389/2826/695 1579/2825/790 1485/2828/743
f 1391/2829/696 1581/2830/791 1483/2831/742
f 1581/2830/791 1391/2829/696 1487/2832/744
f 1583/2833/792 1393/2834/697 1485/2835/743
f 1393/2834/697 1583/2833/792 1489/2836/745
f 1395/2837/698 1585/2838/793 1487/2839/744
f 1585/2838/793 1395/2837/698 1491/2840/746
f 1587/2841/794 1397/2842/699 1489/2843/745
f 1397/2842/699 1587/2841/794 1493/2844/747
f 1399/2845/700 1589/2846/795 1491/2847/746
f 1589/2846/795 1399/2845/700 1495/2848/748
f 1498/2849/750 1493/2850/747 1591/2851/796
f 1493/2850/747 1498/2849/750 1402/2852/702
f 1593/2853/797 1447/2854/724 1545/2855/773
f 1447/2854/724 1593/2853/797 1495/2856/748
f 1497/2857/749 1595/2858/798 1596/2859/799
f 1595/2858/798 1497/2857/749 1498/2860/750
f 1497/2861/749 1501/2862/751 1401/2863/701
f 1501/2862/751 1497/2861/749 1599/2864/800
f 1501/2865/751 1503/2866/752 1405/2867/703
f 1503/2866/752 1501/2865/751 1601/2868/801
f 1503/2869/752 1505/2870/753 1407/2871/704
f 1505/2870/753 1503/2869/752 1603/2872/802
f 1505/2873/753 1507/2874/754 1409/2875/705
f 1507/2874/754 1505/2873/753 1605/2876/803
f 1507/2877/754 1509/2878/755 1411/2879/706
f 1509/2878/755 1507/2877/754 1607/2880/804
f 1509/2881/755 1511/2882/756 1413/2883/707
f 1511/2882/756 1509/2881/755 1609/2884/805
f 1513/2885/757 1511/2886/756 1611/2887/806
f 1511/2886/756 1513/2885/757 1415/2888/708
f 1515/2889/758 1513/2890/757 1613/2891/807
f 1513/2890/757 1515/2889/758 1417/2892/709
f 1419/2893/710 1615/2894/808 1517/2895/759
f 1615/2894/808 1419/2893/710 1515/2896/758
f 1422/2897/712 1617/2898/809 1519/2899/760
f 1617/2898/809 1422/2897/712 1517/2900/759
f 1520/2901/761 1619/2902/810 1620/2903/811
f 1619/2902/810 1520/2901/761 1519/2904/760
f 1623/2905/812 1427/2906/714 1523/2907/762
f 1427/2906/714 1623/2905/812 1525/2908/763
f 1625/2909/813 1429/2910/715 1525/2911/763
f 1429/2910/715 1625/2909/813 1527/2912/764
f 1529/2913/765 1527/2914/764 1627/2915/814
f 1527/2914/764 1529/2913/765 1431/2916/716
f 1531/2917/766 1529/2918/765 1629/2919/815
f 1529/2918/765 1531/2917/766 1433/2920/717
f 1533/2921/767 1531/2922/766 1631/2923/816
f 1531/2922/766 1533/2921/767 1435/2924/718
f 1535/2925/768 1533/2926/767 1633/2927/817
f 1533/2926/767 1535/2925/768 1437/2928/719
f 1537/2929/769 1535/2930/768 1635/2931/818
f 1535/2930/768 1537/2929/769 1439/2932/720
f 1539/2933/770 1537/2934/769 1637/2935/819
f 1537/2934/769 1539/2933/770 1441/2936/721
f 1443/2937/722 1639/2938/820 1541/2939/771
f 1639/2938/820 1443/2937/722 1539/2940/770
f 1445/2941/723 1641/2942/821 1543/2943/772
f 1641/2942/821 1445/2941/723 1541/2944/771
f 1546/2945/774 1543/2946/772 1643/2947/822
f 1543/2946/772 1546/2945/774 1448/2948/725
f 1645/2949/823 1546/2950/774 1646/2951/824
f 1546/2950/774 1645/2949/823 1545/2952/773
f 1553/2953/777 1523/2954/762 1453/2955/727
f 1523/2954/762 1553/2953/777 1623/2956/812
f 1620/2957/811 1549/2958/775 1550/2959/776
f 1549/2958/775 1620/2957/811 1619/2960/810
f 1649/2961/825 1456/2962/729 1549/2963/775
f 1456/2962/729 1649/2961/825 1555/2964/778
f 1651/2965/826 1459/2966/730 1557/2967/779
f 1459/2966/730 1651/2965/826 1553/2968/777
f 1653/2969/827 1461/2970/731 1555/2971/778
f 1461/2970/731 1653/2969/827 1559/2972/780
f 1655/2973/828 1463/2974/732 1561/2975/781
f 1463/2974/732 1655/2973/828 1557/2976/779
f 1559/2977/780 1563/2978/782 1465/2979/733
f 1563/2978/782 1559/2977/780 1657/2980/829
f 1659/2981/830 1467/2982/734 1565/2983/783
f 1467/2982/734 1659/2981/830 1561/2984/781
f 1661/2985/831 1469/2986/735 1563/2987/782
f 1469/2986/735 1661/2985/831 1567/2988/784
f 1565/2989/783 1569/2990/785 1663/2991/832
f 1569/2990/785 1565/2989/783 1471/2992/736
f 1665/2993/833 1473/2994/737 1567/2995/784
f 1473/2994/737 1665/2993/833 1571/2996/786
f 1569/2997/785 1573/2998/787 1667/2999/834
f 1573/2998/787 1569/2997/785 1475/3000/738
f 1669/3001/835 1477/3002/739 1571/3003/786
f 1477/3002/739 1669/3001/835 1575/3004/788
f 1573/3005/787 1577/3006/789 1671/3007/836
f 1577/3006/789 1573/3005/787 1479/3008/740
f 1673/3009/837 1481/3010/741 1575/3011/788
f 1481/3010/741 1673/3009/837 1579/3012/790
f 1483/3013/742 1675/3014/838 1577/3015/789
f 1675/3014/838 1483/3013/742 1581/3016/791
f 1677/3017/839 1485/3018/743 1579/3019/790
f 1485/3018/743 1677/3017/839 1583/3020/792
f 1487/3021/744 1679/3022/840 1581/3023/791
f 1679/3022/840 1487/3021/744 1585/3024/793
f 1681/3025/841 1489/3026/745 1583/3027/792
f 1489/3026/745 1681/3025/841 1587/3028/794
f 1491/3029/746 1683/3030/842 1585/3031/793
f 1683/3030/842 1491/3029/746 1589/3032/795
f 1591/3033/796 1587/3034/794 1685/3035/843
f 1587/3034/794 1591/3033/796 1493/3036/747
f 1687/3037/844 1495/3038/748 1593/3039/797
f 1495/3038/748 1687/3037/844 1589/3040/795
f 1595/3041/798 1591/3042/796 1689/3043/845
f 1591/3042/796 1595/3041/798 1498/3044/750
f 1691/3045/846 1545/3046/773 1645/3047/823
f 1545/3046/773 1691/3045/846 1593/3048/797
f 1596/3049/799 1693/3050/847 1694/3051/848
f 1693/3050/847 1596/3049/799 1595/3052/798
f 1599/3053/800 1596/3054/799 1697/3055/849
f 1596/3054/799 1599/3053/800 1497/3056/749
f 1599/3057/800 1601/3058/801 1501/3059/751
f 1601/3058/801 1599/3057/800 1699/3060/850
f 1601/3061/801 1603/3062/802 1503/3063/752
f 1603/3062/802 1601/3061/801 1701/3064/851
f 1603/3065/802 1605/3066/803 1505/3067/753
f 1605/3066/803 1603/3065/802 1703/3068/852
f 1605/3069/803 1607/3070/804 1507/3071/754
f 1607/3070/804 1605/3069/803 1705/3072/853
f 1607/3073/804 1609/3074/805 1509/3075/755
f 1609/3074/805 1607/3073/804 1707/3076/854
f 1611/3077/806 1609/3078/805 1709/3079/855
f 1609/3078/805 1611/3077/806 1511/3080/756
f 1613/3081/807 1611/3082/806 1711/3083/856
f 1611/3082/806 1613/3081/807 1513/3084/757
f 1515/3085/758 1713/3086/857 1615/3087/808
f 1713/3086/857 1515/3085/758 1613/3088/807
f 1517/3089/759 1715/3090/858 1617/3091/809
f 1715/3090/858 1517/3089/759 1615/3092/808
f 1519/3093/760 1717/3094/859 1619/3095/810
f 1717/3094/859 1519/3093/760 1617/3096/809
f 1719/3097/860 1525/3098/763 1623/3099/812
f 1525/3098/763 1719/3097/860 1625/3100/813
f 1721/3101/861 1527/3102/764 1625/3103/813
f 1527/3102/764 1721/3101/861 1627/3104/814
f 1629/3105/815 1627/3106/814 1723/3107/862
f 1627/3106/814 1629/3105/815 1529/3108/765
f 1631/3109/816 1629/3110/815 1725/3111/863
f 1629/3110/815 1631/3109/816 1531/3112/766
f 1633/3113/817 1631/3114/816 1727/3115/864
f 1631/3114/816 1633/3113/817 1533/3116/767
f 1635/3117/818 1633/3118/817 1729/3119/865
f 1633/3118/817 1635/3117/818 1535/3120/768
f 1637/3121/819 1635/3122/818 1731/3123/866
f 1635/3122/818 1637/3121/819 1537/3124/769
f 1639/3125/820 1637/3126/819 1733/3127/867
f 1637/3126/819 1639/3125/820 1539/3128/770
f 1541/3129/771 1735/3130/868 1641/3131/821
f 1735/3130/868 1541/3129/771 1639/3132/820
f 1643/3133/822 1641/3134/821 1737/3135/869
f 1641/3134/821 1643/3133/822 1543/3136/772
f 1646/3137/824 1643/3138/822 1739/3139/870
f 1643/3138/822 1646/3137/824 1546/3140/774
f 1741/3141/871 1646/3142/824 1742/3143/872
f 1646/3142/824 1741/3141/871 1645/3144/823
f 1651/3145/826 1623/3146/812 1553/3147/777
f 1623/3146/812 1651/3145/826 1719/3148/860
f 1619/3149/810 1649/3150/825 1549/3151/775
f 1649/3150/825 1619/3149/810 1717/3152/859
f 1745/3153/873 1555/3154/778 1649/3155/825
f 1555/3154/778 1745/3153/873 1653/3156/827
f 1747/3157/874 1557/3158/779 1655/3159/828
f 1557/3158/779 1747/3157/874 1651/3160/826
f 1749/3161/875 1559/3162/780 1653/3163/827
f 1559/3162/780 1749/3161/875 1657/3164/829
f 1751/3165/876 1561/3166/781 1659/3167/830
f 1561/3166/781 1751/3165/876 1655/3168/828
f 1657/3169/829 1661/3170/831 1563/3171/782
f 1661/3170/831 1657/3169/829 1753/3172/877
f 1659/3173/830 1663/3174/832 1755/3175/878
f 1663/3174/832 1659/3173/830 1565/3176/783
f 1757/3177/879 1567/3178/784 1661/3179/831
f 1567/3178/784 1757/3177/879 1665/3180/833
f 1663/3181/832 1667/3182/834 1759/3183/880
f 1667/3182/834 1663/3181/832 1569/3184/785
f 1761/3185/881 1571/3186/786 1665/3187/833
f 1571/3186/786 1761/3185/881 1669/3188/835
f 1667/3189/834 1671/3190/836 1763/3191/882
f 1671/3190/836 1667/3189/834 1573/3192/787
f 1765/3193/883 1575/3194/788 1669/3195/835
f 1575/3194/788 1765/3193/883 1673/3196/837
f 1671/3197/836 1675/3198/838 1767/3199/884
f 1675/3198/838 1671/3197/836 1577/3200/789
f 1769/3201/885 1579/3202/790 1673/3203/837
f 1579/3202/790 1769/3201/885 1677/3204/839
f 1581/3205/791 1771/3206/886 1675/3207/838
f 1771/3206/886 1581/3205/791 1679/3208/840
f 1773/3209/887 1583/3210/792 1677/3211/839
f 1583/3210/792 1773/3209/887 1681/3212/841
f 1585/3213/793 1775/3214/888 1679/3215/840
f 1775/3214/888 1585/3213/793 1683/3216/842
f 1777/3217/889 1587/3218/794 1681/3219/841
f 1587/3218/794 1777/3217/889 1685/3220/843
f 1683/3221/842 1687/3222/844 1779/3223/890
f 1687/3222/844 1683/3221/842 1589/3224/795
f 1781/3225/891 1591/3226/796 1685/3227/843
f 1591/3226/796 1781/3225/891 1689/3228/845
f 1783/3229/892 1593/3230/797 1691/3231/846
f 1593/3230/797 1783/3229/892 1687/3232/844
f 1595/3233/798 1785/3234/893 1693/3235/847
f 1785/3234/893 1595/3233/798 1689/3236/845
f 1787/3237/894 1645/3238/823 1741/3239/871
f 1645/3238/823 1787/3237/894 1691/3240/846
f 1789/3241/895 1790/3242/896 1791/3243/897
f 1790/3242/896 1789/3241/895 1792/3244/898
f 1697/3245/849 1694/3246/848 1797/3247/899
f 1694/3246/848 1697/3245/849 1596/3248/799
f 1697/3249/849 1699/3250/850 1599/3251/800
f 1699/3250/850 1697/3249/849 1799/3252/900
f 1699/3253/850 1701/3254/851 1601/3255/801
f 1701/3254/851 1699/3253/850 1801/3256/901
f 1701/3257/851 1703/3258/852 1603/3259/802
f 1703/3258/852 1701/3257/851 1803/3260/902
f 1703/3261/852 1705/3262/853 1605/3263/803
f 1705/3262/853 1703/3261/852 1805/3264/903
f 1705/3265/853 1707/3266/854 1607/3267/804
f 1707/3266/854 1705/3265/853 1807/3268/904
f 1709/3269/855 1707/3270/854 1809/3271/905
f 1707/3270/854 1709/3269/855 1609/3272/805
f 1711/3273/856 1709/3274/855 1811/3275/906
f 1709/3274/855 1711/3273/856 1611/3276/806
f 1713/3277/857 1711/3278/856 1813/3279/907
f 1711/3278/856 1713/3277/857 1613/3280/807
f 1615/3281/808 1815/3282/908 1715/3283/858
f 1815/3282/908 1615/3281/808 1713/3284/857
f 1617/3285/809 1817/3286/909 1717/3287/859
f 1817/3286/909 1617/3285/809 1715/3288/858
f 1819/3289/910 1625/3290/813 1719/3291/860
f 1625/3290/813 1819/3289/910 1721/3292/861
f 1821/3293/911 1627/3294/814 1721/3295/861
f 1627/3294/814 1821/3293/911 1723/3296/862
f 1725/3297/863 1723/3298/862 1823/3299/912
f 1723/3298/862 1725/3297/863 1629/3300/815
f 1727/3301/864 1725/3302/863 1825/3303/913
f 1725/3302/863 1727/3301/864 1631/3304/816
f 1729/3305/865 1727/3306/864 1827/3307/914
f 1727/3306/864 1729/3305/865 1633/3308/817
f 1731/3309/866 1729/3310/865 1829/3311/915
f 1729/3310/865 1731/3309/866 1635/3312/818
f 1733/3313/867 1731/3314/866 1831/3315/916
f 1731/3314/866 1733/3313/867 1637/3316/819
f 1735/3317/868 1733/3318/867 1833/3319/917
f 1733/3318/867 1735/3317/868 1639/3320/820
f 1737/3321/869 1735/3322/868 1835/3323/918
f 1735/3322/868 1737/3321/869 1641/3324/821
f 1739/3325/870 1737/3326/869 1837/3327/919
f 1737/3326/869 1739/3325/870 1643/3328/822
f 1742/3329/872 1739/3330/870 1839/3331/920
f 1739/3330/870 1742/3329/872 1646/3332/824
f 1841/3333/921 1742/3334/872 1842/3335/922
f 1742/3334/872 1841/3333/921 1741/3336/871
f 1747/3337/874 1719/3338/860 1651/3339/826
f 1719/3338/860 1747/3337/874 1819/3340/910
f 1717/3341/859 1745/3342/873 1649/3343/825
f 1745/3342/873 1717/3341/859 1817/3344/909
f 1845/3345/923 1653/3346/827 1745/3347/873
f 1653/3346/827 1845/3345/923 1749/3348/875
f 1847/3349/924 1655/3350/828 1751/3351/876
f 1655/3350/828 1847/3349/924 1747/3352/874
f 1849/3353/925 1657/3354/829 1749/3355/875
f 1657/3354/829 1849/3353/925 1753/3356/877
f 1851/3357/926 1659/3358/830 1755/3359/878
f 1659/3358/830 1851/3357/926 1751/3360/876
f 1753/3361/877 1757/3362/879 1661/3363/831
f 1757/3362/879 1753/3361/877 1853/3364/927
f 1855/3365/928 1663/3366/832 1759/3367/880
f 1663/3366/832 1855/3365/928 1755/3368/878
f 1857/3369/929 1665/3370/833 1757/3371/879
f 1665/3370/833 1857/3369/929 1761/3372/881
f 1759/3373/880 1763/3374/882 1859/3375/930
f 1763/3374/882 1759/3373/880 1667/3376/834
f 1861/3377/931 1669/3378/835 1761/3379/881
f 1669/3378/835 1861/3377/931 1765/3380/883
f 1763/3381/882 1767/3382/884 1863/3383/932
f 1767/3382/884 1763/3381/882 1671/3384/836
f 1865/3385/933 1673/3386/837 1765/3387/883
f 1673/3386/837 1865/3385/933 1769/3388/885
f 1767/3389/884 1771/3390/886 1867/3391/934
f 1771/3390/886 1767/3389/884 1675/3392/838
f 1869/3393/935 1677/3394/839 1769/3395/885
f 1677/3394/839 1869/3393/935 1773/3396/887
f 1771/3397/886 1775/3398/888 1871/3399/936
f 1775/3398/888 1771/3397/886 1679/3400/840
f 1873/3401/937 1681/3402/841 1773/3403/887
f 1681/3402/841 1873/3401/937 1777/3404/889
f 1775/3405/888 1779/3406/890 1875/3407/938
f 1779/3406/890 1775/3405/888 1683/3408/842
f 1877/3409/939 1685/3410/843 1777/3411/889
f 1685/3410/843 1877/3409/939 1781/3412/891
f 1779/3413/890 1783/3414/892 1879/3415/940
f 1783/3414/892 1779/3413/890 1687/3416/844
f 1881/3417/941 1689/3418/845 1781/3419/891
f 1689/3418/845 1881/3417/941 1785/3420/893
f 1883/3421/942 1691/3422/846 1787/3423/894
f 1691/3422/846 1883/3421/942 1783/3424/892
f 1791/3425/897 1885/3426/943 1886/3427/944
f 1885/3426/943 1791/3425/897 1790/3428/896
f 1889/3429/945 1741/3430/871 1841/3431/921
f 1741/3430/871 1889/3429/945 1787/3432/894
f 1891/3433/946 1791/3434/897 1892/3435/947
f 1791/3434/897 1891/3433/946 1789/3436/895
f 1789/3437/895 1895/3438/948 1792/3439/898
f 1895/3438/948 1789/3437/895 1896/3440/949
f 1799/3441/900 1797/3442/899 1899/3443/950
f 1797/3442/899 1799/3441/900 1697/3444/849
f 1799/3445/900 1801/3446/901 1699/3447/850
f 1801/3446/901 1799/3445/900 1901/3448/951
f 1801/3449/901 1803/3450/902 1701/3451/851
f 1803/3450/902 1801/3449/901 1903/3452/952
f 1803/3453/902 1805/3454/903 1703/3455/852
f 1805/3454/903 1803/3453/902 1905/3456/953
f 1805/3457/903 1807/3458/904 1705/3459/853
f 1807/3458/904 1805/3457/903 1907/3460/954
f 1809/3461/905 1807/3462/904 1909/3463/955
f 1807/3462/904 1809/3461/905 1707/3464/854
f 1811/3465/906 1809/3466/905 1911/3467/956
f 1809/3466/905 1811/3465/906 1709/3468/855
f 1711/3469/856 1913/3470/957 1813/3471/907
f 1913/3470/957 1711/3469/856 1811/3472/906
f 1713/3473/857 1915/3474/958 1815/3475/908
f 1915/3474/958 1713/3473/857 1813/3476/907
f 1715/3477/858 1917/3478/959 1817/3479/909
f 1917/3478/959 1715/3477/858 1815/3480/908
f 1919/3481/960 1721/3482/861 1819/3483/910
f 1721/3482/861 1919/3481/960 1821/3484/911
f 1921/3485/961 1723/3486/862 1821/3487/911
f 1723/3486/862 1921/3485/961 1823/3488/912
f 1825/3489/913 1823/3490/912 1923/3491/962
f 1823/3490/912 1825/3489/913 1725/3492/863
f 1827/3493/914 1825/3494/913 1925/3495/963
f 1825/3494/913 1827/3493/914 1727/3496/864
f 1829/3497/915 1827/3498/914 1927/3499/964
f 1827/3498/914 1829/3497/915 1729/3500/865
f 1831/3501/916 1829/3502/915 1929/3503/965
f 1829/3502/915 1831/3501/916 1731/3504/866
f 1833/3505/917 1831/3506/916 1931/3507/966
f 1831/3506/916 1833/3505/917 1733/3508/867
f 1933/3509/967 1735/3510/868 1833/3511/917
f 1735/3510/868 1933/3509/967 1835/3512/918
f 1837/3513/919 1835/3514/918 1935/3515/968
f 1835/3514/918 1837/3513/919 1737/3516/869
f 1839/3517/920 1837/3518/919 1937/3519/969
f 1837/3518/919 1839/3517/920 1739/3520/870
f 1842/3521/922 1839/3522/920 1939/3523/970
f 1839/3522/920 1842/3521/922 1742/3524/872
f 1941/3525/971 1842/3526/922 1942/3527/972
f 1842/3526/922 1941/3525/971 1841/3528/921
f 1847/3529/924 1819/3530/910 1747/3531/874
f 1819/3530/910 1847/3529/924 1919/3532/960
f 1817/3533/909 1845/3534/923 1745/3535/873
f 1845/3534/923 1817/3533/909 1917/3536/959
f 1945/3537/973 1749/3538/875 1845/3539/923
f 1749/3538/875 1945/3537/973 1849/3540/925
f 1947/3541/974 1751/3542/876 1851/3543/926
f 1751/3542/876 1947/3541/974 1847/3544/924
f 1949/3545/975 1753/3546/877 1849/3547/925
f 1753/3546/877 1949/3545/975 1853/3548/927
f 1951/3549/976 1755/3550/878 1855/3551/928
f 1755/3550/878 1951/3549/976 1851/3552/926
f 1953/3553/977 1757/3554/879 1853/3555/927
f 1757/3554/879 1953/3553/977 1857/3556/929
f 1955/3557/978 1759/3558/880 1859/3559/930
f 1759/3558/880 1955/3557/978 1855/3560/928
f 1957/3561/979 1761/3562/881 1857/3563/929
f 1761/3562/881 1957/3561/979 1861/3564/931
f 1859/3565/930 1863/3566/932 1959/3567/980
f 1863/3566/932 1859/3565/930 1763/3568/882
f 1961/3569/981 1765/3570/883 1861/3571/931
f 1765/3570/883 1961/3569/981 1865/3572/933
f 1863/3573/932 1867/3574/934 1963/3575/982
f 1867/3574/934 1863/3573/932 1767/3576/884
f 1965/3577/983 1769/3578/885 1865/3579/933
f 1769/3578/885 1965/3577/983 1869/3580/935
f 1867/3581/934 1871/3582/936 1967/3583/984
f 1871/3582/936 1867/3581/934 1771/3584/886
f 1969/3585/985 1773/3586/887 1869/3587/935
f 1773/3586/887 1969/3585/985 1873/3588/937
f 1871/3589/936 1875/3590/938 1971/3591/986
f 1875/3590/938 1871/3589/936 1775/3592/888
f 1973/3593/987 1777/3594/889 1873/3595/937
f 1777/3594/889 1973/3593/987 1877/3596/939
f 1875/3597/938 1879/3598/940 1975/3599/988
f 1879/3598/940 1875/3597/938 1779/3600/890
f 1977/3601/989 1781/3602/891 1877/3603/939
f 1781/3602/891 1977/3601/989 1881/3604/941
f 1879/3605/940 1883/3606/942 1979/3607/990
f 1883/3606/942 1879/3605/940 1783/3608/892
f 1886/3609/944 1981/3610/991 1982/3611/992
f 1981/3610/991 1886/3609/944 1885/3612/943
f 1985/3613/993 1787/3614/894 1889/3615/945
f 1787/3614/894 1985/3613/993 1883/3616/942
f 1892/3617/947 1886/3618/944 1987/3619/994
f 1886/3618/944 1892/3617/947 1791/3620/897
f 1989/3621/995 1841/3622/921 1941/3623/971
f 1841/3622/921 1989/3621/995 1889/3624/945
f 1991/3625/996 1892/3626/947 1992/3627/997
f 1892/3626/947 1991/3625/996 1891/3628/946
f 1891/3629/946 1896/3630/949 1789/3631/895
f 1896/3630/949 1891/3629/946 1995/3632/998
f 1896/3633/949 1997/3634/999 1895/3635/948
f 1997/3634/999 1896/3633/949 1998/3636/1000
f 1899/3637/950 1901/3638/951 1799/3639/900
f 1901/3638/951 1899/3637/950 2001/3640/1001
f 1901/3641/951 1903/3642/952 1801/3643/901
f 1903/3642/952 1901/3641/951 2003/3644/1002
f 1903/3645/952 1905/3646/953 1803/3647/902
f 1905/3646/953 1903/3645/952 2005/3648/1003
f 1905/3649/953 1907/3650/954 1805/3651/903
f 1907/3650/954 1905/3649/953 2007/3652/1004
f 1909/3653/955 1907/3654/954 2009/3655/1005
f 1907/3654/954 1909/3653/955 1807/3656/904
f 1911/3657/956 1909/3658/955 2011/3659/1006
f 1909/3658/955 1911/3657/956 1809/3660/905
f 1811/3661/906 2013/3662/1007 1913/3663/957
f 2013/3662/1007 1811/3661/906 1911/3664/956
f 1813/3665/907 2015/3666/1008 1915/3667/958
f 2015/3666/1008 1813/3665/907 1913/3668/957
f 1815/3669/908 2017/3670/1009 1917/3671/959
f 2017/3670/1009 1815/3669/908 1915/3672/958
f 2019/3673/1010 1821/3674/911 1919/3675/960
f 1821/3674/911 2019/3673/1010 1921/3676/961
f 2021/3677/1011 1823/3678/912 1921/3679/961
f 1823/3678/912 2021/3677/1011 1923/3680/962
f 1925/3681/963 1923/3682/962 2023/3683/1012
f 1923/3682/962 1925/3681/963 1825/3684/913
f 1927/3685/964 1925/3686/963 2025/3687/1013
f 1925/3686/963 1927/3685/964 1827/3688/914
f 1929/3689/965 1927/3690/964 2027/3691/1014
f 1927/3690/964 1929/3689/965 1829/3692/915
f 2029/3693/1015 1831/3694/916 1929/3695/965
f 1831/3694/916 2029/3693/1015 1931/3696/966
f 2031/3697/1016 1833/3698/917 1931/3699/966
f 1833/3698/917 2031/3697/1016 1933/3700/967
f 2033/3701/1017 1835/3702/918 1933/3703/967
f 1835/3702/918 2033/3701/1017 1935/3704/968
f 2035/3705/1018 1837/3706/919 1935/3707/968
f 1837/3706/919 2035/3705/1018 1937/3708/969
f 1939/3709/970 1937/3710/969 2037/3711/1019
f 1937/3710/969 1939/3709/970 1839/3712/920
f 1942/3713/972 1939/3714/970 2039/3715/1020
f 1939/3714/970 1942/3713/972 1842/3716/922
f 2041/3717/1021 1942/3718/972 2042/3719/1022
f 1942/3718/972 2041/3717/1021 1941/3720/971
f 1947/3721/974 1919/3722/960 1847/3723/924
f 1919/3722/960 1947/3721/974 2019/3724/1010
f 1917/3725/959 1945/3726/973 1845/3727/923
f 1945/3726/973 1917/3725/959 2017/3728/1009
f 2045/3729/1023 1849/3730/925 1945/3731/973
f 1849/3730/925 2045/3729/1023 1949/3732/975
f 2047/3733/1024 1851/3734/926 1951/3735/976
f 1851/3734/926 2047/3733/1024 1947/3736/974
f 2049/3737/1025 1853/3738/927 1949/3739/975
f 1853/3738/927 2049/3737/1025 1953/3740/977
f 2051/3741/1026 1855/3742/928 1955/3743/978
f 1855/3742/928 2051/3741/1026 1951/3744/976
f 2053/3745/1027 1857/3746/929 1953/3747/977
f 1857/3746/929 2053/3745/1027 1957/3748/979
f 2055/3749/1028 1859/3750/930 1959/3751/980
f 1859/3750/930 2055/3749/1028 1955/3752/978
f 2057/3753/1029 1861/3754/931 1957/3755/979
f 1861/3754/931 2057/3753/1029 1961/3756/981
f 1959/3757/980 1963/3758/982 2059/3759/1030
f 1963/3758/982 1959/3757/980 1863/3760/932
f 2061/3761/1031 1865/3762/933 1961/3763/981
f 1865/3762/933 2061/3761/1031 1965/3764/983
f 1963/3765/982 1967/3766/984 2063/3767/1032
f 1967/3766/984 1963/3765/982 1867/3768/934
f 2065/3769/1033 1869/3770/935 1965/3771/983
f 1869/3770/935 2065/3769/1033 1969/3772/985
f 1967/3773/984 1971/3774/986 2067/3775/1034
f 1971/3774/986 1967/3773/984 1871/3776/936
f 1973/3777/987 1969/3778/985 2069/3779/1035
f 1969/3778/985 1973/3777/987 1873/3780/937
f 1971/3781/986 1975/3782/988 2071/3783/1036
f 1975/3782/988 1971/3781/986 1875/3784/938
f 1977/3785/989 1973/3786/987 2073/3787/1037
f 1973/3786/987 1977/3785/989 1877/3788/939
f 1975/3789/988 1979/3790/990 2075/3791/1038
f 1979/3790/990 1975/3789/988 1879/3792/940
f 2077/3793/1039 1981/3794/991 2078/3795/1040
f 1981/3794/991 2077/3793/1039 1982/3796/992
f 1979/3797/990 1985/3798/993 2081/3799/1041
f 1985/3798/993 1979/3797/990 1883/3800/942
f 2083/3801/1042 1886/3802/944 1982/3803/992
f 1886/3802/944 2083/3801/1042 1987/3804/994
f 2085/3805/1043 1889/3806/945 1989/3807/995
f 1889/3806/945 2085/3805/1043 1985/3808/993
f 1992/3809/997 1987/3810/994 2087/3811/1044
f 1987/3810/994 1992/3809/997 1892/3812/947
f 2089/3813/1045 1941/3814/971 2041/3815/1021
f 1941/3814/971 2089/3813/1045 1989/3816/995
f 2091/3817/1046 1992/3818/997 2092/3819/1047
f 1992/3818/997 2091/3817/1046 1991/3820/996
f 1991/3821/996 1995/3822/998 1891/3823/946
f 1995/3822/998 1991/3821/996 2095/3824/1048
f 1995/3825/998 1998/3826/1000 1896/3827/949
f 1998/3826/1000 1995/3825/998 2097/3828/1049
f 1998/3829/1000 2099/3830/1050 1997/3831/999
f 2099/3830/1050 1998/3829/1000 2100/3832/1051
f 2001/3833/1001 2003/3834/1002 1901/3835/951
f 2003/3834/1002 2001/3833/1001 2103/3836/1052
f 2003/3837/1002 2005/3838/1003 1903/3839/952
f 2005/3838/1003 2003/3837/1002 2105/3840/1053
f 2005/3841/1003 2007/3842/1004 1905/3843/953
f 2007/3842/1004 2005/3841/1003 2107/3844/1054
f 2009/3845/1005 2007/3846/1004 2109/3847/1055
f 2007/3846/1004 2009/3845/1005 1907/3848/954
f 2011/3849/1006 2009/3850/1005 2111/3851/1056
f 2009/3850/1005 2011/3849/1006 1909/3852/955
f 1911/3853/956 2113/3854/1057 2013/3855/1007
f 2113/3854/1057 1911/3853/956 2011/3856/1006
f 1913/3857/957 2115/3858/1058 2015/3859/1008
f 2115/3858/1058 1913/3857/957 2013/3860/1007
f 1915/3861/958 2117/3862/1059 2017/3863/1009
f 2117/3862/1059 1915/3861/958 2015/3864/1008
f 2119/3865/1060 1921/3866/961 2019/3867/1010
f 1921/3866/961 2119/3865/1060 2021/3868/1011
f 2121/3869/1061 1923/3870/962 2021/3871/1011
f 1923/3870/962 2121/3869/1061 2023/3872/1012
f 2025/3873/1013 2023/3874/1012 2123/3875/1062
f 2023/3874/1012 2025/3873/1013 1925/3876/963
f 2027/3877/1014 2025/3878/1013 2125/3879/1063
f 2025/3878/1013 2027/3877/1014 1927/3880/964
f 2127/3881/1064 1929/3882/965 2027/3883/1014
f 1929/3882/965 2127/3881/1064 2029/3884/1015
f 2129/3885/1065 1931/3886/966 2029/3887/1015
f 1931/3886/966 2129/3885/1065 2031/3888/1016
f 2131/3889/1066 1933/3890/967 2031/3891/1016
f 1933/3890/967 2131/3889/1066 2033/3892/1017
f 2133/3893/1067 1935/3894/968 2033/3895/1017
f 1935/3894/968 2133/3893/1067 2035/3896/1018
f 2037/3897/1019 2035/3898/1018 2135/3899/1068
f 2035/3898/1018 2037/3897/1019 1937/3900/969
f 2039/3901/1020 2037/3902/1019 2137/3903/1069
f 2037/3902/1019 2039/3901/1020 1939/3904/970
f 2042/3905/1022 2039/3906/1020 2139/3907/1070
f 2039/3906/1020 2042/3905/1022 1942/3908/972
f 2141/3909/1071 2042/3910/1022 2142/3911/1072
f 2042/3910/1022 2141/3909/1071 2041/3912/1021
f 2047/3913/1024 2019/3914/1010 1947/3915/974
f 2019/3914/1010 2047/3913/1024 2119/3916/1060
f 2017/3917/1009 2045/3918/1023 1945/3919/973
f 2045/3918/1023 2017/3917/1009 2117/3920/1059
f 2145/3921/1073 1949/3922/975 2045/3923/1023
f 1949/3922/975 2145/3921/1073 2049/3924/1025
f 2147/3925/1074 1951/3926/976 2051/3927/1026
f 1951/3926/976 2147/3925/1074 2047/3928/1024
f 2149/3929/1075 1953/3930/977 2049/3931/1025
f 1953/3930/977 2149/3929/1075 2053/3932/1027
f 2151/3933/1076 1955/3934/978 2055/3935/1028
f 1955/3934/978 2151/3933/1076 2051/3936/1026
f 2153/3937/1077 1957/3938/979 2053/3939/1027
f 1957/3938/979 2153/3937/1077 2057/3940/1029
f 2155/3941/1078 1959/3942/980 2059/3943/1030
f 1959/3942/980 2155/3941/1078 2055/3944/1028
f 2157/3945/1079 1961/3946/981 2057/3947/1029
f 1961/3946/981 2157/3945/1079 2061/3948/1031
f 2059/3949/1030 2063/3950/1032 2159/3951/1080
f 2063/3950/1032 2059/3949/1030 1963/3952/982
f 2161/3953/1081 1965/3954/983 2061/3955/1031
f 1965/3954/983 2161/3953/1081 2065/3956/1033
f 2063/3957/1032 2067/3958/1034 2163/3959/1082
f 2067/3958/1034 2063/3957/1032 1967/3960/984
f 2069/3961/1035 2065/3962/1033 2165/3963/1083
f 2065/3962/1033 2069/3961/1035 1969/3964/985
f 2067/3965/1034 2071/3966/1036 2167/3967/1084
f 2071/3966/1036 2067/3965/1034 1971/3968/986
f 2073/3969/1037 2069/3970/1035 2169/3971/1085
f 2069/3970/1035 2073/3969/1037 1973/3972/987
f 2071/3973/1036 2075/3974/1038 2171/3975/1086
f 2075/3974/1038 2071/3973/1036 1975/3976/988
f 2173/3977/1087 2078/3978/1040 2174/3979/1088
f 2078/3978/1040 2173/3977/1087 2077/3980/1039
f 2075/3981/1038 2081/3982/1041 2177/3983/1089
f 2081/3982/1041 2075/3981/1038 1979/3984/990
f 2179/3985/1090 1982/3986/992 2077/3987/1039
f 1982/3986/992 2179/3985/1090 2083/3988/1042
f 2081/3989/1041 2085/3990/1043 2181/3991/1091
f 2085/3990/1043 2081/3989/1041 1985/3992/993
f 2087/3993/1044 2083/3994/1042 2183/3995/1092
f 2083/3994/1042 2087/3993/1044 1987/3996/994
f 2185/3997/1093 1989/3998/995 2089/3999/1045
f 1989/3998/995 2185/3997/1093 2085/4000/1043
f 2092/4001/1047 2087/4002/1044 2187/4003/1094
f 2087/4002/1044 2092/4001/1047 1992/4004/997
f 2189/4005/1095 2041/4006/1021 2141/4007/1071
f 2041/4006/1021 2189/4005/1095 2089/4008/1045
f 2191/4009/1096 2092/4010/1047 2192/4011/1097
f 2092/4010/1047 2191/4009/1096 2091/4012/1046
f 2091/4013/1046 2095/4014/1048 1991/4015/996
f 2095/4014/1048 2091/4013/1046 2195/4016/1098
f 2095/4017/1048 2097/4018/1049 1995/4019/998
f 2097/4018/1049 2095/4017/1048 2197/4020/1099
f 2097/4021/1049 2100/4022/1051 1998/4023/1000
f 2100/4022/1051 2097/4021/1049 2199/4024/1100
f 2100/4025/1051 2201/4026/1101 2099/4027/1050
f 2201/4026/1101 2100/4025/1051 2202/4028/1102
f 2003/4029/1002 2205/4030/1103 2105/4031/1053
f 2205/4030/1103 2003/4029/1002 2103/4032/1052
f 2005/4033/1003 2207/4034/1104 2107/4035/1054
f 2207/4034/1104 2005/4033/1003 2105/4036/1053
f 2109/4037/1055 2107/4038/1054 2209/4039/1105
f 2107/4038/1054 2109/4037/1055 2007/4040/1004
f 2111/4041/1056 2109/4042/1055 2211/4043/1106
f 2109/4042/1055 2111/4041/1056 2009/4044/1005
f 2113/4045/1057 2111/4046/1056 2213/4047/1107
f 2111/4046/1056 2113/4045/1057 2011/4048/1006
f 2013/4049/1007 2215/4050/1108 2115/4051/1058
f 2215/4050/1108 2013/4049/1007 2113/4052/1057
f 2015/4053/1008 2217/4054/1109 2117/4055/1059
f 2217/4054/1109 2015/4053/1008 2115/4056/1058
f 2219/4057/1110 2021/4058/1011 2119/4059/1060
f 2021/4058/1011 2219/4057/1110 2121/4060/1061
f 2221/4061/1111 2023/4062/1012 2121/4063/1061
f 2023/4062/1012 2221/4061/1111 2123/4064/1062
f 2125/4065/1063 2123/4066/1062 2223/4067/1112
f 2123/4066/1062 2125/4065/1063 2025/4068/1013
f 2127/4069/1064 2125/4070/1063 2225/4071/1113
f 2125/4070/1063 2127/4069/1064 2027/4072/1014
f 2227/4073/1114 2029/4074/1015 2127/4075/1064
f 2029/4074/1015 2227/4073/1114 2129/4076/1065
f 2229/4077/1115 2031/4078/1016 2129/4079/1065
f 2031/4078/1016 2229/4077/1115 2131/4080/1066
f 2231/4081/1116 2033/4082/1017 2131/4083/1066
f 2033/4082/1017 2231/4081/1116 2133/4084/1067
f 2233/4085/1117 2035/4086/1018 2133/4087/1067
f 2035/4086/1018 2233/4085/1117 2135/4088/1068
f 2137/4089/1069 2135/4090/1068 2235/4091/1118
f 2135/4090/1068 2137/4089/1069 2037/4092/1019
f 2139/4093/1070 2137/4094/1069 2237/4095/1119
f 2137/4094/1069 2139/4093/1070 2039/4096/1020
f 2142/4097/1072 2139/4098/1070 2239/4099/1120
f 2139/4098/1070 2142/4097/1072 2042/4100/1022
f 2241/4101/1121 2142/4102/1072 2242/4103/1122
f 2142/4102/1072 2241/4101/1121 2141/4104/1071
f 2147/4105/1074 2119/4106/1060 2047/4107/1024
f 2119/4106/1060 2147/4105/1074 2219/4108/1110
f 2117/4109/1059 2145/4110/1073 2045/4111/1023
f 2145/4110/1073 2117/4109/1059 2217/4112/1109
f 2245/4113/1123 2049/4114/1025 2145/4115/1073
f 2049/4114/1025 2245/4113/1123 2149/4116/1075
f 2247/4117/1124 2051/4118/1026 2151/4119/1076
f 2051/4118/1026 2247/4117/1124 2147/4120/1074
f 2249/4121/1125 2053/4122/1027 2149/4123/1075
f 2053/4122/1027 2249/4121/1125 2153/4124/1077
f 2251/4125/1126 2055/4126/1028 2155/4127/1078
f 2055/4126/1028 2251/4125/1126 2151/4128/1076
f 2253/4129/1127 2057/4130/1029 2153/4131/1077
f 2057/4130/1029 2253/4129/1127 2157/4132/1079
f 2255/4133/1128 2059/4134/1030 2159/4135/1080
f 2059/4134/1030 2255/4133/1128 2155/4136/1078
f 2257/4137/1129 2061/4138/1031 2157/4139/1079
f 2061/4138/1031 2257/4137/1129 2161/4140/1081
f 2063/4141/1032 2259/4142/1130 2159/4143/1080
f 2259/4142/1130 2063/4141/1032 2163/4144/1082
f 2261/4145/1131 2065/4146/1033 2161/4147/1081
f 2065/4146/1033 2261/4145/1131 2165/4148/1083
f 2163/4149/1082 2167/4150/1084 2263/4151/1132
f 2167/4150/1084 2163/4149/1082 2067/4152/1034
f 2169/4153/1085 2165/4154/1083 2265/4155/1133
f 2165/4154/1083 2169/4153/1085 2069/4156/1035
f 2167/4157/1084 2171/4158/1086 2267/4159/1134
f 2171/4158/1086 2167/4157/1084 2071/4160/1036
f 2269/4161/1135 2174/4162/1088 2270/4163/1136
f 2174/4162/1088 2269/4161/1135 2173/4164/1087
f 2171/4165/1086 2177/4166/1089 2273/4167/1137
f 2177/4166/1089 2171/4165/1086 2075/4168/1038
f 2275/4169/1138 2077/4170/1039 2173/4171/1087
f 2077/4170/1039 2275/4169/1138 2179/4172/1090
f 2177/4173/1089 2181/4174/1091 2277/4175/1139
f 2181/4174/1091 2177/4173/1089 2081/4176/1041
f 2279/4177/1140 2083/4178/1042 2179/4179/1090
f 2083/4178/1042 2279/4177/1140 2183/4180/1092
f 2181/4181/1091 2185/4182/1093 2281/4183/1141
f 2185/4182/1093 2181/4181/1091 2085/4184/1043
f 2187/4185/1094 2183/4186/1092 2283/4187/1142
f 2183/4186/1092 2187/4185/1094 2087/4188/1044
f 2285/4189/1143 2089/4190/1045 2189/4191/1095
f 2089/4190/1045 2285/4189/1143 2185/4192/1093
f 2192/4193/1097 2187/4194/1094 2287/4195/1144
f 2187/4194/1094 2192/4193/1097 2092/4196/1047
f 2289/4197/1145 2141/4198/1071 2241/4199/1121
f 2141/4198/1071 2289/4197/1145 2189/4200/1095
f 2291/4201/1146 2192/4202/1097 2292/4203/1147
f 2192/4202/1097 2291/4201/1146 2191/4204/1096
f 2191/4205/1096 2195/4206/1098 2091/4207/1046
f 2195/4206/1098 2191/4205/1096 2295/4208/1148
f 2195/4209/1098 2197/4210/1099 2095/4211/1048
f 2197/4210/1099 2195/4209/1098 2297/4212/1149
f 2197/4213/1099 2199/4214/1100 2097/4215/1049
f 2199/4214/1100 2197/4213/1099 2299/4216/1150
f 2199/4217/1100 2202/4218/1102 2100/4219/1051
f 2202/4218/1102 2199/4217/1100 2301/4220/1151
f 2202/4221/1102 2303/4222/1152 2201/4223/1101
f 2303/4222/1152 2202/4221/1102 2304/4224/1153
f 2105/4225/1053 2307/4226/1154 2207/4227/1104
f 2307/4226/1154 2105/4225/1053 2205/4228/1103
f 2107/4229/1054 2309/4230/1155 2209/4231/1105
f 2309/4230/1155 2107/4229/1054 2207/4232/1104
f 2211/4233/1106 2209/4234/1105 2311/4235/1156
f 2209/4234/1105 2211/4233/1106 2109/4236/1055
f 2111/4237/1056 2313/4238/1157 2213/4239/1107
f 2313/4238/1157 2111/4237/1056 2211/4240/1106
f 2113/4241/1057 2315/4242/1158 2215/4243/1108
f 2315/4242/1158 2113/4241/1057 2213/4244/1107
f 2115/4245/1058 2317/4246/1159 2217/4247/1109
f 2317/4246/1159 2115/4245/1058 2215/4248/1108
f 2319/4249/1160 2121/4250/1061 2219/4251/1110
f 2121/4250/1061 2319/4249/1160 2221/4252/1111
f 2321/4253/1161 2123/4254/1062 2221/4255/1111
f 2123/4254/1062 2321/4253/1161 2223/4256/1112
f 2225/4257/1113 2223/4258/1112 2323/4259/1162
f 2223/4258/1112 2225/4257/1113 2125/4260/1063
f 2325/4261/1163 2127/4262/1064 2225/4263/1113
f 2127/4262/1064 2325/4261/1163 2227/4264/1114
f 2327/4265/1164 2129/4266/1065 2227/4267/1114
f 2129/4266/1065 2327/4265/1164 2229/4268/1115
f 2329/4269/1165 2131/4270/1066 2229/4271/1115
f 2131/4270/1066 2329/4269/1165 2231/4272/1116
f 2331/4273/1166 2133/4274/1067 2231/4275/1116
f 2133/4274/1067 2331/4273/1166 2233/4276/1117
f 2333/4277/1167 2135/4278/1068 2233/4279/1117
f 2135/4278/1068 2333/4277/1167 2235/4280/1118
f 2237/4281/1119 2235/4282/1118 2335/4283/1168
f 2235/4282/1118 2237/4281/1119 2137/4284/1069
f 2239/4285/1120 2237/4286/1119 2337/4287/1169
f 2237/4286/1119 2239/4285/1120 2139/4288/1070
f 2242/4289/1122 2239/4290/1120 2339/4291/1170
f 2239/4290/1120 2242/4289/1122 2142/4292/1072
f 2341/4293/1171 2342/4294/1171 2343/4295/1171
f 2342/4294/1171 2341/4293/1171 2344/4296/1171
f 2342/4294/1171 2344/4296/1171 2345/4297/1171
f 2345/4297/1171 2344/4296/1171 2346/4298/1171
f 2346/4298/1171 2344/4296/1171 2347/4299/1171
f 2346/4298/1171 2347/4299/1171 2348/4300/1171
f 2346/4298/1171 2348/4300/1171 2349/4301/1171
f 2349/4301/1171 2348/4300/1171 2350/4302/1171
f 2349/4301/1171 2350/4302/1171 2351/4303/1171
f 2351/4303/1171 2350/4302/1171 2352/4304/1171
f 2351/4303/1171 2352/4304/1171 2353/4305/1171
f 2353/4305/1171 2352/4304/1171 2354/4306/1171
f 2353/4305/1171 2354/4306/1171 2355/4307/1171
f 2355/4307/1171 2354/4306/1171 2356/4308/1171
f 2356/4308/1171 2354/4306/1171 2357/4309/1171
f 2356/4308/1171 2357/4309/1171 2358/4310/1171
f 2356/4308/1171 2358/4310/1171 2359/4311/1171
f 2359/4311/1171 2358/4310/1171 2360/4312/1171
f 2359/4311/1171 2360/4312/1171 2361/4313/1171
f 2361/4313/1171 2360/4312/1171 2362/4314/1171
f 2362/4314/1171 2360/4312/1171 2363/4315/1171
f 2362/4314/1171 2363/4315/1171 2364/4316/1171
f 2247/4317/1124 2219/4318/1110 2147/4319/1074
f 2219/4318/1110 2247/4317/1124 2319/4320/1160
f 2217/4321/1109 2245/4322/1123 2145/4323/1073
f 2245/4322/1123 2217/4321/1109 2317/4324/1159
f 2389/4325/1172 2149/4326/1075 2245/4327/1123
f 2149/4326/1075 2389/4325/1172 2249/4328/1125
f 2391/4329/1173 2151/4330/1076 2251/4331/1126
f 2151/4330/1076 2391/4329/1173 2247/4332/1124
f 2393/4333/1174 2153/4334/1077 2249/4335/1125
f 2153/4334/1077 2393/4333/1174 2253/4336/1127
f 2395/4337/1175 2155/4338/1078 2255/4339/1128
f 2155/4338/1078 2395/4337/1175 2251/4340/1126
f 2397/4341/1176 2157/4342/1079 2253/4343/1127
f 2157/4342/1079 2397/4341/1176 2257/4344/1129
f 2159/4345/1080 2399/4346/1177 2255/4347/1128
f 2399/4346/1177 2159/4345/1080 2259/4348/1130
f 2401/4349/1178 2161/4350/1081 2257/4351/1129
f 2161/4350/1081 2401/4349/1178 2261/4352/1131
f 2163/4353/1082 2403/4354/1179 2259/4355/1130
f 2403/4354/1179 2163/4353/1082 2263/4356/1132
f 2265/4357/1133 2261/4358/1131 2405/4359/1180
f 2261/4358/1131 2265/4357/1133 2165/4360/1083
f 2263/4361/1132 2267/4362/1134 2407/4363/1181
f 2267/4362/1134 2263/4361/1132 2167/4364/1084
f 2409/4365/1182 2270/4366/1136 2410/4367/1183
f 2270/4366/1136 2409/4365/1182 2269/4368/1135
f 2267/4369/1134 2273/4370/1137 2413/4371/1184
f 2273/4370/1137 2267/4369/1134 2171/4372/1086
f 2415/4373/1185 2173/4374/1087 2269/4375/1135
f 2173/4374/1087 2415/4373/1185 2275/4376/1138
f 2273/4377/1137 2277/4378/1139 2417/4379/1186
f 2277/4378/1139 2273/4377/1137 2177/4380/1089
f 2419/4381/1187 2179/4382/1090 2275/4383/1138
f 2179/4382/1090 2419/4381/1187 2279/4384/1140
f 2277/4385/1139 2281/4386/1141 2421/4387/1188
f 2281/4386/1141 2277/4385/1139 2181/4388/1091
f 2423/4389/1189 2183/4390/1092 2279/4391/1140
f 2183/4390/1092 2423/4389/1189 2283/4392/1142
f 2281/4393/1141 2285/4394/1143 2425/4395/1190
f 2285/4394/1143 2281/4393/1141 2185/4396/1093
f 2287/4397/1144 2283/4398/1142 2427/4399/1191
f 2283/4398/1142 2287/4397/1144 2187/4400/1094
f 2429/4401/1192 2189/4402/1095 2289/4403/1145
f 2189/4402/1095 2429/4401/1192 2285/4404/1143
f 2292/4405/1147 2287/4406/1144 2431/4407/1193
f 2287/4406/1144 2292/4405/1147 2192/4408/1097
f 2433/4409/1194 2292/4410/1147 2434/4411/1195
f 2292/4410/1147 2433/4409/1194 2291/4412/1146
f 2291/4413/1146 2295/4414/1148 2191/4415/1096
f 2295/4414/1148 2291/4413/1146 2437/4416/1196
f 2295/4417/1148 2297/4418/1149 2195/4419/1098
f 2297/4418/1149 2295/4417/1148 2439/4420/1197
f 2297/4421/1149 2299/4422/1150 2197/4423/1099
f 2299/4422/1150 2297/4421/1149 2441/4424/1198
f 2299/4425/1150 2301/4426/1151 2199/4427/1100
f 2301/4426/1151 2299/4425/1150 2443/4428/1199
f 2301/4429/1151 2304/4430/1153 2202/4431/1102
f 2304/4430/1153 2301/4429/1151 2445/4432/1200
f 2304/4433/1153 2447/4434/1201 2303/4435/1152
f 2447/4434/1201 2304/4433/1153 2448/4436/1202
f 2207/4437/1104 2451/4438/1203 2309/4439/1155
f 2451/4438/1203 2207/4437/1104 2307/4440/1154
f 2311/4441/1156 2309/4442/1155 2453/4443/1204
f 2309/4442/1155 2311/4441/1156 2209/4444/1105
f 2211/4445/1106 2455/4446/1205 2313/4447/1157
f 2455/4446/1205 2211/4445/1106 2311/4448/1156
f 2213/4449/1107 2457/4450/1206 2315/4451/1158
f 2457/4450/1206 2213/4449/1107 2313/4452/1157
f 2215/4453/1108 2459/4454/1207 2317/4455/1159
f 2459/4454/1207 2215/4453/1108 2315/4456/1158
f 2461/4457/1208 2221/4458/1111 2319/4459/1160
f 2221/4458/1111 2461/4457/1208 2321/4460/1161
f 2463/4461/1209 2223/4462/1112 2321/4463/1161
f 2223/4462/1112 2463/4461/1209 2323/4464/1162
f 2465/4465/1210 2225/4466/1113 2323/4467/1162
f 2225/4466/1113 2465/4465/1210 2325/4468/1163
f 2467/4469/1211 2227/4470/1114 2325/4471/1163
f 2227/4470/1114 2467/4469/1211 2327/4472/1164
f 2469/4473/1212 2229/4474/1115 2327/4475/1164
f 2229/4474/1115 2469/4473/1212 2329/4476/1165
f 2471/4477/1213 2231/4478/1116 2329/4479/1165
f 2231/4478/1116 2471/4477/1213 2331/4480/1166
f 2473/4481/1214 2233/4482/1117 2331/4483/1166
f 2233/4482/1117 2473/4481/1214 2333/4484/1167
f 2475/4485/1215 2235/4486/1118 2333/4487/1167
f 2235/4486/1118 2475/4485/1215 2335/4488/1168
f 2337/4489/1169 2335/4490/1168 2477/4491/1216
f 2335/4490/1168 2337/4489/1169 2237/4492/1119
f 2339/4493/1170 2337/4494/1169 2479/4495/1217
f 2337/4494/1169 2339/4493/1170 2239/4496/1120
f 2481/4497/1218 2482/4498/1219 2483/4499/1220
f 2482/4498/1219 2481/4497/1218 2484/4500/1221
f 2489/4501/1222 2483/4502/1220 2490/4503/1223
f 2483/4502/1220 2489/4501/1222 2481/4504/1218
f 2493/4505/1224 2490/4506/1223 2494/4507/1225
f 2490/4506/1223 2493/4505/1224 2489/4508/1222
f 2497/4509/1226 2493/4510/1224 2494/4511/1225
f 2493/4510/1224 2497/4509/1226 2498/4512/1227
f 2501/4513/1228 2498/4514/1227 2497/4515/1226
f 2498/4514/1227 2501/4513/1228 2502/4516/1229
f 2505/4517/1230 2502/4518/1229 2501/4519/1228
f 2502/4518/1229 2505/4517/1230 2506/4520/1231
f 2509/4521/1232 2506/4522/1231 2505/4523/1230
f 2506/4522/1231 2509/4521/1232 2510/4524/1233
f 2513/4525/1234 2510/4526/1233 2509/4527/1232
f 2510/4526/1233 2513/4525/1234 2514/4528/1235
f 2517/4529/1236 2514/4530/1235 2513/4531/1234
f 2514/4530/1235 2517/4529/1236 2518/4532/1237
f 2517/4533/1236 2521/4534/1238 2518/4535/1237
f 2521/4534/1238 2517/4533/1236 2522/4536/1239
f 2522/4537/1239 2525/4538/1240 2521/4539/1238
f 2525/4538/1240 2522/4537/1239 2526/4540/1241
f 2526/4541/1241 2529/4542/1242 2525/4543/1240
f 2529/4542/1242 2526/4541/1241 2530/4544/1243
f 2530/4545/1243 2533/4546/1244 2529/4547/1242
f 2533/4546/1244 2530/4545/1243 2534/4548/1245
f 2534/4549/1245 2537/4550/1246 2533/4551/1244
f 2537/4550/1246 2534/4549/1245 2425/4552/1190
f 2425/4553/1190 2429/4554/1192 2537/4555/1246
f 2429/4554/1192 2425/4553/1190 2285/4556/1143
f 2539/4557/1247 2337/4558/1169 2477/4559/1216
f 2337/4558/1169 2539/4557/1247 2479/4560/1217
f 2541/4561/1248 2477/4562/1216 2542/4563/1249
f 2477/4562/1216 2541/4561/1248 2539/4564/1247
f 2545/4565/1250 2542/4566/1249 2546/4567/1251
f 2542/4566/1249 2545/4565/1250 2541/4568/1248
f 2484/4569/1221 2546/4570/1251 2482/4571/1219
f 2546/4570/1251 2484/4569/1221 2545/4572/1250
f 2391/4573/1173 2319/4574/1160 2247/4575/1124
f 2319/4574/1160 2391/4573/1173 2461/4576/1208
f 2317/4577/1159 2389/4578/1172 2245/4579/1123
f 2389/4578/1172 2317/4577/1159 2459/4580/1207
f 2549/4581/1252 2249/4582/1125 2389/4583/1172
f 2249/4582/1125 2549/4581/1252 2393/4584/1174
f 2251/4585/1126 2551/4586/1253 2391/4587/1173
f 2551/4586/1253 2251/4585/1126 2395/4588/1175
f 2553/4589/1254 2253/4590/1127 2393/4591/1174
f 2253/4590/1127 2553/4589/1254 2397/4592/1176
f 2255/4593/1128 2555/4594/1255 2395/4595/1175
f 2555/4594/1255 2255/4593/1128 2399/4596/1177
f 2557/4597/1256 2257/4598/1129 2397/4599/1176
f 2257/4598/1129 2557/4597/1256 2401/4600/1178
f 2259/4601/1130 2559/4602/1257 2399/4603/1177
f 2559/4602/1257 2259/4601/1130 2403/4604/1179
f 2561/4605/1258 2261/4606/1131 2401/4607/1178
f 2261/4606/1131 2561/4605/1258 2405/4608/1180
f 2263/4609/1132 2563/4610/1259 2403/4611/1179
f 2563/4610/1259 2263/4609/1132 2407/4612/1181
f 2565/4613/1260 2410/4614/1183 2566/4615/1261
f 2410/4614/1183 2565/4613/1260 2409/4616/1182
f 2407/4617/1181 2413/4618/1184 2569/4619/1262
f 2413/4618/1184 2407/4617/1181 2267/4620/1134
f 2571/4621/1263 2269/4622/1135 2409/4623/1182
f 2269/4622/1135 2571/4621/1263 2415/4624/1185
f 2413/4625/1184 2417/4626/1186 2573/4627/1264
f 2417/4626/1186 2413/4625/1184 2273/4628/1137
f 2575/4629/1265 2275/4630/1138 2415/4631/1185
f 2275/4630/1138 2575/4629/1265 2419/4632/1187
f 2417/4633/1186 2421/4634/1188 2577/4635/1266
f 2421/4634/1188 2417/4633/1186 2277/4636/1139
f 2579/4637/1267 2279/4638/1140 2419/4639/1187
f 2279/4638/1140 2579/4637/1267 2423/4640/1189
f 2421/4641/1188 2425/4642/1190 2534/4643/1245
f 2425/4642/1190 2421/4641/1188 2281/4644/1141
f 2581/4645/1268 2283/4646/1142 2423/4647/1189
f 2283/4646/1142 2581/4645/1268 2427/4648/1191
f 2431/4649/1193 2427/4650/1191 2583/4651/1269
f 2427/4650/1191 2431/4649/1193 2287/4652/1144
f 2434/4653/1195 2431/4654/1193 2585/4655/1270
f 2431/4654/1193 2434/4653/1195 2292/4656/1147
f 2587/4657/1271 2434/4658/1195 2588/4659/1272
f 2434/4658/1195 2587/4657/1271 2433/4660/1194
f 2433/4661/1194 2437/4662/1196 2291/4663/1146
f 2437/4662/1196 2433/4661/1194 2591/4664/1273
f 2437/4665/1196 2439/4666/1197 2295/4667/1148
f 2439/4666/1197 2437/4665/1196 2593/4668/1274
f 2439/4669/1197 2441/4670/1198 2297/4671/1149
f 2441/4670/1198 2439/4669/1197 2595/4672/1275
f 2441/4673/1198 2443/4674/1199 2299/4675/1150
f 2443/4674/1199 2441/4673/1198 2597/4676/1276
f 2443/4677/1199 2445/4678/1200 2301/4679/1151
f 2445/4678/1200 2443/4677/1199 2599/4680/1277
f 2445/4681/1200 2448/4682/1202 2304/4683/1153
f 2448/4682/1202 2445/4681/1200 2601/4684/1278
f 2603/4685/1279 2448/4686/1202 2604/4687/1280
f 2448/4686/1202 2603/4685/1279 2447/4688/1201
f 2309/4689/1155 2607/4690/1281 2453/4691/1204
f 2607/4690/1281 2309/4689/1155 2451/4692/1203
f 2311/4693/1156 2609/4694/1282 2455/4695/1205
f 2609/4694/1282 2311/4693/1156 2453/4696/1204
f 2313/4697/1157 2611/4698/1283 2457/4699/1206
f 2611/4698/1283 2313/4697/1157 2455/4700/1205
f 2315/4701/1158 2613/4702/1284 2459/4703/1207
f 2613/4702/1284 2315/4701/1158 2457/4704/1206
f 2615/4705/1285 2321/4706/1161 2461/4707/1208
f 2321/4706/1161 2615/4705/1285 2463/4708/1209
f 2463/4709/1209 2465/4710/1210 2323/4711/1162
f 2465/4710/1210 2463/4709/1209 2617/4712/1286
f 2619/4713/1287 2325/4714/1163 2465/4715/1210
f 2325/4714/1163 2619/4713/1287 2467/4716/1211
f 2621/4717/1288 2327/4718/1164 2467/4719/1211
f 2327/4718/1164 2621/4717/1288 2469/4720/1212
f 2623/4721/1289 2329/4722/1165 2469/4723/1212
f 2329/4722/1165 2623/4721/1289 2471/4724/1213
f 2625/4725/1290 2331/4726/1166 2471/4727/1213
f 2331/4726/1166 2625/4725/1290 2473/4728/1214
f 2627/4729/1291 2333/4730/1167 2473/4731/1214
f 2333/4730/1167 2627/4729/1291 2475/4732/1215
f 2542/4733/1249 2335/4734/1168 2475/4735/1215
f 2335/4734/1168 2542/4733/1249 2477/4736/1216
f 2483/4737/1220 2629/4738/1292 2630/4739/1293
f 2629/4738/1292 2483/4737/1220 2482/4740/1219
f 2490/4741/1223 2630/4742/1293 2633/4743/1294
f 2630/4742/1293 2490/4741/1223 2483/4744/1220
f 2494/4745/1225 2633/4746/1294 2635/4747/1295
f 2633/4746/1294 2494/4745/1225 2490/4748/1223
f 2637/4749/1296 2494/4750/1225 2635/4751/1295
f 2494/4750/1225 2637/4749/1296 2497/4752/1226
f 2639/4753/1297 2497/4754/1226 2637/4755/1296
f 2497/4754/1226 2639/4753/1297 2501/4756/1228
f 2641/4757/1298 2501/4758/1228 2639/4759/1297
f 2501/4758/1228 2641/4757/1298 2505/4760/1230
f 2643/4761/1299 2505/4762/1230 2641/4763/1298
f 2505/4762/1230 2643/4761/1299 2509/4764/1232
f 2645/4765/1300 2509/4766/1232 2643/4767/1299
f 2509/4766/1232 2645/4765/1300 2513/4768/1234
f 2647/4769/1301 2513/4770/1234 2645/4771/1300
f 2513/4770/1234 2647/4769/1301 2517/4772/1236
f 2649/4773/1302 2517/4774/1236 2647/4775/1301
f 2517/4774/1236 2649/4773/1302 2522/4776/1239
f 2649/4777/1302 2526/4778/1241 2522/4779/1239
f 2526/4778/1241 2649/4777/1302 2651/4780/1303
f 2651/4781/1303 2530/4782/1243 2526/4783/1241
f 2530/4782/1243 2651/4781/1303 2577/4784/1266
f 2577/4785/1266 2534/4786/1245 2530/4787/1243
f 2534/4786/1245 2577/4785/1266 2421/4788/1188
f 2546/4789/1251 2475/4790/1215 2627/4791/1291
f 2475/4790/1215 2546/4789/1251 2542/4792/1249
f 2482/4793/1219 2627/4794/1291 2629/4795/1292
f 2627/4794/1291 2482/4793/1219 2546/4796/1251
f 2391/4797/1173 2615/4798/1285 2461/4799/1208
f 2615/4798/1285 2391/4797/1173 2551/4800/1253
f 2459/4801/1207 2549/4802/1252 2389/4803/1172
f 2549/4802/1252 2459/4801/1207 2613/4804/1284
f 2653/4805/1304 2393/4806/1174 2549/4807/1252
f 2393/4806/1174 2653/4805/1304 2553/4808/1254
f 2395/4809/1175 2655/4810/1305 2551/4811/1253
f 2655/4810/1305 2395/4809/1175 2555/4812/1255
f 2657/4813/1306 2397/4814/1176 2553/4815/1254
f 2397/4814/1176 2657/4813/1306 2557/4816/1256
f 2399/4817/1177 2659/4818/1307 2555/4819/1255
f 2659/4818/1307 2399/4817/1177 2559/4820/1257
f 2661/4821/1308 2401/4822/1178 2557/4823/1256
f 2401/4822/1178 2661/4821/1308 2561/4824/1258
f 2403/4825/1179 2663/4826/1309 2559/4827/1257
f 2663/4826/1309 2403/4825/1179 2563/4828/1259
f 2665/4829/1310 2566/4830/1261 2666/4831/1311
f 2566/4830/1261 2665/4829/1310 2565/4832/1260
f 2407/4833/1181 2669/4834/1312 2563/4835/1259
f 2669/4834/1312 2407/4833/1181 2569/4836/1262
f 2671/4837/1313 2409/4838/1182 2565/4839/1260
f 2409/4838/1182 2671/4837/1313 2571/4840/1263
f 2569/4841/1262 2573/4842/1264 2673/4843/1314
f 2573/4842/1264 2569/4841/1262 2413/4844/1184
f 2675/4845/1315 2415/4846/1185 2571/4847/1263
f 2415/4846/1185 2675/4845/1315 2575/4848/1265
f 2573/4849/1264 2577/4850/1266 2651/4851/1303
f 2577/4850/1266 2573/4849/1264 2417/4852/1186
f 2677/4853/1316 2419/4854/1187 2575/4855/1265
f 2419/4854/1187 2677/4853/1316 2579/4856/1267
f 2679/4857/1317 2423/4858/1189 2579/4859/1267
f 2423/4858/1189 2679/4857/1317 2581/4860/1268
f 2681/4861/1318 2427/4862/1191 2581/4863/1268
f 2427/4862/1191 2681/4861/1318 2583/4864/1269
f 2585/4865/1270 2583/4866/1269 2683/4867/1319
f 2583/4866/1269 2585/4865/1270 2431/4868/1193
f 2588/4869/1272 2585/4870/1270 2685/4871/1320
f 2585/4870/1270 2588/4869/1272 2434/4872/1195
f 2687/4873/1321 2588/4874/1272 2688/4875/1322
f 2588/4874/1272 2687/4873/1321 2587/4876/1271
f 2587/4877/1271 2591/4878/1273 2433/4879/1194
f 2591/4878/1273 2587/4877/1271 2691/4880/1323
f 2591/4881/1273 2593/4882/1274 2437/4883/1196
f 2593/4882/1274 2591/4881/1273 2693/4884/1324
f 2593/4885/1274 2595/4886/1275 2439/4887/1197
f 2595/4886/1275 2593/4885/1274 2695/4888/1325
f 2595/4889/1275 2597/4890/1276 2441/4891/1198
f 2597/4890/1276 2595/4889/1275 2697/4892/1326
f 2597/4893/1276 2599/4894/1277 2443/4895/1199
f 2599/4894/1277 2597/4893/1276 2699/4896/1327
f 2599/4897/1277 2601/4898/1278 2445/4899/1200
f 2601/4898/1278 2599/4897/1277 2701/4900/1328
f 2604/4901/1280 2601/4902/1278 2703/4903/1329
f 2601/4902/1278 2604/4901/1280 2448/4904/1202
f 2705/4905/1330 2604/4906/1280 2706/4907/1331
f 2604/4906/1280 2705/4905/1330 2603/4908/1279
f 2609/4909/1282 2607/4910/1281 2709/4911/1332
f 2607/4910/1281 2609/4909/1282 2453/4912/1204
f 2455/4913/1205 2711/4914/1333 2611/4915/1283
f 2711/4914/1333 2455/4913/1205 2609/4916/1282
f 2457/4917/1206 2713/4918/1334 2613/4919/1284
f 2713/4918/1334 2457/4917/1206 2611/4920/1283
f 2615/4921/1285 2617/4922/1286 2463/4923/1209
f 2617/4922/1286 2615/4921/1285 2715/4924/1335
f 2617/4925/1286 2619/4926/1287 2465/4927/1210
f 2619/4926/1287 2617/4925/1286 2717/4928/1336
f 2719/4929/1337 2467/4930/1211 2619/4931/1287
f 2467/4930/1211 2719/4929/1337 2621/4932/1288
f 2721/4933/1338 2469/4934/1212 2621/4935/1288
f 2469/4934/1212 2721/4933/1338 2623/4936/1289
f 2723/4937/1339 2471/4938/1213 2623/4939/1289
f 2471/4938/1213 2723/4937/1339 2625/4940/1290
f 2629/4941/1292 2473/4942/1214 2625/4943/1290
f 2473/4942/1214 2629/4941/1292 2627/4944/1291
f 2630/4945/1293 2625/4946/1290 2723/4947/1339
f 2625/4946/1290 2630/4945/1293 2629/4948/1292
f 2633/4949/1294 2723/4950/1339 2725/4951/1340
f 2723/4950/1339 2633/4949/1294 2630/4952/1293
f 2635/4953/1295 2725/4954/1340 2727/4955/1341
f 2725/4954/1340 2635/4953/1295 2633/4956/1294
f 2729/4957/1342 2635/4958/1295 2727/4959/1341
f 2635/4958/1295 2729/4957/1342 2637/4960/1296
f 2731/4961/1343 2637/4962/1296 2729/4963/1342
f 2637/4962/1296 2731/4961/1343 2639/4964/1297
f 2733/4965/1344 2639/4966/1297 2731/4967/1343
f 2639/4966/1297 2733/4965/1344 2641/4968/1298
f 2735/4969/1345 2641/4970/1298 2733/4971/1344
f 2641/4970/1298 2735/4969/1345 2643/4972/1299
f 2737/4973/1346 2643/4974/1299 2735/4975/1345
f 2643/4974/1299 2737/4973/1346 2645/4976/1300
f 2739/4977/1347 2645/4978/1300 2737/4979/1346
f 2645/4978/1300 2739/4977/1347 2647/4980/1301
f 2739/4981/1347 2649/4982/1302 2647/4983/1301
f 2649/4982/1302 2739/4981/1347 2673/4984/1314
f 2673/4985/1314 2651/4986/1303 2649/4987/1302
f 2651/4986/1303 2673/4985/1314 2573/4988/1264
f 2551/4989/1253 2715/4990/1335 2615/4991/1285
f 2715/4990/1335 2551/4989/1253 2655/4992/1305
f 2613/4993/1284 2653/4994/1304 2549/4995/1252
f 2653/4994/1304 2613/4993/1284 2713/4996/1334
f 2741/4997/1348 2553/4998/1254 2653/4999/1304
f 2553/4998/1254 2741/4997/1348 2657/5000/1306
f 2555/5001/1255 2743/5002/1349 2655/5003/1305
f 2743/5002/1349 2555/5001/1255 2659/5004/1307
f 2745/5005/1350 2557/5006/1256 2657/5007/1306
f 2557/5006/1256 2745/5005/1350 2661/5008/1308
f 2559/5009/1257 2747/5010/1351 2659/5011/1307
f 2747/5010/1351 2559/5009/1257 2663/5012/1309
f 2749/5013/1352 2666/5014/1311 2750/5015/1353
f 2666/5014/1311 2749/5013/1352 2665/5016/1310
f 2563/5017/1259 2753/5018/1354 2663/5019/1309
f 2753/5018/1354 2563/5017/1259 2669/5020/1312
f 2755/5021/1355 2565/5022/1260 2665/5023/1310
f 2565/5022/1260 2755/5021/1355 2671/5024/1313
f 2569/5025/1262 2739/5026/1347 2669/5027/1312
f 2739/5026/1347 2569/5025/1262 2673/5028/1314
f 2757/5029/1356 2571/5030/1263 2671/5031/1313
f 2571/5030/1263 2757/5029/1356 2675/5032/1315
f 2759/5033/1357 2575/5034/1265 2675/5035/1315
f 2575/5034/1265 2759/5033/1357 2677/5036/1316
f 2761/5037/1358 2579/5038/1267 2677/5039/1316
f 2579/5038/1267 2761/5037/1358 2679/5040/1317
f 2763/5041/1359 2581/5042/1268 2679/5043/1317
f 2581/5042/1268 2763/5041/1359 2681/5044/1318
f 2765/5045/1360 2583/5046/1269 2681/5047/1318
f 2583/5046/1269 2765/5045/1360 2683/5048/1319
f 2685/5049/1320 2683/5050/1319 2767/5051/1361
f 2683/5050/1319 2685/5049/1320 2585/5052/1270
f 2688/5053/1322 2685/5054/1320 2769/5055/1362
f 2685/5054/1320 2688/5053/1322 2588/5056/1272
f 2771/5057/1363 2688/5058/1322 2772/5059/1364
f 2688/5058/1322 2771/5057/1363 2687/5060/1321
f 2687/5061/1321 2691/5062/1323 2587/5063/1271
f 2691/5062/1323 2687/5061/1321 2775/5064/1365
f 2691/5065/1323 2693/5066/1324 2591/5067/1273
f 2693/5066/1324 2691/5065/1323 2777/5068/1366
f 2693/5069/1324 2695/5070/1325 2593/5071/1274
f 2695/5070/1325 2693/5069/1324 2779/5072/1367
f 2695/5073/1325 2697/5074/1326 2595/5075/1275
f 2697/5074/1326 2695/5073/1325 2781/5076/1368
f 2697/5077/1326 2699/5078/1327 2597/5079/1276
f 2699/5078/1327 2697/5077/1326 2783/5080/1369
f 2699/5081/1327 2701/5082/1328 2599/5083/1277
f 2701/5082/1328 2699/5081/1327 2785/5084/1370
f 2703/5085/1329 2701/5086/1328 2787/5087/1371
f 2701/5086/1328 2703/5085/1329 2601/5088/1278
f 2706/5089/1331 2703/5090/1329 2789/5091/1372
f 2703/5090/1329 2706/5089/1331 2604/5092/1280
f 2705/5093/1330 2791/5094/1373 2792/5095/1374
f 2791/5094/1373 2705/5093/1330 2706/5096/1331
f 2609/5097/1282 2795/5098/1375 2711/5099/1333
f 2795/5098/1375 2609/5097/1282 2709/5100/1332
f 2611/5101/1283 2797/5102/1376 2713/5103/1334
f 2797/5102/1376 2611/5101/1283 2711/5104/1333
f 2715/5105/1335 2717/5106/1336 2617/5107/1286
f 2717/5106/1336 2715/5105/1335 2799/5108/1377
f 2717/5109/1336 2719/5110/1337 2619/5111/1287
f 2719/5110/1337 2717/5109/1336 2801/5112/1378
f 2803/5113/1379 2621/5114/1288 2719/5115/1337
f 2621/5114/1288 2803/5113/1379 2721/5116/1338
f 2725/5117/1340 2623/5118/1289 2721/5119/1338
f 2623/5118/1289 2725/5117/1340 2723/5120/1339
f 2727/5121/1341 2721/5122/1338 2803/5123/1379
f 2721/5122/1338 2727/5121/1341 2725/5124/1340
f 2805/5125/1380 2727/5126/1341 2803/5127/1379
f 2727/5126/1341 2805/5125/1380 2729/5128/1342
f 2807/5129/1381 2729/5130/1342 2805/5131/1380
f 2729/5130/1342 2807/5129/1381 2731/5132/1343
f 2809/5133/1382 2731/5134/1343 2807/5135/1381
f 2731/5134/1343 2809/5133/1382 2733/5136/1344
f 2811/5137/1383 2733/5138/1344 2809/5139/1382
f 2733/5138/1344 2811/5137/1383 2735/5140/1345
f 2753/5141/1354 2735/5142/1345 2811/5143/1383
f 2735/5142/1345 2753/5141/1354 2737/5144/1346
f 2669/5145/1312 2737/5146/1346 2753/5147/1354
f 2737/5146/1346 2669/5145/1312 2739/5148/1347
f 2655/5149/1305 2799/5150/1377 2715/5151/1335
f 2799/5150/1377 2655/5149/1305 2743/5152/1349
f 2797/5153/1376 2653/5154/1304 2713/5155/1334
f 2653/5154/1304 2797/5153/1376 2741/5156/1348
f 2813/5157/1384 2657/5158/1306 2741/5159/1348
f 2657/5158/1306 2813/5157/1384 2745/5160/1350
f 2659/5161/1307 2815/5162/1385 2743/5163/1349
f 2815/5162/1385 2659/5161/1307 2747/5164/1351
f 2817/5165/1386 2750/5166/1353 2818/5167/1387
f 2750/5166/1353 2817/5165/1386 2749/5168/1352
f 2663/5169/1309 2811/5170/1383 2747/5171/1351
f 2811/5170/1383 2663/5169/1309 2753/5172/1354
f 2821/5173/1388 2665/5174/1310 2749/5175/1352
f 2665/5174/1310 2821/5173/1388 2755/5176/1355
f 2823/5177/1389 2671/5178/1313 2755/5179/1355
f 2671/5178/1313 2823/5177/1389 2757/5180/1356
f 2825/5181/1390 2675/5182/1315 2757/5183/1356
f 2675/5182/1315 2825/5181/1390 2759/5184/1357
f 2827/5185/1391 2677/5186/1316 2759/5187/1357
f 2677/5186/1316 2827/5185/1391 2761/5188/1358
f 2829/5189/1392 2679/5190/1317 2761/5191/1358
f 2679/5190/1317 2829/5189/1392 2763/5192/1359
f 2831/5193/1393 2681/5194/1318 2763/5195/1359
f 2681/5194/1318 2831/5193/1393 2765/5196/1360
f 2833/5197/1394 2683/5198/1319 2765/5199/1360
f 2683/5198/1319 2833/5197/1394 2767/5200/1361
f 2769/5201/1362 2767/5202/1361 2835/5203/1395
f 2767/5202/1361 2769/5201/1362 2685/5204/1320
f 2772/5205/1364 2769/5206/1362 2837/5207/1396
f 2769/5206/1362 2772/5205/1364 2688/5208/1322
f 2839/5209/1397 2772/5210/1364 2840/5211/1398
f 2772/5210/1364 2839/5209/1397 2771/5212/1363
f 2771/5213/1363 2775/5214/1365 2687/5215/1321
f 2775/5214/1365 2771/5213/1363 2843/5216/1399
f 2775/5217/1365 2777/5218/1366 2691/5219/1323
f 2777/5218/1366 2775/5217/1365 2845/5220/1400
f 2777/5221/1366 2779/5222/1367 2693/5223/1324
f 2779/5222/1367 2777/5221/1366 2847/5224/1401
f 2779/5225/1367 2781/5226/1368 2695/5227/1325
f 2781/5226/1368 2779/5225/1367 2849/5228/1402
f 2781/5229/1368 2783/5230/1369 2697/5231/1326
f 2783/5230/1369 2781/5229/1368 2851/5232/1403
f 2783/5233/1369 2785/5234/1370 2699/5235/1327
f 2785/5234/1370 2783/5233/1369 2853/5236/1404
f 2787/5237/1371 2785/5238/1370 2855/5239/1405
f 2785/5238/1370 2787/5237/1371 2701/5240/1328
f 2789/5241/1372 2787/5242/1371 2857/5243/1406
f 2787/5242/1371 2789/5241/1372 2703/5244/1329
f 2706/5245/1331 2859/5246/1407 2791/5247/1373
f 2859/5246/1407 2706/5245/1331 2789/5248/1372
f 2792/5249/1374 2861/5250/1408 2862/5251/1409
f 2861/5250/1408 2792/5249/1374 2791/5252/1373
f 2795/5253/1375 2797/5254/1376 2711/5255/1333
f 2797/5254/1376 2795/5253/1375 2865/5256/1410
f 2799/5257/1377 2801/5258/1378 2717/5259/1336
f 2801/5258/1378 2799/5257/1377 2867/5260/1411
f 2801/5261/1378 2803/5262/1379 2719/5263/1337
f 2803/5262/1379 2801/5261/1378 2805/5264/1380
f 2867/5265/1411 2805/5266/1380 2801/5267/1378
f 2805/5266/1380 2867/5265/1411 2807/5268/1381
f 2815/5269/1385 2807/5270/1381 2867/5271/1411
f 2807/5270/1381 2815/5269/1385 2809/5272/1382
f 2747/5273/1351 2809/5274/1382 2815/5275/1385
f 2809/5274/1382 2747/5273/1351 2811/5276/1383
f 2743/5277/1349 2867/5278/1411 2799/5279/1377
f 2867/5278/1411 2743/5277/1349 2815/5280/1385
f 2865/5281/1410 2741/5282/1348 2797/5283/1376
f 2741/5282/1348 2865/5281/1410 2813/5284/1384
f 2869/5285/1412 2818/5286/1387 2870/5287/1413
f 2818/5286/1387 2869/5285/1412 2817/5288/1386
f 2873/5289/1414 2749/5290/1352 2817/5291/1386
f 2749/5290/1352 2873/5289/1414 2821/5292/1388
f 2875/5293/1415 2755/5294/1355 2821/5295/1388
f 2755/5294/1355 2875/5293/1415 2823/5296/1389
f 2877/5297/1416 2757/5298/1356 2823/5299/1389
f 2757/5298/1356 2877/5297/1416 2825/5300/1390
f 2879/5301/1417 2759/5302/1357 2825/5303/1390
f 2759/5302/1357 2879/5301/1417 2827/5304/1391
f 2881/5305/1418 2761/5306/1358 2827/5307/1391
f 2761/5306/1358 2881/5305/1418 2829/5308/1392
f 2883/5309/1419 2763/5310/1359 2829/5311/1392
f 2763/5310/1359 2883/5309/1419 2831/5312/1393
f 2885/5313/1420 2765/5314/1360 2831/5315/1393
f 2765/5314/1360 2885/5313/1420 2833/5316/1394
f 2887/5317/1421 2767/5318/1361 2833/5319/1394
f 2767/5318/1361 2887/5317/1421 2835/5320/1395
f 2837/5321/1396 2835/5322/1395 2889/5323/1422
f 2835/5322/1395 2837/5321/1396 2769/5324/1362
f 2840/5325/1398 2837/5326/1396 2891/5327/1423
f 2837/5326/1396 2840/5325/1398 2772/5328/1364
f 2893/5329/1424 2840/5330/1398 2894/5331/1425
f 2840/5330/1398 2893/5329/1424 2839/5332/1397
f 2839/5333/1397 2843/5334/1399 2771/5335/1363
f 2843/5334/1399 2839/5333/1397 2897/5336/1426
f 2843/5337/1399 2845/5338/1400 2775/5339/1365
f 2845/5338/1400 2843/5337/1399 2899/5340/1427
f 2845/5341/1400 2847/5342/1401 2777/5343/1366
f 2847/5342/1401 2845/5341/1400 2901/5344/1428
f 2847/5345/1401 2849/5346/1402 2779/5347/1367
f 2849/5346/1402 2847/5345/1401 2903/5348/1429
f 2849/5349/1402 2851/5350/1403 2781/5351/1368
f 2851/5350/1403 2849/5349/1402 2905/5352/1430
f 2851/5353/1403 2853/5354/1404 2783/5355/1369
f 2853/5354/1404 2851/5353/1403 2907/5356/1431
f 2855/5357/1405 2853/5358/1404 2909/5359/1432
f 2853/5358/1404 2855/5357/1405 2785/5360/1370
f 2857/5361/1406 2855/5362/1405 2911/5363/1433
f 2855/5362/1405 2857/5361/1406 2787/5364/1371
f 2789/5365/1372 2913/5366/1434 2859/5367/1407
f 2913/5366/1434 2789/5365/1372 2857/5368/1406
f 2791/5369/1373 2915/5370/1435 2861/5371/1408
f 2915/5370/1435 2791/5369/1373 2859/5372/1407
f 2862/5373/1409 2917/5374/1436 2918/5375/1437
f 2917/5374/1436 2862/5373/1409 2861/5376/1408
f 2918/5377/1437 2869/5378/1412 2870/5379/1413
f 2869/5378/1412 2918/5377/1437 2917/5380/1436
f 2921/5381/1438 2817/5382/1386 2869/5383/1412
f 2817/5382/1386 2921/5381/1438 2873/5384/1414
f 2923/5385/1439 2821/5386/1388 2873/5387/1414
f 2821/5386/1388 2923/5385/1439 2875/5388/1415
f 2925/5389/1440 2823/5390/1389 2875/5391/1415
f 2823/5390/1389 2925/5389/1440 2877/5392/1416
f 2927/5393/1441 2825/5394/1390 2877/5395/1416
f 2825/5394/1390 2927/5393/1441 2879/5396/1417
f 2929/5397/1442 2827/5398/1391 2879/5399/1417
f 2827/5398/1391 2929/5397/1442 2881/5400/1418
f 2931/5401/1443 2829/5402/1392 2881/5403/1418
f 2829/5402/1392 2931/5401/1443 2883/5404/1419
f 2933/5405/1444 2831/5406/1393 2883/5407/1419
f 2831/5406/1393 2933/5405/1444 2885/5408/1420
f 2935/5409/1445 2833/5410/1394 2885/5411/1420
f 2833/5410/1394 2935/5409/1445 2887/5412/1421
f 2937/5413/1446 2835/5414/1395 2887/5415/1421
f 2835/5414/1395 2937/5413/1446 2889/5416/1422
f 2891/5417/1423 2889/5418/1422 2939/5419/1447
f 2889/5418/1422 2891/5417/1423 2837/5420/1396
f 2894/5421/1425 2891/5422/1423 2941/5423/1448
f 2891/5422/1423 2894/5421/1425 2840/5424/1398
f 2943/5425/199 2894/5426/1425 2944/5427/200
f 2894/5426/1425 2943/5425/199 2893/5428/1424
f 2893/5429/1424 2897/5430/1426 2839/5431/1397
f 2897/5430/1426 2893/5429/1424 2947/5432/1449
f 2897/5433/1426 2899/5434/1427 2843/5435/1399
f 2899/5434/1427 2897/5433/1426 2949/5436/1450
f 2899/5437/1427 2901/5438/1428 2845/5439/1400
f 2901/5438/1428 2899/5437/1427 2951/5440/1451
f 2901/5441/1428 2903/5442/1429 2847/5443/1401
f 2903/5442/1429 2901/5441/1428 2953/5444/1452
f 2903/5445/1429 2905/5446/1430 2849/5447/1402
f 2905/5446/1430 2903/5445/1429 2955/5448/1453
f 2905/5449/1430 2907/5450/1431 2851/5451/1403
f 2907/5450/1431 2905/5449/1430 2957/5452/1454
f 2909/5453/1432 2907/5454/1431 2959/5455/1455
f 2907/5454/1431 2909/5453/1432 2853/5456/1404
f 2911/5457/1433 2909/5458/1432 2961/5459/1456
f 2909/5458/1432 2911/5457/1433 2855/5460/1405
f 2857/5461/1406 2963/5462/1457 2913/5463/1434
f 2963/5462/1457 2857/5461/1406 2911/5464/1433
f 2859/5465/1407 2965/5466/1458 2915/5467/1435
f 2965/5466/1458 2859/5465/1407 2913/5468/1434
f 2861/5469/1408 2967/5470/1459 2917/5471/1436
f 2967/5470/1459 2861/5469/1408 2915/5472/1435
f 2917/5473/1436 2921/5474/1438 2869/5475/1412
f 2921/5474/1438 2917/5473/1436 2967/5476/1459
f 2969/5477/1460 2873/5478/1414 2921/5479/1438
f 2873/5478/1414 2969/5477/1460 2923/5480/1439
f 2971/5481/1461 2875/5482/1415 2923/5483/1439
f 2875/5482/1415 2971/5481/1461 2925/5484/1440
f 2973/5485/1462 2877/5486/1416 2925/5487/1440
f 2877/5486/1416 2973/5485/1462 2927/5488/1441
f 2975/5489/1463 2879/5490/1417 2927/5491/1441
f 2879/5490/1417 2975/5489/1463 2929/5492/1442
f 2977/5493/1464 2881/5494/1418 2929/5495/1442
f 2881/5494/1418 2977/5493/1464 2931/5496/1443
f 2979/5497/1465 2883/5498/1419 2931/5499/1443
f 2883/5498/1419 2979/5497/1465 2933/5500/1444
f 2981/5501/1466 2885/5502/1420 2933/5503/1444
f 2885/5502/1420 2981/5501/1466 2935/5504/1445
f 2983/5505/1467 2887/5506/1421 2935/5507/1445
f 2887/5506/1421 2983/5505/1467 2937/5508/1446
f 2985/5509/1468 2889/5510/1422 2937/5511/1446
f 2889/5510/1422 2985/5509/1468 2939/5512/1447
f 2941/5513/1448 2939/5514/1447 2987/5515/1469
f 2939/5514/1447 2941/5513/1448 2891/5516/1423
f 2944/5517/200 2941/5518/1448 2989/5519/239
f 2941/5518/1448 2944/5517/200 2894/5520/1425
f 2991/5521/1470 2992/5522/1470 2993/5523/1470
f 2992/5522/1470 2991/5521/1470 2994/5524/1470
f 2994/5524/1470 2991/5521/1470 2995/5525/1470
f 2994/5524/1470 2995/5525/1470 2996/5526/1470
f 2996/5526/1470 2995/5525/1470 2997/5527/1470
f 2997/5527/1470 2995/5525/1470 2998/5528/1470
f 2997/5527/1470 2998/5528/1470 2999/5529/1470
f 2999/5529/1470 2998/5528/1470 3000/5530/1470
f 2999/5529/1470 3000/5530/1470 3001/5531/1470
f 3001/5531/1470 3000/5530/1470 3002/5532/1470
f 3001/5531/1470 3002/5532/1470 3003/5533/1470
f 3003/5533/1470 3002/5532/1470 3004/5534/1470
f 3004/5534/1470 3002/5532/1470 3005/5535/1470
f 3004/5534/1470 3005/5535/1470 3006/5536/1470
f 3006/5536/1470 3005/5535/1470 3007/5537/1470
f 3006/5536/1470 3007/5537/1470 3008/5538/1470
f 3008/5538/1470 3007/5537/1470 3009/5539/1470
f 3008/5538/1470 3009/5539/1470 3010/5540/1470
f 3010/5540/1470 3009/5539/1470 3011/5541/1470
f 3010/5540/1470 3011/5541/1470 3012/5542/1470
f 3012/5542/1470 3011/5541/1470 3013/5543/1470
f 3013/5543/1470 3011/5541/1470 3014/5544/1470
f 3013/5543/1470 3014/5544/1470 3015/5545/1470
f 3015/5545/1470 3014/5544/1470 3016/5546/1470
f 2993/5523/1470 3017/5547/1470 3018/5548/1470
f 3017/5547/1470 2993/5523/1470 3019/5549/1470
f 3019/5549/1470 2993/5523/1470 2992/5522/1470
f 3019/5549/1470 2992/5522/1470 3020/5550/1470
f 3019/5549/1470 3020/5550/1470 3021/5551/1470
f 3021/5551/1470 3020/5550/1470 3022/5552/1470
f 3021/5551/1470 3022/5552/1470 3023/5553/1470
f 3021/5551/1470 3023/5553/1470 3024/5554/1470
f 3024/5554/1470 3023/5553/1470 3025/5555/1470
f 3024/5554/1470 3025/5555/1470 3026/5556/1470
f 3026/5556/1470 3025/5555/1470 3027/5557/1470
f 3026/5556/1470 3027/5557/1470 3028/5558/1470
f 3028/5558/1470 3027/5557/1470 3029/5559/1470
f 3028/5558/1470 3029/5559/1470 3030/5560/1470
f 3028/5558/1470 3030/5560/1470 3031/5561/1470
f 3031/5561/1470 3030/5560/1470 3032/5562/1470
f 3031/5561/1470 3032/5562/1470 3033/5563/1470
f 3033/5563/1470 3032/5562/1470 3034/5564/1470
f 3033/5563/1470 3034/5564/1470 3035/5565/1470
f 3035/5565/1470 3034/5564/1470 3036/5566/1470
f 3035/5565/1470 3036/5566/1470 3037/5567/1470
f 3037/5567/1470 3036/5566/1470 3038/5568/1470
f 3037/5567/1470 3038/5568/1470 3013/5543/1470
f 3037/5567/1470 3013/5543/1470 3015/5545/1470
f 2943/5569/199 2947/5570/1449 2893/5571/1424
f 2947/5570/1449 2943/5569/199 3087/5572/245
f 2947/5573/1449 2949/5574/1450 2897/5575/1426
f 2949/5574/1450 2947/5573/1449 3089/5576/1471
f 2949/5577/1450 2951/5578/1451 2899/5579/1427
f 2951/5578/1451 2949/5577/1450 3091/5580/1472
f 2951/5581/1451 2953/5582/1452 2901/5583/1428
f 2953/5582/1452 2951/5581/1451 3093/5584/1473
f 2953/5585/1452 2955/5586/1453 2903/5587/1429
f 2955/5586/1453 2953/5585/1452 3095/5588/1474
f 2955/5589/1453 2957/5590/1454 2905/5591/1430
f 2957/5590/1454 2955/5589/1453 3097/5592/1475
f 2959/5593/1455 2957/5594/1454 3099/5595/1476
f 2957/5594/1454 2959/5593/1455 2907/5596/1431
f 2961/5597/1456 2959/5598/1455 3101/5599/1477
f 2959/5598/1455 2961/5597/1456 2909/5600/1432
f 2911/5601/1433 3103/5602/1478 2963/5603/1457
f 3103/5602/1478 2911/5601/1433 2961/5604/1456
f 2913/5605/1434 3105/5606/1479 2965/5607/1458
f 3105/5606/1479 2913/5605/1434 2963/5608/1457
f 2915/5609/1435 3107/5610/1480 2967/5611/1459
f 3107/5610/1480 2915/5609/1435 2965/5612/1458
f 2967/5613/1459 2969/5614/1460 2921/5615/1438
f 2969/5614/1460 2967/5613/1459 3107/5616/1480
f 3109/5617/1481 2923/5618/1439 2969/5619/1460
f 2923/5618/1439 3109/5617/1481 2971/5620/1461
f 3111/5621/1482 2925/5622/1440 2971/5623/1461
f 2925/5622/1440 3111/5621/1482 2973/5624/1462
f 3113/5625/1483 2927/5626/1441 2973/5627/1462
f 2927/5626/1441 3113/5625/1483 2975/5628/1463
f 3115/5629/1484 2929/5630/1442 2975/5631/1463
f 2929/5630/1442 3115/5629/1484 2977/5632/1464
f 3117/5633/1485 2931/5634/1443 2977/5635/1464
f 2931/5634/1443 3117/5633/1485 2979/5636/1465
f 3119/5637/1486 2933/5638/1444 2979/5639/1465
f 2933/5638/1444 3119/5637/1486 2981/5640/1466
f 3121/5641/1487 2935/5642/1445 2981/5643/1466
f 2935/5642/1445 3121/5641/1487 2983/5644/1467
f 3123/5645/1488 2937/5646/1446 2983/5647/1467
f 2937/5646/1446 3123/5645/1488 2985/5648/1468
f 3125/5649/1489 2939/5650/1447 2985/5651/1468
f 2939/5650/1447 3125/5649/1489 2987/5652/1469
f 2989/5653/239 2987/5654/1469 3127/5655/1490
f 2987/5654/1469 2989/5653/239 2941/5656/1448
f 3129/5657/632 3130/5658/1491 3131/5659/1492
f 3130/5658/1491 3129/5657/632 3132/5660/1493
f 3137/5661/680 3131/5662/1492 3138/5663/1494
f 3131/5662/1492 3137/5661/680 3129/5664/632
f 3141/5665/1495 3138/5666/1494 3142/5667/1496
f 3138/5666/1494 3141/5665/1495 3137/5668/680
f 3142/5669/1496 3145/5670/1497 3141/5671/1495
f 3145/5670/1497 3142/5669/1496 3146/5672/1498
f 3149/5673/1499 3145/5674/1497 3146/5675/1498
f 3145/5674/1497 3149/5673/1499 3150/5676/1500
f 3153/5677/1501 3150/5678/1500 3149/5679/1499
f 3150/5678/1500 3153/5677/1501 3154/5680/1502
f 3157/5681/1503 3154/5682/1502 3153/5683/1501
f 3154/5682/1502 3157/5681/1503 3158/5684/610
f 3157/5685/1503 3161/5686/558 3158/5687/610
f 3161/5686/558 3157/5685/1503 3162/5688/1504
f 3165/5689/1505 3161/5690/558 3162/5691/1504
f 3161/5690/558 3165/5689/1505 3166/5692/506
f 3169/5693/454 3165/5694/1505 3170/5695/1506
f 3165/5694/1505 3169/5693/454 3166/5696/506
f 3173/5697/402 3170/5698/1506 3174/5699/1507
f 3170/5698/1506 3173/5697/402 3169/5700/454
f 3177/5701/1508 3174/5702/1507 3178/5703/1509
f 3174/5702/1507 3177/5701/1508 3173/5704/402
f 3181/5705/297 3178/5706/1509 3089/5707/1471
f 3178/5706/1509 3181/5705/297 3177/5708/1508
f 3087/5709/245 3089/5710/1471 2947/5711/1449
f 3089/5710/1471 3087/5709/245 3181/5712/297
f 3127/5713/1490 3125/5714/1489 3183/5715/338
f 3125/5714/1489 3127/5713/1490 2987/5716/1469
f 3183/5717/338 3185/5718/1510 3186/5719/387
f 3185/5718/1510 3183/5717/338 3125/5720/1489
f 3186/5721/387 3189/5722/1511 3190/5723/436
f 3189/5722/1511 3186/5721/387 3185/5724/1510
f 3193/5725/485 3189/5726/1511 3194/5727/1512
f 3189/5726/1511 3193/5725/485 3190/5728/436
f 3197/5729/534 3194/5730/1512 3198/5731/1513
f 3194/5730/1512 3197/5729/534 3193/5732/485
f 3132/5733/1493 3198/5734/1513 3130/5735/1491
f 3198/5734/1513 3132/5733/1493 3197/5736/534
f 3089/5737/1471 3091/5738/1472 2949/5739/1450
f 3091/5738/1472 3089/5737/1471 3178/5740/1509
f 3091/5741/1472 3093/5742/1473 2951/5743/1451
f 3093/5742/1473 3091/5741/1472 3201/5744/1514
f 3093/5745/1473 3095/5746/1474 2953/5747/1452
f 3095/5746/1474 3093/5745/1473 3203/5748/1515
f 3095/5749/1474 3097/5750/1475 2955/5751/1453
f 3097/5750/1475 3095/5749/1474 3205/5752/1516
f 3099/5753/1476 3097/5754/1475 3207/5755/1517
f 3097/5754/1475 3099/5753/1476 2957/5756/1454
f 3101/5757/1477 3099/5758/1476 3209/5759/1518
f 3099/5758/1476 3101/5757/1477 2959/5760/1455
f 2961/5761/1456 3211/5762/1519 3103/5763/1478
f 3211/5762/1519 2961/5761/1456 3101/5764/1477
f 2963/5765/1457 3213/5766/1520 3105/5767/1479
f 3213/5766/1520 2963/5765/1457 3103/5768/1478
f 2965/5769/1458 3215/5770/1521 3107/5771/1480
f 3215/5770/1521 2965/5769/1458 3105/5772/1479
f 3107/5773/1480 3109/5774/1481 2969/5775/1460
f 3109/5774/1481 3107/5773/1480 3215/5776/1521
f 3217/5777/1522 2971/5778/1461 3109/5779/1481
f 2971/5778/1461 3217/5777/1522 3111/5780/1482
f 3219/5781/1523 2973/5782/1462 3111/5783/1482
f 2973/5782/1462 3219/5781/1523 3113/5784/1483
f 3221/5785/1524 2975/5786/1463 3113/5787/1483
f 2975/5786/1463 3221/5785/1524 3115/5788/1484
f 3223/5789/1525 2977/5790/1464 3115/5791/1484
f 2977/5790/1464 3223/5789/1525 3117/5792/1485
f 3225/5793/1526 2979/5794/1465 3117/5795/1485
f 2979/5794/1465 3225/5793/1526 3119/5796/1486
f 3227/5797/1527 2981/5798/1466 3119/5799/1486
f 2981/5798/1466 3227/5797/1527 3121/5800/1487
f 3229/5801/1528 2983/5802/1467 3121/5803/1487
f 2983/5802/1467 3229/5801/1528 3123/5804/1488
f 3185/5805/1510 2985/5806/1468 3123/5807/1488
f 2985/5806/1468 3185/5805/1510 3125/5808/1489
f 3131/5809/1492 3231/5810/1529 3232/5811/1530
f 3231/5810/1529 3131/5809/1492 3130/5812/1491
f 3138/5813/1494 3232/5814/1530 3235/5815/1531
f 3232/5814/1530 3138/5813/1494 3131/5816/1492
f 3142/5817/1496 3235/5818/1531 3237/5819/1532
f 3235/5818/1531 3142/5817/1496 3138/5820/1494
f 3239/5821/1533 3142/5822/1496 3237/5823/1532
f 3142/5822/1496 3239/5821/1533 3146/5824/1498
f 3241/5825/1534 3146/5826/1498 3239/5827/1533
f 3146/5826/1498 3241/5825/1534 3149/5828/1499
f 3243/5829/1535 3149/5830/1499 3241/5831/1534
f 3149/5830/1499 3243/5829/1535 3153/5832/1501
f 3245/5833/1536 3153/5834/1501 3243/5835/1535
f 3153/5834/1501 3245/5833/1536 3157/5836/1503
f 3245/5837/1536 3162/5838/1504 3157/5839/1503
f 3162/5838/1504 3245/5837/1536 3247/5840/1537
f 3247/5841/1537 3165/5842/1505 3162/5843/1504
f 3165/5842/1505 3247/5841/1537 3249/5844/1538
f 3170/5845/1506 3249/5846/1538 3251/5847/1539
f 3249/5846/1538 3170/5845/1506 3165/5848/1505
f 3174/5849/1507 3251/5850/1539 3201/5851/1514
f 3251/5850/1539 3174/5849/1507 3170/5852/1506
f 3178/5853/1509 3201/5854/1514 3091/5855/1472
f 3201/5854/1514 3178/5853/1509 3174/5856/1507
f 3189/5857/1511 3123/5858/1488 3229/5859/1528
f 3123/5858/1488 3189/5857/1511 3185/5860/1510
f 3194/5861/1512 3229/5862/1528 3253/5863/1540
f 3229/5862/1528 3194/5861/1512 3189/5864/1511
f 3198/5865/1513 3253/5866/1540 3255/5867/1541
f 3253/5866/1540 3198/5865/1513 3194/5868/1512
f 3130/5869/1491 3255/5870/1541 3231/5871/1529
f 3255/5870/1541 3130/5869/1491 3198/5872/1513
f 3201/5873/1514 3203/5874/1515 3093/5875/1473
f 3203/5874/1515 3201/5873/1514 3251/5876/1539
f 3203/5877/1515 3205/5878/1516 3095/5879/1474
f 3205/5878/1516 3203/5877/1515 3257/5880/1542
f 3207/5881/1517 3205/5882/1516 3259/5883/1543
f 3205/5882/1516 3207/5881/1517 3097/5884/1475
f 3209/5885/1518 3207/5886/1517 3261/5887/1544
f 3207/5886/1517 3209/5885/1518 3099/5888/1476
f 3101/5889/1477 3263/5890/1545 3211/5891/1519
f 3263/5890/1545 3101/5889/1477 3209/5892/1518
f 3103/5893/1478 3265/5894/1546 3213/5895/1520
f 3265/5894/1546 3103/5893/1478 3211/5896/1519
f 3105/5897/1479 3267/5898/1547 3215/5899/1521
f 3267/5898/1547 3105/5897/1479 3213/5900/1520
f 3215/5901/1521 3217/5902/1522 3109/5903/1481
f 3217/5902/1522 3215/5901/1521 3267/5904/1547
f 3269/5905/1548 3111/5906/1482 3217/5907/1522
f 3111/5906/1482 3269/5905/1548 3219/5908/1523
f 3271/5909/1549 3113/5910/1483 3219/5911/1523
f 3113/5910/1483 3271/5909/1549 3221/5912/1524
f 3273/5913/1550 3115/5914/1484 3221/5915/1524
f 3115/5914/1484 3273/5913/1550 3223/5916/1525
f 3275/5917/1551 3117/5918/1485 3223/5919/1525
f 3117/5918/1485 3275/5917/1551 3225/5920/1526
f 3277/5921/1552 3119/5922/1486 3225/5923/1526
f 3119/5922/1486 3277/5921/1552 3227/5924/1527
f 3253/5925/1540 3121/5926/1487 3227/5927/1527
f 3121/5926/1487 3253/5925/1540 3229/5928/1528
f 3232/5929/1530 3279/5930/1553 3280/5931/1554
f 3279/5930/1553 3232/5929/1530 3231/5932/1529
f 3235/5933/1531 3280/5934/1554 3283/5935/1555
f 3280/5934/1554 3235/5933/1531 3232/5936/1530
f 3237/5937/1532 3283/5938/1555 3285/5939/1556
f 3283/5938/1555 3237/5937/1532 3235/5940/1531
f 3287/5941/1557 3237/5942/1532 3285/5943/1556
f 3237/5942/1532 3287/5941/1557 3239/5944/1533
f 3289/5945/1558 3239/5946/1533 3287/5947/1557
f 3239/5946/1533 3289/5945/1558 3241/5948/1534
f 3291/5949/1559 3241/5950/1534 3289/5951/1558
f 3241/5950/1534 3291/5949/1559 3243/5952/1535
f 3291/5953/1559 3245/5954/1536 3243/5955/1535
f 3245/5954/1536 3291/5953/1559 3293/5956/1560
f 3293/5957/1560 3247/5958/1537 3245/5959/1536
f 3247/5958/1537 3293/5957/1560 3295/5960/1561
f 3295/5961/1561 3249/5962/1538 3247/5963/1537
f 3249/5962/1538 3295/5961/1561 3257/5964/1542
f 3251/5965/1539 3257/5966/1542 3203/5967/1515
f 3257/5966/1542 3251/5965/1539 3249/5968/1538
f 3255/5969/1541 3227/5970/1527 3277/5971/1552
f 3227/5970/1527 3255/5969/1541 3253/5972/1540
f 3231/5973/1529 3277/5974/1552 3279/5975/1553
f 3277/5974/1552 3231/5973/1529 3255/5976/1541
f 3259/5977/1543 3257/5978/1542 3295/5979/1561
f 3257/5978/1542 3259/5977/1543 3205/5980/1516
f 3261/5981/1544 3259/5982/1543 3297/5983/1562
f 3259/5982/1543 3261/5981/1544 3207/5984/1517
f 3209/5985/1518 3299/5986/1563 3263/5987/1545
f 3299/5986/1563 3209/5985/1518 3261/5988/1544
f 3211/5989/1519 3301/5990/1564 3265/5991/1546
f 3301/5990/1564 3211/5989/1519 3263/5992/1545
f 3213/5993/1520 3303/5994/1565 3267/5995/1547
f 3303/5994/1565 3213/5993/1520 3265/5996/1546
f 3267/5997/1547 3269/5998/1548 3217/5999/1522
f 3269/5998/1548 3267/5997/1547 3303/6000/1565
f 3305/6001/1566 3219/6002/1523 3269/6003/1548
f 3219/6002/1523 3305/6001/1566 3271/6004/1549
f 3307/6005/1567 3221/6006/1524 3271/6007/1549
f 3221/6006/1524 3307/6005/1567 3273/6008/1550
f 3309/6009/1568 3223/6010/1525 3273/6011/1550
f 3223/6010/1525 3309/6009/1568 3275/6012/1551
f 3279/6013/1553 3225/6014/1526 3275/6015/1551
f 3225/6014/1526 3279/6013/1553 3277/6016/1552
f 3280/6017/1554 3275/6018/1551 3309/6019/1568
f 3275/6018/1551 3280/6017/1554 3279/6020/1553
f 3283/6021/1555 3309/6022/1568 3311/6023/1569
f 3309/6022/1568 3283/6021/1555 3280/6024/1554
f 3285/6025/1556 3311/6026/1569 3313/6027/1570
f 3311/6026/1569 3285/6025/1556 3283/6028/1555
f 3315/6029/1571 3285/6030/1556 3313/6031/1570
f 3285/6030/1556 3315/6029/1571 3287/6032/1557
f 3317/6033/1572 3287/6034/1557 3315/6035/1571
f 3287/6034/1557 3317/6033/1572 3289/6036/1558
f 3319/6037/1573 3289/6038/1558 3317/6039/1572
f 3289/6038/1558 3319/6037/1573 3291/6040/1559
f 3297/6041/1562 3291/6042/1559 3319/6043/1573
f 3291/6042/1559 3297/6041/1562 3293/6044/1560
f 3297/6045/1562 3295/6046/1561 3293/6047/1560
f 3295/6046/1561 3297/6045/1562 3259/6048/1543
f 3299/6049/1563 3297/6050/1562 3319/6051/1573
f 3297/6050/1562 3299/6049/1563 3261/6052/1544
f 3263/6053/1545 3321/6054/1574 3301/6055/1564
f 3321/6054/1574 3263/6053/1545 3299/6056/1563
f 3265/6057/1546 3323/6058/1575 3303/6059/1565
f 3323/6058/1575 3265/6057/1546 3301/6060/1564
f 3303/6061/1565 3305/6062/1566 3269/6063/1548
f 3305/6062/1566 3303/6061/1565 3323/6064/1575
f 3325/6065/1576 3271/6066/1549 3305/6067/1566
f 3271/6066/1549 3325/6065/1576 3307/6068/1567
f 3311/6069/1569 3273/6070/1550 3307/6071/1567
f 3273/6070/1550 3311/6069/1569 3309/6072/1568
f 3313/6073/1570 3307/6074/1567 3325/6075/1576
f 3307/6074/1567 3313/6073/1570 3311/6076/1569
f 3327/6077/1577 3313/6078/1570 3325/6079/1576
f 3313/6078/1570 3327/6077/1577 3315/6080/1571
f 3321/6081/1574 3315/6082/1571 3327/6083/1577
f 3315/6082/1571 3321/6081/1574 3317/6084/1572
f 3299/6085/1563 3317/6086/1572 3321/6087/1574
f 3317/6086/1572 3299/6085/1563 3319/6088/1573
f 3301/6089/1564 3327/6090/1577 3323/6091/1575
f 3327/6090/1577 3301/6089/1564 3321/6092/1574
f 3323/6093/1575 3325/6094/1576 3305/6095/1566
f 3325/6094/1576 3323/6093/1575 3327/6096/1577
usemtl material_1_0
f 5/6097/1578 6/6098/1579 7/6099/1580
f 8/6100/1581 7/6099/1580 6/6098/1579
f 6/6098/1579 11/6101/1582 8/6100/1581
f 12/6102/1583 8/6100/1581 11/6101/1582
f 15/6103/1584 16/6104/1585 5/6097/1578
f 6/6098/1579 5/6097/1578 16/6104/1585
f 19/6105/1586 5/6097/1578 20/6106/1587
f 7/6099/1580 20/6106/1587 5/6097/1578
f 7/6099/1580 8/6100/1581 23/6107/1588
f 24/6108/1589 23/6107/1588 8/6100/1581
f 12/6102/1583 11/6101/1582 27/6109/1590
f 28/6110/1591 27/6109/1590 11/6101/1582
f 16/6104/1585 30/6111/1592 6/6098/1579
f 11/6101/1582 6/6098/1579 30/6111/1592
f 8/6100/1581 12/6102/1583 24/6108/1589
f 32/6112/1593 24/6108/1589 12/6102/1583
f 35/6113/1594 36/6114/1595 15/6103/1584
f 16/6104/1585 15/6103/1584 36/6114/1595
f 38/6115/1596 15/6103/1584 19/6105/1586
f 5/6097/1578 19/6105/1586 15/6103/1584
f 41/6116/1597 19/6105/1586 42/6117/1598
f 20/6106/1587 42/6117/1598 19/6105/1586
f 20/6106/1587 7/6099/1580 44/6118/1599
f 23/6107/1588 44/6118/1599 7/6099/1580
f 23/6107/1588 24/6108/1589 47/6119/1600
f 48/6120/1601 47/6119/1600 24/6108/1589
f 27/6109/1590 28/6110/1591 51/6121/1602
f 52/6122/1603 51/6121/1602 28/6110/1591
f 11/6101/1582 30/6111/1592 28/6110/1591
f 54/6123/1604 28/6110/1591 30/6111/1592
f 32/6112/1593 12/6102/1583 56/6124/1605
f 27/6109/1590 56/6124/1605 12/6102/1583
f 36/6114/1595 58/6125/1606 16/6104/1585
f 30/6111/1592 16/6104/1585 58/6125/1606
f 24/6108/1589 32/6112/1593 48/6120/1601
f 60/6126/1607 48/6120/1601 32/6112/1593
f 63/6127/1608 64/6128/1609 35/6113/1594
f 36/6114/1595 35/6113/1594 64/6128/1609
f 66/6129/1610 35/6113/1594 38/6115/1596
f 15/6103/1584 38/6115/1596 35/6113/1594
f 68/6130/1611 38/6115/1596 41/6116/1597
f 19/6105/1586 41/6116/1597 38/6115/1596
f 71/6131/1612 41/6116/1597 72/6132/1613
f 42/6117/1598 72/6132/1613 41/6116/1597
f 42/6117/1598 20/6106/1587 74/6133/1614
f 44/6118/1599 74/6133/1614 20/6106/1587
f 44/6118/1599 23/6107/1588 76/6134/1615
f 47/6119/1600 76/6134/1615 23/6107/1588
f 47/6119/1600 48/6120/1601 79/6135/1616
f 80/6136/1617 79/6135/1616 48/6120/1601
f 51/6121/1602 52/6122/1603 83/6137/1618
f 84/6138/1619 83/6137/1618 52/6122/1603
f 28/6110/1591 54/6123/1604 52/6122/1603
f 86/6139/1620 52/6122/1603 54/6123/1604
f 56/6124/1605 27/6109/1590 88/6140/1621
f 51/6121/1602 88/6140/1621 27/6109/1590
f 30/6111/1592 58/6125/1606 54/6123/1604
f 90/6141/1622 54/6123/1604 58/6125/1606
f 60/6126/1607 32/6112/1593 92/6142/1623
f 56/6124/1605 92/6142/1623 32/6112/1593
f 64/6128/1609 94/6143/1624 36/6114/1595
f 58/6125/1606 36/6114/1595 94/6143/1624
f 48/6120/1601 60/6126/1607 80/6136/1617
f 96/6144/1625 80/6136/1617 60/6126/1607
f 99/6145/1626 100/6146/1627 63/6127/1608
f 64/6128/1609 63/6127/1608 100/6146/1627
f 102/6147/1628 63/6127/1608 66/6129/1610
f 35/6113/1594 66/6129/1610 63/6127/1608
f 104/6148/1629 66/6129/1610 68/6130/1611
f 38/6115/1596 68/6130/1611 66/6129/1610
f 106/6149/1630 68/6130/1611 71/6131/1612
f 41/6116/1597 71/6131/1612 68/6130/1611
f 109/6150/1631 71/6131/1612 110/6151/1632
f 72/6132/1613 110/6151/1632 71/6131/1612
f 72/6132/1613 42/6117/1598 112/6152/1633
f 74/6133/1614 112/6152/1633 42/6117/1598
f 74/6133/1614 44/6118/1599 114/6153/1634
f 76/6134/1615 114/6153/1634 44/6118/1599
f 76/6134/1615 47/6119/1600 116/6154/1635
f 79/6135/1616 116/6154/1635 47/6119/1600
f 79/6135/1616 80/6136/1617 119/6155/1636
f 120/6156/1637 119/6155/1636 80/6136/1617
f 83/6137/1618 84/6138/1619 123/6157/1638
f 124/6158/1639 123/6157/1638 84/6138/1619
f 52/6122/1603 86/6139/1620 84/6138/1619
f 126/6159/1640 84/6138/1619 86/6139/1620
f 88/6140/1621 51/6121/1602 128/6160/1641
f 83/6137/1618 128/6160/1641 51/6121/1602
f 54/6123/1604 90/6141/1622 86/6139/1620
f 130/6161/1642 86/6139/1620 90/6141/1622
f 92/6142/1623 56/6124/1605 132/6162/1643
f 88/6140/1621 132/6162/1643 56/6124/1605
f 58/6125/1606 94/6143/1624 90/6141/1622
f 134/6163/1644 90/6141/1622 94/6143/1624
f 96/6144/1625 60/6126/1607 136/6164/1645
f 92/6142/1623 136/6164/1645 60/6126/1607
f 100/6146/1627 138/6165/1646 64/6128/1609
f 94/6143/1624 64/6128/1609 138/6165/1646
f 80/6136/1617 96/6144/1625 120/6156/1637
f 140/6166/1647 120/6156/1637 96/6144/1625
f 143/6167/1648 144/6168/1649 99/6145/1626
f 100/6146/1627 99/6145/1626 144/6168/1649
f 146/6169/1650 99/6145/1626 102/6147/1628
f 63/6127/1608 102/6147/1628 99/6145/1626
f 148/6170/1651 102/6147/1628 104/6148/1629
f 66/6129/1610 104/6148/1629 102/6147/1628
f 150/6171/1652 104/6148/1629 106/6149/1630
f 68/6130/1611 106/6149/1630 104/6148/1629
f 152/6172/1653 106/6149/1630 109/6150/1631
f 71/6131/1612 109/6150/1631 106/6149/1630
f 109/6150/1631 110/6151/1632 155/6173/1654
f 156/6174/1655 155/6173/1654 110/6151/1632
f 110/6151/1632 72/6132/1613 158/6175/1656
f 112/6152/1633 158/6175/1656 72/6132/1613
f 112/6152/1633 74/6133/1614 160/6176/1657
f 114/6153/1634 160/6176/1657 74/6133/1614
f 114/6153/1634 76/6134/1615 162/6177/1658
f 116/6154/1635 162/6177/1658 76/6134/1615
f 116/6154/1635 79/6135/1616 164/6178/1659
f 119/6155/1636 164/6178/1659 79/6135/1616
f 119/6155/1636 120/6156/1637 167/6179/1660
f 168/6180/1661 167/6179/1660 120/6156/1637
f 124/6158/1639 171/6181/1662 123/6157/1638
f 172/6182/1663 123/6157/1638 171/6181/1662
f 84/6138/1619 126/6159/1640 124/6158/1639
f 174/6183/1664 124/6158/1639 126/6159/1640
f 128/6160/1641 83/6137/1618 176/6184/1665
f 123/6157/1638 176/6184/1665 83/6137/1618
f 86/6139/1620 130/6161/1642 126/6159/1640
f 178/6185/1666 126/6159/1640 130/6161/1642
f 132/6162/1643 88/6140/1621 180/6186/1667
f 128/6160/1641 180/6186/1667 88/6140/1621
f 90/6141/1622 134/6163/1644 130/6161/1642
f 182/6187/1668 130/6161/1642 134/6163/1644
f 136/6164/1645 92/6142/1623 184/6188/1669
f 132/6162/1643 184/6188/1669 92/6142/1623
f 94/6143/1624 138/6165/1646 134/6163/1644
f 186/6189/1670 134/6163/1644 138/6165/1646
f 140/6166/1647 96/6144/1625 188/6190/1671
f 136/6164/1645 188/6190/1671 96/6144/1625
f 144/6168/1649 190/6191/1672 100/6146/1627
f 138/6165/1646 100/6146/1627 190/6191/1672
f 120/6156/1637 140/6166/1647 168/6180/1661
f 192/6192/1673 168/6180/1661 140/6166/1647
f 195/6193/1674 196/6194/1675 143/6167/1648
f 144/6168/1649 143/6167/1648 196/6194/1675
f 198/6195/1676 143/6167/1648 146/6169/1650
f 99/6145/1626 146/6169/1650 143/6167/1648
f 200/6196/1677 146/6169/1650 148/6170/1651
f 102/6147/1628 148/6170/1651 146/6169/1650
f 202/6197/1678 148/6170/1651 150/6171/1652
f 104/6148/1629 150/6171/1652 148/6170/1651
f 204/6198/1679 150/6171/1652 152/6172/1653
f 106/6149/1630 152/6172/1653 150/6171/1652
f 152/6172/1653 109/6150/1631 206/6199/1680
f 155/6173/1654 206/6199/1680 109/6150/1631
f 155/6173/1654 156/6174/1655 209/6200/1681
f 210/6201/1682 209/6200/1681 156/6174/1655
f 110/6151/1632 158/6175/1656 156/6174/1655
f 212/6202/1683 156/6174/1655 158/6175/1656
f 112/6152/1633 160/6176/1657 158/6175/1656
f 214/6203/1684 158/6175/1656 160/6176/1657
f 160/6176/1657 114/6153/1634 216/6204/1685
f 162/6177/1658 216/6204/1685 114/6153/1634
f 162/6177/1658 116/6154/1635 218/6205/1686
f 164/6178/1659 218/6205/1686 116/6154/1635
f 164/6178/1659 119/6155/1636 220/6206/1687
f 167/6179/1660 220/6206/1687 119/6155/1636
f 167/6179/1660 168/6180/1661 223/6207/1688
f 224/6208/1689 223/6207/1688 168/6180/1661
f 171/6181/1662 227/6209/1690 172/6182/1663
f 228/6210/1691 172/6182/1663 227/6209/1690
f 174/6183/1664 230/6211/1692 124/6158/1639
f 171/6181/1662 124/6158/1639 230/6211/1692
f 123/6157/1638 172/6182/1663 176/6184/1665
f 232/6212/1693 176/6184/1665 172/6182/1663
f 126/6159/1640 178/6185/1666 174/6183/1664
f 234/6213/1694 174/6183/1664 178/6185/1666
f 180/6186/1667 128/6160/1641 236/6214/1695
f 176/6184/1665 236/6214/1695 128/6160/1641
f 130/6161/1642 182/6187/1668 178/6185/1666
f 238/6215/1696 178/6185/1666 182/6187/1668
f 184/6188/1669 132/6162/1643 240/6216/1697
f 180/6186/1667 240/6216/1697 132/6162/1643
f 134/6163/1644 186/6189/1670 182/6187/1668
f 242/6217/1698 182/6187/1668 186/6189/1670
f 188/6190/1671 136/6164/1645 244/6218/1699
f 184/6188/1669 244/6218/1699 136/6164/1645
f 138/6165/1646 190/6191/1672 186/6189/1670
f 246/6219/1700 186/6189/1670 190/6191/1672
f 192/6192/1673 140/6166/1647 248/6220/1701
f 188/6190/1671 248/6220/1701 140/6166/1647
f 196/6194/1675 250/6221/1702 144/6168/1649
f 190/6191/1672 144/6168/1649 250/6221/1702
f 168/6180/1661 192/6192/1673 224/6208/1689
f 252/6222/1703 224/6208/1689 192/6192/1673
f 255/6223/1704 256/6224/1705 195/6193/1674
f 196/6194/1675 195/6193/1674 256/6224/1705
f 258/6225/1706 195/6193/1674 198/6195/1676
f 143/6167/1648 198/6195/1676 195/6193/1674
f 260/6226/1707 198/6195/1676 200/6196/1677
f 146/6169/1650 200/6196/1677 198/6195/1676
f 262/6227/1708 200/6196/1677 202/6197/1678
f 148/6170/1651 202/6197/1678 200/6196/1677
f 264/6228/1709 202/6197/1678 204/6198/1679
f 150/6171/1652 204/6198/1679 202/6197/1678
f 204/6198/1679 152/6172/1653 266/6229/1710
f 206/6199/1680 266/6229/1710 152/6172/1653
f 206/6199/1680 155/6173/1654 268/6230/1711
f 209/6200/1681 268/6230/1711 155/6173/1654
f 209/6200/1681 210/6201/1682 271/6231/1712
f 272/6232/1713 271/6231/1712 210/6201/1682
f 156/6174/1655 212/6202/1683 210/6201/1682
f 274/6233/1714 210/6201/1682 212/6202/1683
f 158/6175/1656 214/6203/1684 212/6202/1683
f 276/6234/1715 212/6202/1683 214/6203/1684
f 160/6176/1657 216/6204/1685 214/6203/1684
f 278/6235/1716 214/6203/1684 216/6204/1685
f 216/6204/1685 162/6177/1658 280/6236/1717
f 218/6205/1686 280/6236/1717 162/6177/1658
f 218/6205/1686 164/6178/1659 282/6237/1718
f 220/6206/1687 282/6237/1718 164/6178/1659
f 220/6206/1687 167/6179/1660 284/6238/1719
f 223/6207/1688 284/6238/1719 167/6179/1660
f 223/6207/1688 224/6208/1689 287/6239/1720
f 288/6240/1721 287/6239/1720 224/6208/1689
f 227/6209/1690 291/6241/1722 228/6210/1691
f 292/6242/1723 228/6210/1691 291/6241/1722
f 230/6211/1692 294/6243/1724 171/6181/1662
f 227/6209/1690 171/6181/1662 294/6243/1724
f 172/6182/1663 228/6210/1691 232/6212/1693
f 296/6244/1725 232/6212/1693 228/6210/1691
f 234/6213/1694 298/6245/1726 174/6183/1664
f 230/6211/1692 174/6183/1664 298/6245/1726
f 176/6184/1665 232/6212/1693 236/6214/1695
f 300/6246/1727 236/6214/1695 232/6212/1693
f 178/6185/1666 238/6215/1696 234/6213/1694
f 302/6247/1728 234/6213/1694 238/6215/1696
f 240/6216/1697 180/6186/1667 304/6248/1729
f 236/6214/1695 304/6248/1729 180/6186/1667
f 182/6187/1668 242/6217/1698 238/6215/1696
f 306/6249/1730 238/6215/1696 242/6217/1698
f 244/6218/1699 184/6188/1669 308/6250/1731
f 240/6216/1697 308/6250/1731 184/6188/1669
f 186/6189/1670 246/6219/1700 242/6217/1698
f 310/6251/1732 242/6217/1698 246/6219/1700
f 248/6220/1701 188/6190/1671 312/6252/1733
f 244/6218/1699 312/6252/1733 188/6190/1671
f 190/6191/1672 250/6221/1702 246/6219/1700
f 314/6253/1734 246/6219/1700 250/6221/1702
f 252/6222/1703 192/6192/1673 316/6254/1735
f 248/6220/1701 316/6254/1735 192/6192/1673
f 256/6224/1705 318/6255/1736 196/6194/1675
f 250/6221/1702 196/6194/1675 318/6255/1736
f 224/6208/1689 252/6222/1703 288/6240/1721
f 320/6256/1737 288/6240/1721 252/6222/1703
f 323/6257/1738 324/6258/1739 255/6223/1704
f 256/6224/1705 255/6223/1704 324/6258/1739
f 326/6259/1740 255/6223/1704 258/6225/1706
f 195/6193/1674 258/6225/1706 255/6223/1704
f 328/6260/1741 258/6225/1706 260/6226/1707
f 198/6195/1676 260/6226/1707 258/6225/1706
f 330/6261/1742 260/6226/1707 262/6227/1708
f 200/6196/1677 262/6227/1708 260/6226/1707
f 332/6262/1743 262/6227/1708 264/6228/1709
f 202/6197/1678 264/6228/1709 262/6227/1708
f 264/6228/1709 204/6198/1679 334/6263/1744
f 266/6229/1710 334/6263/1744 204/6198/1679
f 266/6229/1710 206/6199/1680 336/6264/1745
f 268/6230/1711 336/6264/1745 206/6199/1680
f 268/6230/1711 209/6200/1681 338/6265/1746
f 271/6231/1712 338/6265/1746 209/6200/1681
f 271/6231/1712 272/6232/1713 341/6266/1747
f 342/6267/1748 341/6266/1747 272/6232/1713
f 210/6201/1682 274/6233/1714 272/6232/1713
f 344/6268/1749 272/6232/1713 274/6233/1714
f 212/6202/1683 276/6234/1715 274/6233/1714
f 346/6269/1750 274/6233/1714 276/6234/1715
f 214/6203/1684 278/6235/1716 276/6234/1715
f 348/6270/1751 276/6234/1715 278/6235/1716
f 216/6204/1685 280/6236/1717 278/6235/1716
f 350/6271/1752 278/6235/1716 280/6236/1717
f 280/6236/1717 218/6205/1686 352/6272/1753
f 282/6237/1718 352/6272/1753 218/6205/1686
f 282/6237/1718 220/6206/1687 354/6273/1754
f 284/6238/1719 354/6273/1754 220/6206/1687
f 284/6238/1719 223/6207/1688 356/6274/1755
f 287/6239/1720 356/6274/1755 223/6207/1688
f 287/6239/1720 288/6240/1721 359/6275/1756
f 360/6276/1757 359/6275/1756 288/6240/1721
f 291/6241/1722 363/6277/1758 292/6242/1723
f 364/6278/1759 292/6242/1723 363/6277/1758
f 294/6243/1724 366/6279/1760 227/6209/1690
f 291/6241/1722 227/6209/1690 366/6279/1760
f 228/6210/1691 292/6242/1723 296/6244/1725
f 368/6280/1761 296/6244/1725 292/6242/1723
f 298/6245/1726 370/6281/1762 230/6211/1692
f 294/6243/1724 230/6211/1692 370/6281/1762
f 232/6212/1693 296/6244/1725 300/6246/1727
f 372/6282/1763 300/6246/1727 296/6244/1725
f 302/6247/1728 374/6283/1764 234/6213/1694
f 298/6245/1726 234/6213/1694 374/6283/1764
f 236/6214/1695 300/6246/1727 304/6248/1729
f 376/6284/1765 304/6248/1729 300/6246/1727
f 238/6215/1696 306/6249/1730 302/6247/1728
f 378/6285/1766 302/6247/1728 306/6249/1730
f 308/6250/1731 240/6216/1697 380/6286/1767
f 304/6248/1729 380/6286/1767 240/6216/1697
f 242/6217/1698 310/6251/1732 306/6249/1730
f 382/6287/1768 306/6249/1730 310/6251/1732
f 312/6252/1733 244/6218/1699 384/6288/1769
f 308/6250/1731 384/6288/1769 244/6218/1699
f 246/6219/1700 314/6253/1734 310/6251/1732
f 386/6289/1770 310/6251/1732 314/6253/1734
f 316/6254/1735 248/6220/1701 388/6290/1771
f 312/6252/1733 388/6290/1771 248/6220/1701
f 250/6221/1702 318/6255/1736 314/6253/1734
f 390/6291/1772 314/6253/1734 318/6255/1736
f 320/6256/1737 252/6222/1703 392/6292/1773
f 316/6254/1735 392/6292/1773 252/6222/1703
f 324/6258/1739 394/6293/1774 256/6224/1705
f 318/6255/1736 256/6224/1705 394/6293/1774
f 288/6240/1721 320/6256/1737 360/6276/1757
f 396/6294/1775 360/6276/1757 320/6256/1737
f 323/6257/1738 399/6257/1495 324/6258/1739
f 400/6258/1497 324/6258/1739 399/6257/1495
f 402/6295/1776 323/6257/1738 326/6259/1740
f 255/6223/1704 326/6259/1740 323/6257/1738
f 404/6296/1777 326/6259/1740 328/6260/1741
f 258/6225/1706 328/6260/1741 326/6259/1740
f 406/6297/1778 328/6260/1741 330/6261/1742
f 260/6226/1707 330/6261/1742 328/6260/1741
f 408/6298/1779 330/6261/1742 332/6262/1743
f 262/6227/1708 332/6262/1743 330/6261/1742
f 332/6262/1743 264/6228/1709 410/6299/1780
f 334/6263/1744 410/6299/1780 264/6228/1709
f 334/6263/1744 266/6229/1710 412/6300/1781
f 336/6264/1745 412/6300/1781 266/6229/1710
f 336/6264/1745 268/6230/1711 414/6301/1782
f 338/6265/1746 414/6301/1782 268/6230/1711
f 338/6265/1746 271/6231/1712 416/6302/1783
f 341/6266/1747 416/6302/1783 271/6231/1712
f 341/6266/1747 342/6267/1748 419/6303/1784
f 420/6304/1785 419/6303/1784 342/6267/1748
f 272/6232/1713 344/6268/1749 342/6267/1748
f 422/6305/1786 342/6267/1748 344/6268/1749
f 274/6233/1714 346/6269/1750 344/6268/1749
f 424/6306/1787 344/6268/1749 346/6269/1750
f 276/6234/1715 348/6270/1751 346/6269/1750
f 426/6307/1788 346/6269/1750 348/6270/1751
f 278/6235/1716 350/6271/1752 348/6270/1751
f 428/6308/1789 348/6270/1751 350/6271/1752
f 280/6236/1717 352/6272/1753 350/6271/1752
f 430/6309/1790 350/6271/1752 352/6272/1753
f 352/6272/1753 282/6237/1718 432/6310/1791
f 354/6273/1754 432/6310/1791 282/6237/1718
f 354/6273/1754 284/6238/1719 434/6311/1792
f 356/6274/1755 434/6311/1792 284/6238/1719
f 356/6274/1755 287/6239/1720 436/6312/1793
f 359/6275/1756 436/6312/1793 287/6239/1720
f 359/6275/1756 360/6276/1757 439/6313/1794
f 440/6314/1795 439/6313/1794 360/6276/1757
f 443/6315/1796 444/6316/1797 363/6277/1758
f 364/6278/1759 363/6277/1758 444/6316/1797
f 366/6279/1760 446/6317/1798 291/6241/1722
f 363/6277/1758 291/6241/1722 446/6317/1798
f 292/6242/1723 364/6278/1759 368/6280/1761
f 448/6318/1799 368/6280/1761 364/6278/1759
f 370/6281/1762 450/6319/1800 294/6243/1724
f 366/6279/1760 294/6243/1724 450/6319/1800
f 296/6244/1725 368/6280/1761 372/6282/1763
f 452/6320/1801 372/6282/1763 368/6280/1761
f 374/6283/1764 454/6321/1802 298/6245/1726
f 370/6281/1762 298/6245/1726 454/6321/1802
f 300/6246/1727 372/6282/1763 376/6284/1765
f 456/6322/1803 376/6284/1765 372/6282/1763
f 378/6285/1766 458/6323/1804 302/6247/1728
f 374/6283/1764 302/6247/1728 458/6323/1804
f 304/6248/1729 376/6284/1765 380/6286/1767
f 460/6324/1805 380/6286/1767 376/6284/1765
f 306/6249/1730 382/6287/1768 378/6285/1766
f 462/6325/1806 378/6285/1766 382/6287/1768
f 384/6288/1769 308/6250/1731 464/6326/1807
f 380/6286/1767 464/6326/1807 308/6250/1731
f 310/6251/1732 386/6289/1770 382/6287/1768
f 466/6327/1808 382/6287/1768 386/6289/1770
f 388/6290/1771 312/6252/1733 468/6328/1809
f 384/6288/1769 468/6328/1809 312/6252/1733
f 314/6253/1734 390/6291/1772 386/6289/1770
f 470/6329/1810 386/6289/1770 390/6291/1772
f 392/6292/1773 316/6254/1735 472/6330/1811
f 388/6290/1771 472/6330/1811 316/6254/1735
f 318/6255/1736 394/6293/1774 390/6291/1772
f 474/6331/1812 390/6291/1772 394/6293/1774
f 396/6294/1775 320/6256/1737 476/6332/1813
f 392/6292/1773 476/6332/1813 320/6256/1737
f 324/6258/1739 400/6258/1497 394/6293/1774
f 478/6293/1500 394/6293/1774 400/6258/1497
f 360/6276/1757 396/6294/1775 440/6314/1795
f 480/6333/1814 440/6314/1795 396/6294/1775
f 485/6257/1815 486/6334/1816 487/6258/1817
f 488/6335/1818 487/6258/1817 486/6334/1816
f 490/6295/680 399/6257/1495 402/6295/1776
f 323/6257/1738 402/6295/1776 399/6257/1495
f 492/6336/1819 402/6295/1776 404/6296/1777
f 326/6259/1740 404/6296/1777 402/6295/1776
f 494/6337/1820 404/6296/1777 406/6297/1778
f 328/6260/1741 406/6297/1778 404/6296/1777
f 496/6338/1821 406/6297/1778 408/6298/1779
f 330/6261/1742 408/6298/1779 406/6297/1778
f 408/6298/1779 332/6262/1743 498/6339/1822
f 410/6299/1780 498/6339/1822 332/6262/1743
f 410/6299/1780 334/6263/1744 500/6340/1823
f 412/6300/1781 500/6340/1823 334/6263/1744
f 412/6300/1781 336/6264/1745 502/6341/1824
f 414/6301/1782 502/6341/1824 336/6264/1745
f 414/6301/1782 338/6265/1746 504/6342/1825
f 416/6302/1783 504/6342/1825 338/6265/1746
f 416/6302/1783 341/6266/1747 506/6343/1826
f 419/6303/1784 506/6343/1826 341/6266/1747
f 420/6304/1785 509/6344/1827 419/6303/1784
f 510/6345/1828 419/6303/1784 509/6344/1827
f 342/6267/1748 422/6305/1786 420/6304/1785
f 512/6346/1829 420/6304/1785 422/6305/1786
f 344/6268/1749 424/6306/1787 422/6305/1786
f 514/6347/1830 422/6305/1786 424/6306/1787
f 346/6269/1750 426/6307/1788 424/6306/1787
f 516/6348/1831 424/6306/1787 426/6307/1788
f 348/6270/1751 428/6308/1789 426/6307/1788
f 518/6349/1832 426/6307/1788 428/6308/1789
f 350/6271/1752 430/6309/1790 428/6308/1789
f 520/6350/1833 428/6308/1789 430/6309/1790
f 430/6309/1790 352/6272/1753 522/6351/1834
f 432/6310/1791 522/6351/1834 352/6272/1753
f 432/6310/1791 354/6273/1754 524/6352/1835
f 434/6311/1792 524/6352/1835 354/6273/1754
f 434/6311/1792 356/6274/1755 526/6353/1836
f 436/6312/1793 526/6353/1836 356/6274/1755
f 436/6312/1793 359/6275/1756 528/6354/1837
f 439/6313/1794 528/6354/1837 359/6275/1756
f 439/6313/1794 440/6314/1795 531/6355/1838
f 532/6356/1839 531/6355/1838 440/6314/1795
f 443/6315/1796 535/6357/1840 444/6316/1797
f 536/6358/1841 444/6316/1797 535/6357/1840
f 538/6359/1842 443/6315/1796 446/6317/1798
f 363/6277/1758 446/6317/1798 443/6315/1796
f 444/6316/1797 540/6360/1843 364/6278/1759
f 448/6318/1799 364/6278/1759 540/6360/1843
f 450/6319/1800 542/6361/1844 366/6279/1760
f 446/6317/1798 366/6279/1760 542/6361/1844
f 368/6280/1761 448/6318/1799 452/6320/1801
f 544/6362/1845 452/6320/1801 448/6318/1799
f 454/6321/1802 546/6363/1846 370/6281/1762
f 450/6319/1800 370/6281/1762 546/6363/1846
f 372/6282/1763 452/6320/1801 456/6322/1803
f 548/6364/1847 456/6322/1803 452/6320/1801
f 458/6323/1804 550/6365/1848 374/6283/1764
f 454/6321/1802 374/6283/1764 550/6365/1848
f 376/6284/1765 456/6322/1803 460/6324/1805
f 552/6366/1849 460/6324/1805 456/6322/1803
f 462/6325/1806 554/6367/1850 378/6285/1766
f 458/6323/1804 378/6285/1766 554/6367/1850
f 380/6286/1767 460/6324/1805 464/6326/1807
f 556/6368/1851 464/6326/1807 460/6324/1805
f 382/6287/1768 466/6327/1808 462/6325/1806
f 558/6369/1852 462/6325/1806 466/6327/1808
f 468/6328/1809 384/6288/1769 560/6370/1853
f 464/6326/1807 560/6370/1853 384/6288/1769
f 386/6289/1770 470/6329/1810 466/6327/1808
f 562/6371/1854 466/6327/1808 470/6329/1810
f 472/6330/1811 388/6290/1771 564/6372/1855
f 468/6328/1809 564/6372/1855 388/6290/1771
f 569/6291/1856 570/6331/1857 571/6329/1858
f 572/6373/1859 571/6329/1858 570/6331/1857
f 476/6332/1813 392/6292/1773 574/6374/1860
f 472/6330/1811 574/6374/1860 392/6292/1773
f 394/6293/1774 478/6293/1500 474/6331/1812
f 576/6331/1861 474/6331/1812 478/6293/1500
f 480/6333/1814 396/6294/1775 578/6375/1862
f 476/6332/1813 578/6375/1862 396/6294/1775
f 487/6258/1817 488/6335/1818 581/6293/1863
f 582/6376/1864 581/6293/1863 488/6335/1818
f 440/6314/1795 480/6333/1814 532/6356/1839
f 584/6377/1865 532/6356/1839 480/6333/1814
f 486/6334/1816 587/6378/1866 488/6335/1818
f 588/6379/1867 488/6335/1818 587/6378/1866
f 591/6380/1868 486/6334/1816 592/6295/1869
f 485/6257/1815 592/6295/1869 486/6334/1816
f 594/6336/632 490/6295/680 492/6336/1819
f 402/6295/1776 492/6336/1819 490/6295/680
f 596/6381/1870 492/6336/1819 494/6337/1820
f 404/6296/1777 494/6337/1820 492/6336/1819
f 598/6382/1871 494/6337/1820 496/6338/1821
f 406/6297/1778 496/6338/1821 494/6337/1820
f 496/6338/1821 408/6298/1779 600/6383/1872
f 498/6339/1822 600/6383/1872 408/6298/1779
f 498/6339/1822 410/6299/1780 602/6384/1873
f 500/6340/1823 602/6384/1873 410/6299/1780
f 500/6340/1823 412/6300/1781 604/6385/1874
f 502/6341/1824 604/6385/1874 412/6300/1781
f 502/6341/1824 414/6301/1782 606/6386/1875
f 504/6342/1825 606/6386/1875 414/6301/1782
f 504/6342/1825 416/6302/1783 608/6387/1876
f 506/6343/1826 608/6387/1876 416/6302/1783
f 419/6303/1784 510/6345/1828 506/6343/1826
f 610/6388/1877 506/6343/1826 510/6345/1828
f 509/6344/1827 613/6389/1878 510/6345/1828
f 614/6390/1879 510/6345/1828 613/6389/1878
f 512/6346/1829 616/6391/1880 420/6304/1785
f 509/6344/1827 420/6304/1785 616/6391/1880
f 422/6305/1786 514/6347/1830 512/6346/1829
f 618/6392/1881 512/6346/1829 514/6347/1830
f 424/6306/1787 516/6348/1831 514/6347/1830
f 620/6393/1882 514/6347/1830 516/6348/1831
f 426/6307/1788 518/6349/1832 516/6348/1831
f 622/6394/1883 516/6348/1831 518/6349/1832
f 428/6308/1789 520/6350/1833 518/6349/1832
f 624/6395/1884 518/6349/1832 520/6350/1833
f 430/6309/1790 522/6351/1834 520/6350/1833
f 626/6396/1885 520/6350/1833 522/6351/1834
f 522/6351/1834 432/6310/1791 628/6397/1886
f 524/6352/1835 628/6397/1886 432/6310/1791
f 524/6352/1835 434/6311/1792 630/6398/1887
f 526/6353/1836 630/6398/1887 434/6311/1792
f 526/6353/1836 436/6312/1793 632/6399/1888
f 528/6354/1837 632/6399/1888 436/6312/1793
f 528/6354/1837 439/6313/1794 634/6400/1889
f 531/6355/1838 634/6400/1889 439/6313/1794
f 531/6355/1838 532/6356/1839 637/6401/1890
f 638/6402/1891 637/6401/1890 532/6356/1839
f 613/6389/1878 536/6358/1841 614/6390/1879
f 535/6357/1840 614/6390/1879 536/6358/1841
f 538/6359/1842 640/6403/1892 443/6315/1796
f 535/6357/1840 443/6315/1796 640/6403/1892
f 444/6316/1797 536/6358/1841 540/6360/1843
f 642/6404/1893 540/6360/1843 536/6358/1841
f 644/6405/1894 538/6359/1842 542/6361/1844
f 446/6317/1798 542/6361/1844 538/6359/1842
f 540/6360/1843 646/6406/1895 448/6318/1799
f 544/6362/1845 448/6318/1799 646/6406/1895
f 546/6363/1846 648/6407/1896 450/6319/1800
f 542/6361/1844 450/6319/1800 648/6407/1896
f 452/6320/1801 544/6362/1845 548/6364/1847
f 650/6408/1897 548/6364/1847 544/6362/1845
f 550/6365/1848 652/6409/1898 454/6321/1802
f 546/6363/1846 454/6321/1802 652/6409/1898
f 456/6322/1803 548/6364/1847 552/6366/1849
f 654/6410/1899 552/6366/1849 548/6364/1847
f 554/6367/1850 656/6411/1900 458/6323/1804
f 550/6365/1848 458/6323/1804 656/6411/1900
f 460/6324/1805 552/6366/1849 556/6368/1851
f 658/6412/1901 556/6368/1851 552/6366/1849
f 558/6369/1852 660/6413/1902 462/6325/1806
f 554/6367/1850 462/6325/1806 660/6413/1902
f 464/6326/1807 556/6368/1851 560/6370/1853
f 662/6414/1903 560/6370/1853 556/6368/1851
f 466/6327/1808 562/6371/1854 558/6369/1852
f 664/6415/1904 558/6369/1852 562/6371/1854
f 564/6372/1855 468/6328/1809 666/6416/1905
f 560/6370/1853 666/6416/1905 468/6328/1809
f 571/6329/1858 572/6373/1859 669/6371/1906
f 670/6417/1907 669/6371/1906 572/6373/1859
f 574/6374/1860 472/6330/1811 672/6418/1908
f 564/6372/1855 672/6418/1908 472/6330/1811
f 570/6331/1857 675/6331/662 572/6373/1859
f 676/6373/610 572/6373/1859 675/6331/662
f 578/6375/1862 476/6332/1813 678/6419/1909
f 574/6374/1860 678/6419/1909 476/6332/1813
f 582/6376/1864 681/6420/1910 581/6293/1863
f 682/6331/1911 581/6293/1863 681/6420/1910
f 584/6377/1865 480/6333/1814 684/6421/1912
f 578/6375/1862 684/6421/1912 480/6333/1814
f 488/6335/1818 588/6379/1867 582/6376/1864
f 686/6422/1913 582/6376/1864 588/6379/1867
f 532/6356/1839 584/6377/1865 638/6402/1891
f 688/6423/1914 638/6402/1891 584/6377/1865
f 587/6378/1866 691/6424/1915 588/6379/1867
f 692/6425/1916 588/6379/1867 691/6424/1915
f 694/6426/1917 587/6378/1866 591/6380/1868
f 486/6334/1816 591/6380/1868 587/6378/1866
f 697/6427/1918 591/6380/1868 698/6336/1919
f 592/6295/1869 698/6336/1919 591/6380/1868
f 700/6381/1920 594/6336/632 596/6381/1870
f 492/6336/1819 596/6381/1870 594/6336/632
f 702/6428/1921 596/6381/1870 598/6382/1871
f 494/6337/1820 598/6382/1871 596/6381/1870
f 598/6382/1871 496/6338/1821 704/6429/1922
f 600/6383/1872 704/6429/1922 496/6338/1821
f 706/6430/1923 600/6383/1872 602/6384/1873
f 498/6339/1822 602/6384/1873 600/6383/1872
f 602/6384/1873 500/6340/1823 708/6431/1924
f 604/6385/1874 708/6431/1924 500/6340/1823
f 604/6385/1874 502/6341/1824 710/6432/1925
f 606/6386/1875 710/6432/1925 502/6341/1824
f 606/6386/1875 504/6342/1825 712/6433/1926
f 608/6387/1876 712/6433/1926 504/6342/1825
f 506/6343/1826 610/6388/1877 608/6387/1876
f 714/6434/1927 608/6387/1876 610/6388/1877
f 510/6345/1828 614/6390/1879 610/6388/1877
f 716/6435/1928 610/6388/1877 614/6390/1879
f 616/6391/1880 718/6436/1929 509/6344/1827
f 613/6389/1878 509/6344/1827 718/6436/1929
f 618/6392/1881 720/6437/1930 512/6346/1829
f 616/6391/1880 512/6346/1829 720/6437/1930
f 514/6347/1830 620/6393/1882 618/6392/1881
f 722/6438/1931 618/6392/1881 620/6393/1882
f 516/6348/1831 622/6394/1883 620/6393/1882
f 724/6439/1932 620/6393/1882 622/6394/1883
f 518/6349/1832 624/6395/1884 622/6394/1883
f 726/6440/1933 622/6394/1883 624/6395/1884
f 520/6350/1833 626/6396/1885 624/6395/1884
f 728/6441/1934 624/6395/1884 626/6396/1885
f 522/6351/1834 628/6397/1886 626/6396/1885
f 730/6442/1935 626/6396/1885 628/6397/1886
f 628/6397/1886 524/6352/1835 732/6443/1936
f 630/6398/1887 732/6443/1936 524/6352/1835
f 630/6398/1887 526/6353/1836 734/6444/1937
f 632/6399/1888 734/6444/1937 526/6353/1836
f 632/6399/1888 528/6354/1837 736/6445/1938
f 634/6400/1889 736/6445/1938 528/6354/1837
f 634/6400/1889 531/6355/1838 738/6446/1939
f 637/6401/1890 738/6446/1939 531/6355/1838
f 637/6401/1890 638/6402/1891 741/6447/1940
f 742/6448/1941 741/6447/1940 638/6402/1891
f 614/6390/1879 535/6357/1840 716/6435/1928
f 640/6403/1892 716/6435/1928 535/6357/1840
f 718/6436/1929 642/6404/1893 613/6389/1878
f 536/6358/1841 613/6389/1878 642/6404/1893
f 644/6405/1894 744/6449/1942 538/6359/1842
f 640/6403/1892 538/6359/1842 744/6449/1942
f 642/6404/1893 746/6450/1943 540/6360/1843
f 646/6406/1895 540/6360/1843 746/6450/1943
f 748/6451/1944 644/6405/1894 648/6407/1896
f 542/6361/1844 648/6407/1896 644/6405/1894
f 646/6406/1895 750/6452/1945 544/6362/1845
f 650/6408/1897 544/6362/1845 750/6452/1945
f 652/6409/1898 752/6453/1946 546/6363/1846
f 648/6407/1896 546/6363/1846 752/6453/1946
f 548/6364/1847 650/6408/1897 654/6410/1899
f 754/6454/1947 654/6410/1899 650/6408/1897
f 656/6411/1900 756/6455/1948 550/6365/1848
f 652/6409/1898 550/6365/1848 756/6455/1948
f 552/6366/1849 654/6410/1899 658/6412/1901
f 758/6456/1949 658/6412/1901 654/6410/1899
f 660/6413/1902 760/6457/1950 554/6367/1850
f 656/6411/1900 554/6367/1850 760/6457/1950
f 556/6368/1851 658/6412/1901 662/6414/1903
f 762/6458/1951 662/6414/1903 658/6412/1901
f 664/6415/1904 764/6459/1952 558/6369/1852
f 660/6413/1902 558/6369/1852 764/6459/1952
f 560/6370/1853 662/6414/1903 666/6416/1905
f 766/6460/1953 666/6416/1905 662/6414/1903
f 669/6371/1906 670/6417/1907 769/6415/1954
f 770/6461/1955 769/6415/1954 670/6417/1907
f 672/6418/1908 564/6372/1855 772/6462/1956
f 666/6416/1905 772/6462/1956 564/6372/1855
f 572/6373/1859 676/6373/610 670/6417/1907
f 774/6417/558 670/6417/1907 676/6373/610
f 678/6419/1909 574/6374/1860 776/6463/1957
f 672/6418/1908 776/6463/1957 574/6374/1860
f 681/6420/1910 779/6464/1958 682/6331/1911
f 780/6373/1959 682/6331/1911 779/6464/1958
f 684/6421/1912 578/6375/1862 782/6465/1960
f 678/6419/1909 782/6465/1960 578/6375/1862
f 582/6376/1864 686/6422/1913 681/6420/1910
f 784/6466/1961 681/6420/1910 686/6422/1913
f 688/6423/1914 584/6377/1865 786/6467/1962
f 684/6421/1912 786/6467/1962 584/6377/1865
f 588/6379/1867 692/6425/1916 686/6422/1913
f 788/6468/1963 686/6422/1913 692/6425/1916
f 638/6402/1891 688/6423/1914 742/6448/1941
f 790/6469/1964 742/6448/1941 688/6423/1914
f 691/6424/1915 793/6470/1965 692/6425/1916
f 794/6471/1966 692/6425/1916 793/6470/1965
f 796/6472/1967 691/6424/1915 694/6426/1917
f 587/6378/1866 694/6426/1917 691/6424/1915
f 798/6473/1968 694/6426/1917 697/6427/1918
f 591/6380/1868 697/6427/1918 694/6426/1917
f 801/6474/1969 697/6427/1918 802/6381/1970
f 698/6336/1919 802/6381/1970 697/6427/1918
f 804/6428/534 700/6381/1920 702/6428/1921
f 596/6381/1870 702/6428/1921 700/6381/1920
f 702/6428/1921 598/6382/1871 806/6475/1971
f 704/6429/1922 806/6475/1971 598/6382/1871
f 808/6476/1972 704/6429/1922 706/6430/1923
f 600/6383/1872 706/6430/1923 704/6429/1922
f 706/6430/1923 602/6384/1873 810/6477/1973
f 708/6431/1924 810/6477/1973 602/6384/1873
f 708/6431/1924 604/6385/1874 812/6478/1974
f 710/6432/1925 812/6478/1974 604/6385/1874
f 710/6432/1925 606/6386/1875 814/6479/1975
f 712/6433/1926 814/6479/1975 606/6386/1875
f 608/6387/1876 714/6434/1927 712/6433/1926
f 816/6480/1976 712/6433/1926 714/6434/1927
f 610/6388/1877 716/6435/1928 714/6434/1927
f 818/6481/1977 714/6434/1927 716/6435/1928
f 720/6437/1930 820/6482/1978 616/6391/1880
f 718/6436/1929 616/6391/1880 820/6482/1978
f 722/6438/1931 822/6483/1979 618/6392/1881
f 720/6437/1930 618/6392/1881 822/6483/1979
f 620/6393/1882 724/6439/1932 722/6438/1931
f 824/6484/1980 722/6438/1931 724/6439/1932
f 622/6394/1883 726/6440/1933 724/6439/1932
f 826/6485/1981 724/6439/1932 726/6440/1933
f 624/6395/1884 728/6441/1934 726/6440/1933
f 828/6486/1982 726/6440/1933 728/6441/1934
f 626/6396/1885 730/6442/1935 728/6441/1934
f 830/6487/1983 728/6441/1934 730/6442/1935
f 628/6397/1886 732/6443/1936 730/6442/1935
f 832/6488/1984 730/6442/1935 732/6443/1936
f 732/6443/1936 630/6398/1887 834/6489/1985
f 734/6444/1937 834/6489/1985 630/6398/1887
f 734/6444/1937 632/6399/1888 836/6490/1986
f 736/6445/1938 836/6490/1986 632/6399/1888
f 736/6445/1938 634/6400/1889 838/6491/1987
f 738/6446/1939 838/6491/1987 634/6400/1889
f 738/6446/1939 637/6401/1890 840/6492/1988
f 741/6447/1940 840/6492/1988 637/6401/1890
f 741/6447/1940 742/6448/1941 843/6493/1989
f 844/6494/1990 843/6493/1989 742/6448/1941
f 716/6435/1928 640/6403/1892 818/6481/1977
f 744/6449/1942 818/6481/1977 640/6403/1892
f 820/6482/1978 746/6450/1943 718/6436/1929
f 642/6404/1893 718/6436/1929 746/6450/1943
f 748/6451/1944 846/6495/1991 644/6405/1894
f 744/6449/1942 644/6405/1894 846/6495/1991
f 746/6450/1943 848/6496/1992 646/6406/1895
f 750/6452/1945 646/6406/1895 848/6496/1992
f 850/6497/1993 748/6451/1944 752/6453/1946
f 648/6407/1896 752/6453/1946 748/6451/1944
f 750/6452/1945 852/6498/1994 650/6408/1897
f 754/6454/1947 650/6408/1897 852/6498/1994
f 756/6455/1948 854/6499/1995 652/6409/1898
f 752/6453/1946 652/6409/1898 854/6499/1995
f 654/6410/1899 754/6454/1947 758/6456/1949
f 856/6500/1996 758/6456/1949 754/6454/1947
f 760/6457/1950 858/6501/1997 656/6411/1900
f 756/6455/1948 656/6411/1900 858/6501/1997
f 658/6412/1901 758/6456/1949 762/6458/1951
f 860/6502/1998 762/6458/1951 758/6456/1949
f 764/6459/1952 862/6503/1999 660/6413/1902
f 760/6457/1950 660/6413/1902 862/6503/1999
f 662/6414/1903 762/6458/1951 766/6460/1953
f 864/6504/2000 766/6460/1953 762/6458/1951
f 770/6461/1955 867/6505/2001 769/6415/1954
f 868/6459/2002 769/6415/1954 867/6505/2001
f 666/6416/1905 766/6460/1953 772/6462/1956
f 870/6506/2003 772/6462/1956 766/6460/1953
f 670/6417/1907 774/6417/558 770/6461/1955
f 872/6461/506 770/6461/1955 774/6417/558
f 776/6463/1957 672/6418/1908 874/6507/2004
f 772/6462/1956 874/6507/2004 672/6418/1908
f 779/6464/1958 877/6508/2005 780/6373/1959
f 878/6417/2006 780/6373/1959 877/6508/2005
f 782/6465/1960 678/6419/1909 880/6509/2007
f 776/6463/1957 880/6509/2007 678/6419/1909
f 784/6466/1961 882/6510/2008 681/6420/1910
f 779/6464/1958 681/6420/1910 882/6510/2008
f 786/6467/1962 684/6421/1912 884/6511/2009
f 782/6465/1960 884/6511/2009 684/6421/1912
f 788/6468/1963 886/6512/2010 686/6422/1913
f 784/6466/1961 686/6422/1913 886/6512/2010
f 790/6469/1964 688/6423/1914 888/6513/2011
f 786/6467/1962 888/6513/2011 688/6423/1914
f 692/6425/1916 794/6471/1966 788/6468/1963
f 890/6514/2012 788/6468/1963 794/6471/1966
f 742/6448/1941 790/6469/1964 844/6494/1990
f 892/6515/2013 844/6494/1990 790/6469/1964
f 793/6470/1965 895/6516/2014 794/6471/1966
f 896/6517/2015 794/6471/1966 895/6516/2014
f 898/6518/2016 793/6470/1965 796/6472/1967
f 691/6424/1915 796/6472/1967 793/6470/1965
f 900/6519/2017 796/6472/1967 798/6473/1968
f 694/6426/1917 798/6473/1968 796/6472/1967
f 902/6520/2018 798/6473/1968 801/6474/1969
f 697/6427/1918 801/6474/1969 798/6473/1968
f 905/6521/2019 801/6474/1969 906/6428/2020
f 802/6381/1970 906/6428/2020 801/6474/1969
f 804/6428/534 702/6428/1921 908/6475/485
f 806/6475/1971 908/6475/485 702/6428/1921
f 910/6522/2021 806/6475/1971 808/6476/1972
f 704/6429/1922 808/6476/1972 806/6475/1971
f 808/6476/1972 706/6430/1923 912/6523/2022
f 810/6477/1973 912/6523/2022 706/6430/1923
f 810/6477/1973 708/6431/1924 914/6524/2023
f 812/6478/1974 914/6524/2023 708/6431/1924
f 812/6478/1974 710/6432/1925 916/6525/2024
f 814/6479/1975 916/6525/2024 710/6432/1925
f 712/6433/1926 816/6480/1976 814/6479/1975
f 918/6526/2025 814/6479/1975 816/6480/1976
f 714/6434/1927 818/6481/1977 816/6480/1976
f 920/6527/2026 816/6480/1976 818/6481/1977
f 822/6483/1979 922/6528/2027 720/6437/1930
f 820/6482/1978 720/6437/1930 922/6528/2027
f 824/6484/1980 924/6529/2028 722/6438/1931
f 822/6483/1979 722/6438/1931 924/6529/2028
f 724/6439/1932 826/6485/1981 824/6484/1980
f 926/6530/2029 824/6484/1980 826/6485/1981
f 726/6440/1933 828/6486/1982 826/6485/1981
f 928/6531/2030 826/6485/1981 828/6486/1982
f 728/6441/1934 830/6487/1983 828/6486/1982
f 930/6532/2031 828/6486/1982 830/6487/1983
f 730/6442/1935 832/6488/1984 830/6487/1983
f 932/6533/2032 830/6487/1983 832/6488/1984
f 732/6443/1936 834/6489/1985 832/6488/1984
f 934/6534/2033 832/6488/1984 834/6489/1985
f 834/6489/1985 734/6444/1937 936/6535/2034
f 836/6490/1986 936/6535/2034 734/6444/1937
f 836/6490/1986 736/6445/1938 938/6536/2035
f 838/6491/1987 938/6536/2035 736/6445/1938
f 838/6491/1987 738/6446/1939 940/6537/2036
f 840/6492/1988 940/6537/2036 738/6446/1939
f 840/6492/1988 741/6447/1940 942/6538/2037
f 843/6493/1989 942/6538/2037 741/6447/1940
f 843/6493/1989 844/6494/1990 945/6539/2038
f 946/6540/2039 945/6539/2038 844/6494/1990
f 818/6481/1977 744/6449/1942 920/6527/2026
f 846/6495/1991 920/6527/2026 744/6449/1942
f 922/6528/2027 848/6496/1992 820/6482/1978
f 746/6450/1943 820/6482/1978 848/6496/1992
f 850/6497/1993 948/6541/2040 748/6451/1944
f 846/6495/1991 748/6451/1944 948/6541/2040
f 848/6496/1992 950/6542/2041 750/6452/1945
f 852/6498/1994 750/6452/1945 950/6542/2041
f 854/6499/1995 952/6543/2042 752/6453/1946
f 850/6497/1993 752/6453/1946 952/6543/2042
f 852/6498/1994 954/6544/2043 754/6454/1947
f 856/6500/1996 754/6454/1947 954/6544/2043
f 858/6501/1997 956/6545/2044 756/6455/1948
f 854/6499/1995 756/6455/1948 956/6545/2044
f 856/6500/1996 958/6546/2045 758/6456/1949
f 860/6502/1998 758/6456/1949 958/6546/2045
f 862/6503/1999 960/6547/2046 760/6457/1950
f 858/6501/1997 760/6457/1950 960/6547/2046
f 762/6458/1951 860/6502/1998 864/6504/2000
f 962/6548/2047 864/6504/2000 860/6502/1998
f 867/6505/2001 965/6549/2048 868/6459/2002
f 966/6503/2049 868/6459/2002 965/6549/2048
f 766/6460/1953 864/6504/2000 870/6506/2003
f 968/6550/2050 870/6506/2003 864/6504/2000
f 872/6461/506 970/6505/454 770/6461/1955
f 867/6505/2001 770/6461/1955 970/6505/454
f 772/6462/1956 870/6506/2003 874/6507/2004
f 972/6551/2051 874/6507/2004 870/6506/2003
f 877/6508/2005 975/6552/2052 878/6417/2006
f 976/6461/2053 878/6417/2006 975/6552/2052
f 880/6509/2007 776/6463/1957 978/6553/2054
f 874/6507/2004 978/6553/2054 776/6463/1957
f 882/6510/2008 980/6554/2055 779/6464/1958
f 877/6508/2005 779/6464/1958 980/6554/2055
f 884/6511/2009 782/6465/1960 982/6555/2056
f 880/6509/2007 982/6555/2056 782/6465/1960
f 886/6512/2010 984/6556/2057 784/6466/1961
f 882/6510/2008 784/6466/1961 984/6556/2057
f 888/6513/2011 786/6467/1962 986/6557/2058
f 884/6511/2009 986/6557/2058 786/6467/1962
f 788/6468/1963 890/6514/2012 886/6512/2010
f 988/6558/2059 886/6512/2010 890/6514/2012
f 892/6515/2013 790/6469/1964 990/6559/2060
f 888/6513/2011 990/6559/2060 790/6469/1964
f 794/6471/1966 896/6517/2015 890/6514/2012
f 992/6560/2061 890/6514/2012 896/6517/2015
f 844/6494/1990 892/6515/2013 946/6540/2039
f 994/6561/2062 946/6540/2039 892/6515/2013
f 895/6516/2014 997/6562/2063 896/6517/2015
f 998/6563/2064 896/6517/2015 997/6562/2063
f 1000/6564/2065 895/6516/2014 898/6518/2016
f 793/6470/1965 898/6518/2016 895/6516/2014
f 1002/6565/2066 898/6518/2016 900/6519/2017
f 796/6472/1967 900/6519/2017 898/6518/2016
f 1004/6566/2067 900/6519/2017 902/6520/2018
f 798/6473/1968 902/6520/2018 900/6519/2017
f 1006/6567/2068 902/6520/2018 905/6521/2019
f 801/6474/1969 905/6521/2019 902/6520/2018
f 1009/6568/2069 905/6521/2019 1010/6475/2070
f 906/6428/2020 1010/6475/2070 905/6521/2019
f 1012/6522/436 908/6475/485 910/6522/2021
f 806/6475/1971 910/6522/2021 908/6475/485
f 910/6522/2021 808/6476/1972 1014/6569/2071
f 912/6523/2022 1014/6569/2071 808/6476/1972
f 912/6523/2022 810/6477/1973 1016/6570/2072
f 914/6524/2023 1016/6570/2072 810/6477/1973
f 914/6524/2023 812/6478/1974 1018/6571/2073
f 916/6525/2024 1018/6571/2073 812/6478/1974
f 814/6479/1975 918/6526/2025 916/6525/2024
f 1020/6572/2074 916/6525/2024 918/6526/2025
f 816/6480/1976 920/6527/2026 918/6526/2025
f 1022/6573/2075 918/6526/2025 920/6527/2026
f 924/6529/2028 1024/6574/2076 822/6483/1979
f 922/6528/2027 822/6483/1979 1024/6574/2076
f 926/6530/2029 1026/6575/2077 824/6484/1980
f 924/6529/2028 824/6484/1980 1026/6575/2077
f 826/6485/1981 928/6531/2030 926/6530/2029
f 1028/6576/2078 926/6530/2029 928/6531/2030
f 828/6486/1982 930/6532/2031 928/6531/2030
f 1030/6577/2079 928/6531/2030 930/6532/2031
f 830/6487/1983 932/6533/2032 930/6532/2031
f 1032/6578/2080 930/6532/2031 932/6533/2032
f 832/6488/1984 934/6534/2033 932/6533/2032
f 1034/6579/2081 932/6533/2032 934/6534/2033
f 834/6489/1985 936/6535/2034 934/6534/2033
f 1036/6580/2082 934/6534/2033 936/6535/2034
f 836/6490/1986 938/6536/2035 936/6535/2034
f 1038/6581/2083 936/6535/2034 938/6536/2035
f 938/6536/2035 838/6491/1987 1040/6582/2084
f 940/6537/2036 1040/6582/2084 838/6491/1987
f 940/6537/2036 840/6492/1988 1042/6583/2085
f 942/6538/2037 1042/6583/2085 840/6492/1988
f 942/6538/2037 843/6493/1989 1044/6584/2086
f 945/6539/2038 1044/6584/2086 843/6493/1989
f 945/6539/2038 946/6540/2039 1047/6585/2087
f 1048/6586/2088 1047/6585/2087 946/6540/2039
f 920/6527/2026 846/6495/1991 1022/6573/2075
f 948/6541/2040 1022/6573/2075 846/6495/1991
f 1024/6574/2076 950/6542/2041 922/6528/2027
f 848/6496/1992 922/6528/2027 950/6542/2041
f 1050/6587/2089 948/6541/2040 952/6543/2042
f 850/6497/1993 952/6543/2042 948/6541/2040
f 950/6542/2041 1052/6588/2090 852/6498/1994
f 954/6544/2043 852/6498/1994 1052/6588/2090
f 956/6545/2044 1054/6589/2091 854/6499/1995
f 952/6543/2042 854/6499/1995 1054/6589/2091
f 856/6500/1996 954/6544/2043 958/6546/2045
f 1056/6590/2092 958/6546/2045 954/6544/2043
f 960/6547/2046 1058/6591/2093 858/6501/1997
f 956/6545/2044 858/6501/1997 1058/6591/2093
f 958/6546/2045 1060/6592/2094 860/6502/1998
f 962/6548/2047 860/6502/1998 1060/6592/2094
f 965/6549/2048 1063/6593/2095 966/6503/2049
f 1064/6547/2096 966/6503/2049 1063/6593/2095
f 864/6504/2000 962/6548/2047 968/6550/2050
f 1066/6594/2097 968/6550/2050 962/6548/2047
f 970/6505/454 1068/6549/402 867/6505/2001
f 965/6549/2048 867/6505/2001 1068/6549/402
f 870/6506/2003 968/6550/2050 972/6551/2051
f 1070/6595/2098 972/6551/2051 968/6550/2050
f 975/6552/2052 1073/6596/2099 976/6461/2053
f 1074/6505/2100 976/6461/2053 1073/6596/2099
f 874/6507/2004 972/6551/2051 978/6553/2054
f 1076/6597/2101 978/6553/2054 972/6551/2051
f 980/6554/2055 1078/6598/2102 877/6508/2005
f 975/6552/2052 877/6508/2005 1078/6598/2102
f 982/6555/2056 880/6509/2007 1080/6599/2103
f 978/6553/2054 1080/6599/2103 880/6509/2007
f 984/6556/2057 1082/6600/2104 882/6510/2008
f 980/6554/2055 882/6510/2008 1082/6600/2104
f 986/6557/2058 884/6511/2009 1084/6601/2105
f 982/6555/2056 1084/6601/2105 884/6511/2009
f 988/6558/2059 1086/6602/2106 886/6512/2010
f 984/6556/2057 886/6512/2010 1086/6602/2106
f 990/6559/2060 888/6513/2011 1088/6603/2107
f 986/6557/2058 1088/6603/2107 888/6513/2011
f 890/6514/2012 992/6560/2061 988/6558/2059
f 1090/6604/2108 988/6558/2059 992/6560/2061
f 994/6561/2062 892/6515/2013 1092/6605/2109
f 990/6559/2060 1092/6605/2109 892/6515/2013
f 896/6517/2015 998/6563/2064 992/6560/2061
f 1094/6606/2110 992/6560/2061 998/6563/2064
f 946/6540/2039 994/6561/2062 1048/6586/2088
f 1096/6607/2111 1048/6586/2088 994/6561/2062
f 997/6562/2063 1099/6608/2112 998/6563/2064
f 1100/6609/2113 998/6563/2064 1099/6608/2112
f 1102/6610/2114 997/6562/2063 1000/6564/2065
f 895/6516/2014 1000/6564/2065 997/6562/2063
f 1104/6611/2115 1000/6564/2065 1002/6565/2066
f 898/6518/2016 1002/6565/2066 1000/6564/2065
f 1106/6612/2116 1002/6565/2066 1004/6566/2067
f 900/6519/2017 1004/6566/2067 1002/6565/2066
f 1108/6613/2117 1004/6566/2067 1006/6567/2068
f 902/6520/2018 1006/6567/2068 1004/6566/2067
f 1110/6614/2118 1006/6567/2068 1009/6568/2069
f 905/6521/2019 1009/6568/2069 1006/6567/2068
f 1113/6615/2119 1009/6568/2069 1114/6522/2120
f 1010/6475/2070 1114/6522/2120 1009/6568/2069
f 910/6522/2021 1014/6569/2071 1012/6522/436
f 1116/6569/387 1012/6522/436 1014/6569/2071
f 1014/6569/2071 912/6523/2022 1118/6616/2121
f 1016/6570/2072 1118/6616/2121 912/6523/2022
f 1016/6570/2072 914/6524/2023 1120/6617/2122
f 1018/6571/2073 1120/6617/2122 914/6524/2023
f 916/6525/2024 1020/6572/2074 1018/6571/2073
f 1122/6618/2123 1018/6571/2073 1020/6572/2074
f 918/6526/2025 1022/6573/2075 1020/6572/2074
f 1124/6619/2124 1020/6572/2074 1022/6573/2075
f 1026/6575/2077 1126/6620/2125 924/6529/2028
f 1024/6574/2076 924/6529/2028 1126/6620/2125
f 1028/6576/2078 1128/6621/2126 926/6530/2029
f 1026/6575/2077 926/6530/2029 1128/6621/2126
f 928/6531/2030 1030/6577/2079 1028/6576/2078
f 1130/6622/2127 1028/6576/2078 1030/6577/2079
f 930/6532/2031 1032/6578/2080 1030/6577/2079
f 1132/6623/2128 1030/6577/2079 1032/6578/2080
f 932/6533/2032 1034/6579/2081 1032/6578/2080
f 1134/6624/2129 1032/6578/2080 1034/6579/2081
f 934/6534/2033 1036/6580/2082 1034/6579/2081
f 1136/6625/2130 1034/6579/2081 1036/6580/2082
f 936/6535/2034 1038/6581/2083 1036/6580/2082
f 1138/6626/2131 1036/6580/2082 1038/6581/2083
f 1038/6581/2083 938/6536/2035 1140/6627/2132
f 1040/6582/2084 1140/6627/2132 938/6536/2035
f 1040/6582/2084 940/6537/2036 1142/6628/2133
f 1042/6583/2085 1142/6628/2133 940/6537/2036
f 1042/6583/2085 942/6538/2037 1144/6629/2134
f 1044/6584/2086 1144/6629/2134 942/6538/2037
f 1044/6584/2086 945/6539/2038 1146/6630/2135
f 1047/6585/2087 1146/6630/2135 945/6539/2038
f 1047/6585/2087 1048/6586/2088 1149/6631/2136
f 1150/6632/2137 1149/6631/2136 1048/6586/2088
f 1022/6573/2075 948/6541/2040 1124/6619/2124
f 1050/6587/2089 1124/6619/2124 948/6541/2040
f 1126/6620/2125 1052/6588/2090 1024/6574/2076
f 950/6542/2041 1024/6574/2076 1052/6588/2090
f 1152/6633/2138 1050/6587/2089 1054/6589/2091
f 952/6543/2042 1054/6589/2091 1050/6587/2089
f 1052/6588/2090 1154/6634/2139 954/6544/2043
f 1056/6590/2092 954/6544/2043 1154/6634/2139
f 1058/6591/2093 1156/6635/2140 956/6545/2044
f 1054/6589/2091 956/6545/2044 1156/6635/2140
f 1056/6590/2092 1158/6636/2141 958/6546/2045
f 1060/6592/2094 958/6546/2045 1158/6636/2141
f 1063/6593/2095 1161/6637/2142 1064/6547/2096
f 1162/6591/2143 1064/6547/2096 1161/6637/2142
f 1060/6592/2094 1164/6638/2144 962/6548/2047
f 1066/6594/2097 962/6548/2047 1164/6638/2144
f 1068/6549/402 1166/6593/2145 965/6549/2048
f 1063/6593/2095 965/6549/2048 1166/6593/2145
f 968/6550/2050 1066/6594/2097 1070/6595/2098
f 1168/6639/2146 1070/6595/2098 1066/6594/2097
f 1073/6596/2099 1171/6640/2147 1074/6505/2100
f 1172/6549/2148 1074/6505/2100 1171/6640/2147
f 972/6551/2051 1070/6595/2098 1076/6597/2101
f 1174/6641/2149 1076/6597/2101 1070/6595/2098
f 1078/6598/2102 1176/6642/2150 975/6552/2052
f 1073/6596/2099 975/6552/2052 1176/6642/2150
f 978/6553/2054 1076/6597/2101 1080/6599/2103
f 1178/6643/2151 1080/6599/2103 1076/6597/2101
f 1082/6600/2104 1180/6644/2152 980/6554/2055
f 1078/6598/2102 980/6554/2055 1180/6644/2152
f 1084/6601/2105 982/6555/2056 1182/6645/2153
f 1080/6599/2103 1182/6645/2153 982/6555/2056
f 1086/6602/2106 1184/6646/2154 984/6556/2057
f 1082/6600/2104 984/6556/2057 1184/6646/2154
f 1088/6603/2107 986/6557/2058 1186/6647/2155
f 1084/6601/2105 1186/6647/2155 986/6557/2058
f 1090/6604/2108 1188/6648/2156 988/6558/2059
f 1086/6602/2106 988/6558/2059 1188/6648/2156
f 1092/6605/2109 990/6559/2060 1190/6649/2157
f 1088/6603/2107 1190/6649/2157 990/6559/2060
f 992/6560/2061 1094/6606/2110 1090/6604/2108
f 1192/6650/2158 1090/6604/2108 1094/6606/2110
f 1096/6607/2111 994/6561/2062 1194/6651/2159
f 1092/6605/2109 1194/6651/2159 994/6561/2062
f 998/6563/2064 1100/6609/2113 1094/6606/2110
f 1196/6652/2160 1094/6606/2110 1100/6609/2113
f 1048/6586/2088 1096/6607/2111 1150/6632/2137
f 1198/6653/2161 1150/6632/2137 1096/6607/2111
f 1099/6608/2112 1201/6654/2162 1100/6609/2113
f 1202/6655/2163 1100/6609/2113 1201/6654/2162
f 1204/6656/2164 1099/6608/2112 1102/6610/2114
f 997/6562/2063 1102/6610/2114 1099/6608/2112
f 1206/6657/2165 1102/6610/2114 1104/6611/2115
f 1000/6564/2065 1104/6611/2115 1102/6610/2114
f 1208/6658/2166 1104/6611/2115 1106/6612/2116
f 1002/6565/2066 1106/6612/2116 1104/6611/2115
f 1210/6659/2167 1106/6612/2116 1108/6613/2117
f 1004/6566/2067 1108/6613/2117 1106/6612/2116
f 1212/6660/2168 1108/6613/2117 1110/6614/2118
f 1006/6567/2068 1110/6614/2118 1108/6613/2117
f 1214/6661/2169 1110/6614/2118 1113/6615/2119
f 1009/6568/2069 1113/6615/2119 1110/6614/2118
f 1114/6522/2120 1217/6569/2170 1113/6615/2119
f 1218/6662/2171 1113/6615/2119 1217/6569/2170
f 1014/6569/2071 1118/6616/2121 1116/6569/387
f 1220/6616/338 1116/6569/387 1118/6616/2121
f 1118/6616/2121 1016/6570/2072 1222/6663/2172
f 1120/6617/2122 1222/6663/2172 1016/6570/2072
f 1018/6571/2073 1122/6618/2123 1120/6617/2122
f 1224/6664/2173 1120/6617/2122 1122/6618/2123
f 1020/6572/2074 1124/6619/2124 1122/6618/2123
f 1226/6665/2174 1122/6618/2123 1124/6619/2124
f 1128/6621/2126 1228/6666/2175 1026/6575/2077
f 1126/6620/2125 1026/6575/2077 1228/6666/2175
f 1130/6622/2127 1230/6667/2176 1028/6576/2078
f 1128/6621/2126 1028/6576/2078 1230/6667/2176
f 1030/6577/2079 1132/6623/2128 1130/6622/2127
f 1232/6668/2177 1130/6622/2127 1132/6623/2128
f 1032/6578/2080 1134/6624/2129 1132/6623/2128
f 1234/6669/2178 1132/6623/2128 1134/6624/2129
f 1034/6579/2081 1136/6625/2130 1134/6624/2129
f 1236/6670/2179 1134/6624/2129 1136/6625/2130
f 1036/6580/2082 1138/6626/2131 1136/6625/2130
f 1238/6671/2180 1136/6625/2130 1138/6626/2131
f 1038/6581/2083 1140/6627/2132 1138/6626/2131
f 1240/6672/2181 1138/6626/2131 1140/6627/2132
f 1040/6582/2084 1142/6628/2133 1140/6627/2132
f 1242/6673/2182 1140/6627/2132 1142/6628/2133
f 1142/6628/2133 1042/6583/2085 1244/6674/2183
f 1144/6629/2134 1244/6674/2183 1042/6583/2085
f 1144/6629/2134 1044/6584/2086 1246/6675/2184
f 1146/6630/2135 1246/6675/2184 1044/6584/2086
f 1146/6630/2135 1047/6585/2087 1248/6676/2185
f 1149/6631/2136 1248/6676/2185 1047/6585/2087
f 1149/6631/2136 1150/6632/2137 1251/6677/2186
f 1252/6678/2187 1251/6677/2186 1150/6632/2137
f 1124/6619/2124 1050/6587/2089 1226/6665/2174
f 1152/6633/2138 1226/6665/2174 1050/6587/2089
f 1228/6666/2175 1154/6634/2139 1126/6620/2125
f 1052/6588/2090 1126/6620/2125 1154/6634/2139
f 1254/6679/2188 1152/6633/2138 1156/6635/2140
f 1054/6589/2091 1156/6635/2140 1152/6633/2138
f 1154/6634/2139 1256/6680/2189 1056/6590/2092
f 1158/6636/2141 1056/6590/2092 1256/6680/2189
f 1161/6637/2142 1259/6681/2190 1162/6591/2143
f 1260/6635/2191 1162/6591/2143 1259/6681/2190
f 1158/6636/2141 1262/6682/2192 1060/6592/2094
f 1164/6638/2144 1060/6592/2094 1262/6682/2192
f 1166/6593/2145 1264/6637/297 1063/6593/2095
f 1161/6637/2142 1063/6593/2095 1264/6637/297
f 1066/6594/2097 1164/6638/2144 1168/6639/2146
f 1266/6683/2193 1168/6639/2146 1164/6638/2144
f 1171/6640/2147 1269/6684/2194 1172/6549/2148
f 1270/6593/2195 1172/6549/2148 1269/6684/2194
f 1070/6595/2098 1168/6639/2146 1174/6641/2149
f 1272/6685/2196 1174/6641/2149 1168/6639/2146
f 1176/6642/2150 1274/6686/2197 1073/6596/2099
f 1171/6640/2147 1073/6596/2099 1274/6686/2197
f 1076/6597/2101 1174/6641/2149 1178/6643/2151
f 1276/6687/2198 1178/6643/2151 1174/6641/2149
f 1180/6644/2152 1278/6688/2199 1078/6598/2102
f 1176/6642/2150 1078/6598/2102 1278/6688/2199
f 1080/6599/2103 1178/6643/2151 1182/6645/2153
f 1280/6689/2200 1182/6645/2153 1178/6643/2151
f 1184/6646/2154 1282/6690/2201 1082/6600/2104
f 1180/6644/2152 1082/6600/2104 1282/6690/2201
f 1186/6647/2155 1084/6601/2105 1284/6691/2202
f 1182/6645/2153 1284/6691/2202 1084/6601/2105
f 1188/6648/2156 1286/6692/2203 1086/6602/2106
f 1184/6646/2154 1086/6602/2106 1286/6692/2203
f 1190/6649/2157 1088/6603/2107 1288/6693/2204
f 1186/6647/2155 1288/6693/2204 1088/6603/2107
f 1192/6650/2158 1290/6694/2205 1090/6604/2108
f 1188/6648/2156 1090/6604/2108 1290/6694/2205
f 1194/6651/2159 1092/6605/2109 1292/6695/2206
f 1190/6649/2157 1292/6695/2206 1092/6605/2109
f 1094/6606/2110 1196/6652/2160 1192/6650/2158
f 1294/6696/2207 1192/6650/2158 1196/6652/2160
f 1198/6653/2161 1096/6607/2111 1296/6697/2208
f 1194/6651/2159 1296/6697/2208 1096/6607/2111
f 1100/6609/2113 1202/6655/2163 1196/6652/2160
f 1298/6698/2209 1196/6652/2160 1202/6655/2163
f 1150/6632/2137 1198/6653/2161 1252/6678/2187
f 1300/6699/2210 1252/6678/2187 1198/6653/2161
f 1201/6654/2162 1303/6700/2211 1202/6655/2163
f 1304/6701/2212 1202/6655/2163 1303/6700/2211
f 1306/6702/2213 1201/6654/2162 1204/6656/2164
f 1099/6608/2112 1204/6656/2164 1201/6654/2162
f 1308/6703/2214 1204/6656/2164 1206/6657/2165
f 1102/6610/2114 1206/6657/2165 1204/6656/2164
f 1310/6704/2215 1206/6657/2165 1208/6658/2166
f 1104/6611/2115 1208/6658/2166 1206/6657/2165
f 1312/6705/2216 1208/6658/2166 1210/6659/2167
f 1106/6612/2116 1210/6659/2167 1208/6658/2166
f 1314/6706/2217 1210/6659/2167 1212/6660/2168
f 1108/6613/2117 1212/6660/2168 1210/6659/2167
f 1316/6707/2218 1212/6660/2168 1214/6661/2169
f 1110/6614/2118 1214/6661/2169 1212/6660/2168
f 1113/6615/2119 1218/6662/2171 1214/6661/2169
f 1318/6708/2219 1214/6661/2169 1218/6662/2171
f 1217/6569/2170 1321/6616/2220 1218/6662/2171
f 1322/6709/2221 1218/6662/2171 1321/6616/2220
f 1118/6616/2121 1222/6663/2172 1220/6616/338
f 1324/6663/337 1220/6616/338 1222/6663/2172
f 1122/6618/2123 1226/6665/2174 1224/6664/2173
f 1326/6710/2222 1224/6664/2173 1226/6665/2174
f 1230/6667/2176 1328/6711/2223 1128/6621/2126
f 1228/6666/2175 1128/6621/2126 1328/6711/2223
f 1232/6668/2177 1330/6712/2224 1130/6622/2127
f 1230/6667/2176 1130/6622/2127 1330/6712/2224
f 1132/6623/2128 1234/6669/2178 1232/6668/2177
f 1332/6713/2225 1232/6668/2177 1234/6669/2178
f 1134/6624/2129 1236/6670/2179 1234/6669/2178
f 1334/6714/2226 1234/6669/2178 1236/6670/2179
f 1136/6625/2130 1238/6671/2180 1236/6670/2179
f 1336/6715/2227 1236/6670/2179 1238/6671/2180
f 1138/6626/2131 1240/6672/2181 1238/6671/2180
f 1338/6716/2228 1238/6671/2180 1240/6672/2181
f 1140/6627/2132 1242/6673/2182 1240/6672/2181
f 1340/6717/2229 1240/6672/2181 1242/6673/2182
f 1142/6628/2133 1244/6674/2183 1242/6673/2182
f 1342/6718/2230 1242/6673/2182 1244/6674/2183
f 1244/6674/2183 1144/6629/2134 1344/6719/2231
f 1246/6675/2184 1344/6719/2231 1144/6629/2134
f 1246/6675/2184 1146/6630/2135 1346/6720/2232
f 1248/6676/2185 1346/6720/2232 1146/6630/2135
f 1248/6676/2185 1149/6631/2136 1348/6721/2233
f 1251/6677/2186 1348/6721/2233 1149/6631/2136
f 1251/6677/2186 1252/6678/2187 1351/6722/2234
f 1352/6723/2235 1351/6722/2234 1252/6678/2187
f 1226/6665/2174 1152/6633/2138 1326/6710/2222
f 1254/6679/2188 1326/6710/2222 1152/6633/2138
f 1328/6711/2223 1256/6680/2189 1228/6666/2175
f 1154/6634/2139 1228/6666/2175 1256/6680/2189
f 1355/6724/2236 1356/6679/2237 1259/6681/2190
f 1260/6635/2191 1259/6681/2190 1356/6679/2237
f 1256/6680/2189 1358/6725/2238 1158/6636/2141
f 1262/6682/2192 1158/6636/2141 1358/6725/2238
f 1264/6637/297 1360/6681/245 1161/6637/2142
f 1259/6681/2190 1161/6637/2142 1360/6681/245
f 1262/6682/2192 1362/6726/2239 1164/6638/2144
f 1266/6683/2193 1164/6638/2144 1362/6726/2239
f 1269/6684/2194 1365/6727/2240 1270/6593/2195
f 1366/6637/2241 1270/6593/2195 1365/6727/2240
f 1168/6639/2146 1266/6683/2193 1272/6685/2196
f 1368/6728/2242 1272/6685/2196 1266/6683/2193
f 1274/6686/2197 1370/6729/2243 1171/6640/2147
f 1269/6684/2194 1171/6640/2147 1370/6729/2243
f 1174/6641/2149 1272/6685/2196 1276/6687/2198
f 1372/6730/2244 1276/6687/2198 1272/6685/2196
f 1278/6688/2199 1374/6731/2245 1176/6642/2150
f 1274/6686/2197 1176/6642/2150 1374/6731/2245
f 1178/6643/2151 1276/6687/2198 1280/6689/2200
f 1376/6732/2246 1280/6689/2200 1276/6687/2198
f 1282/6690/2201 1378/6733/2247 1180/6644/2152
f 1278/6688/2199 1180/6644/2152 1378/6733/2247
f 1182/6645/2153 1280/6689/2200 1284/6691/2202
f 1380/6734/2248 1284/6691/2202 1280/6689/2200
f 1286/6692/2203 1382/6735/2249 1184/6646/2154
f 1282/6690/2201 1184/6646/2154 1382/6735/2249
f 1288/6693/2204 1186/6647/2155 1384/6736/2250
f 1284/6691/2202 1384/6736/2250 1186/6647/2155
f 1290/6694/2205 1386/6737/2251 1188/6648/2156
f 1286/6692/2203 1188/6648/2156 1386/6737/2251
f 1292/6695/2206 1190/6649/2157 1388/6738/2252
f 1288/6693/2204 1388/6738/2252 1190/6649/2157
f 1294/6696/2207 1390/6739/2253 1192/6650/2158
f 1290/6694/2205 1192/6650/2158 1390/6739/2253
f 1296/6697/2208 1194/6651/2159 1392/6740/2254
f 1292/6695/2206 1392/6740/2254 1194/6651/2159
f 1196/6652/2160 1298/6698/2209 1294/6696/2207
f 1394/6741/2255 1294/6696/2207 1298/6698/2209
f 1300/6699/2210 1198/6653/2161 1396/6742/2256
f 1296/6697/2208 1396/6742/2256 1198/6653/2161
f 1202/6655/2163 1304/6701/2212 1298/6698/2209
f 1398/6743/2257 1298/6698/2209 1304/6701/2212
f 1252/6678/2187 1300/6699/2210 1352/6723/2235
f 1400/6744/2258 1352/6723/2235 1300/6699/2210
f 1303/6700/2211 1403/6745/2259 1304/6701/2212
f 1404/6746/2260 1304/6701/2212 1403/6745/2259
f 1406/6747/2261 1303/6700/2211 1306/6702/2213
f 1201/6654/2162 1306/6702/2213 1303/6700/2211
f 1408/6748/2262 1306/6702/2213 1308/6703/2214
f 1204/6656/2164 1308/6703/2214 1306/6702/2213
f 1410/6749/2263 1308/6703/2214 1310/6704/2215
f 1206/6657/2165 1310/6704/2215 1308/6703/2214
f 1412/6750/2264 1310/6704/2215 1312/6705/2216
f 1208/6658/2166 1312/6705/2216 1310/6704/2215
f 1414/6751/2265 1312/6705/2216 1314/6706/2217
f 1210/6659/2167 1314/6706/2217 1312/6705/2216
f 1416/6752/2266 1314/6706/2217 1316/6707/2218
f 1212/6660/2168 1316/6707/2218 1314/6706/2217
f 1214/6661/2169 1318/6708/2219 1316/6707/2218
f 1418/6753/2267 1316/6707/2218 1318/6708/2219
f 1218/6662/2171 1322/6709/2221 1318/6708/2219
f 1420/6754/2268 1318/6708/2219 1322/6709/2221
f 1321/6616/2220 1423/6663/2269 1322/6709/2221
f 1424/6755/2270 1322/6709/2221 1423/6663/2269
f 1330/6712/2224 1426/6756/2271 1230/6667/2176
f 1328/6711/2223 1230/6667/2176 1426/6756/2271
f 1332/6713/2225 1428/6757/2272 1232/6668/2177
f 1330/6712/2224 1232/6668/2177 1428/6757/2272
f 1234/6669/2178 1334/6714/2226 1332/6713/2225
f 1430/6758/2273 1332/6713/2225 1334/6714/2226
f 1236/6670/2179 1336/6715/2227 1334/6714/2226
f 1432/6759/2274 1334/6714/2226 1336/6715/2227
f 1238/6671/2180 1338/6716/2228 1336/6715/2227
f 1434/6760/2275 1336/6715/2227 1338/6716/2228
f 1240/6672/2181 1340/6717/2229 1338/6716/2228
f 1436/6761/2276 1338/6716/2228 1340/6717/2229
f 1242/6673/2182 1342/6718/2230 1340/6717/2229
f 1438/6762/2277 1340/6717/2229 1342/6718/2230
f 1244/6674/2183 1344/6719/2231 1342/6718/2230
f 1440/6763/2278 1342/6718/2230 1344/6719/2231
f 1344/6719/2231 1246/6675/2184 1442/6764/2279
f 1346/6720/2232 1442/6764/2279 1246/6675/2184
f 1346/6720/2232 1248/6676/2185 1444/6765/2280
f 1348/6721/2233 1444/6765/2280 1248/6676/2185
f 1348/6721/2233 1251/6677/2186 1446/6766/2281
f 1351/6722/2234 1446/6766/2281 1251/6677/2186
f 1352/6723/2235 1449/6767/2282 1351/6722/2234
f 1450/6768/2283 1351/6722/2234 1449/6767/2282
f 1426/6756/2271 1358/6725/2238 1328/6711/2223
f 1256/6680/2189 1328/6711/2223 1358/6725/2238
f 1452/6724/2284 1355/6724/2236 1360/6681/245
f 1259/6681/2190 1360/6681/245 1355/6724/2236
f 1358/6725/2238 1454/6769/2285 1262/6682/2192
f 1362/6726/2239 1262/6682/2192 1454/6769/2285
f 1457/6770/2286 1458/6681/2287 1365/6727/2240
f 1366/6637/2241 1365/6727/2240 1458/6681/2287
f 1362/6726/2239 1460/6771/2288 1266/6683/2193
f 1368/6728/2242 1266/6683/2193 1460/6771/2288
f 1370/6729/2243 1462/6772/2289 1269/6684/2194
f 1365/6727/2240 1269/6684/2194 1462/6772/2289
f 1272/6685/2196 1368/6728/2242 1372/6730/2244
f 1464/6773/2290 1372/6730/2244 1368/6728/2242
f 1374/6731/2245 1466/6774/2291 1274/6686/2197
f 1370/6729/2243 1274/6686/2197 1466/6774/2291
f 1276/6687/2198 1372/6730/2244 1376/6732/2246
f 1468/6775/2292 1376/6732/2246 1372/6730/2244
f 1378/6733/2247 1470/6776/2293 1278/6688/2199
f 1374/6731/2245 1278/6688/2199 1470/6776/2293
f 1280/6689/2200 1376/6732/2246 1380/6734/2248
f 1472/6777/2294 1380/6734/2248 1376/6732/2246
f 1382/6735/2249 1474/6778/2295 1282/6690/2201
f 1378/6733/2247 1282/6690/2201 1474/6778/2295
f 1284/6691/2202 1380/6734/2248 1384/6736/2250
f 1476/6779/2296 1384/6736/2250 1380/6734/2248
f 1386/6737/2251 1478/6780/2297 1286/6692/2203
f 1382/6735/2249 1286/6692/2203 1478/6780/2297
f 1388/6738/2252 1288/6693/2204 1480/6781/2298
f 1384/6736/2250 1480/6781/2298 1288/6693/2204
f 1390/6739/2253 1482/6782/2299 1290/6694/2205
f 1386/6737/2251 1290/6694/2205 1482/6782/2299
f 1392/6740/2254 1292/6695/2206 1484/6783/2300
f 1388/6738/2252 1484/6783/2300 1292/6695/2206
f 1394/6741/2255 1486/6784/2301 1294/6696/2207
f 1390/6739/2253 1294/6696/2207 1486/6784/2301
f 1396/6742/2256 1296/6697/2208 1488/6785/2302
f 1392/6740/2254 1488/6785/2302 1296/6697/2208
f 1298/6698/2209 1398/6743/2257 1394/6741/2255
f 1490/6786/2303 1394/6741/2255 1398/6743/2257
f 1400/6744/2258 1300/6699/2210 1492/6787/2304
f 1396/6742/2256 1492/6787/2304 1300/6699/2210
f 1304/6701/2212 1404/6746/2260 1398/6743/2257
f 1494/6788/2305 1398/6743/2257 1404/6746/2260
f 1352/6723/2235 1400/6744/2258 1449/6767/2282
f 1496/6789/2306 1449/6767/2282 1400/6744/2258
f 1403/6745/2259 1499/6790/2307 1404/6746/2260
f 1500/6791/2308 1404/6746/2260 1499/6790/2307
f 1502/6792/2309 1403/6745/2259 1406/6747/2261
f 1303/6700/2211 1406/6747/2261 1403/6745/2259
f 1504/6793/2310 1406/6747/2261 1408/6748/2262
f 1306/6702/2213 1408/6748/2262 1406/6747/2261
f 1506/6794/2311 1408/6748/2262 1410/6749/2263
f 1308/6703/2214 1410/6749/2263 1408/6748/2262
f 1508/6795/2312 1410/6749/2263 1412/6750/2264
f 1310/6704/2215 1412/6750/2264 1410/6749/2263
f 1510/6796/2313 1412/6750/2264 1414/6751/2265
f 1312/6705/2216 1414/6751/2265 1412/6750/2264
f 1512/6797/2314 1414/6751/2265 1416/6752/2266
f 1314/6706/2217 1416/6752/2266 1414/6751/2265
f 1316/6707/2218 1418/6753/2267 1416/6752/2266
f 1514/6798/2315 1416/6752/2266 1418/6753/2267
f 1318/6708/2219 1420/6754/2268 1418/6753/2267
f 1516/6799/2316 1418/6753/2267 1420/6754/2268
f 1420/6754/2268 1322/6709/2221 1518/6800/2317
f 1424/6755/2270 1518/6800/2317 1322/6709/2221
f 1424/6755/2270 1423/6663/2269 1521/6801/2318
f 1522/6802/2319 1521/6801/2318 1423/6663/2269
f 1428/6757/2272 1524/6803/2320 1330/6712/2224
f 1426/6756/2271 1330/6712/2224 1524/6803/2320
f 1430/6758/2273 1526/6804/2321 1332/6713/2225
f 1428/6757/2272 1332/6713/2225 1526/6804/2321
f 1334/6714/2226 1432/6759/2274 1430/6758/2273
f 1528/6805/2322 1430/6758/2273 1432/6759/2274
f 1336/6715/2227 1434/6760/2275 1432/6759/2274
f 1530/6806/2323 1432/6759/2274 1434/6760/2275
f 1338/6716/2228 1436/6761/2276 1434/6760/2275
f 1532/6807/2324 1434/6760/2275 1436/6761/2276
f 1340/6717/2229 1438/6762/2277 1436/6761/2276
f 1534/6808/2325 1436/6761/2276 1438/6762/2277
f 1342/6718/2230 1440/6763/2278 1438/6762/2277
f 1536/6809/2326 1438/6762/2277 1440/6763/2278
f 1344/6719/2231 1442/6764/2279 1440/6763/2278
f 1538/6810/2327 1440/6763/2278 1442/6764/2279
f 1442/6764/2279 1346/6720/2232 1540/6811/2328
f 1444/6765/2280 1540/6811/2328 1346/6720/2232
f 1444/6765/2280 1348/6721/2233 1542/6812/2329
f 1446/6766/2281 1542/6812/2329 1348/6721/2233
f 1351/6722/2234 1450/6768/2283 1446/6766/2281
f 1544/6813/2330 1446/6766/2281 1450/6768/2283
f 1449/6767/2282 1547/6814/2331 1450/6768/2283
f 1548/6815/2332 1450/6768/2283 1547/6814/2331
f 1524/6803/2320 1454/6769/2285 1426/6756/2271
f 1358/6725/2238 1426/6756/2271 1454/6769/2285
f 1457/6770/2286 1551/6816/2333 1458/6681/2287
f 1552/6724/2334 1458/6681/2287 1551/6816/2333
f 1454/6769/2285 1554/6817/2335 1362/6726/2239
f 1460/6771/2288 1362/6726/2239 1554/6817/2335
f 1556/6818/2336 1457/6770/2286 1462/6772/2289
f 1365/6727/2240 1462/6772/2289 1457/6770/2286
f 1460/6771/2288 1558/6819/2337 1368/6728/2242
f 1464/6773/2290 1368/6728/2242 1558/6819/2337
f 1560/6820/2338 1462/6772/2289 1466/6774/2291
f 1370/6729/2243 1466/6774/2291 1462/6772/2289
f 1464/6773/2290 1562/6821/2339 1372/6730/2244
f 1468/6775/2292 1372/6730/2244 1562/6821/2339
f 1470/6776/2293 1564/6822/2340 1374/6731/2245
f 1466/6774/2291 1374/6731/2245 1564/6822/2340
f 1376/6732/2246 1468/6775/2292 1472/6777/2294
f 1566/6823/2341 1472/6777/2294 1468/6775/2292
f 1474/6778/2295 1568/6824/2342 1378/6733/2247
f 1470/6776/2293 1378/6733/2247 1568/6824/2342
f 1380/6734/2248 1472/6777/2294 1476/6779/2296
f 1570/6825/2343 1476/6779/2296 1472/6777/2294
f 1478/6780/2297 1572/6826/2344 1382/6735/2249
f 1474/6778/2295 1382/6735/2249 1572/6826/2344
f 1384/6736/2250 1476/6779/2296 1480/6781/2298
f 1574/6827/2345 1480/6781/2298 1476/6779/2296
f 1482/6782/2299 1576/6828/2346 1386/6737/2251
f 1478/6780/2297 1386/6737/2251 1576/6828/2346
f 1484/6783/2300 1388/6738/2252 1578/6829/2347
f 1480/6781/2298 1578/6829/2347 1388/6738/2252
f 1486/6784/2301 1580/6830/2348 1390/6739/2253
f 1482/6782/2299 1390/6739/2253 1580/6830/2348
f 1488/6785/2302 1392/6740/2254 1582/6831/2349
f 1484/6783/2300 1582/6831/2349 1392/6740/2254
f 1490/6786/2303 1584/6832/2350 1394/6741/2255
f 1486/6784/2301 1394/6741/2255 1584/6832/2350
f 1492/6787/2304 1396/6742/2256 1586/6833/2351
f 1488/6785/2302 1586/6833/2351 1396/6742/2256
f 1494/6788/2305 1588/6834/2352 1398/6743/2257
f 1490/6786/2303 1398/6743/2257 1588/6834/2352
f 1496/6789/2306 1400/6744/2258 1590/6835/2353
f 1492/6787/2304 1590/6835/2353 1400/6744/2258
f 1404/6746/2260 1500/6791/2308 1494/6788/2305
f 1592/6836/2354 1494/6788/2305 1500/6791/2308
f 1496/6789/2306 1594/6837/2355 1449/6767/2282
f 1547/6814/2331 1449/6767/2282 1594/6837/2355
f 1500/6791/2308 1499/6790/2307 1597/6838/2356
f 1598/6839/2357 1597/6838/2356 1499/6790/2307
f 1600/6840/2358 1499/6790/2307 1502/6792/2309
f 1403/6745/2259 1502/6792/2309 1499/6790/2307
f 1602/6841/2359 1502/6792/2309 1504/6793/2310
f 1406/6747/2261 1504/6793/2310 1502/6792/2309
f 1604/6842/2360 1504/6793/2310 1506/6794/2311
f 1408/6748/2262 1506/6794/2311 1504/6793/2310
f 1606/6843/2361 1506/6794/2311 1508/6795/2312
f 1410/6749/2263 1508/6795/2312 1506/6794/2311
f 1608/6844/2362 1508/6795/2312 1510/6796/2313
f 1412/6750/2264 1510/6796/2313 1508/6795/2312
f 1610/6845/2363 1510/6796/2313 1512/6797/2314
f 1414/6751/2265 1512/6797/2314 1510/6796/2313
f 1416/6752/2266 1514/6798/2315 1512/6797/2314
f 1612/6846/2364 1512/6797/2314 1514/6798/2315
f 1418/6753/2267 1516/6799/2316 1514/6798/2315
f 1614/6847/2365 1514/6798/2315 1516/6799/2316
f 1516/6799/2316 1420/6754/2268 1616/6848/2366
f 1518/6800/2317 1616/6848/2366 1420/6754/2268
f 1518/6800/2317 1424/6755/2270 1618/6849/2367
f 1521/6801/2318 1618/6849/2367 1424/6755/2270
f 1521/6801/2318 1522/6802/2319 1621/6850/2368
f 1622/6851/2369 1621/6850/2368 1522/6802/2319
f 1526/6804/2321 1624/6852/2370 1428/6757/2272
f 1524/6803/2320 1428/6757/2272 1624/6852/2370
f 1528/6805/2322 1626/6853/2371 1430/6758/2273
f 1526/6804/2321 1430/6758/2273 1626/6853/2371
f 1432/6759/2274 1530/6806/2323 1528/6805/2322
f 1628/6854/2372 1528/6805/2322 1530/6806/2323
f 1434/6760/2275 1532/6807/2324 1530/6806/2323
f 1630/6855/2373 1530/6806/2323 1532/6807/2324
f 1436/6761/2276 1534/6808/2325 1532/6807/2324
f 1632/6856/2374 1532/6807/2324 1534/6808/2325
f 1438/6762/2277 1536/6809/2326 1534/6808/2325
f 1634/6857/2375 1534/6808/2325 1536/6809/2326
f 1440/6763/2278 1538/6810/2327 1536/6809/2326
f 1636/6858/2376 1536/6809/2326 1538/6810/2327
f 1442/6764/2279 1540/6811/2328 1538/6810/2327
f 1638/6859/2377 1538/6810/2327 1540/6811/2328
f 1540/6811/2328 1444/6765/2280 1640/6860/2378
f 1542/6812/2329 1640/6860/2378 1444/6765/2280
f 1542/6812/2329 1446/6766/2281 1642/6861/2379
f 1544/6813/2330 1642/6861/2379 1446/6766/2281
f 1450/6768/2283 1548/6815/2332 1544/6813/2330
f 1644/6862/2380 1544/6813/2330 1548/6815/2332
f 1547/6814/2331 1647/6863/2381 1548/6815/2332
f 1648/6864/2382 1548/6815/2332 1647/6863/2381
f 1624/6852/2370 1554/6817/2335 1524/6803/2320
f 1454/6769/2285 1524/6803/2320 1554/6817/2335
f 1621/6850/2368 1622/6851/2369 1551/6816/2333
f 1552/6724/2334 1551/6816/2333 1622/6851/2369
f 1556/6818/2336 1650/6865/2383 1457/6770/2286
f 1551/6816/2333 1457/6770/2286 1650/6865/2383
f 1554/6817/2335 1652/6866/2384 1460/6771/2288
f 1558/6819/2337 1460/6771/2288 1652/6866/2384
f 1560/6820/2338 1654/6867/2385 1462/6772/2289
f 1556/6818/2336 1462/6772/2289 1654/6867/2385
f 1558/6819/2337 1656/6868/2386 1464/6773/2290
f 1562/6821/2339 1464/6773/2290 1656/6868/2386
f 1658/6869/2387 1560/6820/2338 1564/6822/2340
f 1466/6774/2291 1564/6822/2340 1560/6820/2338
f 1562/6821/2339 1660/6870/2388 1468/6775/2292
f 1566/6823/2341 1468/6775/2292 1660/6870/2388
f 1568/6824/2342 1662/6871/2389 1470/6776/2293
f 1564/6822/2340 1470/6776/2293 1662/6871/2389
f 1472/6777/2294 1566/6823/2341 1570/6825/2343
f 1664/6872/2390 1570/6825/2343 1566/6823/2341
f 1572/6826/2344 1666/6873/2391 1474/6778/2295
f 1568/6824/2342 1474/6778/2295 1666/6873/2391
f 1476/6779/2296 1570/6825/2343 1574/6827/2345
f 1668/6874/2392 1574/6827/2345 1570/6825/2343
f 1576/6828/2346 1670/6875/2393 1478/6780/2297
f 1572/6826/2344 1478/6780/2297 1670/6875/2393
f 1480/6781/2298 1574/6827/2345 1578/6829/2347
f 1672/6876/2394 1578/6829/2347 1574/6827/2345
f 1580/6830/2348 1674/6877/2395 1482/6782/2299
f 1576/6828/2346 1482/6782/2299 1674/6877/2395
f 1582/6831/2349 1484/6783/2300 1676/6878/2396
f 1578/6829/2347 1676/6878/2396 1484/6783/2300
f 1584/6832/2350 1678/6879/2397 1486/6784/2301
f 1580/6830/2348 1486/6784/2301 1678/6879/2397
f 1586/6833/2351 1488/6785/2302 1680/6880/2398
f 1582/6831/2349 1680/6880/2398 1488/6785/2302
f 1588/6834/2352 1682/6881/2399 1490/6786/2303
f 1584/6832/2350 1490/6786/2303 1682/6881/2399
f 1590/6835/2353 1492/6787/2304 1684/6882/2400
f 1586/6833/2351 1684/6882/2400 1492/6787/2304
f 1494/6788/2305 1592/6836/2354 1588/6834/2352
f 1686/6883/2401 1588/6834/2352 1592/6836/2354
f 1590/6835/2353 1688/6884/2402 1496/6789/2306
f 1594/6837/2355 1496/6789/2306 1688/6884/2402
f 1500/6791/2308 1597/6838/2356 1592/6836/2354
f 1690/6885/2403 1592/6836/2354 1597/6838/2356
f 1594/6837/2355 1692/6886/2404 1547/6814/2331
f 1647/6863/2381 1547/6814/2331 1692/6886/2404
f 1597/6838/2356 1598/6839/2357 1695/6887/2405
f 1696/6888/2406 1695/6887/2405 1598/6839/2357
f 1499/6790/2307 1600/6840/2358 1598/6839/2357
f 1698/6889/2407 1598/6839/2357 1600/6840/2358
f 1700/6890/2408 1600/6840/2358 1602/6841/2359
f 1502/6792/2309 1602/6841/2359 1600/6840/2358
f 1702/6891/2409 1602/6841/2359 1604/6842/2360
f 1504/6793/2310 1604/6842/2360 1602/6841/2359
f 1704/6892/2410 1604/6842/2360 1606/6843/2361
f 1506/6794/2311 1606/6843/2361 1604/6842/2360
f 1706/6893/2411 1606/6843/2361 1608/6844/2362
f 1508/6795/2312 1608/6844/2362 1606/6843/2361
f 1708/6894/2412 1608/6844/2362 1610/6845/2363
f 1510/6796/2313 1610/6845/2363 1608/6844/2362
f 1512/6797/2314 1612/6846/2364 1610/6845/2363
f 1710/6895/2413 1610/6845/2363 1612/6846/2364
f 1514/6798/2315 1614/6847/2365 1612/6846/2364
f 1712/6896/2414 1612/6846/2364 1614/6847/2365
f 1614/6847/2365 1516/6799/2316 1714/6897/2415
f 1616/6848/2366 1714/6897/2415 1516/6799/2316
f 1616/6848/2366 1518/6800/2317 1716/6898/2416
f 1618/6849/2367 1716/6898/2416 1518/6800/2317
f 1618/6849/2367 1521/6801/2318 1718/6899/2417
f 1621/6850/2368 1718/6899/2417 1521/6801/2318
f 1626/6853/2371 1720/6900/2418 1526/6804/2321
f 1624/6852/2370 1526/6804/2321 1720/6900/2418
f 1628/6854/2372 1722/6901/2419 1528/6805/2322
f 1626/6853/2371 1528/6805/2322 1722/6901/2419
f 1530/6806/2323 1630/6855/2373 1628/6854/2372
f 1724/6902/2420 1628/6854/2372 1630/6855/2373
f 1532/6807/2324 1632/6856/2374 1630/6855/2373
f 1726/6903/2421 1630/6855/2373 1632/6856/2374
f 1534/6808/2325 1634/6857/2375 1632/6856/2374
f 1728/6904/2422 1632/6856/2374 1634/6857/2375
f 1536/6809/2326 1636/6858/2376 1634/6857/2375
f 1730/6905/2423 1634/6857/2375 1636/6858/2376
f 1538/6810/2327 1638/6859/2377 1636/6858/2376
f 1732/6906/2424 1636/6858/2376 1638/6859/2377
f 1540/6811/2328 1640/6860/2378 1638/6859/2377
f 1734/6907/2425 1638/6859/2377 1640/6860/2378
f 1640/6860/2378 1542/6812/2329 1736/6908/2426
f 1642/6861/2379 1736/6908/2426 1542/6812/2329
f 1544/6813/2330 1644/6862/2380 1642/6861/2379
f 1738/6909/2427 1642/6861/2379 1644/6862/2380
f 1548/6815/2332 1648/6864/2382 1644/6862/2380
f 1740/6910/2428 1644/6862/2380 1648/6864/2382
f 1647/6863/2381 1743/6911/2429 1648/6864/2382
f 1744/6912/2430 1648/6864/2382 1743/6911/2429
f 1720/6900/2418 1652/6866/2384 1624/6852/2370
f 1554/6817/2335 1624/6852/2370 1652/6866/2384
f 1718/6899/2417 1621/6850/2368 1650/6865/2383
f 1551/6816/2333 1650/6865/2383 1621/6850/2368
f 1654/6867/2385 1746/6913/2431 1556/6818/2336
f 1650/6865/2383 1556/6818/2336 1746/6913/2431
f 1652/6866/2384 1748/6914/2432 1558/6819/2337
f 1656/6868/2386 1558/6819/2337 1748/6914/2432
f 1658/6869/2387 1750/6915/2433 1560/6820/2338
f 1654/6867/2385 1560/6820/2338 1750/6915/2433
f 1656/6868/2386 1752/6916/2434 1562/6821/2339
f 1660/6870/2388 1562/6821/2339 1752/6916/2434
f 1754/6917/2435 1658/6869/2387 1662/6871/2389
f 1564/6822/2340 1662/6871/2389 1658/6869/2387
f 1566/6823/2341 1660/6870/2388 1664/6872/2390
f 1756/6918/2436 1664/6872/2390 1660/6870/2388
f 1666/6873/2391 1758/6919/2437 1568/6824/2342
f 1662/6871/2389 1568/6824/2342 1758/6919/2437
f 1570/6825/2343 1664/6872/2390 1668/6874/2392
f 1760/6920/2438 1668/6874/2392 1664/6872/2390
f 1670/6875/2393 1762/6921/2439 1572/6826/2344
f 1666/6873/2391 1572/6826/2344 1762/6921/2439
f 1574/6827/2345 1668/6874/2392 1672/6876/2394
f 1764/6922/2440 1672/6876/2394 1668/6874/2392
f 1674/6877/2395 1766/6923/2441 1576/6828/2346
f 1670/6875/2393 1576/6828/2346 1766/6923/2441
f 1578/6829/2347 1672/6876/2394 1676/6878/2396
f 1768/6924/2442 1676/6878/2396 1672/6876/2394
f 1678/6879/2397 1770/6925/2443 1580/6830/2348
f 1674/6877/2395 1580/6830/2348 1770/6925/2443
f 1680/6880/2398 1582/6831/2349 1772/6926/2444
f 1676/6878/2396 1772/6926/2444 1582/6831/2349
f 1682/6881/2399 1774/6927/2445 1584/6832/2350
f 1678/6879/2397 1584/6832/2350 1774/6927/2445
f 1684/6882/2400 1586/6833/2351 1776/6928/2446
f 1680/6880/2398 1776/6928/2446 1586/6833/2351
f 1686/6883/2401 1778/6929/2447 1588/6834/2352
f 1682/6881/2399 1588/6834/2352 1778/6929/2447
f 1590/6835/2353 1684/6882/2400 1688/6884/2402
f 1780/6930/2448 1688/6884/2402 1684/6882/2400
f 1690/6885/2403 1782/6931/2449 1592/6836/2354
f 1686/6883/2401 1592/6836/2354 1782/6931/2449
f 1688/6884/2402 1784/6932/2450 1594/6837/2355
f 1692/6886/2404 1594/6837/2355 1784/6932/2450
f 1690/6885/2403 1597/6838/2356 1786/6933/2451
f 1695/6887/2405 1786/6933/2451 1597/6838/2356
f 1692/6886/2404 1788/6934/2452 1647/6863/2381
f 1743/6911/2429 1647/6863/2381 1788/6934/2452
f 1793/6888/2453 1794/6935/2454 1795/6887/2455
f 1796/6936/2456 1795/6887/2455 1794/6935/2454
f 1598/6839/2357 1698/6889/2407 1696/6888/2406
f 1798/6937/2457 1696/6888/2406 1698/6889/2407
f 1800/6938/2458 1698/6889/2407 1700/6890/2408
f 1600/6840/2358 1700/6890/2408 1698/6889/2407
f 1802/6939/2459 1700/6890/2408 1702/6891/2409
f 1602/6841/2359 1702/6891/2409 1700/6890/2408
f 1804/6940/2460 1702/6891/2409 1704/6892/2410
f 1604/6842/2360 1704/6892/2410 1702/6891/2409
f 1806/6941/2461 1704/6892/2410 1706/6893/2411
f 1606/6843/2361 1706/6893/2411 1704/6892/2410
f 1808/6942/2462 1706/6893/2411 1708/6894/2412
f 1608/6844/2362 1708/6894/2412 1706/6893/2411
f 1610/6845/2363 1710/6895/2413 1708/6894/2412
f 1810/6943/2463 1708/6894/2412 1710/6895/2413
f 1612/6846/2364 1712/6896/2414 1710/6895/2413
f 1812/6944/2464 1710/6895/2413 1712/6896/2414
f 1614/6847/2365 1714/6897/2415 1712/6896/2414
f 1814/6945/2465 1712/6896/2414 1714/6897/2415
f 1714/6897/2415 1616/6848/2366 1816/6946/2466
f 1716/6898/2416 1816/6946/2466 1616/6848/2366
f 1716/6898/2416 1618/6849/2367 1818/6947/2467
f 1718/6899/2417 1818/6947/2467 1618/6849/2367
f 1722/6901/2419 1820/6948/2468 1626/6853/2371
f 1720/6900/2418 1626/6853/2371 1820/6948/2468
f 1724/6902/2420 1822/6949/2469 1628/6854/2372
f 1722/6901/2419 1628/6854/2372 1822/6949/2469
f 1630/6855/2373 1726/6903/2421 1724/6902/2420
f 1824/6950/2470 1724/6902/2420 1726/6903/2421
f 1632/6856/2374 1728/6904/2422 1726/6903/2421
f 1826/6951/2471 1726/6903/2421 1728/6904/2422
f 1634/6857/2375 1730/6905/2423 1728/6904/2422
f 1828/6952/2472 1728/6904/2422 1730/6905/2423
f 1636/6858/2376 1732/6906/2424 1730/6905/2423
f 1830/6953/2473 1730/6905/2423 1732/6906/2424
f 1638/6859/2377 1734/6907/2425 1732/6906/2424
f 1832/6954/2474 1732/6906/2424 1734/6907/2425
f 1640/6860/2378 1736/6908/2426 1734/6907/2425
f 1834/6955/2475 1734/6907/2425 1736/6908/2426
f 1642/6861/2379 1738/6909/2427 1736/6908/2426
f 1836/6956/2476 1736/6908/2426 1738/6909/2427
f 1644/6862/2380 1740/6910/2428 1738/6909/2427
f 1838/6957/2477 1738/6909/2427 1740/6910/2428
f 1648/6864/2382 1744/6912/2430 1740/6910/2428
f 1840/6958/2478 1740/6910/2428 1744/6912/2430
f 1743/6911/2429 1843/6959/2479 1744/6912/2430
f 1844/6960/2480 1744/6912/2430 1843/6959/2479
f 1820/6948/2468 1748/6914/2432 1720/6900/2418
f 1652/6866/2384 1720/6900/2418 1748/6914/2432
f 1818/6947/2467 1718/6899/2417 1746/6913/2431
f 1650/6865/2383 1746/6913/2431 1718/6899/2417
f 1750/6915/2433 1846/6961/2481 1654/6867/2385
f 1746/6913/2431 1654/6867/2385 1846/6961/2481
f 1748/6914/2432 1848/6962/2482 1656/6868/2386
f 1752/6916/2434 1656/6868/2386 1848/6962/2482
f 1754/6917/2435 1850/6963/2483 1658/6869/2387
f 1750/6915/2433 1658/6869/2387 1850/6963/2483
f 1752/6916/2434 1852/6964/2484 1660/6870/2388
f 1756/6918/2436 1660/6870/2388 1852/6964/2484
f 1854/6965/2485 1754/6917/2435 1758/6919/2437
f 1662/6871/2389 1758/6919/2437 1754/6917/2435
f 1756/6918/2436 1856/6966/2486 1664/6872/2390
f 1760/6920/2438 1664/6872/2390 1856/6966/2486
f 1762/6921/2439 1858/6967/2487 1666/6873/2391
f 1758/6919/2437 1666/6873/2391 1858/6967/2487
f 1668/6874/2392 1760/6920/2438 1764/6922/2440
f 1860/6968/2488 1764/6922/2440 1760/6920/2438
f 1766/6923/2441 1862/6969/2489 1670/6875/2393
f 1762/6921/2439 1670/6875/2393 1862/6969/2489
f 1672/6876/2394 1764/6922/2440 1768/6924/2442
f 1864/6970/2490 1768/6924/2442 1764/6922/2440
f 1770/6925/2443 1866/6971/2491 1674/6877/2395
f 1766/6923/2441 1674/6877/2395 1866/6971/2491
f 1676/6878/2396 1768/6924/2442 1772/6926/2444
f 1868/6972/2492 1772/6926/2444 1768/6924/2442
f 1774/6927/2445 1870/6973/2493 1678/6879/2397
f 1770/6925/2443 1678/6879/2397 1870/6973/2493
f 1680/6880/2398 1772/6926/2444 1776/6928/2446
f 1872/6974/2494 1776/6928/2446 1772/6926/2444
f 1778/6929/2447 1874/6975/2495 1682/6881/2399
f 1774/6927/2445 1682/6881/2399 1874/6975/2495
f 1684/6882/2400 1776/6928/2446 1780/6930/2448
f 1876/6976/2496 1780/6930/2448 1776/6928/2446
f 1782/6931/2449 1878/6977/2497 1686/6883/2401
f 1778/6929/2447 1686/6883/2401 1878/6977/2497
f 1688/6884/2402 1780/6930/2448 1784/6932/2450
f 1880/6978/2498 1784/6932/2450 1780/6930/2448
f 1786/6933/2451 1882/6979/2499 1690/6885/2403
f 1782/6931/2449 1690/6885/2403 1882/6979/2499
f 1784/6932/2450 1884/6980/2500 1692/6886/2404
f 1788/6934/2452 1692/6886/2404 1884/6980/2500
f 1795/6887/2455 1796/6936/2456 1887/6933/2501
f 1888/6981/2502 1887/6933/2501 1796/6936/2456
f 1788/6934/2452 1890/6982/2503 1743/6911/2429
f 1843/6959/2479 1743/6911/2429 1890/6982/2503
f 1794/6935/2454 1893/6983/2504 1796/6936/2456
f 1894/6984/2505 1796/6936/2456 1893/6983/2504
f 1897/6985/2506 1794/6935/2454 1898/6937/2507
f 1793/6888/2453 1898/6937/2507 1794/6935/2454
f 1698/6889/2407 1800/6938/2458 1798/6937/2457
f 1900/6986/2508 1798/6937/2457 1800/6938/2458
f 1902/6987/2509 1800/6938/2458 1802/6939/2459
f 1700/6890/2408 1802/6939/2459 1800/6938/2458
f 1904/6988/2510 1802/6939/2459 1804/6940/2460
f 1702/6891/2409 1804/6940/2460 1802/6939/2459
f 1906/6989/2511 1804/6940/2460 1806/6941/2461
f 1704/6892/2410 1806/6941/2461 1804/6940/2460
f 1908/6990/2512 1806/6941/2461 1808/6942/2462
f 1706/6893/2411 1808/6942/2462 1806/6941/2461
f 1708/6894/2412 1810/6943/2463 1808/6942/2462
f 1910/6991/2513 1808/6942/2462 1810/6943/2463
f 1710/6895/2413 1812/6944/2464 1810/6943/2463
f 1912/6992/2514 1810/6943/2463 1812/6944/2464
f 1812/6944/2464 1712/6896/2414 1914/6993/2515
f 1814/6945/2465 1914/6993/2515 1712/6896/2414
f 1814/6945/2465 1714/6897/2415 1916/6994/2516
f 1816/6946/2466 1916/6994/2516 1714/6897/2415
f 1816/6946/2466 1716/6898/2416 1918/6995/2517
f 1818/6947/2467 1918/6995/2517 1716/6898/2416
f 1822/6949/2469 1920/6996/2518 1722/6901/2419
f 1820/6948/2468 1722/6901/2419 1920/6996/2518
f 1824/6950/2470 1922/6997/2519 1724/6902/2420
f 1822/6949/2469 1724/6902/2420 1922/6997/2519
f 1726/6903/2421 1826/6951/2471 1824/6950/2470
f 1924/6998/2520 1824/6950/2470 1826/6951/2471
f 1728/6904/2422 1828/6952/2472 1826/6951/2471
f 1926/6999/2521 1826/6951/2471 1828/6952/2472
f 1730/6905/2423 1830/6953/2473 1828/6952/2472
f 1928/7000/2522 1828/6952/2472 1830/6953/2473
f 1732/6906/2424 1832/6954/2474 1830/6953/2473
f 1930/7001/2523 1830/6953/2473 1832/6954/2474
f 1734/6907/2425 1834/6955/2475 1832/6954/2474
f 1932/7002/2524 1832/6954/2474 1834/6955/2475
f 1836/6956/2476 1934/7003/2525 1736/6908/2426
f 1834/6955/2475 1736/6908/2426 1934/7003/2525
f 1738/6909/2427 1838/6957/2477 1836/6956/2476
f 1936/7004/2526 1836/6956/2476 1838/6957/2477
f 1740/6910/2428 1840/6958/2478 1838/6957/2477
f 1938/7005/2527 1838/6957/2477 1840/6958/2478
f 1744/6912/2430 1844/6960/2480 1840/6958/2478
f 1940/7006/2528 1840/6958/2478 1844/6960/2480
f 1843/6959/2479 1943/7007/2529 1844/6960/2480
f 1944/7008/2530 1844/6960/2480 1943/7007/2529
f 1920/6996/2518 1848/6962/2482 1820/6948/2468
f 1748/6914/2432 1820/6948/2468 1848/6962/2482
f 1918/6995/2517 1818/6947/2467 1846/6961/2481
f 1746/6913/2431 1846/6961/2481 1818/6947/2467
f 1850/6963/2483 1946/7009/2531 1750/6915/2433
f 1846/6961/2481 1750/6915/2433 1946/7009/2531
f 1848/6962/2482 1948/7010/2532 1752/6916/2434
f 1852/6964/2484 1752/6916/2434 1948/7010/2532
f 1854/6965/2485 1950/7011/2533 1754/6917/2435
f 1850/6963/2483 1754/6917/2435 1950/7011/2533
f 1852/6964/2484 1952/7012/2534 1756/6918/2436
f 1856/6966/2486 1756/6918/2436 1952/7012/2534
f 1858/6967/2487 1954/7013/2535 1758/6919/2437
f 1854/6965/2485 1758/6919/2437 1954/7013/2535
f 1856/6966/2486 1956/7014/2536 1760/6920/2438
f 1860/6968/2488 1760/6920/2438 1956/7014/2536
f 1862/6969/2489 1958/7015/2537 1762/6921/2439
f 1858/6967/2487 1762/6921/2439 1958/7015/2537
f 1764/6922/2440 1860/6968/2488 1864/6970/2490
f 1960/7016/2538 1864/6970/2490 1860/6968/2488
f 1866/6971/2491 1962/7017/2539 1766/6923/2441
f 1862/6969/2489 1766/6923/2441 1962/7017/2539
f 1768/6924/2442 1864/6970/2490 1868/6972/2492
f 1964/7018/2540 1868/6972/2492 1864/6970/2490
f 1870/6973/2493 1966/7019/2541 1770/6925/2443
f 1866/6971/2491 1770/6925/2443 1966/7019/2541
f 1772/6926/2444 1868/6972/2492 1872/6974/2494
f 1968/7020/2542 1872/6974/2494 1868/6972/2492
f 1874/6975/2495 1970/7021/2543 1774/6927/2445
f 1870/6973/2493 1774/6927/2445 1970/7021/2543
f 1776/6928/2446 1872/6974/2494 1876/6976/2496
f 1972/7022/2544 1876/6976/2496 1872/6974/2494
f 1878/6977/2497 1974/7023/2545 1778/6929/2447
f 1874/6975/2495 1778/6929/2447 1974/7023/2545
f 1780/6930/2448 1876/6976/2496 1880/6978/2498
f 1976/7024/2546 1880/6978/2498 1876/6976/2496
f 1882/6979/2499 1978/7025/2547 1782/6931/2449
f 1878/6977/2497 1782/6931/2449 1978/7025/2547
f 1784/6932/2450 1880/6978/2498 1884/6980/2500
f 1980/7026/2548 1884/6980/2500 1880/6978/2498
f 1887/6933/2501 1888/6981/2502 1983/6979/2549
f 1984/7027/2550 1983/6979/2549 1888/6981/2502
f 1884/6980/2500 1986/7028/2551 1788/6934/2452
f 1890/6982/2503 1788/6934/2452 1986/7028/2551
f 1796/6936/2456 1894/6984/2505 1888/6981/2502
f 1988/7029/2552 1888/6981/2502 1894/6984/2505
f 1890/6982/2503 1990/7030/2553 1843/6959/2479
f 1943/7007/2529 1843/6959/2479 1990/7030/2553
f 1893/6983/2504 1993/7031/2554 1894/6984/2505
f 1994/7032/2555 1894/6984/2505 1993/7031/2554
f 1996/7033/2556 1893/6983/2504 1897/6985/2506
f 1794/6935/2454 1897/6985/2506 1893/6983/2504
f 1999/7034/2557 1897/6985/2506 2000/6986/2558
f 1898/6937/2507 2000/6986/2558 1897/6985/2506
f 2002/7035/2559 1900/6986/2508 1902/6987/2509
f 1800/6938/2458 1902/6987/2509 1900/6986/2508
f 2004/7036/2560 1902/6987/2509 1904/6988/2510
f 1802/6939/2459 1904/6988/2510 1902/6987/2509
f 2006/7037/2561 1904/6988/2510 1906/6989/2511
f 1804/6940/2460 1906/6989/2511 1904/6988/2510
f 2008/7038/2562 1906/6989/2511 1908/6990/2512
f 1806/6941/2461 1908/6990/2512 1906/6989/2511
f 1808/6942/2462 1910/6991/2513 1908/6990/2512
f 2010/7039/2563 1908/6990/2512 1910/6991/2513
f 1810/6943/2463 1912/6992/2514 1910/6991/2513
f 2012/7040/2564 1910/6991/2513 1912/6992/2514
f 1912/6992/2514 1812/6944/2464 2014/7041/2565
f 1914/6993/2515 2014/7041/2565 1812/6944/2464
f 1914/6993/2515 1814/6945/2465 2016/7042/2566
f 1916/6994/2516 2016/7042/2566 1814/6945/2465
f 1916/6994/2516 1816/6946/2466 2018/7043/2567
f 1918/6995/2517 2018/7043/2567 1816/6946/2466
f 1922/6997/2519 2020/7044/2568 1822/6949/2469
f 1920/6996/2518 1822/6949/2469 2020/7044/2568
f 1924/6998/2520 2022/7045/2569 1824/6950/2470
f 1922/6997/2519 1824/6950/2470 2022/7045/2569
f 1826/6951/2471 1926/6999/2521 1924/6998/2520
f 2024/7046/2570 1924/6998/2520 1926/6999/2521
f 1828/6952/2472 1928/7000/2522 1926/6999/2521
f 2026/7047/2571 1926/6999/2521 1928/7000/2522
f 1830/6953/2473 1930/7001/2523 1928/7000/2522
f 2028/7048/2572 1928/7000/2522 1930/7001/2523
f 1932/7002/2524 2030/7049/2573 1832/6954/2474
f 1930/7001/2523 1832/6954/2474 2030/7049/2573
f 1934/7003/2525 2032/7050/2574 1834/6955/2475
f 1932/7002/2524 1834/6955/2475 2032/7050/2574
f 1936/7004/2526 2034/7051/2575 1836/6956/2476
f 1934/7003/2525 1836/6956/2476 2034/7051/2575
f 1938/7005/2527 2036/7052/2576 1838/6957/2477
f 1936/7004/2526 1838/6957/2477 2036/7052/2576
f 1840/6958/2478 1940/7006/2528 1938/7005/2527
f 2038/7053/2577 1938/7005/2527 1940/7006/2528
f 1844/6960/2480 1944/7008/2530 1940/7006/2528
f 2040/7054/2578 1940/7006/2528 1944/7008/2530
f 1943/7007/2529 2043/7055/2579 1944/7008/2530
f 2044/7056/2580 1944/7008/2530 2043/7055/2579
f 2020/7044/2568 1948/7010/2532 1920/6996/2518
f 1848/6962/2482 1920/6996/2518 1948/7010/2532
f 2018/7043/2567 1918/6995/2517 1946/7009/2531
f 1846/6961/2481 1946/7009/2531 1918/6995/2517
f 1950/7011/2533 2046/7057/2581 1850/6963/2483
f 1946/7009/2531 1850/6963/2483 2046/7057/2581
f 1948/7010/2532 2048/7058/2582 1852/6964/2484
f 1952/7012/2534 1852/6964/2484 2048/7058/2582
f 1954/7013/2535 2050/7059/2583 1854/6965/2485
f 1950/7011/2533 1854/6965/2485 2050/7059/2583
f 1952/7012/2534 2052/7060/2584 1856/6966/2486
f 1956/7014/2536 1856/6966/2486 2052/7060/2584
f 1958/7015/2537 2054/7061/2585 1858/6967/2487
f 1954/7013/2535 1858/6967/2487 2054/7061/2585
f 1956/7014/2536 2056/7062/2586 1860/6968/2488
f 1960/7016/2538 1860/6968/2488 2056/7062/2586
f 1962/7017/2539 2058/7063/2587 1862/6969/2489
f 1958/7015/2537 1862/6969/2489 2058/7063/2587
f 1864/6970/2490 1960/7016/2538 1964/7018/2540
f 2060/7064/2588 1964/7018/2540 1960/7016/2538
f 1966/7019/2541 2062/7065/2589 1866/6971/2491
f 1962/7017/2539 1866/6971/2491 2062/7065/2589
f 1868/6972/2492 1964/7018/2540 1968/7020/2542
f 2064/7066/2590 1968/7020/2542 1964/7018/2540
f 1970/7021/2543 2066/7067/2591 1870/6973/2493
f 1966/7019/2541 1870/6973/2493 2066/7067/2591
f 1872/6974/2494 1968/7020/2542 1972/7022/2544
f 2068/7068/2592 1972/7022/2544 1968/7020/2542
f 1874/6975/2495 1974/7023/2545 1970/7021/2543
f 2070/7069/2593 1970/7021/2543 1974/7023/2545
f 1876/6976/2496 1972/7022/2544 1976/7024/2546
f 2072/7070/2594 1976/7024/2546 1972/7022/2544
f 1878/6977/2497 1978/7025/2547 1974/7023/2545
f 2074/7071/2595 1974/7023/2545 1978/7025/2547
f 1880/6978/2498 1976/7024/2546 1980/7026/2548
f 2076/7072/2596 1980/7026/2548 1976/7024/2546
f 1984/7027/2550 2079/7073/2597 1983/6979/2549
f 2080/7025/2598 1983/6979/2549 2079/7073/2597
f 1884/6980/2500 1980/7026/2548 1986/7028/2551
f 2082/7074/2599 1986/7028/2551 1980/7026/2548
f 1988/7029/2552 2084/7075/2600 1888/6981/2502
f 1984/7027/2550 1888/6981/2502 2084/7075/2600
f 1986/7028/2551 2086/7076/2601 1890/6982/2503
f 1990/7030/2553 1890/6982/2503 2086/7076/2601
f 1894/6984/2505 1994/7032/2555 1988/7029/2552
f 2088/7077/2602 1988/7029/2552 1994/7032/2555
f 1990/7030/2553 2090/7078/2603 1943/7007/2529
f 2043/7055/2579 1943/7007/2529 2090/7078/2603
f 1993/7031/2554 2093/7079/2604 1994/7032/2555
f 2094/7080/2605 1994/7032/2555 2093/7079/2604
f 2096/7081/2606 1993/7031/2554 1996/7033/2556
f 1893/6983/2504 1996/7033/2556 1993/7031/2554
f 2098/7082/2607 1996/7033/2556 1999/7034/2557
f 1897/6985/2506 1999/7034/2557 1996/7033/2556
f 2101/7083/2608 1999/7034/2557 2102/7035/2609
f 2000/6986/2558 2102/7035/2609 1999/7034/2557
f 2104/7084/2610 2002/7035/2559 2004/7036/2560
f 1902/6987/2509 2004/7036/2560 2002/7035/2559
f 2106/7085/2611 2004/7036/2560 2006/7037/2561
f 1904/6988/2510 2006/7037/2561 2004/7036/2560
f 2108/7086/2612 2006/7037/2561 2008/7038/2562
f 1906/6989/2511 2008/7038/2562 2006/7037/2561
f 1908/6990/2512 2010/7039/2563 2008/7038/2562
f 2110/7087/2613 2008/7038/2562 2010/7039/2563
f 1910/6991/2513 2012/7040/2564 2010/7039/2563
f 2112/7088/2614 2010/7039/2563 2012/7040/2564
f 2012/7040/2564 1912/6992/2514 2114/7089/2615
f 2014/7041/2565 2114/7089/2615 1912/6992/2514
f 2014/7041/2565 1914/6993/2515 2116/7090/2616
f 2016/7042/2566 2116/7090/2616 1914/6993/2515
f 2016/7042/2566 1916/6994/2516 2118/7091/2617
f 2018/7043/2567 2118/7091/2617 1916/6994/2516
f 2022/7045/2569 2120/7092/2618 1922/6997/2519
f 2020/7044/2568 1922/6997/2519 2120/7092/2618
f 2024/7046/2570 2122/7093/2619 1924/6998/2520
f 2022/7045/2569 1924/6998/2520 2122/7093/2619
f 1926/6999/2521 2026/7047/2571 2024/7046/2570
f 2124/7094/2620 2024/7046/2570 2026/7047/2571
f 1928/7000/2522 2028/7048/2572 2026/7047/2571
f 2126/7095/2621 2026/7047/2571 2028/7048/2572
f 2030/7049/2573 2128/7096/2622 1930/7001/2523
f 2028/7048/2572 1930/7001/2523 2128/7096/2622
f 2032/7050/2574 2130/7097/2623 1932/7002/2524
f 2030/7049/2573 1932/7002/2524 2130/7097/2623
f 2034/7051/2575 2132/7098/2624 1934/7003/2525
f 2032/7050/2574 1934/7003/2525 2132/7098/2624
f 2036/7052/2576 2134/7099/2625 1936/7004/2526
f 2034/7051/2575 1936/7004/2526 2134/7099/2625
f 1938/7005/2527 2038/7053/2577 2036/7052/2576
f 2136/7100/2626 2036/7052/2576 2038/7053/2577
f 1940/7006/2528 2040/7054/2578 2038/7053/2577
f 2138/7101/2627 2038/7053/2577 2040/7054/2578
f 1944/7008/2530 2044/7056/2580 2040/7054/2578
f 2140/7102/2628 2040/7054/2578 2044/7056/2580
f 2043/7055/2579 2143/7103/2629 2044/7056/2580
f 2144/7104/2630 2044/7056/2580 2143/7103/2629
f 2120/7092/2618 2048/7058/2582 2020/7044/2568
f 1948/7010/2532 2020/7044/2568 2048/7058/2582
f 2118/7091/2617 2018/7043/2567 2046/7057/2581
f 1946/7009/2531 2046/7057/2581 2018/7043/2567
f 2050/7059/2583 2146/7105/2631 1950/7011/2533
f 2046/7057/2581 1950/7011/2533 2146/7105/2631
f 2048/7058/2582 2148/7106/2632 1952/7012/2534
f 2052/7060/2584 1952/7012/2534 2148/7106/2632
f 2054/7061/2585 2150/7107/2633 1954/7013/2535
f 2050/7059/2583 1954/7013/2535 2150/7107/2633
f 2052/7060/2584 2152/7108/2634 1956/7014/2536
f 2056/7062/2586 1956/7014/2536 2152/7108/2634
f 2058/7063/2587 2154/7109/2635 1958/7015/2537
f 2054/7061/2585 1958/7015/2537 2154/7109/2635
f 2056/7062/2586 2156/7110/2636 1960/7016/2538
f 2060/7064/2588 1960/7016/2538 2156/7110/2636
f 2062/7065/2589 2158/7111/2637 1962/7017/2539
f 2058/7063/2587 1962/7017/2539 2158/7111/2637
f 1964/7018/2540 2060/7064/2588 2064/7066/2590
f 2160/7112/2638 2064/7066/2590 2060/7064/2588
f 2066/7067/2591 2162/7113/2639 1966/7019/2541
f 2062/7065/2589 1966/7019/2541 2162/7113/2639
f 1968/7020/2542 2064/7066/2590 2068/7068/2592
f 2164/7114/2640 2068/7068/2592 2064/7066/2590
f 1970/7021/2543 2070/7069/2593 2066/7067/2591
f 2166/7115/2641 2066/7067/2591 2070/7069/2593
f 1972/7022/2544 2068/7068/2592 2072/7070/2594
f 2168/7116/2642 2072/7070/2594 2068/7068/2592
f 1974/7023/2545 2074/7071/2595 2070/7069/2593
f 2170/7117/2643 2070/7069/2593 2074/7071/2595
f 1976/7024/2546 2072/7070/2594 2076/7072/2596
f 2172/7118/2644 2076/7072/2596 2072/7070/2594
f 2079/7073/2597 2175/7119/2645 2080/7025/2598
f 2176/7071/2646 2080/7025/2598 2175/7119/2645
f 1980/7026/2548 2076/7072/2596 2082/7074/2599
f 2178/7120/2647 2082/7074/2599 2076/7072/2596
f 2084/7075/2600 2180/7121/2648 1984/7027/2550
f 2079/7073/2597 1984/7027/2550 2180/7121/2648
f 1986/7028/2551 2082/7074/2599 2086/7076/2601
f 2182/7122/2649 2086/7076/2601 2082/7074/2599
f 1988/7029/2552 2088/7077/2602 2084/7075/2600
f 2184/7123/2650 2084/7075/2600 2088/7077/2602
f 2086/7076/2601 2186/7124/2651 1990/7030/2553
f 2090/7078/2603 1990/7030/2553 2186/7124/2651
f 1994/7032/2555 2094/7080/2605 2088/7077/2602
f 2188/7125/2652 2088/7077/2602 2094/7080/2605
f 2090/7078/2603 2190/7126/2653 2043/7055/2579
f 2143/7103/2629 2043/7055/2579 2190/7126/2653
f 2093/7079/2604 2193/7127/2654 2094/7080/2605
f 2194/7128/2655 2094/7080/2605 2193/7127/2654
f 2196/7129/2656 2093/7079/2604 2096/7081/2606
f 1993/7031/2554 2096/7081/2606 2093/7079/2604
f 2198/7130/2657 2096/7081/2606 2098/7082/2607
f 1996/7033/2556 2098/7082/2607 2096/7081/2606
f 2200/7131/2658 2098/7082/2607 2101/7083/2608
f 1999/7034/2557 2101/7083/2608 2098/7082/2607
f 2203/7132/2659 2101/7083/2608 2204/7084/2660
f 2102/7035/2609 2204/7084/2660 2101/7083/2608
f 2104/7084/2610 2004/7036/2560 2206/7133/2661
f 2106/7085/2611 2206/7133/2661 2004/7036/2560
f 2106/7085/2611 2006/7037/2561 2208/7134/2662
f 2108/7086/2612 2208/7134/2662 2006/7037/2561
f 2008/7038/2562 2110/7087/2613 2108/7086/2612
f 2210/7135/2663 2108/7086/2612 2110/7087/2613
f 2010/7039/2563 2112/7088/2614 2110/7087/2613
f 2212/7136/2664 2110/7087/2613 2112/7088/2614
f 2012/7040/2564 2114/7089/2615 2112/7088/2614
f 2214/7137/2665 2112/7088/2614 2114/7089/2615
f 2114/7089/2615 2014/7041/2565 2216/7138/2666
f 2116/7090/2616 2216/7138/2666 2014/7041/2565
f 2116/7090/2616 2016/7042/2566 2218/7139/2667
f 2118/7091/2617 2218/7139/2667 2016/7042/2566
f 2122/7093/2619 2220/7140/2668 2022/7045/2569
f 2120/7092/2618 2022/7045/2569 2220/7140/2668
f 2124/7094/2620 2222/7141/2669 2024/7046/2570
f 2122/7093/2619 2024/7046/2570 2222/7141/2669
f 2026/7047/2571 2126/7095/2621 2124/7094/2620
f 2224/7142/2670 2124/7094/2620 2126/7095/2621
f 2028/7048/2572 2128/7096/2622 2126/7095/2621
f 2226/7143/2671 2126/7095/2621 2128/7096/2622
f 2130/7097/2623 2228/7144/2672 2030/7049/2573
f 2128/7096/2622 2030/7049/2573 2228/7144/2672
f 2132/7098/2624 2230/7145/2673 2032/7050/2574
f 2130/7097/2623 2032/7050/2574 2230/7145/2673
f 2134/7099/2625 2232/7146/2674 2034/7051/2575
f 2132/7098/2624 2034/7051/2575 2232/7146/2674
f 2136/7100/2626 2234/7147/2675 2036/7052/2576
f 2134/7099/2625 2036/7052/2576 2234/7147/2675
f 2038/7053/2577 2138/7101/2627 2136/7100/2626
f 2236/7148/2676 2136/7100/2626 2138/7101/2627
f 2040/7054/2578 2140/7102/2628 2138/7101/2627
f 2238/7149/2677 2138/7101/2627 2140/7102/2628
f 2044/7056/2580 2144/7104/2630 2140/7102/2628
f 2240/7150/2678 2140/7102/2628 2144/7104/2630
f 2143/7103/2629 2243/7151/2679 2144/7104/2630
f 2244/7152/2680 2144/7104/2630 2243/7151/2679
f 2220/7140/2668 2148/7106/2632 2120/7092/2618
f 2048/7058/2582 2120/7092/2618 2148/7106/2632
f 2218/7139/2667 2118/7091/2617 2146/7105/2631
f 2046/7057/2581 2146/7105/2631 2118/7091/2617
f 2150/7107/2633 2246/7153/2681 2050/7059/2583
f 2146/7105/2631 2050/7059/2583 2246/7153/2681
f 2148/7106/2632 2248/7154/2682 2052/7060/2584
f 2152/7108/2634 2052/7060/2584 2248/7154/2682
f 2154/7109/2635 2250/7155/2683 2054/7061/2585
f 2150/7107/2633 2054/7061/2585 2250/7155/2683
f 2152/7108/2634 2252/7156/2684 2056/7062/2586
f 2156/7110/2636 2056/7062/2586 2252/7156/2684
f 2158/7111/2637 2254/7157/2685 2058/7063/2587
f 2154/7109/2635 2058/7063/2587 2254/7157/2685
f 2156/7110/2636 2256/7158/2686 2060/7064/2588
f 2160/7112/2638 2060/7064/2588 2256/7158/2686
f 2162/7113/2639 2258/7159/2687 2062/7065/2589
f 2158/7111/2637 2062/7065/2589 2258/7159/2687
f 2164/7114/2640 2064/7066/2590 2260/7160/2688
f 2160/7112/2638 2260/7160/2688 2064/7066/2590
f 2166/7115/2641 2262/7161/2689 2066/7067/2591
f 2162/7113/2639 2066/7067/2591 2262/7161/2689
f 2068/7068/2592 2164/7114/2640 2168/7116/2642
f 2264/7162/2690 2168/7116/2642 2164/7114/2640
f 2070/7069/2593 2170/7117/2643 2166/7115/2641
f 2266/7163/2691 2166/7115/2641 2170/7117/2643
f 2072/7070/2594 2168/7116/2642 2172/7118/2644
f 2268/7164/2692 2172/7118/2644 2168/7116/2642
f 2175/7119/2645 2271/7165/2693 2176/7071/2646
f 2272/7117/2694 2176/7071/2646 2271/7165/2693
f 2076/7072/2596 2172/7118/2644 2178/7120/2647
f 2274/7166/2695 2178/7120/2647 2172/7118/2644
f 2180/7121/2648 2276/7167/2696 2079/7073/2597
f 2175/7119/2645 2079/7073/2597 2276/7167/2696
f 2082/7074/2599 2178/7120/2647 2182/7122/2649
f 2278/7168/2697 2182/7122/2649 2178/7120/2647
f 2184/7123/2650 2280/7169/2698 2084/7075/2600
f 2180/7121/2648 2084/7075/2600 2280/7169/2698
f 2086/7076/2601 2182/7122/2649 2186/7124/2651
f 2282/7170/2699 2186/7124/2651 2182/7122/2649
f 2088/7077/2602 2188/7125/2652 2184/7123/2650
f 2284/7171/2700 2184/7123/2650 2188/7125/2652
f 2186/7124/2651 2286/7172/2701 2090/7078/2603
f 2190/7126/2653 2090/7078/2603 2286/7172/2701
f 2094/7080/2605 2194/7128/2655 2188/7125/2652
f 2288/7173/2702 2188/7125/2652 2194/7128/2655
f 2190/7126/2653 2290/7174/2703 2143/7103/2629
f 2243/7151/2679 2143/7103/2629 2290/7174/2703
f 2193/7127/2654 2293/7175/2704 2194/7128/2655
f 2294/7176/2705 2194/7128/2655 2293/7175/2704
f 2296/7177/2706 2193/7127/2654 2196/7129/2656
f 2093/7079/2604 2196/7129/2656 2193/7127/2654
f 2298/7178/2707 2196/7129/2656 2198/7130/2657
f 2096/7081/2606 2198/7130/2657 2196/7129/2656
f 2300/7179/2708 2198/7130/2657 2200/7131/2658
f 2098/7082/2607 2200/7131/2658 2198/7130/2657
f 2302/7180/2709 2200/7131/2658 2203/7132/2659
f 2101/7083/2608 2203/7132/2659 2200/7131/2658
f 2305/7181/2710 2203/7132/2659 2306/7133/2711
f 2204/7084/2660 2306/7133/2711 2203/7132/2659
f 2206/7133/2661 2106/7085/2611 2308/7182/2712
f 2208/7134/2662 2308/7182/2712 2106/7085/2611
f 2208/7134/2662 2108/7086/2612 2310/7183/2713
f 2210/7135/2663 2310/7183/2713 2108/7086/2612
f 2110/7087/2613 2212/7136/2664 2210/7135/2663
f 2312/7184/2714 2210/7135/2663 2212/7136/2664
f 2212/7136/2664 2112/7088/2614 2314/7185/2715
f 2214/7137/2665 2314/7185/2715 2112/7088/2614
f 2214/7137/2665 2114/7089/2615 2316/7186/2716
f 2216/7138/2666 2316/7186/2716 2114/7089/2615
f 2216/7138/2666 2116/7090/2616 2318/7187/2717
f 2218/7139/2667 2318/7187/2717 2116/7090/2616
f 2222/7141/2669 2320/7188/2718 2122/7093/2619
f 2220/7140/2668 2122/7093/2619 2320/7188/2718
f 2224/7142/2670 2322/7189/2719 2124/7094/2620
f 2222/7141/2669 2124/7094/2620 2322/7189/2719
f 2126/7095/2621 2226/7143/2671 2224/7142/2670
f 2324/7190/2720 2224/7142/2670 2226/7143/2671
f 2228/7144/2672 2326/7191/2721 2128/7096/2622
f 2226/7143/2671 2128/7096/2622 2326/7191/2721
f 2230/7145/2673 2328/7192/2722 2130/7097/2623
f 2228/7144/2672 2130/7097/2623 2328/7192/2722
f 2232/7146/2674 2330/7193/2723 2132/7098/2624
f 2230/7145/2673 2132/7098/2624 2330/7193/2723
f 2234/7147/2675 2332/7194/2724 2134/7099/2625
f 2232/7146/2674 2134/7099/2625 2332/7194/2724
f 2236/7148/2676 2334/7195/2725 2136/7100/2626
f 2234/7147/2675 2136/7100/2626 2334/7195/2725
f 2138/7101/2627 2238/7149/2677 2236/7148/2676
f 2336/7196/2726 2236/7148/2676 2238/7149/2677
f 2140/7102/2628 2240/7150/2678 2238/7149/2677
f 2338/7197/2727 2238/7149/2677 2240/7150/2678
f 2144/7104/2630 2244/7152/2680 2240/7150/2678
f 2340/7198/2728 2240/7150/2678 2244/7152/2680
f 2365/7199/1470 2366/7200/1470 2367/7174/1470
f 2366/7200/1470 2368/7201/1470 2367/7174/1470
f 2367/7174/1470 2368/7201/1470 2369/7151/1470
f 2369/7151/1470 2368/7201/1470 2370/7152/1470
f 2368/7201/1470 2371/7202/1470 2370/7152/1470
f 2370/7152/1470 2371/7202/1470 2372/7198/1470
f 2371/7202/1470 2373/7203/1470 2372/7198/1470
f 2373/7203/1470 2374/7204/1470 2372/7198/1470
f 2372/7198/1470 2374/7204/1470 2375/7205/1470
f 2375/7205/1470 2374/7204/1470 2376/7206/1470
f 2374/7204/1470 2377/7207/1470 2376/7206/1470
f 2376/7206/1470 2377/7207/1470 2378/7208/1470
f 2377/7207/1470 2379/7209/1470 2378/7208/1470
f 2378/7208/1470 2379/7209/1470 2380/7210/1470
f 2379/7209/1470 2381/7211/1470 2380/7210/1470
f 2380/7210/1470 2381/7211/1470 2382/7212/1470
f 2381/7211/1470 2383/7213/1470 2382/7212/1470
f 2383/7213/1470 2384/7214/1470 2382/7212/1470
f 2382/7212/1470 2384/7214/1470 2385/7215/1470
f 2385/7215/1470 2384/7214/1470 2386/7216/1470
f 2384/7214/1470 2387/7217/1470 2386/7216/1470
f 2388/7218/1470 2386/7216/1470 2387/7217/1470
f 2320/7188/2718 2248/7154/2682 2220/7140/2668
f 2148/7106/2632 2220/7140/2668 2248/7154/2682
f 2318/7187/2717 2218/7139/2667 2246/7153/2681
f 2146/7105/2631 2246/7153/2681 2218/7139/2667
f 2250/7155/2683 2390/7219/2729 2150/7107/2633
f 2246/7153/2681 2150/7107/2633 2390/7219/2729
f 2248/7154/2682 2392/7220/2730 2152/7108/2634
f 2252/7156/2684 2152/7108/2634 2392/7220/2730
f 2254/7157/2685 2394/7221/2731 2154/7109/2635
f 2250/7155/2683 2154/7109/2635 2394/7221/2731
f 2252/7156/2684 2396/7222/2732 2156/7110/2636
f 2256/7158/2686 2156/7110/2636 2396/7222/2732
f 2258/7159/2687 2398/7223/2733 2158/7111/2637
f 2254/7157/2685 2158/7111/2637 2398/7223/2733
f 2260/7160/2688 2160/7112/2638 2400/7224/2734
f 2256/7158/2686 2400/7224/2734 2160/7112/2638
f 2262/7161/2689 2402/7225/2735 2162/7113/2639
f 2258/7159/2687 2162/7113/2639 2402/7225/2735
f 2264/7162/2690 2164/7114/2640 2404/7226/2736
f 2260/7160/2688 2404/7226/2736 2164/7114/2640
f 2166/7115/2641 2266/7163/2691 2262/7161/2689
f 2406/7227/2737 2262/7161/2689 2266/7163/2691
f 2168/7116/2642 2264/7162/2690 2268/7164/2692
f 2408/7228/2738 2268/7164/2692 2264/7162/2690
f 2271/7165/2693 2411/7229/2739 2272/7117/2694
f 2412/7163/2740 2272/7117/2694 2411/7229/2739
f 2172/7118/2644 2268/7164/2692 2274/7166/2695
f 2414/7230/2741 2274/7166/2695 2268/7164/2692
f 2276/7167/2696 2416/7231/2742 2175/7119/2645
f 2271/7165/2693 2175/7119/2645 2416/7231/2742
f 2178/7120/2647 2274/7166/2695 2278/7168/2697
f 2418/7232/2743 2278/7168/2697 2274/7166/2695
f 2280/7169/2698 2420/7233/2744 2180/7121/2648
f 2276/7167/2696 2180/7121/2648 2420/7233/2744
f 2182/7122/2649 2278/7168/2697 2282/7170/2699
f 2422/7234/2745 2282/7170/2699 2278/7168/2697
f 2284/7171/2700 2424/7235/2746 2184/7123/2650
f 2280/7169/2698 2184/7123/2650 2424/7235/2746
f 2186/7124/2651 2282/7170/2699 2286/7172/2701
f 2426/7236/2747 2286/7172/2701 2282/7170/2699
f 2188/7125/2652 2288/7173/2702 2284/7171/2700
f 2428/7237/2748 2284/7171/2700 2288/7173/2702
f 2286/7172/2701 2430/7199/2749 2190/7126/2653
f 2290/7174/2703 2190/7126/2653 2430/7199/2749
f 2194/7128/2655 2294/7176/2705 2288/7173/2702
f 2432/7238/2750 2288/7173/2702 2294/7176/2705
f 2293/7175/2704 2435/7239/2751 2294/7176/2705
f 2436/7240/2752 2294/7176/2705 2435/7239/2751
f 2438/7241/2753 2293/7175/2704 2296/7177/2706
f 2193/7127/2654 2296/7177/2706 2293/7175/2704
f 2440/7242/2754 2296/7177/2706 2298/7178/2707
f 2196/7129/2656 2298/7178/2707 2296/7177/2706
f 2442/7243/2755 2298/7178/2707 2300/7179/2708
f 2198/7130/2657 2300/7179/2708 2298/7178/2707
f 2444/7244/2756 2300/7179/2708 2302/7180/2709
f 2200/7131/2658 2302/7180/2709 2300/7179/2708
f 2446/7245/2757 2302/7180/2709 2305/7181/2710
f 2203/7132/2659 2305/7181/2710 2302/7180/2709
f 2449/7246/2758 2305/7181/2710 2450/7182/2759
f 2306/7133/2711 2450/7182/2759 2305/7181/2710
f 2308/7182/2712 2208/7134/2662 2452/7247/2760
f 2310/7183/2713 2452/7247/2760 2208/7134/2662
f 2210/7135/2663 2312/7184/2714 2310/7183/2713
f 2454/7248/2761 2310/7183/2713 2312/7184/2714
f 2312/7184/2714 2212/7136/2664 2456/7249/2762
f 2314/7185/2715 2456/7249/2762 2212/7136/2664
f 2314/7185/2715 2214/7137/2665 2458/7250/2763
f 2316/7186/2716 2458/7250/2763 2214/7137/2665
f 2316/7186/2716 2216/7138/2666 2460/7251/2764
f 2318/7187/2717 2460/7251/2764 2216/7138/2666
f 2322/7189/2719 2462/7252/2765 2222/7141/2669
f 2320/7188/2718 2222/7141/2669 2462/7252/2765
f 2324/7190/2720 2464/7253/2766 2224/7142/2670
f 2322/7189/2719 2224/7142/2670 2464/7253/2766
f 2326/7191/2721 2466/7254/2767 2226/7143/2671
f 2324/7190/2720 2226/7143/2671 2466/7254/2767
f 2328/7192/2722 2468/7255/2768 2228/7144/2672
f 2326/7191/2721 2228/7144/2672 2468/7255/2768
f 2330/7193/2723 2470/7256/2769 2230/7145/2673
f 2328/7192/2722 2230/7145/2673 2470/7256/2769
f 2332/7194/2724 2472/7257/2770 2232/7146/2674
f 2330/7193/2723 2232/7146/2674 2472/7257/2770
f 2334/7195/2725 2474/7258/2771 2234/7147/2675
f 2332/7194/2724 2234/7147/2675 2474/7258/2771
f 2336/7196/2726 2476/7259/2772 2236/7148/2676
f 2334/7195/2725 2236/7148/2676 2476/7259/2772
f 2238/7149/2677 2338/7197/2727 2336/7196/2726
f 2478/7260/2773 2336/7196/2726 2338/7197/2727
f 2240/7150/2678 2340/7198/2728 2338/7197/2727
f 2480/7205/2774 2338/7197/2727 2340/7198/2728
f 2485/7212/2775 2486/7215/2776 2487/7261/2777
f 2488/7262/2778 2487/7261/2777 2486/7215/2776
f 2486/7215/2776 2491/7216/2779 2488/7262/2778
f 2492/7263/2780 2488/7262/2778 2491/7216/2779
f 2491/7216/2779 2495/7218/2781 2492/7263/2780
f 2496/7264/2782 2492/7263/2780 2495/7218/2781
f 2499/7217/2783 2500/7265/2784 2495/7218/2781
f 2496/7264/2782 2495/7218/2781 2500/7265/2784
f 2503/7214/2785 2504/7266/2786 2499/7217/2783
f 2500/7265/2784 2499/7217/2783 2504/7266/2786
f 2507/7213/2787 2508/7267/2788 2503/7214/2785
f 2504/7266/2786 2503/7214/2785 2508/7267/2788
f 2511/7211/2789 2512/7268/2790 2507/7213/2787
f 2508/7267/2788 2507/7213/2787 2512/7268/2790
f 2515/7209/2791 2516/7269/2792 2511/7211/2789
f 2512/7268/2790 2511/7211/2789 2516/7269/2792
f 2519/7207/2793 2520/7270/2794 2515/7209/2791
f 2516/7269/2792 2515/7209/2791 2520/7270/2794
f 2523/7271/2795 2520/7270/2794 2524/7204/2796
f 2519/7207/2793 2524/7204/2796 2520/7270/2794
f 2527/7272/2797 2523/7271/2795 2528/7203/2798
f 2524/7204/2796 2528/7203/2798 2523/7271/2795
f 2531/7273/2799 2527/7272/2797 2532/7202/2800
f 2528/7203/2798 2532/7202/2800 2527/7272/2797
f 2535/7274/2801 2531/7273/2799 2536/7201/2802
f 2532/7202/2800 2536/7201/2802 2531/7273/2799
f 2426/7236/2747 2535/7274/2801 2538/7200/2803
f 2536/7201/2802 2538/7200/2803 2535/7274/2801
f 2286/7172/2701 2426/7236/2747 2430/7199/2749
f 2538/7200/2803 2430/7199/2749 2426/7236/2747
f 2480/7205/2774 2540/7206/2804 2338/7197/2727
f 2478/7260/2773 2338/7197/2727 2540/7206/2804
f 2540/7206/2804 2543/7208/2805 2478/7260/2773
f 2544/7275/2806 2478/7260/2773 2543/7208/2805
f 2543/7208/2805 2547/7210/2807 2544/7275/2806
f 2548/7276/2808 2544/7275/2806 2547/7210/2807
f 2547/7210/2807 2485/7212/2775 2548/7276/2808
f 2487/7261/2777 2548/7276/2808 2485/7212/2775
f 2462/7252/2765 2392/7220/2730 2320/7188/2718
f 2248/7154/2682 2320/7188/2718 2392/7220/2730
f 2460/7251/2764 2318/7187/2717 2390/7219/2729
f 2246/7153/2681 2390/7219/2729 2318/7187/2717
f 2394/7221/2731 2550/7277/2809 2250/7155/2683
f 2390/7219/2729 2250/7155/2683 2550/7277/2809
f 2396/7222/2732 2252/7156/2684 2552/7278/2810
f 2392/7220/2730 2552/7278/2810 2252/7156/2684
f 2398/7223/2733 2554/7279/2811 2254/7157/2685
f 2394/7221/2731 2254/7157/2685 2554/7279/2811
f 2400/7224/2734 2256/7158/2686 2556/7280/2812
f 2396/7222/2732 2556/7280/2812 2256/7158/2686
f 2402/7225/2735 2558/7281/2813 2258/7159/2687
f 2398/7223/2733 2258/7159/2687 2558/7281/2813
f 2404/7226/2736 2260/7160/2688 2560/7282/2814
f 2400/7224/2734 2560/7282/2814 2260/7160/2688
f 2406/7227/2737 2562/7283/2815 2262/7161/2689
f 2402/7225/2735 2262/7161/2689 2562/7283/2815
f 2408/7228/2738 2264/7162/2690 2564/7284/2816
f 2404/7226/2736 2564/7284/2816 2264/7162/2690
f 2411/7229/2739 2567/7285/2817 2412/7163/2740
f 2568/7227/2818 2412/7163/2740 2567/7285/2817
f 2268/7164/2692 2408/7228/2738 2414/7230/2741
f 2570/7286/2819 2414/7230/2741 2408/7228/2738
f 2416/7231/2742 2572/7287/2820 2271/7165/2693
f 2411/7229/2739 2271/7165/2693 2572/7287/2820
f 2274/7166/2695 2414/7230/2741 2418/7232/2743
f 2574/7288/2821 2418/7232/2743 2414/7230/2741
f 2420/7233/2744 2576/7289/2822 2276/7167/2696
f 2416/7231/2742 2276/7167/2696 2576/7289/2822
f 2278/7168/2697 2418/7232/2743 2422/7234/2745
f 2578/7290/2823 2422/7234/2745 2418/7232/2743
f 2424/7235/2746 2580/7291/2824 2280/7169/2698
f 2420/7233/2744 2280/7169/2698 2580/7291/2824
f 2282/7170/2699 2422/7234/2745 2426/7236/2747
f 2535/7274/2801 2426/7236/2747 2422/7234/2745
f 2428/7237/2748 2582/7292/2825 2284/7171/2700
f 2424/7235/2746 2284/7171/2700 2582/7292/2825
f 2288/7173/2702 2432/7238/2750 2428/7237/2748
f 2584/7293/2826 2428/7237/2748 2432/7238/2750
f 2294/7176/2705 2436/7240/2752 2432/7238/2750
f 2586/7294/2827 2432/7238/2750 2436/7240/2752
f 2435/7239/2751 2589/7295/2828 2436/7240/2752
f 2590/7296/2829 2436/7240/2752 2589/7295/2828
f 2592/7297/2830 2435/7239/2751 2438/7241/2753
f 2293/7175/2704 2438/7241/2753 2435/7239/2751
f 2594/7298/2831 2438/7241/2753 2440/7242/2754
f 2296/7177/2706 2440/7242/2754 2438/7241/2753
f 2596/7299/2832 2440/7242/2754 2442/7243/2755
f 2298/7178/2707 2442/7243/2755 2440/7242/2754
f 2598/7300/2833 2442/7243/2755 2444/7244/2756
f 2300/7179/2708 2444/7244/2756 2442/7243/2755
f 2600/7301/2834 2444/7244/2756 2446/7245/2757
f 2302/7180/2709 2446/7245/2757 2444/7244/2756
f 2602/7302/2835 2446/7245/2757 2449/7246/2758
f 2305/7181/2710 2449/7246/2758 2446/7245/2757
f 2450/7182/2759 2605/7247/2836 2449/7246/2758
f 2606/7303/2837 2449/7246/2758 2605/7247/2836
f 2452/7247/2760 2310/7183/2713 2608/7304/2838
f 2454/7248/2761 2608/7304/2838 2310/7183/2713
f 2454/7248/2761 2312/7184/2714 2610/7305/2839
f 2456/7249/2762 2610/7305/2839 2312/7184/2714
f 2456/7249/2762 2314/7185/2715 2612/7306/2840
f 2458/7250/2763 2612/7306/2840 2314/7185/2715
f 2458/7250/2763 2316/7186/2716 2614/7307/2841
f 2460/7251/2764 2614/7307/2841 2316/7186/2716
f 2464/7253/2766 2616/7308/2842 2322/7189/2719
f 2462/7252/2765 2322/7189/2719 2616/7308/2842
f 2618/7309/2843 2464/7253/2766 2466/7254/2767
f 2324/7190/2720 2466/7254/2767 2464/7253/2766
f 2468/7255/2768 2620/7310/2844 2326/7191/2721
f 2466/7254/2767 2326/7191/2721 2620/7310/2844
f 2470/7256/2769 2622/7311/2845 2328/7192/2722
f 2468/7255/2768 2328/7192/2722 2622/7311/2845
f 2472/7257/2770 2624/7312/2846 2330/7193/2723
f 2470/7256/2769 2330/7193/2723 2624/7312/2846
f 2474/7258/2771 2626/7313/2847 2332/7194/2724
f 2472/7257/2770 2332/7194/2724 2626/7313/2847
f 2476/7259/2772 2628/7314/2848 2334/7195/2725
f 2474/7258/2771 2334/7195/2725 2628/7314/2848
f 2478/7260/2773 2544/7275/2806 2336/7196/2726
f 2476/7259/2772 2336/7196/2726 2544/7275/2806
f 2487/7261/2777 2488/7262/2778 2631/7315/2849
f 2632/7316/2850 2631/7315/2849 2488/7262/2778
f 2488/7262/2778 2492/7263/2780 2632/7316/2850
f 2634/7317/2851 2632/7316/2850 2492/7263/2780
f 2492/7263/2780 2496/7264/2782 2634/7317/2851
f 2636/7318/2852 2634/7317/2851 2496/7264/2782
f 2500/7265/2784 2638/7319/2853 2496/7264/2782
f 2636/7318/2852 2496/7264/2782 2638/7319/2853
f 2504/7266/2786 2640/7320/2854 2500/7265/2784
f 2638/7319/2853 2500/7265/2784 2640/7320/2854
f 2508/7267/2788 2642/7321/2855 2504/7266/2786
f 2640/7320/2854 2504/7266/2786 2642/7321/2855
f 2512/7268/2790 2644/7322/2856 2508/7267/2788
f 2642/7321/2855 2508/7267/2788 2644/7322/2856
f 2516/7269/2792 2646/7323/2857 2512/7268/2790
f 2644/7322/2856 2512/7268/2790 2646/7323/2857
f 2520/7270/2794 2648/7324/2858 2516/7269/2792
f 2646/7323/2857 2516/7269/2792 2648/7324/2858
f 2523/7271/2795 2650/7325/2859 2520/7270/2794
f 2648/7324/2858 2520/7270/2794 2650/7325/2859
f 2652/7326/2860 2650/7325/2859 2527/7272/2797
f 2523/7271/2795 2527/7272/2797 2650/7325/2859
f 2578/7290/2823 2652/7326/2860 2531/7273/2799
f 2527/7272/2797 2531/7273/2799 2652/7326/2860
f 2422/7234/2745 2578/7290/2823 2535/7274/2801
f 2531/7273/2799 2535/7274/2801 2578/7290/2823
f 2544/7275/2806 2548/7276/2808 2476/7259/2772
f 2628/7314/2848 2476/7259/2772 2548/7276/2808
f 2548/7276/2808 2487/7261/2777 2628/7314/2848
f 2631/7315/2849 2628/7314/2848 2487/7261/2777
f 2552/7278/2810 2392/7220/2730 2616/7308/2842
f 2462/7252/2765 2616/7308/2842 2392/7220/2730
f 2614/7307/2841 2460/7251/2764 2550/7277/2809
f 2390/7219/2729 2550/7277/2809 2460/7251/2764
f 2554/7279/2811 2654/7327/2861 2394/7221/2731
f 2550/7277/2809 2394/7221/2731 2654/7327/2861
f 2556/7280/2812 2396/7222/2732 2656/7328/2862
f 2552/7278/2810 2656/7328/2862 2396/7222/2732
f 2558/7281/2813 2658/7329/2863 2398/7223/2733
f 2554/7279/2811 2398/7223/2733 2658/7329/2863
f 2560/7282/2814 2400/7224/2734 2660/7330/2864
f 2556/7280/2812 2660/7330/2864 2400/7224/2734
f 2562/7283/2815 2662/7331/2865 2402/7225/2735
f 2558/7281/2813 2402/7225/2735 2662/7331/2865
f 2564/7284/2816 2404/7226/2736 2664/7332/2866
f 2560/7282/2814 2664/7332/2866 2404/7226/2736
f 2567/7285/2817 2667/7333/2867 2568/7227/2818
f 2668/7283/2868 2568/7227/2818 2667/7333/2867
f 2570/7286/2819 2408/7228/2738 2670/7334/2869
f 2564/7284/2816 2670/7334/2869 2408/7228/2738
f 2572/7287/2820 2672/7335/2870 2411/7229/2739
f 2567/7285/2817 2411/7229/2739 2672/7335/2870
f 2414/7230/2741 2570/7286/2819 2574/7288/2821
f 2674/7336/2871 2574/7288/2821 2570/7286/2819
f 2576/7289/2822 2676/7337/2872 2416/7231/2742
f 2572/7287/2820 2416/7231/2742 2676/7337/2872
f 2418/7232/2743 2574/7288/2821 2578/7290/2823
f 2652/7326/2860 2578/7290/2823 2574/7288/2821
f 2580/7291/2824 2678/7338/2873 2420/7233/2744
f 2576/7289/2822 2420/7233/2744 2678/7338/2873
f 2582/7292/2825 2680/7339/2874 2424/7235/2746
f 2580/7291/2824 2424/7235/2746 2680/7339/2874
f 2584/7293/2826 2682/7340/2875 2428/7237/2748
f 2582/7292/2825 2428/7237/2748 2682/7340/2875
f 2432/7238/2750 2586/7294/2827 2584/7293/2826
f 2684/7341/2876 2584/7293/2826 2586/7294/2827
f 2436/7240/2752 2590/7296/2829 2586/7294/2827
f 2686/7342/2877 2586/7294/2827 2590/7296/2829
f 2589/7295/2828 2689/7343/2878 2590/7296/2829
f 2690/7344/2879 2590/7296/2829 2689/7343/2878
f 2692/7345/2880 2589/7295/2828 2592/7297/2830
f 2435/7239/2751 2592/7297/2830 2589/7295/2828
f 2694/7346/2881 2592/7297/2830 2594/7298/2831
f 2438/7241/2753 2594/7298/2831 2592/7297/2830
f 2696/7347/2882 2594/7298/2831 2596/7299/2832
f 2440/7242/2754 2596/7299/2832 2594/7298/2831
f 2698/7348/2883 2596/7299/2832 2598/7300/2833
f 2442/7243/2755 2598/7300/2833 2596/7299/2832
f 2700/7349/2884 2598/7300/2833 2600/7301/2834
f 2444/7244/2756 2600/7301/2834 2598/7300/2833
f 2702/7350/2885 2600/7301/2834 2602/7302/2835
f 2446/7245/2757 2602/7302/2835 2600/7301/2834
f 2449/7246/2758 2606/7303/2837 2602/7302/2835
f 2704/7351/2886 2602/7302/2835 2606/7303/2837
f 2605/7247/2836 2707/7304/2887 2606/7303/2837
f 2708/7352/2888 2606/7303/2837 2707/7304/2887
f 2454/7248/2761 2610/7305/2839 2608/7304/2838
f 2710/7353/2889 2608/7304/2838 2610/7305/2839
f 2610/7305/2839 2456/7249/2762 2712/7354/2890
f 2612/7306/2840 2712/7354/2890 2456/7249/2762
f 2612/7306/2840 2458/7250/2763 2714/7355/2891
f 2614/7307/2841 2714/7355/2891 2458/7250/2763
f 2716/7356/2892 2616/7308/2842 2618/7309/2843
f 2464/7253/2766 2618/7309/2843 2616/7308/2842
f 2718/7357/2893 2618/7309/2843 2620/7310/2844
f 2466/7254/2767 2620/7310/2844 2618/7309/2843
f 2622/7311/2845 2720/7358/2894 2468/7255/2768
f 2620/7310/2844 2468/7255/2768 2720/7358/2894
f 2624/7312/2846 2722/7359/2895 2470/7256/2769
f 2622/7311/2845 2470/7256/2769 2722/7359/2895
f 2626/7313/2847 2724/7360/2896 2472/7257/2770
f 2624/7312/2846 2472/7257/2770 2724/7360/2896
f 2628/7314/2848 2631/7315/2849 2474/7258/2771
f 2626/7313/2847 2474/7258/2771 2631/7315/2849
f 2631/7315/2849 2632/7316/2850 2626/7313/2847
f 2724/7360/2896 2626/7313/2847 2632/7316/2850
f 2632/7316/2850 2634/7317/2851 2724/7360/2896
f 2726/7361/2897 2724/7360/2896 2634/7317/2851
f 2634/7317/2851 2636/7318/2852 2726/7361/2897
f 2728/7362/2898 2726/7361/2897 2636/7318/2852
f 2638/7319/2853 2730/7363/2899 2636/7318/2852
f 2728/7362/2898 2636/7318/2852 2730/7363/2899
f 2640/7320/2854 2732/7364/2900 2638/7319/2853
f 2730/7363/2899 2638/7319/2853 2732/7364/2900
f 2642/7321/2855 2734/7365/2901 2640/7320/2854
f 2732/7364/2900 2640/7320/2854 2734/7365/2901
f 2644/7322/2856 2736/7366/2902 2642/7321/2855
f 2734/7365/2901 2642/7321/2855 2736/7366/2902
f 2646/7323/2857 2738/7367/2903 2644/7322/2856
f 2736/7366/2902 2644/7322/2856 2738/7367/2903
f 2648/7324/2858 2740/7368/2904 2646/7323/2857
f 2738/7367/2903 2646/7323/2857 2740/7368/2904
f 2674/7336/2871 2740/7368/2904 2650/7325/2859
f 2648/7324/2858 2650/7325/2859 2740/7368/2904
f 2574/7288/2821 2674/7336/2871 2652/7326/2860
f 2650/7325/2859 2652/7326/2860 2674/7336/2871
f 2656/7328/2862 2552/7278/2810 2716/7356/2892
f 2616/7308/2842 2716/7356/2892 2552/7278/2810
f 2714/7355/2891 2614/7307/2841 2654/7327/2861
f 2550/7277/2809 2654/7327/2861 2614/7307/2841
f 2658/7329/2863 2742/7369/2905 2554/7279/2811
f 2654/7327/2861 2554/7279/2811 2742/7369/2905
f 2660/7330/2864 2556/7280/2812 2744/7370/2906
f 2656/7328/2862 2744/7370/2906 2556/7280/2812
f 2662/7331/2865 2746/7371/2907 2558/7281/2813
f 2658/7329/2863 2558/7281/2813 2746/7371/2907
f 2664/7332/2866 2560/7282/2814 2748/7372/2908
f 2660/7330/2864 2748/7372/2908 2560/7282/2814
f 2667/7333/2867 2751/7373/2909 2668/7283/2868
f 2752/7331/2910 2668/7283/2868 2751/7373/2909
f 2670/7334/2869 2564/7284/2816 2754/7374/2911
f 2664/7332/2866 2754/7374/2911 2564/7284/2816
f 2672/7335/2870 2756/7375/2912 2567/7285/2817
f 2667/7333/2867 2567/7285/2817 2756/7375/2912
f 2674/7336/2871 2570/7286/2819 2740/7368/2904
f 2670/7334/2869 2740/7368/2904 2570/7286/2819
f 2676/7337/2872 2758/7376/2913 2572/7287/2820
f 2672/7335/2870 2572/7287/2820 2758/7376/2913
f 2678/7338/2873 2760/7377/2914 2576/7289/2822
f 2676/7337/2872 2576/7289/2822 2760/7377/2914
f 2680/7339/2874 2762/7378/2915 2580/7291/2824
f 2678/7338/2873 2580/7291/2824 2762/7378/2915
f 2682/7340/2875 2764/7379/2916 2582/7292/2825
f 2680/7339/2874 2582/7292/2825 2764/7379/2916
f 2684/7341/2876 2766/7380/2917 2584/7293/2826
f 2682/7340/2875 2584/7293/2826 2766/7380/2917
f 2586/7294/2827 2686/7342/2877 2684/7341/2876
f 2768/7381/2918 2684/7341/2876 2686/7342/2877
f 2590/7296/2829 2690/7344/2879 2686/7342/2877
f 2770/7382/2919 2686/7342/2877 2690/7344/2879
f 2689/7343/2878 2773/7383/2920 2690/7344/2879
f 2774/7384/2921 2690/7344/2879 2773/7383/2920
f 2776/7385/2922 2689/7343/2878 2692/7345/2880
f 2589/7295/2828 2692/7345/2880 2689/7343/2878
f 2778/7386/2923 2692/7345/2880 2694/7346/2881
f 2592/7297/2830 2694/7346/2881 2692/7345/2880
f 2780/7387/2924 2694/7346/2881 2696/7347/2882
f 2594/7298/2831 2696/7347/2882 2694/7346/2881
f 2782/7388/2925 2696/7347/2882 2698/7348/2883
f 2596/7299/2832 2698/7348/2883 2696/7347/2882
f 2784/7389/2926 2698/7348/2883 2700/7349/2884
f 2598/7300/2833 2700/7349/2884 2698/7348/2883
f 2786/7390/2927 2700/7349/2884 2702/7350/2885
f 2600/7301/2834 2702/7350/2885 2700/7349/2884
f 2602/7302/2835 2704/7351/2886 2702/7350/2885
f 2788/7391/2928 2702/7350/2885 2704/7351/2886
f 2606/7303/2837 2708/7352/2888 2704/7351/2886
f 2790/7392/2929 2704/7351/2886 2708/7352/2888
f 2708/7352/2888 2707/7304/2887 2793/7393/2930
f 2794/7353/2931 2793/7393/2930 2707/7304/2887
f 2710/7353/2889 2610/7305/2839 2796/7394/2932
f 2712/7354/2890 2796/7394/2932 2610/7305/2839
f 2712/7354/2890 2612/7306/2840 2798/7395/2933
f 2714/7355/2891 2798/7395/2933 2612/7306/2840
f 2800/7396/2934 2716/7356/2892 2718/7357/2893
f 2618/7309/2843 2718/7357/2893 2716/7356/2892
f 2802/7397/2935 2718/7357/2893 2720/7358/2894
f 2620/7310/2844 2720/7358/2894 2718/7357/2893
f 2722/7359/2895 2804/7398/2936 2622/7311/2845
f 2720/7358/2894 2622/7311/2845 2804/7398/2936
f 2724/7360/2896 2726/7361/2897 2624/7312/2846
f 2722/7359/2895 2624/7312/2846 2726/7361/2897
f 2726/7361/2897 2728/7362/2898 2722/7359/2895
f 2804/7398/2936 2722/7359/2895 2728/7362/2898
f 2730/7363/2899 2806/7399/2937 2728/7362/2898
f 2804/7398/2936 2728/7362/2898 2806/7399/2937
f 2732/7364/2900 2808/7400/2938 2730/7363/2899
f 2806/7399/2937 2730/7363/2899 2808/7400/2938
f 2734/7365/2901 2810/7401/2939 2732/7364/2900
f 2808/7400/2938 2732/7364/2900 2810/7401/2939
f 2736/7366/2902 2812/7402/2940 2734/7365/2901
f 2810/7401/2939 2734/7365/2901 2812/7402/2940
f 2738/7367/2903 2754/7374/2911 2736/7366/2902
f 2812/7402/2940 2736/7366/2902 2754/7374/2911
f 2740/7368/2904 2670/7334/2869 2738/7367/2903
f 2754/7374/2911 2738/7367/2903 2670/7334/2869
f 2744/7370/2906 2656/7328/2862 2800/7396/2934
f 2716/7356/2892 2800/7396/2934 2656/7328/2862
f 2742/7369/2905 2798/7395/2933 2654/7327/2861
f 2714/7355/2891 2654/7327/2861 2798/7395/2933
f 2746/7371/2907 2814/7403/2941 2658/7329/2863
f 2742/7369/2905 2658/7329/2863 2814/7403/2941
f 2748/7372/2908 2660/7330/2864 2816/7404/2942
f 2744/7370/2906 2816/7404/2942 2660/7330/2864
f 2751/7373/2909 2819/7405/2943 2752/7331/2910
f 2820/7371/2944 2752/7331/2910 2819/7405/2943
f 2754/7374/2911 2664/7332/2866 2812/7402/2940
f 2748/7372/2908 2812/7402/2940 2664/7332/2866
f 2756/7375/2912 2822/7406/2945 2667/7333/2867
f 2751/7373/2909 2667/7333/2867 2822/7406/2945
f 2758/7376/2913 2824/7407/2946 2672/7335/2870
f 2756/7375/2912 2672/7335/2870 2824/7407/2946
f 2760/7377/2914 2826/7408/2947 2676/7337/2872
f 2758/7376/2913 2676/7337/2872 2826/7408/2947
f 2762/7378/2915 2828/7409/2948 2678/7338/2873
f 2760/7377/2914 2678/7338/2873 2828/7409/2948
f 2764/7379/2916 2830/7410/2949 2680/7339/2874
f 2762/7378/2915 2680/7339/2874 2830/7410/2949
f 2766/7380/2917 2832/7411/2950 2682/7340/2875
f 2764/7379/2916 2682/7340/2875 2832/7411/2950
f 2768/7381/2918 2834/7412/2951 2684/7341/2876
f 2766/7380/2917 2684/7341/2876 2834/7412/2951
f 2686/7342/2877 2770/7382/2919 2768/7381/2918
f 2836/7413/2952 2768/7381/2918 2770/7382/2919
f 2690/7344/2879 2774/7384/2921 2770/7382/2919
f 2838/7414/2953 2770/7382/2919 2774/7384/2921
f 2773/7383/2920 2841/7415/2954 2774/7384/2921
f 2842/7416/2955 2774/7384/2921 2841/7415/2954
f 2844/7417/2956 2773/7383/2920 2776/7385/2922
f 2689/7343/2878 2776/7385/2922 2773/7383/2920
f 2846/7418/2957 2776/7385/2922 2778/7386/2923
f 2692/7345/2880 2778/7386/2923 2776/7385/2922
f 2848/7419/2958 2778/7386/2923 2780/7387/2924
f 2694/7346/2881 2780/7387/2924 2778/7386/2923
f 2850/7420/2959 2780/7387/2924 2782/7388/2925
f 2696/7347/2882 2782/7388/2925 2780/7387/2924
f 2852/7421/2960 2782/7388/2925 2784/7389/2926
f 2698/7348/2883 2784/7389/2926 2782/7388/2925
f 2854/7422/2961 2784/7389/2926 2786/7390/2927
f 2700/7349/2884 2786/7390/2927 2784/7389/2926
f 2702/7350/2885 2788/7391/2928 2786/7390/2927
f 2856/7423/2962 2786/7390/2927 2788/7391/2928
f 2704/7351/2886 2790/7392/2929 2788/7391/2928
f 2858/7424/2963 2788/7391/2928 2790/7392/2929
f 2790/7392/2929 2708/7352/2888 2860/7425/2964
f 2793/7393/2930 2860/7425/2964 2708/7352/2888
f 2793/7393/2930 2794/7353/2931 2863/7426/2965
f 2864/7394/2966 2863/7426/2965 2794/7353/2931
f 2866/7427/2967 2796/7394/2932 2798/7395/2933
f 2712/7354/2890 2798/7395/2933 2796/7394/2932
f 2868/7428/2968 2800/7396/2934 2802/7397/2935
f 2718/7357/2893 2802/7397/2935 2800/7396/2934
f 2806/7399/2937 2802/7397/2935 2804/7398/2936
f 2720/7358/2894 2804/7398/2936 2802/7397/2935
f 2808/7400/2938 2868/7428/2968 2806/7399/2937
f 2802/7397/2935 2806/7399/2937 2868/7428/2968
f 2810/7401/2939 2816/7404/2942 2808/7400/2938
f 2868/7428/2968 2808/7400/2938 2816/7404/2942
f 2812/7402/2940 2748/7372/2908 2810/7401/2939
f 2816/7404/2942 2810/7401/2939 2748/7372/2908
f 2816/7404/2942 2744/7370/2906 2868/7428/2968
f 2800/7396/2934 2868/7428/2968 2744/7370/2906
f 2814/7403/2941 2866/7427/2967 2742/7369/2905
f 2798/7395/2933 2742/7369/2905 2866/7427/2967
f 2819/7405/2943 2871/7429/2969 2820/7371/2944
f 2872/7403/2970 2820/7371/2944 2871/7429/2969
f 2822/7406/2945 2874/7430/2971 2751/7373/2909
f 2819/7405/2943 2751/7373/2909 2874/7430/2971
f 2824/7407/2946 2876/7431/2972 2756/7375/2912
f 2822/7406/2945 2756/7375/2912 2876/7431/2972
f 2826/7408/2947 2878/7432/2973 2758/7376/2913
f 2824/7407/2946 2758/7376/2913 2878/7432/2973
f 2828/7409/2948 2880/7433/2974 2760/7377/2914
f 2826/7408/2947 2760/7377/2914 2880/7433/2974
f 2830/7410/2949 2882/7434/2975 2762/7378/2915
f 2828/7409/2948 2762/7378/2915 2882/7434/2975
f 2832/7411/2950 2884/7435/2976 2764/7379/2916
f 2830/7410/2949 2764/7379/2916 2884/7435/2976
f 2834/7412/2951 2886/7436/2977 2766/7380/2917
f 2832/7411/2950 2766/7380/2917 2886/7436/2977
f 2836/7413/2952 2888/7437/2978 2768/7381/2918
f 2834/7412/2951 2768/7381/2918 2888/7437/2978
f 2770/7382/2919 2838/7414/2953 2836/7413/2952
f 2890/7438/2979 2836/7413/2952 2838/7414/2953
f 2774/7384/2921 2842/7416/2955 2838/7414/2953
f 2892/7439/2980 2838/7414/2953 2842/7416/2955
f 2841/7415/2954 2895/7440/2981 2842/7416/2955
f 2896/7441/2982 2842/7416/2955 2895/7440/2981
f 2898/7442/2983 2841/7415/2954 2844/7417/2956
f 2773/7383/2920 2844/7417/2956 2841/7415/2954
f 2900/7443/2984 2844/7417/2956 2846/7418/2957
f 2776/7385/2922 2846/7418/2957 2844/7417/2956
f 2902/7444/2985 2846/7418/2957 2848/7419/2958
f 2778/7386/2923 2848/7419/2958 2846/7418/2957
f 2904/7445/2986 2848/7419/2958 2850/7420/2959
f 2780/7387/2924 2850/7420/2959 2848/7419/2958
f 2906/7446/2987 2850/7420/2959 2852/7421/2960
f 2782/7388/2925 2852/7421/2960 2850/7420/2959
f 2908/7447/2988 2852/7421/2960 2854/7422/2961
f 2784/7389/2926 2854/7422/2961 2852/7421/2960
f 2786/7390/2927 2856/7423/2962 2854/7422/2961
f 2910/7448/2989 2854/7422/2961 2856/7423/2962
f 2788/7391/2928 2858/7424/2963 2856/7423/2962
f 2912/7449/2990 2856/7423/2962 2858/7424/2963
f 2858/7424/2963 2790/7392/2929 2914/7450/2991
f 2860/7425/2964 2914/7450/2991 2790/7392/2929
f 2860/7425/2964 2793/7393/2930 2916/7451/2992
f 2863/7426/2965 2916/7451/2992 2793/7393/2930
f 2863/7426/2965 2864/7394/2966 2919/7452/2993
f 2920/7427/2994 2919/7452/2993 2864/7394/2966
f 2919/7452/2993 2920/7427/2994 2871/7429/2969
f 2872/7403/2970 2871/7429/2969 2920/7427/2994
f 2874/7430/2971 2922/7453/2995 2819/7405/2943
f 2871/7429/2969 2819/7405/2943 2922/7453/2995
f 2876/7431/2972 2924/7454/2996 2822/7406/2945
f 2874/7430/2971 2822/7406/2945 2924/7454/2996
f 2878/7432/2973 2926/7455/2997 2824/7407/2946
f 2876/7431/2972 2824/7407/2946 2926/7455/2997
f 2880/7433/2974 2928/7456/2998 2826/7408/2947
f 2878/7432/2973 2826/7408/2947 2928/7456/2998
f 2882/7434/2975 2930/7457/2999 2828/7409/2948
f 2880/7433/2974 2828/7409/2948 2930/7457/2999
f 2884/7435/2976 2932/7458/3000 2830/7410/2949
f 2882/7434/2975 2830/7410/2949 2932/7458/3000
f 2886/7436/2977 2934/7459/3001 2832/7411/2950
f 2884/7435/2976 2832/7411/2950 2934/7459/3001
f 2888/7437/2978 2936/7460/3002 2834/7412/2951
f 2886/7436/2977 2834/7412/2951 2936/7460/3002
f 2890/7438/2979 2938/7461/3003 2836/7413/2952
f 2888/7437/2978 2836/7413/2952 2938/7461/3003
f 2838/7414/2953 2892/7439/2980 2890/7438/2979
f 2940/7462/3004 2890/7438/2979 2892/7439/2980
f 2842/7416/2955 2896/7441/2982 2892/7439/2980
f 2942/7463/3005 2892/7439/2980 2896/7441/2982
f 2895/7440/2981 2945/7440/1495 2896/7441/2982
f 2946/7441/1497 2896/7441/2982 2945/7440/1495
f 2948/7464/3006 2895/7440/2981 2898/7442/2983
f 2841/7415/2954 2898/7442/2983 2895/7440/2981
f 2950/7465/3007 2898/7442/2983 2900/7443/2984
f 2844/7417/2956 2900/7443/2984 2898/7442/2983
f 2952/7466/3008 2900/7443/2984 2902/7444/2985
f 2846/7418/2957 2902/7444/2985 2900/7443/2984
f 2954/7467/3009 2902/7444/2985 2904/7445/2986
f 2848/7419/2958 2904/7445/2986 2902/7444/2985
f 2956/7468/3010 2904/7445/2986 2906/7446/2987
f 2850/7420/2959 2906/7446/2987 2904/7445/2986
f 2958/7469/3011 2906/7446/2987 2908/7447/2988
f 2852/7421/2960 2908/7447/2988 2906/7446/2987
f 2854/7422/2961 2910/7448/2989 2908/7447/2988
f 2960/7470/3012 2908/7447/2988 2910/7448/2989
f 2856/7423/2962 2912/7449/2990 2910/7448/2989
f 2962/7471/3013 2910/7448/2989 2912/7449/2990
f 2912/7449/2990 2858/7424/2963 2964/7472/3014
f 2914/7450/2991 2964/7472/3014 2858/7424/2963
f 2914/7450/2991 2860/7425/2964 2966/7473/3015
f 2916/7451/2992 2966/7473/3015 2860/7425/2964
f 2916/7451/2992 2863/7426/2965 2968/7474/3016
f 2919/7452/2993 2968/7474/3016 2863/7426/2965
f 2968/7474/3016 2919/7452/2993 2922/7453/2995
f 2871/7429/2969 2922/7453/2995 2919/7452/2993
f 2924/7454/2996 2970/7475/3017 2874/7430/2971
f 2922/7453/2995 2874/7430/2971 2970/7475/3017
f 2926/7455/2997 2972/7476/3018 2876/7431/2972
f 2924/7454/2996 2876/7431/2972 2972/7476/3018
f 2928/7456/2998 2974/7477/3019 2878/7432/2973
f 2926/7455/2997 2878/7432/2973 2974/7477/3019
f 2930/7457/2999 2976/7478/3020 2880/7433/2974
f 2928/7456/2998 2880/7433/2974 2976/7478/3020
f 2932/7458/3000 2978/7479/3021 2882/7434/2975
f 2930/7457/2999 2882/7434/2975 2978/7479/3021
f 2934/7459/3001 2980/7480/3022 2884/7435/2976
f 2932/7458/3000 2884/7435/2976 2980/7480/3022
f 2936/7460/3002 2982/7481/3023 2886/7436/2977
f 2934/7459/3001 2886/7436/2977 2982/7481/3023
f 2938/7461/3003 2984/7482/3024 2888/7437/2978
f 2936/7460/3002 2888/7437/2978 2984/7482/3024
f 2940/7462/3004 2986/7483/3025 2890/7438/2979
f 2938/7461/3003 2890/7438/2979 2986/7483/3025
f 2892/7439/2980 2942/7463/3005 2940/7462/3004
f 2988/7484/3026 2940/7462/3004 2942/7463/3005
f 2896/7441/2982 2946/7441/1497 2942/7463/3005
f 2990/7463/1500 2942/7463/3005 2946/7441/1497
f 3039/7485/1171 3040/7486/1171 3041/7487/1171
f 3040/7486/1171 3042/7488/1171 3041/7487/1171
f 3042/7488/1171 3043/7489/1171 3041/7487/1171
f 3041/7487/1171 3043/7489/1171 3044/7490/1171
f 3043/7489/1171 3045/7491/1171 3044/7490/1171
f 3044/7490/1171 3045/7491/1171 3046/7492/1171
f 3045/7491/1171 3047/7493/1171 3046/7492/1171
f 3046/7492/1171 3047/7493/1171 3048/7494/1171
f 3047/7493/1171 3049/7495/1171 3048/7494/1171
f 3048/7494/1171 3049/7495/1171 3050/7496/1171
f 3049/7495/1171 3051/7497/1171 3050/7496/1171
f 3051/7497/1171 3052/7498/1171 3050/7496/1171
f 3050/7496/1171 3052/7498/1171 3053/7499/1171
f 3052/7498/1171 3054/7500/1171 3053/7499/1171
f 3053/7499/1171 3054/7500/1171 3055/7501/1171
f 3054/7500/1171 3056/7502/1171 3055/7501/1171
f 3055/7501/1171 3056/7502/1171 3057/7503/1171
f 3056/7502/1171 3058/7504/1171 3057/7503/1171
f 3058/7504/1171 3059/7505/1171 3057/7503/1171
f 3057/7503/1171 3059/7505/1171 3060/7506/1171
f 3059/7505/1171 3061/7507/1171 3060/7506/1171
f 3061/7507/1171 3062/7508/1171 3060/7506/1171
f 3060/7506/1171 3062/7508/1171 3063/7509/1171
f 3064/7510/1171 3063/7509/1171 3062/7508/1171
f 3065/7484/1171 3066/7463/1171 3039/7485/1171
f 3039/7485/1171 3066/7463/1171 3040/7486/1171
f 3066/7463/1171 3067/7441/1171 3040/7486/1171
f 3040/7486/1171 3067/7441/1171 3068/7511/1171
f 3068/7511/1171 3067/7441/1171 3069/7512/1171
f 3067/7441/1171 3070/7440/1171 3069/7512/1171
f 3069/7512/1171 3070/7440/1171 3071/7513/1171
f 3070/7440/1171 3072/7464/1171 3071/7513/1171
f 3071/7513/1171 3072/7464/1171 3073/7514/1171
f 3072/7464/1171 3074/7515/1171 3073/7514/1171
f 3073/7514/1171 3074/7515/1171 3075/7516/1171
f 3074/7515/1171 3076/7517/1171 3075/7516/1171
f 3075/7516/1171 3076/7517/1171 3077/7518/1171
f 3077/7518/1171 3076/7517/1171 3078/7519/1171
f 3076/7517/1171 3079/7520/1171 3078/7519/1171
f 3078/7519/1171 3079/7520/1171 3080/7521/1171
f 3079/7520/1171 3081/7522/1171 3080/7521/1171
f 3080/7521/1171 3081/7522/1171 3082/7523/1171
f 3081/7522/1171 3083/7524/1171 3082/7523/1171
f 3082/7523/1171 3083/7524/1171 3084/7525/1171
f 3084/7525/1171 3083/7524/1171 3085/7526/1171
f 3083/7524/1171 3086/7527/1171 3085/7526/1171
f 3085/7526/1171 3086/7527/1171 3061/7507/1171
f 3062/7508/1171 3061/7507/1171 3086/7527/1171
f 3088/7464/680 2945/7440/1495 2948/7464/3006
f 2895/7440/2981 2948/7464/3006 2945/7440/1495
f 3090/7515/3027 2948/7464/3006 2950/7465/3007
f 2898/7442/2983 2950/7465/3007 2948/7464/3006
f 3092/7528/3028 2950/7465/3007 2952/7466/3008
f 2900/7443/2984 2952/7466/3008 2950/7465/3007
f 3094/7529/3029 2952/7466/3008 2954/7467/3009
f 2902/7444/2985 2954/7467/3009 2952/7466/3008
f 3096/7530/3030 2954/7467/3009 2956/7468/3010
f 2904/7445/2986 2956/7468/3010 2954/7467/3009
f 3098/7531/3031 2956/7468/3010 2958/7469/3011
f 2906/7446/2987 2958/7469/3011 2956/7468/3010
f 2908/7447/2988 2960/7470/3012 2958/7469/3011
f 3100/7532/3032 2958/7469/3011 2960/7470/3012
f 2910/7448/2989 2962/7471/3013 2960/7470/3012
f 3102/7533/3033 2960/7470/3012 2962/7471/3013
f 2962/7471/3013 2912/7449/2990 3104/7534/3034
f 2964/7472/3014 3104/7534/3034 2912/7449/2990
f 2964/7472/3014 2914/7450/2991 3106/7535/3035
f 2966/7473/3015 3106/7535/3035 2914/7450/2991
f 2966/7473/3015 2916/7451/2992 3108/7536/3036
f 2968/7474/3016 3108/7536/3036 2916/7451/2992
f 3108/7536/3036 2968/7474/3016 2970/7475/3017
f 2922/7453/2995 2970/7475/3017 2968/7474/3016
f 2972/7476/3018 3110/7537/3037 2924/7454/2996
f 2970/7475/3017 2924/7454/2996 3110/7537/3037
f 2974/7477/3019 3112/7538/3038 2926/7455/2997
f 2972/7476/3018 2926/7455/2997 3112/7538/3038
f 2976/7478/3020 3114/7539/3039 2928/7456/2998
f 2974/7477/3019 2928/7456/2998 3114/7539/3039
f 2978/7479/3021 3116/7540/3040 2930/7457/2999
f 2976/7478/3020 2930/7457/2999 3116/7540/3040
f 2980/7480/3022 3118/7541/3041 2932/7458/3000
f 2978/7479/3021 2932/7458/3000 3118/7541/3041
f 2982/7481/3023 3120/7542/3042 2934/7459/3001
f 2980/7480/3022 2934/7459/3001 3120/7542/3042
f 2984/7482/3024 3122/7543/3043 2936/7460/3002
f 2982/7481/3023 2936/7460/3002 3122/7543/3043
f 2986/7483/3025 3124/7544/3044 2938/7461/3003
f 2984/7482/3024 2938/7461/3003 3124/7544/3044
f 2988/7484/3026 3126/7485/3045 2940/7462/3004
f 2986/7483/3025 2940/7462/3004 3126/7485/3045
f 2942/7463/3005 2990/7463/1500 2988/7484/3026
f 3128/7484/3046 2988/7484/3026 2990/7463/1500
f 3133/7496/3047 3134/7499/297 3135/7496/3048
f 3136/7499/3049 3135/7496/3048 3134/7499/297
f 3134/7499/297 3139/7501/245 3136/7499/3049
f 3140/7501/3050 3136/7499/3049 3139/7501/245
f 3139/7501/245 3143/7503/199 3140/7501/3050
f 3144/7503/3051 3140/7501/3050 3143/7503/199
f 3147/7506/3052 3144/7503/3051 3148/7506/200
f 3143/7503/199 3148/7506/200 3144/7503/3051
f 3151/7509/239 3152/7509/3053 3148/7506/200
f 3147/7506/3052 3148/7506/200 3152/7509/3053
f 3155/7510/3054 3156/7510/3055 3151/7509/239
f 3152/7509/3053 3151/7509/239 3156/7510/3055
f 3159/7508/338 3160/7508/3056 3155/7510/3054
f 3156/7510/3055 3155/7510/3054 3160/7508/3056
f 3163/7527/3057 3160/7508/3056 3164/7527/387
f 3159/7508/338 3164/7527/387 3160/7508/3056
f 3167/7524/436 3168/7524/3058 3164/7527/387
f 3163/7527/3057 3164/7527/387 3168/7524/3058
f 3167/7524/436 3171/7522/485 3168/7524/3058
f 3172/7522/3059 3168/7524/3058 3171/7522/485
f 3171/7522/485 3175/7520/534 3172/7522/3059
f 3176/7520/3060 3172/7522/3059 3175/7520/534
f 3175/7520/534 3179/7517/3061 3176/7520/3060
f 3180/7517/3062 3176/7520/3060 3179/7517/3061
f 3179/7517/3061 3182/7515/632 3180/7517/3062
f 3090/7515/3027 3180/7517/3062 3182/7515/632
f 3182/7515/632 3088/7464/680 3090/7515/3027
f 2948/7464/3006 3090/7515/3027 3088/7464/680
f 2988/7484/3026 3128/7484/3046 3126/7485/3045
f 3184/7485/610 3126/7485/3045 3128/7484/3046
f 3126/7485/3045 3184/7485/610 3187/7487/3063
f 3188/7487/558 3187/7487/3063 3184/7485/610
f 3187/7487/3063 3188/7487/558 3191/7490/3064
f 3192/7490/506 3191/7490/3064 3188/7487/558
f 3192/7490/506 3195/7492/454 3191/7490/3064
f 3196/7492/3065 3191/7490/3064 3195/7492/454
f 3195/7492/454 3199/7494/402 3196/7492/3065
f 3200/7494/3066 3196/7492/3065 3199/7494/402
f 3199/7494/402 3133/7496/3047 3200/7494/3066
f 3135/7496/3048 3200/7494/3066 3133/7496/3047
f 3180/7517/3062 3090/7515/3027 3092/7528/3028
f 2950/7465/3007 3092/7528/3028 3090/7515/3027
f 3202/7545/3067 3092/7528/3028 3094/7529/3029
f 2952/7466/3008 3094/7529/3029 3092/7528/3028
f 3204/7546/3068 3094/7529/3029 3096/7530/3030
f 2954/7467/3009 3096/7530/3030 3094/7529/3029
f 3206/7547/3069 3096/7530/3030 3098/7531/3031
f 2956/7468/3010 3098/7531/3031 3096/7530/3030
f 2958/7469/3011 3100/7532/3032 3098/7531/3031
f 3208/7548/3070 3098/7531/3031 3100/7532/3032
f 2960/7470/3012 3102/7533/3033 3100/7532/3032
f 3210/7549/3071 3100/7532/3032 3102/7533/3033
f 3102/7533/3033 2962/7471/3013 3212/7550/3072
f 3104/7534/3034 3212/7550/3072 2962/7471/3013
f 3104/7534/3034 2964/7472/3014 3214/7551/3073
f 3106/7535/3035 3214/7551/3073 2964/7472/3014
f 3106/7535/3035 2966/7473/3015 3216/7552/3074
f 3108/7536/3036 3216/7552/3074 2966/7473/3015
f 3216/7552/3074 3108/7536/3036 3110/7537/3037
f 2970/7475/3017 3110/7537/3037 3108/7536/3036
f 3112/7538/3038 3218/7553/3075 2972/7476/3018
f 3110/7537/3037 2972/7476/3018 3218/7553/3075
f 3114/7539/3039 3220/7554/3076 2974/7477/3019
f 3112/7538/3038 2974/7477/3019 3220/7554/3076
f 3116/7540/3040 3222/7555/3077 2976/7478/3020
f 3114/7539/3039 2976/7478/3020 3222/7555/3077
f 3118/7541/3041 3224/7556/3078 2978/7479/3021
f 3116/7540/3040 2978/7479/3021 3224/7556/3078
f 3120/7542/3042 3226/7557/3079 2980/7480/3022
f 3118/7541/3041 2980/7480/3022 3226/7557/3079
f 3122/7543/3043 3228/7558/3080 2982/7481/3023
f 3120/7542/3042 2982/7481/3023 3228/7558/3080
f 3124/7544/3044 3230/7559/3081 2984/7482/3024
f 3122/7543/3043 2984/7482/3024 3230/7559/3081
f 3126/7485/3045 3187/7487/3063 2986/7483/3025
f 3124/7544/3044 2986/7483/3025 3187/7487/3063
f 3135/7496/3048 3136/7499/3049 3233/7560/3082
f 3234/7561/3083 3233/7560/3082 3136/7499/3049
f 3136/7499/3049 3140/7501/3050 3234/7561/3083
f 3236/7562/3084 3234/7561/3083 3140/7501/3050
f 3140/7501/3050 3144/7503/3051 3236/7562/3084
f 3238/7563/3085 3236/7562/3084 3144/7503/3051
f 3147/7506/3052 3240/7564/3086 3144/7503/3051
f 3238/7563/3085 3144/7503/3051 3240/7564/3086
f 3152/7509/3053 3242/7565/3087 3147/7506/3052
f 3240/7564/3086 3147/7506/3052 3242/7565/3087
f 3156/7510/3055 3244/7566/3088 3152/7509/3053
f 3242/7565/3087 3152/7509/3053 3244/7566/3088
f 3160/7508/3056 3246/7567/3089 3156/7510/3055
f 3244/7566/3088 3156/7510/3055 3246/7567/3089
f 3248/7568/3090 3246/7567/3089 3163/7527/3057
f 3160/7508/3056 3163/7527/3057 3246/7567/3089
f 3250/7569/3091 3248/7568/3090 3168/7524/3058
f 3163/7527/3057 3168/7524/3058 3248/7568/3090
f 3168/7524/3058 3172/7522/3059 3250/7569/3091
f 3252/7570/3092 3250/7569/3091 3172/7522/3059
f 3172/7522/3059 3176/7520/3060 3252/7570/3092
f 3202/7545/3067 3252/7570/3092 3176/7520/3060
f 3176/7520/3060 3180/7517/3062 3202/7545/3067
f 3092/7528/3028 3202/7545/3067 3180/7517/3062
f 3187/7487/3063 3191/7490/3064 3124/7544/3044
f 3230/7559/3081 3124/7544/3044 3191/7490/3064
f 3191/7490/3064 3196/7492/3065 3230/7559/3081
f 3254/7571/3093 3230/7559/3081 3196/7492/3065
f 3196/7492/3065 3200/7494/3066 3254/7571/3093
f 3256/7572/3094 3254/7571/3093 3200/7494/3066
f 3200/7494/3066 3135/7496/3048 3256/7572/3094
f 3233/7560/3082 3256/7572/3094 3135/7496/3048
f 3252/7570/3092 3202/7545/3067 3204/7546/3068
f 3094/7529/3029 3204/7546/3068 3202/7545/3067
f 3258/7573/3095 3204/7546/3068 3206/7547/3069
f 3096/7530/3030 3206/7547/3069 3204/7546/3068
f 3098/7531/3031 3208/7548/3070 3206/7547/3069
f 3260/7574/3096 3206/7547/3069 3208/7548/3070
f 3100/7532/3032 3210/7549/3071 3208/7548/3070
f 3262/7575/3097 3208/7548/3070 3210/7549/3071
f 3210/7549/3071 3102/7533/3033 3264/7576/3098
f 3212/7550/3072 3264/7576/3098 3102/7533/3033
f 3212/7550/3072 3104/7534/3034 3266/7577/3099
f 3214/7551/3073 3266/7577/3099 3104/7534/3034
f 3214/7551/3073 3106/7535/3035 3268/7578/3100
f 3216/7552/3074 3268/7578/3100 3106/7535/3035
f 3268/7578/3100 3216/7552/3074 3218/7553/3075
f 3110/7537/3037 3218/7553/3075 3216/7552/3074
f 3220/7554/3076 3270/7579/3101 3112/7538/3038
f 3218/7553/3075 3112/7538/3038 3270/7579/3101
f 3222/7555/3077 3272/7580/3102 3114/7539/3039
f 3220/7554/3076 3114/7539/3039 3272/7580/3102
f 3224/7556/3078 3274/7581/3103 3116/7540/3040
f 3222/7555/3077 3116/7540/3040 3274/7581/3103
f 3226/7557/3079 3276/7582/3104 3118/7541/3041
f 3224/7556/3078 3118/7541/3041 3276/7582/3104
f 3228/7558/3080 3278/7583/3105 3120/7542/3042
f 3226/7557/3079 3120/7542/3042 3278/7583/3105
f 3230/7559/3081 3254/7571/3093 3122/7543/3043
f 3228/7558/3080 3122/7543/3043 3254/7571/3093
f 3233/7560/3082 3234/7561/3083 3281/7584/3106
f 3282/7585/3107 3281/7584/3106 3234/7561/3083
f 3234/7561/3083 3236/7562/3084 3282/7585/3107
f 3284/7586/3108 3282/7585/3107 3236/7562/3084
f 3236/7562/3084 3238/7563/3085 3284/7586/3108
f 3286/7587/3109 3284/7586/3108 3238/7563/3085
f 3240/7564/3086 3288/7588/3110 3238/7563/3085
f 3286/7587/3109 3238/7563/3085 3288/7588/3110
f 3242/7565/3087 3290/7589/3111 3240/7564/3086
f 3288/7588/3110 3240/7564/3086 3290/7589/3111
f 3244/7566/3088 3292/7590/3112 3242/7565/3087
f 3290/7589/3111 3242/7565/3087 3292/7590/3112
f 3294/7591/3113 3292/7590/3112 3246/7567/3089
f 3244/7566/3088 3246/7567/3089 3292/7590/3112
f 3296/7592/3114 3294/7591/3113 3248/7568/3090
f 3246/7567/3089 3248/7568/3090 3294/7591/3113
f 3258/7573/3095 3296/7592/3114 3250/7569/3091
f 3248/7568/3090 3250/7569/3091 3296/7592/3114
f 3250/7569/3091 3252/7570/3092 3258/7573/3095
f 3204/7546/3068 3258/7573/3095 3252/7570/3092
f 3254/7571/3093 3256/7572/3094 3228/7558/3080
f 3278/7583/3105 3228/7558/3080 3256/7572/3094
f 3256/7572/3094 3233/7560/3082 3278/7583/3105
f 3281/7584/3106 3278/7583/3105 3233/7560/3082
f 3206/7547/3069 3260/7574/3096 3258/7573/3095
f 3296/7592/3114 3258/7573/3095 3260/7574/3096
f 3208/7548/3070 3262/7575/3097 3260/7574/3096
f 3298/7593/3115 3260/7574/3096 3262/7575/3097
f 3262/7575/3097 3210/7549/3071 3300/7594/3116
f 3264/7576/3098 3300/7594/3116 3210/7549/3071
f 3264/7576/3098 3212/7550/3072 3302/7595/3117
f 3266/7577/3099 3302/7595/3117 3212/7550/3072
f 3266/7577/3099 3214/7551/3073 3304/7596/3118
f 3268/7578/3100 3304/7596/3118 3214/7551/3073
f 3304/7596/3118 3268/7578/3100 3270/7579/3101
f 3218/7553/3075 3270/7579/3101 3268/7578/3100
f 3272/7580/3102 3306/7597/3119 3220/7554/3076
f 3270/7579/3101 3220/7554/3076 3306/7597/3119
f 3274/7581/3103 3308/7598/3120 3222/7555/3077
f 3272/7580/3102 3222/7555/3077 3308/7598/3120
f 3276/7582/3104 3310/7599/3121 3224/7556/3078
f 3274/7581/3103 3224/7556/3078 3310/7599/3121
f 3278/7583/3105 3281/7584/3106 3226/7557/3079
f 3276/7582/3104 3226/7557/3079 3281/7584/3106
f 3281/7584/3106 3282/7585/3107 3276/7582/3104
f 3310/7599/3121 3276/7582/3104 3282/7585/3107
f 3282/7585/3107 3284/7586/3108 3310/7599/3121
f 3312/7600/3122 3310/7599/3121 3284/7586/3108
f 3284/7586/3108 3286/7587/3109 3312/7600/3122
f 3314/7601/3123 3312/7600/3122 3286/7587/3109
f 3288/7588/3110 3316/7602/3124 3286/7587/3109
f 3314/7601/3123 3286/7587/3109 3316/7602/3124
f 3290/7589/3111 3318/7603/3125 3288/7588/3110
f 3316/7602/3124 3288/7588/3110 3318/7603/3125
f 3292/7590/3112 3320/7604/3126 3290/7589/3111
f 3318/7603/3125 3290/7589/3111 3320/7604/3126
f 3294/7591/3113 3298/7593/3115 3292/7590/3112
f 3320/7604/3126 3292/7590/3112 3298/7593/3115
f 3260/7574/3096 3298/7593/3115 3296/7592/3114
f 3294/7591/3113 3296/7592/3114 3298/7593/3115
f 3262/7575/3097 3300/7594/3116 3298/7593/3115
f 3320/7604/3126 3298/7593/3115 3300/7594/3116
f 3300/7594/3116 3264/7576/3098 3322/7605/3127
f 3302/7595/3117 3322/7605/3127 3264/7576/3098
f 3302/7595/3117 3266/7577/3099 3324/7606/3128
f 3304/7596/3118 3324/7606/3128 3266/7577/3099
f 3324/7606/3128 3304/7596/3118 3306/7597/3119
f 3270/7579/3101 3306/7597/3119 3304/7596/3118
f 3308/7598/3120 3326/7607/3129 3272/7580/3102
f 3306/7597/3119 3272/7580/3102 3326/7607/3129
f 3310/7599/3121 3312/7600/3122 3274/7581/3103
f 3308/7598/3120 3274/7581/3103 3312/7600/3122
f 3312/7600/3122 3314/7601/3123 3308/7598/3120
f 3326/7607/3129 3308/7598/3120 3314/7601/3123
f 3316/7602/3124 3328/7608/3130 3314/7601/3123
f 3326/7607/3129 3314/7601/3123 3328/7608/3130
f 3318/7603/3125 3322/7605/3127 3316/7602/3124
f 3328/7608/3130 3316/7602/3124 3322/7605/3127
f 3320/7604/3126 3300/7594/3116 3318/7603/3125
f 3322/7605/3127 3318/7603/3125 3300/7594/3116
f 3322/7605/3127 3302/7595/3117 3328/7608/3130
f 3324/7606/3128 3328/7608/3130 3302/7595/3117
f 3328/7608/3130 3324/7606/3128 3326/7607/3129
f 3306/7597/3119 3326/7607/3129 3324/7606/3128
