# SSTK version 0.8.0
# 2
mtllib original-2.mtl
o #ID8
v 0.01718541 0.81576888 -0.09757651
v 0.01104504 0.81512699 -0.09678999
v 0.01124963 0.81549375 -0.09848047
v 0.00511394 0.81509993 -0.09693204
v 0.01777140 0.81674387 -0.09952480
v 0.01662299 0.81534348 -0.09581129
v 0.01088079 0.81511660 -0.09564052
v 0.00522688 0.81521879 -0.09859941
v 0.02382811 0.81737075 -0.09805861
v 0.01155533 0.81573351 -0.10001390
v 0.02281947 0.81618774 -0.09606032
v 0.01641557 0.81514505 -0.09455393
v 0.00524230 0.81511075 -0.09576553
v -0.00047946 0.81528421 -0.09658245
v 0.02455033 0.81870087 -0.10010266
v 0.01839061 0.81776303 -0.10140399
v 0.02220954 0.81546085 -0.09415878
v 0.02165744 0.81509684 -0.09291260
v 0.01348858 0.81520095 -0.08360527
v 0.01009247 0.81521209 -0.09022194
v -0.00086006 0.81543976 -0.09806113
v 0.00518124 0.81546118 -0.10016791
v 0.03003577 0.81775451 -0.09660368
v 0.02900136 0.81666829 -0.09507788
v 0.01167177 0.81641221 -0.10161875
v 0.02808840 0.81584268 -0.09311103
v 0.01964909 0.81516039 -0.08778208
v 0.00530165 0.81513483 -0.08459672
v -0.00038594 0.81517310 -0.09535116
v -0.00610615 0.81541586 -0.09569881
v 0.03063619 0.81878376 -0.09797893
v 0.02557569 0.82075383 -0.10256809
v 0.01884596 0.81869295 -0.10282520
v 0.02729779 0.81526906 -0.09152603
v 0.02664302 0.81510510 -0.09038209
v 0.02109999 0.81511774 -0.08056332
v 0.00558818 0.81511439 -0.05276138
v -0.00681240 0.81595424 -0.09751340
v -0.00123338 0.81569405 -0.09979574
v 0.00511770 0.81585756 -0.10159047
v 0.03548562 0.81705787 -0.09310220
v 0.03484202 0.81644673 -0.09216128
v 0.03388591 0.81577919 -0.09090450
v 0.01188690 0.81692859 -0.10272438
v 0.03296021 0.81542050 -0.08961541
v 0.00044682 0.81507487 -0.09002993
v -0.00585430 0.81521755 -0.09439934
v -0.01153583 0.81532362 -0.09407661
v 0.03586794 0.81746743 -0.09361793
v 0.03109357 0.81939420 -0.09854628
v 0.01877845 0.81944715 -0.10348266
v 0.01193596 0.81759730 -0.10328364
v 0.03201982 0.81528537 -0.08826952
v 0.03127695 0.81511695 -0.08735348
v 0.02810676 0.81518179 -0.08298073
v 0.02777408 0.81511209 -0.07547879
v -0.01249231 0.81619531 -0.09597114
v -0.00748030 0.81661828 -0.09936009
v -0.00153636 0.81641014 -0.10149122
v 0.00516662 0.81647883 -0.10269152
v 0.04040019 0.81649493 -0.08828668
v 0.02746423 0.82131297 -0.10216094
v 0.03961276 0.81594319 -0.08759647
v 0.02390552 0.82128342 -0.10350616
v 0.03857757 0.81556115 -0.08661399
v 0.00509315 0.81689642 -0.10337023
v 0.03765941 0.81518056 -0.08539055
v 0.03524264 0.81518404 -0.07605730
v -0.00272537 0.81509595 -0.08336599
v -0.01110556 0.81519027 -0.09278669
v -0.01701627 0.81532893 -0.09143129
v 0.04090655 0.81702169 -0.08878437
v 0.03616944 0.81809577 -0.09386274
v 0.02600487 0.82201980 -0.10349365
v 0.03124851 0.82009677 -0.09857846
v 0.01203168 0.81822993 -0.10369551
v 0.01885425 0.81995828 -0.10367064
v 0.02577663 0.82205721 -0.10368418
v 0.00511232 0.81757704 -0.10359849
v 0.03656366 0.81519400 -0.08436108
v 0.03573990 0.81521623 -0.08351689
v 0.03299837 0.81517114 -0.06887528
v -0.01064439 0.81507273 -0.08031072
v -0.01795336 0.81592749 -0.09295215
v -0.01346270 0.81733709 -0.09802437
v -0.00811375 0.81762605 -0.10109919
v -0.00181937 0.81689628 -0.10256616
v -0.00183412 0.81754135 -0.10320729
v 0.04534796 0.81707309 -0.08351305
v 0.02780161 0.82182573 -0.10238207
v 0.04436847 0.81626551 -0.08283559
v 0.02388123 0.82197917 -0.10389575
v 0.02585303 0.82257390 -0.10393825
v 0.04318069 0.81573909 -0.08198354
v -0.00187788 0.81824146 -0.10365812
v 0.04181185 0.81545516 -0.08104812
v 0.03960047 0.81522285 -0.07942215
v 0.03616221 0.81509270 -0.06156497
v -0.01777405 0.81508245 -0.08258676
v -0.00902704 0.81511320 -0.08775324
v -0.01631549 0.81515217 -0.09024504
v -0.02207097 0.81521608 -0.08791925
v 0.04116607 0.81749754 -0.08897232
v 0.04574981 0.81749718 -0.08393109
v 0.03621986 0.81892873 -0.09411527
v 0.02629185 0.82203881 -0.10345596
v 0.03139792 0.82082114 -0.09886309
v 0.00498479 0.81830605 -0.10387045
v 0.01201159 0.81907371 -0.10387827
v 0.01876312 0.82075583 -0.10391268
v -0.00194603 0.81897997 -0.10392776
v 0.04056123 0.81519177 -0.08007412
v 0.04260504 0.81512787 -0.07463739
v 0.04290016 0.81522332 -0.05832590
v 0.04014448 0.81508305 -0.06762914
v -0.02126827 0.81505510 -0.08697592
v -0.01726244 0.81514902 -0.07511197
v -0.02282013 0.81542850 -0.08907092
v -0.01877049 0.81674123 -0.09479600
v -0.01431202 0.81858279 -0.09987489
v -0.00859978 0.81879830 -0.10261847
v -0.00877617 0.81946097 -0.10330055
v 0.05016929 0.81864118 -0.07879112
v 0.02628731 0.82268564 -0.10370787
v 0.02776577 0.82279328 -0.10246629
v 0.04893492 0.81779855 -0.07802166
v 0.02392413 0.82268174 -0.10413591
v 0.02580400 0.82353811 -0.10408695
v 0.04721312 0.81678161 -0.07707425
v -0.00865047 0.82000259 -0.10351840
v 0.04533254 0.81585701 -0.07612949
v 0.04690486 0.81515579 -0.06463571
v 0.03750650 0.81521535 -0.05310996
v 0.04505881 0.81523070 -0.06970129
v -0.02550755 0.81520664 -0.08306309
v -0.02233740 0.81521974 -0.06860513
v -0.02630301 0.81514613 -0.08375421
v 0.04128227 0.81835995 -0.08915379
v 0.04597964 0.81829329 -0.08422140
v 0.05063434 0.81939141 -0.07913941
v 0.03631876 0.81995630 -0.09422231
v 0.03163403 0.82181656 -0.09895997
v -0.00190867 0.81998372 -0.10406884
v 0.00512151 0.81946849 -0.10411360
v 0.01205880 0.81995944 -0.10404639
v 0.01895565 0.82194804 -0.10410189
v -0.00859545 0.82081856 -0.10372075
v 0.04374595 0.81537491 -0.07519017
v 0.04823053 0.81523458 -0.05932037
v 0.03651503 0.81515493 -0.04452173
v -0.02950683 0.81511609 -0.06738095
v -0.02475054 0.81505527 -0.07552100
v -0.02891418 0.81514193 -0.07869184
v -0.02723915 0.81529725 -0.08486525
v -0.02378750 0.81590396 -0.09043743
v -0.01978633 0.81764192 -0.09636972
v -0.01536775 0.82086389 -0.10229426
v -0.01380694 0.82134539 -0.10328095
v 0.05477676 0.82079698 -0.07365957
v 0.02640088 0.82340646 -0.10379297
v 0.02802195 0.82384871 -0.10263997
v 0.05242918 0.81864740 -0.07272004
v 0.02398431 0.82367406 -0.10422057
v 0.02588794 0.82445860 -0.10416186
v 0.05032366 0.81732756 -0.07182287
v -0.01369517 0.82184607 -0.10351337
v 0.04825866 0.81609074 -0.07091927
v 0.04626895 0.81544386 -0.07010533
v 0.04826944 0.81524625 -0.06506291
v 0.04875797 0.81512401 -0.05320881
v 0.04078564 0.81516627 -0.03852452
v 0.04315926 0.81523533 -0.04799767
v -0.02992424 0.81512664 -0.07939402
v -0.03451636 0.81518816 -0.06937818
v -0.02511796 0.81518119 -0.06114277
v -0.03211300 0.81507336 -0.07431830
v 0.04134812 0.81942378 -0.08930929
v 0.04619831 0.81901484 -0.08438580
v 0.05078759 0.81994596 -0.07933398
v 0.05435391 0.82122640 -0.07570231
v 0.03652618 0.82112676 -0.09439159
v 0.03154918 0.82300939 -0.09920277
v -0.00872445 0.82176637 -0.10389910
v -0.00193342 0.82121911 -0.10419369
v 0.00512541 0.82051050 -0.10418369
v 0.01199330 0.82119364 -0.10428962
v 0.01897244 0.82305597 -0.10426292
v -0.01386541 0.82272361 -0.10379935
v 0.04945173 0.81515212 -0.05942014
v 0.04746576 0.81516236 -0.04164187
v 0.03387122 0.81516949 -0.03752550
v 0.04842380 0.81520245 -0.04712744
v -0.03595831 0.81508031 -0.06422998
v -0.02576517 0.81518518 -0.05245448
v -0.03337257 0.81539190 -0.07486915
v -0.03116057 0.81543669 -0.08032732
v -0.02822897 0.81546845 -0.08606198
v -0.02458592 0.81631496 -0.09183063
v -0.02045401 0.81863293 -0.09755270
v -0.01589166 0.82212983 -0.10326338
v -0.01569021 0.82210273 -0.10347965
v 0.05568701 0.82209469 -0.07439493
v 0.05512736 0.81863846 -0.06689788
v 0.02649626 0.82450368 -0.10393369
v 0.02801120 0.82487087 -0.10279374
v 0.05371230 0.81770021 -0.06653494
v 0.02402063 0.82496035 -0.10439400
v 0.02603280 0.82559280 -0.10431157
v 0.05189669 0.81678042 -0.06609001
v -0.01558508 0.82267010 -0.10350562
v 0.05007968 0.81591428 -0.06551053
v 0.05084458 0.81545873 -0.05959137
v 0.04981856 0.81525671 -0.05335802
v 0.04585398 0.81507547 -0.03647983
v 0.02900209 0.81515167 -0.03083845
v -0.03740638 0.81529978 -0.06437211
v -0.03594324 0.81540475 -0.06982718
v -0.03138048 0.81510061 -0.04696925
v -0.03143201 0.81509375 -0.05767601
v -0.03678225 0.81508898 -0.05835808
v -0.02080435 0.81939807 -0.09806022
v 0.04142280 0.82057453 -0.08936143
v 0.04630972 0.82004775 -0.08439924
v 0.05113444 0.82094588 -0.07961666
v 0.05454978 0.82195799 -0.07583005
v 0.05581058 0.82263929 -0.07455167
v 0.03639044 0.86696804 -0.09439010
v 0.05585591 0.81949081 -0.06704681
v 0.03169988 0.86498146 -0.09904395
v -0.01387827 0.82366974 -0.10400125
v -0.00876987 0.82303480 -0.10402569
v 0.00502618 0.86741722 -0.10411620
v 0.01215612 0.86692240 -0.10416553
v 0.01885087 0.86502926 -0.10432723
v 0.02410936 0.86317510 -0.10434975
v -0.01572924 0.82343345 -0.10376817
v 0.05141469 0.81520390 -0.05337504
v 0.04957755 0.81514896 -0.04709185
v 0.04879695 0.81531073 -0.04127418
v 0.04377604 0.81511081 -0.03203270
v 0.02927606 0.81517785 -0.02291696
v 0.03658370 0.81524858 -0.03059989
v -0.03788336 0.81510736 -0.05859513
v -0.03650322 0.81508628 -0.04613292
v -0.02499118 0.81517485 -0.04351989
v -0.03698027 0.81515473 -0.05218984
v -0.03491408 0.81585067 -0.07571777
v -0.03253064 0.81576926 -0.08136514
v -0.02931274 0.81581479 -0.08712282
v -0.02517514 0.81697357 -0.09272042
v -0.02563578 0.81755226 -0.09317815
v -0.01733036 0.82127895 -0.10178486
v 0.05573155 0.81752617 -0.06013343
v 0.05578498 0.82137185 -0.07223703
v 0.05528488 0.81700027 -0.06013043
v 0.02661796 0.82574019 -0.10404961
v 0.02798584 0.86302121 -0.10280642
v 0.05398618 0.81628195 -0.05999974
v -0.00869776 0.86506406 -0.10406852
v -0.00192990 0.86689387 -0.10417419
v 0.02604410 0.86234137 -0.10440181
v 0.05251998 0.81573573 -0.05983872
v 0.05270569 0.81555239 -0.05316855
v 0.05109661 0.81550696 -0.04678232
v 0.04711612 0.81544275 -0.03590141
v 0.03721638 0.81525659 -0.02299553
v 0.02189937 0.81521745 -0.02502445
v 0.04108143 0.81518597 -0.02782708
v -0.03902374 0.81578218 -0.06493739
v -0.03780905 0.81621977 -0.07055845
v -0.03593041 0.81517308 -0.04032579
v -0.02239986 0.81520600 -0.03637223
v -0.03823279 0.81511230 -0.05234487
v -0.02590038 0.81827318 -0.09345357
v -0.02119748 0.81999021 -0.09826687
v -0.01603169 0.82204969 -0.10321081
v 0.04138158 0.86753195 -0.08941995
v 0.04641783 0.82105672 -0.08456806
v 0.05116736 0.82193641 -0.07967119
v 0.05474351 0.82267563 -0.07600702
v 0.05606490 0.82344017 -0.07455642
v 0.03151321 0.86611130 -0.09895554
v 0.05614435 0.81827391 -0.06022950
v 0.05579447 0.82202948 -0.07414792
v 0.05609849 0.81994813 -0.06702941
v 0.02665189 0.86240314 -0.10414819
v 0.02784538 0.86428698 -0.10253838
v -0.01572906 0.82457900 -0.10399273
v -0.01387863 0.82502328 -0.10397316
v 0.01201542 0.86793423 -0.10411921
v 0.00508001 0.86869489 -0.10401439
v 0.01885033 0.86622587 -0.10425255
v 0.02389989 0.86422388 -0.10413887
v 0.02623939 0.82582130 -0.10422865
v 0.05274760 0.81581129 -0.04657246
v 0.05046648 0.81592241 -0.04088213
v 0.04889722 0.81622706 -0.03525663
v 0.04487198 0.81533511 -0.03137084
v 0.03278032 0.81512070 -0.01864323
v 0.01409112 0.81508436 -0.02161504
v -0.03967014 0.81541884 -0.05882377
v -0.03711049 0.81531655 -0.04012210
v -0.03790444 0.81518220 -0.04603745
v -0.02462597 0.81515371 -0.02941487
v -0.02940900 0.81524437 -0.03723396
v -0.03446651 0.81508133 -0.03504806
v -0.03669307 0.81662476 -0.07662868
v -0.03377422 0.81635809 -0.08219213
v -0.03010512 0.81646952 -0.08782587
v -0.03049336 0.81693829 -0.08821788
v -0.03072623 0.81765002 -0.08844032
v -0.01761528 0.82190266 -0.10188504
v -0.01627271 0.82267957 -0.10344507
v 0.04146637 0.86872318 -0.08936646
v 0.03643397 0.86805948 -0.09422330
v 0.05593388 0.81687130 -0.05325108
v 0.05532455 0.81644715 -0.05321809
v 0.05603472 0.82185123 -0.07203624
v 0.02635624 0.86224936 -0.10435943
v 0.02657870 0.86361608 -0.10404114
v 0.05417859 0.81586461 -0.05327497
v -0.01397989 0.86310350 -0.10401408
v -0.00869291 0.86618440 -0.10407525
v -0.00195124 0.86793593 -0.10406452
v 0.02593223 0.86349067 -0.10433880
v 0.05418698 0.81643057 -0.04647575
v 0.05229612 0.81670452 -0.04024743
v 0.04643728 0.81591750 -0.03056458
v 0.04204993 0.81523495 -0.02697799
v 0.03798680 0.81517039 -0.02219321
v 0.02768412 0.81519709 -0.01516834
v 0.01075277 0.81513057 -0.01486244
v 0.02028632 0.81524562 -0.01749882
v -0.03989835 0.81719821 -0.07132560
v -0.04110533 0.81666270 -0.06537001
v -0.03564076 0.81535210 -0.03453943
v -0.02900643 0.81506019 -0.02610115
v -0.01712952 0.81507489 -0.02988185
v -0.03229225 0.81509696 -0.03053312
v -0.03968870 0.81524465 -0.05238683
v -0.03089204 0.81846807 -0.08878740
v -0.02595077 0.81907446 -0.09359422
v -0.02133290 0.82090789 -0.09848594
v 0.04637301 0.86802231 -0.08442941
v 0.04636128 0.86677813 -0.08454570
v 0.05137727 0.82297253 -0.07968501
v 0.05477531 0.82385328 -0.07609219
v 0.05622620 0.82451435 -0.07478938
v 0.02795169 0.86524152 -0.10242589
v 0.03144465 0.86721207 -0.09885073
v 0.05612431 0.81766507 -0.05313881
v 0.05641480 0.81899110 -0.06023595
v 0.05601222 0.82214742 -0.07390906
v 0.05632740 0.82086984 -0.06704185
v 0.02638740 0.86448831 -0.10377980
v -0.01576858 0.82564242 -0.10407574
v -0.01382534 0.86418577 -0.10392638
v 0.01879553 0.86710888 -0.10404633
v 0.01199981 0.86906369 -0.10392161
v 0.00506416 0.86969075 -0.10397157
v 0.02398113 0.86534256 -0.10398559
v 0.05394546 0.81778791 -0.03975314
v 0.05078208 0.81735856 -0.03435929
v 0.04787060 0.81680345 -0.02951512
v 0.04303615 0.81553047 -0.02594327
v 0.03331544 0.81529687 -0.01768831
v 0.01708508 0.81507517 -0.01060726
v 0.00577647 0.81507475 -0.02041917
v 0.02240635 0.81514812 -0.01251922
v -0.04150532 0.81574781 -0.05894991
v -0.03899093 0.81597491 -0.03967497
v -0.03955146 0.81535953 -0.04589787
v -0.02533358 0.81513609 -0.02184233
v -0.01045860 0.81511972 -0.02471658
v -0.03337239 0.81535040 -0.02994575
v -0.03835988 0.81768217 -0.07737421
v -0.03489512 0.81704135 -0.08301810
v -0.03527765 0.81764864 -0.08329741
v -0.03553314 0.81824485 -0.08356325
v -0.03585565 0.81906256 -0.08369450
v -0.01762568 0.82271596 -0.10208801
v -0.01632962 0.82348927 -0.10353151
v 0.04627845 0.86909346 -0.08428967
v 0.04126084 0.86954791 -0.08924159
v 0.05134809 0.86500718 -0.07961497
v 0.03623580 0.86908634 -0.09399080
v 0.05526289 0.81706198 -0.04639127
v 0.05594322 0.81762995 -0.04638339
v 0.05611219 0.82253336 -0.07392391
v 0.05636235 0.82278428 -0.07200153
v -0.01588823 0.86241368 -0.10414061
v -0.01582019 0.86361492 -0.10394742
v -0.01375644 0.86526335 -0.10383869
v -0.00856024 0.86722555 -0.10373617
v -0.00192138 0.86903077 -0.10388921
v 0.02589801 0.86448366 -0.10407908
v 0.05528341 0.81867277 -0.03949912
v 0.05269929 0.81858749 -0.03363782
v 0.04395777 0.81577167 -0.02466992
v 0.03880633 0.81537925 -0.02109641
v 0.03419067 0.81543874 -0.01638045
v 0.02838333 0.81542974 -0.01398607
v 0.01168113 0.81509463 -0.00937546
v -0.00271349 0.81512538 -0.02161853
v -0.04184735 0.81872007 -0.07211374
v -0.04307531 0.81763613 -0.06587078
v -0.03755419 0.81621245 -0.03401153
v -0.02599643 0.81520791 -0.02108392
v -0.02999181 0.81529006 -0.02546528
v -0.00910592 0.81510881 -0.01723006
v -0.01760880 0.81521476 -0.02219489
v -0.02096700 0.81511161 -0.01776121
v -0.04151256 0.81537368 -0.05233125
v -0.03588424 0.81994513 -0.08387410
v -0.03096580 0.81934097 -0.08885723
v -0.02604367 0.81995729 -0.09371882
v -0.02127110 0.82195339 -0.09869636
v 0.05098004 0.86710118 -0.07958889
v 0.05118406 0.86623532 -0.07960559
v 0.05487327 0.86309150 -0.07607371
v 0.05490043 0.82502528 -0.07610554
v 0.05636889 0.82558834 -0.07470430
v 0.02628490 0.86544220 -0.10364001
v 0.02780201 0.86615839 -0.10222448
v 0.03131930 0.86791314 -0.09875329
v 0.05645953 0.81839931 -0.05328666
v 0.05619348 0.81825778 -0.04634636
v 0.05663940 0.82006055 -0.06030266
v 0.05651374 0.82189597 -0.06702432
v -0.01618990 0.82578308 -0.10399378
v -0.01573207 0.86454632 -0.10380182
v 0.02387103 0.86621211 -0.10382142
v 0.01876631 0.86793881 -0.10370824
v 0.01204130 0.86986118 -0.10379170
v 0.00513934 0.87051481 -0.10353895
v 0.05503234 0.82073681 -0.03262279
v 0.04941498 0.81770656 -0.02846751
v 0.04501492 0.81645357 -0.02367371
v 0.03957145 0.81558416 -0.01985803
v 0.02912957 0.81596157 -0.01248571
v 0.02288518 0.81540773 -0.01139712
v 0.01752190 0.81538954 -0.00944914
v 0.00577946 0.81525486 -0.00901759
v 0.00068326 0.81517039 -0.01469911
v -0.04307793 0.81633084 -0.05916724
v -0.04127511 0.81574605 -0.04587671
v -0.04096761 0.81661532 -0.03934936
v -0.02168817 0.81522574 -0.01686911
v -0.01121954 0.81525814 -0.01234843
v -0.01627983 0.81512228 -0.01476641
v -0.03479769 0.81596565 -0.02920072
v -0.03966873 0.81874676 -0.07811238
v -0.04024628 0.81939881 -0.07850649
v -0.04044394 0.82005749 -0.07884800
v -0.04056253 0.82083652 -0.07896511
v -0.01767014 0.82379956 -0.10236020
v -0.01637292 0.82446968 -0.10377312
v 0.05078245 0.86799885 -0.07951539
v 0.04598375 0.86978646 -0.08418897
v 0.04111472 0.87039874 -0.08911767
v 0.05475445 0.86415668 -0.07605041
v 0.03605267 0.86989385 -0.09387024
v 0.05610647 0.81944320 -0.03941837
v 0.05627588 0.82342335 -0.07402490
v 0.05660488 0.82368859 -0.07207207
v -0.01610825 0.86218830 -0.10396863
v -0.01555832 0.86540794 -0.10365971
v -0.01379960 0.86621086 -0.10359124
v -0.00864529 0.86790305 -0.10354734
v -0.00176797 0.86989704 -0.10357734
v 0.02576199 0.86542357 -0.10380837
v 0.05062728 0.81873455 -0.02775282
v 0.04033930 0.81591929 -0.01880472
v 0.03493127 0.81584690 -0.01506566
v 0.02997912 0.81680773 -0.01090532
v 0.02379231 0.81615935 -0.00960401
v 0.01187331 0.81516886 -0.00824726
v -0.00579701 0.81511190 -0.01043843
v 0.00008734 0.81513661 -0.00937242
v -0.04418613 0.82070579 -0.07308183
v -0.04438366 0.81868808 -0.06631876
v -0.03961023 0.81741323 -0.03334831
v -0.02691697 0.81530194 -0.01998689
v -0.03120596 0.81547087 -0.02469158
v -0.01688310 0.81531622 -0.01365105
v -0.04310241 0.81587975 -0.05246434
v -0.04063773 0.82177638 -0.07897301
v -0.03593525 0.82110667 -0.08393395
v -0.03118920 0.82052802 -0.08885835
v -0.02620554 0.82111602 -0.09385488
v -0.02138402 0.82303661 -0.09874080
v 0.05443275 0.86606656 -0.07593980
v 0.05463849 0.86537140 -0.07597866
v 0.05625912 0.86230753 -0.07483895
v 0.02618603 0.86589837 -0.10343695
v 0.02742497 0.86664326 -0.10215744
v 0.03106319 0.86863576 -0.09845616
v 0.05660030 0.81946931 -0.05329416
v 0.05647007 0.81895951 -0.04622208
v 0.05639878 0.81999445 -0.03945597
v 0.05673191 0.82114167 -0.06028512
v 0.05670786 0.82306909 -0.06696019
v -0.01643730 0.86236721 -0.10379370
v 0.02401505 0.86680227 -0.10361387
v 0.01878803 0.86866056 -0.10347927
v 0.01208358 0.87054677 -0.10340807
v 0.00500603 0.87106186 -0.10332654
v 0.02585727 0.86595633 -0.10368518
v 0.05611295 0.82132179 -0.03433642
v 0.05100395 0.81944978 -0.02721610
v 0.04567847 0.81696012 -0.02277975
v 0.04088841 0.81645134 -0.01792197
v 0.03551371 0.81647331 -0.01399606
v 0.02449491 0.81726076 -0.00772991
v 0.01802845 0.81585212 -0.00789057
v 0.01200627 0.81548689 -0.00684445
v 0.00578263 0.81515579 -0.00788471
v -0.04442617 0.81698438 -0.05942477
v -0.04304282 0.81641740 -0.04566575
v -0.04288959 0.81776688 -0.03892322
v -0.02244724 0.81537084 -0.01585173
v -0.00614153 0.81540291 -0.00926205
v -0.01167059 0.81526951 -0.01115859
v -0.03643041 0.81667376 -0.02834429
v -0.04381291 0.82125874 -0.07487249
v -0.04402072 0.82180461 -0.07519936
v -0.04410016 0.82265790 -0.07537092
v -0.01784861 0.82494465 -0.10238382
v -0.01651734 0.82560601 -0.10382516
v 0.05444897 0.86667634 -0.07554226
v 0.05070294 0.86866112 -0.07910721
v 0.04577433 0.87037961 -0.08398187
v 0.04079218 0.87104065 -0.08884319
v 0.05617306 0.86359925 -0.07466979
v 0.03592948 0.87050747 -0.09365169
v 0.05647377 0.82447998 -0.07411032
v 0.05661428 0.82503218 -0.07211659
v -0.01556456 0.86588597 -0.10336590
v -0.01389670 0.86665435 -0.10335430
v -0.00859284 0.86861686 -0.10329014
v -0.00184247 0.87044121 -0.10320726
v 0.05625488 0.82214358 -0.03255864
v 0.04615341 0.81761969 -0.02231898
v 0.05464851 0.82133815 -0.03087215
v 0.03605371 0.81695583 -0.01302903
v 0.03076555 0.81768600 -0.00929955
v 0.02530636 0.81860240 -0.00583545
v 0.01866662 0.81665360 -0.00602449
v 0.00588087 0.81523605 -0.00663436
v -0.00003818 0.81523782 -0.00825322
v -0.04524324 0.81932109 -0.06622797
v -0.04511712 0.81751330 -0.05943650
v -0.04163277 0.81865141 -0.03273831
v -0.03242206 0.81587890 -0.02365602
v -0.02795501 0.81559566 -0.01900905
v -0.01757604 0.81574985 -0.01221414
v -0.04437649 0.81648204 -0.05253703
v -0.04428073 0.82370323 -0.07543884
v -0.04070363 0.82295851 -0.07912645
v -0.03111512 0.86742848 -0.08886943
v -0.02616085 0.86697265 -0.09390215
v -0.02137109 0.86491073 -0.09870589
v 0.05572976 0.86597827 -0.07438051
v 0.05599581 0.86452082 -0.07471985
v 0.05656562 0.82568811 -0.07447861
v 0.02556507 0.86749454 -0.10238179
v 0.03044257 0.86999013 -0.09758429
v 0.05665232 0.82052528 -0.05315952
v 0.05672658 0.81992834 -0.04617487
v 0.05663733 0.82076861 -0.03943104
v 0.05635392 0.82184752 -0.03439032
v 0.05661227 0.86494060 -0.06704638
v 0.05670204 0.86316174 -0.07215736
v -0.01780779 0.86310490 -0.10239040
v 0.01872156 0.87009762 -0.10237259
v 0.01196174 0.87175548 -0.10256233
v 0.00514719 0.87228220 -0.10247358
v 0.05636160 0.82270000 -0.03242755
v 0.04641074 0.81822079 -0.02209463
v 0.05603962 0.82199973 -0.03234848
v 0.05122132 0.81999308 -0.02696794
v 0.04127931 0.81688609 -0.01738021
v 0.03139073 0.81874800 -0.00815917
v 0.01916218 0.81776319 -0.00433865
v 0.01223876 0.81595039 -0.00544253
v 0.00590849 0.81549133 -0.00516082
v -0.00029570 0.81543622 -0.00693810
v -0.04534762 0.82125496 -0.07140083
v -0.04508928 0.81698919 -0.05261234
v -0.04425812 0.81697465 -0.04569905
v -0.04422420 0.81873790 -0.03868897
v -0.02316307 0.81586033 -0.01457544
v -0.00639851 0.81573266 -0.00781196
v -0.01236238 0.81596485 -0.00949542
v -0.03802374 0.81784347 -0.02767903
v -0.04532266 0.82213241 -0.07345347
v -0.04523799 0.82211062 -0.07370109
v -0.04527685 0.82260658 -0.07376413
v -0.04555032 0.82347691 -0.07396538
v -0.04072845 0.86498937 -0.07906792
v -0.03598309 0.86693202 -0.08399245
v 0.05472263 0.86762991 -0.07370039
v 0.05580119 0.86538136 -0.07450450
v 0.04980150 0.87012351 -0.07853627
v 0.04509576 0.87162671 -0.08346716
v 0.04018340 0.87228244 -0.08817905
v 0.05650070 0.86233175 -0.07450616
v 0.03531011 0.87173199 -0.09293364
v 0.05674667 0.86748615 -0.05323253
v 0.05676554 0.86689431 -0.06027819
v 0.05667663 0.82570002 -0.07408859
v 0.05655183 0.86233054 -0.07411172
v -0.01778485 0.86427210 -0.10230607
v -0.01536396 0.86756821 -0.10215530
v -0.00844183 0.87000354 -0.10228094
v -0.00168330 0.87169437 -0.10236918
v 0.05492949 0.82193190 -0.03056880
v 0.03645291 0.81758056 -0.01255211
v 0.02639283 0.82077123 -0.00343102
v 0.01948667 0.81876482 -0.00305463
v 0.01239432 0.81647518 -0.00418382
v -0.00059456 0.81583709 -0.00544990
v -0.04546139 0.81810123 -0.05951720
v -0.04537375 0.82005689 -0.06632815
v -0.04531251 0.82217637 -0.07320484
v -0.04538630 0.81759464 -0.05251246
v -0.04395587 0.82081596 -0.03207467
v -0.03362649 0.81638421 -0.02287938
v -0.02879607 0.81583439 -0.01803298
v -0.01824135 0.81649634 -0.01065693
v -0.04499968 0.81755293 -0.04566892
v -0.04560643 0.82448251 -0.07400157
v -0.04449290 0.82483883 -0.07545798
v -0.04431897 0.86305452 -0.07551091
v -0.02621173 0.86806586 -0.09370812
v -0.03092555 0.86869845 -0.08881887
v -0.02126005 0.86618092 -0.09858471
v 0.02392619 0.87251507 -0.09848504
v 0.02930611 0.87326618 -0.09538328
v 0.05671894 0.82104618 -0.04630510
v 0.05678881 0.82180436 -0.03936537
v 0.05656467 0.82276960 -0.03442082
v 0.05671300 0.82349660 -0.03241644
v 0.05641966 0.86429202 -0.07212972
v 0.05662096 0.86609629 -0.06700616
v 0.05649904 0.86360092 -0.07404140
v -0.01643006 0.86354390 -0.10365680
v 0.01802052 0.87311954 -0.09993756
v 0.01174422 0.87421661 -0.10040002
v 0.00519239 0.87434919 -0.10052517
v -0.00140219 0.87415962 -0.10029379
v 0.04159466 0.81754686 -0.01728992
v 0.04669867 0.81895099 -0.02191593
v 0.05606670 0.82215337 -0.03216826
v 0.05134548 0.82080063 -0.02685499
v 0.03178823 0.81946829 -0.00769875
v 0.01259165 0.81689095 -0.00303087
v 0.00579180 0.81591772 -0.00399092
v -0.00092093 0.81643686 -0.00411699
v -0.00699429 0.81657022 -0.00619049
v -0.04544597 0.82191489 -0.07144949
v -0.04552526 0.82270983 -0.07323907
v -0.04534813 0.81818208 -0.04552001
v -0.04501669 0.81934482 -0.03881624
v -0.02396950 0.81625475 -0.01355838
v -0.01301531 0.81693362 -0.00768990
v -0.03936089 0.81874792 -0.02699247
v -0.04439178 0.86423704 -0.07532564
v -0.04075999 0.86615657 -0.07893917
v -0.03587802 0.86800679 -0.08376840
v 0.04765716 0.87326782 -0.07741149
v 0.04361261 0.87413650 -0.08215335
v 0.03898208 0.87442099 -0.08682381
v 0.03429500 0.87411532 -0.09131049
v 0.05671442 0.86692908 -0.04634043
v 0.05655759 0.86867525 -0.05323049
v 0.05649019 0.86811863 -0.06014645
v -0.01764614 0.86534029 -0.10213350
v -0.01362146 0.87267555 -0.09841179
v -0.00774345 0.87310677 -0.09997507
v 0.05623084 0.82259104 -0.03198305
v 0.05498273 0.82263273 -0.03051274
v 0.03668967 0.81825114 -0.01232573
v 0.01949657 0.81941204 -0.00240414
v 0.01269731 0.81748424 -0.00248809
v 0.00569601 0.81644344 -0.00303305
v -0.00756650 0.81762726 -0.00430791
v -0.04557809 0.81829777 -0.05242809
v -0.04563451 0.81906691 -0.05938801
v -0.04568974 0.82094580 -0.06629950
v -0.04543865 0.81907768 -0.04562356
v -0.04494943 0.82128490 -0.03352585
v -0.03436618 0.81703400 -0.02214186
v -0.02965869 0.81647188 -0.01735955
v -0.01911893 0.81767352 -0.00904702
v -0.03978148 0.81945812 -0.02650850
v -0.04587753 0.82572858 -0.07412226
v -0.04575476 0.86242192 -0.07410573
v -0.04567887 0.86352550 -0.07406497
v -0.02121401 0.86722099 -0.09850940
v -0.02610595 0.86906408 -0.09369113
v -0.03091606 0.86954150 -0.08872766
v 0.05080325 0.87262497 -0.07212438
v 0.01729720 0.87767250 -0.09737951
v 0.02274067 0.87743203 -0.09558632
v 0.02814297 0.87761392 -0.09284782
v 0.05677279 0.86810499 -0.04623270
v 0.05673448 0.86507628 -0.03933085
v 0.05683135 0.82292793 -0.03938995
v 0.05676948 0.82368923 -0.03428327
v 0.05682592 0.82440020 -0.03233474
v 0.05630594 0.86454602 -0.07408001
v 0.05630711 0.86524423 -0.07211037
v 0.05633007 0.86718851 -0.06698252
v -0.01636913 0.86447342 -0.10357612
v -0.01881633 0.87321265 -0.09516641
v 0.01134946 0.87785725 -0.09829684
v 0.00521387 0.87797093 -0.09845192
v -0.00093781 0.87776665 -0.09819928
v -0.00674857 0.87749539 -0.09733547
v 0.04174612 0.81839028 -0.01701432
v 0.04669160 0.82007203 -0.02190700
v 0.05158269 0.82190858 -0.02668347
v 0.03197637 0.82011193 -0.00753011
v 0.02817273 0.82125119 -0.00399355
v 0.02478399 0.82124727 -0.00247718
v -0.00101212 0.81688803 -0.00308801
v -0.00789576 0.81862495 -0.00303393
v -0.01373698 0.81839197 -0.00575896
v -0.04568698 0.82277773 -0.07136883
v -0.04570753 0.82341486 -0.07326697
v -0.04523430 0.82007647 -0.03879675
v -0.04507233 0.82212099 -0.03163884
v -0.02463582 0.81695393 -0.01248059
v -0.03483851 0.81752863 -0.02185065
v -0.04361867 0.82128436 -0.03017372
v -0.04551566 0.86459083 -0.07400748
v -0.04411625 0.86522596 -0.07534666
v -0.04051876 0.86719481 -0.07888915
v -0.03587230 0.86893056 -0.08379476
v 0.04178889 0.87775383 -0.08078093
v 0.04517268 0.87749553 -0.07615578
v 0.05483077 0.87006881 -0.06676122
v 0.03761387 0.87780034 -0.08527593
v 0.03301513 0.87772133 -0.08929019
v 0.05663527 0.86617749 -0.03954278
v 0.05648803 0.86895747 -0.04632766
v 0.05644982 0.86953731 -0.05314066
v 0.05633164 0.86897939 -0.06017230
v -0.01753562 0.86606193 -0.10203709
v -0.01743995 0.87757343 -0.09296671
v -0.02010812 0.86993993 -0.09739590
v -0.01218726 0.87738186 -0.09557723
v 0.05631800 0.82350422 -0.03177468
v 0.05520350 0.82376674 -0.03047092
v 0.03680715 0.81898739 -0.01211647
v 0.02696769 0.82209410 -0.00246372
v 0.01268286 0.81823627 -0.00224365
v 0.02675004 0.82198199 -0.00249692
v 0.01955717 0.82007247 -0.00215427
v 0.00572497 0.81698992 -0.00242275
v -0.01464729 0.82083690 -0.00318620
v -0.04578864 0.82007516 -0.04556291
v -0.04577449 0.81929959 -0.05250148
v -0.04582179 0.82001317 -0.05947616
v -0.04592714 0.82188607 -0.06631958
v -0.04550465 0.82089262 -0.03885234
v -0.04528887 0.82191439 -0.03371320
v -0.02998414 0.81701862 -0.01692277
v -0.02515246 0.81755532 -0.01204690
v -0.01974845 0.81867331 -0.00786110
v -0.03508440 0.81813018 -0.02167675
v -0.04002743 0.82005419 -0.02630793
v -0.04482708 0.82209498 -0.03139763
v -0.04589850 0.86223237 -0.07381476
v -0.02104015 0.86800531 -0.09835180
v -0.02582928 0.86985531 -0.09345240
v -0.03065022 0.87046511 -0.08843107
v 0.04795994 0.87738930 -0.07086993
v 0.05581965 0.86858921 -0.06690321
v 0.05229190 0.87315942 -0.06604386
v 0.01116981 0.88258517 -0.09669837
v 0.01689177 0.88264257 -0.09549392
v 0.02215172 0.88268285 -0.09374404
v 0.02723960 0.88263626 -0.09116090
v 0.05654337 0.86716680 -0.03954068
v 0.05670259 0.86425677 -0.03429707
v 0.05690001 0.86310554 -0.03423512
v 0.05682445 0.82485397 -0.03431698
v 0.05693035 0.82572410 -0.03231705
v 0.05610987 0.86540297 -0.07407019
v 0.05616101 0.86618053 -0.07211559
v 0.05621263 0.86791066 -0.06696914
v -0.01626377 0.86530723 -0.10335160
v -0.02233427 0.87784954 -0.08950042
v -0.02077320 0.86857583 -0.09813430
v -0.02362802 0.87422669 -0.09112536
v 0.00509478 0.88266667 -0.09693786
v -0.00072707 0.88256261 -0.09657346
v -0.00636585 0.88264181 -0.09551396
v -0.01142366 0.88266990 -0.09398121
v 0.04188870 0.81939464 -0.01695748
v 0.04685373 0.82118862 -0.02193643
v 0.05158646 0.82294234 -0.02672770
v 0.03215650 0.82080275 -0.00720621
v 0.02832189 0.82198670 -0.00382977
v 0.02701638 0.82254981 -0.00247532
v 0.02457008 0.82197879 -0.00219529
v -0.00121025 0.81751847 -0.00231474
v -0.00791795 0.81943312 -0.00236512
v -0.04594362 0.82368944 -0.07152814
v -0.04591675 0.82441735 -0.07335615
v -0.04509114 0.82207152 -0.03174176
v -0.03015939 0.81757111 -0.01670518
v -0.04360897 0.82181185 -0.02987943
v -0.04512613 0.82253938 -0.03124269
v -0.04586820 0.82568136 -0.07384652
v -0.04530420 0.86544398 -0.07381442
v -0.04390187 0.86619334 -0.07519367
v -0.04027838 0.86807078 -0.07874324
v -0.03563237 0.86979680 -0.08350391
v 0.03672605 0.88261363 -0.08428365
v 0.04067649 0.88263707 -0.07994512
v 0.04374468 0.88266650 -0.07529836
v 0.05586154 0.87036439 -0.06023764
v 0.05593942 0.86675960 -0.07213262
v 0.05498833 0.87158135 -0.06003889
v 0.03213841 0.88258037 -0.08800543
v 0.05654954 0.86524528 -0.03439524
v 0.05626533 0.86794762 -0.03960767
v 0.05616236 0.86975271 -0.04629595
v 0.05628024 0.87042596 -0.05316656
v 0.05616721 0.86990812 -0.06024102
v -0.01598327 0.86585194 -0.10312473
v -0.02123332 0.88253129 -0.08829696
v -0.01637898 0.88254477 -0.09141864
v -0.02562762 0.87041086 -0.09318544
v -0.01724589 0.86675554 -0.10186375
v -0.02505605 0.87173360 -0.09247969
v 0.05663489 0.82450011 -0.03169889
v 0.05518338 0.82492230 -0.03039564
v 0.03694549 0.82007440 -0.01200458
v 0.00585719 0.81752116 -0.00206397
v 0.01281140 0.81909010 -0.00197979
v 0.02657281 0.82212915 -0.00228654
v 0.01950319 0.82083103 -0.00204968
v -0.01304803 0.82125284 -0.00219000
v -0.02017448 0.81938185 -0.00735923
v -0.04558492 0.82190800 -0.03871657
v -0.04587829 0.82122464 -0.04547848
v -0.04577676 0.82045889 -0.05249740
v -0.04593518 0.82118356 -0.05958674
v -0.04591870 0.82303523 -0.06627250
v -0.04557530 0.82274441 -0.03370377
v -0.04518982 0.82265495 -0.03185219
v -0.02527290 0.81823955 -0.01190143
v -0.03031593 0.81842154 -0.01663994
v -0.03538638 0.81910834 -0.02136959
v -0.04025707 0.82083592 -0.02627413
v -0.04602755 0.86241835 -0.07351679
v -0.03052269 0.87105683 -0.08820267
v 0.04624829 0.88266706 -0.07027893
v 0.04957214 0.87766400 -0.06525963
v 0.05603570 0.86592567 -0.07399328
v 0.05294839 0.87421238 -0.05973871
v 0.00509446 0.88813671 -0.09632120
v 0.01109306 0.88817062 -0.09602466
v 0.01656691 0.88809924 -0.09501931
v 0.02195045 0.88808291 -0.09313273
v 0.02699195 0.88804431 -0.09073504
v 0.05647113 0.86610003 -0.03442198
v 0.05687654 0.86361474 -0.03248363
v 0.05682459 0.86232270 -0.03231042
v -0.02575575 0.88257143 -0.08427663
v -0.02687077 0.87786132 -0.08521792
v -0.02848399 0.87448260 -0.08651396
v -0.00076737 0.88805181 -0.09594648
v -0.00617891 0.88811485 -0.09507411
v -0.01127882 0.88804303 -0.09330156
v -0.01604464 0.88807674 -0.09100121
v 0.04196406 0.82058470 -0.01685193
v 0.05161624 0.86491367 -0.02672662
v 0.03225011 0.82191109 -0.00709661
v 0.02845410 0.82278425 -0.00372370
v 0.02715744 0.82337184 -0.00220345
v 0.02647748 0.82254695 -0.00214769
v 0.02455596 0.82273016 -0.00196825
v -0.00122556 0.81813864 -0.00214323
v -0.00786574 0.82001659 -0.00192870
v -0.01495040 0.82218714 -0.00204905
v -0.01669609 0.82133964 -0.00350117
v -0.04609305 0.82490248 -0.07143192
v -0.04592756 0.82557062 -0.07339919
v -0.02540382 0.81895721 -0.01172392
v -0.04382321 0.82279169 -0.02978088
v -0.04519525 0.82339968 -0.03103955
v -0.04515579 0.86592917 -0.07373788
v -0.04386761 0.86668850 -0.07498317
v -0.04010990 0.86857336 -0.07855795
v -0.03529518 0.87042931 -0.08329716
v 0.03184204 0.88817202 -0.08752750
v 0.03630199 0.88805677 -0.08375284
v 0.03999700 0.88809873 -0.07943905
v 0.04321084 0.88806374 -0.07499686
v 0.05580198 0.87113223 -0.05331896
v 0.05498862 0.87220218 -0.05320697
v 0.05666555 0.86456836 -0.03243120
v 0.05606669 0.86677424 -0.03432639
v 0.05603018 0.86864972 -0.03943028
v 0.05585336 0.87049289 -0.04638376
v -0.02538442 0.88810381 -0.08385863
v -0.02085138 0.88800966 -0.08773944
v -0.02991066 0.87217264 -0.08778130
v 0.04199502 0.86759763 -0.01694344
v 0.04692262 0.86677965 -0.02184146
v 0.05669054 0.82567145 -0.03167570
v 0.05534494 0.86303384 -0.03031880
v 0.03696954 0.82110919 -0.01197812
v 0.00574926 0.81834420 -0.00185168
v 0.01276436 0.81992801 -0.00164242
v 0.01963960 0.82182782 -0.00173651
v -0.01308169 0.82187126 -0.00185717
v -0.01488017 0.82265404 -0.00187685
v -0.01519462 0.82209920 -0.00214406
v -0.02041325 0.81999991 -0.00717087
v -0.04554751 0.82385435 -0.03370859
v -0.04586746 0.82310981 -0.03879891
v -0.04586780 0.86756473 -0.05246413
v -0.04594531 0.86697021 -0.05942363
v -0.04598345 0.86491761 -0.06637972
v -0.04556422 0.82340356 -0.03164831
v -0.02564251 0.81999886 -0.01151693
v -0.03057724 0.81939220 -0.01633316
v -0.03551866 0.81999531 -0.02139395
v -0.04032025 0.82193184 -0.02618479
v -0.04602395 0.86310830 -0.07146639
v 0.04569298 0.88805504 -0.07009805
v 0.04789917 0.88265362 -0.06483814
v 0.05060992 0.87791210 -0.05920050
v 0.05301677 0.87446624 -0.05299147
v 0.00526701 0.89377311 -0.09704175
v 0.01118396 0.89379829 -0.09669859
v 0.01689079 0.89383419 -0.09554758
v 0.02203310 0.89379541 -0.09384684
v 0.02734789 0.89374974 -0.09133172
v 0.03202839 0.89378145 -0.08804756
v 0.05639735 0.86540915 -0.03255619
v 0.05683084 0.82570375 -0.03199205
v 0.05630564 0.86588644 -0.03250939
v -0.02934639 0.88811272 -0.07939937
v -0.02989818 0.88252586 -0.07959594
v -0.03110685 0.87780991 -0.08062632
v -0.03300444 0.87417759 -0.08179130
v -0.00086656 0.89374209 -0.09668107
v -0.00638745 0.89381773 -0.09562509
v -0.01140208 0.89386739 -0.09398099
v -0.01645068 0.89380367 -0.09158024
v 0.03698089 0.86697198 -0.01184342
v 0.05157401 0.86621990 -0.02680154
v 0.05657587 0.86229487 -0.03174178
v 0.05514716 0.86431063 -0.03042474
v 0.03218226 0.82300469 -0.00712069
v 0.02854764 0.82366290 -0.00353305
v 0.02721858 0.82442038 -0.00209294
v 0.02666607 0.82343016 -0.00201372
v 0.02463868 0.82374049 -0.00176545
v -0.00117740 0.81893504 -0.00181176
v -0.00785112 0.82077459 -0.00177920
v -0.01679420 0.82196642 -0.00341457
v -0.04577467 0.86500427 -0.03874152
v -0.04580196 0.86678187 -0.04550030
v -0.02064090 0.82080776 -0.00691630
v -0.04408455 0.82372159 -0.02967946
v -0.04542494 0.82457362 -0.03114145
v -0.04586807 0.86423215 -0.07147167
v -0.04402099 0.86756435 -0.07298313
v -0.03927693 0.87001311 -0.07794916
v -0.03452533 0.87166455 -0.08280666
v 0.03661516 0.89376692 -0.08421622
v 0.04062198 0.89380959 -0.07981989
v 0.04383090 0.89377918 -0.07518953
v 0.04613235 0.89381525 -0.07030437
v 0.05494575 0.87162251 -0.04630985
v 0.05672870 0.86227230 -0.03203560
v 0.05490034 0.86761810 -0.03273976
v 0.05492981 0.86999556 -0.03965038
v -0.02581367 0.89387954 -0.08423874
v -0.02117938 0.89378362 -0.08822457
v 0.03695139 0.86802255 -0.01192350
v 0.04186408 0.86854812 -0.01701131
v 0.04668956 0.86799038 -0.02184284
v 0.05651206 0.86358446 -0.03182809
v 0.00577746 0.81946756 -0.00169798
v 0.01283466 0.82119612 -0.00165570
v 0.01956742 0.82308485 -0.00159646
v -0.01301653 0.82263197 -0.00165877
v -0.01507750 0.82349271 -0.00165062
v -0.01542682 0.82201807 -0.00223739
v -0.04571755 0.82451975 -0.03171880
v -0.04565253 0.82490370 -0.03362724
v -0.04579320 0.86792910 -0.05958062
v -0.04568576 0.86869575 -0.05248550
v -0.04592341 0.86622182 -0.06626499
v -0.02065769 0.82177186 -0.00665379
v -0.02570464 0.82108869 -0.01151399
v -0.03057493 0.82060732 -0.01633580
v -0.03561008 0.82123336 -0.02132630
v -0.04039302 0.82300178 -0.02607563
v -0.04601793 0.86362710 -0.07342914
v 0.04799590 0.89379578 -0.06480780
v 0.04740962 0.88799117 -0.06454898
v 0.04902941 0.88266352 -0.05894023
v 0.05102892 0.87783010 -0.05275980
v 0.05301928 0.87421194 -0.04635988
v 0.01147484 0.89993315 -0.09917959
v 0.00511220 0.90003394 -0.09957912
v 0.01749163 0.89998894 -0.09802352
v 0.02299842 0.89999877 -0.09602245
v 0.02853140 0.89996516 -0.09349281
v 0.03364693 0.89990898 -0.09001522
v 0.03839293 0.89996822 -0.08588773
v -0.02975063 0.89373028 -0.07963583
v -0.03265274 0.88801286 -0.07423083
v -0.03322897 0.88260089 -0.07468429
v -0.03484041 0.87751839 -0.07555014
v -0.03721066 0.87315870 -0.07670672
v -0.00106707 0.90004246 -0.09915017
v -0.00702265 0.90005779 -0.09800649
v -0.01242824 0.90008108 -0.09625063
v -0.01778677 0.89992096 -0.09363404
v 0.03222094 0.86614567 -0.00704615
v 0.05493772 0.86525273 -0.03044084
v 0.05144902 0.86719581 -0.02679257
v 0.05635295 0.86452157 -0.03185240
v 0.03230397 0.86503173 -0.00706352
v 0.02862309 0.82496791 -0.00341188
v 0.02725008 0.82567801 -0.00194317
v 0.02668066 0.82454058 -0.00182063
v 0.02469292 0.82499220 -0.00171615
v -0.00124412 0.82006131 -0.00157134
v -0.00790780 0.82183337 -0.00151485
v -0.01555218 0.82258455 -0.00218143
v -0.01707512 0.82267395 -0.00325357
v -0.04564802 0.86308194 -0.03355345
v -0.04563330 0.86625470 -0.03872015
v -0.04571597 0.86800828 -0.04554475
v -0.04401325 0.82501364 -0.02965171
v -0.04546055 0.82562580 -0.03102331
v -0.04566500 0.86533144 -0.07137327
v -0.04028073 0.87265166 -0.07130163
v 0.04247272 0.89991991 -0.08135567
v 0.04595079 0.90003206 -0.07656898
v 0.04848497 0.90004595 -0.07120887
v 0.05041137 0.90008296 -0.06546804
v 0.05246635 0.87312438 -0.04001135
v -0.02267082 0.89992596 -0.09034314
v -0.02750617 0.90000236 -0.08607367
v 0.03215585 0.86720541 -0.00732337
v 0.03695462 0.86908763 -0.01209241
v 0.04169322 0.86969612 -0.01701677
v 0.04672524 0.86907673 -0.02210889
v 0.00571175 0.82047428 -0.00159437
v 0.01283882 0.86694451 -0.00165443
v 0.01962317 0.86494407 -0.00165240
v -0.01314020 0.82369769 -0.00154882
v -0.01512233 0.82440229 -0.00157093
v -0.04582664 0.82572419 -0.03155842
v -0.04582665 0.86227898 -0.03153871
v -0.04570545 0.86435053 -0.03355795
v -0.04579112 0.86717205 -0.06620471
v -0.04558009 0.86891324 -0.05948596
v -0.04556348 0.86953203 -0.05251251
v -0.01699430 0.82385004 -0.00305744
v -0.02072990 0.82296300 -0.00655180
v -0.03063410 0.86744101 -0.01628472
v -0.03560847 0.86680154 -0.02130858
v -0.04046636 0.86506986 -0.02607700
v -0.04572756 0.86453458 -0.07322098
v -0.04186986 0.87325782 -0.06536370
v 0.05148145 0.90005841 -0.05928341
v 0.04903541 0.89386896 -0.05898218
v 0.04835243 0.88804809 -0.05894222
v 0.04940635 0.88267930 -0.05285826
v 0.05061241 0.87771726 -0.04643943
v 0.01220069 0.90703855 -0.10405268
v 0.00522694 0.90701377 -0.10443861
v -0.00175616 0.90703431 -0.10404436
v 0.01871271 0.90698912 -0.10281242
v 0.02490281 0.90703580 -0.10073762
v 0.03094206 0.90714379 -0.09783611
v 0.03658339 0.90698440 -0.09408748
v 0.04181346 0.90704166 -0.08960164
v 0.05099432 0.87255723 -0.03415191
v -0.03325653 0.89382263 -0.07462618
v -0.03176076 0.89995869 -0.08125067
v -0.03525645 0.88810021 -0.06899350
v -0.03592193 0.88268534 -0.06932698
v -0.03766127 0.87753230 -0.06997743
v -0.00821861 0.90710768 -0.10283736
v -0.01439087 0.90713219 -0.10092187
v -0.02015939 0.90696514 -0.09793877
v -0.02571080 0.90696418 -0.09425505
v 0.02856677 0.86534139 -0.00362216
v 0.02862945 0.86434810 -0.00337386
v 0.05620176 0.86529815 -0.03185754
v 0.05478277 0.86610868 -0.03063469
v 0.05119583 0.86801214 -0.02700370
v 0.02862827 0.86309057 -0.00332938
v 0.02668323 0.82559818 -0.00163265
v 0.02469403 0.86307167 -0.00165875
v -0.00116681 0.82104382 -0.00152030
v -0.00803559 0.82306538 -0.00147986
v -0.01571066 0.82350972 -0.00201710
v -0.04558467 0.86363301 -0.03170457
v -0.04544595 0.86536349 -0.03367414
v -0.04543730 0.86723347 -0.03877322
v -0.04551138 0.86895455 -0.04559988
v -0.02081138 0.86508534 -0.00671614
v -0.02561145 0.86695858 -0.01153885
v -0.04405619 0.86307945 -0.02965829
v -0.04560723 0.86603845 -0.07136359
v -0.03931927 0.87763401 -0.06455074
v -0.04424085 0.87006672 -0.06620032
v 0.04643143 0.90709886 -0.08447040
v 0.05016121 0.90705037 -0.07905565
v 0.05316899 0.90699150 -0.07315128
v 0.05524758 0.90700102 -0.06680916
v 0.04975493 0.87755410 -0.04061969
v 0.05014369 0.87002025 -0.02785566
v -0.03109550 0.90696812 -0.08949150
v -0.03586188 0.90703025 -0.08417900
v 0.02842273 0.86605248 -0.00370530
v 0.03201436 0.86798078 -0.00752016
v 0.03667458 0.86984975 -0.01234372
v 0.04153424 0.87042950 -0.01714892
v 0.04641099 0.86984822 -0.02221764
v 0.02735521 0.86243814 -0.00195832
v 0.00588042 0.86749663 -0.00166567
v 0.01965550 0.86611042 -0.00170063
v 0.02466109 0.86426552 -0.00183348
v -0.01315959 0.82500350 -0.00137107
v -0.01505077 0.82557108 -0.00132986
v -0.04571956 0.86235909 -0.03137762
v -0.04551049 0.86453821 -0.03167465
v -0.04548284 0.86793095 -0.06624042
v -0.04543991 0.86990946 -0.05937091
v -0.04528935 0.87051438 -0.05254441
v -0.01565965 0.82452715 -0.00173945
v -0.01699998 0.82497586 -0.00310531
v -0.03549044 0.86802296 -0.02137143
v -0.03056086 0.86872171 -0.01645822
v -0.04024442 0.86611786 -0.02614469
v -0.04397086 0.86428365 -0.02962647
v -0.04557469 0.86239600 -0.03097593
v -0.04560608 0.86538091 -0.07317133
v -0.04005066 0.87780208 -0.05852924
v -0.04515171 0.86869660 -0.06620147
v -0.04220153 0.87403790 -0.05892463
v 0.05648419 0.90704618 -0.05997495
v 0.05196550 0.90002248 -0.05275139
v 0.04947430 0.89375415 -0.05270206
v 0.04872574 0.88797631 -0.05267772
v 0.04906571 0.88257368 -0.04655181
v 0.00508086 0.91708444 -0.11437220
v 0.01352901 0.91700219 -0.11412257
v -0.00322553 0.91713018 -0.11383687
v -0.01106113 0.91712018 -0.11257322
v 0.02127709 0.91711316 -0.11247182
v 0.02865086 0.91694352 -0.10994374
v 0.03583888 0.91711340 -0.10637483
v 0.04268189 0.91696722 -0.10208113
v 0.04890609 0.91701659 -0.09656477
v 0.04812177 0.87744924 -0.03505812
v 0.05111993 0.86865488 -0.02725062
v 0.04789255 0.87318606 -0.02880883
v -0.03593813 0.89382512 -0.06937443
v -0.03545192 0.90002646 -0.07585240
v -0.03973416 0.90702886 -0.07822356
v -0.03705671 0.88801147 -0.06386990
v -0.03762460 0.88268697 -0.06399764
v -0.01815418 0.91705626 -0.11016822
v -0.02509395 0.91712565 -0.10673765
v -0.03190536 0.91699890 -0.10227589
v -0.03820336 0.91694812 -0.09662008
v 0.02709306 0.86450784 -0.00227410
v 0.02715507 0.86353901 -0.00213309
v 0.05599496 0.86595373 -0.03204027
v 0.05477562 0.86679656 -0.03082046
v 0.02697829 0.82575671 -0.00182157
v 0.00574317 0.86865748 -0.00165899
v 0.01270697 0.86808528 -0.00164755
v 0.02671840 0.86241970 -0.00166981
v 0.02660623 0.86361914 -0.00190117
v -0.00122251 0.86680362 -0.00156019
v -0.00810171 0.86508182 -0.00138958
v -0.04571189 0.82576255 -0.03135954
v -0.04517534 0.86536671 -0.03176144
v -0.04517702 0.86615750 -0.03373642
v -0.04534004 0.86808237 -0.03888680
v -0.04528108 0.86989026 -0.04569611
v -0.01703876 0.86307684 -0.00309455
v -0.02069007 0.86617746 -0.00678431
v -0.02550811 0.86796613 -0.01158533
v -0.04541109 0.86595005 -0.07328609
v -0.03864633 0.88269471 -0.05834735
v -0.04499007 0.87053008 -0.05945617
v -0.04523020 0.86672156 -0.07144296
v -0.04417207 0.87164660 -0.05935148
v 0.05443967 0.91705724 -0.09053734
v 0.05876693 0.91707718 -0.08411024
v 0.06234901 0.91712127 -0.07716675
v 0.06486040 0.91710471 -0.06952711
v 0.04810993 0.88251909 -0.04097627
v 0.04628712 0.87038670 -0.02239376
v 0.04550024 0.87156397 -0.02286540
v -0.04383240 0.91695724 -0.09035990
v -0.04858259 0.91697782 -0.08322505
v 0.02703403 0.86537489 -0.00242043
v 0.02824809 0.86681165 -0.00386251
v 0.03162156 0.86871395 -0.00753932
v 0.03652790 0.87051471 -0.01255434
v 0.04125015 0.87104223 -0.01756653
v 0.02701038 0.86231352 -0.00175345
v -0.00122881 0.86796345 -0.00159051
v 0.02467012 0.86533202 -0.00194691
v 0.01960478 0.86723003 -0.00198800
v 0.02657294 0.86464932 -0.00207394
v -0.01306517 0.86307065 -0.00150224
v -0.04498762 0.87099284 -0.05259930
v -0.01570147 0.82571756 -0.00169294
v -0.01699273 0.86421549 -0.00308229
v -0.04025379 0.86711642 -0.02617348
v -0.03535927 0.86901909 -0.02151991
v -0.03039139 0.86970088 -0.01655319
v -0.04390084 0.86520525 -0.02984193
v -0.04539000 0.86351601 -0.03113480
v -0.03873605 0.88259507 -0.05238535
v -0.04034901 0.87789881 -0.05252817
v -0.04242849 0.87442975 -0.05256926
v 0.06636184 0.91705071 -0.06148355
v 0.05694555 0.90710845 -0.05284236
v 0.05152540 0.90000591 -0.04622677
v 0.04915682 0.89376035 -0.04650769
v 0.04855621 0.88804711 -0.04660633
v 0.00495165 0.93221682 -0.13188846
v 0.01567618 0.93217574 -0.13144597
v 0.02584388 0.93203977 -0.12948711
v -0.00574483 0.93211565 -0.13120623
v -0.01555159 0.93209640 -0.12944497
v 0.03534996 0.93213371 -0.12623033
v 0.04447175 0.93215360 -0.12173375
v 0.05321607 0.93207951 -0.11599608
v 0.06129607 0.93210781 -0.10904466
v 0.06832382 0.93214484 -0.10121179
v 0.04627039 0.88258303 -0.03568347
v 0.04541137 0.87759650 -0.03011741
v 0.04390344 0.87421010 -0.02399062
v -0.03765120 0.89380768 -0.06389552
v -0.03825891 0.90005690 -0.07024172
v -0.04280774 0.90711589 -0.07220853
v -0.05220663 0.91700895 -0.07577484
v -0.03801351 0.88808223 -0.05826072
v -0.02500198 0.93202534 -0.12634113
v -0.03379343 0.93209941 -0.12191125
v -0.04235647 0.93206369 -0.11617511
v -0.05057424 0.93222223 -0.10914597
v 0.02690036 0.86584328 -0.00263109
v -0.00113490 0.86908264 -0.00188120
v 0.00575307 0.86971414 -0.00184200
v 0.01283350 0.86910066 -0.00182956
v -0.00803479 0.86618256 -0.00153191
v -0.01304822 0.86418034 -0.00149709
v -0.01503339 0.86239693 -0.00145849
v -0.04504402 0.86582408 -0.03173498
v -0.04494406 0.86670200 -0.03358375
v -0.04497494 0.86870020 -0.03884377
v -0.04505801 0.87050546 -0.04564660
v -0.01565501 0.86241853 -0.00173265
v -0.01568813 0.86347542 -0.00185583
v -0.01698019 0.86529853 -0.00325329
v -0.02060434 0.86717598 -0.00694130
v -0.02552650 0.86909567 -0.01166864
v -0.03824745 0.88813688 -0.05239163
v -0.04407723 0.87213661 -0.05256476
v 0.07407501 0.93215626 -0.09299428
v 0.07834634 0.93209264 -0.08391169
v 0.08159288 0.93220008 -0.07423241
v 0.08356799 0.93207183 -0.06390922
v 0.04732026 0.88805374 -0.04110929
v 0.04064816 0.87218315 -0.01810644
v -0.05782742 0.93220970 -0.10083591
v -0.06377632 0.93215990 -0.09176022
v 0.02626999 0.86758819 -0.00375157
v 0.03111828 0.86998773 -0.00844166
v 0.03599656 0.87167327 -0.01316589
v -0.00800234 0.86719472 -0.00169329
v 0.02661495 0.86535352 -0.00217729
v 0.02461997 0.86606887 -0.00228982
v 0.01943185 0.86795732 -0.00214817
v -0.01541871 0.82575105 -0.00155244
v -0.01570220 0.86450913 -0.00191106
v -0.04364537 0.86618371 -0.02999834
v -0.04001886 0.86789684 -0.02626200
v -0.03510430 0.86980023 -0.02156958
v -0.03018033 0.87048467 -0.01666097
v -0.04513570 0.86450946 -0.03120590
v -0.03778667 0.88810382 -0.04661263
v -0.03842621 0.88262703 -0.04653996
v -0.03983198 0.87780589 -0.04622666
v -0.04219002 0.87413918 -0.04601297
v 0.08421530 0.93219027 -0.05272912
v 0.06682307 0.91699637 -0.05277149
v 0.05653086 0.90698516 -0.04554482
v 0.05040663 0.90008069 -0.04038321
v 0.04805856 0.89370512 -0.04094351
v 0.01780133 0.94629554 -0.14805046
v 0.00486713 0.94632263 -0.14862422
v 0.03010966 0.94635714 -0.14563822
v 0.04168831 0.94632692 -0.14179521
v -0.00809749 0.94648511 -0.14780829
v -0.02009396 0.94630939 -0.14573264
v 0.05271246 0.94639565 -0.13628882
v 0.06333579 0.94647651 -0.12935213
v 0.07310366 0.94629788 -0.12089508
v 0.08157702 0.94646236 -0.11159721
v 0.08857405 0.94629847 -0.10144978
v 0.04565705 0.88803343 -0.03586156
v 0.04383486 0.88269035 -0.03085317
v 0.04212913 0.87773679 -0.02530143
v 0.03955160 0.87454749 -0.01937695
v -0.03857666 0.89386520 -0.05836677
v -0.04002256 0.89993763 -0.06457971
v -0.04490629 0.90705096 -0.06592173
v -0.05468250 0.91700396 -0.06827721
v -0.06853213 0.93203014 -0.08241874
v -0.03130209 0.94640517 -0.14194354
v -0.04214653 0.94636578 -0.13666280
v -0.05250086 0.94641620 -0.12978835
v -0.06241791 0.94637546 -0.12112923
v -0.00793671 0.86797862 -0.00191535
v -0.00119209 0.86984881 -0.00201535
v 0.00580867 0.87038435 -0.00207753
v 0.01263644 0.86975825 -0.00225589
v -0.01297728 0.86536113 -0.00172917
v -0.01508191 0.86347444 -0.00147267
v -0.01538921 0.86233705 -0.00157341
v -0.04375697 0.86758498 -0.03201207
v -0.04389557 0.87001733 -0.03899927
v -0.04405623 0.87175433 -0.04572619
v -0.01552129 0.86535915 -0.00208655
v -0.01686725 0.86602885 -0.00352464
v -0.02054565 0.86793154 -0.00711634
v -0.02528582 0.86972144 -0.01184529
v -0.03877666 0.89382857 -0.05244417
v 0.09371863 0.94640880 -0.09064873
v 0.09760991 0.94629443 -0.07882313
v 0.10020413 0.94646076 -0.06620529
v 0.10103098 0.94635841 -0.05281762
v 0.04633854 0.89379832 -0.03556643
v -0.07120159 0.94647143 -0.11096666
v -0.07852275 0.94636418 -0.10004737
v 0.03001943 0.87326206 -0.01076518
v 0.03484011 0.87415910 -0.01498793
v -0.01295169 0.86620233 -0.00194535
v 0.02660703 0.86596225 -0.00240811
v 0.02469681 0.86661775 -0.00249738
v 0.01962069 0.86865194 -0.00251579
v -0.04510796 0.86537600 -0.03115062
v -0.04346129 0.86661616 -0.03024292
v -0.03973015 0.86865767 -0.02658126
v -0.03495903 0.87055371 -0.02191399
v -0.02995751 0.87109180 -0.01705739
v -0.03823964 0.89383382 -0.04651932
v -0.03656272 0.88817104 -0.04108066
v -0.03731671 0.88265965 -0.04078386
v -0.03881878 0.87752513 -0.04034795
v -0.04158213 0.87326652 -0.03968331
v 0.10027913 0.94645577 -0.03944981
v 0.08368879 0.93203135 -0.04183914
v 0.06632588 0.91711964 -0.04434052
v 0.05525167 0.90696743 -0.03900250
v 0.04860390 0.90006986 -0.03468971
v 0.01882410 0.95401690 -0.15590349
v 0.00483516 0.95400881 -0.15666025
v -0.00921878 0.95386781 -0.15577500
v 0.03216303 0.95398330 -0.15329378
v 0.04464135 0.95384984 -0.14909148
v -0.02225912 0.95391853 -0.15323329
v -0.03439214 0.95387757 -0.14928057
v 0.05657396 0.95388334 -0.14321387
v 0.06806277 0.95388489 -0.13559603
v 0.07859099 0.95386169 -0.12648627
v 0.08798751 0.95394204 -0.11624877
v 0.09539391 0.95391728 -0.10549057
v 0.04389576 0.89378080 -0.03077910
v 0.04335203 0.88805359 -0.03108276
v 0.04082967 0.88268001 -0.02630270
v 0.03796231 0.87787773 -0.02088914
v -0.04115446 0.90005716 -0.05863062
v -0.04610578 0.90708157 -0.05932219
v -0.05594904 0.91707012 -0.06052347
v -0.07171242 0.93211005 -0.07281843
v -0.08421607 0.94636543 -0.08871407
v -0.04619358 0.95395491 -0.14353114
v -0.05725136 0.95398956 -0.13608595
v -0.06798205 0.95394603 -0.12656168
v -0.07755713 0.95385181 -0.11592904
v 0.02484660 0.87266130 -0.00763879
v -0.01318759 0.86679182 -0.00227792
v -0.00788494 0.86865749 -0.00235510
v -0.00106530 0.87052325 -0.00244854
v 0.00570643 0.87098311 -0.00243251
v 0.01276940 0.87045112 -0.00242062
v -0.01504127 0.86456965 -0.00163388
v -0.03994037 0.87259534 -0.03367405
v -0.01536167 0.86585368 -0.00235331
v -0.01666265 0.86671125 -0.00351815
v -0.02031657 0.86858951 -0.00725585
v -0.04488706 0.86584009 -0.03129490
v -0.02509884 0.87052555 -0.01205655
v -0.04138657 0.90000328 -0.05243464
v 0.10107637 0.95401572 -0.09363747
v 0.10537885 0.95387445 -0.08098286
v 0.10783996 0.95387339 -0.06734622
v 0.10890753 0.95382714 -0.05281311
v 0.04601280 0.89993626 -0.02961127
v -0.08545026 0.95388770 -0.10395930
v -0.09160684 0.95387403 -0.09153592
v 0.03360226 0.87787580 -0.01669431
v 0.02884497 0.87764578 -0.01333088
v 0.01940871 0.87005867 -0.00347119
v -0.01502046 0.86588344 -0.00217272
v -0.03674769 0.87325516 -0.02841302
v -0.03903006 0.87008754 -0.02726120
v -0.03416043 0.87161894 -0.02234502
v -0.02943826 0.87223339 -0.01755890
v -0.03723888 0.89374704 -0.04081057
v -0.04079734 0.90001933 -0.04610360
v -0.03494216 0.88805368 -0.03568846
v -0.03538667 0.88252983 -0.03555619
v -0.03707542 0.87734362 -0.03490064
v 0.10807506 0.95397553 -0.03846502
v 0.09778598 0.94642669 -0.02712076
v 0.08161241 0.93219619 -0.03167277
v 0.06479744 0.91711797 -0.03620656
v 0.05329945 0.90702222 -0.03288115
v 0.00476426 0.95818351 -0.15947127
v 0.01928502 0.95812791 -0.15884592
v -0.00967213 0.95802391 -0.15857779
v -0.02293517 0.95804969 -0.15615080
v 0.03274549 0.95803183 -0.15612351
v 0.04576588 0.95818919 -0.15169576
v -0.03561278 0.95810119 -0.15204654
v -0.04769115 0.95801506 -0.14606397
v 0.05812306 0.95803894 -0.14569605
v 0.06976369 0.95812195 -0.13797177
v 0.08078771 0.95818237 -0.12862099
v 0.09025216 0.95805896 -0.11819541
v 0.09791247 0.95812772 -0.10703705
v 0.04286090 0.89998723 -0.02481736
v 0.04087480 0.89382129 -0.02614236
v 0.04025831 0.88813393 -0.02660222
v 0.03690308 0.88254999 -0.02189298
v -0.04633856 0.90698623 -0.05233128
v -0.05633453 0.91698729 -0.05231823
v -0.07336111 0.93214962 -0.06270241
v -0.08815010 0.94633376 -0.07701777
v -0.09585258 0.95400702 -0.07891753
v -0.05905194 0.95804086 -0.13849130
v -0.07006535 0.95817337 -0.12876170
v -0.07987264 0.95819539 -0.11762435
v -0.08796229 0.95806187 -0.10550891
v 0.02369775 0.87744855 -0.01048174
v 0.01868227 0.87322782 -0.00600834
v -0.01459607 0.86761507 -0.00338387
v -0.01487901 0.86546269 -0.00190080
v -0.00773527 0.87007520 -0.00336444
v -0.00107683 0.87161023 -0.00321523
v 0.00579386 0.87215189 -0.00326340
v 0.01251518 0.87171455 -0.00333312
v -0.03450576 0.87768273 -0.02976447
v -0.01951980 0.87010771 -0.00807065
v -0.02451376 0.87167986 -0.01276423
v -0.04577516 0.90713251 -0.04555430
v 0.10388139 0.95807372 -0.09490094
v 0.10823936 0.95812595 -0.08180054
v 0.11091755 0.95806936 -0.06782450
v 0.11175076 0.95808620 -0.05286574
v 0.05031415 0.90708926 -0.02719501
v -0.09447687 0.95816414 -0.09263905
v -0.09870190 0.95811895 -0.07968406
v 0.03272005 0.88256594 -0.01798454
v 0.02808370 0.88265629 -0.01477342
v -0.03102875 0.87786374 -0.02497659
v -0.03277139 0.87419593 -0.02363255
v -0.02816338 0.87444569 -0.01886348
v -0.02336620 0.87419003 -0.01449445
v -0.03551695 0.89370591 -0.03550083
v -0.03960526 0.90004759 -0.04022818
v -0.04456200 0.90697951 -0.03893023
v -0.03245099 0.88801168 -0.03097049
v -0.03293223 0.88262055 -0.03047580
v 0.11097883 0.95801028 -0.03791676
v 0.10543334 0.95393879 -0.02504947
v 0.09414967 0.94647184 -0.01559847
v 0.07855980 0.93202823 -0.02211904
v 0.06251613 0.91698415 -0.02888215
v 0.00474502 0.96221795 -0.16152343
v 0.01951389 0.96225865 -0.16072907
v 0.03335170 0.96223932 -0.15815896
v -0.00985722 0.96236069 -0.16052188
v -0.02359299 0.96229333 -0.15810597
v 0.04636898 0.96231118 -0.15365706
v 0.05903573 0.96232056 -0.14734463
v -0.03636157 0.96221589 -0.15379731
v -0.04852474 0.96225269 -0.14790236
v 0.07099623 0.96226407 -0.13963797
v 0.08204310 0.96227985 -0.13014610
v 0.09193773 0.96222763 -0.11940632
v 0.09970122 0.96224076 -0.10802349
v 0.10566982 0.96237837 -0.09564501
v 0.04669416 0.90712275 -0.02164637
v 0.03880783 0.90008015 -0.02006766
v 0.03704838 0.89375117 -0.02189495
v 0.03657540 0.88801022 -0.02229108
v -0.05562877 0.91695793 -0.04412170
v -0.07379913 0.93204014 -0.05219660
v -0.09010278 0.94637857 -0.06485276
v -0.09795540 0.95398652 -0.06599454
v -0.10102801 0.95817663 -0.06635584
v -0.06034390 0.96228458 -0.14001210
v -0.07139547 0.96227783 -0.13024044
v -0.08149813 0.96221097 -0.11877822
v -0.08971566 0.96233082 -0.10652212
v 0.02304044 0.88259405 -0.01221289
v 0.01794053 0.87763032 -0.00864150
v 0.01231621 0.87412987 -0.00539815
v -0.00694823 0.87327146 -0.00566708
v -0.00064142 0.87420010 -0.00515405
v 0.00588166 0.87447100 -0.00515576
v -0.02977504 0.88258146 -0.02600704
v -0.01303143 0.87261211 -0.00712350
v -0.01832536 0.87316462 -0.01032187
v -0.05418778 0.91711772 -0.03611808
v 0.11001988 0.96229965 -0.08233889
v 0.11286078 0.96218804 -0.06801363
v 0.11375576 0.96225432 -0.05277024
v 0.11295503 0.96234727 -0.03776478
v 0.05912057 0.91703318 -0.02215544
v -0.09625943 0.96224347 -0.09339790
v -0.10049730 0.96231487 -0.08025280
v 0.03221058 0.88798997 -0.01845781
v 0.02772688 0.88801728 -0.01544176
v -0.02573186 0.88252387 -0.02148698
v -0.02674185 0.87786884 -0.02050380
v -0.02202570 0.87781165 -0.01629799
v -0.01707289 0.87759081 -0.01268293
v -0.03288676 0.89378284 -0.03064093
v -0.03772588 0.89991177 -0.03447112
v -0.04229387 0.90711565 -0.03252835
v -0.05161338 0.91712663 -0.02862315
v -0.02929741 0.88812012 -0.02630173
v 0.11020211 0.96222365 -0.02372668
v 0.10835796 0.95810646 -0.02411558
v 0.10138224 0.95392495 -0.01269340
v 0.08877121 0.94645941 -0.00511307
v 0.07432441 0.93205098 -0.01348142
v 0.01973005 0.96651432 -0.16149405
v 0.00472979 0.96643283 -0.16238658
v 0.03350004 0.96638234 -0.15884872
v 0.04671936 0.96652265 -0.15434212
v -0.01007249 0.96646577 -0.16136696
v -0.02377217 0.96644667 -0.15877541
v 0.05944672 0.96641585 -0.14815021
v 0.07145067 0.96638294 -0.14011865
v -0.03664356 0.96654469 -0.15452687
v -0.04898907 0.96642162 -0.14854607
v 0.08258579 0.96655618 -0.13053386
v 0.09244329 0.96650871 -0.11983757
v 0.10032038 0.96651115 -0.10827176
v 0.10634360 0.96652849 -0.09605096
v 0.11080996 0.96641036 -0.08244361
v 0.05474579 0.91700182 -0.01570593
v 0.04240556 0.90697087 -0.01668301
v 0.03419141 0.90006872 -0.01596595
v 0.03257852 0.89386326 -0.01792633
v -0.07303264 0.93219905 -0.04159973
v -0.09053878 0.94640826 -0.05210026
v -0.09862926 0.95401116 -0.05199384
v -0.10159231 0.95807706 -0.05207679
v -0.10292284 0.96237604 -0.06657549
v -0.06085718 0.96641973 -0.14057089
v -0.07208419 0.96656329 -0.13066594
v -0.08217298 0.96637174 -0.11923342
v -0.09053298 0.96638776 -0.10690955
v 0.02281611 0.88806759 -0.01293602
v 0.01758823 0.88263705 -0.01032870
v 0.01196830 0.87783170 -0.00738693
v -0.00030262 0.87783178 -0.00732862
v -0.00611062 0.87768462 -0.00825074
v 0.00574302 0.87795848 -0.00700126
v -0.02527922 0.88802309 -0.02187763
v -0.01171351 0.87745760 -0.00998939
v -0.07092646 0.93211058 -0.03142656
v 0.11346816 0.96640783 -0.06814198
v 0.11457002 0.96638191 -0.05283109
v 0.11370571 0.96648768 -0.03760829
v 0.11097361 0.96639726 -0.02355878
v 0.06881185 0.93213202 -0.00530902
v -0.09699166 0.96640771 -0.09375558
v -0.10140419 0.96644416 -0.08053379
v 0.02806360 0.89370732 -0.01478102
v 0.02294701 0.89369303 -0.01226409
v -0.02081574 0.88808487 -0.01798578
v -0.02126569 0.88265821 -0.01762610
v -0.01615926 0.88260624 -0.01420816
v -0.01113625 0.88266683 -0.01168090
v -0.02973199 0.89373093 -0.02597211
v -0.03507250 0.89992274 -0.02933259
v -0.03945476 0.90707851 -0.02676439
v -0.04803007 0.91711604 -0.02184151
v -0.06782100 0.93221384 -0.02194450
v 0.10666623 0.96649561 -0.01030672
v 0.10593006 0.96220415 -0.01070142
v 0.10417665 0.95808347 -0.01147752
v 0.09564820 0.95383220 -0.00109598
v 0.08214440 0.94642161 0.00479503
v 0.03326607 0.97074237 -0.15824342
v 0.01956259 0.97067359 -0.16077548
v 0.00485547 0.97055587 -0.16158852
v 0.04645314 0.97062185 -0.15363063
v 0.05906588 0.97055106 -0.14753993
v -0.00987156 0.97070709 -0.16061776
v -0.02356644 0.97074239 -0.15825026
v 0.07099151 0.97074338 -0.13969784
v 0.08228085 0.97064097 -0.13012351
v -0.03630978 0.97069611 -0.15395465
v -0.04870828 0.97063108 -0.14799991
v 0.09185191 0.97066302 -0.11947015
v 0.09977973 0.97061240 -0.10793414
v 0.10577148 0.97072749 -0.09563164
v 0.11015246 0.97066759 -0.08226928
v 0.11295207 0.97056199 -0.06795963
v 0.06188392 0.93214861 0.00251345
v 0.04943088 0.91712581 -0.00960892
v 0.03720606 0.90699225 -0.01211424
v 0.02924088 0.90005555 -0.01259278
v -0.08958133 0.94642835 -0.03918039
v -0.09737695 0.95388791 -0.03812738
v -0.10039235 0.95801736 -0.03759729
v -0.10354869 0.96233821 -0.05188760
v -0.10374950 0.96651988 -0.06661623
v -0.06036568 0.97060267 -0.14005545
v -0.07148097 0.97063076 -0.13031994
v -0.08161080 0.97073387 -0.11881198
v -0.08977638 0.97055177 -0.10642002
v 0.01750972 0.89374491 -0.01031007
v 0.01732408 0.88804271 -0.01082570
v 0.01184914 0.88256806 -0.00907708
v 0.00592516 0.88262328 -0.00859335
v 0.00001116 0.88270330 -0.00892585
v -0.00557312 0.88267151 -0.00993974
v -0.02582943 0.89386294 -0.02143760
v -0.08722779 0.94645883 -0.02684179
v 0.11384018 0.97062235 -0.05272788
v 0.11292669 0.97073556 -0.03767081
v 0.11038993 0.97056721 -0.02364941
v 0.10601282 0.97056099 -0.01071522
v 0.07390557 0.94629357 0.01429387
v -0.09632020 0.97065507 -0.09342509
v -0.10057534 0.97064406 -0.08021706
v 0.02402852 0.89997828 -0.00992587
v 0.01823186 0.90002765 -0.00793758
v -0.02115806 0.89380018 -0.01763624
v -0.01601263 0.88808177 -0.01484608
v -0.01079814 0.88811677 -0.01226994
v -0.00553174 0.88816389 -0.01053409
v -0.03162034 0.90003059 -0.02441768
v -0.03568575 0.90701087 -0.02143438
v -0.04368870 0.91696608 -0.01532329
v -0.06333585 0.93211804 -0.01296039
v -0.08341528 0.94630409 -0.01534247
v 0.10006984 0.97073384 0.00126924
v 0.10062943 0.96642622 0.00167272
v 0.09993725 0.96238295 0.00127899
v 0.09826813 0.95809647 0.00035648
v 0.08836958 0.95392882 0.00971414
v 0.04572604 0.97482171 -0.15196788
v 0.03289429 0.97484841 -0.15624251
v 0.01928754 0.97484756 -0.15905254
v 0.00483853 0.97486452 -0.15973924
v 0.05819007 0.97479905 -0.14581962
v 0.06994612 0.97477358 -0.13820684
v -0.00977398 0.97485922 -0.15882374
v -0.02306627 0.97486986 -0.15640313
v 0.08078178 0.97481750 -0.12887181
v 0.09036585 0.97485217 -0.11819459
v -0.03555824 0.97484956 -0.15226128
v -0.04760783 0.97483823 -0.14631228
v 0.09798003 0.97489745 -0.10706068
v 0.10396435 0.97485391 -0.09487156
v 0.10840799 0.97477538 -0.08183952
v 0.11105913 0.97477671 -0.06783412
v 0.11186685 0.97483112 -0.05275972
v 0.06455741 0.94640614 0.02278068
v 0.05422702 0.93217805 0.00955719
v 0.04347740 0.91711824 -0.00429209
v 0.03183491 0.90695506 -0.00828524
v -0.09479591 0.95387295 -0.02471785
v -0.09766926 0.95807769 -0.02384383
v -0.10236199 0.96227718 -0.03724899
v -0.10420709 0.96645860 -0.05196979
v -0.10300203 0.97058390 -0.06657064
v -0.05916829 0.97479377 -0.13852609
v -0.07018375 0.97486472 -0.12894132
v -0.08004232 0.97478561 -0.11773335
v -0.08815547 0.97481996 -0.10564511
v 0.01207350 0.90004068 -0.00653110
v 0.01185209 0.89369563 -0.00894575
v 0.01175544 0.88814892 -0.00969643
v 0.00576018 0.88815825 -0.00921102
v 0.00008518 0.88812802 -0.00958820
v -0.02753751 0.89991195 -0.01968523
v -0.09066725 0.95384868 -0.01209818
v 0.11113134 0.97491516 -0.03798597
v 0.10852646 0.97479134 -0.02417311
v 0.10430707 0.97482226 -0.01150110
v 0.09840217 0.97484468 0.00040626
v 0.07952801 0.95396349 0.01980592
v -0.09462400 0.97473403 -0.09277858
v -0.09873839 0.97490399 -0.07988115
v 0.02593077 0.90703930 -0.00544201
v 0.01970797 0.90702286 -0.00318456
v -0.01629938 0.89368760 -0.01427648
v -0.02267932 0.89990686 -0.01560269
v -0.01108368 0.89374988 -0.01181128
v -0.00569934 0.89378101 -0.01005320
v -0.03098568 0.90698532 -0.01628665
v -0.03809126 0.91695755 -0.00906695
v -0.05759148 0.93217777 -0.00461302
v -0.07789041 0.94644833 -0.00455783
v -0.08485736 0.95402427 -0.00043586
v 0.09097365 0.97476246 0.01151735
v 0.09255951 0.97068060 0.01258281
v 0.09297174 0.96654326 0.01304204
v 0.09248893 0.96221099 0.01261106
v 0.09080760 0.95812100 0.01140456
v 0.05668464 0.97892200 -0.14331483
v 0.04464572 0.97906826 -0.14922311
v 0.03224029 0.97896403 -0.15358397
v 0.01897208 0.97899345 -0.15611260
v 0.00470008 0.97899083 -0.15676477
v 0.06820609 0.97898203 -0.13575517
v 0.07881786 0.97909911 -0.12682524
v -0.00935052 0.97897306 -0.15587957
v -0.02232596 0.97899283 -0.15346287
v 0.08807092 0.97892567 -0.11655103
v 0.09555432 0.97897039 -0.10566174
v -0.03449651 0.97905697 -0.14947932
v -0.04617387 0.97891889 -0.14378474
v 0.10135420 0.97892816 -0.09385448
v 0.10554453 0.97904341 -0.08097085
v 0.10810443 0.97906285 -0.06731314
v 0.10908767 0.97908456 -0.05273663
v 0.10833067 0.97908129 -0.03840033
v 0.06935284 0.95400275 0.02893191
v 0.05445988 0.94637155 0.02966273
v 0.04588697 0.93218181 0.01530570
v 0.03694287 0.91706554 0.00028027
v -0.09348006 0.95814850 -0.01103373
v -0.09958870 0.96231614 -0.02344065
v -0.10308638 0.96654717 -0.03722586
v -0.10352629 0.97073235 -0.05201470
v -0.10106936 0.97479705 -0.06625072
v -0.05754558 0.97902236 -0.13628472
v -0.06816020 0.97899498 -0.12675040
v -0.07772771 0.97897766 -0.11601681
v -0.08574597 0.97904816 -0.10410959
v 0.01293574 0.90700494 -0.00156326
v 0.00577779 0.89999193 -0.00602056
v 0.00592502 0.89374304 -0.00856193
v -0.00001679 0.89377818 -0.00892269
v -0.02565689 0.90710210 -0.01162117
v -0.08735836 0.95819477 0.00094470
v 0.10573573 0.97904329 -0.02496655
v 0.10170192 0.97899830 -0.01257652
v 0.09594685 0.97896382 -0.00108164
v 0.08871718 0.97895253 0.00987511
v 0.08162026 0.95803007 0.02186965
v -0.09178660 0.97892029 -0.09167518
v -0.09610514 0.97890895 -0.07913359
v 0.02986533 0.91708597 0.00377586
v 0.02241659 0.91703423 0.00652815
v -0.01751253 0.90009757 -0.01214486
v -0.01987996 0.90709662 -0.00770236
v -0.01189026 0.89991649 -0.00948001
v -0.00624627 0.89994623 -0.00748848
v -0.03177250 0.91694244 -0.00370988
v -0.05047415 0.93202739 0.00320861
v -0.07081122 0.94646439 0.00564688
v -0.07716499 0.95389062 0.01032281
v -0.07956283 0.95804005 0.01228730
v 0.07969773 0.97892623 0.02002298
v 0.08177269 0.97476291 0.02199564
v 0.08304051 0.97057530 0.02335873
v 0.08347505 0.96640061 0.02384337
v 0.08294564 0.96220494 0.02331951
v 0.06557518 0.98294742 -0.13252550
v 0.05462774 0.98282649 -0.13965057
v 0.04301265 0.98301278 -0.14529316
v 0.03099162 0.98284399 -0.14946509
v 0.01843760 0.98295130 -0.15188188
v 0.00489391 0.98294934 -0.15256069
v 0.07577650 0.98290835 -0.12371563
v 0.08481949 0.98288209 -0.11397262
v -0.00863749 0.98301380 -0.15165472
v -0.02113877 0.98294653 -0.14949352
v 0.09191691 0.98296829 -0.10338256
v 0.09742886 0.98291416 -0.09209762
v -0.03285679 0.98286135 -0.14552841
v -0.04419871 0.98292583 -0.14005991
v 0.10149924 0.98283967 -0.07993625
v 0.10404774 0.98290393 -0.06667484
v 0.10478795 0.98285580 -0.05271668
v 0.10411948 0.98290288 -0.03895659
v 0.10165735 0.98294811 -0.02616595
v 0.07109554 0.95812419 0.03126954
v 0.05840380 0.95392593 0.03638415
v 0.04347618 0.94645671 0.03525938
v 0.03682910 0.93203930 0.01976849
v -0.09516538 0.96227846 -0.01019884
v -0.10035275 0.96650295 -0.02324110
v -0.10248146 0.97062473 -0.03738262
v -0.10163726 0.97490787 -0.05206748
v -0.09822189 0.97900376 -0.06596159
v -0.05496419 0.98297563 -0.13275350
v -0.06522647 0.98300532 -0.12373552
v -0.07442915 0.98298823 -0.11352238
v -0.08198117 0.98293215 -0.10207275
v 0.01437726 0.91714180 0.00836449
v 0.00590790 0.90699120 -0.00105385
v -0.00041790 0.90004232 -0.00642687
v -0.02476348 0.91701977 0.00091312
v -0.08901714 0.96231189 0.00187275
v 0.09765047 0.98297837 -0.01424248
v 0.09215283 0.98292086 -0.00302978
v 0.08523995 0.98284099 0.00722629
v 0.07657706 0.98282325 0.01699343
v 0.07229477 0.96222222 0.03292243
v -0.08788011 0.98291555 -0.09018021
v -0.09180627 0.98294752 -0.07797455
v 0.02706354 0.93208289 0.02333915
v 0.01671118 0.93217903 0.02562976
v -0.01387301 0.90696739 -0.00472849
v -0.01751391 0.91713277 0.00445432
v -0.00757869 0.90696077 -0.00279842
v -0.00106346 0.90698647 -0.00148225
v -0.04229291 0.93220000 0.01031778
v -0.06212367 0.94638447 0.01520253
v -0.06786047 0.95391135 0.02083867
v -0.06989945 0.95817521 0.02281226
v -0.08113756 0.96232634 0.01351521
v 0.06689561 0.98301747 0.02596688
v 0.06944419 0.97891037 0.02924260
v 0.07120466 0.97483849 0.03156099
v 0.07241895 0.97067546 0.03302930
v 0.07282820 0.96644359 0.03342093
v 0.06198665 0.98633247 -0.12770771
v 0.05167489 0.98640190 -0.13441485
v 0.04078349 0.98631794 -0.13976233
v 0.02946387 0.98625423 -0.14362858
v 0.01759412 0.98637723 -0.14603162
v 0.00479971 0.98633729 -0.14664158
v -0.00778208 0.98629253 -0.14575828
v 0.07157013 0.98628161 -0.11946593
v 0.07994705 0.98637089 -0.11025310
v -0.01952554 0.98637306 -0.14360809
v -0.03054632 0.98622249 -0.14003826
v 0.08661132 0.98632148 -0.10040691
v 0.09187596 0.98631468 -0.08970268
v -0.04123968 0.98634348 -0.13480171
v -0.05120853 0.98635053 -0.12799106
v 0.09566354 0.98634257 -0.07827105
v 0.09799459 0.98621799 -0.06583670
v 0.09884587 0.98626294 -0.05270597
v 0.09810788 0.98639851 -0.03980207
v 0.09581024 0.98633839 -0.02759739
v 0.06090721 0.96238230 0.04076582
v 0.05992438 0.95806144 0.03898304
v 0.04664927 0.95383534 0.04238639
v 0.03168483 0.94642419 0.03946953
v -0.09600211 0.96655422 -0.00990835
v -0.09975021 0.97059426 -0.02342977
v -0.10054729 0.97477649 -0.03764378
v -0.09878545 0.97909876 -0.05207297
v -0.09416996 0.98287746 -0.06537413
v -0.06085398 0.98635116 -0.11955493
v -0.06960742 0.98628958 -0.10972658
v -0.07679558 0.98634651 -0.09908372
v -0.08226037 0.98636068 -0.08787253
v 0.00615975 0.93212945 0.02639536
v 0.00594659 0.91710833 0.00892187
v -0.03334201 0.93219246 0.01608855
v -0.08975303 0.96653541 0.00244283
v 0.09217061 0.98628708 -0.01654560
v 0.08704749 0.98624298 -0.00603432
v 0.08036554 0.98626905 0.00356322
v 0.07243060 0.98640289 0.01286814
v 0.06141037 0.96640180 0.04140984
v -0.08607706 0.98636275 -0.07638214
v -0.08814549 0.98625467 -0.06462086
v 0.01911845 0.94633044 0.04226673
v 0.00627969 0.94641611 0.04311116
v -0.01010652 0.91710821 0.00692587
v -0.02404443 0.93222199 0.02072376
v -0.00222690 0.91703410 0.00842554
v -0.05243671 0.94646121 0.02364131
v -0.05708428 0.95396409 0.03010787
v -0.05896966 0.95815634 0.03242945
v -0.07127960 0.96228263 0.02423526
v -0.08168128 0.96639064 0.01388650
v 0.06312947 0.98629215 0.02122132
v 0.05639569 0.98299541 0.03313967
v 0.05855656 0.97907894 0.03677565
v 0.06007835 0.97476158 0.03908634
v 0.06091485 0.97073098 0.04077398
v 0.04822098 0.98932840 -0.12839430
v 0.05775152 0.98915561 -0.12214129
v 0.03826352 0.98928561 -0.13345191
v 0.02770924 0.98913633 -0.13701228
v 0.01667175 0.98923240 -0.13905095
v 0.00488036 0.98930845 -0.13963452
v -0.00684486 0.98927921 -0.13888954
v -0.01764257 0.98916353 -0.13698629
v 0.06680045 0.98917969 -0.11464586
v 0.07457137 0.98917627 -0.10591424
v -0.02788907 0.98928681 -0.13364359
v -0.03775638 0.98925054 -0.12883952
v 0.08073476 0.98928854 -0.09690876
v 0.08557853 0.98921512 -0.08710833
v -0.04716161 0.98924489 -0.12253739
v -0.05606445 0.98914647 -0.11454778
v 0.08901609 0.98916434 -0.07639707
v 0.09123337 0.98928662 -0.06497084
v 0.09200314 0.98913958 -0.05282871
v 0.09135421 0.98920149 -0.04070311
v 0.08924473 0.98921947 -0.02953401
v 0.04887890 0.96644095 0.04762940
v 0.04868147 0.96231195 0.04695271
v 0.04775384 0.95815397 0.04515656
v 0.03386603 0.95398993 0.04716827
v -0.09527584 0.97061253 -0.01012512
v -0.09777395 0.97487384 -0.02387486
v -0.09761981 0.97895752 -0.03792064
v -0.09447469 0.98293503 -0.05213570
v -0.08852350 0.98634835 -0.05215339
v -0.06401262 0.98923608 -0.10565095
v -0.07060353 0.98927502 -0.09566050
v -0.07585608 0.98917794 -0.08534064
v -0.07932195 0.98926714 -0.07463995
v -0.00650011 0.94647938 0.04248831
v -0.00450098 0.93207759 0.02578161
v -0.04163157 0.94642252 0.03088464
v -0.08922510 0.97062934 0.00192350
v 0.08571678 0.98921430 -0.01907366
v 0.08098647 0.98925927 -0.00950333
v 0.07492254 0.98925764 -0.00064626
v 0.06741348 0.98918746 0.00810514
v 0.04856151 0.97060009 0.04701687
v -0.08109854 0.98914803 -0.06383125
v -0.08163829 0.98920239 -0.05209909
v 0.02039648 0.95401020 0.05006302
v 0.00626699 0.95399415 0.05109981
v -0.01440135 0.93215853 0.02391462
v -0.03046525 0.94636226 0.03626677
v -0.04548219 0.95393788 0.03778442
v -0.04708005 0.95806173 0.04025617
v -0.06020331 0.96224263 0.03390986
v -0.07179375 0.96639986 0.02476566
v -0.08105644 0.97068124 0.01338797
v 0.05889802 0.98926121 0.01574377
v 0.05332365 0.98625120 0.02793520
v 0.04501235 0.98287554 0.03882911
v 0.04673143 0.97900425 0.04268483
v 0.04797520 0.97479698 0.04523099
v 0.04486631 0.99177429 -0.12250308
v 0.05359509 0.99179949 -0.11662759
v 0.06191968 0.99170073 -0.10971294
v 0.03564723 0.99167945 -0.12691636
v 0.02606558 0.99180644 -0.13022526
v 0.01590429 0.99172614 -0.13222008
v 0.00485723 0.99181994 -0.13279413
v -0.00586581 0.99167188 -0.13214139
v -0.01575182 0.99169439 -0.13018154
v 0.06903553 0.99178220 -0.10169482
v 0.07472246 0.99171572 -0.09340105
v -0.02526939 0.99172954 -0.12708863
v -0.03435618 0.99171498 -0.12263726
v 0.07922376 0.99170895 -0.08442121
v 0.08243197 0.99179120 -0.07448433
v -0.04296358 0.99181511 -0.11687836
v -0.05110937 0.99169067 -0.10966866
v 0.08448536 0.99168248 -0.06408158
v 0.08510472 0.99181705 -0.05275169
v 0.08438566 0.99181025 -0.04173171
v 0.08261600 0.99185303 -0.03134446
v 0.07927930 0.99169332 -0.02186241
v 0.03529906 0.97055751 0.05199224
v 0.03534301 0.96648682 0.05262816
v 0.03526936 0.96235843 0.05185768
v 0.03472204 0.95803724 0.04997792
v -0.09363099 0.97485508 -0.01098180
v -0.09508868 0.97899215 -0.02466397
v -0.09352605 0.98285533 -0.03860595
v -0.08753141 0.98623727 -0.03941027
v -0.08059482 0.98928477 -0.04049466
v -0.05856673 0.99173571 -0.10132778
v -0.06453983 0.99170093 -0.09226755
v -0.06943985 0.99168643 -0.08267749
v -0.07247937 0.99171880 -0.07297161
v -0.00750294 0.95390117 0.05026515
v -0.01868342 0.94642800 0.04028233
v -0.03344878 0.95388394 0.04370951
v -0.08743433 0.97483127 0.00112713
v 0.07496403 0.99180915 -0.01299877
v 0.06946036 0.99180641 -0.00476626
v 0.06256253 0.99180872 0.00312154
v 0.05468353 0.99178914 0.01020732
v 0.03481800 0.97477878 0.05005983
v -0.07420707 0.99181348 -0.06292274
v -0.07467791 0.99171953 -0.05221822
v 0.02076643 0.95814058 0.05306887
v 0.00638490 0.95817767 0.05402355
v -0.02065703 0.95384942 0.04782974
v -0.03443136 0.95815225 0.04645478
v -0.04805620 0.96236646 0.04199165
v -0.06062119 0.96653864 0.03448811
v -0.07135948 0.97072979 0.02423981
v -0.07967434 0.97475435 0.01233946
v 0.04637982 0.99181973 0.01596189
v 0.04974798 0.98929784 0.02192181
v 0.04261064 0.98622808 0.03323023
v 0.03284158 0.98283640 0.04328149
v 0.03402279 0.97897765 0.04739812
v 0.04845952 0.99436514 -0.10982875
v 0.04055393 0.99436884 -0.11482185
v 0.05583781 0.99438235 -0.10349512
v 0.06212576 0.99437156 -0.09641472
v 0.03224471 0.99439372 -0.11888782
v 0.02381884 0.99426348 -0.12186083
v 0.01468212 0.99435057 -0.12361749
v 0.00507997 0.99421396 -0.12410257
v -0.00454516 0.99423483 -0.12363425
v -0.01361563 0.99439313 -0.12190345
v 0.06734514 0.99431045 -0.08893093
v 0.07111006 0.99427274 -0.08100651
v -0.02185646 0.99433209 -0.11922455
v -0.02992071 0.99431789 -0.11513073
v 0.07405053 0.99435199 -0.07223950
v 0.07584291 0.99436259 -0.06283906
v -0.03774008 0.99438396 -0.11011578
v -0.04508201 0.99432420 -0.10365348
v 0.07648883 0.99440463 -0.05283345
v 0.07588308 0.99424143 -0.04296589
v 0.07427409 0.99438136 -0.03379027
v 0.07147027 0.99435988 -0.02518722
v 0.06745570 0.99429309 -0.01729832
v 0.02085982 0.97487368 0.05327832
v 0.02104939 0.97066956 0.05511735
v 0.02117771 0.96642908 0.05576262
v 0.02103366 0.96226928 0.05500288
v -0.09084384 0.97904410 -0.01211074
v -0.09090414 0.98299087 -0.02579499
v -0.08514950 0.98625499 -0.02735336
v -0.07846471 0.98922427 -0.02932659
v -0.07380977 0.99170777 -0.04142384
v -0.05147328 0.99429651 -0.09620211
v -0.05711862 0.99439056 -0.08806501
v -0.06131169 0.99439719 -0.07955686
v -0.06407524 0.99426481 -0.07083672
v -0.00794964 0.95810336 0.05316363
v -0.02139942 0.95818510 0.05063795
v -0.08489060 0.97908037 -0.00035904
v 0.06252240 0.99428530 -0.00985539
v 0.05626554 0.99426776 -0.00294474
v 0.04936275 0.99436442 0.00349600
v 0.04192625 0.99436226 0.00853993
v 0.02039290 0.97910290 0.05027204
v -0.06571212 0.99439688 -0.06184160
v -0.06607978 0.99426626 -0.05221170
v 0.00637839 0.96224561 0.05599854
v -0.00824049 0.96225203 0.05527751
v -0.03530083 0.96218881 0.04818715
v -0.04835949 0.96654336 0.04269270
v -0.06012106 0.97071176 0.03403139
v -0.07005925 0.97477240 0.02300407
v -0.07743483 0.97901857 0.01057292
v 0.03383665 0.99440208 0.01268047
v 0.03729381 0.99170418 0.02050367
v 0.03994202 0.98917289 0.02686028
v 0.03112013 0.98637201 0.03741917
v 0.01968456 0.98283619 0.04618800
v 0.04731908 0.99727507 -0.09494771
v 0.04122766 0.99733210 -0.10002400
v 0.03461670 0.99733867 -0.10433224
v 0.05244794 0.99730970 -0.08916488
v 0.05675000 0.99730411 -0.08290004
v 0.02783994 0.99738054 -0.10774676
v 0.02066466 0.99723482 -0.11008632
v 0.01318991 0.99732358 -0.11169822
v 0.00502294 0.99723941 -0.11216750
v -0.00284368 0.99738904 -0.11149281
v -0.01029852 0.99740855 -0.11014919
v 0.06006607 0.99729501 -0.07624641
v 0.06255003 0.99739983 -0.06890183
v -0.01720818 0.99726351 -0.10781842
v -0.02389164 0.99739471 -0.10459571
v 0.06395142 0.99733834 -0.06110033
v 0.06448654 0.99730123 -0.05276016
v -0.03040285 0.99725725 -0.10032054
v -0.03644051 0.99728808 -0.09501813
v 0.06404787 0.99726401 -0.04464544
v 0.06250467 0.99732321 -0.03702030
v 0.06030194 0.99740580 -0.02993539
v 0.05691068 0.99725765 -0.02332088
v 0.05292061 0.99734944 -0.01711946
v 0.00637281 0.97897368 0.05130030
v 0.00644428 0.97473230 0.05420056
v 0.00631231 0.97063491 0.05608336
v 0.00635820 0.96652259 0.05677701
v -0.08686752 0.98295689 -0.01378718
v -0.08140741 0.98621250 -0.01617597
v -0.07503867 0.98917792 -0.01871952
v -0.07173465 0.99178913 -0.03123599
v -0.06517448 0.99436949 -0.04259423
v -0.04190105 0.99737982 -0.08884107
v -0.04647673 0.99734647 -0.08202151
v -0.05004872 0.99737254 -0.07498760
v -0.05232439 0.99731970 -0.06774302
v -0.02196626 0.96227453 0.05256105
v -0.08123957 0.98292652 -0.00261835
v 0.04766034 0.99730604 -0.01137821
v 0.04183453 0.99739750 -0.00605800
v 0.03573855 0.99725189 -0.00178264
v 0.02905919 0.99730086 0.00161673
v 0.00631073 0.98286056 0.04705038
v -0.05363079 0.99723433 -0.06020179
v -0.05395142 0.99730117 -0.05235303
v -0.00829251 0.96641233 0.05600436
v -0.02218150 0.96643221 0.05348318
v -0.03557009 0.96639488 0.04904166
v -0.04811285 0.97070190 0.04207559
v -0.05901479 0.97487184 0.03249918
v -0.06792119 0.97892685 0.02102128
v -0.07388672 0.98297756 0.00802281
v 0.02164183 0.99728646 0.00413041
v 0.02499597 0.99424910 0.01587626
v 0.02732910 0.99177671 0.02414827
v 0.02925966 0.98930361 0.03082684
v 0.01885875 0.98628340 0.04024361
v 0.04159256 1.00019945 -0.08068836
v 0.03759925 1.00027609 -0.08525902
v 0.03285105 1.00026435 -0.08913551
v 0.02791640 1.00022100 -0.09235176
v 0.04480274 1.00019212 -0.07594263
v 0.04750795 1.00019342 -0.07085966
v 0.02254289 1.00024469 -0.09505137
v 0.01708125 1.00028447 -0.09693102
v 0.01128465 1.00026612 -0.09802946
v 0.00526330 1.00019934 -0.09836488
v -0.00090922 1.00027679 -0.09797630
v -0.00656939 1.00018267 -0.09690290
v 0.04923711 1.00025043 -0.06517694
v 0.05038261 1.00018561 -0.05919880
v -0.01200783 1.00028181 -0.09511377
v -0.01723935 1.00019746 -0.09257397
v 0.05079834 1.00018383 -0.05276554
v 0.05038560 1.00015254 -0.04639875
v -0.02211892 1.00021243 -0.08922533
v -0.02674262 1.00031975 -0.08517446
v 0.04934674 1.00020641 -0.04061342
v 0.04749748 1.00018529 -0.03518626
v 0.04508558 1.00026448 -0.03012858
v 0.04178825 1.00026850 -0.02536154
v 0.03788125 1.00020947 -0.02096608
v -0.00713623 0.98284238 0.04637215
v -0.00753880 0.97900720 0.05057833
v -0.00789771 0.97476695 0.05336230
v -0.00809715 0.97059056 0.05537230
v -0.07598437 0.98639937 -0.00548130
v -0.07005658 0.98918186 -0.00910148
v -0.06854180 0.99179852 -0.02141075
v -0.06345628 0.99440007 -0.03340948
v -0.05317813 0.99741419 -0.04439695
v -0.03088327 1.00017435 -0.08054660
v -0.03433158 1.00031189 -0.07523103
v -0.03708566 1.00028042 -0.06989730
v -0.03896671 1.00021377 -0.06421298
v -0.06919298 0.98636719 0.00427646
v 0.03341888 1.00028352 -0.01702454
v 0.02862214 1.00031121 -0.01362390
v 0.02349199 1.00018599 -0.01099131
v 0.01792850 1.00028578 -0.00893832
v 0.00633381 0.98625118 0.04105976
v -0.04002974 1.00018793 -0.05859633
v -0.04008399 1.00031537 -0.05239508
v -0.02205304 0.97058613 0.05272549
v -0.03529260 0.97064945 0.04829476
v -0.04717793 0.97485965 0.04038889
v -0.05725986 0.97899845 0.03030798
v -0.06492029 0.98298337 0.01798511
v -0.06081369 0.98621142 0.01363289
v 0.01192235 1.00025463 -0.00764343
v 0.01390569 0.99725152 0.00587444
v 0.01567750 0.99421239 0.01799042
v 0.01687664 0.99167796 0.02650016
v 0.01784967 0.98920820 0.03335601
v 0.03088375 1.00245401 -0.07232673
v 0.02810062 1.00259157 -0.07551613
v 0.02473167 1.00245336 -0.07834499
v 0.02122150 1.00245810 -0.08070667
v 0.01756018 1.00257715 -0.08239182
v 0.03311706 1.00259925 -0.06906979
v 0.03492175 1.00249021 -0.06550130
v 0.01369101 1.00261659 -0.08379276
v 0.00959853 1.00245871 -0.08448158
v 0.00516251 1.00253590 -0.08489514
v 0.00102969 1.00259639 -0.08450444
v -0.00309946 1.00242224 -0.08374800
v -0.00679668 1.00244332 -0.08250024
v 0.03615573 1.00244504 -0.06151020
v 0.03709663 1.00251385 -0.05735346
v -0.01044439 1.00249805 -0.08079339
v -0.01393287 1.00253130 -0.07853091
v 0.03730622 1.00251718 -0.05274786
v 0.03708112 1.00253194 -0.04840773
v -0.01712820 1.00246375 -0.07563901
v -0.02016917 1.00257555 -0.07230918
v 0.03630218 1.00254533 -0.04417903
v 0.03500706 1.00247166 -0.04045043
v 0.03335174 1.00253804 -0.03687999
v 0.03109379 1.00256293 -0.03353537
v 0.02828742 1.00254405 -0.03035298
v -0.00630724 0.98640125 0.04040417
v -0.01974273 0.98289617 0.04395611
v -0.02070950 0.97901129 0.04810331
v -0.02159024 0.97476109 0.05094343
v -0.06365806 0.98926484 0.00008753
v -0.06398935 0.99183947 -0.01256882
v -0.06050109 0.99430934 -0.02481026
v -0.05172956 0.99727046 -0.03683721
v -0.03965446 1.00031621 -0.04641883
v -0.02246068 1.00243596 -0.06855450
v -0.02440177 1.00244087 -0.06479993
v -0.02570975 1.00259958 -0.06092795
v -0.02648875 1.00246524 -0.05687339
v -0.05585469 0.98914224 0.00876675
v 0.02516910 1.00256109 -0.02762444
v 0.02181563 1.00260939 -0.02537082
v 0.01822230 1.00252288 -0.02343698
v 0.01426484 1.00260984 -0.02204510
v 0.00622731 0.98933190 0.03410534
v -0.02657606 1.00247824 -0.05250656
v -0.02619891 1.00253970 -0.04833987
v -0.03454636 0.97473676 0.04655384
v -0.04575068 0.97905909 0.03802633
v -0.05470674 0.98289072 0.02687297
v -0.05116325 0.98630229 0.02198483
v -0.04694781 0.98932054 0.01646287
v 0.00996203 1.00252430 -0.02121737
v 0.00589673 1.00015550 -0.00724238
v 0.00588535 0.99727058 0.00657497
v 0.00602310 0.99437812 0.01863449
v 0.00622182 0.99166638 0.02729798
v 0.01984108 1.00399599 -0.06721125
v 0.02152290 1.00393079 -0.06535387
v 0.01773248 1.00402219 -0.06911662
v 0.01540865 1.00392625 -0.07059462
v 0.01317912 1.00408896 -0.07172105
v 0.01058717 1.00394128 -0.07252984
v 0.02315452 1.00404995 -0.06304393
v 0.02411405 1.00392739 -0.06085085
v 0.00800359 1.00391498 -0.07307465
v 0.00543248 1.00393153 -0.07309999
v 0.00263238 1.00392810 -0.07291225
v 0.00011257 1.00395500 -0.07241018
v -0.00235731 1.00403782 -0.07173137
v -0.00471027 1.00401299 -0.07049154
v 0.02490784 1.00401963 -0.05832406
v 0.02541793 1.00398028 -0.05561838
v -0.00679707 1.00391309 -0.06918805
v -0.00897600 1.00401783 -0.06725999
v 0.02563175 1.00402342 -0.05275835
v 0.02563168 1.00390830 -0.05003246
v -0.01076939 1.00396676 -0.06518071
v -0.01234247 1.00407569 -0.06289995
v 0.02497029 1.00394564 -0.04735445
v 0.02429523 1.00395574 -0.04499631
v 0.02310609 1.00398789 -0.04262161
v 0.02169511 1.00390307 -0.04066135
v 0.01990041 1.00404045 -0.03870082
v -0.00541430 0.98918387 0.03350715
v -0.01824500 0.98635178 0.03814602
v -0.03186971 0.98291917 0.04001322
v -0.03351710 0.97898999 0.04398851
v -0.05826049 0.99172074 -0.00413034
v -0.05646165 0.99426861 -0.01688762
v -0.04939937 0.99733147 -0.02968175
v -0.03846043 1.00029232 -0.04059326
v -0.02536153 1.00253756 -0.04425327
v -0.01346332 1.00401153 -0.06044910
v -0.01431329 1.00390343 -0.05785897
v -0.01470376 1.00403353 -0.05538678
v -0.01485613 1.00395324 -0.05274936
v -0.05095136 0.99178124 0.00394830
v 0.01790812 1.00399069 -0.03675853
v 0.01580389 1.00400103 -0.03544157
v 0.01350885 1.00405680 -0.03418972
v 0.01106154 1.00405947 -0.03318444
v -0.00464551 0.99179598 0.02663895
v -0.01457622 1.00409805 -0.05003022
v -0.01411261 1.00397534 -0.04740182
v -0.04353096 0.98283041 0.03428662
v -0.04060296 0.98631443 0.02890178
v -0.03733558 0.98913651 0.02302199
v -0.04269228 0.99172268 0.01092277
v 0.00833590 1.00395202 -0.03267637
v 0.00573393 1.00253540 -0.02076834
v -0.00017881 1.00028168 -0.00754400
v -0.00188585 0.99741222 0.00606243
v -0.00341721 0.99439000 0.01806252
v 0.01286605 1.00447720 -0.06261222
v 0.01408682 1.00466244 -0.06157388
v 0.01525439 1.00448263 -0.06039299
v 0.01155408 1.00460179 -0.06342344
v 0.01004976 1.00459689 -0.06417388
v 0.00862043 1.00460904 -0.06475990
v 0.00700482 1.00463703 -0.06508120
v 0.01614689 1.00464005 -0.05908756
v 0.01669616 1.00452888 -0.05760108
v 0.00536268 1.00452708 -0.06512443
v 0.00367441 1.00462490 -0.06487483
v 0.00218406 1.00464169 -0.06473775
v 0.00078368 1.00464615 -0.06415383
v -0.00053547 1.00452402 -0.06352184
v -0.00194723 1.00461242 -0.06271058
v 0.01715885 1.00448554 -0.05619950
v 0.01760679 1.00461754 -0.05456619
v -0.00314247 1.00466177 -0.06158651
v -0.00430115 1.00462714 -0.06024803
v 0.01774825 1.00466847 -0.05285508
v 0.01763267 1.00451258 -0.05120621
v -0.00532977 1.00462590 -0.05895869
v -0.00597368 1.00452029 -0.05732766
v 0.01722498 1.00450692 -0.04954369
v 0.01688001 1.00454961 -0.04815733
v 0.01618935 1.00451077 -0.04672091
v 0.01522468 1.00452248 -0.04540757
v 0.01418002 1.00462202 -0.04426732
v -0.01475889 0.99176706 0.02469254
v -0.01636659 0.98913289 0.03142108
v -0.02962785 0.98634668 0.03435660
v -0.05135536 0.99430618 -0.00929001
v -0.04603550 0.99725972 -0.02302269
v -0.03678367 1.00015446 -0.03509397
v -0.02408674 1.00246340 -0.04025759
v -0.01342370 1.00391506 -0.04484349
v -0.00656885 1.00460612 -0.05593455
v -0.00681164 1.00466597 -0.05438256
v -0.00678218 1.00455704 -0.05278900
v -0.00667156 1.00448420 -0.05102766
v -0.04489667 0.99423030 -0.00224982
v 0.01300028 1.00452931 -0.04317682
v 0.01175895 1.00461351 -0.04224706
v 0.01026999 1.00464759 -0.04165738
v 0.00879485 1.00453938 -0.04110179
v -0.01244328 0.99427612 0.01645798
v -0.00643758 1.00461392 -0.04953257
v -0.00592752 1.00462381 -0.04800290
v -0.02698488 0.98931527 0.02800383
v -0.03391025 0.99179415 0.01696101
v -0.03763475 0.99440078 0.00414897
v 0.00718677 1.00456850 -0.04070013
v 0.00555226 1.00400853 -0.03241393
v 0.00155206 1.00259805 -0.02098812
v -0.00608601 1.00034917 -0.00876685
v -0.00942422 0.99734788 0.00462791
v 0.00854314 1.00469795 -0.05810498
v 0.01025280 1.00456284 -0.05931447
v 0.00979360 1.00466202 -0.05720066
v 0.01196977 1.00458420 -0.05773311
v 0.00855759 1.00461052 -0.06024867
v 0.00708761 1.00474774 -0.05862287
v 0.00644199 1.00472342 -0.06088166
v 0.00547048 1.00465952 -0.05888034
v 0.01076530 1.00458339 -0.05590819
v 0.01301159 1.00469850 -0.05594971
v 0.00429251 1.00459112 -0.06093896
v 0.00375378 1.00472653 -0.05877930
v 0.00241564 1.00468018 -0.06036037
v 0.00238454 1.00462309 -0.05804180
v 0.00055776 1.00472276 -0.05935670
v 0.00113186 1.00470616 -0.05704670
v 0.01136826 1.00462967 -0.05443471
v 0.01338343 1.00458126 -0.05391215
v -0.00098379 1.00471807 -0.05765982
v 0.00012302 1.00471318 -0.05576483
v 0.01157155 1.00457285 -0.05286979
v 0.01343953 1.00460736 -0.05171833
v -0.00216730 1.00460029 -0.05589874
v -0.00052956 1.00460622 -0.05429548
v 0.01129112 1.00463676 -0.05119332
v 0.01300947 1.00467937 -0.04965433
v 0.01077846 1.00459784 -0.04980428
v 0.01195947 1.00463979 -0.04787810
v 0.00980310 1.00458578 -0.04862346
v -0.02120949 0.99425735 0.01356949
v -0.02438269 0.99185105 0.02146383
v -0.04162136 0.99732053 -0.01664391
v -0.03410609 1.00030764 -0.02989290
v -0.02224136 1.00260510 -0.03666070
v -0.01216974 1.00402726 -0.04261042
v -0.00524919 1.00456473 -0.04672350
v -0.00261586 1.00462851 -0.05374700
v -0.00067028 1.00457071 -0.05272537
v -0.00256151 1.00461522 -0.05158402
v -0.00031163 1.00456550 -0.05109298
v -0.03629921 0.99731824 -0.01085930
v 0.01045458 1.00468906 -0.04646114
v 0.00861086 1.00466449 -0.04758178
v 0.00858587 1.00466770 -0.04533576
v 0.00705136 1.00469620 -0.04700715
v -0.01675025 0.99724742 0.00229135
v -0.00201768 1.00458159 -0.04966964
v 0.00011627 1.00461455 -0.04979991
v -0.02966296 0.99437268 0.00930638
v -0.03023971 0.99727452 -0.00547906
v 0.00654676 1.00472048 -0.04481453
v 0.00553678 1.00451478 -0.04054564
v 0.00299728 1.00397441 -0.03257579
v -0.00261936 1.00256114 -0.02191018
v -0.01161180 1.00025934 -0.01047635
v 0.00554004 1.00470522 -0.05288314
v -0.02371896 0.99731801 -0.00121119
v -0.03073539 1.00020003 -0.02512292
v -0.02001068 1.00253123 -0.03326629
v -0.01062145 1.00398663 -0.04035797
v -0.00425991 1.00457402 -0.04530208
v -0.00091479 1.00470278 -0.04784062
v -0.02664730 1.00019521 -0.02059746
v 0.00554911 1.00472715 -0.04668437
v -0.01699859 1.00017484 -0.01306392
v 0.00121340 1.00467173 -0.04857616
v -0.02204751 1.00022592 -0.01654099
v 0.00392012 1.00458693 -0.04072100
v 0.00024448 1.00403731 -0.03320137
v -0.00652981 1.00242475 -0.02301371
v -0.01717378 1.00246451 -0.03011739
v -0.00887071 1.00399006 -0.03836040
v -0.00324282 1.00461591 -0.04416920
v -0.01390627 1.00257403 -0.02723232
v 0.00437344 1.00460090 -0.04470025
v -0.01023843 1.00249153 -0.02503181
v 0.00060803 1.00458851 -0.04633225
v 0.00402085 1.00464981 -0.04705464
v 0.00236281 1.00466440 -0.04089434
v -0.00219807 1.00394117 -0.03399202
v 0.00251435 1.00456694 -0.04749037
v -0.00671212 1.00406101 -0.03662686
v -0.00185141 1.00462956 -0.04300815
v -0.00454676 1.00404354 -0.03515939
v 0.00251572 1.00472429 -0.04534581
v 0.00081477 1.00464585 -0.04144094
v -0.00053193 1.00453957 -0.04204478
vt -0.0007128958 0.02084992
vt -0.0003439967 0.020509
vt -0.0002888149 0.02062106
vt -0.008259207 0.01776079
vt -0.008249079 0.01763629
vt -0.007786041 0.01761414
vt -0.0054692 0.02696186
vt -0.005469398 0.02678674
vt -0.004996537 0.02669386
vt -0.00650293 0.02364659
vt -0.006493894 0.02349422
vt -0.006035177 0.02346351
vt -0.007392342 0.01549243
vt -0.007392924 0.01539536
vt -0.006931696 0.01544046
vt -0.004059027 0.0174227
vt -0.003649241 0.01714436
vt -0.003603975 0.01725472
vt -0.003302976 0.02789073
vt -0.002854657 0.02759449
vt -0.002826597 0.02776735
vt -0.0000874083 0.02404927
vt 0.000272979 0.02364263
vt 0.0003353696 0.02376326
vt -0.003793582 0.02481191
vt -0.00334869 0.02458024
vt -0.003326612 0.02473128
vt -0.005433937 0.0192449
vt -0.005437833 0.01913968
vt -0.004978631 0.01918118
vt -0.007163622 0.01574913
vt -0.006718255 0.01574913
vt -0.006712851 0.01584606
vt -0.008810874 0.01344898
vt -0.008361313 0.01344898
vt -0.008357334 0.01354421
vt -0.01067564 0.01302401
vt -0.01021476 0.01306557
vt -0.01069351 0.01314194
vt -0.007517847 0.02102369
vt -0.007513348 0.02088796
vt -0.007031433 0.02083277
vt -0.004562936 0.03182125
vt -0.004564078 0.0316183
vt -0.004080046 0.03152957
vt -0.004777241 0.02919475
vt -0.004775997 0.02899082
vt -0.004305038 0.02893829
vt -0.005039205 0.03003665
vt -0.005043639 0.029864
vt -0.004555471 0.02971488
vt -0.005279493 0.02628834
vt -0.005273095 0.02611522
vt -0.004815109 0.02609875
vt -0.005594549 0.01924797
vt -0.005148851 0.01924797
vt -0.005142886 0.0193531
vt -0.009659747 0.01208795
vt -0.009428311 0.01121078
vt -0.009222638 0.01217332
vt -0.009224164 0.01217275
vt -0.009167232 0.01173926
vt -0.008774855 0.01218783
vt -0.01187714 0.01020768
vt -0.01145109 0.01039691
vt -0.01190343 0.01029928
vt -0.01146585 0.01432673
vt -0.01098276 0.01428596
vt -0.01099011 0.01441549
vt -0.00456647 0.01990724
vt -0.004128381 0.0196224
vt -0.004084355 0.01974202
vt -0.00601023 0.03143519
vt -0.005507733 0.03136936
vt -0.005517199 0.0315721
vt -0.003403961 0.03079732
vt -0.002940531 0.03047561
vt -0.002915429 0.03064649
vt -0.006004418 0.02887614
vt -0.005513239 0.0287797
vt -0.005523439 0.02898338
vt -0.001227427 0.02764053
vt -0.0008260418 0.0272205
vt -0.000776294 0.02734144
vt -0.005568073 0.02627686
vt -0.0050936 0.02617016
vt -0.005098041 0.02634335
vt -0.004754303 0.02108186
vt -0.004753989 0.02097043
vt -0.004297129 0.02105
vt -0.01007941 0.011942
vt -0.009916065 0.01154083
vt -0.009658475 0.01208849
vt -0.009915793 0.01154071
vt -0.009426767 0.01121119
vt -0.009658204 0.01208836
vt -0.009427253 0.01121055
vt -0.009164648 0.0117396
vt -0.00922158 0.01217309
vt -0.009167653 0.01173963
vt -0.00877613 0.01128454
vt -0.008775275 0.01218819
vt -0.009745639 0.01335859
vt -0.009296481 0.01335859
vt -0.009289936 0.01345684
vt -0.01156845 0.01362583
vt -0.01112206 0.01369508
vt -0.01158362 0.01375468
vt -0.01127032 0.01503419
vt -0.01079297 0.0151138
vt -0.01129588 0.01515906
vt -0.007337371 0.02485442
vt -0.007334868 0.02472367
vt -0.0068304 0.02465125
vt -0.005752099 0.03243205
vt -0.005734172 0.0322926
vt -0.005239122 0.03242202
vt -0.005744692 0.03009756
vt -0.005725918 0.02992485
vt -0.005243243 0.03002417
vt -0.004714409 0.03426437
vt -0.004714056 0.03398927
vt -0.00421623 0.03387272
vt -0.0054338 0.02722544
vt -0.005416869 0.02705005
vt -0.004946235 0.02711213
vt -0.005044582 0.03233429
vt -0.005051625 0.03219463
vt -0.004546598 0.03199989
vt -0.004690713 0.02451728
vt -0.004681654 0.02436404
vt -0.004222816 0.02438469
vt -0.004180691 0.0212654
vt -0.003733469 0.0212654
vt -0.003726357 0.0213766
vt -0.01007802 0.01194257
vt -0.01003168 0.01095741
vt -0.009914674 0.0115414
vt -0.009915508 0.01154113
vt -0.008774267 0.008741383
vt -0.009426482 0.01121161
vt -0.009429179 0.01121151
vt -0.008775051 0.01128546
vt -0.009166574 0.01174056
vt -0.00877685 0.01128454
vt -0.00832835 0.01215137
vt -0.008775996 0.0121882
vt -0.01304812 0.008893077
vt -0.01265475 0.009136386
vt -0.01308072 0.008985996
vt -0.01221697 0.01787039
vt -0.01175238 0.01784293
vt -0.01175904 0.01799796
vt -0.01159157 0.01702496
vt -0.01108756 0.01699413
vt -0.01109528 0.01713597
vt -0.005819849 0.0234888
vt -0.005336066 0.02323533
vt -0.005304958 0.02335243
vt -0.005604299 0.03232197
vt -0.005083567 0.03242837
vt -0.005096613 0.03256836
vt -0.005788727 0.03386294
vt -0.005275732 0.03385389
vt -0.00528388 0.03412887
vt -0.006172323 0.02988479
vt -0.005662446 0.02994083
vt -0.005680583 0.03011361
vt -0.003166212 0.03330263
vt -0.002699952 0.03287347
vt -0.002675575 0.03301116
vt -0.006304634 0.02693012
vt -0.005806434 0.02694325
vt -0.005827582 0.02711818
vt -0.002824214 0.03070184
vt -0.0023704 0.0303096
vt -0.002339719 0.03041302
vt -0.005555815 0.02428758
vt -0.005073221 0.02425792
vt -0.005086091 0.02441089
vt -0.005410504 0.01954619
vt -0.005397149 0.01944143
vt -0.004953166 0.01958862
vt -0.01047915 0.01174413
vt -0.01003202 0.0109574
vt -0.01007836 0.01194255
vt -0.01003179 0.01095744
vt -0.008773547 0.008741677
vt -0.009914788 0.01154142
vt -0.009429112 0.01121092
vt -0.008776897 0.008740689
vt -0.008774984 0.01128487
vt -0.0087771 0.01128467
vt -0.008386582 0.01172852
vt -0.0083286 0.0121515
vt -0.01017283 0.01529849
vt -0.00973502 0.01529849
vt -0.009722459 0.01540389
vt -0.01134287 0.01835201
vt -0.01088818 0.01837364
vt -0.01134258 0.01850718
vt -0.01289629 0.01478353
vt -0.01245039 0.01494829
vt -0.01293234 0.01492093
vt -0.01108168 0.01943308
vt -0.01058062 0.01952003
vt -0.0111031 0.01955233
vt -0.007451323 0.02838526
vt -0.007449737 0.02827739
vt -0.006923216 0.02819686
vt -0.004016452 0.03531856
vt -0.004007397 0.03525053
vt -0.003481624 0.0354555
vt -0.006301329 0.02978974
vt -0.006275504 0.02968462
vt -0.005785152 0.0299164
vt -0.004495269 0.03604249
vt -0.004481868 0.0359661
vt -0.003961441 0.03620008
vt -0.006826192 0.02607285
vt -0.006790037 0.02594664
vt -0.006318955 0.02614918
vt -0.005529979 0.03589505
vt -0.005009239 0.03566158
vt -0.00499625 0.03573777
vt -0.006571612 0.02233913
vt -0.00653463 0.02220785
vt -0.006073711 0.02236081
vt -0.005961059 0.03468584
vt -0.005435491 0.03448106
vt -0.005426495 0.034549
vt -0.00455376 0.02004777
vt -0.004534526 0.01992393
vt -0.004074083 0.01998705
vt -0.002691863 0.02020486
vt -0.002240683 0.02020492
vt -0.002232426 0.0203102
vt -0.0105934 0.01114944
vt -0.01003047 0.01095828
vt -0.01047761 0.01174501
vt -0.01056315 0.01055345
vt -0.008771797 0.00874267
vt -0.01003004 0.01095843
vt -0.008779247 0.008740691
vt -0.008386816 0.01172873
vt -0.008777334 0.01128487
vt -0.008387085 0.01172859
vt -0.007896982 0.01208125
vt -0.008329102 0.01215157
vt -0.01177812 0.01299704
vt -0.01133498 0.01314699
vt -0.01178802 0.01310272
vt -0.01193171 0.02023438
vt -0.01146976 0.02012993
vt -0.01146524 0.02030203
vt -0.01273971 0.02026222
vt -0.01225725 0.02027811
vt -0.01227201 0.02045583
vt -0.01123107 0.02134835
vt -0.01070825 0.02132208
vt -0.01071066 0.02145858
vt -0.006771222 0.02730543
vt -0.006251795 0.02709426
vt -0.006233509 0.02719257
vt -0.00153834 0.03540829
vt -0.0009928011 0.03547716
vt -0.0009924201 0.0355458
vt -0.003779516 0.03593831
vt -0.003243251 0.03606952
vt -0.003252453 0.03614652
vt -0.002682975 0.03031712
vt -0.002141578 0.03030948
vt -0.002142386 0.03041772
vt -0.004215434 0.03664717
vt -0.003679741 0.0367983
vt -0.003827412 0.03685202
vt -0.003296309 0.026759
vt -0.002768393 0.0267354
vt -0.002772801 0.02686662
vt -0.006179624 0.03532171
vt -0.006188413 0.03524492
vt -0.00565238 0.03511396
vt -0.005642111 0.03642713
vt -0.005789587 0.03637342
vt -0.005254081 0.0362223
vt -0.003756515 0.02301643
vt -0.003245372 0.02298687
vt -0.003254124 0.02312297
vt -0.008055969 0.03350353
vt -0.008055675 0.033435
vt -0.007505602 0.03343055
vt -0.003515064 0.020285
vt -0.003023587 0.02024399
vt -0.003030757 0.0203691
vt -0.007069739 0.0163966
vt -0.007037115 0.01630517
vt -0.0066267 0.01653699
vt -0.01085354 0.01149558
vt -0.01059337 0.01114944
vt -0.01047758 0.011745
vt -0.01059323 0.01114994
vt -0.01056341 0.01055379
vt -0.0100303 0.01095877
vt -0.01115504 0.0105899
vt -0.008770432 0.008744021
vt -0.01056178 0.0105548
vt -0.008778971 0.008740655
vt -0.008127002 0.01120568
vt -0.00838654 0.01172869
vt -0.008386995 0.01172847
vt -0.008127457 0.01120545
vt -0.007896892 0.01208112
vt -0.0109893 0.01561188
vt -0.01054631 0.01561188
vt -0.01053471 0.01572239
vt -0.01171421 0.01980108
vt -0.01123182 0.01978485
vt -0.01171452 0.01997324
vt -0.0118798 0.02076231
vt -0.01141295 0.02082729
vt -0.01188696 0.02094051
vt -0.01305912 0.01874898
vt -0.01259932 0.01896069
vt -0.01309475 0.01888077
vt -0.01075398 0.02422597
vt -0.01022947 0.02431468
vt -0.01076799 0.02432498
vt -0.008052612 0.03312588
vt -0.007507723 0.03305539
vt -0.007502539 0.03312133
vt -0.00160502 0.03531896
vt -0.001600303 0.0352538
vt -0.001054775 0.03539285
vt -0.00100045 0.03864246
vt -0.001545226 0.03853524
vt -0.001542766 0.03847802
vt -0.002655949 0.02913181
vt -0.002641773 0.02903563
vt -0.002114564 0.02912335
vt -0.003748384 0.0370281
vt -0.003901605 0.03694891
vt -0.00375377 0.03689564
vt -0.00105935 0.03880376
vt -0.001472986 0.03869166
vt -0.00146496 0.03863641
vt -0.003118503 0.0248743
vt -0.003097154 0.02475895
vt -0.002590867 0.0248451
vt -0.008157897 0.03753263
vt -0.007615583 0.03736818
vt -0.007613122 0.03742539
vt -0.00816597 0.0378779
vt -0.007760359 0.03771056
vt -0.007752333 0.0377658
vt -0.005598181 0.03683447
vt -0.005610897 0.03669734
vt -0.005463014 0.03674992
vt -0.003314031 0.02085253
vt -0.003289352 0.02073169
vt -0.002803897 0.0208089
vt -0.008210341 0.03703139
vt -0.008763916 0.03702862
vt -0.008211463 0.0369736
vt -0.002385583 0.01841048
vt -0.002368614 0.0182957
vt -0.001898269 0.0183346
vt -0.001151008 0.01782116
vt -0.0006930569 0.01782116
vt -0.0006859103 0.01791797
vt -0.01085284 0.01149611
vt -0.01056284 0.01055381
vt -0.01059267 0.01114997
vt -0.01119823 0.01119789
vt -0.01115502 0.01059018
vt -0.01056177 0.01055507
vt -0.01115466 0.0105904
vt -0.01096431 0.01002243
vt -0.008770049 0.008744515
vt -0.008781741 0.008741387
vt -0.007502079 0.01096586
vt -0.008129772 0.01120641
vt -0.008128742 0.01120579
vt -0.007473234 0.01195633
vt -0.007898177 0.01208146
vt -0.01144788 0.01447188
vt -0.01096579 0.01455153
vt -0.01144743 0.01458299
vt -0.01095206 0.01895386
vt -0.01048675 0.01872587
vt -0.01046533 0.01887531
vt -0.01225909 0.02281409
vt -0.01178088 0.02272016
vt -0.01178081 0.02292274
vt -0.01270803 0.02362238
vt -0.01220949 0.02367982
vt -0.01222156 0.0238551
vt -0.0107898 0.02553671
vt -0.01025126 0.02552737
vt -0.01025022 0.02563931
vt -0.009989628 0.03175397
vt -0.009444015 0.03189451
vt -0.009994172 0.03181996
vt -0.0001409203 0.03856581
vt -0.0006931168 0.03845368
vt -0.0001406487 0.03850854
vt 0.001016441 0.03532658
vt 0.001561839 0.03525686
vt 0.001566574 0.03532201
vt -0.0009027533 0.03871019
vt -0.001440598 0.03854912
vt -0.000895529 0.03865483
vt 0.002480496 0.02922943
vt 0.00300248 0.02902264
vt 0.003019012 0.02911844
vt -0.0008786194 0.03881414
vt -0.001282356 0.03865264
vt -0.0008682073 0.03876283
vt 0.003525359 0.02491536
vt 0.004014777 0.02466949
vt 0.004043091 0.02478332
vt -0.008763204 0.03710846
vt -0.008763493 0.03705119
vt -0.008209919 0.03705396
vt -0.008239734 0.03764193
vt -0.008246959 0.03758658
vt -0.00770189 0.03748085
vt -0.00832004 0.03792869
vt -0.008330452 0.03787739
vt -0.007916304 0.03776719
vt -0.008874917 0.0378935
vt -0.008877344 0.03784895
vt -0.008733382 0.03778044
vt 0.004702516 0.02066458
vt 0.005152678 0.02039395
vt 0.005192134 0.02051081
vt -0.008763057 0.03674322
vt -0.009316327 0.03668856
vt -0.009315188 0.03663077
vt 0.005073319 0.01788983
vt 0.005500641 0.01763116
vt 0.005540786 0.01774002
vt -0.004182629 0.01644962
vt -0.004157931 0.01635874
vt -0.003719969 0.0165428
vt -0.01119959 0.01119655
vt -0.01056313 0.01055373
vt -0.01085313 0.01149602
vt -0.01150062 0.01085517
vt -0.01115507 0.01059018
vt -0.01119828 0.01119789
vt -0.01150054 0.01085528
vt -0.01096464 0.01002232
vt -0.01115499 0.01059029
vt -0.01121646 0.009435508
vt -0.008768813 0.008746637
vt -0.01096308 0.01002455
vt -0.008783686 0.008742507
vt -0.006927373 0.0111485
vt -0.007504025 0.01096698
vt -0.008129642 0.01120675
vt -0.007501949 0.0109662
vt -0.007632688 0.01154898
vt -0.008129341 0.01120631
vt -0.007632387 0.01154854
vt -0.007473833 0.01195685
vt -0.01186496 0.01240805
vt -0.01139371 0.01240805
vt -0.01138764 0.01251259
vt -0.01211231 0.01637323
vt -0.01162512 0.01634307
vt -0.01212107 0.01652395
vt -0.01147196 0.02311712
vt -0.01098165 0.02306545
vt -0.0114651 0.02331959
vt -0.01214401 0.02375845
vt -0.01166441 0.02386113
vt -0.01215485 0.02393381
vt -0.01281581 0.02312462
vt -0.01233212 0.02336307
vt -0.01284124 0.02323364
vt -0.009951234 0.03193103
vt -0.00940641 0.03200055
vt -0.00940528 0.03207024
vt -0.008746775 0.03677473
vt -0.009298971 0.0366626
vt -0.008746502 0.03671747
vt -0.0001624727 0.03855987
vt -0.0007157419 0.0385052
vt -0.0007146029 0.0384474
vt 0.001013721 0.03557846
vt 0.001013968 0.03551007
vt 0.001564102 0.03550557
vt -0.0002170565 0.03834108
vt -0.0007569436 0.03825626
vt -0.0007572484 0.03818807
vt 0.001788012 0.03051834
vt 0.001789136 0.03041093
vt 0.00231753 0.03033168
vt -0.0005359433 0.03883962
vt -0.0006896582 0.03882155
vt -0.0006794696 0.0387702
vt -0.0001367815 0.03838502
vt -0.0005430478 0.03829853
vt -0.0005428626 0.03822951
vt 0.001980247 0.027041
vt 0.001981697 0.02691088
vt 0.002490103 0.02684092
vt -0.008424689 0.03721667
vt -0.008978839 0.03719985
vt -0.008425228 0.03714877
vt -0.008811746 0.03747778
vt -0.008271555 0.03732475
vt -0.00827186 0.03739296
vt -0.008948037 0.03762452
vt -0.008541955 0.03746901
vt -0.008541771 0.03753802
vt -0.008488903 0.03798775
vt -0.008348508 0.03787329
vt -0.00833812 0.0379246
vt 0.00187165 0.0234128
vt 0.001874163 0.02327769
vt 0.002362228 0.02322514
vt -0.008541181 0.03712083
vt -0.009096187 0.03700165
vt -0.008542568 0.03705264
vt 0.001136238 0.02068881
vt 0.001143635 0.02056465
vt 0.001614203 0.02054367
vt 0.0005221233 0.01684803
vt 0.000979144 0.01684829
vt 0.0009849624 0.01694228
vt -0.01174352 0.01047654
vt -0.010964 0.01002273
vt -0.01149989 0.0108557
vt -0.01175322 0.009181538
vt -0.008768172 0.008748915
vt -0.01121581 0.009437786
vt -0.01154025 0.00991725
vt -0.01121637 0.00943547
vt -0.01096299 0.01002451
vt -0.007504093 0.0109672
vt -0.006927441 0.01114871
vt -0.006654671 0.01149405
vt -0.008784655 0.008743254
vt -0.006967755 0.01054475
vt -0.006928342 0.01114924
vt -0.007633102 0.01154888
vt -0.007502364 0.01096611
vt -0.007048435 0.01175595
vt -0.007633075 0.01154881
vt -0.007048408 0.01175587
vt -0.007474521 0.01195712
vt -0.01163614 0.01203027
vt -0.0111494 0.01207202
vt -0.01163345 0.01213495
vt -0.009003822 0.01577247
vt -0.008600152 0.01543227
vt -0.008553307 0.01554562
vt -0.0106692 0.02243752
vt -0.01020733 0.02214597
vt -0.01017958 0.02231676
vt -0.01232328 0.02561944
vt -0.01183164 0.02555534
vt -0.01183159 0.02575702
vt -0.01241502 0.02666153
vt -0.01190073 0.02676859
vt -0.01190926 0.02691019
vt -0.0114738 0.03065403
vt -0.01094983 0.03086159
vt -0.01148248 0.03072318
vt -0.009233917 0.03653661
vt -0.009778692 0.03642938
vt -0.009776231 0.03637217
vt 0.0001286132 0.03825778
vt -0.0004263923 0.03813861
vt 0.0001272271 0.0381896
vt 0.0007039388 0.03850542
vt 0.0001503634 0.03850264
vt 0.0007028163 0.03844762
vt 0.003468736 0.03549203
vt 0.003994617 0.03528768
vt 0.004003646 0.03535547
vt -0.0001656356 0.03830071
vt -0.00070585 0.03814735
vt -0.0001658878 0.03823169
vt 0.006610723 0.02999489
vt 0.007065341 0.02960399
vt 0.007095914 0.02970696
vt -0.0004677109 0.03879911
vt -0.000618824 0.03873675
vt -0.0004650809 0.03875458
vt -0.00005327222 0.03830368
vt -0.0004597288 0.03814857
vt -0.00005334666 0.03823452
vt 0.008073095 0.0260043
vt 0.008476817 0.02558695
vt 0.00852637 0.02570727
vt -0.008557425 0.03712701
vt -0.00911294 0.03707552
vt -0.009112386 0.03700762
vt -0.008977842 0.03725655
vt -0.00897647 0.03718836
vt -0.008422319 0.03720514
vt -0.008853983 0.03748289
vt -0.00885373 0.03741387
vt -0.008313769 0.03732953
vt -0.0090177 0.03759195
vt -0.009017625 0.03752279
vt -0.008611243 0.03743684
vt -0.009381406 0.03753391
vt -0.009378381 0.03746652
vt -0.009226373 0.03740637
vt 0.009034406 0.02170204
vt 0.009399845 0.02129999
vt 0.009461818 0.02142007
vt -0.008667196 0.0370659
vt -0.009207083 0.03698108
vt -0.009207388 0.03691288
vt 0.008533594 0.01875528
vt 0.00890853 0.01841947
vt 0.008963414 0.01853108
vt 0.002102076 0.01781386
vt 0.002100586 0.017717
vt 0.002570525 0.01776456
vt 0.00246548 0.01759059
vt 0.00291616 0.01759059
vt 0.002922693 0.01768723
vt -0.01174251 0.01047829
vt -0.01154024 0.009917218
vt -0.01096298 0.01002448
vt -0.01208529 0.00968322
vt -0.01175341 0.009181941
vt -0.01121601 0.009438189
vt -0.01175306 0.009182642
vt -0.01131382 0.00876783
vt -0.008768012 0.00875002
vt -0.01193672 0.01007932
vt -0.01121765 0.009434607
vt -0.01154153 0.009916387
vt -0.006928067 0.01114921
vt -0.006322211 0.01118421
vt -0.006655296 0.01149455
vt -0.007504002 0.01096705
vt -0.00665458 0.01149391
vt -0.007050074 0.01175689
vt -0.008785899 0.008744509
vt -0.006571425 0.01003121
vt -0.006969 0.010546
vt -0.006967481 0.01054473
vt -0.006322212 0.01118423
vt -0.006928068 0.01114923
vt -0.01237838 0.007995947
vt -0.01190343 0.007995817
vt -0.01189937 0.008091956
vt -0.01253933 0.009469179
vt -0.01207055 0.009448132
vt -0.01255482 0.009590841
vt -0.01165702 0.02025076
vt -0.01116097 0.02015931
vt -0.0116566 0.02042379
vt -0.01136383 0.02611338
vt -0.01086723 0.02602569
vt -0.01135438 0.02631484
vt -0.01220819 0.02644698
vt -0.01171493 0.02657884
vt -0.01222091 0.02658826
vt -0.01130119 0.03177122
vt -0.01076677 0.03190265
vt -0.01077435 0.03198
vt -0.009166075 0.03675177
vt -0.00970392 0.0365907
vt -0.009158851 0.03669642
vt 0.0001075686 0.03828812
vt -0.0004479459 0.03823663
vt -0.0004473916 0.03816873
vt 0.0007044718 0.03851131
vt 0.0001511851 0.03856581
vt 0.0001508963 0.03850854
vt 0.003257096 0.03613791
vt 0.003247871 0.03606083
vt 0.003784109 0.03592958
vt 0.0003045672 0.03750712
vt -0.0002352713 0.03743725
vt -0.0002366384 0.0373573
vt 0.004511479 0.03266734
vt 0.004502717 0.03252675
vt 0.005008361 0.03233179
vt 0.00007845733 0.03830355
vt 0.00007824245 0.03823438
vt 0.0002301405 0.0382948
vt 0.0004899614 0.0375694
vt 0.00008558361 0.03749887
vt 0.00008242505 0.03741715
vt 0.004570743 0.03035698
vt 0.004563485 0.03018304
vt 0.005053406 0.03003416
vt -0.008408476 0.03675143
vt -0.008965967 0.03662155
vt -0.008410311 0.03667149
vt -0.00856235 0.03677124
vt -0.009118234 0.03674185
vt -0.008562581 0.03669188
vt -0.009236534 0.036927
vt -0.008695329 0.03677718
vt -0.008696695 0.03685713
vt -0.009464266 0.03703839
vt -0.00905673 0.03688614
vt -0.009059888 0.03696787
vt -0.009172157 0.03765091
vt -0.009017605 0.03752279
vt -0.00901768 0.03759196
vt 0.004208131 0.02750273
vt 0.004204149 0.02732618
vt 0.00467995 0.02723333
vt -0.008629194 0.03711133
vt -0.009169409 0.03695797
vt -0.008629447 0.03704232
vt 0.003176944 0.02484759
vt 0.003182243 0.02469384
vt 0.003645211 0.02466301
vt 0.004296763 0.01986438
vt 0.004290957 0.0197588
vt 0.00475638 0.01980081
vt -0.01193654 0.01007975
vt -0.01154136 0.009916817
vt -0.01174362 0.01047789
vt -0.01208601 0.009680669
vt -0.01121673 0.009435639
vt -0.01193579 0.01008035
vt -0.01218384 0.009255139
vt -0.01175427 0.009181374
vt -0.01208615 0.009682653
vt -0.01218384 0.009255125
vt -0.01131504 0.008766548
vt -0.01175427 0.00918136
vt -0.01131392 0.00875353
vt -0.01123413 0.008061645
vt -0.008768112 0.00873572
vt -0.01270498 0.004912939
vt -0.01224973 0.004912939
vt -0.01224737 0.005007098
vt -0.008787145 0.008746653
vt -0.005995536 0.009933592
vt -0.00657267 0.01003336
vt -0.006968652 0.01054627
vt -0.006571077 0.01003148
vt -0.006379596 0.01058552
vt -0.00696873 0.01054599
vt -0.0060378 0.01084399
vt -0.006323461 0.01118549
vt -0.01223281 0.007278136
vt -0.01176789 0.007324281
vt -0.01223446 0.007374347
vt -0.01080346 0.01052551
vt -0.01037653 0.01025605
vt -0.01034031 0.01036624
vt -0.008454521 0.01939603
vt -0.008068398 0.01898799
vt -0.008014573 0.01910965
vt -0.01070545 0.02555729
vt -0.01023639 0.02523962
vt -0.01021021 0.02540832
vt -0.01224222 0.02852067
vt -0.01173623 0.02851227
vt -0.01173615 0.02878624
vt -0.0115289 0.03141422
vt -0.01100795 0.03164929
vt -0.0115407 0.03149104
vt -0.009155918 0.03674585
vt -0.009569555 0.03663375
vt -0.00956153 0.0365785
vt 0.0003008409 0.03743071
vt -0.000256652 0.03730083
vt 0.0002990045 0.03735077
vt 0.0004351732 0.03823676
vt -0.000118978 0.03821996
vt 0.0004346348 0.03816887
vt 0.001544292 0.03853532
vt 0.0009995166 0.03864253
vt 0.001541832 0.0384781
vt 0.003968017 0.03619121
vt 0.004488245 0.03595711
vt 0.004501681 0.03603357
vt 0.0003286907 0.03749243
vt -0.0002145284 0.03734096
vt 0.0003253256 0.03741071
vt 0.006309617 0.0324757
vt 0.006773509 0.03204477
vt 0.006799408 0.03218322
vt 0.00021575 0.03823298
vt 0.00006117229 0.03817429
vt 0.0002128577 0.03816558
vt 0.0005220758 0.03755475
vt 0.0001131018 0.03740085
vt 0.0005174992 0.03747126
vt 0.006076214 0.03001538
vt 0.00653667 0.02969195
vt 0.006563726 0.02986393
vt -0.008277726 0.03677463
vt -0.008817565 0.03670475
vt -0.008818932 0.0366248
vt -0.008418203 0.03677007
vt -0.008975914 0.03671947
vt -0.008975676 0.03664011
vt -0.009117818 0.03680144
vt -0.009115989 0.0367215
vt -0.008560103 0.03675087
vt -0.009256616 0.0369406
vt -0.009253251 0.03685888
vt -0.008713397 0.03678913
vt -0.009491256 0.03704988
vt -0.00948668 0.0369664
vt -0.009082282 0.03689598
vt -0.009690643 0.03707547
vt -0.009685729 0.0369914
vt -0.009530794 0.03693366
vt 0.006179468 0.02697281
vt 0.006623653 0.02667462
vt 0.00665382 0.02684862
vt -0.008500056 0.03714228
vt -0.008906322 0.03705579
vt -0.008906138 0.03698677
vt 0.005705634 0.02414421
vt 0.006145829 0.02391091
vt 0.006169358 0.02406293
vt 0.003865903 0.0197542
vt 0.00430832 0.0197542
vt 0.004314247 0.01985978
vt 0.004809776 0.02077751
vt 0.005236757 0.02077751
vt 0.005240851 0.02088918
vt 0.006749685 0.01871468
vt 0.006305913 0.01860966
vt 0.006744448 0.01860972
vt -0.01221849 0.008774736
vt -0.01131433 0.008767794
vt -0.01218314 0.009256371
vt -0.01158061 0.007586937
vt -0.008767149 0.008732197
vt -0.01123316 0.008058122
vt -0.01176001 0.008336868
vt -0.01123096 0.008062009
vt -0.01131076 0.008753894
vt -0.01284961 0.0009455045
vt -0.01242639 0.001127186
vt -0.01287672 0.001035707
vt -0.006572133 0.01003647
vt -0.005994999 0.009936701
vt -0.005587913 0.01010976
vt -0.008787365 0.00874717
vt -0.006339745 0.009441499
vt -0.005995756 0.009934109
vt -0.006571289 0.01003156
vt -0.005784713 0.01048791
vt -0.006379808 0.0105856
vt -0.006968608 0.01054561
vt -0.006379552 0.01058486
vt -0.006037678 0.01084361
vt -0.01263545 0.004353185
vt -0.01219023 0.004353049
vt -0.01218522 0.004450223
vt -0.01279346 0.004031058
vt -0.01233553 0.004069373
vt -0.01281661 0.00414472
vt -0.01228833 0.01309442
vt -0.01180146 0.01304117
vt -0.01229974 0.01322697
vt -0.01143558 0.02376932
vt -0.01093188 0.02362147
vt -0.01142984 0.02393994
vt -0.01144439 0.02882285
vt -0.0109404 0.02870693
vt -0.01143712 0.02909673
vt -0.01096361 0.03269604
vt -0.01135175 0.0324914
vt -0.01081691 0.03264242
vt -0.009031992 0.03697194
vt -0.009435731 0.03681044
vt -0.009021581 0.03692063
vt 0.0002882516 0.03746247
vt -0.0002694615 0.03741187
vt -0.0002692232 0.03733251
vt 0.0004381253 0.03820657
vt -0.0001173976 0.03825797
vt -0.0001160268 0.03818979
vt 0.00143972 0.03854916
vt 0.0009018756 0.03871023
vt 0.0008946511 0.03865487
vt 0.00368646 0.0367897
vt 0.00422199 0.03663852
vt 0.003834031 0.03684349
vt 0.0006897926 0.03657691
vt 0.0001471883 0.03651906
vt 0.0001461355 0.03642702
vt 0.004785169 0.03421288
vt 0.004784683 0.03393668
vt 0.005281653 0.03381995
vt 0.0005542025 0.03755346
vt 0.0005495995 0.03746998
vt 0.0007045222 0.03752775
vt 0.0009803075 0.03667552
vt 0.0005730726 0.03661622
vt 0.0005707965 0.03652305
vt 0.004939411 0.03165766
vt 0.004937482 0.03145345
vt 0.005419677 0.03136445
vt -0.008258689 0.03679993
vt -0.008801909 0.03664846
vt -0.008262053 0.03671822
vt -0.008311926 0.03616854
vt -0.008870894 0.03602654
vt -0.008313126 0.0360765
vt -0.008661269 0.0361455
vt -0.00921911 0.03610381
vt -0.008661341 0.03605384
vt -0.009545218 0.03625611
vt -0.009001561 0.03610621
vt -0.009002615 0.03619826
vt -0.009860077 0.03637439
vt -0.009450567 0.03622192
vt -0.009452843 0.03631509
vt -0.009646404 0.0371083
vt -0.00948663 0.0369664
vt -0.009491206 0.03704989
vt 0.004723876 0.02911189
vt 0.004724706 0.02890668
vt 0.005192526 0.02885385
vt -0.008439114 0.03717087
vt -0.00884557 0.03701576
vt -0.008439188 0.03710171
vt 0.00420247 0.0265057
vt 0.004208626 0.02633157
vt 0.004662713 0.02631497
vt 0.004737577 0.02105079
vt 0.004737188 0.02093904
vt 0.005190839 0.02101879
vt 0.003617691 0.01986912
vt 0.003634605 0.0197654
vt 0.004055691 0.01991026
vt 0.002201826 0.01746684
vt 0.002236446 0.01737716
vt 0.002634648 0.01759942
vt 0.008341592 0.01502895
vt 0.007852901 0.01493286
vt 0.008335831 0.01493299
vt -0.01221856 0.00876477
vt -0.01176366 0.008340802
vt -0.01131441 0.008757828
vt -0.01210931 0.007819819
vt -0.01158095 0.007587192
vt -0.01123351 0.008058376
vt -0.01158443 0.007596331
vt -0.01102049 0.007509495
vt -0.008770973 0.00874159
vt -0.01218898 0.008274029
vt -0.01122998 0.008063897
vt -0.01175903 0.008338755
vt -0.005994451 0.009935412
vt -0.005468434 0.009687105
vt -0.005587366 0.01010847
vt -0.006571837 0.0100325
vt -0.005587618 0.0101058
vt -0.005785262 0.01048886
vt -0.008788187 0.008750071
vt -0.006284367 0.008742248
vt -0.006340567 0.009444399
vt -0.006339225 0.009441136
vt -0.00546922 0.00968544
vt -0.005995237 0.009933747
vt -0.006379861 0.01058527
vt -0.005784767 0.01048759
vt -0.006037987 0.01084402
vt -0.01216439 -0.0003307307
vt -0.01176807 -0.00009438408
vt -0.01219663 -0.0002389255
vt -0.01289592 0.005350281
vt -0.01241074 0.005308943
vt -0.01242166 0.00543472
vt -0.01098253 0.01294949
vt -0.01052993 0.01267029
vt -0.01049554 0.01278872
vt -0.009125461 0.02265537
vt -0.008709924 0.022235
vt -0.008666392 0.02235557
vt -0.01055481 0.02844396
vt -0.01008812 0.02801867
vt -0.01006266 0.02815474
vt -0.01085583 0.03289419
vt -0.01100909 0.03281508
vt -0.01086223 0.03276191
vt -0.008744386 0.03702359
vt -0.008898101 0.03700552
vt -0.008887913 0.03695417
vt 0.0004253275 0.03651591
vt -0.0001336416 0.03637391
vt 0.000424129 0.03642387
vt 0.0002609279 0.03741191
vt -0.000294956 0.03738253
vt 0.0002606978 0.03733256
vt 0.0007561931 0.03825635
vt 0.0002163059 0.03834118
vt 0.0007564971 0.03818816
vt 0.001472078 0.03869171
vt 0.001058442 0.03880381
vt 0.001464052 0.03863646
vt 0.004020756 0.03708463
vt 0.00388562 0.03716923
vt 0.003872775 0.03703197
vt 0.0006997309 0.03661327
vt 0.0001547838 0.03646228
vt 0.0006973906 0.0365201
vt 0.003648437 0.03409211
vt 0.004159878 0.03408254
vt 0.004151732 0.03435863
vt 0.0006995433 0.03757524
vt 0.0005443336 0.03751687
vt 0.0006946557 0.03749118
vt 0.0009938994 0.03671213
vt 0.0005834849 0.03655857
vt 0.0009907231 0.03661785
vt 0.003345545 0.0318003
vt 0.003843921 0.03173316
vt 0.003833613 0.03193712
vt -0.008037079 0.03685294
vt -0.008441457 0.03678242
vt -0.008444615 0.03670069
vt -0.007983829 0.03621498
vt -0.008526433 0.03615713
vt -0.008527487 0.03606509
vt -0.008316669 0.03618193
vt -0.008875707 0.03613157
vt -0.008875633 0.03603991
vt -0.0092189 0.03618208
vt -0.009217702 0.03609004
vt -0.008659862 0.03613173
vt -0.009553592 0.03630666
vt -0.009551251 0.0362135
vt -0.009008645 0.03615567
vt -0.009871527 0.03642507
vt -0.009868349 0.03633079
vt -0.009461112 0.03627151
vt -0.01004803 0.03646515
vt -0.01004474 0.03637052
vt -0.009889325 0.03631269
vt 0.00323433 0.0292776
vt 0.003718302 0.02917948
vt 0.003705376 0.0293843
vt -0.008342423 0.03718788
vt -0.008342638 0.03711872
vt -0.00819074 0.03717913
vt 0.003546117 0.02649543
vt 0.004009031 0.02638733
vt 0.004000731 0.02656137
vt 0.00434334 0.02449408
vt 0.004360842 0.02434319
vt 0.004800317 0.02436313
vt 0.004692881 0.01973224
vt 0.004720466 0.01961311
vt 0.005169324 0.01967173
vt 0.005547125 0.01521315
vt 0.005569198 0.01512249
vt 0.006034641 0.01529974
vt -0.01221484 0.008768763
vt -0.01218989 0.008280069
vt -0.01175994 0.008344796
vt -0.01219123 0.008263793
vt -0.01210803 0.007815103
vt -0.01123223 0.008053661
vt -0.01211218 0.007813299
vt -0.0119826 0.00740977
vt -0.01158382 0.007580672
vt -0.01198482 0.007414953
vt -0.0110221 0.00749902
vt -0.01158604 0.007585856
vt 0.005674786 -0.01201639
vt 0.005607382 -0.01136098
vt 0.003111278 -0.01193392
vt -0.01124585 0.002097184
vt -0.01080802 0.002097126
vt -0.01080481 0.002203446
vt -0.01197394 0.006118344
vt -0.0115429 0.006118344
vt -0.01153157 0.006228637
vt 0.01060589 -0.006369825
vt 0.007632558 -0.006647743
vt 0.008171943 -0.006957242
vt -0.006340096 0.009444437
vt -0.006283895 0.008742286
vt -0.005832142 0.009165914
vt -0.006339972 0.009443796
vt -0.00541109 0.009230588
vt -0.005469967 0.009688099
vt -0.01233717 0.006187223
vt -0.01189994 0.006187223
vt -0.0118877 0.006291642
vt -0.01242565 0.004580747
vt -0.01197811 0.004646098
vt -0.01244426 0.004705619
vt -0.01288088 0.006148675
vt -0.0124051 0.00622415
vt -0.01291234 0.006267923
vt -0.01222027 0.01723115
vt -0.01171237 0.01716014
vt -0.01222823 0.0173591
vt -0.01142883 0.02643997
vt -0.01091585 0.02624638
vt -0.0114203 0.02657814
vt -0.01190904 0.03101999
vt -0.01138769 0.03078747
vt -0.01137417 0.03086323
vt -0.008696552 0.03714686
vt -0.008847666 0.03708451
vt -0.008693923 0.03710233
vt 0.0004191891 0.03653503
vt -0.0001398496 0.03648468
vt -0.0001397751 0.03639301
vt 0.0002637887 0.0373801
vt -0.0002939257 0.03743067
vt -0.0002920961 0.03735073
vt 0.0007050766 0.0381474
vt 0.0001648615 0.03830076
vt 0.0001651142 0.03823174
vt 0.001281469 0.03865268
vt 0.000877732 0.03881417
vt 0.0008673205 0.03876287
vt 0.0003946672 0.03869015
vt 0.0002531356 0.0388032
vt 0.0002507068 0.03875866
vt 0.001110335 0.03527258
vt 0.0005652207 0.03877713
vt 0.0005652198 0.03512219
vt 0.005006977 0.03576744
vt 0.005021185 0.0356914
vt 0.005540887 0.03592431
vt 0.003683165 0.03282966
vt 0.00370399 0.03269173
vt 0.004194588 0.03281918
vt 0.001010227 0.0367116
vt 0.001007043 0.03661732
vt 0.001162452 0.03667516
vt 0.001523213 0.03542557
vt 0.001112588 0.03862675
vt 0.001112588 0.03527258
vt 0.003577066 0.03057955
vt 0.003601364 0.03040928
vt 0.004074546 0.03050607
vt -0.008011862 0.0368792
vt -0.008420835 0.0367253
vt -0.008016437 0.03679571
vt -0.007975655 0.03626814
vt -0.008520602 0.03611714
vt -0.007977996 0.03617497
vt -0.008765557 0.03882727
vt -0.008765558 0.03507207
vt -0.0082065 0.0351222
vt -0.009327998 0.03877713
vt -0.009327999 0.0351222
vt -0.008768941 0.03507207
vt -0.009876533 0.03862675
vt -0.009876533 0.03527258
vt -0.009331418 0.0351222
vt -0.01028896 0.03847375
vt -0.01028896 0.03542558
vt -0.009878331 0.03527258
vt -0.01002699 0.03648327
vt -0.009868303 0.03633079
vt -0.009871481 0.03642508
vt 0.00373701 0.02762131
vt 0.003762425 0.02744897
vt 0.004217868 0.02750892
vt -0.008200562 0.03718983
vt -0.008355139 0.03713113
vt -0.008203453 0.03712243
vt 0.003750306 0.02441893
vt 0.004229579 0.02438799
vt 0.004210813 0.02453872
vt 0.006043279 0.01883764
vt 0.006558563 0.01879511
vt 0.006546301 0.01891678
vt 0.006958824 0.01627945
vt 0.006976308 0.0161673
vt 0.007470169 0.01620294
vt 0.009463534 0.01291216
vt 0.008968479 0.01282198
vt 0.009457802 0.01281902
vt 0.01049446 0.01262192
vt 0.01003126 0.01253179
vt 0.01048757 0.01252673
vt 0.01121959 0.01406805
vt 0.01078981 0.01396711
vt 0.01121363 0.01396495
vt -0.0119861 0.00742961
vt -0.01182201 0.007076405
vt -0.01102338 0.007513676
vt 0.006957507 -0.01023578
vt 0.00424065 -0.01160122
vt 0.00667078 -0.01079297
vt 0.003908912 -0.01257514
vt 0.003444505 -0.01218804
vt 0.003392037 -0.01284481
vt -0.01076258 0.00191639
vt -0.01029112 0.001955754
vt -0.01076114 0.002022748
vt -0.01139181 0.004548127
vt -0.01094489 0.004626017
vt -0.01139533 0.004658944
vt -0.01190321 0.003501943
vt -0.01147165 0.003648956
vt -0.01191449 0.003606471
vt 0.009414058 -0.005142936
vt 0.008823407 -0.004948365
vt 0.008416004 -0.005067491
vt 0.01035063 -0.006743407
vt 0.007809291 -0.006532215
vt 0.007368784 -0.006906433
vt -0.006283729 0.008742109
vt -0.005393565 0.008739568
vt -0.005831976 0.009165737
vt -0.00633963 0.009445285
vt -0.005831677 0.009166763
vt -0.005410748 0.009232077
vt -0.01030779 -0.002322552
vt -0.009846502 -0.002322701
vt -0.009845373 -0.002222544
vt -0.01241371 0.009165951
vt -0.01194462 0.009137825
vt -0.01195361 0.009289419
vt -0.01293542 0.008247796
vt -0.0124272 0.008217491
vt -0.01243946 0.008354555
vt -0.01155701 0.01626182
vt -0.01106371 0.01601212
vt -0.01104001 0.01612707
vt -0.01012201 0.02537163
vt -0.009662034 0.02498055
vt -0.009635327 0.02508312
vt -0.01199785 0.02998832
vt -0.01146099 0.02985761
vt -0.01198849 0.0300647
vt -0.01203773 0.03159623
vt -0.01150124 0.03144513
vt -0.01188931 0.03164989
vt 0.0005608222 0.03877713
vt 0.000001761997 0.03507207
vt 0.0005608213 0.03512219
vt 0.0001351099 0.03648469
vt -0.0004227298 0.03644299
vt 0.0001350389 0.03639302
vt 0.0002343893 0.03743708
vt -0.0003054501 0.03750695
vt 0.0002357565 0.03735713
vt 0.0005422452 0.03829859
vt 0.0001359792 0.03838508
vt 0.0005420607 0.03822957
vt 0.0008561741 0.03881507
vt 0.0007053923 0.03887822
vt 0.0008457881 0.03876376
vt 0.001110339 0.03862675
vt 0.0005652239 0.03877713
vt 0.001110339 0.03527258
vt 0.006190923 0.03533891
vt 0.005663562 0.03513146
vt 0.006200943 0.03526221
vt 0.005781005 0.03636672
vt 0.005633414 0.03642052
vt 0.005245454 0.03621555
vt 0.003944952 0.03234787
vt 0.004468039 0.0324533
vt 0.004452825 0.03259196
vt 0.001159451 0.03674849
vt 0.001003938 0.03669031
vt 0.001156164 0.03665387
vt 0.001523226 0.03847375
vt 0.001112601 0.03862675
vt 0.001523225 0.03542557
vt 0.003344766 0.03027597
vt 0.00385643 0.0303305
vt 0.003834595 0.03050111
vt -0.007987728 0.03688105
vt -0.00799233 0.03679756
vt -0.007837408 0.03685534
vt -0.007665364 0.03632369
vt -0.008072599 0.03626439
vt -0.008074875 0.03617122
vt -0.007657963 0.03862675
vt -0.008203079 0.0351222
vt -0.007657964 0.03527258
vt -0.008768895 0.03882727
vt -0.009327953 0.03877714
vt -0.008768896 0.03507207
vt -0.008765602 0.03882726
vt -0.008206545 0.0351222
vt -0.008206544 0.03877713
vt -0.009331417 0.03877713
vt -0.009878331 0.03862675
vt -0.01028895 0.03847375
vt -0.01044454 0.03841578
vt -0.01028895 0.03542558
vt -0.01044454 0.03548355
vt 0.003140834 0.02747765
vt 0.003639476 0.0274887
vt 0.003612781 0.02766085
vt 0.002932882 0.0233132
vt 0.002977292 0.02318836
vt 0.003431339 0.0233307
vt 0.006191018 0.01927921
vt 0.006216439 0.01916184
vt 0.006720397 0.0192348
vt 0.0122223 0.01192159
vt 0.01172857 0.01206509
vt 0.0121886 0.01181321
vt 0.01046239 0.01307354
vt 0.009963513 0.01312252
vt 0.00996134 0.0130271
vt 0.01157061 0.01413794
vt 0.01110508 0.01420166
vt 0.01110038 0.01409849
vt 0.01173354 0.01495708
vt 0.0112972 0.01498952
vt 0.01129869 0.01488089
vt 0.01180545 0.01429273
vt 0.01141087 0.01418454
vt 0.01180033 0.01418421
vt 0.006590778 -0.01205845
vt 0.006140018 -0.01167041
vt 0.005680738 -0.01202949
vt 0.007456808 -0.01056034
vt 0.006882704 -0.01028583
vt 0.00659194 -0.01084094
vt -0.01067919 0.006351285
vt -0.01008837 0.006517095
vt -0.008797415 0.008739729
vt 0.003182931 -0.01297662
vt 0.002332286 -0.01245345
vt 0.002760119 -0.01288063
vt -0.01053077 0.006317392
vt -0.01005712 0.00628486
vt -0.01054176 0.006472415
vt -0.01132192 0.0104624
vt -0.0108706 0.01044554
vt -0.01133223 0.01063279
vt -0.01196165 0.009382022
vt -0.01151725 0.009402566
vt -0.01196741 0.009533773
vt 0.008441125 -0.00554496
vt 0.007910256 -0.005183483
vt 0.008026233 -0.005634582
vt -0.006283807 0.008714771
vt -0.005414262 0.008219096
vt -0.005393643 0.00871223
vt -0.008776679 0.00873255
vt -0.006540433 0.007437267
vt -0.006328926 0.00801736
vt 0.007792974 -0.006551239
vt 0.006890391 -0.006477352
vt 0.007351545 -0.006924368
vt -0.005831581 0.009166144
vt -0.00539317 0.008739975
vt -0.005410652 0.009231459
vt -0.009921999 -0.002139558
vt -0.009420863 -0.002096352
vt -0.009919023 -0.002039439
vt -0.01231126 0.006096928
vt -0.0118615 0.006253938
vt -0.01234969 0.006229066
vt -0.01289014 0.01081509
vt -0.0123899 0.01089953
vt -0.01291667 0.01092943
vt -0.01227112 0.02117308
vt -0.0117428 0.02109358
vt -0.01227623 0.02127894
vt -0.01188738 0.02928945
vt -0.01135963 0.02908553
vt -0.01135194 0.02915302
vt -0.01287534 0.0338574
vt -0.01233303 0.03369295
vt -0.01233057 0.03375017
vt -0.0131142 0.03451086
vt -0.01270859 0.03434352
vt -0.01270056 0.03439876
vt -0.01192848 0.03223391
vt -0.01194212 0.03209688
vt -0.0117933 0.0321494
vt 0.0005608113 0.03877713
vt 0.000001751594 0.03882726
vt 0.000001751067 0.03507207
vt 0.0001369023 0.03646572
vt -0.0004221357 0.03651606
vt -0.0004209379 0.03642403
vt 0.0002136733 0.03734091
vt -0.0003295456 0.03749238
vt -0.0003261815 0.03741067
vt 0.0004587999 0.03814839
vt 0.00005234487 0.03830351
vt 0.00005241785 0.03823434
vt -0.0002007874 0.03810197
vt -0.0003558202 0.03822951
vt -0.0003527937 0.03816212
vt 0.0001548203 0.0371387
vt 0.0006997672 0.03698771
vt 0.0006974267 0.03708088
vt 0.008157538 0.03753297
vt 0.007612766 0.03742575
vt 0.007615225 0.03736853
vt 0.005478322 0.0346667
vt 0.005488748 0.03459956
vt 0.006014509 0.03480226
vt 0.00571522 0.0366301
vt 0.005562023 0.03655087
vt 0.005709779 0.03649753
vt 0.008165275 0.0378781
vt 0.007751639 0.03776599
vt 0.007759662 0.03771075
vt 0.003324392 0.0303898
vt 0.003353607 0.03028824
vt 0.00384355 0.03051313
vt 0.00167885 0.03841578
vt 0.00152326 0.03542557
vt 0.00167885 0.03548355
vt 0.001678849 0.03841578
vt 0.001523259 0.03847375
vt 0.001523259 0.03542557
vt 0.000583466 0.03706907
vt 0.0009938801 0.03691551
vt 0.0009907039 0.03700979
vt 0.002751536 0.02709846
vt 0.002792998 0.02697773
vt 0.003260986 0.02717081
vt -0.007839921 0.03691605
vt -0.007995131 0.03685768
vt -0.007844808 0.03683199
vt -0.007654227 0.03637753
vt -0.008064641 0.03622397
vt -0.007657404 0.03628325
vt -0.007656226 0.03862675
vt -0.007656227 0.03527258
vt -0.007245601 0.03542558
vt -0.008203078 0.03877713
vt -0.009217665 0.03748317
vt -0.009218863 0.03739112
vt -0.008659824 0.03744147
vt -0.008875693 0.03752283
vt -0.008875767 0.03743116
vt -0.00831673 0.0373808
vt -0.009008662 0.03744523
vt -0.009551268 0.03738741
vt -0.009553609 0.03729424
vt -0.009461089 0.037356
vt -0.009868326 0.03729672
vt -0.009871504 0.03720244
vt -0.009868361 0.03729672
vt -0.01002705 0.03714426
vt -0.009871539 0.03720244
vt -0.007846713 0.03841578
vt -0.007873195 0.03548878
vt -0.007846714 0.03548355
vt 0.005806015 0.02179723
vt 0.006336395 0.02176703
vt 0.006320494 0.02189857
vt 0.01216387 0.01472613
vt 0.01165814 0.01487671
vt 0.01213041 0.01461079
vt 0.0098301 0.01916735
vt 0.009829293 0.01903716
vt 0.01034093 0.01898623
vt 0.009317973 0.01667145
vt 0.009322285 0.01655107
vt 0.009823138 0.01653046
vt 0.0103879 0.02026706
vt 0.01039258 0.02012031
vt 0.01086149 0.02009008
vt 0.01095434 0.02149271
vt 0.01096391 0.02132764
vt 0.01140114 0.0213112
vt 0.0111036 0.01378723
vt 0.01070046 0.01374719
vt 0.01071936 0.01364666
vt -0.01179809 0.007061267
vt -0.01157491 0.006717626
vt -0.01121271 0.006955948
vt 0.005765142 -0.0120268
vt 0.005723828 -0.01154416
vt 0.004825932 -0.0116874
vt 0.009285291 -0.008972225
vt 0.009021175 -0.008538849
vt 0.008670402 -0.008808343
vt 0.01169185 -0.00429366
vt 0.01091601 -0.004930386
vt 0.01147619 -0.004679871
vt -0.01010128 0.006524597
vt -0.009474155 0.00626271
vt -0.008810329 0.00874723
vt -0.01106037 0.008944265
vt -0.01103534 0.009097648
vt -0.01149705 0.009184007
vt -0.01056371 0.006116922
vt -0.01049776 0.00623421
vt -0.01091489 0.00649997
vt -0.01191521 0.01136862
vt -0.01145821 0.01126369
vt -0.01145618 0.01143438
vt -0.006960053 -0.001655777
vt -0.006953297 -0.001550577
vt -0.00742574 -0.00166451
vt -0.007926301 -0.004004877
vt -0.007924496 -0.003904927
vt -0.008419809 -0.004012314
vt -0.00875948 0.008762244
vt -0.006326114 0.006917333
vt -0.006523234 0.007466961
vt -0.006520889 0.007430138
vt -0.005954219 0.00751786
vt -0.006309381 0.00801023
vt 0.007766865 -0.00658524
vt 0.006889382 -0.00607417
vt 0.00686458 -0.006507805
vt -0.009420884 -0.004248954
vt -0.00892909 -0.004249293
vt -0.008927568 -0.004150758
vt -0.009653552 -0.0003480258
vt -0.0091528 -0.0003734871
vt -0.009660557 -0.0002136541
vt -0.01238348 0.01199916
vt -0.01189488 0.01201387
vt -0.0119124 0.01218709
vt -0.01293073 0.01286298
vt -0.01240368 0.01283844
vt -0.01241035 0.01297074
vt -0.01198875 0.02017853
vt -0.01146377 0.01997045
vt -0.01145039 0.02006683
vt -0.01251223 0.02735397
vt -0.01196324 0.02734937
vt -0.01251367 0.02742188
vt -0.0127665 0.03325417
vt -0.01276679 0.0331969
vt -0.01221321 0.03319966
vt -0.01290443 0.03417303
vt -0.01291166 0.03411767
vt -0.01236659 0.03401195
vt -0.01317418 0.03483422
vt -0.0131846 0.03478291
vt -0.01277045 0.03467272
vt -0.01349295 0.03498969
vt -0.01349537 0.03494515
vt -0.01335141 0.03487664
vt -0.0001397829 0.03717028
vt -0.0001398588 0.03707862
vt 0.0004191802 0.03702826
vt -0.000002549817 0.03882726
vt -0.0005616083 0.03512219
vt -0.000002550344 0.03507207
vt -0.0001479859 0.03651917
vt -0.0006905887 0.03657702
vt -0.0001469318 0.03642713
vt -0.00008638748 0.03749883
vt -0.0004907645 0.03756936
vt -0.00008322995 0.0374171
vt 0.00005215935 0.03830351
vt -0.0001023182 0.03836246
vt 0.00005223253 0.03823434
vt 0.0005707826 0.03707667
vt 0.0005730589 0.0369835
vt 0.0009802935 0.03692419
vt 0.0001461872 0.03714493
vt 0.0001472402 0.03705288
vt 0.0006898441 0.03699504
vt 0.00877152 0.0371063
vt 0.008219322 0.03699417
vt 0.008771791 0.03704903
vt 0.008246377 0.03758675
vt 0.008239155 0.03764211
vt 0.00770131 0.03748104
vt 0.008094475 0.03357965
vt 0.00754891 0.03344339
vt 0.008095799 0.03351172
vt 0.008329957 0.03787754
vt 0.008319545 0.03792885
vt 0.007915809 0.03776735
vt 0.00661361 0.02860522
vt 0.007161389 0.02859854
vt 0.007155814 0.02870408
vt -0.001445174 0.03841578
vt -0.001445175 0.03548355
vt -0.001418692 0.03841054
vt 0.001156231 0.03698391
vt 0.001004005 0.03694747
vt 0.001159518 0.03688929
vt 0.001007111 0.03701054
vt 0.001010295 0.03691625
vt 0.00116252 0.03695271
vt 0.006124235 0.02530054
vt 0.006664569 0.02527801
vt 0.006653543 0.02540519
vt -0.007641695 0.03637786
vt -0.00764488 0.03628358
vt -0.00748947 0.03634141
vt -0.0072456 0.03847375
vt -0.008520584 0.03748375
vt -0.007975638 0.03733276
vt -0.007977979 0.03742593
vt -0.00900159 0.0374656
vt -0.009545247 0.03731571
vt -0.009002644 0.03737355
vt -0.008661325 0.03750889
vt -0.009219094 0.03745892
vt -0.008661253 0.03741722
vt -0.008870911 0.03754656
vt -0.008311942 0.03740455
vt -0.008313142 0.03749659
vt -0.009450543 0.03737772
vt -0.009860054 0.03722525
vt -0.009452819 0.03728455
vt -0.009889381 0.0373252
vt -0.01004479 0.03726738
vt -0.01004809 0.03717276
vt -0.007846725 0.03841578
vt -0.007873207 0.03841054
vt -0.007873207 0.03548878
vt 0.006275143 0.02319212
vt 0.006297611 0.0230802
vt 0.00681522 0.0231641
vt 0.00996791 0.02278011
vt 0.009966105 0.0226546
vt 0.01048927 0.02258581
vt 0.01397531 0.01443436
vt 0.01353701 0.01470658
vt 0.01391576 0.01431857
vt 0.01369888 0.01153097
vt 0.01325885 0.01174671
vt 0.0136467 0.01142241
vt 0.01225647 0.01817488
vt 0.01180466 0.01825236
vt 0.01223261 0.01803002
vt 0.01111258 0.02130412
vt 0.01068423 0.02124101
vt 0.01111947 0.02113892
vt 0.01155959 0.0185627
vt 0.01112983 0.01868586
vt 0.0111549 0.01854383
vt 0.01242163 0.01101526
vt 0.01200754 0.01091565
vt 0.01241728 0.01091306
vt 0.01274592 0.006442573
vt 0.01226012 0.006368032
vt 0.01274411 0.006348282
vt 0.0127222 0.003740056
vt 0.01221327 0.00367721
vt 0.01271998 0.003648556
vt 0.005422058 0.01127389
vt 0.005171362 0.01085786
vt 0.005983343 0.01044183
vt -0.009421298 0.006248582
vt -0.00915669 0.005709071
vt -0.008757473 0.008733103
vt -0.01009631 0.006536513
vt -0.009969608 0.005946081
vt -0.009469179 0.006274626
vt -0.01141735 0.01436913
vt -0.01095073 0.01431528
vt -0.01141988 0.01456978
vt -0.0108018 0.01064421
vt -0.01031703 0.01054614
vt -0.0107996 0.01082279
vt -0.01192572 0.01225639
vt -0.01146616 0.0123183
vt -0.01193931 0.01242996
vt -0.004932597 -0.00281183
vt -0.005378225 -0.002862782
vt -0.005361858 -0.002966921
vt -0.004750834 -0.006605001
vt -0.004345745 -0.006336511
vt -0.004790898 -0.006513414
vt -0.006632143 -0.006971032
vt -0.006180903 -0.006740274
vt -0.00666472 -0.006878026
vt -0.006566938 0.007451287
vt -0.006369818 0.006901658
vt -0.006017702 0.006647902
vt -0.00879021 0.008721712
vt -0.006959058 0.006913571
vt -0.006356845 0.0068768
vt -0.006525958 0.007462887
vt -0.005731969 0.007004003
vt -0.005959288 0.007550609
vt -0.004985963 -0.008893683
vt -0.004667847 -0.008376603
vt -0.004658838 -0.007932352
vt -0.005665052 -0.0005687664
vt -0.005657218 -0.0004602244
vt -0.006099371 -0.0005734475
vt -0.01016417 0.0009929649
vt -0.01011425 0.001112071
vt -0.01058349 0.001320883
vt -0.01231613 0.01037532
vt -0.01185245 0.01058083
vt -0.01235376 0.01050234
vt -0.01286444 0.01615371
vt -0.01234015 0.01624049
vt -0.01288193 0.01624942
vt -0.01251106 0.02695543
vt -0.0119657 0.02688549
vt -0.01196207 0.02695075
vt -0.01221336 0.03313259
vt -0.01276694 0.03312982
vt -0.01221448 0.0330748
vt -0.01228628 0.0346151
vt -0.01284043 0.03459828
vt -0.01228682 0.0345472
vt -0.01312861 0.03498198
vt -0.01258842 0.03482896
vt -0.01258872 0.03489715
vt -0.01343103 0.0353063
vt -0.01302495 0.03515079
vt -0.01302476 0.03521981
vt -0.01333276 0.03488898
vt -0.01319237 0.03477452
vt -0.01318198 0.03482583
vt 0.000135088 0.0370786
vt 0.0001350183 0.03717027
vt -0.0004227503 0.0371203
vt -0.000133672 0.03719946
vt 0.0004252962 0.03705745
vt 0.0004240975 0.0371495
vt -0.000002554649 0.03882726
vt -0.0005616128 0.03877713
vt -0.0005616131 0.0351222
vt -0.0001555888 0.03646233
vt -0.0007005346 0.03661332
vt -0.0006981939 0.03652016
vt -0.0001139189 0.03740077
vt -0.0005228922 0.03755467
vt -0.0005183155 0.03747119
vt -0.0005727613 0.03743189
vt -0.0007326112 0.03757369
vt -0.0007276964 0.03748963
vt 0.0001130641 0.0355128
vt 0.0005220381 0.03535889
vt 0.0005174613 0.03544237
vt -0.0002146013 0.03546305
vt 0.0003286175 0.03531158
vt 0.0003252524 0.03539329
vt 0.008043321 0.033435
vt 0.007493001 0.03336165
vt 0.007498137 0.03329722
vt 0.008754197 0.0370889
vt 0.008200927 0.03703423
vt 0.008202066 0.03697644
vt 0.008811033 0.03747806
vt 0.008271146 0.03739324
vt 0.008270842 0.03732504
vt 0.008634559 0.03790974
vt 0.008480846 0.03789167
vt 0.008491035 0.03784031
vt 0.008947332 0.03762468
vt 0.008541065 0.03753818
vt 0.008541251 0.03746917
vt 0.006634514 0.0273103
vt 0.006649668 0.02721663
vt 0.007182283 0.02730288
vt -0.001418648 0.03841054
vt -0.001445131 0.03548355
vt -0.001418648 0.03548878
vt 0.0006947051 0.03546432
vt 0.000544383 0.03543862
vt 0.0006995927 0.03538026
vt -0.007491003 0.03642057
vt -0.007646517 0.03636239
vt -0.007494291 0.03632595
vt -0.007245548 0.03847375
vt -0.007245549 0.03542558
vt -0.007089958 0.03548355
vt -0.008064562 0.03740401
vt -0.007654147 0.03725045
vt -0.007657324 0.03734473
vt -0.008074835 0.03742842
vt -0.008072559 0.03733525
vt -0.007665325 0.03727594
vt -0.008527469 0.03750657
vt -0.008526415 0.03741453
vt -0.007983811 0.03735669
vt -0.008713423 0.03601539
vt -0.009253278 0.03594563
vt -0.009256643 0.03586392
vt -0.009115996 0.03596679
vt -0.009117825 0.03588686
vt -0.008560111 0.03593743
vt -0.008975731 0.03600449
vt -0.008975969 0.03592514
vt -0.008418257 0.03587453
vt -0.00908236 0.03601822
vt -0.009486758 0.0359478
vt -0.009491334 0.03586431
vt -0.009486867 0.03594782
vt -0.009646642 0.03580593
vt -0.009491444 0.03586433
vt 0.01157297 0.0194775
vt 0.0110479 0.01960875
vt 0.01154854 0.01936599
vt 0.01368133 0.01910264
vt 0.01322079 0.01939227
vt 0.01363248 0.01898701
vt 0.01133639 0.02552203
vt 0.01132813 0.0253562
vt 0.01182327 0.02521111
vt 0.01104255 0.02274552
vt 0.01103804 0.02257773
vt 0.01151989 0.02248832
vt 0.01126521 0.02417544
vt 0.0112701 0.02398129
vt 0.0117257 0.02393061
vt 0.01124379 0.02233444
vt 0.01078028 0.02243841
vt 0.01081462 0.02227717
vt 0.01115145 0.01865396
vt 0.01070979 0.01854136
vt 0.01117617 0.01851186
vt 0.01021705 0.01165739
vt 0.009809744 0.01153272
vt 0.009847214 0.01144618
vt 0.0120826 0.007079405
vt 0.0115886 0.007031468
vt 0.01161054 0.00694261
vt 0.01285593 0.004065524
vt 0.01234133 0.004126854
vt 0.01234413 0.00403351
vt 0.01240148 0.003679091
vt 0.01191524 0.003578221
vt 0.0124009 0.003585707
vt 0.004516087 0.01115281
vt 0.004779066 0.01059361
vt 0.005351464 0.01078602
vt -0.009657187 0.005366773
vt -0.009156734 0.005709049
vt -0.009421343 0.006248561
vt -0.009163199 0.005709931
vt -0.008763518 0.006158478
vt -0.008763981 0.008733963
vt -0.0101385 0.005551712
vt -0.009475237 0.006283852
vt -0.009975666 0.005955307
vt -0.01189224 0.01445046
vt -0.01141537 0.01435593
vt -0.01141814 0.01455657
vt -0.01105677 0.01291246
vt -0.01102196 0.01308763
vt -0.01149483 0.01321737
vt -0.01042219 0.009916043
vt -0.01034593 0.01004301
vt -0.01075774 0.01035968
vt -0.00538441 0.002830925
vt -0.005850075 0.002957778
vt -0.005832259 0.002806188
vt -0.005942977 -0.003010697
vt -0.006446037 -0.002964322
vt -0.006414578 -0.00309465
vt -0.007266886 -0.004665804
vt -0.007792839 -0.004601985
vt -0.007766031 -0.004728317
vt 0.009288696 0.001341779
vt 0.00876407 0.001646991
vt 0.008879643 0.001196678
vt -0.009844938 0.001249538
vt -0.008900137 0.001016217
vt -0.008947078 0.001436195
vt 0.01206929 -0.002769039
vt 0.009787231 -0.001556423
vt 0.009560591 -0.002195504
vt -0.006959078 0.006913241
vt -0.006309237 0.006271395
vt -0.006356865 0.006876471
vt -0.009320856 -0.002333916
vt -0.008729048 -0.002348606
vt -0.008991892 -0.002035213
vt -0.004279734 -0.001147749
vt -0.004702959 -0.001114649
vt -0.004697248 -0.001223323
vt -0.009902747 0.003136161
vt -0.009392811 0.003074836
vt -0.009902722 0.003284272
vt -0.01242446 0.01571821
vt -0.01192026 0.0157752
vt -0.0119352 0.01594636
vt -0.01288492 0.01756814
vt -0.01234313 0.01755998
vt -0.01234517 0.01766909
vt -0.01272611 0.025155
vt -0.01218161 0.02529389
vt -0.01273188 0.0252201
vt -0.01256297 0.03264788
vt -0.01256183 0.03259009
vt -0.0120097 0.03270254
vt -0.01250447 0.0344157
vt -0.01250392 0.0343478
vt -0.01194896 0.03446719
vt -0.01284102 0.03470177
vt -0.01283965 0.03463359
vt -0.01228549 0.03465037
vt -0.01314469 0.03513697
vt -0.01314443 0.03506795
vt -0.01260447 0.0349836
vt -0.01345832 0.03545314
vt -0.01345825 0.03538397
vt -0.01305187 0.03529802
vt -0.0136937 0.03552498
vt -0.01369067 0.03545759
vt -0.01353866 0.03539745
vt 0.0002638099 0.035308
vt -0.0002920768 0.03533737
vt -0.0002939046 0.03525743
vt 0.0001368879 0.0371078
vt -0.0004209508 0.0371495
vt -0.0004221502 0.03705745
vt -0.0002693217 0.03531171
vt -0.0002695585 0.03523236
vt 0.0002881534 0.03518176
vt -0.0005660417 0.03877713
vt -0.001111156 0.03862675
vt -0.000566042 0.0351222
vt -0.001111157 0.03862675
vt -0.001111157 0.03527258
vt -0.000566043 0.0351222
vt -0.0005738143 0.03661628
vt -0.0009810481 0.03667557
vt -0.0005715378 0.03652311
vt -0.0005228558 0.03755467
vt -0.0006780538 0.03761307
vt -0.0005182791 0.03747119
vt 0.0005496032 0.03544492
vt 0.0005542064 0.03536144
vt 0.000704526 0.03538715
vt 0.00008232942 0.0353795
vt 0.00008548789 0.03529779
vt 0.0004898653 0.03522725
vt -0.0002367121 0.03532208
vt -0.0002353449 0.03524214
vt 0.0003044934 0.03517226
vt 0.009927895 0.03210521
vt 0.009376682 0.03211004
vt 0.009923872 0.0320407
vt 0.008986744 0.03725485
vt 0.008431738 0.03713567
vt 0.008985359 0.03718667
vt 0.009307543 0.03669165
vt 0.00875397 0.03668887
vt 0.009306422 0.03663385
vt 0.008853356 0.03748304
vt 0.008313143 0.03732968
vt 0.008853106 0.03741403
vt 0.008694776 0.03788863
vt 0.008692148 0.03793316
vt 0.008541035 0.0378708
vt 0.009017019 0.03759207
vt 0.008610563 0.03743695
vt 0.009016946 0.0375229
vt 0.01039719 0.02464891
vt 0.01092343 0.02444494
vt 0.01093764 0.02453876
vt -0.007089958 0.03841578
vt -0.007644887 0.03734461
vt -0.007641701 0.03725033
vt -0.007489477 0.03728678
vt -0.008420928 0.03618799
vt -0.008011954 0.03603408
vt -0.00801653 0.03611757
vt -0.008801936 0.03615559
vt -0.008258717 0.03600413
vt -0.008262081 0.03608584
vt -0.009056766 0.03591103
vt -0.009464302 0.03575878
vt -0.009059924 0.03582931
vt -0.008695352 0.03590271
vt -0.009236558 0.03575289
vt -0.008696718 0.03582277
vt -0.008562604 0.03595269
vt -0.009118258 0.03590272
vt -0.008562374 0.03587334
vt -0.008965967 0.03606676
vt -0.008408475 0.03593687
vt -0.00841031 0.03601681
vt -0.009530541 0.03602324
vt -0.009685476 0.0359655
vt -0.009690389 0.03588144
vt 0.009881404 0.02652592
vt 0.00988 0.0264218
vt 0.01041556 0.02634368
vt 0.01136011 0.02801436
vt 0.01135021 0.02787953
vt 0.01185981 0.02768901
vt 0.01253375 0.02429187
vt 0.01204801 0.02443796
vt 0.01250582 0.02412821
vt 0.01252753 0.02110755
vt 0.0120591 0.02122574
vt 0.012497 0.0209425
vt 0.01096897 0.02451151
vt 0.01051334 0.02440921
vt 0.01097945 0.02431758
vt 0.0108513 0.02233964
vt 0.01038819 0.02216667
vt 0.01088446 0.02217815
vt 0.01076662 0.01768827
vt 0.01027054 0.01767045
vt 0.01033024 0.0175567
vt 0.011663 0.01283441
vt 0.01119928 0.01289223
vt 0.01124041 0.01278095
vt 0.01240894 0.008160108
vt 0.01187985 0.008245615
vt 0.01191297 0.00814126
vt 0.01269368 0.00825462
vt 0.01215519 0.008392097
vt 0.01217603 0.008279399
vt 0.01248456 0.005071131
vt 0.01199032 0.005128214
vt 0.01198998 0.005026444
vt 0.0004792235 0.01203907
vt 0.0004823907 0.0115694
vt 0.0009163543 0.01160228
vt -0.01010581 0.005522093
vt -0.009678386 0.005372446
vt -0.009442541 0.006254233
vt -0.009653991 0.0053621
vt -0.009214021 0.005270381
vt -0.009153539 0.005704376
vt -0.009218085 0.005270948
vt -0.008757921 0.00615349
vt -0.009157602 0.005704943
vt -0.008762534 0.008733963
vt -0.00876207 0.006158478
vt -0.008078722 0.006248709
vt -0.01191384 0.01572649
vt -0.01143826 0.01582577
vt -0.01192959 0.01589758
vt -0.01145397 0.01800995
vt -0.01097205 0.01791941
vt -0.01145091 0.01820988
vt -0.0108911 0.01491833
vt -0.01039524 0.01476347
vt -0.01088178 0.01509416
vt -0.005541809 0.002649182
vt -0.005565217 0.00280001
vt -0.006046613 0.002669011
vt -0.004868189 0.005842934
vt -0.004877842 0.00600771
vt -0.005341057 0.005939535
vt -0.006813257 -0.002782999
vt -0.006837537 -0.002651146
vt -0.007342286 -0.002754207
vt -0.0002369205 -0.007713356
vt -0.0002345443 -0.007622103
vt -0.000701358 -0.007734253
vt -0.002134544 -0.006445578
vt -0.002130076 -0.006351661
vt -0.002557045 -0.006436692
vt -0.008755386 0.008735888
vt -0.007565719 0.0059184
vt -0.007453326 0.006503658
vt 0.00935017 -0.003253802
vt 0.00875376 -0.003289045
vt 0.009014326 -0.003842868
vt 0.009692678 -0.001507687
vt 0.008884282 -0.0009031054
vt 0.008790375 -0.001365871
vt -0.003836184 -0.003065482
vt -0.003832487 -0.002963496
vt -0.004245195 -0.003061991
vt -0.003959188 0.005633509
vt -0.004402397 0.005814127
vt -0.004383378 0.005650168
vt -0.01003878 0.002934415
vt -0.009993883 0.003067022
vt -0.0104857 0.003257113
vt -0.01240857 0.01519692
vt -0.0119218 0.01543034
vt -0.01243549 0.01530267
vt -0.01271953 0.02532743
vt -0.01217478 0.02539643
vt -0.01217479 0.02546535
vt -0.01255725 0.03266972
vt -0.01200478 0.03272458
vt -0.01200506 0.03278185
vt -0.01249921 0.03439075
vt -0.01194559 0.03444174
vt -0.0119442 0.03450992
vt -0.01246023 0.03503096
vt -0.01190458 0.03508089
vt -0.01190274 0.03516083
vt -0.01233199 0.03517348
vt -0.01288787 0.03514409
vt -0.01233222 0.03509413
vt -0.01328454 0.03537421
vt -0.01274333 0.03522438
vt -0.0127447 0.03530433
vt -0.01362737 0.03557105
vt -0.01321984 0.0354188
vt -0.013223 0.03550052
vt -0.01361273 0.03551214
vt -0.01345818 0.03538402
vt -0.01345825 0.03545318
vt 0.0002344619 0.03524263
vt 0.0002358273 0.03532258
vt -0.0003053774 0.03517275
vt 0.0002609308 0.03523231
vt 0.0002606991 0.03531166
vt -0.0002949549 0.0352617
vt -0.0001480456 0.03705294
vt -0.0001469898 0.03714499
vt -0.0006906483 0.0369951
vt -0.0002566806 0.0353871
vt 0.0003008126 0.03525722
vt 0.0002989761 0.03533716
vt -0.0001556103 0.03713858
vt -0.0006982154 0.03708076
vt -0.0007005561 0.03698759
vt -0.001113396 0.03862675
vt -0.001524022 0.03847375
vt -0.001113396 0.03527258
vt -0.0005842161 0.03655869
vt -0.0009946311 0.03671225
vt -0.0009914532 0.03661796
vt -0.001017856 0.03659551
vt -0.001176566 0.03674797
vt -0.001173269 0.03665334
vt 0.0002130488 0.03361112
vt 0.00006136352 0.03360241
vt 0.0002159415 0.03354372
vt -0.0004597113 0.03330643
vt -0.00005325504 0.03315131
vt -0.00005332959 0.03322048
vt -0.0007057963 0.03285712
vt -0.0001655818 0.03270377
vt -0.0001658352 0.03277279
vt 0.009375067 0.03245016
vt 0.009374322 0.0323827
vt 0.009925535 0.03237795
vt 0.008970032 0.03727016
vt 0.008414517 0.03721867
vt 0.008415071 0.03715077
vt 0.009307945 0.036718
vt 0.008754661 0.0367725
vt 0.008754372 0.03671523
vt 0.009235962 0.03692704
vt 0.008696125 0.03685716
vt 0.008694757 0.03677721
vt 0.009278047 0.03756481
vt 0.009126362 0.03757357
vt 0.009126148 0.0375044
vt 0.009463601 0.03703849
vt 0.009059224 0.03696795
vt 0.009056065 0.03688623
vt -0.009378307 0.03841578
vt -0.009378308 0.03548355
vt -0.009351826 0.03548878
vt -0.007494236 0.03731187
vt -0.007646461 0.03727542
vt -0.007490948 0.03721725
vt -0.007844939 0.03612367
vt -0.007995261 0.03609797
vt -0.007840051 0.03603961
vt -0.007992443 0.03611699
vt -0.007987841 0.03603351
vt -0.007837521 0.03605922
vt -0.008444694 0.03609603
vt -0.008441537 0.03601431
vt -0.008037159 0.03594377
vt -0.008818931 0.03605496
vt -0.008817565 0.03597501
vt -0.008277726 0.03590514
vt -0.008610943 0.03401746
vt -0.009017325 0.03393151
vt -0.009017399 0.03386234
vt -0.008313786 0.03367467
vt -0.008853748 0.03359034
vt -0.008854 0.03352131
vt -0.008976438 0.03342709
vt -0.008977809 0.03335891
vt -0.008422287 0.03341031
vt -0.009112385 0.03348397
vt -0.009112939 0.03341608
vt -0.008557425 0.03336458
vt -0.009017129 0.03393148
vt -0.00917168 0.03380336
vt -0.009017203 0.03386231
vt 0.01306171 0.02385391
vt 0.01257231 0.02413573
vt 0.01303078 0.02375447
vt 0.01264846 0.02684135
vt 0.01215498 0.02712514
vt 0.0126225 0.02670868
vt 0.0113882 0.02943663
vt 0.0113898 0.02916885
vt 0.0118839 0.02905415
vt 0.0114247 0.02673225
vt 0.01142571 0.02653816
vt 0.01190105 0.02645184
vt 0.01116413 0.02556421
vt 0.01067542 0.02563103
vt 0.01070668 0.0254704
vt 0.01065858 0.02191328
vt 0.01014528 0.0218427
vt 0.01019898 0.02173115
vt 0.01187142 0.01473135
vt 0.01135472 0.01464005
vt 0.01190694 0.0146079
vt 0.01198486 0.01139232
vt 0.01147933 0.01132538
vt 0.01201311 0.01127709
vt 0.01299093 0.002514472
vt 0.01248751 0.002671092
vt 0.01297598 0.002406013
vt 0.01208172 0.002599339
vt 0.01161637 0.002810537
vt 0.01204796 0.002489814
vt 0.01245944 0.01162899
vt 0.01194884 0.01179758
vt 0.01196262 0.01165557
vt 0.01198614 0.004751005
vt 0.01151294 0.004643863
vt 0.01198259 0.004649296
vt 0.01137118 0.004933706
vt 0.01091221 0.004826197
vt 0.01136507 0.004825991
vt 0.01056313 0.0018841
vt 0.01010549 0.001785163
vt 0.01055491 0.001782733
vt -0.009227405 0.005275809
vt -0.008767327 0.005244302
vt -0.008767242 0.006158351
vt -0.008755105 0.008736006
vt -0.008071294 0.006250753
vt -0.007565438 0.005918518
vt -0.008762375 0.006160788
vt -0.008354159 0.005711291
vt -0.008079027 0.006251019
vt -0.01190815 0.01775675
vt -0.01141577 0.01769257
vt -0.01141825 0.01789251
vt -0.01102196 0.01664588
vt -0.01098941 0.01681892
vt -0.01147631 0.01697337
vt -0.01049156 0.01326615
vt -0.01043139 0.01339492
vt -0.0108769 0.01371066
vt -0.004810179 -0.0003776342
vt -0.005332834 -0.0004168239
vt -0.005277082 -0.0005534312
vt -0.004900804 0.006297316
vt -0.00539565 0.00640279
vt -0.005364209 0.00623044
vt -0.006891983 -0.00242471
vt -0.0074352 -0.002388972
vt -0.007397525 -0.002523808
vt 0.002366327 -0.007305826
vt 0.00188978 -0.007392258
vt 0.001909385 -0.007481412
vt -0.0012118 -0.00648583
vt -0.001688492 -0.006451482
vt -0.001688174 -0.006545505
vt -0.003066556 -0.003178569
vt -0.003500683 -0.003114118
vt -0.003500283 -0.00321617
vt -0.007564641 0.005918193
vt -0.007390845 0.005515929
vt -0.007452248 0.006503451
vt 0.009428485 -0.003039567
vt 0.008693602 -0.00249114
vt 0.008833119 -0.003089424
vt 0.008450519 -0.004951756
vt 0.008261913 -0.004369482
vt 0.007917917 -0.004094226
vt 0.001139661 -0.006908187
vt 0.001144857 -0.006816065
vt 0.0006677898 -0.006925761
vt -0.00467888 0.003571798
vt -0.004663828 0.003714227
vt -0.005104906 0.003789878
vt -0.00994301 0.007680024
vt -0.009421346 0.00760329
vt -0.009941547 0.00782215
vt -0.01248251 0.01916299
vt -0.01196399 0.01926934
vt -0.01197486 0.01940811
vt -0.01248871 0.02391412
vt -0.0119638 0.02411968
vt -0.01249814 0.02398238
vt -0.01226448 0.03234147
vt -0.01226202 0.03228426
vt -0.0117197 0.0324487
vt -0.0121294 0.03431454
vt -0.0121297 0.03424634
vt -0.01158951 0.03439937
vt -0.01202338 0.0350889
vt -0.01202475 0.03500895
vt -0.01148355 0.03515879
vt -0.01246346 0.03510032
vt -0.01246322 0.03502096
vt -0.01190575 0.03515091
vt -0.01288896 0.03523137
vt -0.01288713 0.03515143
vt -0.01233124 0.03518081
vt -0.01329383 0.03546777
vt -0.01329046 0.03538606
vt -0.01275061 0.0353163
vt -0.01364015 0.03566071
vt -0.01363557 0.03557722
vt -0.01323118 0.0355068
vt -0.01381134 0.03571497
vt -0.01380643 0.0356309
vt -0.0136515 0.03557316
vt 0.0007050511 0.03285705
vt 0.0001650889 0.0327727
vt 0.0001648376 0.03270368
vt 0.0002137238 0.03546347
vt -0.000326131 0.03539371
vt -0.0003294967 0.035312
vt 0.0004380249 0.03240983
vt -0.0001161256 0.03242662
vt -0.0001174982 0.03235844
vt -0.0004473999 0.03232319
vt -0.0004479544 0.03225529
vt 0.0001075603 0.0322038
vt -0.0005738139 0.03698338
vt -0.0005715375 0.03707655
vt -0.0009810478 0.03692409
vt -0.0005842157 0.03706892
vt -0.0009914528 0.03700965
vt -0.0009946308 0.03691536
vt -0.001524023 0.03847375
vt -0.001524023 0.03542558
vt -0.001113397 0.03527258
vt -0.0009946393 0.03671225
vt -0.00115015 0.03677044
vt -0.0009914614 0.03661796
vt 0.00007847863 0.03322092
vt 0.00007869386 0.03315176
vt 0.0002303769 0.03316051
vt -0.0005428121 0.03277474
vt -0.000542996 0.03270572
vt -0.00013673 0.03261922
vt -0.0007571377 0.03241551
vt -0.0007568332 0.03234731
vt -0.0002169472 0.03226249
vt 0.01135822 0.03125835
vt 0.01082144 0.03139397
vt 0.01134867 0.03119157
vt 0.009123346 0.03680064
vt 0.008565853 0.03667076
vt 0.00912151 0.0367207
vt 0.009102641 0.0370098
vt 0.00910318 0.03707769
vt 0.008549031 0.03706089
vt 0.009775599 0.03637265
vt 0.009778059 0.03642987
vt 0.009233284 0.03653709
vt 0.009256034 0.03694067
vt 0.008712816 0.0367892
vt 0.009252669 0.03685896
vt 0.009266642 0.03755412
vt 0.009112064 0.03749544
vt 0.009263751 0.03748672
vt 0.00949055 0.03705011
vt 0.009081576 0.03689621
vt 0.009485973 0.03696663
vt -0.009378317 0.03841578
vt -0.009351836 0.03548878
vt -0.009351836 0.03841055
vt -0.008203317 0.03465386
vt -0.008355003 0.03464514
vt -0.008200426 0.03458645
vt -0.008845439 0.03443941
vt -0.008438983 0.0342843
vt -0.008439057 0.03435346
vt -0.009169294 0.03404682
vt -0.008629079 0.03389346
vt -0.008629332 0.03396249
vt -0.008541836 0.03353496
vt -0.008947917 0.03337944
vt -0.008541651 0.03346593
vt -0.008271428 0.03327707
vt -0.008811619 0.03312406
vt -0.008271733 0.03320887
vt -0.008425168 0.03334269
vt -0.008978779 0.0332916
vt -0.008424629 0.0332748
vt -0.009096187 0.03361561
vt -0.008541181 0.03349643
vt -0.008542567 0.03356462
vt -0.00922689 0.03437635
vt -0.009378898 0.03431621
vt -0.009381924 0.03424881
vt 0.01145167 0.03190862
vt 0.01091702 0.03206408
vt 0.01143763 0.03183382
vt 0.01122346 0.02959518
vt 0.01071959 0.02933456
vt 0.01122874 0.02932745
vt 0.01104128 0.02713887
vt 0.0105597 0.02700652
vt 0.0110491 0.02694494
vt 0.01094286 0.02528225
vt 0.0104547 0.02506653
vt 0.01096997 0.02512087
vt 0.01198446 0.01843014
vt 0.0114539 0.01833151
vt 0.01201218 0.01830947
vt 0.01206899 0.01605486
vt 0.01151093 0.0160818
vt 0.01154976 0.01597935
vt 0.01206745 0.01181238
vt 0.01151623 0.01185862
vt 0.01156107 0.01175223
vt 0.01279507 0.01085078
vt 0.0122506 0.01102428
vt 0.01227044 0.01090299
vt 0.01248841 0.01436129
vt 0.01197659 0.01460865
vt 0.01198449 0.01444624
vt 0.01189181 0.009466641
vt 0.01140602 0.009539038
vt 0.01187781 0.009324658
vt 0.01195045 0.005711506
vt 0.01147057 0.00573797
vt 0.01147215 0.005630093
vt 0.01147084 0.004185915
vt 0.011008 0.004146621
vt 0.01102077 0.004045726
vt 0.01104091 0.00190373
vt 0.01059408 0.001782396
vt 0.01062238 0.00169383
vt 0.009562021 -0.002296375
vt 0.009093462 -0.00238678
vt 0.009554612 -0.002389058
vt -0.008765144 0.005244302
vt -0.008356842 0.005708854
vt -0.008765059 0.006158351
vt -0.008070975 0.006251238
vt -0.007828652 0.005369159
vt -0.007565119 0.005919004
vt -0.008356159 0.005712311
vt -0.008297956 0.005277608
vt -0.008081028 0.006252039
vt -0.0119277 0.01891454
vt -0.01143601 0.01904364
vt -0.01194349 0.01905283
vt -0.01145252 0.02142036
vt -0.01095539 0.0213029
vt -0.01145005 0.02169294
vt -0.01089952 0.01826473
vt -0.01039095 0.01806589
vt -0.01088752 0.01840666
vt -0.006718121 0.0001332336
vt -0.006747794 0.0002777651
vt -0.007262055 0.0001555356
vt -0.005085036 0.006153173
vt -0.005122206 0.006324379
vt -0.005608705 0.006131393
vt -0.004565223 0.009473862
vt -0.004585236 0.009666519
vt -0.005063854 0.009559675
vt 0.001434636 -0.00567293
vt 0.0009405881 -0.005600806
vt 0.0009515583 -0.005707626
vt -0.0008408175 -0.003288781
vt -0.00132509 -0.003158187
vt -0.001318534 -0.003274555
vt -0.002385335 0.002731645
vt -0.002839223 0.002903976
vt -0.002823192 0.002761654
vt -0.007827535 0.005368624
vt -0.007390207 0.005516205
vt -0.007564002 0.005918469
vt -0.007455038 0.006503278
vt -0.007393635 0.005515756
vt -0.006992899 0.005711285
vt 0.006603794 -0.006155458
vt 0.006216847 -0.00638272
vt 0.00645709 -0.006752021
vt 0.004426918 -0.005762881
vt 0.003977631 -0.005870939
vt 0.004003099 -0.005959623
vt -0.004189613 0.009445362
vt -0.004652795 0.009688465
vt -0.004634297 0.009495656
vt -0.009781186 0.006340197
vt -0.009752605 0.006469644
vt -0.01027337 0.006616362
vt -0.01248626 0.02528796
vt -0.01195027 0.02541873
vt -0.01195886 0.02549533
vt -0.01224812 0.03275375
vt -0.01170305 0.03285946
vt -0.01171027 0.03291482
vt -0.01211965 0.03445815
vt -0.01157969 0.0345425
vt -0.01157943 0.03461151
vt -0.01201897 0.03511733
vt -0.01147911 0.03518709
vt -0.01147575 0.0352688
vt -0.01243102 0.03520093
vt -0.01187325 0.03525088
vt -0.01187205 0.03534292
vt -0.01236428 0.03531282
vt -0.01292212 0.03527113
vt -0.01236435 0.03522116
vt -0.01339378 0.03544019
vt -0.01285013 0.0352903
vt -0.01285118 0.03538234
vt -0.01377107 0.0355965
vt -0.01336156 0.03544403
vt -0.01336383 0.03553721
vt -0.01379538 0.0357191
vt -0.0136356 0.03557721
vt -0.01364018 0.03566069
vt 0.0005422535 0.03270564
vt 0.0005420674 0.03277467
vt 0.0001359861 0.03261915
vt 0.0007561702 0.03234645
vt 0.000756476 0.03241464
vt 0.0002162833 0.03226163
vt -0.00008637031 0.03529821
vt -0.00008321115 0.03537993
vt -0.0004907472 0.03522767
vt 0.0004350626 0.03225502
vt 0.0004345245 0.03232291
vt -0.000119087 0.03227183
vt -0.000426282 0.03247884
vt 0.0001287237 0.03235966
vt 0.0001273378 0.03242785
vt -0.0001139044 0.03551289
vt -0.0005183009 0.03544246
vt -0.0005228777 0.03535898
vt -0.000994639 0.03691536
vt -0.000991461 0.03700965
vt -0.00115015 0.03685718
vt -0.001523974 0.03847375
vt -0.001679565 0.03548355
vt -0.001523974 0.03542558
vt -0.0006189391 0.03049677
vt -0.0004678262 0.03043442
vt -0.0004651962 0.03047895
vt -0.001282039 0.02971983
vt -0.0008783008 0.02955833
vt -0.0008678888 0.02960964
vt -0.001440488 0.02852373
vt -0.0009026438 0.02836266
vt -0.0008954185 0.02841802
vt 0.0106743 0.03235255
vt 0.01066432 0.03227711
vt 0.01120254 0.03214734
vt 0.009113359 0.03682271
vt 0.008555646 0.03677211
vt 0.008555883 0.03669275
vt 0.009105448 0.03706783
vt 0.008549924 0.03711924
vt 0.008551297 0.03705106
vt 0.009703383 0.03659095
vt 0.009165538 0.03675202
vt 0.009158314 0.03669666
vt 0.009544632 0.03625618
vt 0.009002027 0.03619833
vt 0.009000975 0.03610629
vt 0.009667075 0.03702059
vt 0.009516757 0.0370463
vt 0.009512152 0.03696282
vt 0.009859503 0.03637438
vt 0.009452267 0.03631508
vt 0.009449992 0.03622191
vt -0.0130533 0.03841578
vt -0.01307978 0.03841055
vt -0.01307978 0.03548878
vt -0.00834249 0.03433676
vt -0.008342275 0.03426759
vt -0.008190591 0.03427635
vt -0.008905994 0.03401779
vt -0.008906179 0.03394877
vt -0.008499913 0.03386228
vt -0.009207332 0.03369048
vt -0.009207027 0.03362228
vt -0.00866714 0.03353747
vt -0.007916666 0.03060534
vt -0.008330816 0.03049515
vt -0.008320404 0.03044384
vt -0.007702072 0.02959176
vt -0.008247142 0.02948605
vt -0.008239918 0.0294307
vt -0.008763579 0.02902068
vt -0.008763289 0.0289634
vt -0.008210004 0.02901791
vt -0.00931506 0.02924999
vt -0.009316199 0.02919219
vt -0.008762929 0.02913754
vt -0.008541857 0.03136301
vt -0.0086956 0.03134519
vt -0.008692971 0.03130067
vt 0.01132375 0.0325784
vt 0.01093522 0.0327823
vt 0.01078772 0.03272904
vt 0.01197976 0.03127017
vt 0.01144476 0.03111585
vt 0.01146058 0.03104157
vt 0.01124127 0.02803523
vt 0.01073213 0.02804289
vt 0.01075741 0.02791146
vt 0.01095404 0.02530783
vt 0.01042802 0.0251885
vt 0.01046564 0.02509265
vt 0.01220252 0.02054845
vt 0.01164269 0.02055489
vt 0.01166899 0.02046738
vt 0.01299148 0.01038294
vt 0.01246331 0.01051789
vt 0.01298653 0.0102735
vt 0.01300375 0.005310947
vt 0.01249229 0.005470624
vt 0.0129934 0.005195956
vt 0.01191946 0.005397019
vt 0.01146772 0.005671372
vt 0.01188045 0.005280476
vt 0.011861 0.01278364
vt 0.01137113 0.01289769
vt 0.01184312 0.01262202
vt 0.01195612 0.01570922
vt 0.01146482 0.0159488
vt 0.01146731 0.01575714
vt 0.01197339 0.0126135
vt 0.01148622 0.01279016
vt 0.01149297 0.01262687
vt 0.01141505 0.009497921
vt 0.01094271 0.009621574
vt 0.01095091 0.009479444
vt 0.01083136 0.003511109
vt 0.01035498 0.003571676
vt 0.0103712 0.003459756
vt 0.01017441 -0.001748982
vt 0.009705751 -0.001825101
vt 0.009726267 -0.001912964
vt -0.008768467 0.005247222
vt -0.008301962 0.005277072
vt -0.008360165 0.005711775
vt -0.008290795 0.005276013
vt -0.007831544 0.005368365
vt -0.008073866 0.006250444
vt -0.01194126 0.02124328
vt -0.01143377 0.02123499
vt -0.0114357 0.02150757
vt -0.01098458 0.02011196
vt -0.01095398 0.02025107
vt -0.01144269 0.02054434
vt -0.01050733 0.01630487
vt -0.01046972 0.01641458
vt -0.01094904 0.01671425
vt -0.007075875 0.002454543
vt -0.007626639 0.002485722
vt -0.007595365 0.002356899
vt -0.004710478 0.004489333
vt -0.005239964 0.004404001
vt -0.005186898 0.004272657
vt -0.004645868 0.01029399
vt -0.005160058 0.01036004
vt -0.005125224 0.01019051
vt -0.002561606 -0.005253457
vt -0.00252997 -0.005150842
vt -0.003010753 -0.005030205
vt 0.001910355 -0.003722456
vt 0.001908652 -0.003611888
vt 0.001413115 -0.003677317
vt -0.00523287 -0.001162656
vt -0.005185349 -0.001056231
vt -0.00560025 -0.0008452537
vt 0.005683431 -0.003595012
vt 0.005688698 -0.003497534
vt 0.005221877 -0.003592873
vt 0.004219267 -0.002911663
vt 0.004226001 -0.002810604
vt 0.003773374 -0.002910609
vt 0.002599652 -0.004613662
vt 0.002607509 -0.004516636
vt 0.002150908 -0.004615864
vt 0.003300096 -0.003382875
vt 0.002826551 -0.003317937
vt 0.002840173 -0.003427676
vt -0.004842983 0.007518326
vt -0.00482525 0.007680667
vt -0.005286009 0.00779647
vt -0.009915479 0.01212555
vt -0.009381043 0.01204131
vt -0.009914214 0.01224153
vt -0.01198409 0.02495287
vt -0.01146343 0.025186
vt -0.01199685 0.02502889
vt -0.01179549 0.03279847
vt -0.01178746 0.03274322
vt -0.01138185 0.03291057
vt -0.01164957 0.03453786
vt -0.01164939 0.03446885
vt -0.01124331 0.03462436
vt -0.01152687 0.03523821
vt -0.01153003 0.03515649
vt -0.01112249 0.03530874
vt -0.01193782 0.03532419
vt -0.01193887 0.03523215
vt -0.01139522 0.03538205
vt -0.01243259 0.03529312
vt -0.01243252 0.03520146
vt -0.01187355 0.03534347
vt -0.01292285 0.03536202
vt -0.01292165 0.03526998
vt -0.01236381 0.03531168
vt -0.01339816 0.03552775
vt -0.01339582 0.03543457
vt -0.01285322 0.03537675
vt -0.01377709 0.03568398
vt -0.01377391 0.03558969
vt -0.01336667 0.03553042
vt -0.01393986 0.03573777
vt -0.01393656 0.03564315
vt -0.01378115 0.03558532
vt 0.001281214 0.0297201
vt 0.0008670643 0.02960991
vt 0.0008774754 0.0295586
vt 0.0004589766 0.0333063
vt 0.00005259342 0.03322035
vt 0.00005252047 0.03315119
vt 0.001439654 0.02852381
vt 0.0008945843 0.0284181
vt 0.0009018072 0.02836274
vt 0.0007043418 0.02755872
vt 0.000150766 0.02756149
vt 0.0001510564 0.02750422
vt -0.0007143751 0.02743288
vt -0.0007155136 0.02737508
vt -0.0001622437 0.02732042
vt -0.000522821 0.03535898
vt -0.0005182443 0.03544246
vt -0.0006780189 0.03530058
vt -0.001523972 0.03847375
vt -0.001679563 0.03841578
vt -0.001679563 0.03548355
vt -0.001017825 0.03704244
vt -0.001173237 0.03698461
vt -0.001176534 0.03688999
vt -0.0006793459 0.02954264
vt -0.0006895346 0.02949128
vt -0.0005358197 0.02947321
vt -0.001464758 0.02857052
vt -0.001472784 0.02851528
vt -0.001059146 0.02840318
vt -0.001542735 0.02765193
vt -0.001545194 0.02759471
vt -0.001000419 0.02748748
vt 0.009221405 0.03618192
vt 0.008662436 0.03603992
vt 0.009220207 0.03608988
vt 0.00896938 0.03672039
vt 0.008413495 0.036691
vt 0.008969149 0.03664103
vt 0.009206957 0.0369131
vt 0.009206651 0.03698129
vt 0.008666766 0.03706611
vt 0.009569116 0.03663398
vt 0.009155478 0.03674608
vt 0.009561091 0.03657873
vt 0.009553015 0.03630666
vt 0.009008069 0.03615566
vt 0.009550676 0.03621349
vt 0.009663943 0.03707949
vt 0.009508734 0.03702112
vt 0.009659055 0.03699542
vt 0.009870975 0.03642494
vt 0.00946056 0.03627137
vt 0.009867799 0.03633065
vt -0.01305328 0.03841578
vt -0.01307976 0.03548878
vt -0.01305328 0.03548355
vt -0.008847905 0.03214923
vt -0.008696792 0.03208688
vt -0.008694162 0.03213141
vt -0.009435655 0.03156195
vt -0.009031917 0.03140044
vt -0.009021505 0.03145176
vt -0.009703842 0.03048187
vt -0.009165997 0.0303208
vt -0.009158772 0.03037615
vt -0.008491973 0.03047279
vt -0.0086355 0.03040337
vt -0.008481785 0.03042143
vt -0.007760358 0.02949613
vt -0.008165969 0.02932878
vt -0.007752333 0.02944088
vt -0.00761616 0.02876407
vt -0.008158476 0.02859964
vt -0.0076137 0.02870685
vt -0.008211552 0.02890691
vt -0.008764005 0.02885189
vt -0.00821043 0.02884911
vt -0.009298929 0.0294083
vt -0.008746733 0.02929617
vt -0.008746461 0.02935344
vt 0.01104586 0.03307526
vt 0.01091048 0.03315947
vt 0.01089797 0.03302309
vt 0.01205011 0.03029112
vt 0.0115214 0.03008713
vt 0.01206192 0.03021609
vt 0.01206385 0.03165177
vt 0.01191632 0.03170503
vt 0.0115278 0.03150113
vt 0.01124285 0.02739452
vt 0.01073258 0.0271586
vt 0.01126194 0.02726205
vt 0.01217905 0.021957
vt 0.01163626 0.02186134
vt 0.01219609 0.02185545
vt 0.01291704 0.01619347
vt 0.01237557 0.0163036
vt 0.01291604 0.0161021
vt 0.01281244 0.01880414
vt 0.01226303 0.0189798
vt 0.01227281 0.01888143
vt 0.01282598 0.01457039
vt 0.01227959 0.01475733
vt 0.01229469 0.01463981
vt 0.0124918 0.01738742
vt 0.01198003 0.01768964
vt 0.01198253 0.01752878
vt 0.01195022 0.0186889
vt 0.01145467 0.01896446
vt 0.01145435 0.01877309
vt 0.01147683 0.016195
vt 0.01099203 0.01609501
vt 0.01148329 0.01600343
vt 0.01147017 0.01250789
vt 0.01099557 0.0124466
vt 0.01147303 0.01234448
vt 0.01093936 0.009594817
vt 0.01046807 0.009484242
vt 0.01094724 0.009452668
vt 0.0100637 0.002426086
vt 0.009575104 0.002354793
vt 0.01006792 0.002313075
vt 0.009830923 -0.0007714515
vt 0.009341783 -0.0006983204
vt 0.009357076 -0.0008014936
vt 0.008384807 -0.004627235
vt 0.008390651 -0.004537198
vt 0.007917359 -0.004624115
vt 0.007045612 -0.004910388
vt 0.007050966 -0.004818465
vt 0.006577185 -0.004906324
vt -0.01141946 0.02419389
vt -0.01090026 0.02395878
vt -0.01088527 0.0240356
vt -0.01029351 0.02159912
vt -0.01028292 0.02166926
vt -0.01081836 0.02180907
vt -0.006992849 0.004888041
vt -0.007014617 0.005028018
vt -0.007543949 0.004912572
vt -0.005113662 0.01018891
vt -0.005148719 0.0103584
vt -0.005646582 0.01012864
vt -0.004500663 0.01300606
vt -0.004522698 0.01319829
vt -0.00501586 0.01306373
vt -0.001198698 0.00007244001
vt -0.001694884 0.0002426737
vt -0.001692338 0.0001174462
vt 0.001732043 -0.002729665
vt 0.00122037 -0.002673695
vt 0.001235274 -0.002784962
vt -0.002941534 0.006668195
vt -0.003408513 0.006918761
vt -0.003398687 0.00675575
vt 0.006384489 -0.003387864
vt 0.005907011 -0.003333579
vt 0.005904581 -0.003431168
vt 0.00531947 -0.002500114
vt 0.004847554 -0.002471812
vt 0.004848635 -0.002573089
vt 0.004764602 -0.003754523
vt 0.004307636 -0.003787955
vt 0.00431967 -0.003884552
vt 0.003832186 0.00127828
vt 0.00382698 0.001406127
vt 0.003355475 0.001313034
vt -0.004278389 0.01298434
vt -0.004762538 0.01326285
vt -0.004745673 0.0130701
vt -0.009558879 0.01068543
vt -0.00954312 0.0107923
vt -0.0100816 0.01091153
vt -0.01199475 0.02618911
vt -0.01145955 0.02634004
vt -0.01160653 0.02639359
vt -0.0117686 0.03331939
vt -0.01135445 0.03342958
vt -0.01136487 0.03348089
vt -0.01163459 0.0347023
vt -0.01122821 0.03478825
vt -0.01122813 0.03485742
vt -0.01152121 0.03526534
vt -0.01111681 0.03533576
vt -0.01111224 0.03541924
vt -0.01193606 0.03532228
vt -0.01139346 0.03538011
vt -0.01139112 0.03547328
vt -0.01239784 0.03882726
vt -0.01239784 0.03507206
vt -0.01183878 0.03512219
vt -0.01295795 0.03512219
vt -0.01239889 0.03507207
vt -0.01295795 0.03877713
vt -0.01350415 0.03527258
vt -0.01295904 0.03512219
vt -0.01295903 0.03877713
vt -0.01391536 0.03542558
vt -0.01350474 0.03527258
vt -0.01350474 0.03862675
vt -0.01393258 0.03574217
vt -0.01377389 0.0355897
vt -0.01377707 0.03568398
vt 0.000688821 0.02949159
vt 0.000678633 0.02954295
vt 0.0005351052 0.02947353
vt 0.001471995 0.02851531
vt 0.001463972 0.02857056
vt 0.001058359 0.02840321
vt 0.00005259339 0.03315119
vt 0.00005266626 0.03322035
vt -0.0001018838 0.03309223
vt 0.00154434 0.02759496
vt 0.001541878 0.02765218
vt 0.0009995647 0.02748774
vt 0.0007038145 0.02737451
vt 0.000702692 0.02743231
vt 0.0001502388 0.02737729
vt -0.0006931118 0.02761601
vt -0.0001409148 0.02750387
vt -0.0001406436 0.02756115
vt -0.000572525 0.03552503
vt -0.00072746 0.03546729
vt -0.0007323746 0.03538323
vt 0.001444972 0.03548355
vt 0.001444973 0.03841578
vt 0.001418492 0.03548878
vt -0.003360401 0.02048106
vt -0.003505593 0.02039383
vt -0.003368758 0.02031201
vt -0.003695441 0.01996948
vt -0.003303165 0.0197729
vt -0.003158663 0.01986126
vt -0.002648407 0.02157706
vt -0.002112313 0.02139335
vt -0.002111471 0.02153402
vt 0.009216616 0.03619611
vt 0.008657579 0.03614575
vt 0.008657653 0.03605409
vt 0.008971589 0.03670026
vt 0.008413875 0.03675083
vt 0.008415703 0.03667089
vt 0.009168911 0.03695815
vt 0.008628698 0.03711151
vt 0.008628951 0.03704249
vt 0.009435398 0.03681054
vt 0.009031658 0.03697203
vt 0.009021247 0.03692073
vt 0.009875951 0.03862675
vt 0.009330837 0.03512219
vt 0.009875951 0.03527258
vt 0.01003628 0.03638731
vt 0.009884053 0.03642376
vt 0.009880869 0.03632947
vt 0.01028836 0.03542558
vt 0.01028836 0.03847375
vt 0.00987773 0.03527258
vt -0.01407095 0.03548355
vt -0.01391536 0.03847375
vt -0.01407095 0.03841578
vt -0.008888023 0.03135866
vt -0.008898211 0.0313073
vt -0.008744497 0.03128924
vt -0.009561528 0.03062817
vt -0.009569554 0.03057292
vt -0.009155917 0.03046082
vt -0.009775989 0.02975891
vt -0.009778449 0.02970169
vt -0.009233673 0.02959448
vt -0.006091475 0.02098387
vt -0.006082492 0.02081478
vt -0.005945666 0.02089662
vt -0.005744749 0.02055534
vt -0.006282121 0.0204471
vt -0.006137001 0.02035871
vt -0.006670118 0.02276531
vt -0.007209431 0.02272234
vt -0.007206307 0.02258188
vt -0.008466818 0.02317011
vt -0.008469203 0.02305022
vt -0.007917439 0.02311177
vt -0.009581947 0.02380045
vt -0.009585885 0.02368742
vt -0.009034139 0.02362571
vt 0.008684146 0.03707212
vt 0.008542613 0.03718517
vt 0.008540185 0.03714063
vt 0.01287537 0.03385831
vt 0.0123306 0.03375109
vt 0.01233306 0.03369387
vt 0.01197271 0.02962856
vt 0.01143332 0.02949496
vt 0.01144707 0.02942921
vt 0.01202573 0.03185363
vt 0.01203145 0.03198526
vt 0.01187804 0.03190644
vt 0.01311406 0.03451115
vt 0.01270042 0.03439905
vt 0.01270845 0.03434381
vt 0.01252679 0.02761506
vt 0.01198512 0.02748074
vt 0.01253214 0.0275481
vt 0.01271321 0.02558702
vt 0.01216535 0.02559249
vt 0.01271358 0.02552356
vt 0.01237848 0.01554907
vt 0.01188786 0.01583161
vt 0.0123591 0.01545213
vt 0.01211959 0.01015277
vt 0.01165467 0.01044629
vt 0.01208729 0.01003876
vt 0.01187976 0.01632027
vt 0.01138368 0.01646403
vt 0.0118625 0.01616032
vt 0.01147086 0.0193225
vt 0.01097515 0.01919171
vt 0.01147638 0.01913121
vt 0.01146966 0.0172073
vt 0.01096921 0.01727386
vt 0.01098356 0.01711386
vt 0.01146095 0.01352945
vt 0.01097243 0.01363466
vt 0.01098576 0.01347298
vt 0.01099554 0.008246902
vt 0.01050073 0.008230745
vt 0.01053017 0.00811356
vt 0.01003143 0.002734796
vt 0.009520125 0.002774344
vt 0.009542161 0.002668227
vt 0.007395064 -0.003735126
vt 0.007416127 -0.003632975
vt 0.006926385 -0.003546121
vt 0.007980745 -0.004358692
vt 0.007501688 -0.004321357
vt 0.007502661 -0.004413431
vt -0.01077926 0.0231425
vt -0.01024177 0.02301081
vt -0.01076843 0.02322002
vt -0.0113971 0.02528444
vt -0.0108608 0.02513346
vt -0.01124898 0.02533802
vt -0.009747178 0.01989552
vt -0.009196526 0.01989159
vt -0.009746641 0.01996646
vt -0.007278653 0.007909165
vt -0.007832938 0.007920333
vt -0.007812065 0.007814347
vt -0.004970927 0.009447988
vt -0.005502187 0.009317208
vt -0.005463944 0.009208005
vt -0.004589929 0.01385558
vt -0.005114764 0.01386184
vt -0.005084076 0.01372468
vt -0.005438489 0.002731987
vt -0.005385074 0.00284528
vt -0.005806935 0.003112907
vt -0.002502804 -0.002296408
vt -0.002470201 -0.002188986
vt -0.002967933 -0.002053848
vt 0.002027667 0.00004499728
vt 0.002025475 0.000164169
vt 0.00151439 0.00008357041
vt 0.006849472 0.002306983
vt 0.006362319 0.002459423
vt 0.006369511 0.00233087
vt 0.005572739 0.003978736
vt 0.005095268 0.0041332
vt 0.005100159 0.003991922
vt 0.00443613 0.001369581
vt 0.003970743 0.001482557
vt 0.00397818 0.00135482
vt 0.003952388 0.0007738711
vt 0.003459975 0.0007906655
vt 0.003482358 0.000673594
vt -0.004778922 0.01129772
vt -0.004764627 0.01145878
vt -0.005246378 0.01160342
vt -0.009201243 0.01926937
vt -0.009197345 0.01933774
vt -0.009747996 0.01934176
vt -0.01160808 0.02657825
vt -0.01146093 0.02652515
vt -0.01145478 0.0266573
vt -0.01133607 0.03350682
vt -0.01132588 0.03345547
vt -0.01118235 0.03352488
vt -0.01120362 0.03488029
vt -0.01120383 0.03481112
vt -0.01105193 0.03487154
vt -0.01110555 0.035423
vt -0.01111016 0.03533952
vt -0.01095523 0.03539729
vt -0.01142008 0.03546554
vt -0.01142236 0.03537236
vt -0.01101284 0.03552483
vt -0.01129255 0.03862675
vt -0.01183766 0.03512219
vt -0.01129255 0.03527258
vt -0.0123989 0.03507206
vt -0.0123989 0.03882726
vt -0.01239783 0.03882726
vt -0.01183877 0.03512219
vt -0.01183877 0.03877713
vt -0.01350415 0.03862675
vt -0.01295904 0.03877713
vt -0.01350473 0.03862675
vt 0.003474334 0.02048118
vt 0.003329509 0.02056823
vt 0.003337401 0.02039951
vt 0.000618289 0.03049619
vt 0.0004645452 0.03047837
vt 0.0004671757 0.03043384
vt 0.003666932 0.0200645
vt 0.003130292 0.01995652
vt 0.00327444 0.01986835
vt -0.0002009447 0.03368087
vt -0.0003529528 0.03362073
vt -0.000355978 0.03355333
vt 0.002572913 0.02196336
vt 0.002034672 0.02192066
vt 0.00203632 0.02178111
vt 0.001047317 0.02157803
vt 0.0004979131 0.021636
vt 0.0004955096 0.02151688
vt -0.001063112 0.02133832
vt -0.0005113381 0.02127686
vt -0.001060837 0.02145088
vt 0.001444717 0.03841578
vt 0.001418236 0.03841055
vt 0.001418236 0.03548878
vt -0.003502869 0.02175847
vt -0.00351096 0.02161803
vt -0.00297343 0.02151361
vt -0.002656959 0.02142422
vt -0.002660677 0.02130426
vt -0.00212376 0.02126098
vt 0.0093274 0.03512219
vt 0.008768342 0.03882726
vt 0.008768342 0.03507207
vt 0.008872089 0.03613183
vt 0.008314249 0.03609013
vt 0.008872017 0.03604016
vt 0.008818356 0.03662486
vt 0.008816991 0.03670481
vt 0.008277152 0.03677468
vt 0.008905603 0.03698696
vt 0.008905787 0.03705598
vt 0.008499518 0.03714247
vt 0.009016522 0.03697586
vt 0.008865741 0.03703901
vt 0.009006137 0.03692454
vt 0.009877736 0.03862675
vt 0.009877736 0.03527258
vt 0.009875956 0.03862675
vt 0.009330841 0.03877713
vt 0.009330841 0.03512219
vt 0.01003455 0.03646623
vt 0.00987904 0.03640806
vt 0.01003127 0.03637161
vt 0.01044397 0.03841578
vt 0.01028838 0.03847375
vt 0.01028838 0.03542558
vt -0.01377391 0.03803786
vt -0.0139326 0.0378854
vt -0.01377709 0.03794358
vt -0.01059513 0.02438738
vt -0.01073888 0.02430046
vt -0.01060187 0.02421892
vt -0.01100724 0.02390998
vt -0.01061457 0.02371418
vt -0.0104715 0.0238022
vt -0.01050267 0.02498437
vt -0.009966175 0.02480184
vt -0.009965785 0.02494161
vt -0.005940642 0.02250044
vt -0.006468466 0.02225616
vt -0.00593029 0.02236033
vt -0.006667405 0.02264473
vt -0.007199659 0.02248183
vt -0.006660364 0.02252502
vt -0.007927719 0.02312489
vt -0.00847209 0.02307037
vt -0.007922726 0.0230119
vt -0.009563123 0.02392092
vt -0.009015152 0.0237467
vt -0.009019017 0.02386655
vt 0.01276989 0.03319409
vt 0.01276962 0.03325136
vt 0.01221742 0.03313923
vt 0.0129116 0.03411792
vt 0.01290437 0.03417327
vt 0.01236653 0.0340122
vt 0.01318449 0.03478328
vt 0.01317408 0.03483459
vt 0.01277035 0.03467309
vt 0.01251982 0.02754683
vt 0.01196933 0.02747481
vt 0.01197828 0.02741198
vt 0.01271225 0.02612882
vt 0.01216162 0.0261998
vt 0.01216439 0.02613415
vt 0.01248975 0.02468506
vt 0.01195458 0.02481988
vt 0.01248412 0.0246196
vt 0.01249727 0.02029609
vt 0.01198295 0.02061474
vt 0.01198039 0.02048356
vt 0.01196188 0.02183823
vt 0.01145732 0.02221706
vt 0.01145802 0.02195179
vt 0.01146528 0.02026209
vt 0.01095344 0.02026858
vt 0.0109678 0.02013823
vt 0.01095495 0.0170285
vt 0.01045812 0.01681248
vt 0.01096613 0.01686825
vt 0.01097099 0.01361514
vt 0.01048911 0.01344325
vt 0.01098407 0.01345344
vt 0.01010545 0.005903692
vt 0.009598997 0.005810158
vt 0.01011111 0.005782999
vt 0.007325323 -0.0008643774
vt 0.007347781 -0.0007583492
vt 0.006842418 -0.0006530062
vt 0.008123784 0.002493728
vt 0.007619114 0.002645987
vt 0.007627538 0.002527358
vt 0.008268741 -0.0009828338
vt 0.00777904 -0.0008580285
vt 0.007788464 -0.0009679065
vt -0.01038897 0.02976956
vt -0.009846658 0.02960513
vt -0.009844199 0.02966234
vt -0.01088756 0.03067574
vt -0.01048195 0.03050839
vt -0.01047392 0.03056364
vt -0.01139725 0.02608606
vt -0.01141054 0.02594916
vt -0.01126202 0.02600162
vt -0.009513904 0.02909013
vt -0.008961452 0.02903511
vt -0.008960329 0.0290929
vt -0.007263175 0.009757947
vt -0.00727588 0.009872953
vt -0.007817484 0.009767861
vt -0.005360218 0.01373921
vt -0.005386726 0.01387723
vt -0.005896763 0.01363216
vt -0.00457802 0.01662119
vt -0.004597994 0.01688737
vt -0.005102863 0.01662678
vt -0.003184025 0.01055554
vt -0.00366892 0.01086007
vt -0.003662725 0.0106985
vt -0.001259492 0.004488251
vt -0.001773163 0.004673543
vt -0.001771202 0.004552683
vt 0.001803735 0.00182269
vt 0.001276008 0.001861012
vt 0.001290765 0.00175512
vt 0.004961303 0.001365149
vt 0.004977312 0.001492904
vt 0.00449668 0.001554788
vt 0.004849839 -0.003275692
vt 0.004883671 -0.003170729
vt 0.00441596 -0.003006797
vt 0.004808116 0.003807066
vt 0.004808293 0.003948429
vt 0.004338121 0.003899002
vt 0.004059487 0.006364555
vt 0.004051651 0.006515623
vt 0.003566899 0.006374995
vt -0.004209125 0.01654229
vt -0.004715602 0.01692301
vt -0.00469896 0.0166566
vt -0.008222689 0.01798472
vt -0.007679594 0.01812917
vt -0.008229509 0.01805285
vt -0.01132489 0.03388151
vt -0.01117115 0.03389933
vt -0.01117378 0.03394387
vt -0.01120687 0.03497716
vt -0.01105519 0.03496846
vt -0.0110523 0.03503585
vt -0.01110762 0.0354298
vt -0.01095729 0.03540411
vt -0.01095241 0.03548818
vt -0.01141773 0.03546348
vt -0.01101049 0.03552274
vt -0.01100731 0.03561703
vt -0.01129199 0.03862675
vt -0.01129199 0.03527258
vt -0.01088136 0.03847375
vt -0.01183766 0.03877713
vt -0.01292166 0.03830315
vt -0.01292285 0.03821111
vt -0.01236381 0.03826147
vt -0.01243258 0.0382698
vt -0.01187354 0.03821944
vt -0.01243251 0.03836146
vt -0.01285322 0.03822417
vt -0.01339582 0.03816635
vt -0.01339816 0.03807318
vt -0.01336666 0.03809714
vt -0.0137739 0.03803786
vt -0.01377708 0.03794357
vt 0.003449857 0.02201691
vt 0.003441057 0.02215619
vt 0.002912347 0.02191335
vt 0.00258455 0.0217015
vt 0.002577871 0.02182046
vt 0.002046328 0.02165858
vt 0.0004877734 0.02146417
vt 0.001037156 0.021406
vt 0.001030759 0.02151841
vt -0.001072527 0.02138526
vt -0.0005231032 0.021211
vt -0.0005288736 0.02133088
vt 0.00787222 0.03841055
vt 0.007845739 0.03841578
vt 0.00787222 0.03548878
vt -0.003568709 0.01997397
vt -0.004064724 0.01970789
vt -0.003540764 0.01945151
vt -0.002322683 0.02056863
vt -0.002834926 0.02041002
vt -0.002302849 0.02024316
vt 0.008765021 0.03882726
vt 0.008205963 0.03512219
vt 0.008765021 0.03507207
vt 0.0093274 0.03877713
vt 0.008873481 0.03611809
vt 0.008314443 0.03616843
vt 0.008315641 0.0360764
vt 0.008801341 0.03664853
vt 0.00825812 0.0368
vt 0.008261486 0.03671829
vt 0.008844861 0.0370158
vt 0.008438405 0.03717092
vt 0.008438477 0.03710175
vt 0.008252434 0.03707738
vt 0.008097404 0.03720492
vt 0.008100429 0.03713752
vt 0.00987097 0.03720265
vt 0.009867794 0.03729694
vt 0.009460555 0.03735622
vt 0.009553029 0.03729424
vt 0.00955069 0.03738741
vt 0.009008083 0.03744523
vt 0.01044397 0.03548355
vt 0.01003454 0.03717149
vt 0.01003125 0.03726612
vt 0.009879027 0.03722967
vt -0.01378117 0.03805269
vt -0.01393658 0.03799487
vt -0.01393987 0.03790025
vt -0.01087535 0.02553305
vt -0.01088284 0.02539348
vt -0.0103463 0.02528971
vt -0.01051291 0.02465233
vt -0.0105184 0.02453255
vt -0.009981553 0.02448932
vt -0.005600588 0.0213575
vt -0.006118021 0.02078087
vt -0.005593691 0.02103257
vt -0.00649057 0.02165801
vt -0.007008758 0.02123587
vt -0.006477848 0.0214031
vt -0.007878886 0.02210879
vt -0.008411209 0.02182033
vt -0.007866995 0.02187639
vt -0.009083106 0.02306478
vt -0.009613024 0.02286562
vt -0.009069058 0.02280986
vt 0.01276358 0.03319212
vt 0.01221031 0.03313746
vt 0.01221145 0.03307966
vt 0.01312856 0.03498214
vt 0.01258867 0.03489732
vt 0.01258837 0.03482912
vt 0.01339568 0.03477854
vt 0.01324196 0.03476047
vt 0.01325215 0.03470912
vt 0.01343094 0.03530654
vt 0.01302468 0.03522004
vt 0.01302486 0.03515103
vt 0.01256063 0.03265275
vt 0.01200705 0.03264998
vt 0.0125595 0.03259496
vt 0.01247689 0.02586035
vt 0.01194794 0.02606371
vt 0.01194032 0.02598946
vt 0.01188151 0.01936633
vt 0.01138466 0.01964779
vt 0.01186308 0.01923643
vt 0.01146194 0.02235678
vt 0.01095398 0.0220975
vt 0.01146582 0.02209153
vt 0.01091368 0.01969963
vt 0.0104013 0.01946354
vt 0.01092221 0.01956876
vt 0.01096042 0.01683036
vt 0.01044362 0.01670653
vt 0.01046506 0.01661102
vt 0.01099346 0.0127572
vt 0.0104879 0.01268244
vt 0.01051752 0.01256946
vt 0.01002125 0.007123288
vt 0.009492581 0.007144401
vt 0.00951253 0.007042964
vt 0.00808595 0.007388822
vt 0.007564646 0.007556833
vt 0.007572057 0.007437833
vt 0.004543277 0.0005269251
vt 0.004582089 0.0006393412
vt 0.00411449 0.0008550367
vt -0.009513755 0.0292605
vt -0.009514044 0.02920323
vt -0.008960469 0.02920599
vt -0.01036674 0.03028088
vt -0.009821671 0.03017517
vt -0.01035952 0.03033625
vt -0.01085124 0.03129234
vt -0.0104371 0.03118215
vt -0.01084083 0.03134365
vt -0.01089888 0.03174798
vt -0.01075492 0.03167947
vt -0.01089645 0.03179252
vt -0.008552411 0.0286926
vt -0.008000282 0.02880506
vt -0.008553551 0.02875039
vt -0.008260751 0.01852746
vt -0.007713611 0.01859829
vt -0.007716921 0.01866912
vt -0.006532784 0.0180332
vt -0.006006928 0.01824219
vt -0.006546075 0.01810286
vt -0.005112291 0.02026629
vt -0.005648408 0.02010893
vt -0.005630345 0.02003301
vt -0.004978516 0.006795954
vt -0.004935524 0.006908925
vt -0.005388075 0.007196111
vt -0.002021157 0.002084203
vt -0.001996426 0.002188218
vt -0.002517143 0.002312653
vt 0.001954295 0.005116981
vt 0.001954179 0.00523636
vt 0.001425996 0.005146378
vt 0.005425505 0.008998547
vt 0.00494043 0.009209641
vt 0.00494223 0.009034346
vt 0.006580761 0.00691943
vt 0.006085331 0.007134057
vt 0.006089093 0.006981807
vt 0.004654687 0.00647822
vt 0.004173638 0.006588486
vt 0.004183676 0.006437549
vt 0.004132478 0.006075255
vt 0.003626092 0.006047081
vt 0.00364911 0.005929942
vt -0.004817476 0.01480061
vt -0.004802291 0.01493151
vt -0.005297811 0.01521382
vt -0.00855911 0.02881414
vt -0.008006642 0.02886901
vt -0.008006915 0.02892627
vt -0.01100362 0.03561794
vt -0.0110068 0.03552365
vt -0.01085139 0.03558149
vt -0.01088136 0.03542558
vt -0.01141775 0.03816409
vt -0.01100734 0.03801052
vt -0.01101051 0.03810481
vt -0.01193606 0.03827862
vt -0.01139112 0.03812763
vt -0.01139346 0.0382208
vt -0.01285013 0.03828144
vt -0.01339379 0.03813155
vt -0.01285119 0.0381894
vt -0.01236435 0.03834176
vt -0.01292212 0.03829179
vt -0.01236427 0.0382501
vt -0.01243102 0.03837218
vt -0.01187205 0.03823018
vt -0.01187325 0.03832222
vt -0.01336154 0.03815563
vt -0.01377105 0.03800316
vt -0.01336382 0.03806246
vt 0.003785196 0.02086895
vt 0.003783224 0.02119127
vt 0.003259682 0.02061927
vt 0.002768452 0.020727
vt 0.002756875 0.02097956
vt 0.002238084 0.0205613
vt 0.0005556391 0.02026931
vt 0.001098485 0.02032493
vt 0.001082373 0.02055551
vt -0.001140266 0.02019438
vt -0.0005967536 0.0201386
vt -0.000616598 0.02039362
vt 0.007872086 0.03548878
vt 0.007845605 0.03841578
vt 0.007845605 0.03548355
vt -0.005078771 0.02037676
vt -0.005567673 0.02031181
vt -0.005583333 0.01978884
vt -0.004258296 0.02074213
vt -0.004263479 0.02041609
vt -0.003765358 0.02067822
vt -0.002788031 0.02040137
vt -0.002789941 0.02014559
vt -0.002277977 0.02030511
vt 0.008765027 0.03882726
vt 0.008205969 0.03877713
vt 0.008205969 0.03512219
vt 0.009216595 0.03736679
vt 0.008657632 0.03750882
vt 0.008657558 0.03741715
vt 0.008526925 0.03606515
vt 0.008525871 0.03615719
vt 0.007983267 0.03621504
vt 0.008444116 0.03670076
vt 0.008440957 0.03678248
vt 0.008036581 0.03685302
vt 0.008438331 0.03710177
vt 0.00843826 0.03717095
vt 0.008283782 0.03722989
vt 0.01003626 0.03724049
vt 0.009880856 0.03729833
vt 0.00988404 0.03720404
vt 0.009859498 0.03722526
vt 0.009449987 0.03737773
vt 0.009452262 0.03728456
vt 0.009544665 0.03731566
vt 0.009001009 0.03746555
vt 0.009002061 0.0373735
vt -0.01363564 0.03733665
vt -0.01379541 0.03719477
vt -0.01364021 0.03725316
vt -0.01071561 0.02428364
vt -0.0111994 0.02402018
vt -0.01067531 0.02376634
vt -0.01008293 0.02425139
vt -0.01059187 0.0240942
vt -0.01006124 0.02392883
vt -0.006574761 0.02188572
vt -0.007080781 0.02179023
vt -0.007094515 0.02146552
vt -0.007935715 0.02234806
vt -0.008458472 0.02231607
vt -0.008468825 0.02206106
vt -0.009560581 0.02281749
vt -0.009568419 0.02258492
vt -0.009038965 0.02278532
vt -0.01051803 0.02379379
vt -0.01052427 0.02353856
vt -0.01001594 0.02369773
vt 0.0128428 0.03463109
vt 0.01284418 0.03469927
vt 0.01228918 0.03458009
vt 0.01314439 0.03506816
vt 0.01314465 0.03513718
vt 0.01260443 0.03498382
vt 0.01342072 0.03501114
vt 0.01341809 0.03505566
vt 0.01326698 0.03499331
vt 0.01345821 0.0353843
vt 0.01345829 0.03545348
vt 0.01305183 0.03529836
vt 0.01200745 0.03277899
vt 0.01200716 0.03272172
vt 0.01256074 0.03272449
vt 0.0117198 0.03244939
vt 0.01226212 0.03228494
vt 0.01226458 0.03234217
vt 0.01199637 0.02558816
vt 0.01146124 0.0257426
vt 0.01198472 0.02551445
vt 0.01140479 0.02481776
vt 0.01086974 0.02466354
vt 0.01088201 0.02458984
vt 0.0107715 0.02290203
vt 0.01023545 0.02276815
vt 0.01024359 0.02270307
vt 0.00993384 0.01405712
vt 0.009392042 0.01396219
vt 0.009934268 0.01395924
vt 0.01004464 0.00987083
vt 0.009518834 0.009771079
vt 0.01004765 0.009754077
vt 0.007486164 0.003757024
vt 0.007505257 0.003858625
vt 0.006981776 0.003970516
vt 0.004795793 0.00581815
vt 0.00483013 0.005932329
vt 0.004352147 0.006185811
vt 0.006484995 0.0119653
vt 0.005978824 0.01224059
vt 0.005980993 0.01207092
vt -0.009441767 0.03193912
vt -0.008888154 0.03188804
vt -0.008887615 0.03195594
vt -0.01020587 0.03231561
vt -0.009665682 0.03216258
vt -0.009665984 0.03223077
vt -0.01068717 0.03278842
vt -0.01028109 0.0326329
vt -0.01028091 0.03270192
vt -0.01098746 0.03139744
vt -0.01084706 0.03128298
vt -0.01083667 0.03133429
vt -0.008641764 0.0318353
vt -0.008088145 0.0318863
vt -0.00808676 0.03195448
vt -0.006143766 0.02001341
vt -0.006157807 0.02009017
vt -0.006684925 0.01988211
vt -0.005772885 0.02149684
vt -0.005234888 0.02164765
vt -0.005384402 0.02170082
vt -0.003182254 0.01393018
vt -0.003685176 0.01425007
vt -0.003684138 0.0141183
vt -0.001156745 0.009267733
vt -0.00168839 0.009443897
vt -0.001686788 0.009343128
vt 0.001744281 0.00744313
vt 0.001202983 0.007454418
vt 0.001214158 0.007365386
vt 0.004920606 0.009021432
vt 0.004919251 0.009196731
vt 0.004436335 0.009116551
vt 0.004822557 0.006259547
vt 0.004842199 0.006410572
vt 0.004353413 0.006504011
vt 0.004000751 0.01156532
vt 0.003995525 0.01173397
vt 0.003493993 0.01154488
vt -0.00377543 0.02023861
vt -0.003764959 0.02031253
vt -0.004298006 0.020467
vt -0.007544118 0.02860907
vt -0.007001803 0.0287735
vt -0.007546579 0.02866628
vt -0.01100505 0.0356164
vt -0.01085283 0.03557996
vt -0.01084954 0.03567458
vt -0.01088137 0.03847375
vt -0.01088137 0.03542558
vt -0.01072578 0.03841578
vt -0.01100359 0.03800982
vt -0.01085137 0.03804627
vt -0.01100678 0.0381041
vt -0.0114201 0.03813412
vt -0.01101287 0.03807482
vt -0.01142238 0.03822729
vt -0.01193782 0.03824748
vt -0.01139521 0.03818964
vt -0.01193887 0.03833952
vt -0.01275062 0.03748809
vt -0.01329047 0.03741834
vt -0.01329383 0.03733663
vt -0.01288712 0.03753675
vt -0.01288895 0.03745681
vt -0.01233123 0.03750738
vt -0.01246347 0.03754448
vt -0.01190576 0.03749388
vt -0.01246324 0.03762384
vt -0.01323117 0.03740703
vt -0.01363557 0.03733661
vt -0.01364014 0.03725312
vt 0.002666768 0.02117365
vt 0.002164761 0.02107901
vt 0.002146524 0.0207572
vt 0.004391755 0.02029569
vt 0.00390534 0.02023111
vt 0.003882314 0.01971109
vt 0.0004613655 0.02057734
vt 0.0009891239 0.02086164
vt 0.0004720262 0.02082994
vt -0.001145814 0.02022057
vt -0.0006221032 0.0204197
vt -0.001142002 0.02045168
vt -0.005399474 0.02555331
vt -0.00588165 0.02507961
vt -0.005391983 0.02513851
vt -0.003538357 0.0247851
vt -0.004009661 0.02438222
vt -0.003516148 0.02432292
vt -0.001884804 0.02495948
vt -0.002365019 0.02463314
vt -0.001853534 0.02454479
vt 0.008873491 0.03745517
vt 0.008315651 0.03749686
vt 0.008314453 0.03740481
vt 0.008202515 0.03877713
vt 0.007657401 0.03862675
vt 0.008202515 0.03512219
vt 0.008872014 0.03752274
vt 0.008314247 0.03747277
vt 0.008872086 0.03743107
vt 0.009221429 0.03739133
vt 0.009220231 0.03748338
vt 0.00866246 0.03753334
vt 0.008520033 0.03611715
vt 0.007975085 0.03626814
vt 0.007977426 0.03617497
vt 0.008420367 0.03672546
vt 0.008011394 0.03687937
vt 0.008015971 0.03679589
vt 0.007975188 0.03677612
vt 0.007815339 0.03691792
vt 0.007820253 0.03683386
vt 0.009663864 0.035876
vt 0.009658976 0.03596006
vt 0.009508655 0.03593437
vt 0.009490559 0.03586341
vt 0.009485981 0.03594689
vt 0.009081585 0.03601731
vt 0.009255976 0.03586345
vt 0.009252611 0.03594516
vt 0.008712758 0.03601492
vt -0.01365146 0.03738357
vt -0.0138064 0.03732583
vt -0.01381131 0.03724177
vt -0.01143983 0.02521873
vt -0.01192629 0.0251543
vt -0.01193111 0.02463545
vt -0.01131016 0.02496625
vt -0.01131281 0.02464297
vt -0.0108271 0.02490287
vt -0.006979073 0.02670594
vt -0.007479193 0.02627441
vt -0.006971694 0.0263617
vt -0.008076542 0.02735977
vt -0.008588556 0.02700943
vt -0.008065625 0.02703843
vt -0.008933693 0.02773229
vt -0.00943686 0.02741749
vt -0.008915061 0.02738842
vt -0.009739774 0.02795434
vt -0.01020928 0.02763004
vt -0.009705678 0.02754227
vt 0.01283854 0.0346691
vt 0.01228302 0.0346176
vt 0.01228358 0.03454971
vt 0.01328452 0.03537437
vt 0.01274469 0.03530449
vt 0.01274332 0.03522454
vt 0.01365235 0.03541739
vt 0.01350066 0.03542614
vt 0.01350045 0.03535697
vt 0.01362729 0.03557122
vt 0.01322291 0.03550068
vt 0.01321975 0.03541896
vt 0.0125018 0.03441807
vt 0.01194765 0.03440127
vt 0.01250126 0.03435018
vt 0.01171042 0.0329142
vt 0.01170319 0.03285885
vt 0.01224826 0.03275313
vt 0.01160564 0.02651601
vt 0.01145806 0.02646295
vt 0.01199427 0.02631232
vt 0.01073552 0.02387453
vt 0.01020649 0.02367136
vt 0.01074377 0.02380026
vt 0.01124522 0.0254293
vt 0.01085658 0.02522562
vt 0.01139265 0.02537624
vt 0.009703021 0.0212957
vt 0.00915688 0.02116328
vt 0.009702856 0.02123012
vt 0.009932039 0.01223839
vt 0.009389814 0.01224166
vt 0.00940332 0.01215546
vt 0.008093755 0.01209894
vt 0.007557903 0.01226667
vt 0.007562572 0.01216524
vt 0.006415036 0.01525996
vt 0.005902629 0.01556947
vt 0.005899451 0.01542395
vt 0.00487331 0.01151425
vt 0.004892594 0.01168284
vt 0.004395201 0.01180862
vt -0.008636054 0.03181503
vt -0.0086355 0.03174713
vt -0.008080541 0.03186652
vt -0.009443933 0.03209015
vt -0.009442564 0.03202197
vt -0.008888411 0.03203876
vt -0.01019395 0.03263721
vt -0.0101937 0.03256819
vt -0.009653732 0.03248384
vt -0.0106686 0.03313971
vt -0.01066853 0.03307055
vt -0.01026215 0.0329846
vt -0.01076537 0.03337996
vt -0.01076234 0.03331257
vt -0.01061034 0.03325242
vt -0.007812098 0.03175053
vt -0.007271907 0.03190355
vt -0.007811794 0.03181872
vt -0.005353278 0.0219596
vt -0.005203604 0.02190688
vt -0.005199879 0.02203844
vt -0.006846876 0.02943193
vt -0.00683885 0.02937667
vt -0.006433238 0.02954402
vt -0.00424901 0.01087076
vt -0.004222479 0.01096798
vt -0.004711037 0.01124731
vt -0.001493837 0.007502265
vt -0.001479158 0.007590787
vt -0.002018845 0.007697319
vt 0.001769854 0.009975221
vt 0.001771006 0.01007684
vt 0.001228528 0.009985037
vt 0.00473218 0.01177312
vt 0.004237795 0.01187192
vt 0.004247634 0.01170347
vt 0.005370646 0.01383397
vt 0.004877328 0.01410207
vt 0.004877117 0.01389778
vt 0.004118803 0.01105717
vt 0.003600993 0.01096093
vt 0.00361996 0.01086109
vt -0.002623006 0.01972437
vt -0.003151997 0.01992762
vt -0.003158403 0.01985325
vt -0.004217713 0.02124663
vt -0.00368356 0.02109603
vt -0.004072195 0.02129972
vt -0.007583041 0.02928531
vt -0.00703797 0.02939102
vt -0.007045196 0.02944638
vt -0.01072578 0.03548355
vt -0.01100504 0.03802142
vt -0.01084953 0.03796324
vt -0.01085282 0.03805787
vt -0.01110757 0.03752577
vt -0.01095236 0.0374674
vt -0.01095725 0.03755146
vt -0.01152122 0.03764812
vt -0.01111224 0.03749421
vt -0.01111682 0.03757769
vt -0.01201896 0.03768686
vt -0.01147574 0.0375354
vt -0.01147911 0.03761711
vt -0.01321983 0.03737825
vt -0.01362737 0.037226
vt -0.01322299 0.03729653
vt -0.01274334 0.0374554
vt -0.01328455 0.03730557
vt -0.01274471 0.03737545
vt -0.01233221 0.03755063
vt -0.01288786 0.03750066
vt -0.01233198 0.03747128
vt -0.01246024 0.03765761
vt -0.01190275 0.03752773
vt -0.01190459 0.03760767
vt 0.002222638 0.02562982
vt 0.002216213 0.02597213
vt 0.001719209 0.02554306
vt 0.004062499 0.0250597
vt 0.004059415 0.02547232
vt 0.003575324 0.02500113
vt 0.005977039 0.02012703
vt 0.005955582 0.02064711
vt 0.005453655 0.02038224
vt 0.0008331111 0.02569187
vt 0.0008178027 0.02601175
vt 0.0003158481 0.025663
vt -0.0004894922 0.02559764
vt -0.0009854749 0.02528277
vt -0.000465406 0.02525369
vt -0.006724121 0.0260536
vt -0.007199662 0.02603162
vt -0.007220036 0.02561725
vt -0.005193275 0.02511171
vt -0.00565874 0.02509691
vt -0.005671861 0.02463438
vt -0.004112006 0.02503577
vt -0.004112533 0.02461991
vt -0.003639797 0.0250211
vt -0.002576381 0.02556482
vt -0.002575776 0.02522003
vt -0.002093301 0.02554302
vt 0.008526899 0.0375067
vt 0.007983241 0.03735681
vt 0.008525845 0.03741465
vt 0.008520025 0.03748375
vt 0.007977418 0.03742593
vt 0.007975079 0.03733276
vt 0.008202513 0.03512219
vt 0.007657399 0.03862675
vt 0.007657397 0.03527258
vt 0.008971583 0.03598804
vt 0.008415697 0.0360174
vt 0.00841387 0.03593746
vt 0.009113348 0.0358218
vt 0.008555873 0.03595175
vt 0.008555635 0.0358724
vt 0.008074314 0.03617123
vt 0.008072037 0.0362644
vt 0.007664803 0.0363237
vt 0.008015951 0.03679589
vt 0.008011373 0.03687937
vt 0.007856178 0.03693777
vt 0.009666959 0.03589417
vt 0.009512037 0.03595195
vt 0.009516641 0.03586847
vt 0.009463576 0.0357583
vt 0.009056041 0.03591055
vt 0.0090592 0.03582883
vt 0.009235926 0.03575283
vt 0.008694721 0.03590266
vt 0.008696089 0.03582271
vt -0.01345817 0.036071
vt -0.01361272 0.03594288
vt -0.01345825 0.03600183
vt -0.0116247 0.0297328
vt -0.01209265 0.02926245
vt -0.01160544 0.02932091
vt -0.0117496 0.02633035
vt -0.01225526 0.0257595
vt -0.01173242 0.02600868
vt -0.01070411 0.02847094
vt -0.01115472 0.02807129
vt -0.01067108 0.02801248
vt -0.008031607 0.02720801
vt -0.00852963 0.02720079
vt -0.008542989 0.02685674
vt -0.009457305 0.0278477
vt -0.009464846 0.02752626
vt -0.008961302 0.02784047
vt -0.01027843 0.02825123
vt -0.01028096 0.02790686
vt -0.009810349 0.02822955
vt -0.01118645 0.02858623
vt -0.01118361 0.02817277
vt -0.01073237 0.0285717
vt 0.01288912 0.03515055
vt 0.01289095 0.03523049
vt 0.01233346 0.03510061
vt 0.01329044 0.03538619
vt 0.01329381 0.03546791
vt 0.01275059 0.03531644
vt 0.01364685 0.03548379
vt 0.01364974 0.03555118
vt 0.01349516 0.0354925
vt 0.01363546 0.03557736
vt 0.01364004 0.03566084
vt 0.01323106 0.03550694
vt 0.01194696 0.03450774
vt 0.01194833 0.03443956
vt 0.01250248 0.03445633
vt 0.01158954 0.03439989
vt 0.01212973 0.03424688
vt 0.01212942 0.03431507
vt 0.01138203 0.03290993
vt 0.01178764 0.03274258
vt 0.01179566 0.03279783
vt 0.01147393 0.02705689
vt 0.0114614 0.02692079
vt 0.01160937 0.02697276
vt 0.01038951 0.02976981
vt 0.009844732 0.02966258
vt 0.009847193 0.02960536
vt 0.01140429 0.02577631
vt 0.01125083 0.02569758
vt 0.01139843 0.02564498
vt 0.0108881 0.03067517
vt 0.01047446 0.03056307
vt 0.01048249 0.03050783
vt 0.009717176 0.02103334
vt 0.009166634 0.02096168
vt 0.009171388 0.02089947
vt 0.007808177 0.00958447
vt 0.007819988 0.009670912
vt 0.007279719 0.009774209
vt 0.00537742 0.01087459
vt 0.005400227 0.01097353
vt 0.004903877 0.01124081
vt 0.004796128 0.01502444
vt 0.004816567 0.01516856
vt 0.00431634 0.01544397
vt 0.005352757 0.0170979
vt 0.004849847 0.01748941
vt 0.004849764 0.01719898
vt -0.008692678 0.03346079
vt -0.008137023 0.03351072
vt -0.008135186 0.03359066
vt -0.009395565 0.03352526
vt -0.008839913 0.0334753
vt -0.008839682 0.03355465
vt -0.01007814 0.03375842
vt -0.009536927 0.03360859
vt -0.009538295 0.03368854
vt -0.01054142 0.03402684
vt -0.01013388 0.03387459
vt -0.01013704 0.03395631
vt -0.01082308 0.03319867
vt -0.01066861 0.03313971
vt -0.007828294 0.03211227
vt -0.007288332 0.03219662
vt -0.007288079 0.03226564
vt -0.006914047 0.0302253
vt -0.006499896 0.03033549
vt -0.006510309 0.0303868
vt -0.002757407 0.01831012
vt -0.002749214 0.01837605
vt -0.003283131 0.01851093
vt -0.0007724954 0.01742186
vt -0.000768088 0.01748482
vt -0.001318373 0.0174899
vt 0.001278813 0.01806746
vt 0.001279466 0.01813432
vt 0.0007325606 0.01800174
vt 0.004892757 0.01390615
vt 0.004892617 0.01411043
vt 0.004396685 0.01399609
vt 0.003836712 0.01495563
vt 0.003831768 0.01510037
vt 0.003316181 0.01487542
vt -0.002155357 0.02766353
vt -0.001613043 0.02749909
vt -0.001610582 0.0275563
vt -0.002790441 0.02861827
vt -0.00238483 0.02845092
vt -0.002376805 0.02850617
vt -0.004302003 0.02195535
vt -0.004156095 0.02200737
vt -0.004291522 0.0220915
vt -0.01130554 0.03548355
vt -0.01127906 0.03841055
vt -0.01130554 0.03841577
vt -0.01110552 0.03749171
vt -0.0109552 0.03751742
vt -0.01111012 0.03757519
vt -0.01152688 0.03755866
vt -0.0111225 0.03748811
vt -0.01153004 0.03764037
vt -0.01202338 0.0375911
vt -0.01148354 0.03752123
vt -0.01202474 0.03767105
vt -0.01305186 0.03615699
vt -0.01345824 0.03607104
vt -0.01345832 0.03600188
vt -0.01260454 0.0360207
vt -0.0131445 0.03593637
vt -0.01314475 0.03586735
vt -0.01283963 0.03598219
vt -0.012841 0.03591401
vt -0.01228547 0.03596541
vt -0.0125045 0.03607651
vt -0.01194899 0.03602501
vt -0.01250395 0.0361444
vt 0.0008454379 0.02593996
vt 0.0003577055 0.02593286
vt 0.0003437896 0.02559077
vt 0.002504303 0.02538633
vt 0.002036372 0.02536448
vt 0.002011362 0.0249526
vt 0.004299012 0.02504931
vt 0.003838041 0.02503452
vt 0.003818847 0.02457411
vt 0.006476901 0.02221024
vt 0.005948444 0.02245477
vt 0.005938319 0.02231452
vt 0.005796317 0.02118017
vt 0.00530304 0.02124394
vt 0.005292623 0.02091868
vt -0.001104488 0.02595977
vt -0.001108718 0.02563956
vt -0.0006115063 0.02595249
vt -0.006894862 0.03370106
vt -0.007363745 0.03327769
vt -0.006888098 0.03329725
vt -0.005319557 0.03294353
vt -0.005777539 0.03250415
vt -0.005312023 0.03251729
vt -0.00354077 0.03239767
vt -0.003999804 0.03196952
vt -0.003527551 0.03195638
vt -0.001950715 0.03257738
vt -0.00241725 0.03217093
vt -0.001934081 0.03215122
vt 0.008801401 0.03615566
vt 0.008261546 0.03608589
vt 0.008258181 0.03600419
vt 0.0080743 0.03742842
vt 0.007664789 0.03727595
vt 0.008072025 0.03733525
vt 0.007655604 0.03862675
vt 0.007244978 0.03847375
vt 0.007655602 0.03527258
vt 0.008818396 0.03605505
vt 0.008277191 0.03590522
vt 0.00881703 0.0359751
vt 0.008969131 0.03600345
vt 0.008413477 0.03595349
vt 0.008969362 0.0359241
vt 0.009123392 0.03588779
vt 0.009121556 0.03596773
vt 0.008565899 0.03601767
vt 0.00806411 0.03622413
vt 0.007653694 0.0363777
vt 0.007656873 0.0362834
vt 0.007636666 0.03626856
vt 0.007477959 0.03642101
vt 0.007481255 0.03632639
vt 0.0092666 0.03422273
vt 0.009263709 0.03429013
vt 0.009112022 0.03428142
vt 0.009016893 0.03386284
vt 0.00901682 0.033932
vt 0.008610437 0.03401795
vt 0.008853413 0.03352171
vt 0.008853162 0.03359074
vt 0.0083132 0.03367508
vt -0.01353879 0.03638569
vt -0.0136908 0.03632555
vt -0.01369383 0.03625815
vt -0.01197625 0.03048602
vt -0.01245406 0.03046415
vt -0.01246122 0.03005187
vt -0.01150122 0.02926154
vt -0.01196206 0.02924683
vt -0.01196512 0.02878719
vt -0.01189156 0.02720887
vt -0.01241748 0.02696628
vt -0.01187765 0.02706973
vt -0.01191462 0.02709086
vt -0.01242209 0.02699613
vt -0.01242407 0.026674
vt -0.008084312 0.03413251
vt -0.008574636 0.03372958
vt -0.008076603 0.03373607
vt -0.008932621 0.03431477
vt -0.00941688 0.03391766
vt -0.008920868 0.03391113
vt -0.009716027 0.03433214
vt -0.0101653 0.03392608
vt -0.009697125 0.0339065
vt -0.01068172 0.03459837
vt -0.01111711 0.0341708
vt -0.01066298 0.03415773
vt 0.01288766 0.03522534
vt 0.01232994 0.03517474
vt 0.01233018 0.03509538
vt 0.01339377 0.03544028
vt 0.01285117 0.03538243
vt 0.01285012 0.03529039
vt 0.01379996 0.03563087
vt 0.01364964 0.03565658
vt 0.01364504 0.03557311
vt 0.01377101 0.0355966
vt 0.01336378 0.03553731
vt 0.0133615 0.03544413
vt 0.01246165 0.03510157
vt 0.01190577 0.03507218
vt 0.01246142 0.03502221
vt 0.01157947 0.03461181
vt 0.01157972 0.0345428
vt 0.01211969 0.03445846
vt 0.01136497 0.03348139
vt 0.01135456 0.03343008
vt 0.01176871 0.03331989
vt 0.0111385 0.03398799
vt 0.01113607 0.03394344
vt 0.01128003 0.03387494
vt 0.0095114 0.0292577
vt 0.008959205 0.02914557
vt 0.009511673 0.02920044
vt 0.01036009 0.03033565
vt 0.009822244 0.03017457
vt 0.01036731 0.03028029
vt 0.01084136 0.03134335
vt 0.01043763 0.03118185
vt 0.01085178 0.03129204
vt 0.008300844 0.01969816
vt 0.008304406 0.01976045
vt 0.007754802 0.0197645
vt 0.006682257 0.01939533
vt 0.006689585 0.01946174
vt 0.006153402 0.01959056
vt 0.00517944 0.02092792
vt 0.005702333 0.02069844
vt 0.005714887 0.02077702
vt 0.004830026 0.01718917
vt 0.004830702 0.01747959
vt 0.004320811 0.01722262
vt -0.007976192 0.03345627
vt -0.007434985 0.0336061
vt -0.007974824 0.03353622
vt -0.008689203 0.03350294
vt -0.008688965 0.03342358
vt -0.008131492 0.03355353
vt -0.009398184 0.03364047
vt -0.009396354 0.03356052
vt -0.00884047 0.0335899
vt -0.01007621 0.03393661
vt -0.01007285 0.0338549
vt -0.009532988 0.03378514
vt -0.01053922 0.03420084
vt -0.01053465 0.03411735
vt -0.01013025 0.03404693
vt -0.01068108 0.03428901
vt -0.01067617 0.03420494
vt -0.01052123 0.0341472
vt -0.007165737 0.03215067
vt -0.006759654 0.03230618
vt -0.007165921 0.03221969
vt -0.006575113 0.03037574
vt -0.006564924 0.03032438
vt -0.006421398 0.0303938
vt -0.0007668828 0.01781991
vt -0.001317452 0.01789137
vt -0.001317168 0.01782492
vt 0.001335601 0.01755226
vt 0.000785142 0.01747996
vt 0.000789357 0.01741699
vt 0.003254005 0.01872279
vt 0.002718603 0.01859393
vt 0.002726457 0.01852753
vt 0.004783861 0.01532338
vt 0.004274815 0.01535933
vt 0.004286594 0.01521499
vt -0.0009105813 0.02740931
vt -0.0003570067 0.02741206
vt -0.0009102907 0.02746657
vt -0.002103061 0.02832292
vt -0.00155799 0.02821721
vt -0.002095837 0.02837829
vt -0.002697328 0.02945064
vt -0.002283179 0.02934045
vt -0.002686918 0.02950195
vt -0.002609101 0.0301301
vt -0.002465139 0.0300616
vt -0.002606673 0.03017465
vt -0.01127906 0.03548878
vt -0.0112068 0.0367993
vt -0.01105222 0.03674062
vt -0.01105511 0.03680802
vt -0.01163457 0.03675328
vt -0.01122811 0.03659816
vt -0.01122818 0.03666733
vt -0.01211963 0.03654585
vt -0.01157942 0.03639249
vt -0.01157967 0.0364615
vt -0.01302498 0.03585328
vt -0.01343106 0.03569777
vt -0.01302479 0.03578426
vt -0.01258846 0.03577327
vt -0.01312865 0.03562026
vt -0.01258877 0.03570507
vt -0.0122868 0.03594483
vt -0.01284041 0.03589374
vt -0.01228626 0.03587693
vt -0.01249921 0.03622547
vt -0.0119442 0.03610629
vt -0.01194559 0.03617448
vt 0.0007908434 0.03285942
vt 0.0007811378 0.03325565
vt 0.0003031015 0.03285301
vt 0.002319898 0.03278759
vt 0.002313696 0.03319123
vt 0.001851864 0.03276805
vt 0.00417598 0.0324176
vt 0.00417019 0.03284362
vt 0.00371496 0.03240444
vt 0.006039536 0.02495037
vt 0.00602262 0.02541087
vt 0.005545676 0.02500945
vt 0.007198129 0.0225372
vt 0.007201099 0.02267778
vt 0.006661998 0.02272079
vt 0.006304994 0.02053855
vt 0.005767152 0.02064659
vt 0.006159596 0.02045034
vt 0.007060438 0.02139736
vt 0.007046583 0.02172249
vt 0.006527023 0.02156404
vt -0.0005719263 0.03303366
vt -0.00105108 0.03263661
vt -0.0005580894 0.03263001
vt -0.008511772 0.03400283
vt -0.008520463 0.03359906
vt -0.008030667 0.03400262
vt -0.007121535 0.0332142
vt -0.007131838 0.03278803
vt -0.006665234 0.03321391
vt -0.005584064 0.0325864
vt -0.005591397 0.03214497
vt -0.005135277 0.03258627
vt -0.003678055 0.0326621
vt -0.004135068 0.0326618
vt -0.004138383 0.03223533
vt -0.002192118 0.03305427
vt -0.002657736 0.03305402
vt -0.002660667 0.03265015
vt 0.008444139 0.03609608
vt 0.008036603 0.03594382
vt 0.00844098 0.03601436
vt 0.008420373 0.03618802
vt 0.008015977 0.0361176
vt 0.008011399 0.03603412
vt 0.008064084 0.03740354
vt 0.007656844 0.03734427
vt 0.007653668 0.03724998
vt 0.007655599 0.03527258
vt 0.007244975 0.03847375
vt 0.007244973 0.03542558
vt 0.009168841 0.03404659
vt 0.008628881 0.03396225
vt 0.008628628 0.03389322
vt 0.009105386 0.03354828
vt 0.008551236 0.03356506
vt 0.008549863 0.03349688
vt 0.008970107 0.03322162
vt 0.008415146 0.033341
vt 0.008414592 0.03327311
vt 0.007656837 0.03628341
vt 0.007653659 0.0363777
vt 0.007498151 0.03643588
vt 0.009278054 0.03389042
vt 0.009126155 0.03395083
vt 0.009126369 0.03388167
vt 0.008947402 0.03337987
vt 0.008541321 0.03353539
vt 0.008541135 0.03346637
vt 0.008811022 0.03312439
vt 0.008270829 0.0332774
vt 0.008271135 0.03320921
vt -0.01326718 0.03424085
vt -0.01342092 0.03422303
vt -0.01341829 0.0341785
vt -0.01205852 0.03628717
vt -0.01252329 0.03586413
vt -0.01204538 0.03588367
vt -0.01210628 0.03116501
vt -0.01259615 0.0307364
vt -0.01208725 0.03082307
vt -0.01157533 0.035418
vt -0.01202287 0.03497909
vt -0.01156198 0.03499221
vt -0.01194859 0.02772168
vt -0.01249197 0.02767895
vt -0.01248513 0.02753928
vt -0.01177337 0.02533051
vt -0.01231233 0.02522258
vt -0.01216591 0.02513445
vt -0.0119066 0.02704588
vt -0.01241572 0.02662862
vt -0.01188389 0.02679392
vt -0.00897771 0.03443046
vt -0.009456437 0.0344304
vt -0.009462442 0.03403393
vt -0.009841832 0.034653
vt -0.01028907 0.03465243
vt -0.01029264 0.03424864
vt -0.01074621 0.0347708
vt -0.01118104 0.03477028
vt -0.01118259 0.03434423
vt -0.0119141 0.03509762
vt -0.01191692 0.03465659
vt -0.01147138 0.03509753
vt 0.01292266 0.03526978
vt 0.01292386 0.03536182
vt 0.01236489 0.03521982
vt 0.01339581 0.03543467
vt 0.01339815 0.03552784
vt 0.01285321 0.03537684
vt 0.01379703 0.03563517
vt 0.01380192 0.03571924
vt 0.01364671 0.03566087
vt 0.01377386 0.03558976
vt 0.01377704 0.03568405
vt 0.01336663 0.03553048
vt 0.01190461 0.03515989
vt 0.01190644 0.03507995
vt 0.01246232 0.03510932
vt 0.01148359 0.03515886
vt 0.0120248 0.03500904
vt 0.01202343 0.03508899
vt 0.01124339 0.03462464
vt 0.01164947 0.03446913
vt 0.01164965 0.03453814
vt 0.01121096 0.03354748
vt 0.01135136 0.03343301
vt 0.01136174 0.03348433
vt 0.009516968 0.02915222
vt 0.008963698 0.02909757
vt 0.008964837 0.02903977
vt 0.01020637 0.0323163
vt 0.00966648 0.03223148
vt 0.009666174 0.03216328
vt 0.01095799 0.03127948
vt 0.01080427 0.03126142
vt 0.01081446 0.03121006
vt 0.01068767 0.03278867
vt 0.0102814 0.03270218
vt 0.01028159 0.03263316
vt 0.008305152 0.02013165
vt 0.007754498 0.02020244
vt 0.007755548 0.02013564
vt 0.006247844 0.02088233
vt 0.006239577 0.02080318
vt 0.006776923 0.0206793
vt 0.005393084 0.02175203
vt 0.00524531 0.02169578
vt 0.005781726 0.02154836
vt 0.004285369 0.02058007
vt 0.003750671 0.02042944
vt 0.003762332 0.02035104
vt -0.007981171 0.03364447
vt -0.007441317 0.03371423
vt -0.007437953 0.03379594
vt -0.008728595 0.03438086
vt -0.008170826 0.03443081
vt -0.008169626 0.03452285
vt -0.009362565 0.03443268
vt -0.008804797 0.03438272
vt -0.008804725 0.03447438
vt -0.009981805 0.03460729
vt -0.009438147 0.0344574
vt -0.009439201 0.03454944
vt -0.01042295 0.03479779
vt -0.01001344 0.03464532
vt -0.01001572 0.03473849
vt -0.01069441 0.03425924
vt -0.01053463 0.03411735
vt -0.01053921 0.03420083
vt -0.007193248 0.03256338
vt -0.006786865 0.03264933
vt -0.00678679 0.03271849
vt -0.006599181 0.03100463
vt -0.006445438 0.03102245
vt -0.006448068 0.03106698
vt -0.0009103138 0.02727634
vt -0.0003578607 0.02722132
vt -0.0003567393 0.02727911
vt 0.0009054851 0.02746636
vt 0.000353288 0.02735423
vt 0.0009057573 0.02740909
vt 0.003144926 0.01995488
vt 0.003137556 0.0200338
vt 0.002608294 0.01983125
vt -0.0007737264 0.03077996
vt -0.000220116 0.03072888
vt -0.0002195762 0.03079678
vt -0.001755374 0.03104113
vt -0.001215182 0.03088811
vt -0.001215489 0.0309563
vt -0.002323648 0.03154587
vt -0.001917566 0.03139036
vt -0.001917381 0.03145938
vt -0.002827125 0.02955863
vt -0.002686728 0.02944417
vt -0.002676344 0.02949548
vt -0.01115233 0.03548878
vt -0.01112585 0.03841577
vt -0.01115233 0.03841054
vt -0.01120354 0.03657554
vt -0.01105185 0.0365843
vt -0.01120375 0.03664471
vt -0.01164957 0.03646593
vt -0.0112433 0.03637943
vt -0.01164939 0.03653494
vt -0.01212938 0.03628779
vt -0.0115895 0.03620297
vt -0.01212969 0.03635599
vt -0.01277054 0.03369933
vt -0.01318469 0.03358914
vt -0.01317428 0.03353783
vt -0.01236666 0.03306098
vt -0.01291173 0.03295528
vt -0.01290451 0.03289992
vt -0.01276685 0.03287435
vt -0.01276656 0.03281707
vt -0.01221328 0.03287158
vt -0.01256295 0.03323029
vt -0.01200968 0.03317563
vt -0.01256181 0.03328809
vt -0.001151673 0.03324386
vt -0.001156706 0.03284754
vt -0.0006767416 0.03324361
vt 0.0008350373 0.03315155
vt 0.0003665871 0.03315199
vt 0.0003574207 0.03274841
vt 0.002572859 0.03273524
vt 0.002125795 0.03273552
vt 0.00211325 0.03230965
vt 0.004372873 0.03250428
vt 0.003929454 0.03250421
vt 0.003919588 0.03206309
vt 0.005978636 0.02550241
vt 0.005506164 0.02551697
vt 0.005501045 0.02510175
vt 0.008157545 0.02859768
vt 0.007615231 0.02876212
vt 0.00761277 0.0287049
vt 0.007181063 0.02218697
vt 0.006646794 0.0223509
vt 0.006641999 0.02223044
vt 0.008165242 0.02932819
vt 0.00775963 0.02949553
vt 0.007751607 0.02944029
vt 0.006107933 0.0209014
vt 0.006117097 0.02107019
vt 0.005971023 0.0209831
vt 0.00713576 0.02118365
vt 0.006620969 0.02128051
vt 0.006616832 0.02102314
vt -0.008032802 0.03874154
vt -0.008510638 0.03830188
vt -0.008029533 0.03830168
vt -0.006667033 0.03862857
vt -0.007119553 0.0381889
vt -0.006663252 0.03818862
vt -0.005138383 0.03854214
vt -0.005583089 0.0381022
vt -0.005134302 0.03810208
vt -0.003684137 0.03847624
vt -0.004137287 0.03803583
vt -0.003680274 0.03803611
vt -0.002197914 0.03842116
vt -0.002659478 0.03798092
vt -0.00219386 0.03798116
vt 0.008844906 0.03443941
vt 0.008438521 0.03435346
vt 0.00843845 0.0342843
vt 0.00801602 0.0361176
vt 0.007856246 0.03597571
vt 0.008011442 0.03603412
vt 0.007656783 0.03734427
vt 0.007498097 0.03719179
vt 0.007653607 0.03724998
vt 0.007244977 0.03847375
vt 0.007089387 0.03548355
vt 0.007244975 0.03542558
vt 0.008905494 0.03401754
vt 0.008499409 0.03386202
vt 0.008905678 0.03394852
vt 0.009206957 0.03368943
vt 0.008666766 0.03353641
vt 0.009206651 0.03362124
vt 0.00910258 0.03348182
vt 0.00854897 0.03343074
vt 0.009103119 0.03341393
vt 0.008986806 0.03336152
vt 0.008985419 0.0334297
vt 0.0084318 0.03348069
vt 0.008695037 0.03134478
vt 0.008541296 0.03136261
vt 0.008692409 0.03130026
vt 0.008330151 0.03049497
vt 0.007916002 0.03060516
vt 0.008319739 0.03044366
vt 0.008246359 0.02948548
vt 0.00770129 0.0295912
vt 0.008239137 0.02943013
vt -0.01325241 0.03360373
vt -0.01339594 0.03353431
vt -0.01324222 0.03355237
vt -0.01263765 0.03669255
vt -0.01263868 0.03628884
vt -0.012155 0.03669249
vt -0.01240993 0.03587467
vt -0.01241371 0.03544868
vt -0.01195137 0.03587438
vt -0.01215433 0.03177991
vt -0.01265375 0.0317727
vt -0.01265329 0.03143022
vt -0.01233326 0.03243876
vt -0.01287558 0.03227433
vt -0.0123308 0.03238153
vt -0.01195638 0.02771878
vt -0.01248933 0.02755712
vt -0.01194596 0.02759999
vt -0.01221593 0.02561572
vt -0.0122058 0.02544708
vt -0.01206884 0.02552871
vt -0.01270858 0.03286346
vt -0.01311419 0.03269611
vt -0.01270056 0.03280821
vt -0.01264648 0.02792101
vt -0.01264478 0.02766803
vt -0.01212295 0.02795274
vt -0.008981954 0.038863
vt -0.009456765 0.03842305
vt -0.008978038 0.03842311
vt -0.009849465 0.03900825
vt -0.01029186 0.03856761
vt -0.009844626 0.03856815
vt -0.01075379 0.03917996
vt -0.01118346 0.03873916
vt -0.01074863 0.03873965
vt -0.01147644 0.03935616
vt -0.01191373 0.03891598
vt -0.01147101 0.0389159
vt 0.0129223 0.03536353
vt 0.01236326 0.03531317
vt 0.01236334 0.0352215
vt 0.01350417 0.03862675
vt 0.01295905 0.0351222
vt 0.01350417 0.03527258
vt 0.01393376 0.03564638
vt 0.01378154 0.03568283
vt 0.01377835 0.03558854
vt 0.01350472 0.03862675
vt 0.01350472 0.03527258
vt 0.01391534 0.03542558
vt 0.01243162 0.03529348
vt 0.01187378 0.03525178
vt 0.01243155 0.03520181
vt 0.01147578 0.03526903
vt 0.01147914 0.03518731
vt 0.01201899 0.03511756
vt 0.01122822 0.03485754
vt 0.0112283 0.03478837
vt 0.01163468 0.03470242
vt 0.01102568 0.03506008
vt 0.01102871 0.03499269
vt 0.01118071 0.03493254
vt 0.009441234 0.03208909
vt 0.008886228 0.03196991
vt 0.009439847 0.0320209
vt 0.008557582 0.0287546
vt 0.008004007 0.02875183
vt 0.00855646 0.0286968
vt 0.01019447 0.03263746
vt 0.009654251 0.0324841
vt 0.01019421 0.03256845
vt 0.01094111 0.03185316
vt 0.01078999 0.03179081
vt 0.01094374 0.03180863
vt 0.01066911 0.03313991
vt 0.01026265 0.0329848
vt 0.01066903 0.03307075
vt 0.007002399 0.0287736
vt 0.007544713 0.02860915
vt 0.007547174 0.02866637
vt 0.006433801 0.02954309
vt 0.006839413 0.02937574
vt 0.006847438 0.02943099
vt 0.005178737 0.02245115
vt 0.005165953 0.02231187
vt 0.005314149 0.022367
vt 0.00407095 0.02130964
vt 0.003682278 0.02110603
vt 0.004217882 0.0212534
vt -0.007366315 0.03368912
vt -0.006958778 0.03384137
vt -0.007363158 0.03377084
vt -0.008089756 0.03441628
vt -0.0075461 0.03456617
vt -0.008088702 0.03450832
vt -0.008726822 0.03436879
vt -0.008167858 0.0345108
vt -0.008726896 0.03446045
vt -0.009364267 0.03453634
vt -0.009363069 0.0344443
vt -0.008805229 0.03448599
vt -0.0099821 0.03473303
vt -0.009979758 0.03463986
vt -0.009437152 0.03458203
vt -0.01042341 0.03492336
vt -0.01042023 0.03482907
vt -0.01001299 0.0347698
vt -0.01057197 0.0349923
vt -0.01056867 0.03489768
vt -0.01041326 0.03483985
vt -0.006829397 0.03266338
vt -0.006677498 0.0327238
vt -0.006829181 0.03273255
vt 0.0009163425 0.02733419
vt 0.0003630713 0.02727952
vt 0.0003642115 0.02722173
vt 0.002156203 0.02766367
vt 0.001611429 0.02755644
vt 0.00161389 0.02749922
vt 0.0007819199 0.03084841
vt 0.0002264047 0.03079692
vt 0.0002269575 0.03072902
vt -0.0007752251 0.03088392
vt -0.000221074 0.0309007
vt -0.0007765988 0.0309521
vt -0.00172988 0.031379
vt -0.001189919 0.03129465
vt -0.001730133 0.03144801
vt -0.002282522 0.03193745
vt -0.001876139 0.0318515
vt -0.002282593 0.03200661
vt -0.002309125 0.03228803
vt -0.00215712 0.03222789
vt -0.002312152 0.03235542
vt -0.01112585 0.03548355
vt -0.01132491 0.03535226
vt -0.0111738 0.03528991
vt -0.01117117 0.03533444
vt -0.01176855 0.03505182
vt -0.01136481 0.03489032
vt -0.0113544 0.03494164
vt -0.0122481 0.03432037
vt -0.01171025 0.03415931
vt -0.01170303 0.03421467
vt -0.01221455 0.03280319
vt -0.012767 0.03274818
vt -0.01221343 0.0327454
vt -0.01255718 0.03340118
vt -0.01200498 0.03328905
vt -0.01200471 0.03334633
vt -0.000679315 0.03839383
vt -0.001150025 0.03795418
vt -0.0006750937 0.03795394
vt 0.0008379908 0.03795951
vt 0.0008342909 0.0383995
vt 0.0003695405 0.03795993
vt 0.00257498 0.03799295
vt 0.002571389 0.03843312
vt 0.002127916 0.03799321
vt 0.004372335 0.03805495
vt 0.004368514 0.03849524
vt 0.003928916 0.03805489
vt 0.006084587 0.032315
vt 0.006072914 0.03275608
vt 0.005612072 0.03232805
vt 0.007533959 0.02569331
vt 0.0075078 0.02610773
vt 0.007017629 0.0257816
vt 0.008771526 0.02896401
vt 0.008771799 0.02902129
vt 0.00821933 0.02907615
vt 0.008476807 0.02284109
vt 0.008471899 0.02296155
vt 0.007925682 0.02301619
vt 0.008634948 0.03040317
vt 0.008491423 0.0304726
vt 0.008481235 0.03042124
vt 0.008412212 0.02173491
vt 0.00839508 0.02199174
vt 0.00786615 0.02179108
vt -0.00897781 0.03885647
vt -0.00945002 0.03885636
vt -0.009452604 0.03841649
vt -0.008511284 0.03874777
vt -0.008514504 0.03830782
vt -0.008036653 0.03874747
vt -0.007121719 0.03863614
vt -0.007124633 0.03819607
vt -0.006672095 0.03863572
vt -0.00557836 0.03853932
vt -0.005580854 0.03809918
vt -0.005136155 0.03853912
vt -0.00367332 0.0384616
vt -0.004124205 0.03846117
vt -0.004126434 0.03802116
vt -0.00219116 0.03841198
vt -0.002650609 0.03841162
vt -0.002652702 0.03797172
vt 0.008438583 0.03435347
vt 0.008284035 0.03422535
vt 0.008438512 0.03428431
vt 0.007636719 0.03736936
vt 0.007481308 0.03731153
vt 0.007478012 0.03721691
vt 0.00797533 0.03618073
vt 0.007820396 0.03612299
vt 0.007815482 0.03603893
vt 0.007244959 0.03847375
vt 0.007089369 0.03841578
vt 0.007089369 0.03548355
vt 0.009435185 0.03156158
vt 0.009021034 0.0314514
vt 0.009031444 0.03140008
vt 0.009703368 0.0304815
vt 0.009158299 0.03037579
vt 0.009165523 0.03032043
vt 0.00930785 0.02935232
vt 0.008754277 0.02935509
vt 0.008754566 0.02929782
vt 0.008754387 0.02879164
vt 0.008202257 0.0289041
vt 0.008201118 0.02884629
vt -0.0121604 0.03971698
vt -0.01263753 0.0392769
vt -0.01215488 0.03927684
vt -0.01218464 0.03684524
vt -0.01266915 0.03644261
vt -0.01216972 0.03644911
vt -0.0119561 0.0395358
vt -0.01240911 0.03909593
vt -0.01195055 0.03909565
vt -0.01219257 0.03208809
vt -0.01269306 0.03174059
vt -0.01216936 0.03176934
vt -0.01266844 0.0285166
vt -0.01266709 0.02839736
vt -0.01211529 0.02845856
vt -0.01264894 0.0277096
vt -0.01210448 0.02776486
vt -0.01212697 0.02799403
vt -0.009836072 0.03898774
vt -0.01027647 0.03898694
vt -0.01027841 0.03854703
vt -0.01074248 0.03916211
vt -0.01117024 0.03916138
vt -0.01117209 0.03872125
vt -0.01190786 0.03934903
vt -0.01190953 0.03890868
vt -0.01147227 0.03934888
vt -0.0124066 0.03953392
vt -0.01240798 0.03909363
vt -0.01195498 0.03953352
vt 0.0123989 0.03882726
vt 0.0123989 0.03507207
vt 0.01295796 0.0351222
vt 0.01295904 0.03877713
vt 0.01295904 0.0351222
vt 0.01350416 0.03862675
vt 0.01393205 0.03564446
vt 0.01393534 0.03573908
vt 0.01377983 0.0356809
vt 0.01391535 0.03542558
vt 0.01391535 0.03847375
vt 0.01187302 0.03534274
vt 0.01187421 0.0352507
vt 0.01243205 0.03529239
vt 0.01139525 0.03538212
vt 0.01193891 0.03523223
vt 0.01193785 0.03532427
vt 0.0111225 0.03530899
vt 0.01153004 0.03515673
vt 0.01152688 0.03523846
vt 0.01107375 0.03491649
vt 0.0112283 0.03478836
vt 0.01122823 0.03485753
vt 0.009446949 0.03200903
vt 0.008891435 0.03195753
vt 0.008891989 0.03188964
vt 0.008004135 0.02892409
vt 0.008003845 0.02886683
vt 0.00855742 0.02886959
vt 0.01007866 0.03375869
vt 0.009538825 0.03368882
vt 0.009537459 0.03360887
vt 0.01063935 0.0331185
vt 0.01063914 0.03304934
vt 0.01079103 0.03310976
vt 0.01054193 0.03402704
vt 0.01013755 0.03395651
vt 0.01013439 0.03387479
vt 0.007045732 0.02944547
vt 0.007038507 0.02939011
vt 0.007583577 0.02928439
vt 0.006510961 0.03038699
vt 0.006500549 0.03033568
vt 0.006914698 0.03022549
vt 0.006520596 0.03108451
vt 0.006518169 0.03103997
vt 0.006662131 0.03097146
vt 0.004260172 0.02167399
vt 0.004106711 0.02159527
vt 0.00425382 0.0215395
vt 0.002791337 0.02861745
vt 0.0023777 0.02850535
vt 0.002385726 0.0284501
vt -0.007371709 0.0338761
vt -0.006967309 0.03394653
vt -0.006962733 0.03403001
vt -0.008090951 0.03454351
vt -0.007548347 0.03460134
vt -0.007546004 0.03469452
vt -0.008767278 0.03507207
vt -0.00820822 0.03512219
vt -0.008767278 0.03882726
vt -0.009325138 0.03512219
vt -0.00876608 0.03507206
vt -0.009325138 0.03877713
vt -0.009868999 0.03527258
vt -0.009323882 0.03512219
vt -0.009323882 0.03877713
vt -0.01027897 0.03542558
vt -0.009868341 0.03527258
vt -0.009868341 0.03862675
vt -0.01057893 0.03498155
vt -0.01042024 0.03482908
vt -0.01042342 0.03492336
vt -0.006823643 0.03297416
vt -0.006671958 0.03296545
vt -0.006669066 0.03303285
vt 0.0007713509 0.03095172
vt 0.0002163434 0.03083254
vt 0.0007699649 0.03088354
vt 0.002096756 0.02837743
vt 0.001558912 0.02821635
vt 0.002103981 0.02832207
vt 0.0006872832 0.0329608
vt 0.0001297909 0.03283092
vt 0.000685448 0.03288086
vt -0.0006871513 0.03283382
vt -0.0001314957 0.03278386
vt -0.0001312654 0.03286322
vt -0.001495584 0.03302595
vt -0.0009543788 0.03287612
vt -0.0009557445 0.03295607
vt -0.002014087 0.03331038
vt -0.001606553 0.03315813
vt -0.001609711 0.03323985
vt -0.002437132 0.03206558
vt -0.002282583 0.03193745
vt -0.002282655 0.03200662
vt -0.01043456 0.03548355
vt -0.01027896 0.03847375
vt -0.01043456 0.03841577
vt -0.01133605 0.03480484
vt -0.01118234 0.03478677
vt -0.01132586 0.0348562
vt -0.01179547 0.03440968
vt -0.01138183 0.03429759
vt -0.01178744 0.03446494
vt -0.01226439 0.03378949
vt -0.01171961 0.03368229
vt -0.01226193 0.03384672
vt -0.01263152 0.02935969
vt -0.01207973 0.02929839
vt -0.01263145 0.02947197
vt -0.001150633 0.03839856
vt -0.001153223 0.03795856
vt -0.0006825026 0.0383982
vt 0.0008275449 0.03840856
vt 0.0003661805 0.03840918
vt 0.0003627733 0.03796901
vt 0.002565901 0.03844009
vt 0.002125839 0.03844049
vt 0.00212241 0.0380002
vt 0.004373258 0.0384893
vt 0.003936592 0.0384892
vt 0.003933676 0.03804893
vt 0.005972124 0.03293329
vt 0.005515092 0.03293265
vt 0.005510288 0.03250633
vt 0.007412312 0.02636991
vt 0.006921153 0.02639167
vt 0.006920946 0.02604558
vt 0.008446212 0.02263343
vt 0.007895333 0.0228093
vt 0.007894511 0.02269554
vt 0.008462064 0.02165689
vt 0.007931932 0.0216894
vt 0.007933791 0.02145451
vt -0.009453188 0.04197649
vt -0.009450601 0.04151846
vt -0.008978392 0.04151856
vt -0.008512666 0.04208549
vt -0.008509453 0.04162758
vt -0.008034822 0.04162727
vt -0.00712177 0.04219807
vt -0.007118866 0.04174031
vt -0.006669242 0.04173989
vt -0.005579427 0.04229195
vt -0.005576938 0.04183426
vt -0.005134734 0.04183407
vt -0.004129722 0.04236087
vt -0.004127482 0.04190301
vt -0.003676597 0.04190344
vt -0.002655465 0.04240563
vt -0.002653363 0.04194764
vt -0.002193914 0.041948
vt 0.008252154 0.03470571
vt 0.008100148 0.03464558
vt 0.008097122 0.03457818
vt 0.009377954 0.03841578
vt 0.009351471 0.03548878
vt 0.009377954 0.03548355
vt 0.008897666 0.03130691
vt 0.00888748 0.03135827
vt 0.008743953 0.03128884
vt 0.00956909 0.03057254
vt 0.009561064 0.03062779
vt 0.009155452 0.03046044
vt 0.009775584 0.02975785
vt 0.009233269 0.02959341
vt 0.009778043 0.02970063
vt 0.00930633 0.02924617
vt 0.008753878 0.02919115
vt 0.009307451 0.02918837
vt -0.01260749 0.0394466
vt -0.01212064 0.03988702
vt -0.01260678 0.03988677
vt -0.0126347 0.03971251
vt -0.01263571 0.03927233
vt -0.0121586 0.03971243
vt -0.01260822 0.03685913
vt -0.01211672 0.03725571
vt -0.01260892 0.03725554
vt -0.0126034 0.03237478
vt -0.01210119 0.03268717
vt -0.01260843 0.03269433
vt -0.0121226 0.02862301
vt -0.01266719 0.02856901
vt -0.01211404 0.02851106
vt -0.01262856 0.02883811
vt -0.01262472 0.02860787
vt -0.01210061 0.02880626
vt -0.01028281 0.04185199
vt -0.01028085 0.041394
vt -0.009840449 0.04139481
vt -0.01117564 0.04169335
vt -0.01117378 0.04123566
vt -0.01074602 0.04123639
vt -0.01190897 0.04152066
vt -0.0119073 0.04106324
vt -0.01147171 0.0410631
vt -0.01240677 0.04134184
vt -0.01240539 0.04088436
vt -0.01195378 0.04088396
vt 0.01239783 0.03507207
vt 0.01239783 0.03882726
vt 0.01183877 0.03877713
vt 0.01295796 0.03877713
vt 0.0133958 0.03816625
vt 0.0128532 0.03822407
vt 0.01339815 0.03807308
vt 0.01407096 0.03841578
vt 0.01391537 0.03542558
vt 0.01407096 0.03548355
vt 0.01391537 0.03847375
vt 0.01377386 0.03803783
vt 0.01336662 0.0380971
vt 0.01377704 0.03794353
vt 0.01183877 0.0351222
vt 0.01139116 0.03547336
vt 0.0113935 0.03538019
vt 0.01193611 0.03532237
vt 0.01111224 0.03541949
vt 0.01111682 0.035336
vt 0.01152122 0.03526559
vt 0.0109457 0.03549197
vt 0.01095061 0.0354079
vt 0.01110555 0.03535016
vt 0.009396626 0.03364006
vt 0.008839134 0.03351018
vt 0.00939479 0.03356012
vt 0.008640206 0.03181636
vt 0.008086056 0.03179954
vt 0.008639667 0.03174846
vt 0.01007674 0.03393682
vt 0.009533523 0.03378535
vt 0.01007338 0.0338551
vt 0.01079787 0.03339707
vt 0.01064329 0.03333838
vt 0.01079498 0.03332967
vt 0.01053974 0.03420096
vt 0.01013077 0.03404706
vt 0.01053517 0.03411747
vt 0.007272591 0.03190441
vt 0.007812782 0.03175139
vt 0.007812477 0.03181959
vt 0.0067603 0.03230644
vt 0.007166381 0.03215093
vt 0.007166566 0.03221994
vt 0.006367615 0.03044881
vt 0.006508012 0.03033434
vt 0.006518398 0.03038566
vt 0.002687704 0.0295021
vt 0.002283967 0.0293406
vt 0.002698117 0.02945079
vt -0.006977228 0.03394987
vt -0.006822306 0.03400764
vt -0.006972626 0.03403334
vt -0.007510862 0.03459463
vt -0.007101349 0.0347471
vt -0.007508583 0.03468781
vt -0.00820947 0.03512219
vt -0.007664354 0.03527258
vt -0.007664354 0.03862675
vt -0.009325133 0.03877713
vt -0.008766076 0.03507207
vt -0.008766076 0.03882726
vt -0.00820822 0.03877713
vt -0.009868996 0.03527258
vt -0.009323879 0.03877713
vt -0.009868996 0.03862675
vt -0.009868346 0.03862675
vt -0.01027897 0.03847375
vt 0.001756244 0.03104071
vt 0.001216359 0.03095588
vt 0.001216054 0.03088768
vt 0.001496364 0.03302624
vt 0.0009565243 0.03295636
vt 0.0009551583 0.03287641
vt 0.0006936495 0.03291385
vt 0.0001359372 0.03286326
vt 0.0001361753 0.0327839
vt -0.0006885853 0.03288048
vt -0.0001326985 0.03290985
vt -0.0006904135 0.03296042
vt -0.001485214 0.03316241
vt -0.0009453597 0.03309265
vt -0.001488578 0.03324412
vt -0.002000342 0.03344234
vt -0.001595946 0.03337192
vt -0.002004921 0.03352583
vt -0.002128381 0.03354894
vt -0.001973446 0.0334912
vt -0.002133294 0.03363301
vt -0.01057892 0.03864599
vt -0.01042341 0.03870418
vt -0.01042023 0.03879846
vt -0.01159553 0.03014032
vt -0.0114585 0.03005882
vt -0.01144878 0.0302272
vt -0.01197985 0.02985705
vt -0.01158715 0.02966132
vt -0.01144107 0.0297493
vt -0.01239424 0.03055106
vt -0.0118576 0.03036893
vt -0.01185497 0.03050839
vt -0.01262572 0.02957836
vt -0.01207381 0.02940538
vt -0.01207999 0.02952438
vt -0.001150487 0.04242397
vt -0.001147906 0.04196613
vt -0.0006797755 0.04196577
vt 0.0008323239 0.04196287
vt 0.0003675672 0.0424211
vt 0.0003709595 0.04196349
vt 0.002569061 0.0419377
vt 0.002125581 0.04239557
vt 0.002128999 0.0419381
vt 0.004372516 0.04188889
vt 0.003932929 0.0423463
vt 0.003935849 0.04188879
vt 0.005967608 0.03812854
vt 0.005963705 0.03856881
vt 0.005510576 0.03812795
vt 0.007552997 0.03286198
vt 0.007537531 0.03328805
vt 0.007061746 0.03288156
vt 0.008600298 0.02666183
vt 0.008577912 0.02700719
vt 0.008069975 0.02669104
vt 0.009587562 0.02352365
vt 0.009579167 0.0236371
vt 0.009033439 0.02358236
vt 0.009638201 0.02239715
vt 0.009616102 0.022631
vt 0.009092642 0.02234075
vt -0.008509442 0.04208787
vt -0.008031611 0.04162964
vt -0.008028336 0.04208767
vt -0.008978392 0.04197373
vt -0.009457118 0.04197367
vt -0.008982306 0.04151576
vt -0.007117649 0.04220101
vt -0.006665136 0.04174282
vt -0.006661348 0.04220073
vt -0.005582184 0.04229
vt -0.005137481 0.04183213
vt -0.005133397 0.04228987
vt -0.003682391 0.04235419
vt -0.004139404 0.04235391
vt -0.003686247 0.04189651
vt -0.002195673 0.04240163
vt -0.002661291 0.04240139
vt -0.002199721 0.04194379
vt -0.00114823 0.04242563
vt -0.0006775254 0.04196742
vt -0.0006732985 0.04242539
vt 0.008847347 0.03214902
vt 0.008693606 0.0321312
vt 0.008696236 0.03208667
vt 0.009378218 0.03841578
vt 0.009351737 0.03841055
vt 0.009351736 0.03548878
vt 0.0107584 0.02422965
vt 0.01061048 0.02431674
vt 0.01062149 0.02414794
vt 0.01102652 0.0238248
vt 0.01048685 0.02371675
vt 0.0106341 0.02362852
vt 0.01053369 0.02478528
vt 0.009988771 0.0247423
vt 0.009997501 0.02460183
vt 0.009590606 0.02358774
vt 0.009036474 0.02364637
vt 0.009038879 0.02352589
vt -0.01260782 0.04099499
vt -0.0126071 0.04053733
vt -0.01212096 0.04053758
vt -0.01260911 0.03945202
vt -0.01211691 0.03945218
vt -0.01212223 0.03989241
vt -0.01263554 0.04116494
vt -0.01263454 0.0407073
vt -0.01215844 0.04070722
vt -0.01259884 0.03679169
vt -0.01209159 0.0367852
vt -0.01210771 0.03718874
vt -0.01259777 0.03230733
vt -0.01206965 0.03227846
vt -0.01209584 0.03262018
vt -0.01263704 0.028856
vt -0.01209143 0.02880084
vt -0.01211246 0.02905312
vt -0.009847508 0.0418447
vt -0.01029475 0.04184415
vt -0.009852334 0.04138703
vt -0.01075092 0.04168768
vt -0.01118575 0.04168719
vt -0.01075607 0.04123029
vt -0.01191339 0.04151817
vt -0.0114761 0.04106064
vt -0.01147067 0.04151809
vt -0.01240832 0.0413411
vt -0.01195532 0.04088323
vt -0.01194976 0.04134083
vt 0.01187422 0.0383224
vt 0.01187302 0.03823035
vt 0.01243206 0.03828071
vt 0.01292229 0.03819945
vt 0.01236333 0.03834148
vt 0.01236326 0.03824981
vt 0.01377101 0.03800306
vt 0.0133615 0.03815553
vt 0.01336378 0.03806236
vt 0.01339377 0.03813146
vt 0.01285011 0.03828135
vt 0.01285117 0.03818931
vt 0.01307951 0.03841055
vt 0.01305303 0.03841578
vt 0.01305303 0.03548355
vt 0.01393205 0.03799323
vt 0.01377983 0.03795678
vt 0.01393534 0.03789861
vt 0.01393376 0.03798142
vt 0.01377835 0.03803926
vt 0.01378154 0.03794497
vt 0.01183767 0.0351222
vt 0.01183767 0.03877713
vt 0.01129256 0.03527258
vt 0.0110129 0.03552491
vt 0.01142241 0.03537244
vt 0.01142014 0.03546562
vt 0.01095703 0.0354779
vt 0.0111168 0.03533601
vt 0.01111223 0.0354195
vt 0.009400112 0.03360621
vt 0.0088424 0.03355561
vt 0.008842638 0.03347626
vt 0.008083792 0.03195338
vt 0.008085163 0.03188519
vt 0.008639314 0.03190198
vt 0.009982391 0.03460719
vt 0.009439787 0.03454934
vt 0.009438733 0.0344573
vt 0.01053185 0.03419865
vt 0.01052724 0.03411517
vt 0.01068217 0.03417294
vt 0.01042355 0.0347976
vt 0.01001632 0.0347383
vt 0.01001404 0.03464513
vt 0.007288727 0.0322659
vt 0.00728898 0.03219688
vt 0.007828941 0.03211254
vt 0.006787426 0.03271864
vt 0.006787501 0.03264947
vt 0.007193882 0.03256353
vt 0.006713915 0.0330513
vt 0.006716941 0.03298391
vt 0.006868949 0.03292377
vt 0.002749276 0.0294644
vt 0.00259556 0.02944634
vt 0.00260575 0.02939499
vt 0.002324499 0.03154566
vt 0.001918234 0.03145917
vt 0.001918418 0.03139015
vt -0.00696959 0.03406957
vt -0.006819267 0.03404389
vt -0.006814379 0.03412795
vt -0.007511666 0.03472255
vt -0.007104428 0.03478182
vt -0.007101252 0.03487611
vt -0.007665 0.03527258
vt -0.007254375 0.03542558
vt -0.007665 0.03862675
vt -0.008209473 0.03512219
vt -0.007664357 0.03862675
vt -0.008209473 0.03877713
vt -0.009364269 0.03903672
vt -0.008805231 0.03908708
vt -0.009363071 0.03912876
vt -0.008726816 0.03919407
vt -0.00872689 0.03910241
vt -0.008167853 0.03905205
vt -0.009982099 0.03886796
vt -0.009437151 0.03901895
vt -0.009979757 0.03896113
vt -0.010013 0.03885775
vt -0.01042024 0.03879846
vt 0.001730988 0.0314478
vt 0.001190774 0.03129443
vt 0.001730735 0.03137879
vt 0.001489363 0.03324434
vt 0.0009461442 0.03309287
vt 0.001485999 0.03316263
vt 0.0006265059 0.03418864
vt 0.00006753623 0.03404665
vt 0.000625306 0.0340966
vt -0.0006256208 0.03407961
vt -0.00006785165 0.03402965
vt -0.00006777933 0.03412131
vt -0.001307999 0.03424513
vt -0.0007643423 0.03409524
vt -0.000765395 0.03418728
vt -0.001777095 0.03444595
vt -0.001367583 0.03429347
vt -0.00136986 0.03438665
vt -0.002159967 0.03358424
vt -0.002000192 0.03344235
vt -0.002004771 0.03352584
vt -0.01057195 0.03864565
vt -0.01041324 0.0387981
vt -0.01056865 0.03874028
vt -0.01197047 0.03104679
vt -0.01143084 0.03094333
vt -0.01196077 0.03118593
vt -0.01239592 0.03031338
vt -0.01185668 0.0302704
vt -0.01239293 0.03043251
vt 0.0008411492 0.04242436
vt 0.000372699 0.04242478
vt 0.0008374395 0.04196653
vt 0.002577083 0.04239827
vt 0.00213002 0.04239854
vt 0.002573486 0.04194066
vt 0.004371846 0.04234348
vt 0.003928426 0.04234341
vt 0.004368027 0.04188602
vt 0.00596334 0.0422712
vt 0.005506309 0.0422706
vt 0.005959453 0.04181371
vt 0.005979474 0.03854843
vt 0.005528702 0.03854754
vt 0.005526399 0.03810752
vt 0.007376897 0.0335982
vt 0.006901858 0.03359752
vt 0.006899566 0.03319353
vt 0.008569702 0.02703205
vt 0.008058385 0.02703929
vt 0.008061659 0.02671607
vt 0.009575042 0.02277423
vt 0.009046774 0.022742
vt 0.009050947 0.02248513
vt -0.00852231 0.04327976
vt -0.008507903 0.04274395
vt -0.008026798 0.04274374
vt -0.009468632 0.04289807
vt -0.009457575 0.04236203
vt -0.008978848 0.0423621
vt -0.007127965 0.04367298
vt -0.007115189 0.04313743
vt -0.006658888 0.04313713
vt -0.005591722 0.04399046
vt -0.005580968 0.04345502
vt -0.005132181 0.04345488
vt -0.004153 0.04420878
vt -0.0041422 0.04367305
vt -0.003685187 0.04367335
vt -0.002674988 0.04435734
vt -0.002663634 0.04382142
vt -0.002198016 0.04382167
vt -0.001158983 0.04443609
vt -0.001145906 0.04390044
vt -0.0006709743 0.04390018
vt 0.01307989 0.03841055
vt 0.01305341 0.03548355
vt 0.01307989 0.03548878
vt 0.01088612 0.02546007
vt 0.01036146 0.02521624
vt 0.01090194 0.02532023
vt 0.01053166 0.0246185
vt 0.00999864 0.02445531
vt 0.01054353 0.02449858
vt -0.01263739 0.0411644
vt -0.01216026 0.04070671
vt -0.01215474 0.04116433
vt -0.01260933 0.04099517
vt -0.01212245 0.04053779
vt -0.01211713 0.04099534
vt -0.01238679 0.03963115
vt -0.01190326 0.04007198
vt -0.01238554 0.04007141
vt -0.01238809 0.03726124
vt -0.01189962 0.03766551
vt -0.01238736 0.0376651
vt -0.01237901 0.0329791
vt -0.01188091 0.0333002
vt -0.01238258 0.0333218
vt -0.01240053 0.02967702
vt -0.01188024 0.0298349
vt -0.01240111 0.02993017
vt -0.01030649 0.04247218
vt -0.01029852 0.04193611
vt -0.009851277 0.0419367
vt -0.0111976 0.04194281
vt -0.01118877 0.04140718
vt -0.01075394 0.04140771
vt -0.01192318 0.04136327
vt -0.01191295 0.04082809
vt -0.01147022 0.040828
vt -0.01241845 0.04075408
vt -0.01240728 0.04021885
vt -0.01194872 0.04021856
vt 0.0119389 0.03833946
vt 0.01139525 0.03818957
vt 0.01193785 0.03824741
vt 0.01243155 0.03836117
vt 0.01187378 0.0383112
vt 0.01243162 0.0382695
vt 0.01292266 0.03830339
vt 0.01236489 0.03835335
vt 0.01292386 0.03821134
vt 0.01363546 0.03733612
vt 0.01323106 0.03740655
vt 0.01364004 0.03725264
vt 0.01329041 0.03741806
vt 0.01275056 0.03748782
vt 0.01329378 0.03733635
vt 0.013797 0.03732056
vt 0.01364668 0.03729487
vt 0.01380189 0.0372365
vt 0.01129255 0.03862675
vt 0.01100736 0.03561711
vt 0.01101054 0.03552282
vt 0.01141778 0.03546354
vt 0.01084582 0.03567554
vt 0.01084911 0.03558092
vt 0.01100453 0.03552309
vt 0.00936375 0.03453605
vt 0.008804781 0.03439405
vt 0.00936255 0.03444401
vt 0.008692039 0.03350384
vt 0.008136154 0.03347445
vt 0.008691808 0.03342448
vt 0.009982691 0.03473283
vt 0.009437744 0.03458184
vt 0.00998035 0.03463966
vt 0.01068947 0.0342912
vt 0.01053426 0.03423283
vt 0.01068458 0.03420713
vt 0.010424 0.03492322
vt 0.01001359 0.03476967
vt 0.01042083 0.03482894
vt 0.007435582 0.03360607
vt 0.007976788 0.03345624
vt 0.007975421 0.03353619
vt 0.006959415 0.03384159
vt 0.007366951 0.03368933
vt 0.007363793 0.03377106
vt 0.006632941 0.03277759
vt 0.006787493 0.03264947
vt 0.006787418 0.03271863
vt 0.002712091 0.03020096
vt 0.002560977 0.03013861
vt 0.002714721 0.03015643
vt 0.002283423 0.03200664
vt 0.001876967 0.03185153
vt 0.002283347 0.03193748
vt -0.007109265 0.03478268
vt -0.006953856 0.03484053
vt -0.007106081 0.03487697
vt -0.007665003 0.03862675
vt -0.007254379 0.03542558
vt -0.007254379 0.03847375
vt -0.008090952 0.03905747
vt -0.007546005 0.03890648
vt -0.007548348 0.03899965
vt -0.009981799 0.03896438
vt -0.009439195 0.03902222
vt -0.009438141 0.03911426
vt -0.009362568 0.03913017
vt -0.008804728 0.03908848
vt -0.0088048 0.03918014
vt -0.008728589 0.03919223
vt -0.008169621 0.03905023
vt -0.008170821 0.03914227
vt -0.01042297 0.03880194
vt -0.01001573 0.03886124
vt -0.01001346 0.03895441
vt 0.002014874 0.0333106
vt 0.001610495 0.03324007
vt 0.001607338 0.03315835
vt 0.001308804 0.03424522
vt 0.0007662006 0.03418737
vt 0.0007651465 0.03409533
vt 0.0006296123 0.03417167
vt 0.00007057431 0.03412131
vt 0.00007064767 0.03402965
vt -0.0006265292 0.03409649
vt -0.00006868724 0.03413818
vt -0.0006277255 0.03418853
vt -0.001304167 0.03429471
vt -0.0007615605 0.03423688
vt -0.001306508 0.03438789
vt -0.001771933 0.03449432
vt -0.001364694 0.03443504
vt -0.001775109 0.0345886
vt -0.00191398 0.03457074
vt -0.00175857 0.03451291
vt -0.001917276 0.03466537
vt -0.01069439 0.03865444
vt -0.01053919 0.03871284
vt -0.01053462 0.03879632
vt -0.01197807 0.0300531
vt -0.01145326 0.02979961
vt -0.01146936 0.03031619
vt -0.01240622 0.02994763
vt -0.0118708 0.02978279
vt -0.01188557 0.03010433
vt 0.0008452409 0.04390752
vt 0.0003615431 0.04444326
vt 0.0003767906 0.04390796
vt 0.002579855 0.04383107
vt 0.002119046 0.04436646
vt 0.002132791 0.04383136
vt 0.004371127 0.04365569
vt 0.003917022 0.04419079
vt 0.003927707 0.04365561
vt 0.005957784 0.04340391
vt 0.005491748 0.04393899
vt 0.005500754 0.04340327
vt 0.005973009 0.04182229
vt 0.005519912 0.04227924
vt 0.005522237 0.0418214
vt 0.007372801 0.03820925
vt 0.007368531 0.03864926
vt 0.006897762 0.03820861
vt 0.008613306 0.03355498
vt 0.008599133 0.03395872
vt 0.008101979 0.03356147
vt 0.00945379 0.02733962
vt 0.009431798 0.0276621
vt 0.008925341 0.02731049
vt 0.01064909 0.0238548
vt 0.01014466 0.02343175
vt 0.01067631 0.02359934
vt -0.007123898 0.04367318
vt -0.006654878 0.04313728
vt -0.006641463 0.04367311
vt -0.008518447 0.04327983
vt -0.008022994 0.04274376
vt -0.008010671 0.04327977
vt -0.008968899 0.04289817
vt -0.00947428 0.04289815
vt -0.008984402 0.04236226
vt -0.005596643 0.0439902
vt -0.005137036 0.04345468
vt -0.005122125 0.04399018
vt -0.003683033 0.04420832
vt -0.004165343 0.04420825
vt -0.003697371 0.04367296
vt -0.00219069 0.04435723
vt -0.002681965 0.04435716
vt -0.002204905 0.04382158
vt -0.001157384 0.04443609
vt -0.0006693948 0.04390016
vt -0.0006554839 0.04443602
vt 0.0008615624 0.04444299
vt 0.0003659192 0.0444431
vt 0.0008495626 0.04390732
vt 0.01108421 0.02475442
vt 0.01058602 0.02417969
vt 0.01110734 0.02443056
vt -0.01264812 0.04014733
vt -0.01263722 0.03961187
vt -0.01215457 0.0396118
vt -0.01238713 0.04081764
vt -0.01238586 0.04036006
vt -0.01190358 0.04036064
vt -0.01261872 0.03956608
vt -0.01260962 0.03903053
vt -0.01211741 0.03903071
vt -0.01238757 0.03963596
vt -0.01189983 0.03963636
vt -0.01190401 0.04007677
vt -0.01236875 0.03699688
vt -0.01186699 0.03697727
vt -0.01188199 0.03740322
vt -0.01236094 0.03259705
vt -0.01183872 0.03250943
vt -0.01186465 0.03292094
vt -0.009848 0.04247292
vt -0.01032131 0.04247276
vt -0.009865822 0.04193751
vt -0.01074937 0.04194427
vt -0.01121022 0.04194415
vt -0.01076628 0.04140927
vt -0.01193009 0.04136499
vt -0.01147696 0.04082987
vt -0.01146097 0.04136498
vt -0.01242156 0.0407557
vt -0.01195173 0.04022027
vt -0.01193637 0.04075562
vt 0.01201902 0.03768671
vt 0.01147916 0.03761695
vt 0.0114758 0.03753524
vt 0.0119361 0.03827848
vt 0.01139349 0.03822066
vt 0.01139115 0.03812749
vt 0.01190645 0.03760802
vt 0.01190462 0.03752809
vt 0.01246234 0.03757866
vt 0.01288764 0.03741927
vt 0.01233017 0.03754922
vt 0.01232993 0.03746987
vt 0.01379992 0.03728385
vt 0.013645 0.03734163
vt 0.0136496 0.03725815
vt 0.01362727 0.0372257
vt 0.01321974 0.03737795
vt 0.0132229 0.03729624
vt 0.0132845 0.03730544
vt 0.01274329 0.03745527
vt 0.01274466 0.03737532
vt 0.011292 0.03527258
vt 0.01129199 0.03862675
vt 0.01088137 0.03542559
vt 0.01085179 0.03567531
vt 0.01101048 0.03552283
vt 0.0110073 0.03561712
vt 0.009365451 0.03452492
vt 0.008806413 0.03447455
vt 0.008806487 0.03438289
vt 0.008133492 0.03358983
vt 0.008135321 0.03350988
vt 0.008691206 0.03353925
vt 0.009324451 0.03877713
vt 0.009324452 0.0351222
vt 0.009869567 0.03527258
vt 0.01041966 0.03492258
vt 0.01041647 0.0348283
vt 0.01057188 0.03488613
vt 0.009868914 0.03862675
vt 0.009868914 0.03527258
vt 0.01027954 0.03542558
vt 0.007438562 0.03379615
vt 0.007441927 0.03371444
vt 0.007981781 0.03364468
vt 0.006963373 0.03403028
vt 0.006967949 0.03394679
vt 0.007372347 0.03387638
vt 0.00682487 0.03413147
vt 0.006829784 0.03404741
vt 0.006984719 0.03398967
vt 0.002218465 0.03200234
vt 0.002218249 0.03193318
vt 0.002370148 0.0319936
vt -0.007104222 0.03488921
vt -0.006951996 0.03485277
vt -0.006948707 0.03494739
vt -0.007254388 0.03847375
vt -0.007254388 0.03542558
vt -0.007098798 0.03841577
vt -0.007511642 0.03890508
vt -0.007101228 0.03875152
vt -0.007104405 0.0388458
vt -0.007510837 0.0390051
vt -0.007508558 0.03891193
vt -0.007101324 0.03885263
vt -0.008089765 0.03915537
vt -0.008088711 0.03906333
vt -0.007546108 0.03900549
vt -0.01007619 0.03886764
vt -0.009532974 0.03901911
vt -0.01007283 0.03894935
vt -0.009398192 0.03904781
vt -0.008840478 0.03909839
vt -0.009396364 0.03912776
vt -0.008689192 0.03914194
vt -0.008131481 0.03909134
vt -0.008688954 0.0392213
vt -0.01053924 0.03871282
vt -0.01013026 0.03886673
vt -0.01053466 0.0387963
vt 0.002005745 0.03352567
vt 0.001596771 0.03337176
vt 0.00200117 0.03344218
vt 0.001307315 0.03438793
vt 0.0007623691 0.03423693
vt 0.001304975 0.03429476
vt -6.746849e-7 0.03507206
vt 0.0005583839 0.03512219
vt -6.750361e-7 0.03882726
vt -0.0005575907 0.03877713
vt -0.0005575904 0.03512219
vt 0.000001467912 0.03507206
vt -0.0005553661 0.03877713
vt -0.001100482 0.03527258
vt -0.0005553658 0.03512219
vt -0.001099309 0.03862675
vt -0.001509935 0.03542558
vt -0.001099309 0.03527258
vt -0.001930617 0.03464679
vt -0.001771931 0.03449432
vt -0.001775107 0.0345886
vt -0.01068109 0.03866807
vt -0.01052124 0.03880986
vt -0.01067618 0.03875212
vt -0.01140214 0.03087849
vt -0.01088099 0.03145846
vt -0.01137126 0.03139439
vt -0.01198121 0.03067891
vt -0.01147024 0.03093757
vt -0.01197132 0.03100064
vt 0.002596876 0.04436601
vt 0.002123482 0.04436609
vt 0.002584235 0.04383064
vt 0.004380105 0.04419176
vt 0.003910874 0.04419173
vt 0.004365059 0.04365669
vt 0.005958434 0.04394286
vt 0.005475897 0.04394271
vt 0.005942147 0.04340782
vt 0.007364736 0.04362786
vt 0.006864166 0.04362768
vt 0.007347655 0.04309234
vt 0.007368617 0.04218401
vt 0.006893578 0.04218336
vt 0.007364363 0.04172619
vt 0.007384041 0.03862827
vt 0.006914881 0.0386273
vt 0.00691333 0.03818756
vt 0.008563397 0.03403356
vt 0.008066006 0.03403333
vt 0.008065891 0.03363675
vt 0.009485595 0.02751324
vt 0.00897764 0.02750601
vt 0.008979974 0.02716043
vt 0.01055197 0.02407529
vt 0.01004262 0.0239798
vt 0.01004513 0.02365513
vt -0.006615803 0.04261252
vt -0.007123261 0.04192277
vt -0.006640826 0.04192268
vt -0.007986437 0.0420094
vt -0.008518012 0.04131975
vt -0.008010236 0.04131969
vt -0.008938061 0.04141736
vt -0.009474395 0.04072766
vt -0.008969014 0.04072768
vt -0.005093442 0.04310394
vt -0.005596414 0.0424143
vt -0.005121896 0.04241428
vt -0.003655959 0.04344522
vt -0.004166045 0.04275566
vt -0.003683735 0.04275574
vt -0.00216476 0.04367745
vt -0.002682593 0.04298785
vt -0.002191318 0.04298793
vt -0.0006300704 0.04379836
vt -0.001156761 0.04310878
vt -0.0006548612 0.0431087
vt 0.00088367 0.04380295
vt 0.0003669478 0.04311321
vt 0.0008625911 0.04311308
vt 0.01139051 0.02429904
vt 0.01090392 0.02423445
vt 0.01090413 0.02371429
vt -0.01265115 0.04015052
vt -0.01215747 0.03961511
vt -0.01214166 0.04015051
vt -0.01238779 0.04081874
vt -0.01190422 0.04036176
vt -0.01190006 0.04081913
vt -0.01262083 0.03957042
vt -0.01211939 0.03903518
vt -0.01210222 0.03957046
vt -0.01196046 0.03981314
vt -0.0114895 0.04025402
vt -0.01195806 0.04025356
vt -0.01196551 0.03752071
vt -0.01148622 0.03794721
vt -0.01196031 0.03794689
vt -0.01197135 0.0333536
vt -0.01147935 0.03375135
vt -0.01196581 0.03376588
vt -0.009814535 0.0407437
vt -0.01032232 0.04005362
vt -0.009849004 0.04005379
vt -0.01071963 0.03990801
vt -0.01121092 0.03921762
vt -0.01075007 0.03921775
vt -0.01143451 0.03900436
vt -0.01193001 0.03831395
vt -0.01146089 0.03831393
vt -0.01191215 0.03806554
vt -0.01242128 0.03737523
vt -0.01193608 0.03737515
vt 0.01153006 0.0376402
vt 0.01112253 0.03748794
vt 0.01152691 0.03755848
vt 0.01202482 0.03767053
vt 0.01148361 0.03752071
vt 0.01202345 0.03759059
vt 0.01142242 0.03822715
vt 0.0110129 0.03807468
vt 0.01142014 0.03813398
vt 0.01246143 0.0376224
vt 0.01190578 0.03757243
vt 0.01246166 0.03754305
vt 0.01288912 0.03753783
vt 0.01233347 0.03758776
vt 0.01289096 0.03745789
vt 0.01364683 0.03629255
vt 0.01349515 0.03628384
vt 0.01364972 0.03622515
vt 0.01345816 0.03607094
vt 0.01305178 0.03615689
vt 0.01345823 0.03600178
vt 0.01314443 0.03593624
vt 0.01260447 0.03602058
vt 0.01314468 0.03586722
vt 0.01129198 0.03862675
vt 0.01088135 0.03847375
vt 0.01088135 0.03542559
vt 0.01088132 0.03542559
vt 0.01088132 0.03847375
vt 0.01072573 0.03548356
vt 0.009325709 0.03877713
vt 0.008766651 0.03507207
vt 0.00932571 0.0351222
vt 0.008728611 0.03446062
vt 0.008170771 0.03441893
vt 0.008728539 0.03436896
vt 0.009869567 0.03862675
vt 0.01057685 0.03499291
vt 0.01042134 0.03493473
vt 0.01057357 0.03489829
vt 0.01027954 0.03847375
vt 0.007546682 0.03456623
vt 0.00809034 0.03441634
vt 0.008089286 0.03450838
vt 0.007101922 0.03474706
vt 0.007511432 0.03459459
vt 0.007509156 0.03468776
vt 0.006808157 0.03408868
vt 0.00696793 0.03394678
vt 0.006963354 0.03403027
vt 0.002381585 0.03235444
vt 0.002227009 0.03229575
vt 0.002378694 0.03228704
vt -0.007254387 0.03542558
vt -0.007098795 0.03548355
vt -0.007098797 0.03841577
vt -0.007104235 0.03874852
vt -0.006948722 0.03869034
vt -0.006952008 0.03878497
vt -0.007109299 0.03884514
vt -0.007106114 0.03875086
vt -0.006953889 0.03878731
vt -0.007371698 0.03903743
vt -0.006962723 0.03888352
vt -0.0069673 0.038967
vt -0.007981186 0.03915977
vt -0.007437968 0.0390083
vt -0.007441332 0.03909001
vt -0.01054142 0.03877005
vt -0.01013704 0.0388406
vt -0.01013389 0.03892231
vt -0.01007812 0.03892147
vt -0.009538279 0.03899134
vt -0.009536913 0.03907129
vt -0.009395576 0.03911959
vt -0.008839691 0.0390902
vt -0.008839921 0.03916956
vt -0.00869266 0.03922767
vt -0.008135168 0.03909779
vt -0.008137004 0.03917773
vt 0.001989884 0.03352649
vt 0.001985282 0.033443
vt 0.002140203 0.03350078
vt 0.001777869 0.034446
vt 0.001370634 0.0343867
vt 0.001368358 0.03429352
vt 0.0005561831 0.03512219
vt 0.001101297 0.03527258
vt 0.001101297 0.03862675
vt 0.000001467701 0.03882726
vt -0.0005575906 0.03877713
vt 0.000001468053 0.03507206
vt -6.751772e-7 0.03882726
vt 0.0005583838 0.03512219
vt 0.0005583835 0.03877713
vt -0.0005553656 0.03877713
vt -0.001100481 0.03862675
vt -0.001100481 0.03527258
vt -0.001099312 0.03862675
vt -0.001509938 0.03847375
vt -0.001509938 0.03542558
vt -0.001509909 0.03847375
vt -0.001665498 0.03548355
vt -0.001509909 0.03542558
vt -0.01082301 0.03825661
vt -0.01066853 0.03831555
vt -0.01066846 0.03838472
vt -0.01133844 0.03435981
vt -0.01084745 0.03441812
vt -0.01084144 0.03482903
vt -0.01135217 0.03173243
vt -0.01082423 0.03198042
vt -0.01081814 0.03230057
vt -0.01197081 0.03317644
vt -0.01146921 0.03311769
vt -0.01148014 0.03357583
vt 0.002621066 0.04367614
vt 0.00212422 0.04298614
vt 0.002597614 0.04298605
vt 0.004409808 0.04340769
vt 0.003910633 0.04271778
vt 0.004379864 0.04271781
vt 0.00599065 0.04303212
vt 0.005474557 0.04234251
vt 0.005957093 0.04234269
vt 0.007397812 0.04255745
vt 0.006862752 0.04186819
vt 0.007363322 0.04186839
vt 0.007363192 0.04308683
vt 0.006879929 0.04362238
vt 0.006888153 0.04308614
vt 0.007377625 0.04173445
vt 0.00690689 0.04219168
vt 0.006908465 0.04173348
vt 0.008562221 0.03830673
vt 0.008557456 0.03874644
vt 0.00806483 0.03830651
vt 0.009443936 0.03398511
vt 0.009430254 0.03438147
vt 0.00893597 0.03397864
vt 0.01023483 0.02816855
vt 0.009746478 0.0277362
vt 0.01025727 0.02782368
vt -0.008547624 0.04201008
vt -0.008517333 0.04132045
vt -0.007985737 0.04201008
vt -0.007149292 0.04261302
vt -0.007122634 0.04192328
vt -0.006615158 0.04261302
vt -0.009498989 0.04141547
vt -0.009475992 0.04072573
vt -0.008939711 0.04141547
vt -0.01034239 0.04073888
vt -0.01032585 0.0400487
vt -0.009818198 0.04073888
vt -0.005620564 0.04310281
vt -0.005598114 0.04241313
vt -0.005095188 0.04310281
vt -0.004192822 0.04344344
vt -0.004169134 0.04275381
vt -0.003659128 0.04344344
vt -0.00270983 0.04367672
vt -0.002684052 0.04298709
vt -0.002166256 0.04367672
vt -0.001185854 0.04379828
vt -0.001156936 0.0431087
vt -0.0006302497 0.04379828
vt 0.0008840276 0.04380309
vt 0.0003351443 0.04380309
vt 0.0003672968 0.04311335
vt 0.01117414 0.02858341
vt 0.01071091 0.02811097
vt 0.01119823 0.02816972
vt 0.01209413 0.02540675
vt 0.01161576 0.02514289
vt 0.0121404 0.02488866
vt -0.01211618 0.03713525
vt -0.01265113 0.03644511
vt -0.01214164 0.0364451
vt -0.01196039 0.04064657
vt -0.01195798 0.04018919
vt -0.01148942 0.04018965
vt -0.01239719 0.03895695
vt -0.01238808 0.03842147
vt -0.01190035 0.03842189
vt -0.01262089 0.03554904
vt -0.01210227 0.03554908
vt -0.01207189 0.03623915
vt -0.01196026 0.03981671
vt -0.01148617 0.03981702
vt -0.01148927 0.04025757
vt -0.01196667 0.03737227
vt -0.01148018 0.03735916
vt -0.01148857 0.0378001
vt -0.01123371 0.03990246
vt -0.01121425 0.03921197
vt -0.0107231 0.03990246
vt -0.0119565 0.03899974
vt -0.01193215 0.03830925
vt -0.01143676 0.03899974
vt -0.0124508 0.03806185
vt -0.01242253 0.03737149
vt -0.01191348 0.03806185
vt -0.01268101 0.03713123
vt -0.01265206 0.03644103
vt -0.01211719 0.03713123
vt 0.01163466 0.03675255
vt 0.01122828 0.0366666
vt 0.01122821 0.03659743
vt 0.01152122 0.03764827
vt 0.01111682 0.03757785
vt 0.01111225 0.03749436
vt 0.01211966 0.03654614
vt 0.01157969 0.0364618
vt 0.01157944 0.03639278
vt 0.01141779 0.03816391
vt 0.01101055 0.03810463
vt 0.01100738 0.03801034
vt 0.01194834 0.03617681
vt 0.01194697 0.03610863
vt 0.01250249 0.03616004
vt 0.01283857 0.03582262
vt 0.01228361 0.035942
vt 0.01228306 0.03587411
vt 0.01365235 0.03603821
vt 0.01350045 0.03609862
vt 0.01350067 0.03602945
vt 0.01343097 0.03569765
vt 0.01302489 0.03585317
vt 0.01302471 0.03578414
vt 0.01312859 0.03562038
vt 0.0125884 0.0357734
vt 0.0125887 0.0357052
vt 0.01072576 0.03841578
vt 0.01072576 0.03548355
vt 0.008766651 0.03882726
vt 0.008169049 0.0345227
vt 0.008170247 0.03443066
vt 0.008728088 0.03447234
vt 0.009437711 0.0390189
vt 0.009982658 0.03886791
vt 0.009980318 0.03896108
vt 0.01043513 0.03548355
vt 0.01001353 0.03885769
vt 0.01042394 0.03870412
vt 0.01042076 0.0387984
vt 0.007546581 0.03469447
vt 0.007548922 0.0346013
vt 0.008091528 0.03454347
vt 0.007101821 0.03487603
vt 0.007104999 0.03478175
vt 0.007512236 0.03472247
vt 0.006954087 0.0349482
vt 0.006957383 0.03485358
vt 0.007112796 0.03479575
vt -0.006098109 0.03841577
vt -0.006098107 0.03548355
vt -0.006071626 0.03841054
vt -0.006969648 0.03888617
vt -0.006814438 0.03882781
vt -0.006819326 0.03891187
vt -0.006977273 0.03896492
vt -0.006972669 0.03888144
vt -0.006822349 0.03890715
vt -0.007366305 0.03910778
vt -0.007363148 0.03902607
vt -0.006958769 0.03895552
vt -0.007976203 0.03922363
vt -0.007974836 0.03914368
vt -0.007434997 0.03907381
vt -0.01066858 0.03831552
vt -0.01026212 0.03847064
vt -0.0106685 0.03838469
vt -0.01019393 0.03836678
vt -0.009653714 0.03852014
vt -0.01019368 0.0384358
vt -0.009443952 0.0385259
vt -0.008888429 0.03857731
vt -0.009442581 0.03859408
vt -0.008636011 0.03867727
vt -0.008080498 0.03862578
vt -0.008635457 0.03874517
vt 0.002149935 0.03363199
vt 0.001994724 0.03357362
vt 0.002145046 0.03354792
vt 0.001775877 0.03458871
vt 0.001365461 0.03443516
vt 0.001772699 0.03449443
vt 0.001100108 0.03527258
vt 0.001510734 0.03542558
vt 0.001100107 0.03862675
vt 0.0005561799 0.03512219
vt 0.001101294 0.03862675
vt 0.0005561795 0.03877713
vt -0.0006265419 0.03947649
vt -0.0006277385 0.03938445
vt -0.00006870016 0.03943481
vt 0.00007065702 0.03953313
vt 0.00007058383 0.03944147
vt 0.0006296219 0.03939111
vt -0.001304159 0.03930628
vt -0.001306499 0.03921311
vt -0.0007615522 0.0393641
vt -0.001771939 0.03913314
vt -0.001775115 0.03903886
vt -0.0013647 0.03919243
vt -0.001509899 0.03847375
vt -0.001665489 0.03841577
vt -0.001665488 0.03548355
vt -0.01076528 0.03840264
vt -0.01061025 0.03853017
vt -0.01076226 0.03847004
vt -0.01050768 0.03528167
vt -0.01000109 0.03571281
vt -0.0104726 0.03569112
vt -0.01135715 0.03409994
vt -0.01086293 0.03457208
vt -0.0113305 0.03455744
vt -0.01131772 0.03263381
vt -0.01078065 0.03273685
vt -0.01078683 0.03287543
vt -0.01057737 0.03277143
vt -0.01004616 0.03318434
vt -0.01055052 0.03309051
vt 0.002621638 0.04367631
vt 0.002097268 0.04367631
vt 0.002124778 0.04298632
vt 0.004408227 0.04340728
vt 0.00388857 0.04340728
vt 0.003909092 0.04271733
vt 0.00598683 0.04303116
vt 0.005452818 0.04303116
vt 0.005470837 0.04234148
vt 0.007394316 0.04255656
vt 0.006840677 0.04255656
vt 0.006859353 0.04186722
vt 0.008566775 0.04326336
vt 0.008043376 0.04326331
vt 0.008549881 0.04272732
vt 0.008560999 0.04208103
vt 0.008063608 0.04208082
vt 0.008556239 0.04162285
vt 0.008565358 0.0387351
vt 0.008073665 0.03873478
vt 0.008072763 0.03829513
vt 0.009487549 0.03426128
vt 0.008994423 0.03426152
vt 0.008993884 0.0338577
vt 0.01039718 0.02781785
vt 0.009916088 0.02779597
vt 0.009912305 0.0273816
vt -0.007938445 0.04032496
vt -0.008547624 0.03919712
vt -0.007985737 0.03919712
vt -0.007149292 0.03993005
vt -0.006615158 0.03993005
vt -0.006565811 0.04105848
vt -0.008877938 0.0395993
vt -0.009498989 0.03847141
vt -0.008939711 0.03847141
vt -0.01034239 0.03763857
vt -0.009818198 0.03763857
vt -0.009749982 0.03876766
vt -0.005620564 0.04052923
vt -0.005095188 0.04052923
vt -0.005038925 0.04165753
vt -0.004192822 0.04094873
vt -0.003659128 0.04094873
vt -0.003604094 0.0420766
vt -0.00270983 0.04123471
vt -0.002166256 0.04123471
vt -0.002113961 0.04236239
vt -0.0005819002 0.04250908
vt -0.001185854 0.04138121
vt -0.0006302497 0.04138121
vt 0.0009250218 0.04251053
vt 0.0003351443 0.04138187
vt 0.0008840276 0.04138187
vt 0.0112762 0.02838597
vt 0.01081537 0.02837136
vt 0.01081578 0.0279108
vt 0.01241202 0.02688725
vt 0.01188211 0.02713032
vt 0.0118763 0.02699091
vt 0.01198364 0.02591893
vt 0.01150143 0.02598224
vt 0.01150295 0.02565932
vt -0.0126462 0.03623476
vt -0.01262153 0.03554459
vt -0.01207261 0.03623476
vt -0.01196021 0.0406485
vt -0.01148922 0.04019161
vt -0.01148612 0.0406488
vt -0.01239807 0.0389616
vt -0.01190111 0.03842665
vt -0.01188503 0.03896171
vt -0.01242076 0.03528843
vt -0.01239833 0.03459806
vt -0.01185365 0.03528843
vt -0.01132217 0.04000186
vt -0.01087283 0.04044226
vt -0.01131815 0.0404424
vt -0.01133642 0.03794876
vt -0.01087088 0.03838947
vt -0.01132245 0.03838956
vt -0.01123371 0.03660926
vt -0.0107231 0.03660926
vt -0.01066385 0.03773974
vt -0.0119565 0.03550355
vt -0.01143676 0.03550355
vt -0.01138646 0.03663446
vt -0.0124508 0.03436016
vt -0.01191348 0.03436016
vt -0.0118685 0.03549066
vt -0.01268101 0.03322764
vt -0.01211719 0.03322764
vt -0.0120689 0.03435741
vt 0.0112283 0.03666662
vt 0.01107375 0.0365385
vt 0.01122823 0.03659746
vt 0.01164943 0.03653524
vt 0.01124335 0.03637972
vt 0.01164962 0.03646622
vt 0.01111677 0.03757783
vt 0.010957 0.03743595
vt 0.01111219 0.03749434
vt 0.01212972 0.03635593
vt 0.01158953 0.03620292
vt 0.01212942 0.03628774
vt 0.01101054 0.03810462
vt 0.01085186 0.03795216
vt 0.01100737 0.03801034
vt 0.01250127 0.03614136
vt 0.01194766 0.03609027
vt 0.01250181 0.03607347
vt 0.01284283 0.0359853
vt 0.01228921 0.03603629
vt 0.01284421 0.03591712
vt 0.01342084 0.03422284
vt 0.01326709 0.03424067
vt 0.01341821 0.03417832
vt 0.01318459 0.03358918
vt 0.01277044 0.03369937
vt 0.01317418 0.03353787
vt 0.01291158 0.03295483
vt 0.01236651 0.03306054
vt 0.01290436 0.03289947
vt 0.01130574 0.03841578
vt 0.01127926 0.03548878
vt 0.01130575 0.03548355
vt 0.008806483 0.03917989
vt 0.008806409 0.03908823
vt 0.009365447 0.03903787
vt 0.008767845 0.03882726
vt 0.008208787 0.0351222
vt 0.008767846 0.03507207
vt 0.01001399 0.03895436
vt 0.01001627 0.03886119
vt 0.01042351 0.03880189
vt 0.0094387 0.03911421
vt 0.009439754 0.03902217
vt 0.009982358 0.03896432
vt 0.01043513 0.03841578
vt 0.0104165 0.03879924
vt 0.01041968 0.03870496
vt 0.01057191 0.03874141
vt 0.008210043 0.03877713
vt 0.007664929 0.03527258
vt 0.008210044 0.0351222
vt 0.00766558 0.03862675
vt 0.007254955 0.03542558
vt 0.00766558 0.03527258
vt 0.006946294 0.03493422
vt 0.007104982 0.03478174
vt 0.007101804 0.03487603
vt -0.006098023 0.03548355
vt -0.006071542 0.03548878
vt -0.006071542 0.03841054
vt -0.006823777 0.03880199
vt -0.006669198 0.03874331
vt -0.00667209 0.03881071
vt -0.007193281 0.03889184
vt -0.006786825 0.03873672
vt -0.006786898 0.03880589
vt -0.007828324 0.03889168
vt -0.007288109 0.03873832
vt -0.007288362 0.03880734
vt -0.01068717 0.03821534
vt -0.0102809 0.03830184
vt -0.01028109 0.03837085
vt -0.01020586 0.03828693
vt -0.009665969 0.03837175
vt -0.009665665 0.03843995
vt -0.00944178 0.03855301
vt -0.008887628 0.0385362
vt -0.008888167 0.0386041
vt -0.008641768 0.03878103
vt -0.008086763 0.03866185
vt -0.008088149 0.03873003
vt 0.001767688 0.03458894
vt 0.001764503 0.03449466
vt 0.001919913 0.03455249
vt 0.00110011 0.03862675
vt 0.001510737 0.03542558
vt 0.001510736 0.03847375
vt 0.000762362 0.03936409
vt 0.001307307 0.0392131
vt 0.001304967 0.03930627
vt -0.001307987 0.03932646
vt -0.0007653828 0.0393843
vt -0.0007643299 0.03947634
vt -0.0006256362 0.03948317
vt -0.00006779484 0.03944148
vt -0.00006786735 0.03953314
vt 0.00006751288 0.03952633
vt 0.0006264828 0.03938433
vt 0.0006252841 0.03947637
vt -0.001777113 0.03915378
vt -0.001369878 0.03921309
vt -0.001367602 0.03930626
vt -0.001930595 0.03898067
vt -0.001775086 0.03903886
vt -0.00177191 0.03913314
vt -0.003219142 0.03548878
vt -0.003192661 0.03548355
vt -0.003192661 0.03841577
vt -0.01094325 0.03742604
vt -0.01094062 0.03738151
vt -0.01078951 0.03744386
vt -0.01043402 0.03879872
vt -0.009962422 0.03881823
vt -0.0099624 0.03922191
vt -0.01046709 0.03556504
vt -0.009961416 0.03565155
vt -0.009957786 0.03599296
vt -0.01131624 0.03811036
vt -0.01084862 0.03812347
vt -0.01084915 0.03854941
vt -0.01057572 0.03325246
vt -0.01003875 0.03343361
vt -0.01057483 0.03339117
vt -0.01134232 0.03126749
vt -0.01119896 0.0311796
vt -0.01080615 0.03137512
vt -0.01060991 0.03244472
vt -0.01007873 0.03260978
vt -0.01008162 0.03286137
vt 0.002667833 0.04235102
vt 0.002097268 0.04122142
vt 0.002621638 0.04122142
vt 0.004467977 0.04202393
vt 0.00388857 0.04089457
vt 0.004408227 0.04089457
vt 0.006054152 0.04157166
vt 0.005452818 0.04044358
vt 0.00598683 0.04044358
vt 0.00746324 0.04099958
vt 0.006840677 0.03987304
vt 0.007394316 0.03987304
vt 0.008598231 0.04200372
vt 0.008043018 0.04131481
vt 0.008566417 0.04131487
vt 0.008559459 0.04272266
vt 0.008053104 0.04325879
vt 0.008062068 0.04272244
vt 0.00856349 0.04162728
vt 0.008070888 0.04208528
vt 0.008071797 0.04162696
vt 0.009488702 0.03842139
vt 0.009483729 0.03886101
vt 0.008995576 0.03842162
vt 0.01025967 0.03464767
vt 0.009792398 0.03422462
vt 0.01027359 0.0342441
vt -0.008878076 0.03959915
vt -0.00954537 0.03959913
vt -0.009499119 0.03847125
vt -0.008608717 0.0403251
vt -0.008547496 0.03919725
vt -0.00793831 0.04032509
vt -0.007203306 0.04105831
vt -0.007149482 0.03992989
vt -0.006566011 0.04105833
vt -0.01034226 0.03763875
vt -0.009749844 0.03876783
vt -0.01037528 0.03876785
vt -0.01123383 0.03660908
vt -0.01066397 0.03773956
vt -0.0112732 0.03773955
vt -0.005665783 0.04165752
vt -0.005620577 0.04052922
vt -0.005038938 0.04165752
vt -0.004240823 0.04207662
vt -0.004192782 0.04094876
vt -0.003604052 0.04207662
vt -0.002762513 0.04236239
vt -0.002709825 0.04123471
vt -0.002113955 0.04236239
vt -0.001244836 0.04250907
vt -0.001185878 0.0413812
vt -0.0005819253 0.04250907
vt 0.0002701566 0.04251054
vt 0.0003351704 0.04138188
vt 0.0009250491 0.04251054
vt 0.01118903 0.03480868
vt 0.01074291 0.03436986
vt 0.01120379 0.03438288
vt 0.01206945 0.02944703
vt 0.01162433 0.02904691
vt 0.0121071 0.02898802
vt 0.01248745 0.02772179
vt 0.01195218 0.02776448
vt 0.01248878 0.02758226
vt 0.01231301 0.02525758
vt 0.01177812 0.02536542
vt 0.01217074 0.02516952
vt 0.01239923 0.02704275
vt 0.01189604 0.02688592
vt 0.01242587 0.02672093
vt -0.0126462 0.03213471
vt -0.01207261 0.03213471
vt -0.01201361 0.03326433
vt -0.01132231 0.04047223
vt -0.0113183 0.04001504
vt -0.01087297 0.0400149
vt -0.01197036 0.038366
vt -0.01196015 0.0378308
vt -0.01148606 0.03783113
vt -0.01239816 0.03460068
vt -0.01188512 0.03460081
vt -0.01185343 0.03529102
vt -0.01242076 0.03097751
vt -0.01185365 0.03097751
vt -0.01179053 0.03210772
vt -0.01132254 0.04000111
vt -0.01087097 0.04000103
vt -0.01087321 0.04044153
vt -0.0119564 0.03550376
vt -0.01138635 0.03663466
vt -0.01200647 0.03663468
vt -0.01245089 0.03435991
vt -0.01186861 0.03549042
vt -0.01250969 0.03549041
vt -0.01268094 0.03322791
vt -0.01206882 0.03435767
vt -0.01274153 0.03435768
vt -0.01264624 0.03213448
vt -0.01201365 0.03326411
vt -0.01269802 0.0332641
vt 0.01110557 0.03760683
vt 0.01095063 0.03754909
vt 0.01094572 0.03746503
vt 0.01118063 0.03685039
vt 0.01102862 0.03679025
vt 0.0110256 0.03672285
vt 0.01176864 0.03505222
vt 0.01135448 0.03494204
vt 0.0113649 0.03489072
vt 0.01100451 0.03811482
vt 0.01084909 0.038057
vt 0.0108458 0.03796237
vt 0.01224822 0.03431927
vt 0.01170315 0.03421356
vt 0.01171037 0.03415821
vt 0.01200716 0.03334944
vt 0.01200745 0.03329216
vt 0.01256073 0.03334666
vt 0.01276363 0.03268785
vt 0.0122115 0.03280031
vt 0.01221036 0.03274251
vt 0.01339586 0.03353435
vt 0.01325233 0.03360377
vt 0.01324214 0.03355241
vt 0.01311405 0.03269567
vt 0.01270844 0.03286301
vt 0.01270041 0.03280777
vt 0.01287533 0.03227218
vt 0.01233302 0.03243662
vt 0.01233056 0.0323794
vt 0.01130575 0.03841578
vt 0.01127927 0.03841055
vt 0.01127927 0.03548878
vt 0.008728525 0.03919383
vt 0.008170757 0.03914386
vt 0.008728597 0.03910216
vt 0.008804761 0.03917889
vt 0.00936373 0.03903688
vt 0.00936253 0.03912891
vt 0.008208787 0.03877713
vt 0.0101308 0.0388666
vt 0.01053977 0.03871269
vt 0.0105352 0.03879618
vt 0.009533532 0.03901897
vt 0.01007675 0.03886751
vt 0.01007339 0.03894922
vt 0.01112641 0.03841578
vt 0.01112641 0.03548355
vt 0.01115289 0.03548878
vt 0.01057355 0.0387394
vt 0.01042132 0.03870295
vt 0.01057683 0.03864478
vt 0.01068467 0.03874845
vt 0.01053435 0.03872275
vt 0.01068956 0.03866439
vt 0.007664928 0.03862675
vt 0.007254954 0.03847375
vt 0.007254951 0.03847375
vt 0.007099361 0.03548355
vt 0.007254951 0.03542558
vt -0.00321908 0.03548878
vt -0.0031926 0.03841577
vt -0.003219081 0.03841054
vt -0.006829541 0.03879211
vt -0.006829327 0.03872293
vt -0.006677642 0.0387317
vt -0.007165741 0.03885307
vt -0.007165925 0.03878406
vt -0.006759659 0.03869756
vt -0.007812133 0.03885191
vt -0.007811829 0.03878371
vt -0.007271942 0.03869889
vt -0.01085118 0.03707932
vt -0.01084077 0.037028
vt -0.01043703 0.0371895
vt -0.01036672 0.03679336
vt -0.0103595 0.036738
vt -0.009821651 0.03689907
vt -0.009513696 0.03680963
vt -0.00896041 0.03686413
vt -0.009513985 0.03686691
vt -0.008552446 0.03718476
vt -0.008553586 0.03712696
vt -0.008000317 0.03707229
vt 0.001926373 0.03466514
vt 0.00177086 0.03460696
vt 0.001923086 0.03457052
vt 0.001510755 0.03847375
vt 0.001510755 0.03542558
vt 0.001666345 0.03548355
vt 0.001365526 0.03919247
vt 0.001775942 0.0390389
vt 0.001772763 0.03913319
vt 0.001368414 0.03930625
vt 0.00137069 0.03921307
vt 0.001777924 0.03915377
vt 0.0007651178 0.03947621
vt 0.0007661707 0.03938417
vt 0.001308773 0.03932633
vt -0.001485193 0.0396418
vt -0.001488557 0.03956009
vt -0.0009453382 0.03971155
vt -0.0006886095 0.03980767
vt -0.0006904373 0.03972773
vt -0.0001327227 0.0397783
vt 0.0001361756 0.03986115
vt 0.0001359375 0.03978179
vt 0.0006936512 0.03973119
vt -0.002000392 0.03947167
vt -0.002004971 0.03938819
vt -0.001595996 0.0395421
vt -0.001913932 0.03906723
vt -0.001917229 0.0389726
vt -0.001758522 0.03912506
vt -0.01095744 0.03703211
vt -0.01080373 0.03705017
vt -0.01081392 0.03710153
vt -0.009454275 0.03920143
vt -0.008966062 0.03960431
vt -0.009439076 0.03960482
vt -0.01048056 0.03862536
vt -0.01001072 0.03905053
vt -0.01046217 0.0390509
vt -0.009489714 0.03630326
vt -0.008974192 0.0366509
vt -0.009465635 0.03664385
vt -0.01038886 0.03636091
vt -0.009844082 0.03646812
vt -0.009846541 0.03652535
vt -0.0105782 0.03313944
vt -0.01004215 0.03318225
vt -0.01004591 0.03330088
vt -0.01135465 0.03137159
vt -0.01121758 0.03145302
vt -0.0113616 0.03153983
vt -0.01088754 0.03653254
vt -0.0104739 0.03664463
vt -0.01048193 0.03669988
vt -0.009562989 0.03356087
vt -0.009024364 0.0338432
vt -0.009543581 0.03381173
vt 0.00204216 0.04235101
vt 0.002097239 0.04122141
vt 0.002667803 0.04235101
vt 0.003847952 0.04202393
vt 0.003888566 0.04089457
vt 0.004467974 0.04202393
vt 0.005417008 0.04157166
vt 0.005452824 0.04044358
vt 0.006054159 0.04157166
vt 0.006802669 0.04099958
vt 0.006840674 0.03987304
vt 0.007463237 0.04099958
vt 0.008595417 0.04200292
vt 0.00801678 0.04200292
vt 0.008040288 0.04131394
vt 0.009504831 0.04287844
vt 0.008985339 0.04287849
vt 0.009490429 0.04234221
vt 0.00948988 0.04196859
vt 0.008996754 0.0419688
vt 0.009484902 0.04151029
vt 0.009482938 0.03886216
vt 0.008995825 0.03886249
vt 0.008994781 0.03842276
vt 0.01042141 0.03433341
vt 0.009959088 0.0343341
vt 0.009956233 0.03390805
vt -0.009626332 0.03978992
vt -0.009545395 0.03794786
vt -0.008878101 0.03794787
vt -0.008715818 0.04056757
vt -0.00860869 0.03872558
vt -0.007938283 0.03872557
vt -0.007297525 0.04135372
vt -0.007203336 0.03951064
vt -0.006566042 0.03951066
vt -0.01037525 0.03705593
vt -0.009749819 0.03705592
vt -0.01043302 0.03890026
vt -0.01127322 0.03595348
vt -0.01066399 0.0359535
vt -0.01134213 0.03780039
vt -0.00574489 0.04199565
vt -0.005665783 0.04015279
vt -0.005038938 0.04015279
vt -0.004324889 0.04244434
vt -0.004240823 0.04060231
vt -0.003604052 0.04060231
vt -0.002854711 0.04275045
vt -0.002762513 0.04090877
vt -0.002113955 0.04090877
vt -0.001348005 0.04290771
vt -0.001244836 0.04106567
vt -0.0005819253 0.04106567
vt 0.0001563913 0.04290964
vt 0.0002701566 0.04106611
vt 0.0009250491 0.04106611
vt 0.01129161 0.0346145
vt 0.01084909 0.03461507
vt 0.01084715 0.03417399
vt 0.01201845 0.02957968
vt 0.01156565 0.02959432
vt 0.01157188 0.02918117
vt 0.01248057 0.02740956
vt 0.01194991 0.02757184
vt 0.01194532 0.02745259
vt 0.01221584 0.0256407
vt 0.01207289 0.02555374
vt 0.01220987 0.02547216
vt 0.01242521 0.02677287
vt 0.01192655 0.02686828
vt 0.01192242 0.02661475
vt -0.01242073 0.03097775
vt -0.0117905 0.03210795
vt -0.01246714 0.03210796
vt -0.01132263 0.0404714
vt -0.0108733 0.04001407
vt -0.01087106 0.04047131
vt -0.01197027 0.03837161
vt -0.01148584 0.03783685
vt -0.01147122 0.03837168
vt -0.01199142 0.03435868
vt -0.01197024 0.03366807
vt -0.01143965 0.03435868
vt -0.01199142 0.02983884
vt -0.01137562 0.03097002
vt -0.01203396 0.03097001
vt -0.01045942 0.04018162
vt -0.01000943 0.04062157
vt -0.01045423 0.0406221
vt -0.01200645 0.03476965
vt -0.01138633 0.03476964
vt -0.01209406 0.03661739
vt -0.01250971 0.03354445
vt -0.01186862 0.03354446
vt -0.01261261 0.03539142
vt -0.01274152 0.03233119
vt -0.01206881 0.03233118
vt -0.01284754 0.03417679
vt -0.01269803 0.03115999
vt -0.01201366 0.03116
vt -0.01278864 0.03300531
vt 0.01132496 0.03535227
vt 0.01117121 0.03533445
vt 0.01117384 0.03528992
vt 0.01132591 0.0348565
vt 0.01118238 0.03478708
vt 0.0113361 0.03480514
vt 0.0117876 0.03446392
vt 0.01138199 0.03429657
vt 0.01179562 0.03440867
vt 0.01226204 0.03384611
vt 0.01171972 0.03368168
vt 0.0122645 0.03378888
vt 0.01255949 0.03328451
vt 0.01200704 0.03322948
vt 0.01256062 0.0332267
vt 0.01276988 0.03287612
vt 0.01221741 0.03293099
vt 0.0127696 0.03281885
vt 0.01112622 0.03841578
vt 0.0111527 0.03548878
vt 0.0111527 0.03841054
vt 0.008135306 0.0391783
vt 0.008133477 0.03909836
vt 0.008691191 0.03914893
vt 0.00817024 0.03914243
vt 0.008169043 0.03905039
vt 0.008728081 0.03910074
vt 0.008842641 0.03916865
vt 0.008842403 0.0390893
vt 0.009400115 0.03903869
vt 0.01052733 0.03879973
vt 0.01053194 0.03871624
vt 0.01068226 0.03874195
vt 0.01013442 0.03892218
vt 0.01013758 0.03884047
vt 0.01054196 0.03876993
vt 0.009537472 0.03907114
vt 0.009538838 0.03899119
vt 0.01007868 0.03892132
vt 0.008091534 0.03905742
vt 0.007548928 0.0389996
vt 0.007546587 0.03890643
vt 0.007512188 0.03890508
vt 0.007104951 0.0388458
vt 0.007101774 0.03875152
vt 0.007099361 0.03841578
vt -0.006599147 0.0382301
vt -0.006448034 0.03816775
vt -0.006445404 0.03821228
vt -0.006914189 0.0381461
vt -0.006510449 0.0379846
vt -0.006500038 0.03803592
vt -0.007583086 0.03778898
vt -0.00704524 0.03762791
vt -0.007038014 0.03768328
vt -0.009513843 0.03678697
vt -0.008960268 0.03678419
vt -0.008961389 0.03684198
vt -0.008559218 0.03725564
vt -0.008007021 0.03714351
vt -0.008006748 0.03720079
vt 0.001510749 0.03847375
vt 0.00166634 0.03548355
vt 0.001666339 0.03841578
vt 0.001764434 0.03913317
vt 0.001767621 0.03903889
vt 0.001919846 0.03907534
vt 0.001596808 0.03954209
vt 0.002005781 0.03938818
vt 0.002001205 0.03947166
vt 0.0009461882 0.03971154
vt 0.001489406 0.03956008
vt 0.001486041 0.03964179
vt -0.002014119 0.03948647
vt -0.001609743 0.03955702
vt -0.001606585 0.03963873
vt -0.001495554 0.03965381
vt -0.0009557144 0.03972368
vt -0.000954349 0.03980363
vt -0.000687174 0.03981119
vt -0.0001312881 0.03978181
vt -0.0001315184 0.03986116
vt 0.0001298256 0.03985766
vt 0.0006873192 0.03972778
vt 0.0006854827 0.03980772
vt -0.002159956 0.0393298
vt -0.002004761 0.03938819
vt -0.002000182 0.03947167
vt -0.009440123 0.04032942
vt -0.008967109 0.04032892
vt -0.00896867 0.04076905
vt -0.00945026 0.03921128
vt -0.008958808 0.03921768
vt -0.008961943 0.03961404
vt -0.01046279 0.04017953
vt -0.01001134 0.04017918
vt -0.01001285 0.04061953
vt -0.009503082 0.03622904
vt -0.008983712 0.03625787
vt -0.008988078 0.03657744
vt -0.009599245 0.03392528
vt -0.009047407 0.03398615
vt -0.00959417 0.03404386
vt -0.009606084 0.03318373
vt -0.009062689 0.03323924
vt -0.009069249 0.03346945
vt 0.001945776 0.04273919
vt 0.00204216 0.04089392
vt 0.002667803 0.04089392
vt 0.003776879 0.0423887
vt 0.003847952 0.04054387
vt 0.004467974 0.04054387
vt 0.005354335 0.04190344
vt 0.005417008 0.04006101
vt 0.006054159 0.04006101
vt 0.006736168 0.04128948
vt 0.006802669 0.03944993
vt 0.007463237 0.03944993
vt 0.008658088 0.0403279
vt 0.00801678 0.03920246
vt 0.008595417 0.03920246
vt 0.009505163 0.0407178
vt 0.009528459 0.04140679
vt 0.008985671 0.04071786
vt 0.009491359 0.04234162
vt 0.008986286 0.04287792
vt 0.008998233 0.04234186
vt 0.009484749 0.04151021
vt 0.008996601 0.04196872
vt 0.008997637 0.04151054
vt 0.01041941 0.03901614
vt 0.009962549 0.0385771
vt 0.01042487 0.03857644
vt -0.008716059 0.04056756
vt -0.007938503 0.03872557
vt -0.007855753 0.04056756
vt -0.009626112 0.03978994
vt -0.008877902 0.03794787
vt -0.008769801 0.03978994
vt -0.007297306 0.04135372
vt -0.006565841 0.03951065
vt -0.006479492 0.04135372
vt -0.005744881 0.04199565
vt -0.00503893 0.04015279
vt -0.004940476 0.04199565
vt -0.01043321 0.03890024
vt -0.009749987 0.0370559
vt -0.009630617 0.03890024
vt -0.01134196 0.03780043
vt -0.01066383 0.03595353
vt -0.01056015 0.03780043
vt -0.004325123 0.04244437
vt -0.003604268 0.04060234
vt -0.003507981 0.04244438
vt -0.002854663 0.04275044
vt -0.002113911 0.04090876
vt -0.002022394 0.04275044
vt -0.001348023 0.04290772
vt -0.000581942 0.04106567
vt -0.0004973375 0.04290772
vt 0.0001563818 0.04290964
vt 0.0009250404 0.04106611
vt 0.0009967787 0.04290964
vt 0.001945772 0.04273919
vt 0.002667799 0.04089392
vt 0.002748636 0.04273919
vt 0.01128886 0.03919764
vt 0.01085179 0.03875822
vt 0.01129432 0.03875767
vt 0.01205371 0.03524613
vt 0.01162091 0.03481867
vt 0.01207374 0.03480549
vt 0.0125531 0.03072116
vt 0.01209155 0.03039737
vt 0.01259163 0.03030976
vt 0.0126651 0.02851825
vt 0.01212294 0.02857235
vt 0.01266968 0.028399
vt 0.01264705 0.02767164
vt 0.01263082 0.02792468
vt 0.01210502 0.02772698
vt -0.01246713 0.02992133
vt -0.01179049 0.02992132
vt -0.01254833 0.03176775
vt -0.01046035 0.04030184
vt -0.01045518 0.03984462
vt -0.01001038 0.03984409
vt -0.01133648 0.03776563
vt -0.01132275 0.03723077
vt -0.01087118 0.03723067
vt -0.01197026 0.03367168
vt -0.01147122 0.03367177
vt -0.0114396 0.03436224
vt -0.01199142 0.02983908
vt -0.01143965 0.02983908
vt -0.01137561 0.03097025
vt -0.01203396 0.02870289
vt -0.01137562 0.0287029
vt -0.0121084 0.03055111
vt -0.01209421 0.03661735
vt -0.01138646 0.03476961
vt -0.01129843 0.03661735
vt -0.01186852 0.03354449
vt -0.01178981 0.03539145
vt -0.01261249 0.03539145
vt -0.01206889 0.03233116
vt -0.01198438 0.03417676
vt -0.01284764 0.03417676
vt -0.0120136 0.03116002
vt -0.01191034 0.03300533
vt -0.01278856 0.03300533
vt 0.01145344 0.03017081
vt 0.01146021 0.03000204
vt 0.01159713 0.03008373
vt 0.01198128 0.0297967
vt 0.01144581 0.02968868
vt 0.01158881 0.02960049
vt 0.01239744 0.0304597
vt 0.01186253 0.03041689
vt 0.011861 0.030277
vt 0.01208493 0.02945748
vt 0.01207909 0.02933821
vt 0.01263089 0.02939945
vt 0.01266549 0.02833298
vt 0.01211884 0.02850661
vt 0.0121137 0.0283943
vt 0.007976796 0.03922353
vt 0.007435591 0.0390737
vt 0.00797543 0.03914359
vt 0.008691799 0.03922041
vt 0.008136145 0.03917044
vt 0.00869203 0.03914106
vt 0.008090339 0.03915535
vt 0.007546682 0.03900546
vt 0.008089285 0.0390633
vt 0.008839143 0.03917838
vt 0.009396635 0.0390485
vt 0.0093948 0.03912844
vt 0.0107949 0.03844656
vt 0.01064321 0.03843784
vt 0.01079779 0.03837915
vt 0.01026265 0.03847031
vt 0.01066911 0.0383152
vt 0.01066903 0.03838436
vt 0.009654198 0.03852025
vt 0.01019441 0.03836689
vt 0.01019416 0.03843591
vt 0.007511399 0.03900506
vt 0.007101889 0.03885259
vt 0.007509123 0.03891189
vt 0.007104964 0.0388458
vt 0.006946277 0.03869334
vt 0.007101787 0.03875152
vt 0.006098817 0.03841578
vt 0.006072337 0.03548878
vt 0.006098818 0.03548355
vt -0.006575166 0.03793604
vt -0.006421451 0.03791797
vt -0.006564977 0.03798739
vt -0.006846933 0.03777642
vt -0.006433294 0.03766433
vt -0.006838906 0.03783167
vt -0.007544317 0.03752095
vt -0.007546778 0.03746373
vt -0.007002 0.03735652
vt -0.008445125 0.03448645
vt -0.007893328 0.0344252
vt -0.008439836 0.03459865
vt 0.003193701 0.03841578
vt 0.003193701 0.03548355
vt 0.003220182 0.03548878
vt 0.001923048 0.03906728
vt 0.001770822 0.03903083
vt 0.001926335 0.03897266
vt 0.002144947 0.03940772
vt 0.001994624 0.03938203
vt 0.002149836 0.03932367
vt 0.001985203 0.0394721
vt 0.001989805 0.03938862
vt 0.002140126 0.03941433
vt 0.001607398 0.03963873
vt 0.001610557 0.03955701
vt 0.002014934 0.03948647
vt 0.0009552003 0.03980363
vt 0.0009565675 0.03972368
vt 0.001496405 0.0396538
vt -0.002282416 0.03951722
vt -0.002282489 0.03944805
vt -0.001876034 0.03960317
vt -0.001729848 0.03962507
vt -0.001730101 0.03955606
vt -0.001189887 0.03970942
vt -0.0007752642 0.03973291
vt -0.000776638 0.03966473
vt -0.0002211133 0.03971614
vt 0.0002270229 0.03976315
vt 0.00022647 0.03969526
vt 0.000781985 0.03964376
vt -0.002128386 0.03940815
vt -0.0021333 0.03932409
vt -0.001973451 0.03946588
vt -0.008345281 0.04044293
vt -0.007870925 0.04088271
vt -0.008341032 0.04088304
vt -0.009434964 0.04033022
vt -0.008963459 0.0407698
vt -0.009429643 0.04077054
vt -0.008358545 0.03952662
vt -0.00787098 0.03992261
vt -0.008347876 0.03992284
vt -0.008396527 0.03679431
vt -0.007887405 0.03710631
vt -0.008382082 0.03711359
vt -0.009589003 0.03386549
vt -0.009042282 0.03380737
vt -0.009045472 0.03391965
vt -0.008405972 0.03401435
vt -0.007872077 0.03421247
vt -0.008392934 0.03424428
vt 0.003776889 0.04238869
vt 0.004467983 0.04054387
vt 0.00457254 0.04238869
vt 0.005354338 0.04190344
vt 0.006054162 0.04006101
vt 0.006171968 0.04190344
vt 0.006736175 0.04128948
vt 0.007463244 0.03944993
vt 0.007583855 0.04128948
vt 0.007881806 0.04056886
vt 0.008658089 0.03873138
vt 0.008767759 0.04056886
vt 0.008658105 0.04032791
vt 0.007967714 0.04032791
vt 0.008016796 0.03920247
vt 0.009527887 0.04140662
vt 0.008953371 0.04140662
vt 0.008985117 0.04071767
vt 0.01043313 0.0418742
vt 0.01044704 0.04241022
vt 0.009958122 0.0424104
vt 0.01042271 0.04136846
vt 0.01042819 0.04182661
vt 0.009965872 0.04182726
vt 0.01041508 0.03902207
vt 0.009959615 0.03902305
vt 0.009958204 0.03858305
vt -0.008818956 0.04214855
vt -0.008716059 0.04039115
vt -0.007855753 0.04039115
vt -0.009703817 0.041366
vt -0.009626112 0.03960852
vt -0.008769801 0.03960852
vt -0.007387741 0.04294095
vt -0.007297306 0.0411825
vt -0.006479492 0.0411825
vt -0.005820848 0.0435868
vt -0.005744881 0.04182857
vt -0.004940476 0.04182857
vt -0.01043321 0.03871286
vt -0.009630617 0.03871286
vt -0.0104887 0.04047252
vt -0.01134196 0.03760589
vt -0.01056015 0.03760589
vt -0.01140811 0.03936804
vt -0.004405874 0.04403781
vt -0.004325126 0.04228036
vt -0.003507984 0.04228037
vt -0.002943198 0.0443456
vt -0.002854663 0.0425885
vt -0.002022394 0.0425885
vt -0.001447101 0.04450424
vt -0.001348023 0.04274678
vt -0.0004973375 0.04274678
vt 0.00004712731 0.04450753
vt 0.0001563818 0.04274863
vt 0.0009967787 0.04274863
vt 0.00185321 0.04433754
vt 0.001945772 0.04257696
vt 0.002748636 0.04257696
vt 0.01128926 0.03919711
vt 0.01085394 0.03919793
vt 0.01085219 0.03875769
vt 0.01198661 0.03538637
vt 0.01155311 0.03538625
vt 0.01155252 0.03496022
vt 0.01249303 0.03097727
vt 0.01203101 0.03099891
vt 0.01202975 0.03065596
vt 0.0126415 0.02780859
vt 0.01212774 0.02784047
vt 0.01211597 0.02761014
vt -0.01179053 0.02992131
vt -0.01168009 0.03176773
vt -0.01254839 0.03176773
vt -0.01046341 0.0402961
vt -0.01001348 0.03983831
vt -0.01001196 0.04029574
vt -0.01133681 0.03776383
vt -0.01087155 0.03722884
vt -0.01085994 0.03776381
vt -0.01136199 0.03341318
vt -0.01133693 0.03272244
vt -0.01083422 0.03341318
vt -0.011362 0.0286785
vt -0.01078149 0.0298104
vt -0.01141119 0.02981041
vt -0.01137561 0.02870291
vt -0.01126354 0.03055112
vt -0.01210836 0.03055112
vt -0.01209421 0.03641502
vt -0.01129843 0.03641502
vt -0.01217836 0.03817797
vt -0.01261249 0.03518125
vt -0.01178981 0.03518125
vt -0.01271129 0.03694346
vt -0.01284764 0.03395856
vt -0.01198438 0.03395856
vt -0.01294947 0.03571945
vt -0.01278856 0.03277961
vt -0.01191034 0.03277961
vt -0.01287556 0.03454022
vt 0.01196701 0.03105576
vt 0.01143641 0.03081203
vt 0.01197269 0.03091597
vt 0.01239547 0.03037805
vt 0.01186397 0.03021561
vt 0.01239886 0.03025868
vt 0.01262973 0.02932652
vt 0.01262623 0.02943889
vt 0.01208379 0.02938467
vt 0.007828991 0.03889172
vt 0.007289029 0.03880738
vt 0.007288776 0.03873836
vt 0.007981775 0.03915967
vt 0.007441921 0.03908991
vt 0.007438556 0.0390082
vt 0.00808516 0.03873171
vt 0.008083788 0.03866353
vt 0.008639311 0.03871494
vt 0.008891988 0.03860196
vt 0.008891434 0.03853407
vt 0.009446949 0.03848257
vt 0.01063903 0.03840615
vt 0.01063925 0.03833699
vt 0.01079093 0.03834574
vt 0.01028156 0.03837097
vt 0.01028138 0.03830194
vt 0.01068764 0.03821545
vt 0.009666141 0.03844012
vt 0.009666446 0.03837192
vt 0.01020633 0.0382871
vt 0.007372351 0.03903738
vt 0.006967954 0.03896696
vt 0.006963377 0.03888347
vt 0.00711288 0.03884214
vt 0.006957467 0.03878431
vt 0.006954171 0.03868969
vt 0.006098823 0.03841578
vt 0.006072341 0.03841055
vt 0.006072342 0.03548878
vt -0.005520254 0.03462923
vt -0.005383238 0.03454771
vt -0.005374495 0.03471614
vt -0.005993708 0.03448275
vt -0.005601034 0.03428697
vt -0.005455938 0.03437497
vt -0.007161559 0.03517507
vt -0.006625046 0.03499259
vt -0.006621768 0.03513232
vt -0.008433668 0.03454875
vt -0.00788728 0.03437493
vt -0.007889768 0.03449451
vt 0.0031937 0.03841578
vt 0.003220182 0.03841054
vt 0.002378599 0.03948934
vt 0.002226913 0.03948063
vt 0.002381491 0.03942194
vt 0.001876832 0.03960315
vt 0.002283289 0.03944804
vt 0.002283215 0.0395172
vt 0.001190638 0.03970951
vt 0.001730851 0.03955615
vt 0.001730599 0.03962517
vt -0.0024369 0.03938911
vt -0.002282422 0.03944806
vt -0.002282349 0.03951723
vt -0.002323622 0.03945798
vt -0.001917356 0.03954447
vt -0.001917541 0.03961349
vt -0.001755344 0.0395621
vt -0.001215458 0.03964692
vt -0.001215151 0.03971511
vt -0.0007737577 0.0397121
vt -0.0002196077 0.03969529
vt -0.0002201475 0.03976319
vt 0.0002163429 0.03978404
vt 0.0007713504 0.03966486
vt 0.0007699644 0.03973304
vt -0.008346194 0.04004041
vt -0.008341952 0.03958273
vt -0.007871845 0.0395824
vt -0.008348435 0.04044315
vt -0.007871538 0.04044293
vt -0.007874105 0.04088296
vt -0.009436688 0.04015558
vt -0.009431384 0.03969817
vt -0.0089652 0.03969742
vt -0.008400609 0.03944921
vt -0.007905923 0.0394426
vt -0.007913943 0.0398463
vt -0.008444676 0.03656945
vt -0.007923656 0.03654044
vt -0.00793695 0.03688372
vt -0.008412409 0.03395734
vt -0.007868642 0.03390178
vt -0.007878662 0.03415585
vt 0.003708637 0.04398435
vt 0.003776889 0.0422242
vt 0.00457254 0.0422242
vt 0.005294149 0.04349376
vt 0.005354338 0.04173593
vt 0.006171968 0.04173593
vt 0.006672313 0.04287314
vt 0.006736175 0.0411181
vt 0.007583855 0.0411181
vt 0.007799323 0.0421459
vt 0.007881806 0.04039285
vt 0.008767759 0.04039285
vt 0.007881824 0.04056884
vt 0.007967714 0.03873136
vt 0.008658105 0.03873136
vt 0.009527887 0.0384707
vt 0.009572231 0.03959634
vt 0.008953371 0.0384707
vt 0.01044815 0.03997741
vt 0.01046795 0.0406668
vt 0.009959231 0.03997762
vt 0.01043247 0.04187473
vt 0.009957455 0.04241092
vt 0.009970157 0.04187543
vt 0.01042006 0.04136726
vt 0.009963209 0.04182605
vt 0.009964595 0.04136824
vt -0.007387694 0.04294095
vt -0.006479449 0.0411825
vt -0.006396523 0.04294095
vt -0.008818954 0.04214855
vt -0.00785575 0.04039115
vt -0.007776283 0.04214855
vt -0.009703839 0.041366
vt -0.008769821 0.03960853
vt -0.008666011 0.041366
vt -0.005820856 0.0435868
vt -0.004940483 0.04182857
vt -0.004845937 0.0435868
vt -0.004405642 0.04403776
vt -0.003507768 0.04228032
vt -0.003415286 0.04403776
vt -0.01048872 0.04047252
vt -0.009630634 0.03871286
vt -0.009516003 0.04047252
vt -0.0114081 0.03936805
vt -0.01056014 0.03760589
vt -0.01046057 0.03936805
vt -0.002943248 0.04434561
vt -0.00202244 0.04258851
vt -0.001934559 0.04434561
vt -0.00144706 0.04450423
vt -0.0004972987 0.04274677
vt -0.000416047 0.04450423
vt 0.00004712575 0.04450753
vt 0.0009967772 0.04274863
vt 0.001065667 0.04450753
vt 0.001853219 0.04433753
vt 0.002748645 0.04257696
vt 0.002826271 0.04433753
vt 0.003708624 0.04398435
vt 0.004572527 0.0422242
vt 0.004672931 0.04398435
vt 0.01129299 0.04120659
vt 0.01085594 0.04166493
vt 0.01085766 0.04120741
vt 0.01198104 0.03938282
vt 0.01155266 0.0389425
vt 0.01198617 0.03894261
vt 0.01253248 0.03603986
vt 0.01209065 0.03563394
vt 0.01255276 0.03561431
vt 0.01266663 0.03186209
vt 0.01217331 0.0315487
vt 0.01268724 0.03151976
vt 0.01263924 0.02861301
vt 0.01263183 0.02884352
vt 0.01209694 0.02855742
vt -0.01254839 0.03153384
vt -0.01168009 0.03153384
vt -0.01262638 0.03329551
vt -0.01048222 0.03718759
vt -0.01046421 0.03665279
vt -0.01001276 0.03665241
vt -0.01133683 0.03272116
vt -0.01085996 0.03272114
vt -0.01083414 0.03341192
vt -0.01136199 0.02867828
vt -0.01083422 0.02867828
vt -0.01078148 0.02981019
vt -0.01141119 0.02746102
vt -0.01078149 0.02746101
vt -0.01149727 0.02931063
vt -0.01210836 0.03030945
vt -0.01126354 0.03030945
vt -0.01217983 0.03207287
vt -0.01217837 0.03817797
vt -0.01129844 0.03641502
vt -0.01121391 0.03817797
vt -0.01271128 0.03694346
vt -0.0117898 0.03518125
vt -0.01171421 0.03694346
vt -0.01198439 0.03395856
vt -0.01190324 0.03571945
vt -0.01294949 0.03571945
vt -0.01181118 0.03454022
vt -0.01287555 0.03454022
vt 0.01198661 0.03061189
vt 0.01145228 0.03003677
vt 0.01197946 0.03028781
vt 0.0124132 0.02990978
vt 0.01188479 0.02948929
vt 0.012415 0.02965587
vt 0.007166393 0.03885313
vt 0.006760312 0.03869761
vt 0.007166577 0.0387841
vt 0.0078128 0.03885192
vt 0.007272608 0.03869892
vt 0.007812495 0.03878373
vt 0.007366917 0.03910767
vt 0.006959382 0.03895542
vt 0.007363759 0.03902596
vt 0.008639662 0.03874301
vt 0.008086051 0.03869192
vt 0.008640201 0.03867512
vt 0.008886227 0.03864735
vt 0.009441233 0.03852818
vt 0.009439846 0.03859637
vt 0.01078998 0.03744376
vt 0.01094109 0.03738141
vt 0.01094372 0.03742594
vt 0.01043753 0.03718929
vt 0.01084127 0.03702779
vt 0.01085168 0.0370791
vt 0.009822207 0.03689808
vt 0.01036005 0.03673701
vt 0.01036728 0.03679237
vt 0.006968087 0.03896693
vt 0.006808313 0.03882505
vt 0.006963511 0.03888344
vt -0.006067795 0.0355135
vt -0.006078134 0.03537412
vt -0.00553955 0.03527048
vt -0.007148332 0.03510422
vt -0.007155 0.0349848
vt -0.006615236 0.03494171
vt 0.002218166 0.03952181
vt 0.00221838 0.03945264
vt 0.002370063 0.0394614
vt 0.001918268 0.03961359
vt 0.001918083 0.03954456
vt 0.002324351 0.03945807
vt 0.001215981 0.03971501
vt 0.001216285 0.03964682
vt 0.001756172 0.039562
vt -0.002309004 0.03949452
vt -0.002312031 0.03942712
vt -0.002156998 0.03955466
vt -0.002697186 0.0389212
vt -0.002686775 0.03886988
vt -0.002283037 0.03903138
vt -0.002103007 0.03875126
vt -0.002095783 0.0386959
vt -0.001557936 0.03885697
vt -0.0009104703 0.03865981
vt -0.00091018 0.03860253
vt -0.0003568959 0.03865704
vt 0.0003641533 0.03865585
vt 0.0003630133 0.03859806
vt 0.0009162847 0.03854339
vt -0.009441264 0.04014759
vt -0.008969823 0.03968939
vt -0.00896825 0.0401471
vt -0.008349038 0.04003571
vt -0.007874714 0.03957767
vt -0.007872141 0.04003549
vt -0.007175319 0.04097783
vt -0.007178305 0.0405378
vt -0.006720685 0.04097854
vt -0.007175621 0.04012356
vt -0.007182493 0.03971984
vt -0.006714409 0.04012406
vt -0.007207407 0.03733938
vt -0.007215329 0.03699594
vt -0.006727527 0.03731776
vt -0.007110185 0.03475737
vt -0.007120515 0.03450331
vt -0.006601502 0.03466175
vt 0.00529417 0.04349375
vt 0.006171988 0.04173591
vt 0.00628512 0.04349375
vt 0.006672303 0.04287315
vt 0.007583846 0.0411181
vt 0.007699666 0.04287315
vt 0.007799325 0.0421459
vt 0.008767761 0.04039285
vt 0.00887308 0.0421459
vt 0.009724359 0.04135715
vt 0.008658255 0.04135715
vt 0.009649839 0.03960375
vt 0.009649832 0.03978492
vt 0.00877019 0.03978492
vt 0.009572234 0.03794707
vt 0.009572225 0.03959634
vt 0.00888675 0.03959634
vt 0.008953365 0.0384707
vt 0.01046697 0.04066653
vt 0.00992561 0.04066653
vt 0.009958282 0.03997731
vt 0.01129507 0.04133754
vt 0.01130952 0.04187298
vt 0.01084051 0.04187312
vt 0.01129131 0.04120603
vt 0.01129677 0.04166381
vt 0.01085425 0.04166435
vt -0.007387694 0.04417201
vt -0.006396523 0.04417201
vt -0.006357457 0.04504441
vt -0.008818954 0.04341902
vt -0.007776283 0.04341902
vt -0.007738846 0.04429094
vt -0.009703839 0.04267599
vt -0.008666011 0.04267599
vt -0.008617106 0.04354796
vt -0.005820856 0.04478513
vt -0.004845937 0.04478513
vt -0.004801396 0.04565744
vt -0.004405642 0.04521292
vt -0.003415286 0.04521292
vt -0.003371718 0.04608486
vt -0.01048872 0.04182848
vt -0.009516003 0.04182848
vt -0.009462 0.04270142
vt -0.0114081 0.0407805
vt -0.01046057 0.0407805
vt -0.01041366 0.04165456
vt -0.002943248 0.04550493
vt -0.001934559 0.04550493
vt -0.001893157 0.04637672
vt -0.00144706 0.04565577
vt -0.000416047 0.04565577
vt -0.0003777687 0.04652772
vt 0.00004712575 0.0456598
vt 0.001065667 0.0456598
vt 0.001098122 0.04653239
vt 0.001853219 0.04549938
vt 0.002826271 0.04549938
vt 0.002862843 0.04637273
vt 0.004720234 0.04603687
vt 0.003708624 0.04516372
vt 0.004672931 0.04516372
vt 0.01198063 0.0410346
vt 0.01198576 0.04149209
vt 0.01155225 0.04149199
vt 0.01198701 0.03937461
vt 0.01156053 0.03937445
vt 0.01155867 0.03893425
vt 0.0124528 0.03624703
vt 0.01201271 0.0362467
vt 0.01200918 0.03584308
vt 0.01264928 0.0319658
vt 0.01216746 0.03197298
vt 0.01215533 0.03165341
vt 0.01262041 0.028964
vt 0.01210549 0.02893225
vt 0.01208483 0.02867918
vt -0.01168008 0.03153383
vt -0.01157402 0.03329551
vt -0.01048586 0.03717537
vt -0.01001662 0.03664001
vt -0.01000848 0.03717527
vt -0.01051994 0.03251889
vt -0.01048695 0.03182842
vt -0.009991384 0.03251889
vt -0.0105199 0.02758506
vt -0.009954259 0.02871634
vt -0.01058489 0.02871633
vt -0.01078148 0.02746101
vt -0.01068921 0.02931062
vt -0.01149728 0.02931062
vt -0.01115592 0.03207287
vt -0.01217837 0.03965043
vt -0.01121391 0.03965043
vt -0.01117408 0.04052484
vt -0.01271128 0.03847771
vt -0.01171421 0.03847771
vt -0.01167859 0.03935179
vt -0.01294949 0.03731492
vt -0.01190324 0.03731492
vt -0.01186501 0.03818841
vt -0.01287555 0.03619495
vt -0.01181118 0.03619495
vt -0.01176446 0.03706832
vt 0.01240271 0.03004664
vt 0.01190031 0.02995167
vt 0.01187226 0.02962872
vt 0.01198745 0.03031139
vt 0.01149846 0.03024675
vt 0.01146414 0.02972623
vt 0.006914846 0.03814621
vt 0.006500696 0.03803602
vt 0.006511108 0.03798471
vt 0.007193823 0.03889148
vt 0.006787442 0.03880553
vt 0.006787368 0.03873636
vt 0.007583631 0.03778817
vt 0.007038562 0.03768246
vt 0.007045786 0.03762711
vt 0.008003878 0.03720257
vt 0.008004168 0.03714529
vt 0.008557453 0.0371998
vt 0.008964806 0.03684028
vt 0.008963667 0.03678247
vt 0.009516937 0.03672782
vt 0.01081438 0.03710134
vt 0.01080419 0.03704998
vt 0.01095791 0.03703192
vt 0.01048247 0.03669887
vt 0.01047445 0.03664363
vt 0.01088808 0.03653153
vt 0.009847106 0.03652408
vt 0.009844646 0.03646686
vt 0.01038942 0.03635964
vt 0.006984689 0.03896757
vt 0.006829754 0.03890982
vt 0.00682484 0.03882577
vt -0.005841025 0.03460858
vt -0.00531782 0.03435489
vt -0.005341866 0.03487188
vt -0.0070944 0.03472727
vt -0.006562155 0.03456199
vt -0.006574984 0.03488439
vt 0.002561217 0.03909634
vt 0.002712329 0.03903399
vt 0.002714959 0.03907851
vt 0.002283998 0.03903112
vt 0.002687737 0.03886962
vt 0.002698147 0.03892093
vt 0.001558873 0.03885632
vt 0.002096717 0.03869526
vt 0.002103941 0.03875061
vt -0.002714092 0.03907844
vt -0.002711461 0.03903391
vt -0.00256035 0.03909626
vt -0.002748531 0.03884786
vt -0.002594817 0.03886592
vt -0.002605005 0.03891728
vt -0.002790373 0.03858994
vt -0.002376737 0.03870203
vt -0.002384762 0.03875728
vt -0.002155078 0.03846587
vt -0.001610301 0.03857308
vt -0.001612762 0.03863031
vt -0.0009101982 0.03860084
vt -0.0003566238 0.03859805
vt -0.0003577449 0.03865585
vt 0.0003531118 0.03871494
vt 0.00090531 0.03860281
vt 0.0009055817 0.03866009
vt -0.009461944 0.03670306
vt -0.009442738 0.03616807
vt -0.008969725 0.03616754
vt -0.007172979 0.03948659
vt -0.006718346 0.03948729
vt -0.007175982 0.03994441
vt -0.008365179 0.03632512
vt -0.008349806 0.03578969
vt -0.00787291 0.03578945
vt -0.007174161 0.04053698
vt -0.006712949 0.04053745
vt -0.00671651 0.04097768
vt -0.00727197 0.03959088
vt -0.006792003 0.03957128
vt -0.006805663 0.03999714
vt -0.007279966 0.03675859
vt -0.006769873 0.03667081
vt -0.006793885 0.03708301
vt 0.006338416 0.04556863
vt 0.00529417 0.04469651
vt 0.00628512 0.04469651
vt 0.007754231 0.04497658
vt 0.006672303 0.04410571
vt 0.007699666 0.04410571
vt 0.008922694 0.04428423
vt 0.007799325 0.04341425
vt 0.00887308 0.04341425
vt 0.009759466 0.0435358
vt 0.008658255 0.04266566
vt 0.009724359 0.04266566
vt 0.008658247 0.04135716
vt 0.00877019 0.03960376
vt 0.009649832 0.03960376
vt 0.008770179 0.03978493
vt 0.00888675 0.03794708
vt 0.009572225 0.03794708
vt 0.01050327 0.0386841
vt 0.00992561 0.03755708
vt 0.01046697 0.03755708
vt 0.01131033 0.03912664
vt 0.01133189 0.03981629
vt 0.01084132 0.03912681
vt 0.01129998 0.04133228
vt 0.01084553 0.04186796
vt 0.01085746 0.04133286
vt -0.008867412 0.04429097
vt -0.008818938 0.04341904
vt -0.007738829 0.04429097
vt -0.00743033 0.04504437
vt -0.007387727 0.04417197
vt -0.00635749 0.04504437
vt -0.009740451 0.04354795
vt -0.009703843 0.04267599
vt -0.00861711 0.04354795
vt -0.01048872 0.04182849
vt -0.009461996 0.04270143
vt -0.01051487 0.04270143
vt -0.0058566 0.04565748
vt -0.005820812 0.04478518
vt -0.00480135 0.04565748
vt -0.004443701 0.04608484
vt -0.004405667 0.04521289
vt -0.003371744 0.04608484
vt -0.01140811 0.04078048
vt -0.01041367 0.04165453
vt -0.01143928 0.04165453
vt -0.01217838 0.0396504
vt -0.01117409 0.04052482
vt -0.01221802 0.04052482
vt -0.002984957 0.04637672
vt -0.002943247 0.04550493
vt -0.001493728 0.04652773
vt -0.001447053 0.04565578
vt -0.0003777619 0.04652773
vt -0.000004362143 0.04653238
vt 0.00004710755 0.04565978
vt 0.001098103 0.04653238
vt 0.001809624 0.04637273
vt 0.001853227 0.04549938
vt 0.002862851 0.04637273
vt 0.003676493 0.04603689
vt 0.003708648 0.04516373
vt 0.004720259 0.04603689
vt 0.01198524 0.04074472
vt 0.01154126 0.04127989
vt 0.01155173 0.04074461
vt 0.01198639 0.0410357
vt 0.01155805 0.04149313
vt 0.01155992 0.04103554
vt 0.01244705 0.0395636
vt 0.01201184 0.03912311
vt 0.01245193 0.03912342
vt 0.01265148 0.03675871
vt 0.01218212 0.03636178
vt 0.01266395 0.03635527
vt 0.01258367 0.03266169
vt 0.01207479 0.03231309
vt 0.01258987 0.03234195
vt -0.01262638 0.0350129
vt -0.01157402 0.0350129
vt -0.01152405 0.03588674
vt -0.01048606 0.03182263
vt -0.01000869 0.03182251
vt -0.009990603 0.03251318
vt -0.01051994 0.02758528
vt -0.009991384 0.02758528
vt -0.009954284 0.02871656
vt -0.01058489 0.02628926
vt -0.009954255 0.02628927
vt -0.01069862 0.02813768
vt -0.01149728 0.02906085
vt -0.01068921 0.02906085
vt -0.01157996 0.03082562
vt -0.01217983 0.03385161
vt -0.01115592 0.03385161
vt -0.01110522 0.03472623
vt -0.01271128 0.03847772
vt -0.01167859 0.0393518
vt -0.01275782 0.0393518
vt -0.01294948 0.03731496
vt -0.011865 0.03818845
vt -0.01299745 0.03818845
vt -0.01287555 0.03619497
vt -0.01176446 0.03706833
vt -0.01291653 0.03706833
vt -0.01262638 0.03501289
vt -0.01152405 0.03588673
vt -0.01266313 0.03588673
vt 0.01236378 0.0331855
vt 0.0118554 0.03275527
vt 0.01235924 0.03284228
vt 0.01199637 0.03357932
vt 0.01149835 0.03310633
vt 0.01198808 0.03316513
vt 0.01137848 0.03118109
vt 0.01086733 0.03091548
vt 0.01138933 0.03065955
vt 0.006565738 0.03798742
vt 0.006422211 0.037918
vt 0.006575926 0.03793606
vt 0.006839413 0.03783093
vt 0.006433802 0.03766358
vt 0.006847438 0.03777568
vt 0.006787434 0.03880553
vt 0.006632883 0.03867741
vt 0.00678736 0.03873636
vt 0.007544891 0.03752033
vt 0.007002575 0.0373559
vt 0.007547351 0.03746311
vt 0.008556495 0.03718276
vt 0.008004042 0.03712774
vt 0.008557616 0.03712496
vt 0.008959174 0.03692341
vt 0.00951137 0.03681128
vt 0.009511642 0.03686855
vt 0.01137117 0.03138659
vt 0.01122392 0.03129942
vt 0.01136078 0.03121764
vt 0.01081312 0.0312089
vt 0.01120545 0.03101242
vt 0.01135202 0.03110074
vt 0.01005531 0.03312568
vt 0.01059168 0.03294277
vt 0.01059632 0.03308283
vt -0.004270141 0.03530776
vt -0.004293202 0.03479072
vt -0.003783433 0.03537196
vt -0.005738928 0.03534633
vt -0.005750478 0.03502389
vt -0.005249197 0.03528312
vt 0.002605921 0.03891701
vt 0.002595734 0.03886565
vt 0.002749447 0.03884759
vt 0.002385819 0.03875663
vt 0.002377794 0.03870139
vt 0.002791429 0.03858929
vt 0.001613574 0.03863029
vt 0.001611114 0.03857307
vt 0.002155889 0.03846586
vt -0.004072703 0.03525153
vt -0.004064699 0.03508315
vt -0.003927672 0.03516465
vt -0.003980036 0.0349946
vt -0.003835667 0.03490661
vt -0.003442965 0.03510234
vt -0.002659642 0.03632871
vt -0.002657366 0.03618943
vt -0.002120653 0.03637132
vt -0.001083587 0.03640381
vt -0.001085884 0.03628462
vt -0.0005340797 0.0363458
vt 0.001092279 0.03620248
vt 0.0005433462 0.03637636
vt 0.0005404993 0.03626388
vt -0.009467236 0.0366879
vt -0.008975244 0.03615218
vt -0.008967271 0.03668778
vt -0.007172645 0.03994955
vt -0.006714984 0.03949245
vt -0.006711434 0.03995001
vt -0.008368642 0.03631622
vt -0.007876496 0.03578045
vt -0.007864729 0.03631616
vt -0.005796219 0.04106946
vt -0.005799099 0.04062922
vt -0.005353702 0.04107017
vt -0.005795007 0.04028487
vt -0.005801308 0.03985884
vt -0.005345862 0.04028537
vt -0.005808323 0.03752024
vt -0.005815389 0.03710741
vt -0.005342304 0.03750573
vt 0.005265812 0.04556863
vt 0.005294166 0.04469651
vt 0.006338412 0.04556863
vt 0.006642217 0.04497659
vt 0.006672305 0.04410571
vt 0.007754233 0.04497659
vt 0.007760471 0.04428423
vt 0.007799328 0.04341425
vt 0.008922697 0.04428423
vt 0.009759457 0.0435358
vt 0.00860551 0.0435358
vt 0.008658247 0.04266566
vt 0.0106278 0.04037683
vt 0.009623218 0.04037683
vt 0.01056679 0.03862092
vt 0.01056679 0.03880858
vt 0.009737918 0.03880858
vt 0.01050327 0.03696814
vt 0.009857356 0.0386841
vt 0.01132941 0.03981552
vt 0.01080975 0.03981552
vt 0.01083894 0.03912596
vt 0.01197718 0.04075653
vt 0.0119924 0.04129154
vt 0.01153299 0.04129152
vt -0.007724755 0.04786574
vt -0.008867412 0.04745624
vt -0.007738829 0.04745624
vt -0.006342805 0.04847183
vt -0.00743033 0.04806219
vt -0.00635749 0.04806219
vt -0.008598725 0.04727123
vt -0.009740451 0.04686172
vt -0.00861711 0.04686172
vt -0.009441695 0.04659901
vt -0.01051487 0.04618921
vt -0.009461996 0.04618921
vt -0.004784605 0.04896198
vt -0.0058566 0.04855237
vt -0.00480135 0.04855237
vt -0.003355364 0.04930175
vt -0.004443701 0.04889224
vt -0.003371744 0.04889224
vt -0.01039604 0.04576648
vt -0.01143928 0.04535634
vt -0.01041367 0.04535634
vt -0.01115912 0.04486309
vt -0.01221802 0.04445284
vt -0.01117409 0.04445284
vt -0.001877593 0.04953429
vt -0.002984957 0.04912484
vt -0.001893157 0.04912484
vt -0.0003633729 0.04965624
vt -0.001493728 0.04924674
vt -0.0003777619 0.04924674
vt 0.001110304 0.04966434
vt -0.000004362143 0.04925464
vt 0.001098103 0.04925464
vt 0.0028766 0.04954147
vt 0.001809624 0.04913156
vt 0.002862851 0.04913156
vt 0.004738041 0.04927129
vt 0.003676493 0.04886143
vt 0.004720259 0.04886143
vt 0.01244451 0.04014776
vt 0.01246094 0.04068289
vt 0.01199467 0.04068281
vt 0.01244615 0.04085767
vt 0.01245102 0.04131524
vt 0.01201092 0.04131492
vt 0.01245174 0.0395565
vt 0.01201869 0.03955603
vt 0.01201656 0.03911597
vt 0.0126311 0.03682844
vt 0.01216979 0.03682834
vt 0.01216116 0.03643219
vt 0.01259499 0.032577
vt 0.01211112 0.03256979
vt 0.0120868 0.03222741
vt -0.01221349 0.03472623
vt -0.009504952 0.03178776
vt -0.009468894 0.0310978
vt -0.008951457 0.03178776
vt -0.009505004 0.02669657
vt -0.008916007 0.02782619
vt -0.009576403 0.0278262
vt -0.009954287 0.02628925
vt -0.009889364 0.02813767
vt -0.01069863 0.02813767
vt -0.01068921 0.02906086
vt -0.0106006 0.03082562
vt -0.01157996 0.03266674
vt -0.01055885 0.03354197
vt -0.01161891 0.03354197
vt -0.0116652 0.04392173
vt -0.01275782 0.04351158
vt -0.01167859 0.04351158
vt -0.01185062 0.04298729
vt -0.01299745 0.04257731
vt -0.011865 0.04257731
vt -0.01291653 0.04167976
vt -0.01176446 0.04167976
vt -0.0117469 0.04208969
vt -0.01266313 0.04073486
vt -0.01152405 0.04073486
vt -0.01150527 0.04114494
vt 0.01238803 0.03292804
vt 0.01191919 0.03290613
vt 0.01188341 0.03249341
vt 0.01199475 0.03347129
vt 0.01152935 0.03345658
vt 0.01149898 0.03299595
vt 0.0108019 0.03262057
vt 0.01079008 0.03248093
vt 0.01132983 0.0323771
vt 0.01091079 0.03176427
vt 0.01089273 0.03144123
vt 0.01140691 0.03170094
vt 0.005369506 0.03469373
vt 0.005377066 0.03452512
vt 0.005514029 0.03460673
vt 0.006599883 0.03822988
vt 0.006446141 0.03821205
vt 0.00644877 0.03816753
vt 0.005988389 0.03445896
vt 0.005451974 0.03435106
vt 0.005595824 0.03426295
vt 0.006869148 0.0388588
vt 0.00671714 0.03879866
vt 0.006714112 0.03873126
vt 0.007166243 0.03519976
vt 0.006629675 0.03515705
vt 0.006629661 0.03501748
vt 0.007900977 0.03459531
vt 0.007895884 0.03447624
vt 0.008447694 0.03453737
vt 0.009056014 0.03399789
vt 0.009050763 0.03388599
vt 0.009602577 0.03382489
vt 0.0100622 0.03322499
vt 0.01005557 0.03310615
vt 0.01059657 0.03306327
vt -0.00411093 0.03751315
vt -0.003623497 0.03757159
vt -0.003627207 0.0379834
vt -0.00403616 0.03531735
vt -0.003510636 0.03556627
vt -0.003514139 0.03588761
vt -0.00585088 0.03701782
vt -0.005360599 0.03695903
vt -0.005378852 0.03741739
vt 0.00408847 0.03520386
vt 0.003942124 0.03511681
vt 0.00407906 0.03503515
vt 0.003456805 0.03504962
vt 0.003849299 0.03485348
vt 0.003994972 0.03494165
vt 0.0021466 0.03624569
vt 0.002682977 0.03606281
vt 0.002685779 0.03620284
vt -0.003876693 0.03598204
vt -0.003338757 0.03608538
vt -0.003348095 0.03622437
vt -0.002668069 0.03615153
vt -0.002129105 0.03619448
vt -0.002135842 0.0363135
vt -0.0005360238 0.03639945
vt -0.001079696 0.03634524
vt -0.0005302051 0.03628708
vt 0.00108381 0.0363424
vt 0.0005393658 0.03639661
vt 0.001088348 0.03622289
vt -0.009467576 0.03109143
vt -0.008967611 0.03109128
vt -0.008950252 0.03178147
vt -0.005793508 0.03940327
vt -0.00535099 0.03940398
vt -0.005796405 0.03986083
vt -0.007170686 0.03546247
vt -0.006709474 0.03546297
vt -0.007181408 0.03599821
vt -0.008368834 0.03052823
vt -0.00786492 0.03052816
vt -0.00784005 0.03121808
vt -0.00579318 0.04062743
vt -0.005344034 0.0406279
vt -0.005347743 0.04106834
vt -0.005860318 0.03979316
vt -0.005394257 0.0397801
vt -0.005406009 0.04022091
vt 0.006358451 0.04888942
vt 0.005265812 0.04847987
vt 0.006338412 0.04847987
vt 0.007774748 0.04840772
vt 0.006642217 0.04799855
vt 0.007754233 0.04799855
vt 0.00894135 0.04784817
vt 0.007760471 0.04743927
vt 0.008922697 0.04743927
vt 0.009759457 0.04684169
vt 0.009772654 0.04725065
vt 0.00860551 0.04684169
vt 0.01065653 0.0426073
vt 0.009623218 0.04173604
vt 0.0106278 0.04173604
vt 0.009737918 0.03862092
vt 0.009737916 0.03880859
vt 0.009857356 0.03696814
vt 0.01136937 0.03763867
vt 0.01080975 0.03651029
vt 0.01132941 0.03651029
vt 0.01199228 0.03821703
vt 0.01201767 0.03890674
vt 0.01153286 0.038217
vt -0.00975422 0.04727122
vt -0.009740458 0.04686171
vt -0.008598732 0.04727122
vt -0.008885623 0.04786577
vt -0.0088674 0.04745627
vt -0.007724743 0.04786577
vt -0.007446382 0.04847178
vt -0.007430366 0.04806213
vt -0.006342841 0.04847178
vt -0.01052467 0.04659907
vt -0.01051484 0.04618927
vt -0.00944167 0.04659907
vt -0.011451 0.04576645
vt -0.01143929 0.04535631
vt -0.01039605 0.04576645
vt -0.005870074 0.04896196
vt -0.005856622 0.04855234
vt -0.004784626 0.04896196
vt -0.00335541 0.0493017
vt -0.004458046 0.04930169
vt -0.004443747 0.04889219
vt -0.01223291 0.04486313
vt -0.01221801 0.04445288
vt -0.01115911 0.04486313
vt -0.01277532 0.0439217
vt -0.01275782 0.04351156
vt -0.01166521 0.0439217
vt -0.003000625 0.04953431
vt -0.002984944 0.04912485
vt -0.00187758 0.04953431
vt -0.001511308 0.0496562
vt -0.001493762 0.0492467
vt -0.0003634077 0.0496562
vt 0.001110208 0.04966424
vt -0.00002380632 0.04966423
vt -0.000004457467 0.04925454
vt 0.002876695 0.04954156
vt 0.001793326 0.04954157
vt 0.001809718 0.04913165
vt 0.004737913 0.04927117
vt 0.00366428 0.04927116
vt 0.003676367 0.04886131
vt 0.01246062 0.03727924
vt 0.01249063 0.03796885
vt 0.01199435 0.03727915
vt 0.01244983 0.04013645
vt 0.01200017 0.04067165
vt 0.01200973 0.04013612
vt 0.01245034 0.04085757
vt 0.01201515 0.04131486
vt 0.0120173 0.0408571
vt 0.01262695 0.03972976
vt 0.01216963 0.03928962
vt 0.01263094 0.03928971
vt 0.01257936 0.03725447
vt 0.01210072 0.03685175
vt 0.01258461 0.03685826
vt -0.01221349 0.0398072
vt -0.01110522 0.0398072
vt -0.01108616 0.04021752
vt -0.009504952 0.02669634
vt -0.008951457 0.02669634
vt -0.008915965 0.02782596
vt -0.00957641 0.02533462
vt -0.008916014 0.02533461
vt -0.009701346 0.02717995
vt -0.01069863 0.02788036
vt -0.009889364 0.02788036
vt -0.01080783 0.02964397
vt -0.01157996 0.03266677
vt -0.0106006 0.03266677
vt -0.01055885 0.03354199
vt -0.01161891 0.03885956
vt -0.01055885 0.03885956
vt -0.01054316 0.03927005
vt -0.01301548 0.04298732
vt -0.01299744 0.04257735
vt -0.01185062 0.04298732
vt -0.01293194 0.04208968
vt -0.01291654 0.04167975
vt -0.0117469 0.04208968
vt -0.01267695 0.04114489
vt -0.01266313 0.04073481
vt -0.01150527 0.04114489
vt -0.01222615 0.04021755
vt -0.01221349 0.03980724
vt -0.01108616 0.04021755
vt 0.01237098 0.03761267
vt 0.01190237 0.03718939
vt 0.01237131 0.03720896
vt 0.01199709 0.03788964
vt 0.01153079 0.03745029
vt 0.01199623 0.03746341
vt 0.01137981 0.03427617
vt 0.0108885 0.0338738
vt 0.01138513 0.03381457
vt 0.0106233 0.03260259
vt 0.01009836 0.03244497
vt 0.01063148 0.03227915
vt 0.006068274 0.03551418
vt 0.005538153 0.03527115
vt 0.006075406 0.03537479
vt 0.007156815 0.03516309
vt 0.006624294 0.03500099
vt 0.00716084 0.03504397
vt 0.008444546 0.03464599
vt 0.007901097 0.03459196
vt 0.008447812 0.03453401
vt 0.009055764 0.0340012
vt 0.009602333 0.03382822
vt 0.009599782 0.03394722
vt -0.002534136 0.03823456
vt -0.002558767 0.03782348
vt -0.002061732 0.03825631
vt -0.004173112 0.03782014
vt -0.004193148 0.03736186
vt -0.00371204 0.03783478
vt -0.002664534 0.036117
vt -0.002681652 0.0357961
vt -0.002159788 0.03621138
vt 0.003370669 0.03610114
vt 0.003360728 0.03596143
vt 0.003899701 0.03585755
vt 0.002158381 0.03621779
vt 0.002153603 0.03609828
vt 0.00269276 0.03605516
vt -0.002763939 0.03560132
vt -0.002232897 0.03576714
vt -0.002244697 0.03601988
vt -0.000585028 0.03606832
vt -0.001114208 0.03578227
vt -0.0005706744 0.03583785
vt 0.001100498 0.03606052
vt 0.0005723036 0.03586215
vt 0.001116616 0.03580663
vt -0.008369704 0.03053172
vt -0.007840859 0.03122152
vt -0.00839867 0.03122152
vt -0.005791431 0.03986807
vt -0.005345983 0.03941125
vt -0.005342286 0.03986854
vt -0.007178118 0.03600575
vt -0.006706083 0.0354706
vt -0.00669076 0.03600587
vt -0.007177072 0.03002728
vt -0.006657844 0.03071735
vt -0.007197338 0.03071735
vt -0.004180615 0.04114779
vt -0.004184247 0.04070735
vt -0.003744128 0.04114749
vt -0.004185487 0.04047089
vt -0.004196757 0.04003007
vt -0.003742178 0.04047068
vt 0.006358551 0.04888952
vt 0.005255256 0.04888953
vt 0.005265911 0.04847998
vt 0.007774671 0.04840764
vt 0.006630829 0.04840763
vt 0.00664214 0.04799846
vt 0.008941437 0.04784829
vt 0.007745949 0.0478483
vt 0.007760556 0.04743939
vt 0.009772574 0.04725053
vt 0.008585606 0.04725052
vt 0.008605431 0.04684157
vt 0.01065654 0.0426073
vt 0.009569187 0.0426073
vt 0.009623222 0.04173604
vt 0.01150646 0.03925318
vt 0.01054215 0.03925318
vt 0.01143931 0.03749481
vt 0.01143932 0.03768986
vt 0.01064366 0.03768986
vt 0.01136939 0.03584687
vt 0.01074933 0.03763867
vt 0.01080974 0.03651029
vt 0.01201511 0.03890571
vt 0.0115061 0.03890571
vt 0.01153043 0.03821588
vt -0.009763389 0.04918126
vt -0.00975422 0.04881184
vt -0.008598732 0.04881184
vt -0.008897764 0.04962008
vt -0.008885623 0.04925066
vt -0.007724743 0.04925066
vt -0.007457052 0.05007077
vt -0.007446382 0.04970128
vt -0.006342841 0.04970128
vt -0.01053122 0.04869081
vt -0.01052467 0.04832124
vt -0.00944167 0.04832124
vt -0.01145881 0.04808227
vt -0.011451 0.04771254
vt -0.01039605 0.04771254
vt -0.005879038 0.0504322
vt -0.005870074 0.05006272
vt -0.004784626 0.05006272
vt -0.004467537 0.05068078
vt -0.004458012 0.05031135
vt -0.003355376 0.05031135
vt -0.01224284 0.0474167
vt -0.01223291 0.04704691
vt -0.01115911 0.04704691
vt -0.01278698 0.04671912
vt -0.01277532 0.04634938
vt -0.01166521 0.04634938
vt -0.003011073 0.05085149
vt -0.003000625 0.05048209
vt -0.00187758 0.05048209
vt -0.001522998 0.05094261
vt -0.001511308 0.05057319
vt -0.0003634077 0.05057319
vt 0.001110242 0.05058351
vt -0.0000366639 0.05095303
vt -0.00002377158 0.0505835
vt 0.002876659 0.0504978
vt 0.001782369 0.05086744
vt 0.00179329 0.05049781
vt 0.004737949 0.05029688
vt 0.003656261 0.05066648
vt 0.003664316 0.05029687
vt 0.01248918 0.03796795
vt 0.01197261 0.03796795
vt 0.01199299 0.03727818
vt 0.01263019 0.03957676
vt 0.01264521 0.04011216
vt 0.0121565 0.04011214
vt 0.01262676 0.04069205
vt 0.01263075 0.04114979
vt 0.01216944 0.0411497
vt 0.0126274 0.03972894
vt 0.01217347 0.03972881
vt 0.01217008 0.0392888
vt 0.01212803 0.03719685
vt 0.01211374 0.0367934
vt 0.01259184 0.03719676
vt -0.01163355 0.03927003
vt -0.01161891 0.03885954
vt -0.01054316 0.03927003
vt -0.00839861 0.02600937
vt -0.00779042 0.0271381
vt -0.008455964 0.02713809
vt -0.008915962 0.02533465
vt -0.008853859 0.02717998
vt -0.009701316 0.02717998
vt -0.009889363 0.02788036
vt -0.009827017 0.02964397
vt -0.01080783 0.03154449
vt -0.009797646 0.0324192
vt -0.01085927 0.0324192
vt -0.01087861 0.038369
vt -0.01085927 0.03795866
vt -0.009786601 0.038369
vt -0.01302749 0.04602555
vt -0.01301548 0.0456559
vt -0.01185062 0.0456559
vt -0.01294221 0.04536166
vt -0.01293194 0.04499202
vt -0.0117469 0.04499202
vt -0.01268615 0.04466587
vt -0.01267695 0.04429616
vt -0.01150527 0.04429616
vt -0.01223458 0.04398404
vt -0.01222615 0.04361422
vt -0.01108616 0.04361422
vt 0.01194261 0.03744434
vt 0.01192467 0.03701849
vt 0.01239114 0.03744413
vt 0.01154482 0.03780233
vt 0.0115289 0.03736124
vt 0.01199377 0.0378021
vt 0.01092709 0.03449604
vt 0.01091084 0.03408273
vt 0.01140521 0.03448133
vt 0.01011298 0.03275244
vt 0.01010137 0.03250025
vt 0.01062641 0.03265753
vt 0.005922668 0.03523869
vt 0.00539285 0.03466595
vt 0.00591972 0.03491595
vt 0.007075989 0.0348783
vt 0.006548351 0.03445913
vt 0.007079652 0.03462519
vt 0.008417225 0.0342992
vt 0.007880544 0.03401463
vt 0.008423865 0.03406993
vt 0.0096046 0.03359807
vt 0.009070888 0.03340099
vt 0.009614787 0.03334582
vt -0.002437743 0.04033121
vt -0.00196524 0.04035071
vt -0.001970412 0.04075437
vt -0.00244403 0.03802135
vt -0.001937927 0.03810815
vt -0.001943921 0.03845062
vt -0.004110908 0.04010134
vt -0.003649789 0.04011444
vt -0.003654785 0.04054036
vt 0.004146018 0.03525269
vt 0.003641272 0.03498817
vt 0.004164961 0.03473331
vt 0.002756623 0.03592808
vt 0.002237335 0.03577048
vt 0.002770744 0.0356047
vt -0.0005457121 0.03618896
vt -0.001065556 0.03615725
vt -0.001075709 0.03590443
vt 0.00108621 0.03599929
vt 0.0005632643 0.03603122
vt 0.0005582237 0.03580037
vt 0.00221635 0.03588211
vt 0.002211416 0.03562776
vt 0.002730391 0.03578639
vt -0.007840859 0.02600958
vt -0.007790472 0.02713831
vt -0.00839867 0.02600958
vt -0.00418189 0.03933483
vt -0.003745404 0.03933453
vt -0.004185514 0.03979213
vt -0.005789131 0.03515779
vt -0.005339986 0.0351583
vt -0.005799592 0.03569318
vt -0.007177662 0.03002928
vt -0.006690304 0.03002942
vt -0.006658398 0.03071932
vt -0.006657844 0.02539525
vt -0.006593595 0.0265244
vt -0.007197338 0.02539525
vt -0.004186377 0.04070817
vt -0.003743069 0.04070797
vt -0.003746272 0.04114831
vt 0.006358517 0.05000812
vt 0.005248122 0.05037757
vt 0.005255223 0.05000813
vt 0.007774702 0.04964436
vt 0.006623326 0.05001362
vt 0.00663086 0.04964435
vt 0.008941409 0.04922573
vt 0.007736191 0.04959487
vt 0.007745921 0.04922574
vt 0.0097726 0.0487857
vt 0.008572421 0.04915486
vt 0.008585632 0.04878569
vt 0.01065654 0.04610477
vt 0.01066734 0.04651405
vt 0.009569187 0.04610477
vt 0.0115381 0.0415424
vt 0.01054215 0.04067004
vt 0.01150646 0.04067004
vt 0.01054215 0.03925317
vt 0.01064366 0.0374948
vt 0.01143932 0.0374948
vt 0.01064363 0.0376899
vt 0.01074933 0.03584691
vt 0.01136937 0.03584691
vt 0.01206363 0.03652589
vt 0.0115061 0.03539694
vt 0.01201511 0.03539694
vt -0.008897803 0.0496201
vt -0.007724782 0.04925068
vt -0.007715405 0.0496201
vt -0.009763387 0.04918126
vt -0.00859873 0.04881184
vt -0.008586481 0.04918126
vt -0.007456999 0.05007076
vt -0.006342787 0.04970126
vt -0.006333003 0.05007076
vt -0.005879011 0.0504322
vt -0.004784599 0.05006272
vt -0.004773443 0.0504322
vt -0.01053123 0.04869081
vt -0.009441678 0.04832124
vt -0.009428152 0.04869081
vt -0.0114588 0.04808227
vt -0.01039604 0.04771253
vt -0.01038429 0.04808227
vt -0.004467522 0.05068078
vt -0.003355361 0.05031135
vt -0.003344451 0.05068078
vt -0.001867267 0.05085151
vt -0.003011129 0.0508515
vt -0.001877636 0.0504821
vt -0.01114914 0.0474167
vt -0.01278699 0.04671914
vt -0.01166522 0.0463494
vt -0.0116563 0.04671914
vt -0.001522983 0.05094261
vt -0.0003633923 0.05057319
vt -0.0003538066 0.05094261
vt 0.001118425 0.05095302
vt -0.00003660793 0.05095302
vt 0.001110298 0.0505835
vt 0.002885758 0.05086745
vt 0.001782309 0.05086745
vt 0.002876599 0.05049782
vt 0.004749872 0.05066646
vt 0.003656339 0.05066646
vt 0.004738025 0.05029686
vt 0.006371817 0.05037759
vt 0.005248074 0.05037759
vt 0.00635847 0.05000814
vt 0.01254787 0.03538176
vt 0.01197261 0.03425323
vt 0.01248918 0.03425323
vt 0.01264514 0.03640589
vt 0.0126743 0.03709535
vt 0.01215643 0.03640586
vt 0.01263049 0.03957577
vt 0.01215682 0.04011116
vt 0.01216918 0.03957566
vt 0.01262714 0.04069191
vt 0.01216982 0.04114956
vt 0.0121732 0.04069178
vt 0.01258937 0.03989604
vt 0.01212814 0.0394561
vt 0.01259196 0.03945602
vt -0.01164331 0.04328624
vt -0.01163355 0.04291633
vt -0.01054316 0.04291633
vt -0.007790412 0.02459714
vt -0.008556324 0.02644077
vt -0.008455955 0.02459713
vt -0.009701316 0.02691619
vt -0.008853859 0.02691619
vt -0.009821314 0.02867682
vt -0.01080783 0.03154446
vt -0.009827017 0.03154446
vt -0.009797647 0.03241916
vt -0.01085927 0.03795865
vt -0.009797646 0.03795865
vt -0.009786601 0.03836898
vt -0.0108915 0.042618
vt -0.01087861 0.04224817
vt -0.009786601 0.04224817
vt -0.01302748 0.04602551
vt -0.0118506 0.04565585
vt -0.01184103 0.04602551
vt -0.01294222 0.04536169
vt -0.01174691 0.04499205
vt -0.01173521 0.04536169
vt -0.01268615 0.04466586
vt -0.01150527 0.04429615
vt -0.01149276 0.04466586
vt -0.01223458 0.04398403
vt -0.01108616 0.04361421
vt -0.01107346 0.04398403
vt 0.0123893 0.04008042
vt 0.01194273 0.03964056
vt 0.01239126 0.03964036
vt 0.01199187 0.04026111
vt 0.01154477 0.03982117
vt 0.01199373 0.03982095
vt 0.01138912 0.03830144
vt 0.01091505 0.03787334
vt 0.01139321 0.03786009
vt 0.01053873 0.0353727
vt 0.01004145 0.03504744
vt 0.01055611 0.03495944
vt 0.007127722 0.03499555
vt 0.006621601 0.03490089
vt 0.006598026 0.034579
vt 0.00568902 0.03491838
vt 0.005198231 0.03485393
vt 0.00517104 0.03433491
vt 0.008423971 0.03432917
vt 0.007905049 0.0342975
vt 0.007887074 0.034045
vt 0.009079901 0.03359837
vt 0.009067467 0.03336934
vt 0.00960108 0.03356668
vt -0.0009921454 0.04080755
vt -0.001000937 0.04040395
vt -0.0005176548 0.0408073
vt -0.002547295 0.04067836
vt -0.002560433 0.04025262
vt -0.002095037 0.0406779
vt -0.0009952185 0.03854584
vt -0.001008432 0.03820357
vt -0.0005025273 0.03855299
vt 0.003759009 0.03566745
vt 0.003748133 0.03534395
vt 0.004255177 0.03560403
vt -0.0009825838 0.03825293
vt -0.0004625731 0.03828178
vt -0.0004761417 0.03860157
vt 0.000981816 0.03849376
vt 0.0004791641 0.03817969
vt 0.001002281 0.0381507
vt 0.002489784 0.03813721
vt 0.001999531 0.03781214
vt 0.002514956 0.03772417
vt -0.007197416 0.02539548
vt -0.006593663 0.02652462
vt -0.007237354 0.02652463
vt -0.004187184 0.03978976
vt -0.003747083 0.03933216
vt -0.003743875 0.03978957
vt -0.005794175 0.03570472
vt -0.00533442 0.03516997
vt -0.005319208 0.03570486
vt -0.00579256 0.02953308
vt -0.005286643 0.03022343
vt -0.005812538 0.03022343
vt -0.005812446 0.02478843
vt -0.005224417 0.02591872
vt -0.00585188 0.02591871
vt -0.002539388 0.04119849
vt -0.002543274 0.04075815
vt -0.002093983 0.04119783
vt 0.007788407 0.0500136
vt 0.006623366 0.0500136
vt 0.007774742 0.04964434
vt 0.008953776 0.04959492
vt 0.007736129 0.04959492
vt 0.008941348 0.04922578
vt 0.009772656 0.04878564
vt 0.00978145 0.0491548
vt 0.008572477 0.0491548
vt 0.01066734 0.04824881
vt 0.01067454 0.04861814
vt 0.009535337 0.04861814
vt 0.01066741 0.04651416
vt 0.009548942 0.04651417
vt 0.009569255 0.04610488
vt 0.01153809 0.04154239
vt 0.01049431 0.04154239
vt 0.01054214 0.04067003
vt 0.01223007 0.03805498
vt 0.01128551 0.03805498
vt 0.01214853 0.03629557
vt 0.01214854 0.03649844
vt 0.01136919 0.03649844
vt 0.01206363 0.03465438
vt 0.01206364 0.03652589
vt 0.01145631 0.03652589
vt -0.008902469 0.04920104
vt -0.008897803 0.04886157
vt -0.007715405 0.04886157
vt -0.009766911 0.04901767
vt -0.009763387 0.0486782
vt -0.008586481 0.0486782
vt -0.0074611 0.0493919
vt -0.007456999 0.04905242
vt -0.006333003 0.04905242
vt -0.005882456 0.04954265
vt -0.005879011 0.04920317
vt -0.004773443 0.04920317
vt -0.01053374 0.04881723
vt -0.01053123 0.04847773
vt -0.009428152 0.04847773
vt -0.0114618 0.04856785
vt -0.0114588 0.04822833
vt -0.01038429 0.04822833
vt -0.004471183 0.04964482
vt -0.004467522 0.04930534
vt -0.003344451 0.04930534
vt -0.003015101 0.04971543
vt -0.003011087 0.04937595
vt -0.001867225 0.04937596
vt -0.01224666 0.04829092
vt -0.01224284 0.04795139
vt -0.01114914 0.04795139
vt -0.01279147 0.04799737
vt -0.01278699 0.04765785
vt -0.0116563 0.04765785
vt -0.001527477 0.04975428
vt -0.001522983 0.0494148
vt -0.0003538066 0.0494148
vt 0.001118425 0.04942249
vt -0.0000415623 0.04976199
vt -0.00003660793 0.04942249
vt 0.002885758 0.04939051
vt 0.001778113 0.04973002
vt 0.001782309 0.04939051
vt 0.004749872 0.04930545
vt 0.003653245 0.04964496
vt 0.003656339 0.04930545
vt 0.006371817 0.04917935
vt 0.005245345 0.04951884
vt 0.005248074 0.04917935
vt 0.01193154 0.03538176
vt 0.01267427 0.03709531
vt 0.01213285 0.03709531
vt 0.0121564 0.03640583
vt 0.01211365 0.03955705
vt 0.01259321 0.03902151
vt 0.01260477 0.03955702
vt 0.01212826 0.04098785
vt 0.01258948 0.04052998
vt 0.01259207 0.04098776
vt 0.01213201 0.03989797
vt 0.01212732 0.03945792
vt 0.01258857 0.03989784
vt -0.01164331 0.04328623
vt -0.01054316 0.04291632
vt -0.0105327 0.04328623
vt -0.007790471 0.02459709
vt -0.007702298 0.02644073
vt -0.008556365 0.02644073
vt -0.008794216 0.02867681
vt -0.009821314 0.02867681
vt -0.009821314 0.03062647
vt -0.008766116 0.03149984
vt -0.009877848 0.03149984
vt -0.009899097 0.03762978
vt -0.009877848 0.03721985
vt -0.008755554 0.03762978
vt -0.0108915 0.04261802
vt -0.009786601 0.04224819
vt -0.009779247 0.04261802
vt -0.0130321 0.04770445
vt -0.01302748 0.04736494
vt -0.01184103 0.04736494
vt -0.01294616 0.04742609
vt -0.01294222 0.04708658
vt -0.01173521 0.04708658
vt -0.01268968 0.04713692
vt -0.01268615 0.04679741
vt -0.01149276 0.04679741
vt -0.01223782 0.04685479
vt -0.01223458 0.04651525
vt -0.01107346 0.04651525
vt 0.01194681 0.04008326
vt 0.01194205 0.03964312
vt 0.01238865 0.04008295
vt 0.01154951 0.04026317
vt 0.01154502 0.03982294
vt 0.01199214 0.04026285
vt 0.01094955 0.03841187
vt 0.01093762 0.03798572
vt 0.01141357 0.03841173
vt 0.01011284 0.03574431
vt 0.01010131 0.03540242
vt 0.01060184 0.03572265
vt 0.007303867 0.03735898
vt 0.006793876 0.0369295
vt 0.007301397 0.03701635
vt 0.005838083 0.0375074
vt 0.005343167 0.03703571
vt 0.005834686 0.03709435
vt 0.00847279 0.03709845
vt 0.007959505 0.0367509
vt 0.008478597 0.03677965
vt 0.009545458 0.03648258
vt 0.009038007 0.03616965
vt 0.009559349 0.03614078
vt -0.000993084 0.04078345
vt -0.0005185934 0.04078321
vt -0.0005221124 0.04122326
vt -0.0009654244 0.04042326
vt -0.0004727236 0.04042972
vt -0.000481638 0.04082601
vt -0.002549206 0.04076077
vt -0.002096948 0.04076033
vt -0.002099949 0.04120049
vt 0.00412199 0.03775253
vt 0.003638871 0.03735148
vt 0.004135583 0.03729246
vt 0.0005255911 0.03858358
vt 0.0005205065 0.03826354
vt 0.001023932 0.03857637
vt 0.002102609 0.03835254
vt 0.002100079 0.03800888
vt 0.002592369 0.03833086
vt 0.003703824 0.03785888
vt 0.003696957 0.03744513
vt 0.004181653 0.03784428
vt -0.006593674 0.02393998
vt -0.00730725 0.02578442
vt -0.007237365 0.02393999
vt -0.002542234 0.03928481
vt -0.002096828 0.03928416
vt -0.002546103 0.03974222
vt -0.004188218 0.03490716
vt -0.003744909 0.03490696
vt -0.004202106 0.03544209
vt -0.005793571 0.02953601
vt -0.005318605 0.02953617
vt -0.005287598 0.03022633
vt -0.005286643 0.02478865
vt -0.005224498 0.02591894
vt -0.005812538 0.02478865
vt -0.005224404 0.02329223
vt -0.005920877 0.02513879
vt -0.005851867 0.02329222
vt 0.007788407 0.04902093
vt 0.006620468 0.04936038
vt 0.006623366 0.04902093
vt 0.008953776 0.04884148
vt 0.007732388 0.04918091
vt 0.007736129 0.04884148
vt 0.00978145 0.0486583
vt 0.008567401 0.04899774
vt 0.008572477 0.0486583
vt 0.01067454 0.04843929
vt 0.009530135 0.04877875
vt 0.009535337 0.04843929
vt 0.01066739 0.04824875
vt 0.009535383 0.04861808
vt 0.009548916 0.04824876
vt 0.01153809 0.0452581
vt 0.01154998 0.04566773
vt 0.01049431 0.0452581
vt 0.01226848 0.04040535
vt 0.01128551 0.03953252
vt 0.01223007 0.03953252
vt 0.01128552 0.03805497
vt 0.01136919 0.03629556
vt 0.01214854 0.03629556
vt 0.0113692 0.03649843
vt 0.01145631 0.03465436
vt 0.01206364 0.03465436
vt -0.007461102 0.0493919
vt -0.006333005 0.04905241
vt -0.006329244 0.0493919
vt -0.008902463 0.04920105
vt -0.007715399 0.04886158
vt -0.007711795 0.04920105
vt -0.009766901 0.04901769
vt -0.008586472 0.04867822
vt -0.008581764 0.04901769
vt -0.005882478 0.04954261
vt -0.004773466 0.04920313
vt -0.004769178 0.04954261
vt -0.004471168 0.04964485
vt -0.003344435 0.04930537
vt -0.003340241 0.04964485
vt -0.01053373 0.04881724
vt -0.009428142 0.04847774
vt -0.009422944 0.04881724
vt -0.01037978 0.04856785
vt -0.003015091 0.04971545
vt -0.001867214 0.04937598
vt -0.001863228 0.04971545
vt -0.001527451 0.04975434
vt -0.0003537806 0.04941486
vt -0.0003500948 0.04975434
vt -0.01224669 0.04829088
vt -0.01114917 0.04795135
vt -0.01114533 0.04829088
vt -0.01279146 0.04799738
vt -0.01165629 0.04765786
vt -0.01165287 0.04799738
vt 0.001121521 0.04976193
vt -0.00004158965 0.04976193
vt 0.001118398 0.04942244
vt 0.002889272 0.04973001
vt 0.001778106 0.04973001
vt 0.002885751 0.04939049
vt 0.004754414 0.04964493
vt 0.003653232 0.04964493
vt 0.004749859 0.04930542
vt 0.006376965 0.04951887
vt 0.00524536 0.04951887
vt 0.006371832 0.04917938
vt 0.007793664 0.04936039
vt 0.006620473 0.04936039
vt 0.007788412 0.04902094
vt 0.01185966 0.03527208
vt 0.01193154 0.03342882
vt 0.01254787 0.03342882
vt 0.01273222 0.03431614
vt 0.01213285 0.03318836
vt 0.01267427 0.03318836
vt 0.01262906 0.03623815
vt 0.01211369 0.03554872
vt 0.01260482 0.03554869
vt 0.01211259 0.03956234
vt 0.01212841 0.03902696
vt 0.01259223 0.03902686
vt 0.0121275 0.04098867
vt 0.01213218 0.04053093
vt 0.01258874 0.04053081
vt -0.01164706 0.0465651
vt -0.01164331 0.04622555
vt -0.0105327 0.04622555
vt -0.007702298 0.02617213
vt -0.008652729 0.02793113
vt -0.008556365 0.02617213
vt -0.009821314 0.03062648
vt -0.008794216 0.03062648
vt -0.008766116 0.03149985
vt -0.009877848 0.03721984
vt -0.008766116 0.03721984
vt -0.008755554 0.03762977
vt -0.009913258 0.04206652
vt -0.009899097 0.04169688
vt -0.008755554 0.04169688
vt -0.01089645 0.04628324
vt -0.0108915 0.04594371
vt -0.009779247 0.04594371
vt -0.01303209 0.04770446
vt -0.01184102 0.04736494
vt -0.01183734 0.04770446
vt -0.01294617 0.04742609
vt -0.01173072 0.04742609
vt -0.01268969 0.04713693
vt -0.01148795 0.04713693
vt -0.01107347 0.04651526
vt -0.01106858 0.04685479
vt 0.01194223 0.04081227
vt 0.01194698 0.04035464
vt 0.01238882 0.04035434
vt 0.01154495 0.04064113
vt 0.01154943 0.04018361
vt 0.01199207 0.04018329
vt 0.01141191 0.04041918
vt 0.01094943 0.03997906
vt 0.01141345 0.03997893
vt 0.01056314 0.03893341
vt 0.010083 0.03852693
vt 0.01057208 0.03850719
vt 0.00843613 0.03700034
vt 0.007945005 0.03699309
vt 0.007923995 0.0366511
vt 0.007198458 0.03717518
vt 0.006723205 0.03715332
vt 0.006692096 0.03674143
vt 0.005763172 0.03740535
vt 0.005294606 0.03739066
vt 0.005270817 0.036931
vt 0.009076798 0.03659242
vt 0.009063548 0.03627384
vt 0.009571911 0.03658529
vt 0.001022126 0.04122369
vt 0.0005473371 0.04122366
vt 0.0005448232 0.04078361
vt -0.0009875013 0.04122249
vt -0.000990829 0.04078234
vt -0.0005198446 0.04122212
vt 0.00102717 0.04082288
vt 0.000545816 0.04082287
vt 0.0005406681 0.04042652
vt 0.000982878 0.04080146
vt 0.000496989 0.04040434
vt 0.0009953395 0.04039781
vt 0.002495348 0.04066906
vt 0.002019561 0.04026266
vt 0.002509406 0.04024302
vt 0.004115956 0.04047315
vt 0.003647249 0.04004516
vt 0.004125121 0.04003203
vt -0.006593598 0.02394004
vt -0.006481171 0.02578447
vt -0.007307194 0.02578447
vt -0.002551102 0.03973502
vt -0.002101856 0.03927693
vt -0.002098844 0.03973457
vt -0.004203765 0.03543866
vt -0.003746609 0.03490349
vt -0.003734543 0.0354386
vt -0.004204219 0.02912501
vt -0.003711675 0.02981533
vt -0.004231361 0.02981533
vt -0.004231462 0.02428669
vt -0.003665461 0.02541738
vt -0.004285516 0.02541739
vt -0.005224499 0.02329216
vt -0.005115751 0.02513872
vt -0.00592095 0.02513872
vt 0.008958559 0.04918093
vt 0.007732397 0.04918093
vt 0.008953784 0.04884149
vt 0.009781449 0.0486583
vt 0.009784827 0.04899774
vt 0.0085674 0.04899774
vt 0.01067453 0.04843928
vt 0.0106773 0.04877874
vt 0.009530127 0.04877874
vt 0.0115579 0.04818577
vt 0.01156094 0.04852526
vt 0.01045975 0.04852526
vt 0.01154998 0.04763007
vt 0.0115579 0.04799956
vt 0.01046436 0.04799956
vt 0.0115499 0.04566758
vt 0.01047626 0.04566758
vt 0.01049424 0.04525796
vt 0.0122685 0.04040536
vt 0.01124612 0.04040536
vt 0.01128553 0.03953253
vt 0.01274921 0.03681985
vt 0.01179064 0.03681985
vt 0.01265058 0.03506121
vt 0.01265057 0.03527209
vt 0.01185965 0.03527209
vt 0.01254787 0.03342883
vt -0.007457411 0.04338333
vt -0.007461102 0.04304488
vt -0.006329244 0.04304488
vt -0.008898264 0.04355808
vt -0.008902463 0.04321964
vt -0.007711795 0.04321964
vt -0.00976373 0.04372354
vt -0.009766901 0.04338509
vt -0.008581764 0.04338509
vt -0.005879378 0.04324782
vt -0.005882478 0.04290938
vt -0.004769178 0.04290938
vt -0.004467873 0.04315752
vt -0.004471168 0.04281908
vt -0.003340241 0.04281908
vt -0.01053147 0.04389897
vt -0.01053373 0.04356051
vt -0.009422944 0.04356051
vt -0.0114591 0.04411787
vt -0.0114618 0.04377938
vt -0.01037978 0.04377938
vt -0.003011477 0.04309461
vt -0.003015091 0.04275618
vt -0.001863228 0.04275618
vt -0.001523407 0.04305865
vt -0.001527451 0.04272021
vt -0.0003500948 0.04272021
vt -0.01224326 0.04436583
vt -0.01224669 0.04402734
vt -0.01114533 0.04402734
vt -0.01278743 0.04463276
vt -0.01279146 0.04429428
vt -0.01165287 0.04429428
vt 0.001121521 0.04270953
vt -0.00003713091 0.04304798
vt -0.00004158965 0.04270953
vt 0.002889272 0.04273426
vt 0.001781883 0.04307272
vt 0.001778106 0.04273426
vt 0.004754414 0.04281208
vt 0.003656016 0.04315054
vt 0.003653232 0.04281208
vt 0.006376965 0.04293185
vt 0.005247815 0.04327029
vt 0.00524536 0.04293185
vt 0.007793664 0.04308177
vt 0.00662308 0.04342019
vt 0.006620473 0.04308177
vt 0.01283362 0.03412925
vt 0.01200465 0.03412925
vt 0.01273221 0.03228737
vt 0.01273221 0.03431614
vt 0.01208622 0.03431614
vt 0.01213284 0.03318835
vt 0.01208535 0.03623867
vt 0.01211396 0.03554926
vt 0.01262936 0.03623867
vt 0.01192867 0.03894616
vt 0.01239233 0.03841059
vt 0.01240309 0.0389461
vt 0.01194285 0.04080989
vt 0.01238941 0.04035194
vt 0.01239138 0.04080969
vt -0.01164706 0.04656509
vt -0.0105327 0.04622554
vt -0.01052868 0.04656509
vt -0.0077023 0.02617213
vt -0.007617624 0.02793113
vt -0.00865273 0.02793113
vt -0.008652729 0.02991872
vt -0.007577731 0.03079137
vt -0.008698126 0.03079137
vt -0.008698126 0.03665144
vt -0.007562734 0.03706116
vt -0.008715194 0.03706116
vt -0.009913258 0.04206654
vt -0.008755555 0.04169691
vt -0.008748515 0.04206654
vt -0.01089645 0.04628325
vt -0.009779248 0.04594371
vt -0.009776419 0.04628325
vt -0.01302793 0.04490044
vt -0.01303209 0.04456197
vt -0.01183734 0.04456197
vt -0.01294617 0.04481384
vt -0.01173072 0.04481384
vt -0.01294262 0.04515231
vt -0.01268969 0.04507228
vt -0.01148795 0.04507228
vt -0.0126865 0.04541075
vt -0.01223782 0.04532262
vt -0.01106858 0.04532262
vt -0.0122349 0.04566112
vt 0.01154473 0.04063776
vt 0.01199182 0.04017989
vt 0.01199368 0.04063754
vt 0.01094932 0.04048781
vt 0.0114118 0.04003014
vt 0.01141334 0.04048768
vt 0.01095474 0.04042005
vt 0.01095018 0.03997975
vt 0.01141268 0.04041986
vt 0.01062399 0.03907136
vt 0.01015151 0.03907135
vt 0.01014147 0.03866771
vt 0.008450341 0.03989301
vt 0.007964633 0.0394902
vt 0.008455768 0.03949675
vt 0.007271846 0.04010998
vt 0.006797706 0.0396867
vt 0.00727306 0.03970625
vt 0.005818473 0.0402858
vt 0.005351373 0.03984655
vt 0.005819986 0.03985966
vt 0.009548428 0.03953378
vt 0.009062287 0.0391366
vt 0.009557409 0.03913012
vt 0.0005449567 0.03970933
vt 0.0005474714 0.03925155
vt 0.00102226 0.03925158
vt 0.001023185 0.04122314
vt 0.0005458763 0.04078306
vt 0.00102723 0.04078308
vt -0.0009890636 0.03925611
vt -0.000521407 0.03925574
vt -0.0009923826 0.03971375
vt 0.002620487 0.04073151
vt 0.002147128 0.04073114
vt 0.002142825 0.04032732
vt 0.004192341 0.04051384
vt 0.003728673 0.04051352
vt 0.003722314 0.0400873
vt 0.005287738 0.04024167
vt 0.005274853 0.03980064
vt 0.005740438 0.04024149
vt -0.006481171 0.0255115
vt -0.007374324 0.02727126
vt -0.007307194 0.0255115
vt -0.002553587 0.03474883
vt -0.002101329 0.03474835
vt -0.002569772 0.03528383
vt -0.004204058 0.02912461
vt -0.003734836 0.02912454
vt -0.003711522 0.02981493
vt -0.003711675 0.02428649
vt -0.003665371 0.02541718
vt -0.004231361 0.02428649
vt -0.003665475 0.02275534
vt -0.004380117 0.02460269
vt -0.00428553 0.02275535
vt -0.005115751 0.02486179
vt -0.005987199 0.02662361
vt -0.00592095 0.02486179
vt 0.008958559 0.0432488
vt 0.007735764 0.0435872
vt 0.007732397 0.0432488
vt 0.009784827 0.04341329
vt 0.008571969 0.0437517
vt 0.0085674 0.04341329
vt 0.0106773 0.04360464
vt 0.00953481 0.04394307
vt 0.009530127 0.04360464
vt 0.01156094 0.04382727
vt 0.01046389 0.04416572
vt 0.01045975 0.04382727
vt 0.01045975 0.04852527
vt 0.01046436 0.04818577
vt 0.01154993 0.04763016
vt 0.01046431 0.04799964
vt 0.01047628 0.04763015
vt 0.0122685 0.04434966
vt 0.01228294 0.04475942
vt 0.01124612 0.04434966
vt 0.01279567 0.03923194
vt 0.01179064 0.03835946
vt 0.01274921 0.03835946
vt 0.01179063 0.03681986
vt 0.01185965 0.03506122
vt 0.01265057 0.03506122
vt -0.005879376 0.04324783
vt -0.004769177 0.04290938
vt -0.004773035 0.04324783
vt -0.007457445 0.04338317
vt -0.006329278 0.04304472
vt -0.006332663 0.04338317
vt -0.008898237 0.0435582
vt -0.007711769 0.04321976
vt -0.007715012 0.0435582
vt -0.009763743 0.04372347
vt -0.008581777 0.04338503
vt -0.008586014 0.04372347
vt -0.004467868 0.04315755
vt -0.003340236 0.04281911
vt -0.00334401 0.04315755
vt -0.003011476 0.04309462
vt -0.001863227 0.04275618
vt -0.001866814 0.04309462
vt -0.01053147 0.04389895
vt -0.009422948 0.04356049
vt -0.009427626 0.04389895
vt -0.01145911 0.04411784
vt -0.01037978 0.04377936
vt -0.01038385 0.04411784
vt -0.001523415 0.04305861
vt -0.0003501025 0.04272017
vt -0.0003534182 0.04305861
vt 0.001121557 0.04270969
vt 0.001118746 0.04304815
vt -0.00003709507 0.04304815
vt -0.01224323 0.04436597
vt -0.01114531 0.04402748
vt -0.01114876 0.04436597
vt -0.01278743 0.04463274
vt -0.01165287 0.04429426
vt -0.01165595 0.04463274
vt 0.002889258 0.04273419
vt 0.00288609 0.04307266
vt 0.001781869 0.04307266
vt 0.004754427 0.04281214
vt 0.004750329 0.0431506
vt 0.003656029 0.0431506
vt 0.006376931 0.04293169
vt 0.006372312 0.04327013
vt 0.005247782 0.04327013
vt 0.007793677 0.04308183
vt 0.00778895 0.04342025
vt 0.006623093 0.04342025
vt 0.008958547 0.04324874
vt 0.00895425 0.04358714
vt 0.007735752 0.04358714
vt 0.01192632 0.03566823
vt 0.01200465 0.03391094
vt 0.01283362 0.03391094
vt 0.01200466 0.03412924
vt 0.01208622 0.03228737
vt 0.01267836 0.03326878
vt 0.01208535 0.0321411
vt 0.01262936 0.0321411
vt 0.01242741 0.03529111
vt 0.01192872 0.03460161
vt 0.01240314 0.03460154
vt 0.01192774 0.03895692
vt 0.011943 0.03842168
vt 0.01239153 0.03842147
vt -0.01164706 0.04558076
vt -0.01052868 0.04558076
vt -0.01164368 0.04591926
vt -0.007617624 0.02991873
vt -0.00865273 0.02991873
vt -0.008698126 0.03665145
vt -0.007577731 0.03665145
vt -0.007562734 0.03706117
vt -0.008715194 0.04127418
vt -0.007562734 0.04127418
vt -0.008726562 0.0416437
vt -0.009918698 0.04604718
vt -0.009913258 0.04570767
vt -0.008748515 0.04570767
vt -0.01089645 0.04583805
vt -0.009776419 0.04583805
vt -0.01089199 0.04617654
vt -0.01302795 0.04490034
vt -0.01183736 0.04456187
vt -0.01184067 0.04490034
vt -0.01294261 0.04515238
vt -0.01173071 0.04481391
vt -0.01173475 0.04515238
vt -0.0126865 0.04541078
vt -0.01148795 0.0450723
vt -0.01149228 0.04541078
vt -0.0122349 0.0456611
vt -0.01106859 0.04532261
vt -0.01107298 0.0456611
vt 0.01153036 0.03837111
vt 0.01154467 0.03783609
vt 0.01199363 0.03783585
vt 0.01093336 0.03785677
vt 0.01094918 0.03732184
vt 0.0114132 0.0373217
vt 0.01095002 0.04049072
vt 0.01095457 0.04003326
vt 0.01141251 0.04003307
vt 0.01062201 0.04057978
vt 0.01015152 0.04013945
vt 0.010624 0.04013946
vt 0.009573785 0.0395672
vt 0.009096479 0.03956701
vt 0.009086986 0.03917082
vt 0.008417464 0.0398635
vt 0.00794482 0.03986339
vt 0.00793246 0.03945985
vt 0.006713145 0.0400412
vt 0.006697156 0.03961536
vt 0.007169217 0.04004096
vt -0.0009940847 0.03971116
vt -0.0005231187 0.03925314
vt -0.0005195941 0.03971092
vt 0.001027296 0.03971089
vt 0.0005459421 0.03971087
vt 0.001023251 0.03925313
vt 0.002613895 0.04120157
vt 0.002146575 0.04120103
vt 0.002144206 0.04076096
vt 0.002618212 0.0411993
vt 0.002148499 0.04075872
vt 0.002621858 0.04075907
vt 0.004190568 0.04115089
vt 0.003729929 0.04071025
vt 0.004193597 0.04071055
vt 0.005737384 0.04107694
vt 0.005287056 0.04063683
vt 0.005739756 0.04063666
vt -0.006481172 0.0255115
vt -0.006373205 0.02727126
vt -0.007374326 0.02727126
vt -0.002574985 0.03527277
vt -0.002106666 0.03473718
vt -0.002096452 0.03527265
vt -0.002576642 0.02889192
vt -0.002079628 0.02958192
vt -0.002609567 0.02958192
vt -0.002609469 0.02400272
vt -0.002043387 0.02513244
vt -0.002675677 0.02513242
vt -0.003665378 0.02275543
vt -0.003584346 0.02460278
vt -0.00438004 0.02460278
vt -0.005115746 0.0248618
vt -0.005011315 0.02662362
vt -0.005987195 0.02662362
vt 0.009781778 0.04375165
vt 0.00857196 0.04375165
vt 0.009784818 0.04341324
vt 0.01067482 0.04394313
vt 0.009534822 0.04394313
vt 0.01067731 0.0436047
vt 0.01155821 0.04416575
vt 0.0104639 0.04416575
vt 0.01156095 0.04382731
vt 0.01229294 0.04441347
vt 0.01122105 0.04441347
vt 0.01229626 0.04407501
vt 0.01229257 0.04790841
vt 0.01229626 0.04824792
vt 0.01121764 0.04824792
vt 0.01228294 0.04696198
vt 0.01229257 0.04733154
vt 0.01122143 0.04733154
vt 0.01228302 0.04475958
vt 0.01123137 0.04475959
vt 0.01124619 0.04434983
vt 0.01279568 0.03923195
vt 0.01175813 0.03923195
vt 0.01179065 0.03835947
vt 0.01293102 0.03566822
vt 0.01192633 0.03566822
vt 0.01283363 0.03391092
vt -0.005870802 0.03506829
vt -0.005879376 0.03470169
vt -0.004773035 0.03470169
vt -0.007447237 0.03541372
vt -0.007457445 0.0350471
vt -0.006332663 0.0350471
vt -0.008886622 0.03586356
vt -0.008898237 0.03549701
vt -0.007715012 0.03549701
vt -0.009754972 0.03628541
vt -0.009763743 0.03591885
vt -0.008586014 0.03591885
vt -0.004458755 0.03484003
vt -0.004467868 0.03447347
vt -0.00334401 0.03447347
vt -0.003001483 0.0346803
vt -0.003011476 0.03431376
vt -0.001866814 0.03431376
vt -0.01052521 0.03672669
vt -0.01053147 0.03635999
vt -0.009427626 0.03635999
vt -0.01145164 0.03727757
vt -0.01145911 0.03691072
vt -0.01038385 0.03691072
vt -0.00151223 0.03458752
vt -0.001523415 0.03422097
vt -0.0003534182 0.03422097
vt 0.001118746 0.03418988
vt -0.00002476294 0.03455653
vt -0.00003709507 0.03418988
vt -0.01223373 0.03790778
vt -0.01224323 0.03754088
vt -0.01114876 0.03754088
vt -0.01277628 0.03859107
vt -0.01278743 0.03822422
vt -0.01165595 0.03822422
vt 0.00288609 0.0342481
vt 0.001792317 0.03461485
vt 0.001781869 0.0342481
vt 0.004750329 0.03444815
vt 0.003663733 0.03481487
vt 0.003656029 0.03444815
vt 0.006372312 0.03476029
vt 0.005254576 0.03512687
vt 0.005247782 0.03476029
vt 0.00778895 0.03515167
vt 0.006630302 0.03551808
vt 0.006623093 0.03515167
vt 0.00895425 0.03558423
vt 0.007745061 0.03595052
vt 0.007735752 0.03558423
vt 0.01284643 0.03453832
vt 0.01183694 0.03453832
vt 0.0127641 0.03278121
vt 0.0127641 0.03300686
vt 0.01193116 0.03300686
vt 0.01267836 0.03116517
vt 0.01267837 0.03326879
vt 0.01202929 0.03326879
vt 0.01208536 0.0321411
vt 0.01190238 0.03529218
vt 0.01192895 0.03460273
vt 0.01242771 0.03529218
vt 0.01153022 0.03835926
vt 0.01199334 0.03782387
vt 0.0120045 0.03835921
vt -0.01164368 0.04591925
vt -0.01052868 0.04558075
vt -0.0105323 0.04591925
vt -0.007374326 0.02929188
vt -0.00632234 0.03016487
vt -0.007405949 0.03016487
vt -0.007405947 0.03615019
vt -0.006303218 0.03656001
vt -0.007417836 0.03656001
vt -0.008726562 0.04164367
vt -0.007562734 0.04127415
vt -0.007552743 0.04164367
vt -0.009918698 0.04604716
vt -0.008748515 0.04570766
vt -0.008745812 0.04604716
vt -0.01089199 0.04617651
vt -0.009776421 0.04583801
vt -0.009778964 0.04617651
vt -0.01301645 0.03927898
vt -0.01302795 0.03891222
vt -0.01184067 0.03891222
vt -0.01294261 0.03955615
vt -0.01173475 0.03955615
vt -0.01293278 0.0399229
vt -0.0126865 0.04021181
vt -0.01149228 0.04021181
vt -0.0126777 0.04057862
vt -0.0122349 0.0408441
vt -0.01107298 0.0408441
vt -0.01222684 0.04121102
vt 0.01093256 0.03784762
vt 0.0114123 0.03731245
vt 0.01142204 0.03784758
vt 0.01013416 0.03731867
vt 0.01062232 0.0367836
vt 0.01063265 0.03731867
vt 0.01062402 0.04033384
vt 0.01015154 0.04033382
vt 0.01062202 0.03987636
vt 0.01062316 0.04057986
vt 0.01015692 0.04057986
vt 0.01015266 0.04013956
vt 0.009571045 0.04074472
vt 0.00909684 0.04030423
vt 0.009574146 0.04030441
vt 0.008414971 0.04087386
vt 0.007945107 0.04043353
vt 0.008417751 0.04043364
vt 0.007166367 0.04098089
vt 0.00671239 0.04054094
vt 0.007168462 0.04054071
vt -0.0009953813 0.0346764
vt -0.0005208907 0.03467615
vt -0.001010536 0.03521176
vt 0.002146428 0.03973012
vt 0.002148809 0.03927235
vt 0.002616129 0.03927288
vt 0.0005337932 0.03520974
vt 0.0005460273 0.03467417
vt 0.001027381 0.03467419
vt 0.004186681 0.04115288
vt 0.003728977 0.04115245
vt 0.003726066 0.04071222
vt 0.005293614 0.04107588
vt 0.00528972 0.04063555
vt 0.005740066 0.04107564
vt 0.006720487 0.0409796
vt 0.006716036 0.04053934
vt 0.00717004 0.04097926
vt -0.006373205 0.02929188
vt -0.002575546 0.02888938
vt -0.002097013 0.02888925
vt -0.002078584 0.02957942
vt -0.002079628 0.02400289
vt -0.002043475 0.0251326
vt -0.002609567 0.02400289
vt -0.002043373 0.02244942
vt -0.002791522 0.0242949
vt -0.002675663 0.02244941
vt -0.003584346 0.02432231
vt -0.004470892 0.02608489
vt -0.00438004 0.02432231
vt -0.005011315 0.02867616
vt -0.004962117 0.02955007
vt -0.005987195 0.02867616
vt 0.009781778 0.03600328
vt 0.008584595 0.03636959
vt 0.00857196 0.03600328
vt 0.01067482 0.03648449
vt 0.009547767 0.03685095
vt 0.009534822 0.03648449
vt 0.01155821 0.03704512
vt 0.01047536 0.03741174
vt 0.0104639 0.03704512
vt 0.01229294 0.03767439
vt 0.0112305 0.03804106
vt 0.01122105 0.03767439
vt 0.01229626 0.04407502
vt 0.01122106 0.04441348
vt 0.01121764 0.04407502
vt 0.01121764 0.04824791
vt 0.01122143 0.04790841
vt 0.01228299 0.04696187
vt 0.01122148 0.04733143
vt 0.01123135 0.04696188
vt 0.01279568 0.04340881
vt 0.01281315 0.04381847
vt 0.01175813 0.04340881
vt 0.0129769 0.03813756
vt 0.01192633 0.03726569
vt 0.01293102 0.03726569
vt -0.00445875 0.03484005
vt -0.003344005 0.0344735
vt -0.003354444 0.03484005
vt -0.005870787 0.03506837
vt -0.00477302 0.03470176
vt -0.004783693 0.03506837
vt -0.007447222 0.0354138
vt -0.006332648 0.03504718
vt -0.006342007 0.0354138
vt -0.008886645 0.03586343
vt -0.007715034 0.03549688
vt -0.007724005 0.03586343
vt -0.009754978 0.03628537
vt -0.008586021 0.03591881
vt -0.008597738 0.03628537
vt -0.003001469 0.03468037
vt -0.0018668 0.03431384
vt -0.00187672 0.03468037
vt -0.00151226 0.03458737
vt -0.0003534476 0.03422081
vt -0.0003626198 0.03458737
vt -0.01052521 0.0367267
vt -0.009427624 0.03636001
vt -0.009440564 0.0367267
vt -0.01145164 0.03727759
vt -0.01038384 0.03691074
vt -0.01039508 0.03727759
vt 0.001118768 0.03418999
vt 0.001110992 0.03455664
vt -0.00002474163 0.03455664
vt 0.002886073 0.03424802
vt 0.002877311 0.03461477
vt 0.0017923 0.03461477
vt -0.01223373 0.03790774
vt -0.01114876 0.03754084
vt -0.0111583 0.03790774
vt -0.01277627 0.03859117
vt -0.01165594 0.03822432
vt -0.01166447 0.03859117
vt 0.004750328 0.03444814
vt 0.004738994 0.03481486
vt 0.003663733 0.03481486
vt 0.006372305 0.03476025
vt 0.006359536 0.03512683
vt 0.005254569 0.03512683
vt 0.007788947 0.03515165
vt 0.007775873 0.03551806
vt 0.006630298 0.03551806
vt 0.008954266 0.03558434
vt 0.008942378 0.03595062
vt 0.007745078 0.03595062
vt 0.00977338 0.03636968
vt 0.00858461 0.03636968
vt 0.009781793 0.03600338
vt 0.01288522 0.03706457
vt 0.01183694 0.03619278
vt 0.01284643 0.03619278
vt 0.01193116 0.03278121
vt 0.01193117 0.03300683
vt 0.01202929 0.03116515
vt 0.01267837 0.03116515
vt 0.01247748 0.03211153
vt 0.01190238 0.03098356
vt 0.01242771 0.03098356
vt 0.01203035 0.034381
vt 0.01153021 0.03369158
vt 0.01200449 0.03369152
vt -0.01164368 0.04149746
vt -0.0105323 0.04149746
vt -0.01163435 0.04186447
vt -0.007405949 0.03615025
vt -0.00632234 0.03615025
vt -0.00630322 0.03656007
vt -0.007417836 0.04090512
vt -0.006303218 0.04090512
vt -0.007425756 0.0412747
vt -0.008726562 0.04552796
vt -0.007552743 0.04552796
vt -0.008730934 0.04586745
vt -0.009918698 0.04605853
vt -0.008745812 0.04605853
vt -0.0099138 0.04639699
vt -0.01089199 0.04215846
vt -0.009778964 0.04215846
vt -0.01087967 0.04252539
vt -0.01301648 0.03927878
vt -0.01184069 0.03891202
vt -0.01184985 0.03927878
vt -0.01293277 0.039923
vt -0.01173474 0.03955625
vt -0.01174594 0.039923
vt -0.01267769 0.04057863
vt -0.01149228 0.04021182
vt -0.01150425 0.04057863
vt -0.01222684 0.04121093
vt -0.01107298 0.04084401
vt -0.01108513 0.04121093
vt 0.01144494 0.03358551
vt 0.01093253 0.03289612
vt 0.01142201 0.03289608
vt 0.01065555 0.03276142
vt 0.01013416 0.03207184
vt 0.01063265 0.03207184
vt 0.01013579 0.03732909
vt 0.01015157 0.0367941
vt 0.01062405 0.03679412
vt 0.01015267 0.04033699
vt 0.01015693 0.03987954
vt 0.01062317 0.03987955
vt 0.009571072 0.04074471
vt 0.009100588 0.04074443
vt 0.009096867 0.04030422
vt 0.008414748 0.04087394
vt 0.007949002 0.04087378
vt 0.007944887 0.04043361
vt -0.001012011 0.03520843
vt -0.0005224003 0.03467278
vt -0.0005105155 0.03520836
vt 0.002623305 0.03973601
vt 0.002149946 0.03973566
vt 0.002619668 0.03927844
vt 0.0005351085 0.03521283
vt 0.001028727 0.0346773
vt 0.001043284 0.03521283
vt 0.0037278 0.03978022
vt 0.003730722 0.03932264
vt 0.004188426 0.03932307
vt 0.005288815 0.03985907
vt 0.005292704 0.03940165
vt 0.005739156 0.03940141
vt 0.00671492 0.03995137
vt 0.006719363 0.03949388
vt 0.007168916 0.03949355
vt -0.006018406 0.02955007
vt -0.001012444 0.0288071
vt -0.0004894425 0.02949676
vt -0.001044621 0.02949676
vt -0.001044704 0.02390361
vt -0.0004474218 0.02503201
vt -0.001109824 0.02503202
vt -0.002043481 0.0224493
vt -0.001980217 0.02429478
vt -0.002791609 0.02429478
vt -0.003584349 0.02432231
vt -0.003506532 0.02608488
vt -0.004470894 0.02608488
vt -0.004470893 0.02816422
vt -0.003469872 0.02903846
vt -0.004513693 0.02903846
vt 0.01066792 0.03685085
vt 0.00954775 0.03685085
vt 0.0106748 0.03648439
vt 0.01155065 0.03741187
vt 0.01047538 0.03741187
vt 0.01155823 0.03704526
vt 0.01228372 0.03804094
vt 0.01123048 0.03804094
vt 0.01229292 0.03767427
vt 0.01281412 0.03872439
vt 0.01174526 0.03872439
vt 0.01282525 0.03835776
vt 0.01282524 0.0446801
vt 0.01173745 0.0446801
vt 0.01282927 0.04434165
vt 0.01282479 0.04761519
vt 0.01282926 0.04795468
vt 0.01173463 0.04795468
vt 0.01281315 0.04626485
vt 0.01282478 0.04663435
vt 0.01173775 0.04663435
vt 0.01281308 0.04381828
vt 0.01174583 0.04381827
vt 0.01175806 0.04340861
vt 0.01297689 0.03813755
vt 0.01188942 0.03813755
vt 0.01192632 0.03726567
vt -0.004444957 0.02807349
vt -0.00445875 0.02766877
vt -0.003354444 0.02766877
vt -0.005857808 0.02838591
vt -0.005870787 0.02798109
vt -0.004783693 0.02798109
vt -0.007431771 0.02885907
vt -0.007447222 0.02845422
vt -0.006342007 0.02845422
vt -0.008869065 0.02947647
vt -0.008886645 0.02907175
vt -0.007724005 0.02907175
vt -0.009741702 0.03005476
vt -0.009754978 0.02965003
vt -0.008597738 0.02965003
vt -0.002986341 0.02785449
vt -0.003001469 0.02744981
vt -0.00187672 0.02744981
vt -0.001495332 0.02772685
vt -0.00151226 0.02732213
vt -0.0003626198 0.02732213
vt -0.01051572 0.03065781
vt -0.01052521 0.0302528
vt -0.009440564 0.0302528
vt -0.01144033 0.03141008
vt -0.01145164 0.03100476
vt -0.01039508 0.03100476
vt 0.001110992 0.02727897
vt -0.000006075613 0.02768387
vt -0.00002474163 0.02727897
vt 0.002877311 0.02735753
vt 0.001808114 0.02776265
vt 0.0017923 0.02735753
vt -0.01221936 0.03227242
vt -0.01223373 0.03186699
vt -0.0111583 0.03186699
vt -0.01275939 0.03320932
vt -0.01277627 0.03280399
vt -0.01166447 0.03280399
vt 0.004738994 0.02763188
vt 0.003675392 0.02803694
vt 0.003663733 0.02763188
vt 0.006359536 0.02806116
vt 0.005264852 0.02846593
vt 0.005254569 0.02806116
vt 0.007775873 0.02859979
vt 0.006641208 0.02900421
vt 0.006630298 0.02859979
vt 0.008942378 0.02919491
vt 0.00775917 0.02959907
vt 0.007745078 0.02919491
vt 0.00977338 0.02976954
vt 0.008603735 0.03017375
vt 0.00858461 0.02976954
vt 0.01288523 0.03706459
vt 0.01179256 0.03706459
vt 0.01183695 0.0361928
vt 0.01264823 0.03329132
vt 0.01167341 0.03329132
vt 0.01256459 0.03153367
vt 0.01256458 0.03176742
vt 0.01176025 0.03176742
vt 0.01247748 0.02992518
vt 0.01247749 0.03211154
vt 0.0118507 0.03211154
vt 0.01190239 0.03098356
vt 0.01150541 0.03438241
vt 0.01153017 0.03369305
vt 0.01203039 0.03438241
vt -0.0105423 0.04186447
vt -0.006018405 0.03565877
vt -0.004943622 0.03606887
vt -0.006030139 0.03606887
vt -0.007425756 0.04127469
vt -0.006303219 0.04090512
vt -0.00629048 0.04127469
vt -0.007548903 0.04586745
vt -0.008745812 0.04605852
vt -0.008748244 0.04639699
vt -0.01087967 0.04252543
vt -0.009778963 0.0421585
vt -0.009786002 0.04252543
vt -0.01299908 0.03415345
vt -0.01301648 0.03374829
vt -0.01184985 0.03374829
vt -0.01293277 0.0346314
vt -0.01174594 0.0346314
vt -0.01291791 0.03503652
vt -0.01267769 0.03552768
vt -0.01150425 0.03552768
vt -0.01266437 0.03593294
vt -0.01222684 0.03639056
vt -0.01108513 0.03639056
vt -0.01221463 0.03679605
vt 0.01090321 0.03358672
vt 0.0109323 0.03289737
vt 0.01144477 0.03358672
vt 0.0101036 0.03276301
vt 0.01013369 0.03207348
vt 0.01065515 0.03276301
vt 0.00958793 0.03678264
vt 0.009083539 0.03678259
vt 0.009574357 0.03624759
vt 0.009574544 0.04017672
vt 0.009097238 0.04017654
vt 0.009571448 0.03971926
vt 0.009097481 0.04017708
vt 0.009101209 0.03971952
vt 0.009571694 0.0397198
vt 0.007945351 0.04005103
vt 0.007949471 0.03959342
vt 0.008415217 0.03959359
vt -0.001012347 0.02880688
vt -0.0005108512 0.0288068
vt -0.0004893501 0.02949654
vt 0.002140757 0.03528009
vt 0.002151855 0.03474448
vt 0.002625213 0.03474487
vt 0.001070799 0.02950975
vt 0.0005351085 0.0288202
vt 0.001043284 0.0288202
vt 0.004194812 0.03978584
vt 0.003731145 0.03978554
vt 0.004191791 0.03932841
vt 0.00528643 0.03985519
vt 0.005736755 0.03939752
vt 0.00573913 0.03985503
vt 0.006711624 0.03994563
vt 0.007165595 0.03948777
vt 0.007167696 0.0399454
vt -0.006018406 0.0356588
vt -0.004962117 0.0356588
vt -0.004943623 0.0360689
vt -0.0004894425 0.02390347
vt -0.0004473463 0.02503187
vt -0.001044621 0.02390347
vt -0.0004474361 0.02234019
vt -0.001223789 0.02418325
vt -0.001109838 0.0223402
vt -0.001980217 0.02401231
vt -0.00290285 0.02577309
vt -0.002791609 0.02401231
vt -0.003506532 0.02816423
vt -0.003469873 0.02903847
vt -0.004470894 0.02816423
vt -0.004513693 0.03524918
vt -0.003469872 0.03524918
vt -0.00345609 0.03565937
vt 0.01066792 0.03042676
vt 0.009567348 0.03083129
vt 0.00954775 0.03042676
vt 0.01155065 0.03119295
vt 0.01049272 0.03159778
vt 0.01047538 0.03119295
vt 0.01228372 0.03205374
vt 0.01124478 0.03245871
vt 0.01123048 0.03205374
vt 0.01281412 0.03299148
vt 0.01175705 0.03339635
vt 0.01174526 0.03299148
vt 0.01282524 0.03835767
vt 0.01174525 0.0387243
vt 0.01173745 0.03835767
vt 0.01282926 0.04434162
vt 0.01173745 0.04468007
vt 0.01173463 0.04434162
vt 0.01282478 0.04761519
vt 0.01173462 0.04795468
vt 0.01173775 0.04761519
vt 0.0128131 0.04626498
vt 0.01173771 0.04663448
vt 0.01174585 0.04626497
vt 0.01297689 0.04253008
vt 0.01299413 0.04293955
vt 0.01188942 0.04253008
vt -0.001891667 0.02785483
vt -0.002986273 0.02785482
vt -0.00187665 0.02745014
vt -0.004444951 0.02807352
vt -0.003354438 0.0276688
vt -0.003370239 0.02807352
vt -0.005857821 0.02838585
vt -0.004783706 0.02798103
vt -0.00479986 0.02838585
vt -0.00743175 0.02885917
vt -0.006341986 0.02845432
vt -0.006356154 0.02885917
vt -0.008869087 0.02947636
vt -0.007724027 0.02907164
vt -0.007737604 0.02947636
vt -0.00974167 0.03005493
vt -0.008597706 0.0296502
vt -0.008615442 0.03005493
vt -0.001495328 0.02772688
vt -0.0003626152 0.02732216
vt -0.0003764956 0.02772688
vt 0.001110971 0.02727887
vt 0.001099201 0.02768377
vt -0.00000609685 0.02768377
vt -0.01051572 0.03065782
vt -0.009440561 0.03025282
vt -0.009460147 0.03065782
vt -0.01041209 0.03141008
vt 0.002877344 0.02735769
vt 0.002864081 0.0277628
vt 0.001808147 0.0277628
vt 0.004738998 0.0276319
vt 0.004721843 0.02803696
vt 0.003675396 0.02803696
vt -0.01221936 0.03227238
vt -0.01115831 0.03186696
vt -0.01117275 0.03227238
vt -0.0127594 0.03320927
vt -0.01166448 0.03280393
vt -0.01167739 0.03320927
vt 0.006359537 0.02806116
vt 0.006340207 0.02846593
vt 0.005264853 0.02846593
vt 0.007775868 0.02859976
vt 0.007756079 0.02900418
vt 0.006641203 0.02900418
vt 0.008942366 0.02919484
vt 0.008924372 0.029599
vt 0.007759158 0.029599
vt 0.009760643 0.03017372
vt 0.00860373 0.03017372
vt 0.009773374 0.02976951
vt 0.01065751 0.0308314
vt 0.009567365 0.0308314
vt 0.01066793 0.03042687
vt 0.01289981 0.04208068
vt 0.01179256 0.04167122
vt 0.01288523 0.04167122
vt 0.01268763 0.03588081
vt 0.01167341 0.03500878
vt 0.01264823 0.03500878
vt 0.0116734 0.03329136
vt 0.01176025 0.03153371
vt 0.01256458 0.03153371
vt 0.01176026 0.03176739
vt 0.0118507 0.02992515
vt 0.01247749 0.02992515
vt 0.01208366 0.03099983
vt 0.01150541 0.02987193
vt 0.01203039 0.02987193
vt -0.01163435 0.03728288
vt -0.0105423 0.03728288
vt -0.01162022 0.03768853
vt -0.006030139 0.04054529
vt -0.004943622 0.04054529
vt -0.006037956 0.04091501
vt -0.007425756 0.04537486
vt -0.00629048 0.04537486
vt -0.007428801 0.04571436
vt -0.008726999 0.04656325
vt -0.008730934 0.04622479
vt -0.007548903 0.04622479
vt -0.0099138 0.04273327
vt -0.008748244 0.04273327
vt -0.009900256 0.04310002
vt -0.01087967 0.03819049
vt -0.009786002 0.03819049
vt -0.01086101 0.038596
vt -0.01299906 0.03415358
vt -0.01184983 0.03374842
vt -0.0118637 0.03415358
vt -0.01291792 0.03503646
vt -0.01174594 0.03463133
vt -0.01176289 0.03503646
vt -0.01266437 0.03593289
vt -0.01150425 0.03552763
vt -0.01152237 0.03593289
vt -0.01221463 0.03679611
vt -0.01108512 0.03639063
vt -0.01110351 0.03679611
vt 0.01149211 0.03002805
vt 0.01090321 0.02890011
vt 0.01144477 0.02890011
vt 0.01070198 0.02902051
vt 0.0101036 0.02789209
vt 0.01065515 0.02789209
vt 0.009616372 0.03192382
vt 0.009083668 0.03123415
vt 0.009588059 0.03123421
vt 0.009084215 0.03678564
vt 0.009097757 0.03625047
vt 0.009575063 0.03625067
vt 0.008418056 0.04005127
vt 0.007945413 0.04005115
vt 0.008415279 0.03959371
vt 0.0005088454 0.02950877
vt 0.0005355512 0.02881921
vt 0.001071221 0.02950877
vt 0.002643555 0.03528917
vt 0.002144477 0.03528906
vt 0.002629022 0.03475392
vt 0.002121683 0.0296201
vt 0.002145555 0.02893042
vt 0.002673766 0.0296201
vt 0.003721077 0.03543679
vt 0.00373267 0.03490147
vt 0.004196338 0.03490179
vt 0.00527179 0.03568943
vt 0.005285615 0.03515444
vt 0.005738315 0.03515426
vt 0.006695043 0.03600886
vt 0.006710667 0.03547377
vt 0.00716674 0.03547353
vt -0.004513696 0.03524922
vt -0.003456092 0.03565942
vt -0.004529787 0.03565942
vt 0.0005089447 0.02392072
vt 0.001125658 0.02504862
vt 0.0004546673 0.0250486
vt -0.0004473316 0.02234033
vt -0.0003736699 0.02418338
vt -0.001223704 0.02418338
vt -0.001980211 0.02401232
vt -0.00191946 0.0257731
vt -0.002902845 0.0257731
vt -0.001890843 0.0287422
vt -0.002955257 0.0287422
vt -0.002902849 0.02786876
vt -0.002955251 0.03501129
vt -0.00188008 0.03542124
vt -0.002974953 0.03542124
vt 0.01153916 0.03159767
vt 0.0104927 0.03159767
vt 0.01155063 0.03119283
vt 0.01226982 0.03245895
vt 0.01124481 0.03245895
vt 0.01228375 0.03205399
vt 0.01279726 0.03339622
vt 0.01175704 0.03339622
vt 0.0128141 0.03299135
vt 0.01297845 0.03428659
vt 0.01188819 0.03428659
vt 0.01299509 0.03388189
vt 0.01299508 0.03937234
vt 0.0118748 0.03937234
vt 0.01300608 0.0390058
vt 0.01300608 0.04493204
vt 0.01186596 0.04493204
vt 0.01301005 0.0445936
vt 0.01300565 0.04733975
vt 0.01301006 0.04767923
vt 0.01186278 0.04767923
vt 0.01299415 0.04561297
vt 0.01300564 0.04598239
vt 0.01186632 0.04598239
vt 0.0129942 0.04293978
vt 0.01187561 0.04293979
vt 0.01188948 0.04253031
vt -0.002986214 0.01741262
vt -0.001891608 0.01741264
vt -0.002963829 0.01787335
vt -0.004444951 0.01769777
vt -0.003370239 0.01769777
vt -0.004424537 0.01815858
vt -0.005857821 0.01810537
vt -0.00479986 0.01810537
vt -0.005838612 0.01856637
vt -0.00743175 0.01872075
vt -0.006356154 0.01872075
vt -0.007408883 0.0191818
vt -0.008869087 0.01952128
vt -0.007737604 0.01952128
vt -0.008843067 0.01998208
vt -0.00974167 0.02027327
vt -0.008615442 0.02027327
vt -0.009722021 0.02073409
vt -0.001495328 0.01724765
vt -0.0003764956 0.01724765
vt -0.001470275 0.01770845
vt -0.00000609685 0.01719523
vt 0.001099201 0.01719523
vt 0.00002152779 0.0176564
vt -0.01050169 0.02152125
vt -0.01051572 0.0210599
vt -0.009460147 0.0210599
vt -0.01142361 0.02250205
vt -0.01144033 0.0220401
vt -0.01041209 0.0220401
vt 0.001808147 0.01730091
vt 0.002864081 0.01730091
vt 0.001831552 0.01776248
vt 0.003675396 0.01765686
vt 0.004721843 0.01765686
vt 0.003692652 0.01811833
vt -0.01219808 0.02362274
vt -0.01221936 0.02316059
vt -0.01117275 0.02316059
vt -0.01273441 0.02483858
vt -0.0127594 0.02437662
vt -0.01167739 0.02437662
vt 0.005264853 0.01820908
vt 0.006340207 0.01820908
vt 0.00528007 0.01866998
vt 0.006641203 0.01890365
vt 0.007756079 0.01890365
vt 0.006657352 0.01936387
vt 0.007759158 0.01967396
vt 0.008924372 0.01967396
vt 0.007780016 0.0201337
vt 0.009760643 0.02042276
vt 0.008632035 0.02088258
vt 0.00860373 0.02042276
vt 0.01065751 0.02128101
vt 0.009596369 0.02174144
vt 0.009567365 0.02128101
vt 0.01177586 0.04208063
vt 0.01179255 0.04167118
vt 0.0128998 0.04208063
vt 0.01268762 0.03588078
vt 0.01163247 0.03588078
vt 0.01167339 0.03500874
vt 0.01226641 0.03209216
vt 0.01129224 0.03209216
vt 0.01217688 0.03033465
vt 0.01217692 0.03057601
vt 0.01137313 0.03057602
vt 0.01208367 0.02873391
vt 0.01208367 0.03099986
vt 0.01145731 0.03099987
vt 0.01150541 0.02987196
vt -0.0105423 0.03728287
vt -0.01055744 0.03768853
vt -0.006037956 0.040915
vt -0.004943623 0.04054528
vt -0.0049313 0.040915
vt -0.007428801 0.04571437
vt -0.006290479 0.04537487
vt -0.006285581 0.04571437
vt -0.008726999 0.04656326
vt -0.007548904 0.0462248
vt -0.007552358 0.04656326
vt -0.009900256 0.04310003
vt -0.008748244 0.04273328
vt -0.008754977 0.04310003
vt -0.01086101 0.03859599
vt -0.009786002 0.03819048
vt -0.009796653 0.03859599
vt -0.01297331 0.02606382
vt -0.01299906 0.02560217
vt -0.0118637 0.02560217
vt -0.01289592 0.02721057
vt -0.01291792 0.02674899
vt -0.01176289 0.02674899
vt -0.01264465 0.02837523
vt -0.01266437 0.02791339
vt -0.01152237 0.02791339
vt -0.01219656 0.02949606
vt -0.01221463 0.02903379
vt -0.01110351 0.02903379
vt 0.01149211 0.03002801
vt 0.01084596 0.03002799
vt 0.01090323 0.02890006
vt 0.01070196 0.02902056
vt 0.01004389 0.02902057
vt 0.01010357 0.02789215
vt 0.009057677 0.03192481
vt 0.009083295 0.03123517
vt 0.009616033 0.03192481
vt 0.008430699 0.03635792
vt 0.007931013 0.03635788
vt 0.008418254 0.03582272
vt 0.007931206 0.03635859
vt 0.00794581 0.03582331
vt 0.008418453 0.03582343
vt 0.001071221 0.02392088
vt 0.001125568 0.02504877
vt 0.0005088454 0.02392088
vt 0.002673209 0.02962132
vt 0.002144971 0.02893166
vt 0.002644048 0.02893178
vt 0.002673766 0.02405734
vt 0.002732074 0.0251855
vt 0.002121683 0.02405734
vt 0.00421354 0.03544576
vt 0.003724602 0.03544569
vt 0.004199951 0.03491077
vt 0.005269093 0.03568212
vt 0.005735546 0.03514689
vt 0.005747132 0.03568208
vt 0.006691042 0.03599656
vt 0.007162616 0.03546112
vt 0.007172995 0.03599649
vt -0.004529787 0.04024375
vt -0.003456092 0.04024375
vt -0.004540506 0.04061351
vt 0.001125672 0.02235773
vt 0.0003596989 0.02419979
vt 0.0004546813 0.02235772
vt -0.0003736699 0.0238999
vt -0.001333152 0.02565832
vt -0.001223704 0.0238999
vt -0.00191946 0.02786873
vt -0.001890839 0.02874217
vt -0.002902845 0.02786873
vt -0.002955257 0.03501138
vt -0.001890843 0.03501138
vt -0.001880086 0.03542134
vt -0.002974953 0.04006534
vt -0.00188008 0.04006534
vt -0.00298808 0.04043499
vt 0.01153916 0.02228069
vt 0.01051837 0.02274173
vt 0.0104927 0.02228069
vt 0.01226982 0.02340024
vt 0.01126597 0.02386153
vt 0.01124481 0.02340024
vt 0.01279726 0.02461804
vt 0.01177449 0.02507914
vt 0.01175704 0.02461804
vt 0.01297845 0.02577439
vt 0.01190799 0.02623516
vt 0.01188819 0.02577439
vt 0.01299508 0.03388188
vt 0.01188819 0.03428658
vt 0.0118748 0.03388188
vt 0.01300608 0.03900585
vt 0.01187481 0.03937239
vt 0.01186596 0.03900585
vt 0.01301006 0.04459364
vt 0.01186597 0.04493208
vt 0.01186278 0.04459364
vt 0.01300564 0.04733975
vt 0.01186277 0.04767923
vt 0.01186632 0.04733975
vt 0.01299418 0.04561284
vt 0.01186636 0.04598226
vt 0.0118756 0.04561285
vt -0.001470303 0.01770835
vt -0.0003765242 0.01724754
vt -0.0003970696 0.01770835
vt -0.002963789 0.0178735
vt -0.001891567 0.01741279
vt -0.001913792 0.01787351
vt -0.004424547 0.01815854
vt -0.003370249 0.01769773
vt -0.003393634 0.01815854
vt -0.005838624 0.01856633
vt -0.004799872 0.01810533
vt -0.00482378 0.01856633
vt -0.007408875 0.01918183
vt -0.006356145 0.01872078
vt -0.006377114 0.01918183
vt -0.008843062 0.0199821
vt -0.007737598 0.0195213
vt -0.007757692 0.0199821
vt -0.009722017 0.0207341
vt -0.008615439 0.02027329
vt -0.008641689 0.0207341
vt 0.00002140762 0.01765594
vt 0.001099079 0.01719477
vt 0.001081662 0.01765592
vt 0.001831695 0.01776302
vt 0.002864227 0.01730145
vt 0.002844594 0.01776303
vt -0.01050169 0.02152123
vt -0.00946015 0.02105989
vt -0.009489136 0.02152123
vt -0.01142362 0.02250201
vt -0.0104121 0.02204005
vt -0.01043728 0.02250201
vt 0.003692508 0.01811778
vt 0.004721696 0.0176563
vt 0.004696309 0.01811776
vt 0.005280215 0.01867059
vt 0.006340354 0.01820969
vt 0.006311743 0.0186706
vt -0.01119413 0.02362274
vt -0.01273442 0.02483857
vt -0.0116774 0.0243766
vt -0.01169651 0.02483857
vt 0.007756086 0.01890368
vt 0.007726797 0.0193639
vt 0.006657359 0.0193639
vt 0.008924365 0.01967393
vt 0.008897734 0.02013366
vt 0.007780009 0.02013366
vt 0.009760515 0.0204221
vt 0.009741675 0.02088192
vt 0.00863191 0.02088193
vt 0.01065764 0.02128166
vt 0.01064221 0.0217421
vt 0.009596492 0.02174209
vt 0.01153905 0.0222801
vt 0.01152208 0.02274114
vt 0.01051827 0.02274115
vt 0.01176474 0.04534746
vt 0.01177586 0.04497806
vt 0.0128998 0.04497806
vt 0.01270243 0.04113391
vt 0.01163247 0.04072438
vt 0.01268762 0.04072438
vt 0.01230858 0.03474203
vt 0.01129224 0.03387005
vt 0.01226641 0.03387005
vt 0.01217692 0.03033436
vt 0.01129229 0.03209188
vt 0.01137313 0.03033437
vt 0.01145731 0.02873392
vt -0.01159932 0.03065413
vt -0.01162022 0.03019154
vt -0.01055744 0.03019154
vt -0.006037956 0.04522777
vt -0.0049313 0.04522777
vt -0.006040959 0.04556729
vt -0.007426059 0.04669958
vt -0.007428801 0.04636112
vt -0.006285581 0.04636112
vt -0.008716122 0.04353107
vt -0.008726999 0.04316442
vt -0.007552358 0.04316442
vt -0.009900256 0.03898448
vt -0.008754977 0.03898448
vt -0.009879753 0.03938961
vt -0.0108334 0.03183266
vt -0.01086101 0.03137035
vt -0.009796653 0.03137035
vt -0.01297332 0.02606376
vt -0.01186371 0.02560211
vt -0.01188423 0.02606376
vt -0.01289592 0.02721055
vt -0.01176289 0.02674897
vt -0.01178796 0.02721055
vt -0.01264464 0.0283753
vt -0.01152236 0.02791346
vt -0.01154918 0.0283753
vt -0.01219656 0.02949604
vt -0.01110351 0.02903378
vt -0.01113072 0.02949604
vt 0.01149211 0.02769295
vt 0.01074574 0.0295351
vt 0.01084596 0.02769294
vt 0.01070196 0.02661347
vt 0.009939465 0.02845655
vt 0.01004389 0.02661348
vt 0.009673194 0.02799617
vt 0.009057677 0.02686762
vt 0.009616033 0.02686762
vt 0.008457033 0.03126779
vt 0.007931122 0.03057813
vt 0.008430808 0.03057817
vt 0.002731974 0.02518566
vt 0.002073264 0.02518567
vt 0.002121572 0.0240575
vt 0.003702571 0.0298492
vt 0.003725778 0.02915943
vt 0.004243464 0.0298492
vt 0.004301696 0.02546436
vt 0.003656338 0.02546435
vt 0.003702675 0.02433563
vt 0.004242651 0.02985093
vt 0.003724922 0.02916119
vt 0.00421386 0.02916127
vt 0.005772153 0.03021757
vt 0.005268943 0.02952777
vt 0.005746982 0.02952773
vt 0.007195327 0.03071209
vt 0.006690777 0.03002235
vt 0.007172731 0.03002227
vt -0.004540501 0.04061361
vt -0.003456087 0.04024385
vt -0.003446908 0.04061361
vt 0.001125578 0.02235759
vt 0.001220677 0.02419966
vt 0.0003596225 0.02419966
vt -0.0003736825 0.02389987
vt -0.0003029411 0.0256583
vt -0.001333162 0.0256583
vt -0.0002696105 0.02863301
vt -0.001384718 0.02863301
vt -0.001333157 0.02776062
vt -0.001384722 0.03492332
vt -0.0002570864 0.03533295
vt -0.001404106 0.03533295
vt -0.002988087 0.04043486
vt -0.001880088 0.04006522
vt -0.001872918 0.04043486
vt 0.01226992 0.02340082
vt 0.0122493 0.02386211
vt 0.01126606 0.0238621
vt 0.01279724 0.02461792
vt 0.0127723 0.02507901
vt 0.01177447 0.02507901
vt 0.01297847 0.02577456
vt 0.01295384 0.02623532
vt 0.01190801 0.02623532
vt 0.01288647 0.02687018
vt 0.01286565 0.02733091
vt 0.01181481 0.02733092
vt 0.01179105 0.03512964
vt 0.0129006 0.03472497
vt 0.01288654 0.03512964
vt 0.01177496 0.03998715
vt 0.0129099 0.03962061
vt 0.01290061 0.03998715
vt 0.01176434 0.04517256
vt 0.01291327 0.04483412
vt 0.01290991 0.04517256
vt 0.01176048 0.04741333
vt 0.01290953 0.04707386
vt 0.01291326 0.04741333
vt 0.01176475 0.04534742
vt 0.01289981 0.04497802
vt 0.01290953 0.04534742
vt -0.001470303 0.005896318
vt -0.0003970696 0.005896318
vt -0.0004262288 0.006447529
vt -0.002963684 0.006089105
vt -0.001913686 0.006089121
vt -0.001945235 0.006640184
vt -0.004424547 0.006429723
vt -0.003393634 0.006429723
vt -0.003426826 0.006980927
vt -0.005838624 0.006918798
vt -0.00482378 0.006918798
vt -0.004857714 0.007470328
vt -0.007408875 0.007650304
vt -0.006377114 0.007650304
vt -0.006406877 0.008201923
vt -0.008843062 0.008593192
vt -0.007757692 0.008593192
vt -0.007786214 0.009144378
vt -0.009722017 0.009485972
vt -0.008641689 0.009485972
vt -0.008678948 0.01003719
vt 0.00002130185 0.005843603
vt 0.001081556 0.005843586
vt 0.001056836 0.006395392
vt 0.001831805 0.005980875
vt 0.002844704 0.005980892
vt 0.00281684 0.006533379
vt -0.01050169 0.01043262
vt -0.009489136 0.01043262
vt -0.00953028 0.01098474
vt -0.01142362 0.01160953
vt -0.01043728 0.01160953
vt -0.01047302 0.01216267
vt 0.0036924 0.006399785
vt 0.004696201 0.006399769
vt 0.004660171 0.006952088
vt 0.005280316 0.007039222
vt 0.006311844 0.007039238
vt 0.006271235 0.0075906
vt -0.01219808 0.0129422
vt -0.01119413 0.0129422
vt -0.01122446 0.01349567
vt -0.01273442 0.01437963
vt -0.01169651 0.01437963
vt -0.01172364 0.01493279
vt 0.006657359 0.007845476
vt 0.007726797 0.007845476
vt 0.007685226 0.008395698
vt 0.007780009 0.008747125
vt 0.008897734 0.008747125
vt 0.008859933 0.009296526
vt 0.009741596 0.009637886
vt 0.009714856 0.01018743
vt 0.00863183 0.009637902
vt 0.01064229 0.01067258
vt 0.01062039 0.01122316
vt 0.00959657 0.01067257
vt 0.011522 0.01187302
vt 0.01149791 0.01242462
vt 0.01051819 0.01187304
vt 0.01160687 0.0446495
vt 0.01270245 0.04428005
vt 0.01271232 0.04464949
vt 0.0116171 0.04113396
vt 0.01163248 0.04072443
vt 0.01270244 0.04113396
vt 0.01230859 0.03474203
vt 0.01125415 0.03474203
vt 0.01129224 0.03387006
vt 0.01165448 0.03104398
vt 0.01064953 0.03104398
vt 0.01157494 0.02928641
vt 0.01157494 0.02953487
vt 0.01074575 0.02953487
vt 0.01149211 0.02769271
vt -0.01159931 0.03065416
vt -0.01055744 0.03019157
vt -0.01057985 0.03065416
vt -0.004926564 0.04556729
vt -0.00742606 0.04669959
vt -0.006285582 0.04636113
vt -0.006289987 0.04669959
vt -0.008716123 0.04353111
vt -0.007552358 0.04316446
vt -0.007561916 0.04353111
vt -0.009879753 0.03938965
vt -0.008754977 0.03898452
vt -0.008765168 0.03938965
vt -0.009796653 0.03137036
vt -0.009812417 0.03183266
vt -0.01297332 0.01582605
vt -0.01188423 0.01582605
vt -0.01191336 0.01637867
vt -0.01289592 0.01718463
vt -0.01178796 0.01718463
vt -0.01182355 0.01773714
vt -0.01264464 0.01856997
vt -0.01154918 0.01856997
vt -0.01158725 0.01912291
vt -0.01219656 0.01990514
vt -0.01113072 0.01990514
vt -0.01116935 0.02045879
vt 0.01078394 0.02845674
vt 0.009939469 0.02845674
vt 0.01070198 0.02661367
vt 0.009773228 0.02735939
vt 0.008918328 0.02735939
vt 0.009673208 0.02551609
vt 0.009673236 0.0279961
vt 0.009007042 0.02799609
vt 0.00905773 0.02686754
vt 0.007903623 0.03126825
vt 0.00793092 0.03057861
vt 0.008456846 0.03126825
vt 0.00273196 0.02250454
vt 0.001988717 0.02434714
vt 0.00207325 0.02250455
vt 0.004243464 0.02433578
vt 0.004301603 0.0254645
vt 0.003702571 0.02433578
vt 0.00430171 0.02280403
vt 0.003575264 0.02464765
vt 0.003656352 0.02280401
vt 0.005242357 0.03021909
vt 0.00526817 0.02952932
vt 0.005771421 0.03021909
vt 0.006660976 0.0307139
vt 0.00668989 0.0300242
vt 0.007194493 0.0307139
vt -0.004540501 0.04510281
vt -0.003446908 0.04510281
vt -0.004544621 0.04544234
vt 0.001220677 0.02391631
vt 0.0002684262 0.02567379
vt 0.0003596225 0.02391631
vt -0.0003029411 0.02776066
vt -0.0002696146 0.02863304
vt -0.001333162 0.02776066
vt -0.001384718 0.03492326
vt -0.0002696105 0.03492326
vt -0.0002570832 0.0353329
vt -0.001404106 0.03999658
vt -0.0002570864 0.03999658
vt -0.001417018 0.04036607
vt -0.002988087 0.04502509
vt -0.001872918 0.04502509
vt -0.00299313 0.0453646
vt 0.01224936 0.01320724
vt 0.01222009 0.01375925
vt 0.01126613 0.01320722
vt 0.0127723 0.01464801
vt 0.0127369 0.01519971
vt 0.01177447 0.01464801
vt 0.01295384 0.01601345
vt 0.01291888 0.0165646
vt 0.01190801 0.01601345
vt 0.01286561 0.01731296
vt 0.01283607 0.01786403
vt 0.01181477 0.01731297
vt 0.01288654 0.02687087
vt 0.01181488 0.0273316
vt 0.01179105 0.02687087
vt 0.01179106 0.03512967
vt 0.01177496 0.034725
vt 0.01290061 0.034725
vt 0.01177497 0.0399873
vt 0.01176434 0.03962076
vt 0.01290991 0.03962076
vt 0.01176432 0.04517246
vt 0.01176048 0.04483402
vt 0.01291326 0.04483402
vt 0.01176475 0.04707385
vt 0.01290953 0.04707385
vt -0.002963968 0.006089805
vt -0.001945512 0.006640872
vt -0.002932189 0.006640872
vt -0.001470257 0.005896206
vt -0.000426184 0.00644742
vt -0.001434698 0.00644742
vt -0.00442453 0.006429682
vt -0.00342681 0.006980886
vt -0.004395554 0.006980886
vt -0.005838633 0.006918821
vt -0.004857723 0.00747035
vt -0.005811367 0.00747035
vt -0.007408902 0.007650382
vt -0.006406904 0.008202
vt -0.007376445 0.008202
vt -0.008843064 0.008593197
vt -0.007786215 0.009144383
vt -0.008806132 0.009144383
vt -0.009722024 0.009485995
vt -0.008678954 0.01003721
vt -0.009694134 0.01003721
vt -0.01048176 0.01098468
vt -0.01050167 0.01043256
vt -0.009530264 0.01098468
vt 0.00002147537 0.005843196
vt 0.001057005 0.006394993
vt 0.00006069344 0.006394993
vt 0.00183159 0.005981342
vt 0.00281663 0.006533836
vt 0.001864811 0.006533836
vt -0.01139988 0.0121627
vt -0.01142362 0.01160957
vt -0.01047302 0.0121627
vt -0.01216788 0.0134957
vt -0.01219809 0.01294223
vt -0.01122447 0.0134957
vt 0.003692653 0.006399257
vt 0.004660418 0.00695157
vt 0.003717152 0.00695157
vt 0.005280069 0.007039749
vt 0.006270995 0.007591117
vt 0.005301671 0.007591117
vt -0.01269895 0.01493278
vt -0.01273442 0.01437962
vt -0.01172364 0.01493278
vt -0.01293676 0.01637864
vt -0.01297332 0.01582602
vt -0.01191335 0.01637864
vt 0.006657368 0.007845455
vt 0.007685235 0.008395678
vt 0.006680288 0.008395678
vt 0.007780016 0.008747108
vt 0.00885994 0.009296509
vt 0.00780962 0.009296509
vt 0.008632032 0.009637393
vt 0.009715051 0.01018694
vt 0.008672212 0.01018694
vt 0.009596371 0.01067306
vt 0.01062019 0.01122364
vt 0.009637538 0.01122364
vt 0.01051837 0.0118726
vt 0.01149808 0.01242419
vt 0.01055481 0.01242419
vt 0.01160291 0.04712241
vt 0.01160685 0.04678294
vt 0.01271231 0.04678293
vt 0.01160685 0.04464958
vt 0.0116171 0.04428014
vt 0.01270244 0.04428014
vt 0.01232444 0.04022223
vt 0.01125415 0.03981272
vt 0.01230859 0.03981272
vt 0.01169195 0.0337469
vt 0.01064953 0.0328749
vt 0.01165448 0.0328749
vt 0.01157494 0.02928643
vt 0.01064953 0.031044
vt 0.01074575 0.02928643
vt -0.01061165 0.02183633
vt -0.01159931 0.02128212
vt -0.01057985 0.02128212
vt -0.006038254 0.04682724
vt -0.006040959 0.04648876
vt -0.004926564 0.04648876
vt -0.007418482 0.04387602
vt -0.00742606 0.04350932
vt -0.006289987 0.04350932
vt -0.00869966 0.03998403
vt -0.008716123 0.0395791
vt -0.007561916 0.0395791
vt -0.00984941 0.03286545
vt -0.009879753 0.03240386
vt -0.008765168 0.03240386
vt -0.009834796 0.02322853
vt -0.0108334 0.02267479
vt -0.009812417 0.02267479
vt -0.0128647 0.01773718
vt -0.01289593 0.01718467
vt -0.01182356 0.01773718
vt -0.01261664 0.01912286
vt -0.01264464 0.01856992
vt -0.01158725 0.01912286
vt -0.01217091 0.02045876
vt -0.01219656 0.0199051
vt -0.01116935 0.02045876
vt -0.01156964 0.02183634
vt -0.01159931 0.02128213
vt -0.01061165 0.02183634
vt 0.01078394 0.02820115
vt 0.009839173 0.0299596
vt 0.009939469 0.02820115
vt 0.009773228 0.02709678
vt 0.008833161 0.02885545
vt 0.008918328 0.02709678
vt 0.009673242 0.02551626
vt 0.008918347 0.02735956
vt 0.009007048 0.02551625
vt 0.008509858 0.02719438
vt 0.007903623 0.02606594
vt 0.008456846 0.02606594
vt 0.002732057 0.0225047
vt 0.002834093 0.02434729
vt 0.001988796 0.02434729
vt 0.005822552 0.02591245
vt 0.005191306 0.02591246
vt 0.005242262 0.02478339
vt 0.004301616 0.02280385
vt 0.004403351 0.02464748
vt 0.003575189 0.02464748
vt 0.005771421 0.02478327
vt 0.005822636 0.02591234
vt 0.005242357 0.02478327
vt 0.007194493 0.02538783
vt 0.007240518 0.02651662
vt 0.006660976 0.02538783
vt -0.004544623 0.04544231
vt -0.00344691 0.04510279
vt -0.003443379 0.04544231
vt 0.001220669 0.02391629
vt 0.001311998 0.02567377
vt 0.0002684203 0.02567377
vt 0.001355024 0.02864769
vt 0.0002254587 0.02864769
vt 0.0002684214 0.02777572
vt 0.0002093054 0.03534424
vt 0.0002254569 0.03493473
vt 0.001371196 0.03534424
vt -0.001417018 0.04036606
vt -0.0002570869 0.03999657
vt -0.0002487386 0.04036606
vt -0.002993131 0.04536458
vt -0.001872919 0.04502507
vt -0.001870162 0.04536458
vt 0.01126595 0.01320768
vt 0.01221992 0.01375969
vt 0.01129598 0.01375969
vt 0.01273691 0.01519966
vt 0.01179926 0.01519966
vt 0.01177449 0.01464796
vt 0.01291887 0.01656466
vt 0.01193611 0.01656466
vt 0.011908 0.01601352
vt 0.01283617 0.01786357
vt 0.0118487 0.01786357
vt 0.01181488 0.01731251
vt 0.01268895 0.02805516
vt 0.0126678 0.02851602
vt 0.01165306 0.02851602
vt 0.01163109 0.03604077
vt 0.01270324 0.03563603
vt 0.01268895 0.03604077
vt 0.01161626 0.04065255
vt 0.01271268 0.04028598
vt 0.01270324 0.04065255
vt 0.01160645 0.04543373
vt 0.01271609 0.04509529
vt 0.01271268 0.04543373
vt 0.01160291 0.04712242
vt 0.0127161 0.04712242
vt -0.002932189 0.0007938365
vt -0.001945512 0.0007938365
vt -0.001981715 0.001392221
vt -0.001434698 0.0005910466
vt -0.000426184 0.0005910466
vt -0.0004596558 0.001189608
vt -0.004395554 0.00115546
vt -0.00342681 0.00115546
vt -0.003464908 0.001754017
vt -0.005811367 0.001676977
vt -0.004857723 0.001676977
vt -0.00489667 0.002275929
vt -0.007376445 0.002451162
vt -0.006406904 0.002451162
vt -0.006441063 0.003050224
vt -0.008806132 0.003442736
vt -0.007786215 0.003442736
vt -0.00781895 0.004041269
vt -0.009694134 0.004386687
vt -0.008678954 0.004386687
vt -0.008721718 0.00498526
vt -0.01048176 0.005397212
vt -0.009530264 0.005397212
vt -0.009577487 0.005996875
vt 0.00006069344 0.0005427841
vt 0.001057005 0.0005427841
vt 0.001028629 0.001142061
vt 0.001864811 0.0006965665
vt 0.00281663 0.0006965665
vt 0.002784649 0.001296683
vt -0.01139988 0.006652052
vt -0.01047302 0.006652052
vt -0.01051404 0.007252955
vt -0.01216788 0.008062958
vt -0.01122447 0.008062958
vt -0.01125929 0.008664256
vt 0.003717152 0.001136759
vt 0.004660418 0.001136759
vt 0.004619059 0.001736658
vt 0.005301671 0.001801542
vt 0.006270995 0.001801542
vt 0.006224389 0.002400291
vt -0.01269895 0.009578413
vt -0.01172364 0.009578413
vt -0.01175478 0.01017934
vt -0.01293676 0.01110111
vt -0.01191335 0.01110111
vt -0.01194678 0.01170138
vt 0.006680288 0.002639634
vt 0.007685235 0.002639634
vt 0.007637522 0.003236992
vt 0.00780962 0.003583297
vt 0.00885994 0.003583297
vt 0.008816557 0.004179659
vt 0.009715051 0.004526986
vt 0.009684352 0.005123525
vt 0.008672212 0.004526986
vt 0.01062019 0.005632923
vt 0.01059506 0.006230714
vt 0.009637538 0.005632923
vt 0.01149808 0.006912587
vt 0.01147042 0.007511603
vt 0.01055481 0.006912587
vt 0.01122662 0.04684041
vt 0.01233501 0.04650093
vt 0.01233907 0.04684041
vt 0.01123029 0.04397601
vt 0.01232444 0.04360658
vt 0.01233501 0.04397601
vt 0.01123985 0.04022245
vt 0.01125417 0.03981293
vt 0.01232447 0.04022244
vt 0.0106042 0.0337469
vt 0.01086265 0.02995963
vt 0.009839171 0.02995963
vt 0.01078394 0.02820119
vt -0.0107942 0.0232285
vt -0.0108334 0.02267476
vt -0.009834796 0.0232285
vt -0.006038255 0.04682725
vt -0.004926565 0.04648877
vt -0.004930826 0.04682725
vt -0.007418483 0.04387604
vt -0.006289988 0.04350935
vt -0.006302174 0.04387604
vt -0.008699659 0.03998396
vt -0.007561915 0.03957904
vt -0.007576381 0.03998396
vt -0.00984941 0.03286542
vt -0.008765168 0.03240384
vt -0.008780248 0.03286542
vt -0.009806342 0.02444272
vt -0.009849409 0.0238902
vt -0.008801654 0.02444272
vt -0.0128647 0.01253609
vt -0.01182356 0.01253609
vt -0.0118644 0.01313623
vt -0.01261664 0.01400338
vt -0.01158725 0.01400338
vt -0.01163094 0.01460404
vt -0.01121368 0.01602256
vt -0.01217091 0.01542102
vt -0.01116935 0.01542102
vt -0.01064815 0.01748272
vt -0.01156964 0.01688052
vt -0.01061165 0.01688052
vt 0.009869277 0.02885541
vt 0.008833159 0.02885541
vt 0.009773223 0.02709673
vt 0.008691711 0.02799051
vt 0.007665118 0.02799051
vt 0.008602627 0.02623203
vt 0.008602621 0.02650035
vt 0.00775558 0.02650035
vt 0.008509853 0.02465723
vt 0.007849736 0.02719447
vt 0.007903562 0.02606602
vt 0.008509806 0.02719446
vt 0.002834093 0.02406479
vt 0.001907602 0.02582277
vt 0.001988796 0.02406479
vt 0.00582254 0.02328406
vt 0.005102129 0.02512835
vt 0.005191294 0.02328408
vt 0.004403351 0.02436715
vt 0.003497338 0.02612614
vt 0.003575189 0.02436715
vt 0.007240576 0.02651655
vt 0.006604018 0.02651653
vt 0.006661042 0.02538775
vt -0.004540915 0.04693817
vt -0.004544623 0.04659968
vt -0.003443379 0.04659968
vt 0.001311998 0.02777573
vt 0.001355023 0.02864769
vt 0.0002684203 0.02777573
vt 0.001371198 0.03534421
vt 0.0002254587 0.0349347
vt 0.001355024 0.0349347
vt 0.000198547 0.04037303
vt 0.0002093054 0.04000361
vt 0.001371196 0.04000361
vt -0.001417018 0.04499247
vt -0.0002487386 0.04499247
vt -0.00142198 0.04533195
vt -0.002988592 0.04701274
vt -0.002993131 0.04667427
vt -0.001870162 0.04667427
vt 0.01221992 0.00832739
vt 0.01218633 0.008926924
vt 0.01129598 0.00832739
vt 0.01273691 0.009846241
vt 0.01269628 0.01044539
vt 0.01179926 0.009846241
vt 0.01291887 0.01128385
vt 0.01287875 0.01188233
vt 0.01193611 0.01128385
vt 0.01283617 0.01265679
vt 0.01280225 0.01325518
vt 0.0118487 0.01265679
vt 0.0126678 0.0187202
vt 0.01263778 0.01927149
vt 0.01165306 0.0187202
vt 0.01163109 0.02805516
vt 0.01161626 0.03563603
vt 0.01161625 0.04065253
vt 0.01160645 0.04028596
vt 0.01271268 0.04028596
vt 0.01160646 0.04543378
vt 0.01160291 0.04509534
vt 0.0127161 0.04509534
vt -0.004395579 0.001155507
vt -0.003464933 0.001754062
vt -0.004362323 0.001754062
vt -0.002932149 0.0007937652
vt -0.001981676 0.001392151
vt -0.002895679 0.001392151
vt -0.001434765 0.000591163
vt -0.0004597208 0.001189721
vt -0.001393949 0.001189721
vt -0.005810942 0.001676153
vt -0.004896258 0.002275124
vt -0.005779661 0.002275104
vt -0.007376473 0.002451223
vt -0.006441091 0.003050283
vt -0.007339219 0.003050283
vt -0.008806067 0.003442578
vt -0.007818887 0.004041114
vt -0.008763681 0.004041114
vt -0.009694164 0.004386764
vt -0.008721747 0.004985336
vt -0.009662153 0.004985336
vt -0.0104589 0.005996884
vt -0.01048176 0.00539722
vt -0.00957749 0.005996884
vt -0.01137263 0.007252959
vt -0.01139988 0.006652057
vt -0.01051404 0.007252959
vt 0.00006076588 0.0005426643
vt 0.0010287 0.001141945
vt 0.0001057702 0.001141945
vt 0.001864739 0.0006966745
vt 0.002784579 0.001296788
vt 0.001902871 0.001296788
vt -0.01213345 0.008665098
vt -0.01216813 0.008063797
vt -0.01125952 0.008665078
vt -0.01265824 0.01017929
vt -0.01269894 0.00957836
vt -0.01175477 0.01017929
vt 0.003717194 0.0011367
vt 0.004619099 0.001736601
vt 0.003745307 0.001736601
vt 0.005301663 0.001801553
vt 0.006224382 0.002400301
vt 0.005326456 0.002400301
vt -0.01289482 0.01170141
vt -0.01293677 0.01110114
vt -0.01194679 0.01170141
vt -0.01282875 0.01313546
vt -0.01286458 0.01253533
vt -0.01186429 0.01313548
vt 0.006680279 0.002639647
vt 0.007637513 0.003237005
vt 0.006706588 0.003237005
vt 0.00780962 0.003583298
vt 0.008816556 0.004179659
vt 0.007843596 0.004179659
vt 0.008672217 0.004526978
vt 0.009684356 0.005123517
vt 0.00871833 0.005123517
vt 0.009637526 0.005632943
vt 0.01059505 0.006230733
vt 0.009684774 0.006230733
vt 0.01055482 0.006912563
vt 0.01147043 0.00751158
vt 0.01059664 0.00751158
vt 0.01122992 0.04568866
vt 0.01122662 0.04535022
vt 0.01233907 0.04535022
vt 0.01123029 0.04650093
vt 0.0112303 0.04397586
vt 0.01123984 0.04360643
vt 0.01232446 0.04360642
vt 0.01170604 0.03942598
vt 0.0106042 0.03901646
vt 0.01169195 0.03901646
vt 0.01089973 0.03271752
vt 0.009839171 0.03184512
vt 0.01086265 0.03184512
vt -0.009860477 0.01894914
vt -0.0107942 0.01834751
vt -0.009834796 0.01834751
vt -0.006030776 0.04419327
vt -0.006038255 0.04382645
vt -0.004930826 0.04382645
vt -0.007407013 0.04045487
vt -0.007418483 0.04004985
vt -0.006302174 0.04004985
vt -0.008675291 0.03363921
vt -0.008699659 0.03317802
vt -0.007576381 0.03317802
vt -0.008801655 0.02444269
vt -0.00984941 0.02389017
vt -0.008780248 0.02389017
vt -0.008826224 0.02022166
vt -0.009806342 0.01962152
vt -0.008801654 0.01962152
vt -0.0125846 0.01460483
vt -0.01261674 0.01400416
vt -0.01163103 0.01460481
vt -0.01214141 0.01602177
vt -0.01217083 0.01542024
vt -0.01121362 0.01602179
vt -0.01153558 0.01748267
vt -0.01156964 0.01688047
vt -0.01064815 0.01748267
vt -0.01074922 0.01894918
vt -0.0107942 0.01834756
vt -0.009860477 0.01894918
vt 0.009914529 0.03166902
vt 0.008833159 0.03079652
vt 0.009869277 0.03079652
vt 0.008733679 0.03084771
vt 0.007665118 0.0299753
vt 0.008691711 0.0299753
vt 0.008602621 0.02623199
vt 0.007665115 0.02799048
vt 0.00775558 0.02623199
vt 0.008509798 0.02465703
vt 0.007755542 0.02650015
vt 0.007849728 0.02465704
vt 0.002834101 0.02406481
vt 0.002932086 0.02582279
vt 0.001907608 0.02582279
vt 0.005822628 0.02328426
vt 0.005912251 0.02512854
vt 0.005102198 0.02512854
vt 0.004403338 0.02436712
vt 0.004501041 0.0261261
vt 0.003497328 0.0261261
vt 0.007240587 0.02393132
vt 0.006504239 0.02577507
vt 0.006604028 0.02393131
vt -0.004540914 0.04693817
vt -0.003446555 0.04693817
vt 0.002978245 0.02878922
vt 0.001869352 0.02878922
vt 0.001907605 0.02791703
vt 0.001854968 0.03545771
vt 0.001869347 0.03504813
vt 0.002995594 0.03545771
vt 0.0001985465 0.04037303
vt 0.001371196 0.0400036
vt 0.001381972 0.04037303
vt -0.001421972 0.04533204
vt -0.0002487303 0.04499256
vt -0.0002455222 0.04533204
vt -0.002988588 0.04701273
vt -0.001870157 0.04667426
vt -0.00187264 0.04701273
vt 0.01129598 0.008327385
vt 0.01218633 0.00892692
vt 0.01133044 0.00892692
vt 0.01269628 0.0104454
vt 0.01182769 0.0104454
vt 0.01179926 0.009846249
vt 0.01287875 0.01188234
vt 0.01196837 0.01188234
vt 0.0119361 0.01128386
vt 0.01280223 0.01325522
vt 0.0118875 0.01325522
vt 0.01184869 0.01265684
vt 0.01168423 0.01927149
vt 0.01231002 0.02921622
vt 0.01228738 0.02967705
vt 0.01127331 0.02967705
vt 0.01125284 0.03693395
vt 0.01232529 0.03652921
vt 0.01230999 0.03693394
vt 0.01123905 0.04130392
vt 0.01233542 0.04093737
vt 0.01232531 0.04130392
vt 0.01122992 0.04568867
vt 0.01233907 0.04535023
vt 0.01233542 0.04568867
vt -0.004362323 -0.0008583113
vt -0.003464933 -0.0008583113
vt -0.004329066 -0.0002715067
vt -0.002895679 -0.001228118
vt -0.001981676 -0.001228118
vt -0.002859207 -0.0006414896
vt -0.001393949 -0.001433985
vt -0.0004597208 -0.001433985
vt -0.001353135 -0.0008471763
vt -0.0057796 -0.0003250406
vt -0.004896197 -0.0003250174
vt -0.005748321 0.0002621663
vt -0.007339219 0.000464772
vt -0.006441091 0.000464772
vt -0.007301965 0.001052086
vt -0.008763681 0.001473274
vt -0.007818887 0.001473274
vt -0.008721295 0.002060049
vt -0.009662153 0.002436329
vt -0.008721747 0.002436329
vt -0.009630141 0.003023148
vt -0.01043604 0.004060755
vt -0.0104589 0.003472827
vt -0.00957749 0.003472827
vt -0.01134538 0.005348223
vt -0.01137263 0.004759031
vt -0.01051404 0.004759031
vt 0.0001057702 -0.001479309
vt 0.0010287 -0.001479309
vt 0.0001507767 -0.0008917679
vt 0.001902871 -0.001317817
vt 0.002784579 -0.001317817
vt 0.001940998 -0.000729421
vt -0.01209881 0.006790454
vt -0.01213349 0.006200855
vt -0.01125956 0.006200832
vt -0.01261754 0.008334077
vt -0.01265824 0.007744851
vt -0.01175477 0.007744851
vt 0.003745307 -0.0008700257
vt 0.004619099 -0.0008700257
vt 0.003773425 -0.000281851
vt 0.005326456 -0.0001982772
vt 0.006224382 -0.0001982772
vt 0.005351249 0.0003887238
vt -0.01285287 0.009883202
vt -0.01289482 0.009294645
vt -0.01194679 0.009294645
vt -0.01279291 0.01134517
vt -0.01282873 0.01075675
vt -0.01186427 0.01075677
vt 0.006706588 0.0006490636
vt 0.007637513 0.0006490636
vt 0.006732895 0.001234647
vt 0.007843596 0.001606364
vt 0.008816556 0.001606364
vt 0.007877575 0.00219093
vt 0.009684356 0.002570036
vt 0.008764443 0.003154783
vt 0.00871833 0.002570036
vt 0.01059505 0.003704788
vt 0.009732024 0.004290812
vt 0.009684774 0.003704788
vt 0.01147043 0.005016385
vt 0.01063845 0.005603661
vt 0.01059664 0.005016385
vt 0.01057535 0.04591046
vt 0.01171902 0.04557201
vt 0.01171577 0.04591046
vt 0.01057143 0.04659453
vt 0.01171542 0.04625505
vt 0.01171903 0.04659453
vt 0.0105758 0.04338778
vt 0.01170603 0.04301835
vt 0.01171542 0.04338778
vt 0.01058715 0.03942595
vt 0.01060419 0.03901643
vt 0.01170604 0.03942595
vt 0.01089973 0.03271751
vt 0.009791919 0.03271751
vt 0.009839171 0.03184511
vt -0.009756909 0.02022163
vt -0.009806343 0.01962149
vt -0.008826225 0.02022163
vt -0.006030775 0.04419325
vt -0.004930825 0.04382643
vt -0.004942614 0.04419325
vt -0.007407013 0.04045488
vt -0.006302174 0.04004986
vt -0.00632062 0.04045488
vt -0.007597793 0.0336392
vt -0.00867529 0.0336392
vt -0.007576381 0.03317801
vt -0.007628184 0.02535526
vt -0.008640704 0.02535526
vt -0.008675291 0.02480342
vt -0.007663066 0.02118051
vt -0.008601008 0.02118051
vt -0.008640704 0.02058118
vt -0.01255248 0.01284521
vt -0.01258462 0.01225626
vt -0.01163104 0.01225624
vt -0.01211197 0.01429525
vt -0.0121414 0.01370541
vt -0.01121361 0.01370543
vt -0.01150152 0.01578696
vt -0.01153558 0.01519644
vt -0.01064815 0.01519644
vt -0.01070424 0.01727999
vt -0.01074922 0.01669006
vt -0.009860477 0.01669006
vt 0.009914529 0.03166906
vt 0.008793039 0.03166906
vt 0.008833159 0.03079656
vt 0.008733679 0.0308477
vt 0.007622499 0.0308477
vt 0.007665119 0.02997529
vt 0.007321047 0.02550191
vt 0.007398395 0.02726102
vt 0.006408369 0.02726102
vt 0.007240509 0.02393111
vt 0.007321052 0.02577487
vt 0.006504182 0.02577487
vt 0.002932086 0.02791701
vt 0.002978248 0.0287892
vt 0.001907608 0.02791701
vt 0.005912251 0.02485124
vt 0.005016554 0.02661086
vt 0.005102198 0.02485124
vt 0.004501041 0.02820481
vt 0.004547067 0.02907744
vt 0.003497328 0.02820481
vt -0.00453066 0.04447316
vt -0.004540914 0.04410629
vt -0.003446555 0.04410629
vt 0.002995599 0.03545762
vt 0.001869352 0.03504804
vt 0.002978245 0.03504804
vt 0.001845388 0.04045758
vt 0.001854968 0.04008812
vt 0.002995594 0.04008812
vt 0.0001944109 0.04533343
vt 0.0001985465 0.04499395
vt 0.001381972 0.04499395
vt -0.001417508 0.04704798
vt -0.001421972 0.04670953
vt -0.0002455222 0.04670953
vt -0.002976033 0.04467105
vt -0.002988588 0.0443043
vt -0.00187264 0.0443043
vt 0.01218633 0.006462081
vt 0.01136491 0.007049884
vt 0.01133044 0.006462081
vt 0.01269628 0.008009378
vt 0.01185613 0.008596787
vt 0.01182769 0.008009378
vt 0.01287875 0.009472506
vt 0.01200064 0.01005923
vt 0.01196837 0.009472506
vt 0.01280223 0.01087245
vt 0.01192632 0.01145909
vt 0.0118875 0.01087245
vt 0.01263778 0.01414681
vt 0.01260332 0.01474547
vt 0.01168423 0.01414681
vt 0.01228738 0.02009736
vt 0.01225525 0.02064859
vt 0.01127331 0.02009736
vt 0.01230998 0.02921566
vt 0.01127328 0.02967649
vt 0.01125283 0.02921567
vt 0.01125287 0.03693432
vt 0.01123905 0.03652959
vt 0.01232531 0.03652959
vt 0.01123905 0.0413039
vt 0.01122992 0.04093734
vt 0.01233542 0.04093734
vt -0.002859245 -0.0006415387
vt -0.001981715 -0.001228169
vt -0.002017917 -0.0006415387
vt -0.004329055 -0.0002714929
vt -0.003464921 -0.000858297
vt -0.003503018 -0.0002714929
vt -0.0013531 -0.0008471281
vt -0.0004596851 -0.001433936
vt -0.000493154 -0.0008471281
vt 0.0001507528 -0.0008918023
vt 0.001028675 -0.001479344
vt 0.001000296 -0.0008918023
vt -0.005748762 0.0002616525
vt -0.004896652 -0.0003255514
vt -0.004935601 0.0002616525
vt -0.007301917 0.00105214
vt -0.006441041 0.000464829
vt -0.006475201 0.00105214
vt -0.008721367 0.002059962
vt -0.007818962 0.001473183
vt -0.007851696 0.002059962
vt -0.009630107 0.003023191
vt -0.008721711 0.002436374
vt -0.008764475 0.003023191
vt -0.01043604 0.004060753
vt -0.009577492 0.003472824
vt -0.009624715 0.004060753
vt -0.01134538 0.005348218
vt -0.01051405 0.004759025
vt -0.01055506 0.005348218
vt 0.001941051 -0.0007293427
vt 0.002784633 -0.001317736
vt 0.002752656 -0.0007293427
vt 0.004619037 -0.000870126
vt 0.004577674 -0.0002819487
vt 0.003773364 -0.0002819487
vt -0.01209853 0.006790782
vt -0.01125928 0.00620118
vt -0.0112941 0.006790782
vt -0.01261756 0.008334048
vt -0.01175479 0.00774482
vt -0.01178593 0.008334048
vt 0.006224413 -0.0001982213
vt 0.006177812 0.0003887783
vt 0.005351279 0.0003887783
vt 0.00763751 0.0006490569
vt 0.007589797 0.001234641
vt 0.006732892 0.001234641
vt -0.01285286 0.009883216
vt -0.01194678 0.00929466
vt -0.01198021 0.009883216
vt -0.01279302 0.01134488
vt -0.0118644 0.01075647
vt -0.01190525 0.01134488
vt 0.00881655 0.00160635
vt 0.008773165 0.002190916
vt 0.00787757 0.002190916
vt 0.009684349 0.002570019
vt 0.009653654 0.003154767
vt 0.008764436 0.003154767
vt 0.01059506 0.003704801
vt 0.01056993 0.004290825
vt 0.009732028 0.004290825
vt 0.01147044 0.005016399
vt 0.01144277 0.005603674
vt 0.01063846 0.005603674
vt 0.01218633 0.006462092
vt 0.01215274 0.007049895
vt 0.01136491 0.007049895
vt 0.01058621 0.04186997
vt 0.01057535 0.04150341
vt 0.01171577 0.04150341
vt 0.01057536 0.04591053
vt 0.01057143 0.04557209
vt 0.01171903 0.04557209
vt 0.01057143 0.04659452
vt 0.0105758 0.04625505
vt 0.0105758 0.04338776
vt 0.01058715 0.04301833
vt 0.01170604 0.04301833
vt 0.01091367 0.03860283
vt 0.009791919 0.03819319
vt 0.01089973 0.03819319
vt -0.009707479 0.01857148
vt -0.009756909 0.01798306
vt -0.008826225 0.01798306
vt -0.006019456 0.04088454
vt -0.006030775 0.04047926
vt -0.004942614 0.04047926
vt -0.007390039 0.03425023
vt -0.007407013 0.03378886
vt -0.00632062 0.03378886
vt -0.007628184 0.02535527
vt -0.00867529 0.02480343
vt -0.007597793 0.02480343
vt -0.008640704 0.02058117
vt -0.007628184 0.02058117
vt -0.008561312 0.01954606
vt -0.008601008 0.01895847
vt -0.007663066 0.01895847
vt -0.01255239 0.01284549
vt -0.01163095 0.01225653
vt -0.01167464 0.01284549
vt -0.01211203 0.01429495
vt -0.01121368 0.01370512
vt -0.01125801 0.01429495
vt -0.01068466 0.01578696
vt -0.01070424 0.01728001
vt -0.009860477 0.01669008
vt -0.009886162 0.01728001
vt 0.009931541 0.03776385
vt 0.008793039 0.03735418
vt 0.009914529 0.03735418
vt 0.008749456 0.0371058
vt 0.007622499 0.03669616
vt 0.008733679 0.03669616
vt 0.007398395 0.02928241
vt 0.007434834 0.0301551
vt 0.006408369 0.02928241
vt 0.007321052 0.02550193
vt 0.006408371 0.02726104
vt 0.006504182 0.02550193
vt 0.004547081 0.02907734
vt 0.003460668 0.02907734
vt 0.003497345 0.0282047
vt 0.005912273 0.02485132
vt 0.005998332 0.02661093
vt 0.00501657 0.02661093
vt 0.006038865 0.02953786
vt 0.004976207 0.02953786
vt 0.005016556 0.02866494
vt -0.004530656 0.04447311
vt -0.003446551 0.04410624
vt -0.003455337 0.04447311
vt 0.003446884 0.03568877
vt 0.003460672 0.03527906
vt 0.004564387 0.03568877
vt 0.001845392 0.04045765
vt 0.002995598 0.0400882
vt 0.00300716 0.04045765
vt 0.0001944151 0.04533348
vt 0.001381977 0.044994
vt 0.001386118 0.04533348
vt -0.001417513 0.047048
vt -0.0002455271 0.04670955
vt -0.0002484148 0.047048
vt -0.002976037 0.0446711
vt -0.001872643 0.04430434
vt -0.001879502 0.0446711
vt 0.01269627 0.008009342
vt 0.01265564 0.008596751
vt 0.01185612 0.008596751
vt 0.01287874 0.009472488
vt 0.01283862 0.01005921
vt 0.01200064 0.01005921
vt 0.01280224 0.01087249
vt 0.01276832 0.01145912
vt 0.01192632 0.01145912
vt 0.01260333 0.01239352
vt 0.01256888 0.01298043
vt 0.0117558 0.01298043
vt 0.01260334 0.01474541
vt 0.01172003 0.01474541
vt 0.01168425 0.01414676
vt 0.01225525 0.02064857
vt 0.01130234 0.02064857
vt 0.01127332 0.02009734
vt 0.01169321 0.03022438
vt 0.0116731 0.03068521
vt 0.01062699 0.03068521
vt 0.01060266 0.03771031
vt 0.0117068 0.03730556
vt 0.01169321 0.03771031
vt 0.01058622 0.04187006
vt 0.01171578 0.0415035
vt 0.0117068 0.04187006
vt -0.002859245 -0.003907101
vt -0.002017917 -0.003907101
vt -0.002813654 -0.003188873
vt -0.004329055 -0.003527744
vt -0.003503018 -0.003527744
vt -0.004287483 -0.00280929
vt -0.0013531 -0.004116014
vt -0.000493154 -0.004116014
vt -0.001302084 -0.003397556
vt 0.0001507528 -0.004157298
vt 0.001000296 -0.004157298
vt 0.0002070092 -0.003437905
vt -0.005748762 -0.002979877
vt -0.004935601 -0.002979877
vt -0.005709646 -0.002260908
vt -0.007301917 -0.002172314
vt -0.006475201 -0.002172314
vt -0.007255351 -0.001453205
vt -0.008721367 -0.00114632
vt -0.007851696 -0.00114632
vt -0.008668382 -0.0004278947
vt -0.009630107 -0.0001627724
vt -0.008764475 -0.0001627724
vt -0.009590094 0.0005557041
vt -0.01040747 0.001622488
vt -0.01043604 0.0009025922
vt -0.009624715 0.0009025922
vt -0.01131131 0.002945208
vt -0.01134538 0.002223701
vt -0.01055506 0.002223701
vt 0.001941051 -0.003986501
vt 0.002752656 -0.003986501
vt 0.001988712 -0.003266021
vt 0.003773364 -0.003531024
vt 0.004577674 -0.003531024
vt 0.003808507 -0.00281082
vt -0.0120552 0.004419729
vt -0.01209853 0.003697702
vt -0.0112941 0.003697702
vt -0.01256669 0.005992648
vt -0.01261756 0.005271101
vt -0.01178593 0.005271101
vt 0.005351279 -0.00285308
vt 0.006177812 -0.00285308
vt 0.005382271 -0.002134379
vt 0.006732892 -0.001997538
vt 0.007589797 -0.001997538
vt 0.006765777 -0.001280646
vt -0.01280043 0.007569228
vt -0.01285286 0.006848541
vt -0.01198021 0.006848541
vt -0.01274823 0.009061021
vt -0.01279302 0.008340514
vt -0.01190525 0.008340514
vt 0.00787757 -0.001026889
vt 0.008773165 -0.001026889
vt 0.007920043 -0.0003112947
vt 0.009653654 -0.00004167702
vt 0.00882208 0.0006741493
vt 0.008764436 -0.00004167702
vt 0.01056993 0.001125347
vt 0.009791092 0.001842803
vt 0.009732028 0.001125347
vt 0.01144277 0.002472495
vt 0.01069072 0.003191548
vt 0.01063846 0.002472495
vt 0.01215274 0.003951748
vt 0.01140799 0.004671474
vt 0.01136491 0.003951748
vt 0.009773184 0.04244202
vt 0.01092331 0.0420754
vt 0.01091442 0.04244202
vt 0.009761868 0.04613589
vt 0.01092652 0.04579744
vt 0.01092331 0.04613589
vt 0.009757772 0.04634247
vt 0.01092295 0.04600299
vt 0.01092652 0.04634247
vt 0.009762321 0.04278148
vt 0.01091367 0.042412
vt 0.01092295 0.04278148
vt 0.009774164 0.03860303
vt 0.009791925 0.0381934
vt 0.01091367 0.03860303
vt -0.009707478 0.01857147
vt -0.008826224 0.01798305
vt -0.008850794 0.01857147
vt -0.006019456 0.04088455
vt -0.004942614 0.04047927
vt -0.004960454 0.04088455
vt -0.006347921 0.03425022
vt -0.007390039 0.03425022
vt -0.00632062 0.03378885
vt -0.006386673 0.02608229
vt -0.007365944 0.02608229
vt -0.007390038 0.02553013
vt -0.006431148 0.02195129
vt -0.007338289 0.02195129
vt -0.007365942 0.02135158
vt -0.007697947 0.01954606
vt -0.008561311 0.01954606
vt -0.01251223 0.01059561
vt -0.01255239 0.009874418
vt -0.01167464 0.009874418
vt -0.01207523 0.01208158
vt -0.01211203 0.01135925
vt -0.01125801 0.01135925
vt -0.01145895 0.01360849
vt -0.01150152 0.01288529
vt -0.01068466 0.01288529
vt -0.01064801 0.015129
vt -0.01070424 0.01440655
vt -0.009886162 0.01440655
vt 0.008777955 0.03776358
vt 0.008793038 0.03735391
vt 0.009931539 0.03776358
vt 0.007606474 0.03710595
vt 0.007622496 0.0366963
vt 0.008749454 0.03710595
vt 0.007434837 0.03015506
vt 0.006363236 0.03015506
vt 0.006408373 0.02928237
vt 0.004564383 0.03568885
vt 0.003460668 0.03527914
vt 0.004547081 0.03527914
vt 0.005998332 0.02866484
vt 0.006038876 0.02953776
vt 0.00501657 0.02866484
vt 0.006054106 0.03605787
vt 0.004976207 0.03564807
vt 0.006038865 0.03564807
vt -0.004515132 0.04126615
vt -0.004530656 0.04086078
vt -0.003455337 0.04086078
vt 0.003437698 0.04062989
vt 0.003446884 0.04026037
vt 0.004564387 0.04026037
vt 0.00184171 0.04536966
vt 0.001845392 0.04503018
vt 0.00300716 0.04503018
vt 0.0001981362 0.04704907
vt 0.0001944151 0.04671063
vt 0.001386118 0.04671063
vt -0.001405159 0.04477115
vt -0.001417513 0.04440454
vt -0.0002484148 0.04440454
vt -0.00295703 0.04154188
vt -0.002976037 0.04113673
vt -0.001879502 0.04113673
vt 0.01265564 0.005528914
vt 0.01189166 0.006248136
vt 0.01185612 0.005528914
vt 0.01283862 0.007018505
vt 0.01204097 0.007736856
vt 0.01200064 0.007018505
vt 0.01276832 0.008447281
vt 0.01197484 0.009165513
vt 0.01192632 0.008447281
vt 0.01256888 0.01000231
vt 0.01180052 0.01072089
vt 0.0117558 0.01000231
vt 0.01260334 0.0123936
vt 0.0117558 0.0129805
vt 0.01172003 0.0123936
vt 0.01225525 0.01560178
vt 0.01221837 0.01620037
vt 0.01130234 0.01560178
vt 0.0116731 0.02129441
vt 0.01164455 0.02184567
vt 0.01062699 0.02129441
vt 0.01169321 0.0302244
vt 0.01062699 0.03068523
vt 0.01060266 0.0302244
vt 0.01060266 0.03771033
vt 0.01058622 0.03730558
vt 0.0117068 0.03730558
vt -0.001302082 -0.003397555
vt -0.0004931528 -0.004116013
vt -0.0005349896 -0.003397555
vt -0.002813009 -0.003188378
vt -0.002017248 -0.003906579
vt -0.002062525 -0.00318835
vt -0.004286844 -0.002808851
vt -0.003502353 -0.003527276
vt -0.00355 -0.002808823
vt 0.0002070105 -0.003437904
vt 0.001000298 -0.004157296
vt 0.0009648245 -0.003437904
vt 0.002752631 -0.003986525
vt 0.002712657 -0.003266045
vt 0.001988688 -0.003266045
vt -0.005709648 -0.00226091
vt -0.004935603 -0.002979878
vt -0.004984288 -0.00226091
vt -0.007255368 -0.001453214
vt -0.006475218 -0.002172324
vt -0.006517917 -0.001453214
vt -0.008668391 -0.0004278996
vt -0.007851706 -0.001146325
vt -0.007892624 -0.0004278996
vt -0.009590097 0.0005557022
vt -0.008764479 -0.0001627744
vt -0.008817933 0.0005557022
vt -0.01040744 0.001622497
vt -0.009624692 0.0009026029
vt -0.009683722 0.001622497
vt -0.01131131 0.002945211
vt -0.01055505 0.002223705
vt -0.01060632 0.002945211
vt 0.004577732 -0.003530959
vt 0.004526029 -0.002810758
vt 0.003808563 -0.002810758
vt 0.006177773 -0.002853131
vt 0.006119517 -0.002134428
vt 0.005382233 -0.002134428
vt -0.01205521 0.004419725
vt -0.01129411 0.003697698
vt -0.01133764 0.004419725
vt -0.01256698 0.005992538
vt -0.01178625 0.005270965
vt -0.01182514 0.00599251
vt 0.007589802 -0.001997531
vt 0.007530163 -0.001280639
vt 0.006765782 -0.001280639
vt 0.008773161 -0.001026896
vt 0.008718932 -0.0003113009
vt 0.00792004 -0.0003113009
vt -0.01280043 0.007569229
vt -0.01198021 0.006848542
vt -0.012022 0.007569229
vt -0.01274823 0.009061018
vt -0.01190526 0.00834051
vt -0.01195631 0.009061018
vt 0.009653654 -0.00004167708
vt 0.009615284 0.0006741492
vt 0.00882208 0.0006741492
vt 0.01056993 0.001125344
vt 0.01053851 0.001842801
vt 0.00979109 0.001842801
vt 0.01140819 0.003191547
vt 0.01069072 0.003191547
vt 0.01211076 0.004671474
vt 0.01265563 0.00552888
vt 0.01260484 0.006248103
vt 0.01189165 0.006248103
vt 0.009790321 0.03849248
vt 0.009773184 0.03808762
vt 0.01091442 0.03808762
vt 0.009773189 0.04244222
vt 0.009761868 0.04207561
vt 0.01092331 0.04207561
vt 0.009761866 0.04613584
vt 0.009757772 0.04579739
vt 0.01092652 0.04579739
vt 0.009762321 0.04600299
vt 0.009762329 0.04278125
vt 0.009774164 0.04241175
vt 0.01091367 0.04241175
vt -0.009645687 0.01643869
vt -0.009707478 0.01571817
vt -0.008850794 0.01571817
vt -0.004960454 0.03434397
vt -0.006002704 0.03480584
vt -0.006019456 0.03434397
vt -0.006386673 0.02608228
vt -0.007390039 0.02553013
vt -0.006347921 0.02553013
vt -0.006431151 0.02195127
vt -0.007365944 0.02135155
vt -0.006386673 0.02135155
vt -0.007310635 0.02033379
vt -0.007338289 0.01974581
vt -0.006431148 0.01974581
vt -0.008511688 0.01742896
vt -0.008561311 0.01670949
vt -0.007697947 0.01670949
vt -0.01251211 0.01059575
vt -0.0116745 0.009874576
vt -0.01172914 0.01059577
vt -0.01131343 0.01208158
vt -0.01145895 0.01360848
vt -0.01068466 0.01288528
vt -0.01073029 0.01360848
vt -0.009886163 0.01440655
vt -0.009918266 0.015129
vt 0.008767906 0.04216194
vt 0.008777955 0.04179244
vt 0.009931539 0.04179244
vt 0.007595801 0.04167579
vt 0.007606474 0.0413063
vt 0.008749454 0.0413063
vt 0.007448535 0.03655186
vt 0.006363236 0.03614213
vt 0.007434837 0.03614213
vt 0.004961039 0.03605784
vt 0.004976208 0.03564804
vt 0.006054108 0.03605784
vt 0.006346266 0.03655188
vt 0.006363235 0.03614215
vt 0.007448534 0.03655188
vt -0.00346863 0.04126615
vt 0.003437697 0.04062987
vt 0.004564385 0.04026034
vt 0.004575913 0.04062987
vt 0.001841707 0.04536962
vt 0.003007157 0.04503014
vt 0.003011599 0.04536962
vt 0.0001981314 0.04704909
vt 0.001386114 0.04671065
vt 0.001382387 0.04704909
vt -0.001405157 0.04477113
vt -0.0002484133 0.04440452
vt -0.0002563986 0.04477113
vt -0.002957024 0.04154179
vt -0.001879496 0.04113665
vt -0.001889875 0.04154179
vt 0.01278847 0.007736856
vt 0.01276832 0.008447283
vt 0.01272593 0.009165515
vt 0.01197484 0.009165515
vt 0.01256874 0.01000138
vt 0.01252569 0.01071996
vt 0.0118004 0.01071999
vt 0.0121814 0.0115164
vt 0.01213532 0.01223489
vt 0.01141052 0.01223492
vt 0.01221838 0.01387749
vt 0.0121815 0.01446433
vt 0.01136896 0.01446433
vt 0.0122183 0.01620072
vt 0.01133558 0.01620074
vt 0.01130226 0.01560215
vt 0.01164455 0.02184568
vt 0.01066153 0.02184568
vt 0.01062699 0.02129442
vt 0.01090098 0.03124061
vt 0.01088108 0.03170166
vt 0.009815687 0.03170166
vt 0.009790326 0.03849268
vt 0.01091443 0.03808783
vt 0.01090098 0.03849268
vt -0.001302082 -0.005635129
vt -0.0005349896 -0.005635129
vt -0.001230659 -0.004641047
vt -0.002812892 -0.005424857
vt -0.002062407 -0.005424825
vt -0.002749105 -0.004431097
vt -0.004286726 -0.005040693
vt -0.003549883 -0.00504066
vt -0.004228569 -0.004046617
vt 0.0002070105 -0.005672913
vt 0.0009648245 -0.005672913
vt 0.0002857719 -0.004677508
vt 0.001988688 -0.005495529
vt 0.002712657 -0.005495529
vt 0.002055412 -0.004498581
vt -0.005709648 -0.004484921
vt -0.004984288 -0.004484921
vt -0.005654884 -0.003490123
vt -0.007255368 -0.00366723
vt -0.006517917 -0.00366723
vt -0.007190175 -0.002672232
vt -0.008668391 -0.002631938
vt -0.007892624 -0.002631938
vt -0.00859421 -0.001637911
vt -0.009590097 -0.001636513
vt -0.008817933 -0.001636513
vt -0.009534079 -0.0006424151
vt -0.01036744 0.000443336
vt -0.01040744 -0.0005527732
vt -0.009683722 -0.0005527732
vt -0.01126361 0.00178878
vt -0.01131131 0.0007903876
vt -0.01060632 0.0007903876
vt 0.003808563 -0.005035788
vt 0.004526029 -0.005035788
vt 0.003857764 -0.004039236
vt 0.005382233 -0.004356242
vt 0.006119517 -0.004356242
vt 0.005425623 -0.003361814
vt -0.01199455 0.0032829
vt -0.01205521 0.002283771
vt -0.01133764 0.002283771
vt -0.01249577 0.004872722
vt -0.01256704 0.003874277
vt -0.0118252 0.003874244
vt 0.006765782 -0.003498157
vt 0.007530163 -0.003498157
vt 0.00681182 -0.002506291
vt 0.00792004 -0.002521399
vt 0.008718932 -0.002521399
vt 0.007979499 -0.001531372
vt -0.01272701 0.00646449
vt -0.01280043 0.005467253
vt -0.012022 0.005467253
vt -0.01268551 0.007973072
vt -0.01274823 0.006976091
vt -0.01195631 0.006976091
vt 0.009615284 -0.001523474
vt 0.00890278 -0.0005331186
vt 0.00882208 -0.001523474
vt 0.01053851 -0.000335861
vt 0.009873776 0.0006568028
vt 0.00979109 -0.000335861
vt 0.01140819 0.001033722
vt 0.0107639 0.002028646
vt 0.01069072 0.001033722
vt 0.01211076 0.002533129
vt 0.0114683 0.003529006
vt 0.01140799 0.002533129
vt 0.01260484 0.004126856
vt 0.01194141 0.005122023
vt 0.01189165 0.004126856
vt 0.008791684 0.03930592
vt 0.009932466 0.03890103
vt 0.009916056 0.03930592
vt 0.008777134 0.04303607
vt 0.00994331 0.04266944
vt 0.009932467 0.04303607
vt 0.00876752 0.04636879
vt 0.009947229 0.04603034
vt 0.009943309 0.04636879
vt 0.008764046 0.04608374
vt 0.009942874 0.04574426
vt 0.00994723 0.04608374
vt 0.008767907 0.04216181
vt 0.00993154 0.0417923
vt 0.009942873 0.04216181
vt -0.008881503 0.01643869
vt -0.004986861 0.03480584
vt -0.005024344 0.02674695
vt -0.005978926 0.02674695
vt -0.006002703 0.02619394
vt -0.005067367 0.02266023
vt -0.00595164 0.02266023
vt -0.005978929 0.02205949
vt -0.006475623 0.02033379
vt -0.007741549 0.01742896
vt -0.008511689 0.01742896
vt -0.007697948 0.0167095
vt -0.01245591 0.009528055
vt -0.01251209 0.008530093
vt -0.01172912 0.008530126
vt -0.01202372 0.01103576
vt -0.01207523 0.0100362
vt -0.01131343 0.0100362
vt -0.01139935 0.0125841
vt -0.01145895 0.01158331
vt -0.01073029 0.01158331
vt -0.01056929 0.01411936
vt -0.01064801 0.01311963
vt -0.009918266 0.01311963
vt 0.0075958 0.04167575
vt 0.008749454 0.04130626
vt 0.008759965 0.04167575
vt 0.006334963 0.04126754
vt 0.007448534 0.040898
vt 0.007457661 0.04126754
vt 0.004950934 0.04090339
vt 0.004961039 0.04053382
vt 0.006054108 0.04053382
vt 0.006334962 0.04126752
vt 0.006346266 0.04089798
vt 0.007448534 0.04089798
vt -0.00346863 0.03483832
vt -0.004492158 0.03530037
vt -0.004515132 0.03483832
vt 0.003434165 0.04544333
vt 0.003437697 0.04510384
vt 0.004575913 0.04510384
vt 0.001845021 0.04701521
vt 0.001841707 0.04667676
vt 0.003011599 0.04667676
vt 0.000208425 0.0447779
vt 0.0001981314 0.04441134
vt 0.001382387 0.04441134
vt -0.001386458 0.04168493
vt -0.001405157 0.04128008
vt -0.0002563986 0.04128008
vt -0.001889875 0.03519935
vt -0.002928895 0.03566097
vt -0.002957024 0.03519935
vt 0.01278847 0.005630663
vt 0.01209744 0.006624596
vt 0.01204097 0.005630663
vt 0.01272593 0.007075872
vt 0.01204277 0.008069639
vt 0.01197484 0.007075872
vt 0.01252567 0.008649682
vt 0.01186303 0.009643969
vt 0.01180038 0.008649715
vt 0.01213531 0.01018143
vt 0.01146884 0.0111756
vt 0.01141051 0.01018147
vt 0.0121815 0.01151747
vt 0.01141059 0.01223597
vt 0.01136896 0.01151747
vt 0.01221829 0.01387652
vt 0.01136889 0.01446337
vt 0.01133557 0.01387654
vt 0.01164455 0.01686779
vt 0.01161178 0.01746641
vt 0.01066153 0.01686779
vt 0.01088108 0.02250324
vt 0.01085283 0.02305485
vt 0.009815687 0.02250324
vt 0.01090098 0.0312406
vt 0.009815687 0.03170165
vt 0.009790326 0.0312406
vt 0.000964801 -0.005672926
vt 0.0009151401 -0.004677519
vt 0.0002857496 -0.004677519
vt -0.0005349657 -0.005635118
vt -0.0005935378 -0.004641037
vt -0.001230636 -0.004641037
vt -0.002748961 -0.004431046
vt -0.002062254 -0.005424768
vt -0.002125657 -0.004431013
vt -0.004229276 -0.004046809
vt -0.003550631 -0.00504088
vt -0.003617301 -0.004046809
vt 0.002712683 -0.005495513
vt 0.002656721 -0.004498566
vt 0.002055437 -0.004498566
vt 0.004526001 -0.005035809
vt 0.004453616 -0.004039256
vt 0.003857737 -0.004039256
vt -0.005654915 -0.003490129
vt -0.004984321 -0.004484928
vt -0.005052479 -0.003490129
vt -0.007190164 -0.002672231
vt -0.006517906 -0.003667228
vt -0.006577685 -0.002672231
vt -0.008594183 -0.00163791
vt -0.007892595 -0.002631936
vt -0.007949881 -0.00163791
vt -0.009534102 -0.0006424145
vt -0.008817957 -0.001636514
vt -0.008892792 -0.0006424145
vt -0.01036743 0.0004433352
vt -0.009683715 -0.0005527737
vt -0.009766357 0.0004433352
vt -0.0112636 0.001788777
vt -0.01060631 0.000790385
vt -0.01067809 0.001788777
vt 0.006119519 -0.00435624
vt 0.006037964 -0.003361812
vt 0.005425625 -0.003361812
vt 0.007530178 -0.003498141
vt 0.007446681 -0.002506276
vt 0.006811834 -0.002506276
vt -0.01199456 0.003282905
vt -0.01133765 0.002283775
vt -0.01139858 0.003282905
vt -0.01249545 0.004872542
vt -0.01182484 0.003874092
vt -0.01187933 0.004872542
vt 0.008643009 -0.001531372
vt 0.009615289 -0.001523466
vt 0.009561567 -0.0005331114
vt 0.008902785 -0.0005331114
vt -0.01272701 0.006464487
vt -0.01202199 0.00546725
vt -0.0120805 0.006464487
vt -0.01268553 0.007973083
vt -0.01195633 0.0069761
vt -0.01202781 0.007973083
vt 0.01053851 -0.0003358702
vt 0.01049453 0.0006567939
vt 0.009873771 0.0006567939
vt 0.01140819 0.00103371
vt 0.01135978 0.002028634
vt 0.01076389 0.002028634
vt 0.01211075 0.002533111
vt 0.01205197 0.003528989
vt 0.01146829 0.003528989
vt 0.01260486 0.004126902
vt 0.01253376 0.005122068
vt 0.01194143 0.005122068
vt 0.01278847 0.005630643
vt 0.01271826 0.006624577
vt 0.01209743 0.006624577
vt 0.009916056 0.03229753
vt 0.008813219 0.03275864
vt 0.008791684 0.03229753
vt 0.008791684 0.03930605
vt 0.008777134 0.03890117
vt 0.009932467 0.03890117
vt 0.008777133 0.04303597
vt 0.00876752 0.04266934
vt 0.009943309 0.04266934
vt 0.008767521 0.04636887
vt 0.008764046 0.04603041
vt 0.00994723 0.04603041
vt 0.008764045 0.04608381
vt 0.008767907 0.04574432
vt 0.009942873 0.04574432
vt -0.009559179 0.01543669
vt -0.009645687 0.01443969
vt -0.008881503 0.01443969
vt -0.005024345 0.02674694
vt -0.006002704 0.02619394
vt -0.004986861 0.02619394
vt -0.005067363 0.02266025
vt -0.005978926 0.02205951
vt -0.005024344 0.02205951
vt -0.005924349 0.02106106
vt -0.00595164 0.02047204
vt -0.005067367 0.02047204
vt -0.007276066 0.01823527
vt -0.007310635 0.01751532
vt -0.006475623 0.01751532
vt -0.00844222 0.01643444
vt -0.008511689 0.01543894
vt -0.007741549 0.01543894
vt -0.012456 0.009528195
vt -0.01172925 0.008530239
vt -0.01180571 0.009528195
vt -0.01202371 0.01103576
vt -0.01139101 0.01103576
vt -0.01079417 0.0125841
vt -0.01056929 0.01411937
vt -0.009918265 0.01311964
vt -0.009963209 0.01411937
vt 0.007591698 0.04588003
vt 0.0075958 0.04554054
vt 0.008759965 0.04554054
vt 0.006330617 0.04571036
vt 0.006334963 0.04537086
vt 0.007457661 0.04537086
vt 0.004950934 0.04090338
vt 0.006064263 0.04090338
vt -0.003488305 0.03530035
vt -0.004492156 0.03530035
vt -0.003468628 0.0348383
vt 0.00343416 0.04544326
vt 0.004575908 0.04510377
vt 0.004580339 0.04544326
vt 0.001845022 0.0470152
vt 0.003011601 0.04667676
vt 0.003007602 0.0470152
vt 0.0002084234 0.04477791
vt 0.001382385 0.04441136
vt 0.001372075 0.04477791
vt -0.001386461 0.04168496
vt -0.0002564008 0.04128011
vt -0.0002684869 0.04168496
vt -0.001905243 0.03566107
vt -0.002928904 0.03566107
vt -0.001889884 0.03519945
vt 0.01272594 0.007075918
vt 0.01266658 0.008069683
vt 0.01204278 0.008069683
vt 0.01252562 0.00864942
vt 0.01246538 0.009643682
vt 0.011863 0.009643715
vt 0.01213539 0.01018233
vt 0.01207085 0.01117646
vt 0.01146887 0.01117646
vt 0.01153806 0.0115158
vt 0.01148072 0.01250999
vt 0.01085973 0.01250999
vt 0.01157902 0.01283558
vt 0.01153806 0.01355412
vt 0.01079036 0.01355412
vt 0.01161178 0.01516769
vt 0.01157902 0.01575455
vt 0.01074081 0.01575455
vt 0.01161178 0.01746638
vt 0.01070117 0.01746638
vt 0.01066153 0.01686776
vt 0.01085283 0.02305489
vt 0.009851684 0.02305489
vt 0.009815685 0.02250328
vt 0.009916056 0.03229747
vt 0.009891768 0.03275858
vt 0.008813219 0.03275858
vt 0.0002857496 -0.006486435
vt 0.0009151401 -0.006486435
vt 0.0003751828 -0.005365255
vt -0.001230636 -0.006452169
vt -0.0005935378 -0.006452169
vt -0.001149537 -0.005332505
vt -0.002748813 -0.006241203
vt -0.002125509 -0.006241165
vt -0.002676405 -0.005121904
vt -0.004229276 -0.005853083
vt -0.003617301 -0.005853083
vt -0.004163192 -0.00473343
vt 0.002055437 -0.006303141
vt 0.002656721 -0.006303141
vt 0.002131203 -0.005180197
vt 0.003857737 -0.005840844
vt 0.004453616 -0.005840844
vt 0.003913605 -0.004718352
vt -0.005654915 -0.005290145
vt -0.005052479 -0.005290145
vt -0.00559273 -0.004169658
vt -0.007190164 -0.004465225
vt -0.006577685 -0.004465225
vt -0.007116138 -0.003344512
vt -0.008594183 -0.003424322
vt -0.007949881 -0.003424322
vt -0.008509954 -0.002304718
vt -0.009534102 -0.002420569
vt -0.008892792 -0.002420569
vt -0.009470492 -0.001300884
vt -0.01032201 -0.0002003878
vt -0.01036743 -0.001322374
vt -0.009766357 -0.001322374
vt -0.01120945 0.001162598
vt -0.0112636 0.00003799702
vt -0.01067809 0.00003799702
vt 0.005425625 -0.005161893
vt 0.006037964 -0.005161893
vt 0.005474891 -0.004041833
vt 0.006811834 -0.004304148
vt 0.007446681 -0.004304148
vt 0.00686411 -0.003187023
vt -0.01192567 0.0026709
vt -0.01199456 0.001545455
vt -0.01139858 0.001545455
vt -0.01241458 0.004270648
vt -0.01249545 0.003145984
vt -0.01187933 0.003145984
vt 0.007979499 -0.003324678
vt 0.008643009 -0.003324678
vt 0.008047017 -0.002209657
vt 0.009561567 -0.002317626
vt 0.008994417 -0.00120223
vt 0.008902785 -0.002317626
vt -0.01264365 0.005872322
vt -0.01272701 0.004749043
vt -0.0120805 0.004749043
vt -0.0126143 0.007392077
vt -0.01268553 0.006269093
vt -0.01202781 0.006269093
vt 0.01049453 -0.001113783
vt 0.009967661 0.00000425728
vt 0.009873771 -0.001113783
vt 0.01135978 0.0002732691
vt 0.01084698 0.001393897
vt 0.01076389 0.0002732691
vt 0.01205197 0.001787472
vt 0.01153678 0.002909192
vt 0.01146829 0.001787472
vt 0.01253376 0.003392225
vt 0.01199793 0.004513131
vt 0.01194143 0.003392225
vt 0.01271826 0.004904843
vt 0.01216155 0.006024338
vt 0.01209743 0.004904843
vt 0.008735092 0.03313829
vt 0.008712565 0.03359935
vt 0.007643931 0.03359935
vt 0.007621059 0.0399528
vt 0.008750315 0.03954794
vt 0.008735095 0.0399528
vt 0.007605599 0.04350753
vt 0.008760368 0.04314092
vt 0.008750312 0.04350753
vt 0.00759539 0.04655323
vt 0.008764006 0.04621478
vt 0.00876037 0.04655323
vt 0.007591699 0.04588009
vt 0.008759966 0.04554061
vt 0.008764006 0.04588009
vt -0.008924499 0.01543669
vt -0.003516238 0.02733517
vt -0.004459555 0.02733517
vt -0.004492161 0.02678186
vt -0.003548294 0.02328411
vt -0.00442213 0.02328411
vt -0.004459555 0.022683
vt -0.005110385 0.02106106
vt -0.005924347 0.02106106
vt -0.005067366 0.02047203
vt -0.006531218 0.01823528
vt -0.00727607 0.01823528
vt -0.006475626 0.01751533
vt -0.007802593 0.01643444
vt -0.008442221 0.01643444
vt -0.00774155 0.01543894
vt -0.01239216 0.008963206
vt -0.012456 0.007839105
vt -0.01180571 0.007839105
vt -0.01196522 0.01048734
vt -0.01202371 0.009361413
vt -0.01139101 0.009361413
vt -0.01133167 0.01205151
vt -0.01139935 0.01092417
vt -0.01079417 0.01092417
vt -0.0104799 0.01359624
vt -0.01056929 0.01247011
vt -0.009963209 0.01247011
vt 0.006330614 0.04571029
vt 0.007457658 0.0453708
vt 0.007461165 0.04571029
vt 0.004947057 0.04555885
vt 0.00606427 0.04521936
vt 0.006068172 0.04555885
vt 0.00494705 0.04555874
vt 0.004950934 0.04521925
vt 0.006064263 0.04521925
vt -0.003516232 0.02733523
vt -0.004492156 0.02678192
vt -0.003488305 0.02678192
vt 0.003437338 0.04694619
vt 0.00343416 0.04660774
vt 0.004580339 0.04660774
vt 0.001854186 0.04468926
vt 0.001845022 0.04432267
vt 0.003007602 0.04432267
vt 0.0002240039 0.04169666
vt 0.0002084234 0.04129192
vt 0.001372075 0.04129192
vt -0.0002684869 0.03538951
vt -0.001358783 0.03585056
vt -0.001386461 0.03538951
vt -0.00192705 0.02775805
vt -0.002928904 0.02720548
vt -0.001905243 0.02720548
vt 0.01266658 0.006361428
vt 0.01211991 0.007480729
vt 0.01204278 0.006361428
vt 0.01246536 0.007948705
vt 0.01193415 0.009068602
vt 0.01186298 0.007948743
vt 0.01207085 0.009493757
vt 0.01153506 0.01061348
vt 0.01146887 0.009493757
vt 0.01148072 0.01083894
vt 0.0109385 0.01195873
vt 0.01085973 0.01083894
vt 0.01153806 0.01151583
vt 0.01085973 0.01251001
vt 0.01079036 0.01151583
vt 0.01157902 0.01283552
vt 0.01079036 0.01355405
vt 0.01074081 0.01283552
vt 0.01161178 0.01516776
vt 0.01074081 0.01575463
vt 0.01070117 0.01516776
vt 0.01085283 0.01814839
vt 0.0108204 0.01874745
vt 0.009851684 0.01814839
vt 0.009891768 0.02375787
vt 0.009857294 0.02430958
vt 0.008813219 0.02375787
vt 0.002656715 -0.006303144
vt 0.002593169 -0.0051802
vt 0.002131197 -0.0051802
vt 0.0009151428 -0.006486434
vt 0.000858753 -0.005365254
vt 0.0003751853 -0.005365254
vt -0.000593595 -0.006452185
vt -0.0006601016 -0.00533252
vt -0.00114959 -0.00533252
vt -0.002126471 -0.006241349
vt -0.002198413 -0.005122057
vt -0.002677305 -0.005122057
vt -0.004161982 -0.004733338
vt -0.003616004 -0.005852949
vt -0.003691794 -0.0047333
vt 0.004453614 -0.005840845
vt 0.004371424 -0.004718353
vt 0.003913603 -0.004718353
vt 0.006037976 -0.005161884
vt 0.00594537 -0.004041825
vt 0.005474902 -0.004041825
vt -0.005592673 -0.004169659
vt -0.005052418 -0.005290144
vt -0.005129814 -0.004169659
vt -0.007116179 -0.003344507
vt -0.00657773 -0.004465221
vt -0.006645606 -0.003344507
vt -0.008509923 -0.002304725
vt -0.007949848 -0.003424328
vt -0.008014899 -0.002304725
vt -0.008977767 -0.001300884
vt -0.01032202 -0.000200382
vt -0.009766371 -0.001322369
vt -0.009860208 -0.000200382
vt -0.01120948 0.001162615
vt -0.01067812 0.00003801316
vt -0.01075962 0.001162615
vt 0.007446651 -0.004304174
vt 0.00735184 -0.003187047
vt 0.006864082 -0.003187047
vt 0.008643023 -0.003324663
vt 0.008556813 -0.002209643
vt 0.00804703 -0.002209643
vt -0.0119263 0.002671457
vt -0.01139931 0.00154597
vt -0.01146841 0.002671419
vt -0.01241411 0.004270089
vt -0.01187877 0.003145465
vt -0.01194073 0.004270127
vt 0.009561562 -0.002317632
vt 0.009500563 -0.001202235
vt 0.008994413 -0.001202235
vt 0.01049455 -0.001113766
vt 0.01044461 0.000004272931
vt 0.009967672 0.000004272931
vt -0.01264399 0.005872872
vt -0.01208093 0.004749552
vt -0.01214727 0.005872834
vt -0.01261407 0.007391532
vt -0.01202749 0.006268593
vt -0.01210875 0.00739157
vt 0.01135978 0.0002732744
vt 0.01130481 0.001393902
vt 0.01084699 0.001393902
vt 0.01205197 0.001787474
vt 0.01198522 0.002909194
vt 0.01153678 0.002909194
vt 0.01253377 0.003392242
vt 0.01245303 0.004513147
vt 0.01199793 0.004513147
vt 0.01271828 0.004904888
vt 0.01263855 0.006024382
vt 0.01216157 0.006024382
vt 0.01266657 0.006361375
vt 0.01259918 0.007480678
vt 0.0121199 0.007480678
vt 0.008712565 0.02475463
vt 0.00868059 0.02530627
vt 0.007643931 0.02475463
vt 0.008735095 0.03313814
vt 0.007643934 0.0335992
vt 0.007621059 0.03313814
vt 0.007621055 0.03995303
vt 0.007605599 0.03954818
vt 0.008750312 0.03954818
vt 0.007605601 0.04350738
vt 0.00759539 0.04314076
vt 0.00876037 0.04314076
vt 0.007595391 0.04655321
vt 0.007591699 0.04621476
vt 0.008764006 0.04621476
vt -0.009460953 0.01491679
vt -0.009559179 0.01379379
vt -0.008924499 0.01379379
vt -0.003548293 0.02328412
vt -0.003516238 0.022683
vt -0.004384704 0.02169883
vt -0.00442213 0.02110942
vt -0.003548294 0.02110942
vt -0.005890231 0.01898347
vt -0.005924347 0.01826218
vt -0.005110385 0.01826218
vt -0.007227677 0.01725219
vt -0.00727607 0.01625599
vt -0.006531218 0.01625599
vt -0.008363341 0.0159186
vt -0.008442221 0.01479731
vt -0.007802593 0.01479731
vt -0.01239216 0.008963203
vt -0.01180571 0.007839101
vt -0.01189254 0.008963203
vt -0.01196522 0.01048736
vt -0.01139101 0.009361424
vt -0.0114791 0.01048736
vt -0.0108667 0.01205151
vt -0.0104799 0.01359625
vt -0.009963205 0.01247012
vt -0.01001424 0.01359625
vt 0.006334524 0.04670487
vt 0.006330614 0.04636641
vt 0.007461165 0.04636641
vt 0.004950553 0.04684037
vt 0.004947057 0.04650191
vt 0.006068172 0.04650191
vt -0.001927043 0.02775811
vt -0.00288897 0.02775811
vt -0.002928898 0.02720554
vt 0.003437344 0.04694616
vt 0.004580344 0.04660771
vt 0.004576357 0.04694616
vt 0.001854194 0.04468915
vt 0.00300761 0.04432257
vt 0.002996548 0.04468915
vt 0.0002240047 0.04169664
vt 0.001372076 0.04129191
vt 0.001356472 0.04169664
vt -0.0002863708 0.03585053
vt -0.00135878 0.03585053
vt -0.0002684848 0.03538949
vt -0.0003117657 0.02797685
vt -0.001319505 0.02797685
vt -0.001358785 0.02742524
vt 0.0124655 0.007949756
vt 0.01239704 0.00906962
vt 0.01193423 0.00906962
vt 0.01207085 0.009493719
vt 0.01199756 0.01061344
vt 0.01153506 0.01061344
vt 0.01148077 0.01083769
vt 0.01141575 0.01195748
vt 0.01093863 0.01195752
vt 0.0106907 0.012208
vt 0.01062627 0.0133287
vt 0.01014036 0.0133287
vt 0.01074745 0.01287174
vt 0.01069071 0.01386672
vt 0.01005827 0.01386672
vt 0.01078798 0.01417354
vt 0.01074745 0.01489264
vt 0.009985967 0.01489264
vt 0.0108204 0.01647592
vt 0.01078798 0.01706323
vt 0.00993432 0.01706323
vt 0.0108204 0.01874748
vt 0.009893002 0.01874748
vt 0.009851683 0.01814842
vt 0.009857292 0.02430954
vt 0.008843786 0.02430954
vt 0.008813219 0.02375782
vt 0.002131197 -0.00744279
vt 0.002593169 -0.00744279
vt 0.002530449 -0.006343615
vt 0.0003751853 -0.00763346
vt 0.000858753 -0.00763346
vt 0.0008030948 -0.006536043
vt -0.00114959 -0.007603243
vt -0.0006601016 -0.007603243
vt -0.000725744 -0.006507335
vt -0.002677305 -0.007391442
vt -0.002198413 -0.007391442
vt -0.002269421 -0.006295901
vt -0.00416165 -0.006999501
vt -0.003691462 -0.006999453
vt -0.003766292 -0.005903562
vt 0.003913603 -0.006978387
vt 0.004371424 -0.006978387
vt 0.004290299 -0.005879663
vt 0.005474902 -0.006300875
vt 0.00594537 -0.006300875
vt 0.005853964 -0.005204571
vt -0.005592673 -0.006429294
vt -0.005129814 -0.006429294
vt -0.005206207 -0.005332565
vt -0.007116179 -0.005596708
vt -0.006645606 -0.005596708
vt -0.006712602 -0.004499753
vt -0.008509923 -0.004550473
vt -0.008014899 -0.004550473
vt -0.008079106 -0.003454623
vt -0.009470492 -0.003538008
vt -0.008977767 -0.003538008
vt -0.009061639 -0.002442076
vt -0.01032202 -0.002423578
vt -0.009860208 -0.002423578
vt -0.009952828 -0.001325357
vt -0.01120948 -0.001043912
vt -0.01075962 -0.001043912
vt -0.01084006 0.00005690956
vt 0.006864082 -0.005445347
vt 0.00735184 -0.005445347
vt 0.007258261 -0.004351965
vt 0.00804703 -0.004463678
vt 0.008556813 -0.004463678
vt 0.008471721 -0.003372389
vt -0.01153676 0.001581765
vt -0.01192647 0.000480145
vt -0.01146858 0.0004800967
vt -0.01200178 0.003190298
vt -0.01241397 0.00208937
vt -0.0119406 0.002089418
vt 0.009500563 -0.003447296
vt 0.009440355 -0.002355635
vt 0.008994413 -0.003447296
vt 0.01044461 -0.002224818
vt 0.01039532 -0.001130524
vt 0.009967672 -0.002224818
vt -0.01221283 0.004803553
vt -0.01264409 0.003704091
vt -0.01214736 0.003704042
vt -0.0121889 0.00633292
vt -0.01261401 0.005233666
vt -0.01210869 0.005233714
vt 0.01130481 -0.0008186207
vt 0.01125055 0.0002782473
vt 0.01084699 -0.0008186207
vt 0.01198522 0.0007119307
vt 0.01191934 0.001809886
vt 0.01153678 0.0007119307
vt 0.01245303 0.002327396
vt 0.01237334 0.003424539
vt 0.01199793 0.002327396
vt 0.01263855 0.003848972
vt 0.01255987 0.004944711
vt 0.01216157 0.003848972
vt 0.01259918 0.005316841
vt 0.01253265 0.006412387
vt 0.0121199 0.005316841
vt 0.008680591 0.02530627
vt 0.0076764 0.02530627
vt 0.007643932 0.02475464
vt 0.007416506 0.03428172
vt 0.006385936 0.03428172
vt 0.007436064 0.03382051
vt 0.006361708 0.04047875
vt 0.007449277 0.04007382
vt 0.007436063 0.04047875
vt 0.006345341 0.04389205
vt 0.007458011 0.04352539
vt 0.007449279 0.04389205
vt 0.007461165 0.04636642
vt 0.007458008 0.04670487
vt -0.00946096 0.01491678
vt -0.008924505 0.01379378
vt -0.00897333 0.01491678
vt -0.001952075 0.02372531
vt -0.002843151 0.02372531
vt -0.002888975 0.02312509
vt -0.00358035 0.02169883
vt -0.004384705 0.02169883
vt -0.005164151 0.01898346
vt -0.005890221 0.01898346
vt -0.005110377 0.01826217
vt -0.006609049 0.01725219
vt -0.007227676 0.01725219
vt -0.006531217 0.01625599
vt -0.007871902 0.0159186
vt -0.008363337 0.0159186
vt -0.007802589 0.01479731
vt -0.01197823 0.007921162
vt -0.01239216 0.006820835
vt -0.01189254 0.006820835
vt -0.01156605 0.009463269
vt -0.01196522 0.008361123
vt -0.0114791 0.008361123
vt -0.0109383 0.01104441
vt -0.01133167 0.009940859
vt -0.0108667 0.009940859
vt -0.01006461 0.01259862
vt -0.0104799 0.01149628
vt -0.01001424 0.01149628
vt 0.004950551 0.04684038
vt 0.006068171 0.04650192
vt 0.006064659 0.04684038
vt -0.001952069 0.02372534
vt -0.00288897 0.02312512
vt -0.001927043 0.02312512
vt 0.003446131 0.04450865
vt 0.003437344 0.044142
vt 0.004576357 0.044142
vt 0.001868067 0.04157384
vt 0.001854194 0.04116905
vt 0.002996548 0.04116905
vt 0.001356472 0.03540635
vt 0.0002470656 0.03586716
vt 0.0002240047 0.03540635
vt -0.0003117603 0.02797689
vt -0.00135878 0.02742528
vt -0.0002863708 0.02742528
vt -0.0003409072 0.0239492
vt -0.001319505 0.02335015
vt -0.0003117657 0.02335015
vt 0.01239704 0.006920568
vt 0.01232946 0.008016676
vt 0.01193423 0.006920568
vt 0.01199756 0.008477459
vt 0.01192523 0.009573428
vt 0.01153506 0.008477459
vt 0.01141578 0.009832681
vt 0.01135163 0.01092872
vt 0.01093867 0.009832729
vt 0.01062627 0.01121668
vt 0.01056268 0.01231362
vt 0.01014036 0.01121668
vt 0.01069071 0.01220795
vt 0.01014037 0.01332865
vt 0.01005827 0.01220795
vt 0.01074745 0.01287171
vt 0.01005827 0.0138667
vt 0.009985967 0.01287171
vt 0.01078798 0.01417352
vt 0.009985968 0.01489263
vt 0.00993432 0.01417352
vt 0.0108204 0.0164759
vt 0.00993432 0.01706321
vt 0.009893002 0.0164759
vt 0.009857292 0.01947516
vt 0.009817724 0.02007434
vt 0.008843786 0.01947516
vt 0.0003729254 -0.007633045
vt 0.0008009877 -0.006535687
vt 0.000461352 -0.006535639
vt 0.002133533 -0.007442934
vt 0.002532624 -0.006343701
vt 0.002208155 -0.006343749
vt -0.001147367 -0.007603857
vt -0.0007236709 -0.006507891
vt -0.001067466 -0.006507939
vt -0.002677315 -0.007391438
vt -0.002269431 -0.006295897
vt -0.002605783 -0.006295897
vt -0.004163187 -0.006998784
vt -0.003767722 -0.005902885
vt -0.004097961 -0.005902885
vt -0.005592801 -0.00642922
vt -0.005206327 -0.005332494
vt -0.005531417 -0.005332494
vt 0.003911329 -0.006978529
vt 0.004288186 -0.00587986
vt 0.003966633 -0.005879812
vt 0.005476987 -0.006300523
vt 0.005855895 -0.005204166
vt 0.005525461 -0.005204214
vt -0.007116143 -0.005596735
vt -0.006712569 -0.004499778
vt -0.007043079 -0.004499778
vt -0.008509885 -0.004550508
vt -0.008079071 -0.003454657
vt -0.008426754 -0.003454657
vt -0.009470505 -0.003537994
vt -0.009061651 -0.002442063
vt -0.009407719 -0.002442063
vt -0.01027718 -0.001325369
vt -0.01032201 -0.00242359
vt -0.009952819 -0.001325369
vt -0.01115597 0.00005682647
vt -0.01120942 -0.001043997
vt -0.01084001 0.00005682647
vt -0.01185767 0.001580281
vt -0.01192567 0.0004786212
vt -0.01153607 0.001580281
vt 0.006862194 -0.005445855
vt 0.00725652 -0.004352525
vt 0.00691394 -0.004352477
vt 0.008048712 -0.00446307
vt 0.008473262 -0.003371726
vt 0.008115212 -0.003371774
vt -0.01233477 0.003191815
vt -0.0124146 0.002090929
vt -0.01200229 0.003191815
vt -0.01256138 0.004802088
vt -0.01264365 0.003702584
vt -0.0122125 0.004802088
vt 0.008992849 -0.003448015
vt 0.009438934 -0.002356412
vt 0.009083438 -0.002356364
vt 0.009969153 -0.002223897
vt 0.01039665 -0.001129544
vt 0.01006167 -0.001129592
vt -0.01254401 0.006334407
vt -0.0126143 0.005235194
vt -0.01218909 0.006334407
vt -0.01232915 0.007921189
vt -0.01239216 0.006820863
vt -0.01197823 0.007921189
vt 0.01084563 -0.0008197588
vt 0.01124936 0.0002770498
vt 0.0109278 0.0002770979
vt 0.01153793 0.0007132264
vt 0.01192032 0.00181124
vt 0.01160536 0.001811191
vt 0.01199705 0.002326053
vt 0.01237262 0.003423141
vt 0.01205298 0.003423189
vt 0.01216218 0.003850228
vt 0.01256033 0.004946022
vt 0.01222531 0.004945974
vt 0.0121195 0.00531561
vt 0.0125324 0.006411099
vt 0.01219578 0.006411147
vt 0.008680591 0.02052797
vt 0.008643892 0.02112705
vt 0.0076764 0.02052797
vt 0.007388745 0.02611778
vt 0.006385936 0.02556589
vt 0.007416506 0.02556589
vt 0.007436063 0.03382056
vt 0.006385934 0.03428177
vt 0.006361708 0.03382056
vt 0.006361711 0.04047867
vt 0.006345341 0.04007373
vt 0.007449279 0.04007373
vt 0.006345338 0.04389213
vt 0.006334524 0.04352547
vt 0.007458008 0.04352547
vt -0.00902152 0.01392145
vt -0.00946096 0.01282222
vt -0.00897333 0.01282222
vt -0.001952075 0.02155674
vt -0.002797326 0.02214524
vt -0.002843151 0.02155674
vt -0.004337923 0.01963654
vt -0.004384705 0.01891476
vt -0.00358035 0.01891476
vt -0.005842459 0.01801442
vt -0.005890221 0.01701633
vt -0.005164151 0.01701633
vt -0.007172726 0.01674484
vt -0.007227676 0.01562275
vt -0.006609049 0.01562275
vt -0.007940318 0.01492693
vt -0.008363337 0.0138294
vt -0.007871902 0.0138294
vt -0.01190748 0.009463216
vt -0.01196522 0.008361069
vt -0.01156606 0.009463216
vt -0.01126487 0.01104442
vt -0.01133167 0.009940875
vt -0.01093829 0.01104442
vt -0.01039168 0.0125986
vt -0.0104799 0.01149625
vt -0.01006462 0.0125986
vt -0.009364003 0.01392146
vt -0.009460954 0.01282223
vt -0.009021513 0.01392146
vt 0.004960219 0.04423595
vt 0.004950551 0.04386926
vt 0.006064659 0.04386926
vt -0.0003408966 0.02394925
vt -0.001274409 0.02394925
vt -0.001319496 0.0233502
vt 0.003446129 0.04450869
vt 0.004576355 0.04414204
vt 0.004565327 0.04450869
vt 0.001868065 0.04157387
vt 0.002996546 0.04116908
vt 0.002979806 0.04157387
vt 0.001333381 0.03586714
vt 0.0002470675 0.03586714
vt 0.001356474 0.03540633
vt 0.001300609 0.02799427
vt 0.000279806 0.02799427
vt 0.0002470744 0.02744305
vt 0.001262983 0.02396465
vt 0.0003173673 0.02396465
vt 0.0002798006 0.02336607
vt 0.01193423 0.006920581
vt 0.01232946 0.008016689
vt 0.01200441 0.008016689
vt 0.01153506 0.008477449
vt 0.01192523 0.009573417
vt 0.01160039 0.009573417
vt 0.01135135 0.01092953
vt 0.01101625 0.01092953
vt 0.0109385 0.009833501
vt 0.01056266 0.01231365
vt 0.01022138 0.01231365
vt 0.01014035 0.01121671
vt 0.009659467 0.01361942
vt 0.009580846 0.01474037
vt 0.009088933 0.01474037
vt 0.009728693 0.01427133
vt 0.009659448 0.01526654
vt 0.009019196 0.01526654
vt 0.009778158 0.01555624
vt 0.009728698 0.0162755
vt 0.008957806 0.0162755
vt 0.009817724 0.01782968
vt 0.009778156 0.01841711
vt 0.00891395 0.01841711
vt 0.009817724 0.02007433
vt 0.008878868 0.02007433
vt 0.0004606924 -0.008552272
vt 0.0008003281 -0.008552335
vt 0.0007526004 -0.007613306
vt 0.002208837 -0.008355572
vt 0.002533306 -0.008355509
vt 0.002479146 -0.00741498
vt -0.001066816 -0.008526608
vt -0.0007230212 -0.008526545
vt -0.0007796844 -0.007588842
vt -0.002605783 -0.008314515
vt -0.002269431 -0.008314515
vt -0.002330542 -0.007377121
vt -0.004097961 -0.007918535
vt -0.003767722 -0.007918535
vt -0.00383203 -0.006980829
vt -0.005531417 -0.007342891
vt -0.005206327 -0.007342891
vt -0.005272064 -0.006404469
vt 0.003965967 -0.007890335
vt 0.00428752 -0.007890398
vt 0.004217885 -0.006950234
vt 0.005526077 -0.007214695
vt 0.005856511 -0.007214632
vt 0.005777671 -0.006276592
vt -0.007043079 -0.006504877
vt -0.006712569 -0.006504877
vt -0.00677023 -0.005566259
vt -0.008426754 -0.005455748
vt -0.008079071 -0.005455748
vt -0.008134333 -0.004518086
vt -0.009407719 -0.004437119
vt -0.009061651 -0.004437119
vt -0.009133833 -0.003499385
vt -0.01027718 -0.003309707
vt -0.009952819 -0.003309707
vt -0.01003253 -0.00236999
vt -0.01090925 -0.0009728011
vt -0.01115597 -0.001914769
vt -0.01084001 -0.001914769
vt -0.01159485 0.0005616649
vt -0.01185767 -0.0003810292
vt -0.01153607 -0.0003810292
vt 0.006913384 -0.006364279
vt 0.007255963 -0.006364342
vt 0.007175592 -0.005428799
vt 0.008115703 -0.005380884
vt 0.008473752 -0.005380822
vt 0.008400357 -0.004447121
vt -0.01205485 0.002180077
vt -0.01233477 0.001238053
vt -0.01200229 0.001238053
vt -0.01226893 0.003796375
vt -0.01256138 0.002855547
vt -0.0122125 0.002855547
vt 0.009438483 -0.004359836
vt 0.009386827 -0.003425789
vt 0.009082988 -0.004359773
vt 0.01039708 -0.003119788
vt 0.01035448 -0.002183482
vt 0.0100621 -0.003119851
vt -0.01225804 0.005336443
vt -0.01254401 0.004395868
vt -0.01218909 0.004395868
vt -0.01205199 0.006935672
vt -0.01232915 0.005994135
vt -0.01197823 0.005994135
vt 0.01124898 -0.001701501
vt 0.01120247 -0.0007629469
vt 0.01092743 -0.001701438
vt 0.01192063 -0.0001550921
vt 0.01186374 0.0007843815
vt 0.01160566 -0.0001551551
vt 0.01237239 0.001463326
vt 0.01230399 0.002402123
vt 0.01205275 0.001463389
vt 0.01256047 0.00299393
vt 0.01249258 0.003931485
vt 0.01222546 0.002993867
vt 0.01253232 0.004465869
vt 0.01247524 0.005403281
vt 0.0121957 0.004465932
vt 0.008643896 0.02112709
vt 0.007713671 0.02112709
vt 0.007676404 0.02052801
vt 0.007388744 0.02611777
vt 0.006420322 0.02611777
vt 0.006385935 0.02556588
vt 0.006018478 0.03489189
vt 0.004996509 0.03489189
vt 0.00604024 0.03443056
vt 0.004974847 0.0409487
vt 0.006054939 0.0405437
vt 0.006040236 0.0409487
vt 0.004960216 0.044236
vt 0.006064656 0.04386931
vt 0.006054941 0.044236
vt -0.007940319 0.01492693
vt -0.008285478 0.01492693
vt -0.008363338 0.0138294
vt -0.001977096 0.02214521
vt -0.002797319 0.02214521
vt -0.001952069 0.02155672
vt -0.003620416 0.01963653
vt -0.004337919 0.01963653
vt -0.003580346 0.01891475
vt -0.005239429 0.01801442
vt -0.005842456 0.01801442
vt -0.005164148 0.01701633
vt -0.006697429 0.01674484
vt -0.007172725 0.01674484
vt -0.00678466 0.0157623
vt -0.007118487 0.0157623
vt -0.007172723 0.01466398
vt -0.01164089 0.008491306
vt -0.01190748 0.007548193
vt -0.01156606 0.007548193
vt -0.01099991 0.01008519
vt -0.01126487 0.009140861
vt -0.01093829 0.009140861
vt -0.01010797 0.01164524
vt -0.01039168 0.01070195
vt -0.01006462 0.01070195
vt -0.009062987 0.01296782
vt -0.009364003 0.01202723
vt -0.009021513 0.01202723
vt -0.0003408966 0.02178164
vt -0.001229324 0.02236894
vt -0.001274409 0.02178164
vt 0.00345943 0.04132393
vt 0.003446129 0.04091901
vt 0.004565327 0.04091901
vt 0.002979806 0.03524585
vt 0.001888598 0.03570678
vt 0.001868065 0.03524585
vt 0.001300601 0.02799421
vt 0.0002470675 0.02744299
vt 0.001333381 0.02744299
vt 0.001262989 0.02396468
vt 0.000279806 0.0233661
vt 0.001300609 0.0233661
vt 0.001262983 0.02179604
vt 0.0003549333 0.02238286
vt 0.0003173673 0.02179604
vt 0.01232946 0.006082085
vt 0.01227131 0.007019972
vt 0.01200441 0.006082085
vt 0.01192523 0.007648059
vt 0.01186298 0.008585823
vt 0.01160039 0.007648059
vt 0.01135135 0.009012518
vt 0.01129604 0.009950339
vt 0.01101625 0.009012518
vt 0.01056266 0.01040626
vt 0.01050792 0.01134487
vt 0.01022138 0.01040626
vt 0.009580846 0.01264067
vt 0.009503245 0.01373787
vt 0.009088933 0.01264067
vt 0.009659448 0.0136195
vt 0.009088907 0.01474045
vt 0.009019196 0.0136195
vt 0.009728698 0.0142713
vt 0.009019201 0.01526651
vt 0.008957806 0.0142713
vt 0.009778156 0.01555627
vt 0.008957803 0.01627553
vt 0.00891395 0.01555627
vt 0.008913951 0.01841711
vt 0.008878868 0.01782968
vt -0.001065251 -0.008526926
vt -0.0007782169 -0.007589131
vt -0.0009966228 -0.007589194
vt 0.0004634539 -0.008552558
vt 0.0007551895 -0.007613539
vt 0.0005394256 -0.007613539
vt 0.002205993 -0.008355638
vt 0.002476482 -0.007415097
vt 0.002270353 -0.007415097
vt -0.002605785 -0.008314515
vt -0.002330544 -0.007377121
vt -0.002544222 -0.007377121
vt -0.004098029 -0.007918506
vt -0.003832095 -0.006980802
vt -0.004041888 -0.006980802
vt -0.005531373 -0.007342915
vt -0.005272023 -0.006404492
vt -0.005478546 -0.006404492
vt -0.007043089 -0.00650487
vt -0.006770239 -0.005566253
vt -0.006980206 -0.005566253
vt 0.003968773 -0.0078899
vt 0.004220507 -0.006949749
vt 0.00401623 -0.006949749
vt 0.00552351 -0.007215404
vt 0.005775279 -0.006277348
vt 0.005565361 -0.006277348
vt -0.008426757 -0.005455746
vt -0.008134335 -0.004518084
vt -0.008355211 -0.004518084
vt -0.009407768 -0.004437069
vt -0.009133878 -0.003499336
vt -0.009353728 -0.003499336
vt -0.01023859 -0.002369984
vt -0.01027718 -0.0033097
vt -0.01003254 -0.002369984
vt -0.01110995 -0.0009728315
vt -0.01115595 -0.0019148
vt -0.01090923 -0.0009728315
vt -0.01179913 0.0005616147
vt -0.01185765 -0.0003810804
vt -0.01159482 0.0005616147
vt -0.01226609 0.00218014
vt -0.01233479 0.001238118
vt -0.01205487 0.00218014
vt 0.006915693 -0.006363364
vt 0.007177733 -0.005427836
vt 0.006960098 -0.005427836
vt 0.00811367 -0.005381935
vt 0.008398484 -0.00444822
vt 0.008171024 -0.00444822
vt -0.01249056 0.003796357
vt -0.01256137 0.002855529
vt -0.01226893 0.003796357
vt -0.01248351 0.005336442
vt -0.01225804 0.005336442
vt 0.009084852 -0.004358571
vt 0.009388531 -0.003424535
vt 0.00916269 -0.003424535
vt 0.01006035 -0.003121326
vt 0.01035291 -0.00218501
vt 0.0101401 -0.00218501
vt -0.01227492 0.006935626
vt -0.01232915 0.005994088
vt -0.01205199 0.006935626
vt -0.0118578 0.008491288
vt -0.01190748 0.007548175
vt -0.0116409 0.008491288
vt 0.01092898 -0.001699699
vt 0.01120384 -0.0007611549
vt 0.01099957 -0.0007611549
vt 0.01160441 -0.0001570579
vt 0.01186267 0.0007824288
vt 0.01166258 0.0007824288
vt 0.0120537 0.001465406
vt 0.01230476 0.002404189
vt 0.0121017 0.002404189
vt 0.01222483 0.002991904
vt 0.01249213 0.003929471
vt 0.0122793 0.003929471
vt 0.01219605 0.004467878
vt 0.01247541 0.00540528
vt 0.01226156 0.00540528
vt 0.008643896 0.01890307
vt 0.007750937 0.0194904
vt 0.007713671 0.01890307
vt 0.007356882 0.02198677
vt 0.006420322 0.02138739
vt 0.007388744 0.02138739
vt 0.005987589 0.02684287
vt 0.004996509 0.02629077
vt 0.006018478 0.02629077
vt 0.006040236 0.03443064
vt 0.004996504 0.03489197
vt 0.004974847 0.03443064
vt 0.004974849 0.04094866
vt 0.004960216 0.04054366
vt 0.006054941 0.04054366
vt -0.007999198 0.01397481
vt -0.008285478 0.0130357
vt -0.007940319 0.0130357
vt -0.002740039 0.0200873
vt -0.002797319 0.01936668
vt -0.001977096 0.01936668
vt -0.004272422 0.01867706
vt -0.004337919 0.01767828
vt -0.003620416 0.01767828
vt -0.005788225 0.01751826
vt -0.005842456 0.016394
vt -0.005239429 0.016394
vt -0.006784663 0.0157623
vt -0.007172725 0.01466398
vt -0.006697429 0.01466398
vt -0.006859734 0.01481703
vt -0.007118487 0.01387723
vt -0.00678466 0.01387723
vt -0.01120736 0.01008524
vt -0.01126486 0.009140911
vt -0.01099989 0.01008524
vt -0.01031574 0.01164524
vt -0.01039167 0.01070195
vt -0.00928056 0.01296782
vt -0.009364001 0.01202724
vt -0.009062984 0.01296782
vt -0.007999208 0.0139748
vt -0.008218481 0.0139748
vt -0.008285487 0.01303569
vt -0.0003700436 0.02236896
vt -0.00122933 0.02236896
vt -0.000340902 0.02178166
vt 0.003459426 0.041324
vt 0.004565323 0.04091908
vt 0.004548632 0.041324
vt 0.002955033 0.03570674
vt 0.001888601 0.03570674
vt 0.002979809 0.0352458
vt 0.002919864 0.02780518
vt 0.001917743 0.02780518
vt 0.001888601 0.02725375
vt 0.0028795 0.02376644
vt 0.001951192 0.02376644
vt 0.001917742 0.02316761
vt 0.001225366 0.02238283
vt 0.0003549393 0.02238283
vt 0.001262988 0.02179601
vt 0.01200435 0.006078941
vt 0.01227153 0.007016746
vt 0.01206503 0.007016809
vt 0.01160038 0.007648141
vt 0.01186296 0.008585908
vt 0.01165659 0.008585908
vt 0.01101625 0.00901251
vt 0.01129605 0.00995033
vt 0.01108316 0.00995033
vt 0.01050798 0.01134477
vt 0.01029117 0.01134477
vt 0.01022143 0.01040617
vt 0.009503243 0.01373787
vt 0.009157745 0.01373787
vt 0.009088932 0.01264068
vt 0.008497083 0.01473591
vt 0.008424155 0.01585665
vt 0.007936764 0.01585665
vt 0.008561324 0.01537915
vt 0.008497102 0.01637418
vt 0.007862735 0.01637418
vt 0.008607186 0.01665165
vt 0.008561311 0.01737078
vt 0.007797506 0.01737078
vt 0.00864389 0.01890314
vt 0.008607191 0.01949047
vt 0.00775093 0.01949047
vt -0.0009934177 -0.01044511
vt -0.0007750118 -0.010445
vt -0.0008144059 -0.00980027
vt 0.0005394256 -0.01046447
vt 0.0007551895 -0.01046447
vt 0.0007220699 -0.009818817
vt 0.002270353 -0.01026063
vt 0.002476482 -0.01026063
vt 0.002439159 -0.00961392
vt -0.002544222 -0.01023287
vt -0.002330544 -0.01023287
vt -0.002372797 -0.009588341
vt -0.004041888 -0.009832752
vt -0.003832095 -0.009832752
vt -0.003876555 -0.00918801
vt -0.005478546 -0.009251611
vt -0.005272023 -0.009251611
vt -0.005317477 -0.008606371
vt -0.006980206 -0.008407487
vt -0.006770239 -0.008407487
vt -0.006810106 -0.007762111
vt 0.00401623 -0.00979348
vt 0.004220507 -0.00979348
vt 0.004172232 -0.009147037
vt 0.005565361 -0.009124274
vt 0.005775279 -0.009124274
vt 0.005720889 -0.008479289
vt -0.008355211 -0.007357049
vt -0.008134335 -0.007357049
vt -0.008172543 -0.006712339
vt -0.009353728 -0.006331795
vt -0.009133878 -0.006331795
vt -0.009183782 -0.005687033
vt -0.01023859 -0.005190702
vt -0.01003254 -0.005190702
vt -0.01008765 -0.004544563
vt -0.01095711 -0.003130662
vt -0.01110995 -0.003778367
vt -0.01090923 -0.003778367
vt -0.01163546 -0.001585678
vt -0.01179913 -0.002233889
vt -0.01159482 -0.002233889
vt -0.0120912 0.00003991134
vt -0.01226609 -0.0006078323
vt -0.01205487 -0.0006078323
vt 0.006960098 -0.00827745
vt 0.007177733 -0.00827745
vt 0.007122046 -0.007634223
vt 0.008171024 -0.007298417
vt 0.008398484 -0.007298417
vt 0.00834785 -0.006656451
vt -0.01230795 0.001660072
vt -0.01249056 0.00101316
vt -0.01226893 0.00101316
vt -0.01230571 0.003208371
vt -0.01248351 0.002561635
vt -0.01225804 0.002561635
vt 0.009388531 -0.006267547
vt 0.009352706 -0.005625356
vt 0.00916269 -0.006267547
vt 0.01035291 -0.005014484
vt 0.01032358 -0.004370709
vt 0.0101401 -0.005014484
vt -0.01210298 0.004819294
vt -0.01227492 0.004171888
vt -0.01205199 0.004171888
vt -0.01169264 0.006389825
vt -0.0118578 0.005741322
vt -0.0116409 0.005741322
vt 0.01120384 -0.003575458
vt 0.01117156 -0.002930133
vt 0.01099957 -0.003575458
vt 0.01186267 -0.002020869
vt 0.01182346 -0.00137489
vt 0.01166258 -0.002020869
vt 0.01230476 -0.0003917853
vt 0.01225734 0.0002537047
vt 0.0121017 -0.0003917853
vt 0.01249213 0.001137918
vt 0.01244531 0.001782563
vt 0.0122793 0.001137918
vt 0.01247541 0.002621887
vt 0.01243582 0.003266417
vt 0.01226156 0.002621887
vt 0.007325029 0.02036854
vt 0.006499268 0.02036854
vt 0.00735689 0.01978089
vt 0.007356878 0.02198676
vt 0.006459787 0.02198676
vt 0.00642032 0.02138737
vt 0.005987584 0.02684283
vt 0.005027245 0.02684283
vt 0.004996505 0.02629073
vt 0.004523924 0.03538053
vt 0.003479109 0.03538053
vt 0.004548628 0.03491935
vt -0.006859724 0.01481704
vt -0.007071797 0.01481704
vt -0.007118478 0.01387724
vt -0.002008392 0.02008732
vt -0.002740052 0.02008732
vt -0.001977107 0.0193667
vt -0.003676504 0.01867705
vt -0.004272413 0.01867705
vt -0.003620408 0.01767827
vt -0.005324926 0.01751826
vt -0.00578824 0.01751826
vt -0.005239441 0.016394
vt -0.005409302 0.01654813
vt -0.005734713 0.01654813
vt -0.00578824 0.01544765
vt -0.005481927 0.01561283
vt -0.005688654 0.01561283
vt -0.005734721 0.01467116
vt -0.01104249 0.007996299
vt -0.01120736 0.007346952
vt -0.01099989 0.007346952
vt -0.01013794 0.009561773
vt -0.01031574 0.008913151
vt -0.01010797 0.008913151
vt -0.009091658 0.01088147
vt -0.00928056 0.01023472
vt -0.009062984 0.01023472
vt -0.008039916 0.01188939
vt -0.008218481 0.01124367
vt -0.007999208 0.01124367
vt -0.0003700436 0.01959017
vt -0.001172973 0.02030926
vt -0.00122933 0.01959017
vt 0.004548632 0.03491929
vt 0.003479113 0.03538047
vt 0.003459426 0.03491929
vt 0.002919865 0.02780518
vt 0.002955033 0.02725375
vt 0.002879501 0.02376644
vt 0.001917743 0.02316762
vt 0.002919864 0.02316762
vt 0.0028795 0.02159453
vt 0.00198464 0.0221816
vt 0.001951192 0.02159453
vt 0.001225366 0.01960238
vt 0.0004018997 0.02032086
vt 0.0003549393 0.01960238
vt 0.01227171 0.004240136
vt 0.01223186 0.004885024
vt 0.01206521 0.004240249
vt 0.01186296 0.005820295
vt 0.01181991 0.006465077
vt 0.01165659 0.005820295
vt 0.01129605 0.00719309
vt 0.01125781 0.007837909
vt 0.01108316 0.00719309
vt 0.01050798 0.008596949
vt 0.01047014 0.009242318
vt 0.01029117 0.008596949
vt 0.009503243 0.01183919
vt 0.009436456 0.01277801
vt 0.009157745 0.01183919
vt 0.008424155 0.01376594
vt 0.008352173 0.01486293
vt 0.007936764 0.01376594
vt 0.008497102 0.01473585
vt 0.007936787 0.0158566
vt 0.007862735 0.01473585
vt 0.008561311 0.01537921
vt 0.007862719 0.01637423
vt 0.007797506 0.01537921
vt 0.008607191 0.01665161
vt 0.007797512 0.01737074
vt 0.00775093 0.01665161
vt -0.002544008 -0.01023292
vt -0.002372593 -0.009588392
vt -0.002501454 -0.009588392
vt -0.001000731 -0.01044407
vt -0.0008213829 -0.009799325
vt -0.0009530933 -0.009799325
vt 0.0005393941 -0.01046447
vt 0.0007220398 -0.009818816
vt 0.0005919222 -0.009818816
vt 0.002270411 -0.01026063
vt 0.002439214 -0.009613913
vt 0.002314905 -0.009613913
vt -0.004030138 -0.009837091
vt -0.00386537 -0.009192204
vt -0.003991887 -0.009192316
vt -0.005490034 -0.009245896
vt -0.005328386 -0.0086008
vt -0.005452931 -0.008600688
vt -0.006969569 -0.008414516
vt -0.006800043 -0.007768989
vt -0.006926664 -0.007769102
vt -0.008364288 -0.007349256
vt -0.008181084 -0.006704699
vt -0.008314285 -0.006704586
vt 0.004016196 -0.009793488
vt 0.004172199 -0.009147046
vt 0.004049009 -0.009147046
vt 0.005565416 -0.009124254
vt 0.005720941 -0.008479268
vt 0.005594347 -0.008479268
vt -0.009345497 -0.006340352
vt -0.009176088 -0.00569545
vt -0.00930867 -0.005695562
vt -0.01021925 -0.004534546
vt -0.01024651 -0.005180661
vt -0.01009498 -0.004534659
vt -0.01107194 -0.003141761
vt -0.01110314 -0.003789495
vt -0.01095089 -0.003141647
vt -0.01176335 -0.001574063
vt -0.01180441 -0.002222236
vt -0.01164014 -0.001574176
vt -0.01221549 0.0000282204
vt -0.01226242 -0.0006195651
vt -0.01208812 0.00002833365
vt -0.01244316 0.001671432
vt -0.01249267 0.001024561
vt -0.0123095 0.001671318
vt 0.006960075 -0.008277463
vt 0.007122023 -0.007634235
vt 0.006990779 -0.007634235
vt 0.008171008 -0.007298427
vt 0.008347835 -0.006656461
vt 0.008210665 -0.006656461
vt -0.01244143 0.003197236
vt -0.01248273 0.002550465
vt -0.01230546 0.003197349
vt -0.0122363 0.004830369
vt -0.01227434 0.004182995
vt -0.01210186 0.004830256
vt 0.0091627 -0.006267539
vt 0.009352716 -0.005625347
vt 0.00921652 -0.005625347
vt 0.01014008 -0.005014505
vt 0.01032356 -0.00437073
vt 0.01019522 -0.00437073
vt -0.01182594 0.006378912
vt -0.01185974 0.005730381
vt -0.01169514 0.006379026
vt -0.01116353 0.00800711
vt -0.01120387 0.007357799
vt -0.01103842 0.008006997
vt 0.01099958 -0.003575443
vt 0.01117157 -0.002930118
vt 0.01104838 -0.002930118
vt 0.01166256 -0.002020905
vt 0.01182344 -0.001374926
vt 0.01170278 -0.001374926
vt 0.01210171 -0.0003917574
vt 0.01225734 0.000253733
vt 0.01213489 0.000253733
vt 0.01227931 0.001137953
vt 0.01244532 0.001782598
vt 0.01231697 0.001782598
vt 0.01226156 0.002621793
vt 0.01243582 0.003266321
vt 0.01230686 0.003266321
vt 0.007325029 0.01754943
vt 0.006548604 0.01826897
vt 0.006499268 0.01754943
vt 0.007356878 0.01978099
vt 0.006499254 0.02036864
vt 0.006459787 0.01978099
vt 0.005952131 0.02275464
vt 0.005027245 0.022155
vt 0.005987584 0.022155
vt 0.004488858 0.02742065
vt 0.003479109 0.02686881
vt 0.004523924 0.02686881
vt -0.006911628 0.01273814
vt -0.007071797 0.01209194
vt -0.006859724 0.01209194
vt -0.002659861 0.01912861
vt -0.002740052 0.01813148
vt -0.002008392 0.01813148
vt -0.004198043 0.01818807
vt -0.004272413 0.01706303
vt -0.003676504 0.01706303
vt -0.005324926 0.01544765
vt -0.005481918 0.01561283
vt -0.005734713 0.01467116
vt -0.005409302 0.01467116
vt -0.005532134 0.01354552
vt -0.005688654 0.01289802
vt -0.005481927 0.01289802
vt -0.01026873 0.009551688
vt -0.01032064 0.00890302
vt -0.01014343 0.009551802
vt -0.009216506 0.01089024
vt -0.009274752 0.01024354
vt -0.009085296 0.01089012
vt -0.008047074 0.01188175
vt -0.008179308 0.01188163
vt -0.008225089 0.01123587
vt -0.006903469 0.01274496
vt -0.00703136 0.01274507
vt -0.007064205 0.0120989
vt -0.0004064645 0.02030925
vt -0.001172969 0.02030925
vt -0.0003700403 0.01959016
vt 0.004488863 0.02742069
vt 0.003507055 0.02742069
vt 0.003479113 0.02686885
vt 0.004448613 0.02336326
vt 0.00353912 0.02336326
vt 0.00350705 0.02276393
vt 0.002839126 0.02218165
vt 0.001984629 0.02218165
vt 0.00287949 0.02159457
vt 0.001178341 0.02032086
vt 0.0004018999 0.02032086
vt 0.0120648 0.004246381
vt 0.01223109 0.004891248
vt 0.01210656 0.004891248
vt 0.0116587 0.0058105
vt 0.01182261 0.006455133
vt 0.01169816 0.006455246
vt 0.01107988 0.007202067
vt 0.01125395 0.00784704
vt 0.01112557 0.007846927
vt 0.01047512 0.009234097
vt 0.01034437 0.00923421
vt 0.01029559 0.008588883
vt 0.009436427 0.01277805
vt 0.00921694 0.01277805
vt 0.00915772 0.01183922
vt 0.008352214 0.01486289
vt 0.008009892 0.01486289
vt 0.007936798 0.01376591
vt 0.007166152 0.01677597
vt 0.006696122 0.01677597
vt 0.007229461 0.01565456
vt 0.007229427 0.0172847
vt 0.006617655 0.0172847
vt 0.007285187 0.0162891
vt 0.007285197 0.01826899
vt 0.006548598 0.01826899
vt 0.007325024 0.01754946
vt -0.002501454 -0.01245335
vt -0.002372593 -0.01245335
vt -0.002405062 -0.0119594
vt -0.0009530933 -0.01259651
vt -0.0008213829 -0.01259651
vt -0.0008418819 -0.01226408
vt 0.0005919222 -0.01267989
vt 0.0007220398 -0.01267989
vt 0.0006965971 -0.01218506
vt 0.002314905 -0.01240246
vt 0.002439214 -0.01240246
vt 0.002420519 -0.01206883
vt -0.003949683 -0.01200123
vt -0.003823168 -0.01200069
vt -0.003847737 -0.01166845
vt -0.005498911 -0.01144034
vt -0.005374367 -0.01144092
vt -0.005406966 -0.01094626
vt -0.006889132 -0.01058228
vt -0.006762511 -0.01058175
vt -0.006783831 -0.01024886
vt -0.008350502 -0.009533313
vt -0.008217302 -0.009533898
vt -0.008244493 -0.00903967
vt 0.004049009 -0.01200298
vt 0.004172199 -0.01200298
vt 0.004135115 -0.01150755
vt 0.005594347 -0.01127233
vt 0.005720941 -0.01127233
vt 0.005692487 -0.01093975
vt -0.009279464 -0.008512057
vt -0.009146883 -0.008511525
vt -0.009174862 -0.008179372
vt -0.01016557 -0.006847453
vt -0.01024983 -0.007342261
vt -0.01012557 -0.007342847
vt -0.01095366 -0.005614597
vt -0.01104873 -0.005949019
vt -0.01092768 -0.005948484
vt -0.01168846 -0.003862836
vt -0.01178282 -0.004359188
vt -0.01165961 -0.004359775
vt -0.01209608 -0.002438937
vt -0.01220393 -0.002773501
vt -0.01207656 -0.002772967
vt -0.01234371 -0.0006175718
vt -0.01244957 -0.001112907
vt -0.01231591 -0.001113494
vt 0.006990779 -0.01050097
vt 0.007122023 -0.01050097
vt 0.007079246 -0.01000801
vt 0.008210665 -0.009458457
vt 0.008347835 -0.009458457
vt 0.008321048 -0.009127434
vt -0.01233057 0.000734611
vt -0.01244044 0.0004005797
vt -0.01230447 0.0004011133
vt -0.01213408 0.002550513
vt -0.01223151 0.002054759
vt -0.01209707 0.002054172
vt 0.009352716 -0.008491894
vt 0.009325191 -0.007999735
vt 0.00921652 -0.008491894
vt 0.01032356 -0.007159538
vt 0.01030921 -0.006827475
vt 0.01019522 -0.007159538
vt -0.01173313 0.003932565
vt -0.01183522 0.003597644
vt -0.01170442 0.003598179
vt -0.01105151 0.005743946
vt -0.01114624 0.005246716
vt -0.01102113 0.005246128
vt 0.01117157 -0.005776146
vt 0.01114676 -0.005281574
vt 0.01104838 -0.005776146
vt 0.01182344 -0.00414681
vt 0.01180344 -0.003813701
vt 0.01170278 -0.00414681
vt 0.01225734 -0.00258393
vt 0.01222091 -0.00208923
vt 0.01213489 -0.00258393
vt 0.01244532 -0.000987144
vt 0.0124205 -0.000654896
vt 0.01231697 -0.000987144
vt 0.01243582 0.0004316467
vt 0.01240541 0.0009256055
vt 0.01230686 0.0004316467
vt 0.005872361 0.01907101
vt 0.00514191 0.01907101
vt 0.005916678 0.01835115
vt 0.005916676 0.02115289
vt 0.005097806 0.02115289
vt 0.005952129 0.02056499
vt 0.005952135 0.02275466
vt 0.00506253 0.02275466
vt 0.005027248 0.02215502
vt -0.005541242 0.01353978
vt -0.00566591 0.01353966
vt -0.005697178 0.01289214
vt -0.002052186 0.01912861
vt -0.002659855 0.01912861
vt -0.002008386 0.01813147
vt -0.003740218 0.01818807
vt -0.004198064 0.01818807
vt -0.003676522 0.01706303
vt -0.003803115 0.01722567
vt -0.004124687 0.01722567
vt -0.004198087 0.01612441
vt -0.003857226 0.01629625
vt -0.004061515 0.01629625
vt -0.004124686 0.0153539
vt -0.003884804 0.01423886
vt -0.004008002 0.01423898
vt -0.00405227 0.01359105
vt -0.01018017 0.007116931
vt -0.01028914 0.006781887
vt -0.01016384 0.006782422
vt -0.009078333 0.008611474
vt -0.009189728 0.0081163
vt -0.009058519 0.008115714
vt -0.008096504 0.009447705
vt -0.008205912 0.009114538
vt -0.008073678 0.00911507
vt -0.00690677 0.01046079
vt -0.006997053 0.009965949
vt -0.006869163 0.009965363
vt -0.001094071 0.01934726
vt -0.001172969 0.01835229
vt -0.0004064645 0.01835229
vt 0.004448619 0.02336328
vt 0.003507055 0.02276396
vt 0.004488863 0.02276396
vt 0.004448613 0.02118481
vt 0.003571191 0.02177239
vt 0.00353912 0.02118481
vt 0.002839126 0.01939799
vt 0.002026439 0.02011679
vt 0.001984629 0.01939799
vt 0.0004676411 0.01935665
vt 0.0004018999 0.01836254
vt 0.001178341 0.01836254
vt 0.01223109 0.002130015
vt 0.01221078 0.002462585
vt 0.01210656 0.002130015
vt 0.01183372 0.003583997
vt 0.01180297 0.004078301
vt 0.01170927 0.003584581
vt 0.0112397 0.005129113
vt 0.01121814 0.005461334
vt 0.01111132 0.005128581
vt 0.01049579 0.006379172
vt 0.01046894 0.006873903
vt 0.01036504 0.006379757
vt 0.009436427 0.01003943
vt 0.009390248 0.01068495
vt 0.00921694 0.01003943
vt 0.008352214 0.01297039
vt 0.008290269 0.01390904
vt 0.008009892 0.01297039
vt 0.007103665 0.01579182
vt 0.006696122 0.01469418
vt 0.007166152 0.01469418
vt 0.007229427 0.01565463
vt 0.006696081 0.01677603
vt 0.006617655 0.01565463
vt 0.007285197 0.01628906
vt 0.006617667 0.01728467
vt 0.006548598 0.01628906
vt 0.001119893 -0.01258203
vt 0.001089589 -0.01223531
vt 0.0009602456 -0.01211345
vt -0.00937439 -0.008591955
vt -0.00901989 -0.008234721
vt -0.009171777 -0.008327619
vt 0.004012761 -0.01205215
vt 0.003994159 -0.01170211
vt 0.003865384 -0.0115791
vt -0.006921577 -0.01049085
vt -0.006559882 -0.01013732
vt -0.006713677 -0.01022925
vt 0.007152382 -0.01055918
vt 0.007122828 -0.01021049
vt 0.006995024 -0.01008794
vt -0.01140247 -0.005917188
vt -0.01104651 -0.005562414
vt -0.0111972 -0.005654781
vt -0.002214815 -0.01235909
vt -0.002240198 -0.01201035
vt -0.002368566 -0.0118878
vt -0.01255333 -0.003115717
vt -0.01219662 -0.002758401
vt -0.0123498 -0.00285143
vt -0.005286402 -0.01128137
vt -0.005309675 -0.01093341
vt -0.005440877 -0.01081112
vt -0.004000324 -0.0117507
vt -0.003644407 -0.01139546
vt -0.003794591 -0.01148784
vt 0.009706587 -0.008310148
vt 0.009672342 -0.007965085
vt 0.009541141 -0.007843817
vt -0.01278911 0.0004099682
vt -0.01298999 0.0001439725
vt -0.01263985 0.0005035987
vt -0.007772534 -0.009258084
vt -0.007601016 -0.009724556
vt -0.00764268 -0.009379389
vt -0.01217408 0.00394806
vt -0.01232587 0.003856374
vt -0.01253637 0.003595904
vt -0.01018357 -0.006607228
vt -0.01003145 -0.007081188
vt -0.0100553 -0.00673048
vt -0.01106637 0.006550882
vt -0.01122012 0.006457563
vt -0.01142426 0.006192452
vt -0.01167423 -0.003507719
vt -0.01152841 -0.003982531
vt -0.01154283 -0.003631193
vt -0.0003026114 -0.01225952
vt 0.00004214133 -0.01189623
vt -0.0001075952 -0.0119907
vt 0.01127781 -0.005954261
vt 0.01126465 -0.005605567
vt 0.01113319 -0.005483023
vt -0.009216356 0.009026322
vt -0.009368153 0.008931191
vt -0.009565289 0.008660933
vt -0.0122211 -0.0004739931
vt -0.01206247 -0.0009457567
vt -0.01208957 -0.000596674
vt 0.002834764 -0.01174925
vt 0.003191104 -0.0113928
vt 0.003037018 -0.0114855
vt 0.01240088 -0.002852786
vt 0.01238355 -0.002502131
vt 0.01225719 -0.002378898
vt -0.006308532 0.01132569
vt -0.006460121 0.01123231
vt -0.006665684 0.01096701
vt -0.01196211 0.002888457
vt -0.01180967 0.002413582
vt -0.01183532 0.002764967
vt 0.005332995 -0.0106674
vt 0.00569771 -0.01031917
vt 0.005545046 -0.01040972
vt 0.01268328 0.0008147756
vt 0.01264503 0.001160653
vt 0.01251726 0.001282208
vt 0.008029844 -0.008718843
vt 0.008385512 -0.008364402
vt 0.008235316 -0.008456573
vt 0.01206461 0.003739603
vt 0.01203563 0.004086401
vt 0.01190566 0.004208278
vt 0.01005523 -0.006153137
vt 0.01041363 -0.00579922
vt 0.01026122 -0.005891255
vt 0.005872361 0.01710137
vt 0.005203652 0.01809744
vt 0.00514191 0.01710137
vt 0.005916676 0.01835115
vt 0.005141908 0.01907102
vt 0.005097806 0.01835115
vt 0.005952135 0.02056495
vt 0.005097812 0.02115285
vt 0.00506253 0.02056495
vt -0.005602773 0.01112437
vt -0.005699902 0.01078994
vt -0.005575236 0.01079048
vt -0.002568795 0.01863896
vt -0.002659855 0.0175158
vt -0.002052186 0.0175158
vt -0.003803089 0.01722569
vt -0.004198064 0.01612443
vt -0.003740218 0.01612443
vt -0.003857227 0.01629625
vt -0.004124687 0.0153539
vt -0.003803115 0.0153539
vt -0.003894639 0.01423451
vt -0.004061515 0.01358654
vt -0.003857226 0.01358654
vt -0.003869696 0.0119566
vt -0.003966515 0.01146044
vt -0.003843318 0.01145985
vt -0.003276371 0.01254696
vt -0.003431261 0.01245474
vt -0.003639906 0.01219277
vt -0.01084384 0.005981678
vt -0.01069456 0.005508512
vt -0.01071422 0.005858632
vt -0.0002565829 0.01290214
vt -0.0004072272 0.01280845
vt -0.000608028 0.01254228
vt -0.009238539 0.00833795
vt -0.009071898 0.007869881
vt -0.00910817 0.00821623
vt -0.0004574705 0.01934727
vt -0.00109408 0.01934727
vt -0.0004064719 0.0183523
vt 0.004408369 0.02177238
vt 0.003571193 0.02177238
vt 0.004448615 0.0211848
vt 0.002788678 0.02011677
vt 0.002026446 0.02011677
vt 0.002839133 0.01939797
vt 0.001112497 0.01935666
vt 0.0004676342 0.01935666
vt 0.001178335 0.01836255
vt 0.01066761 0.006602554
vt 0.0106374 0.006949759
vt 0.01050915 0.007071781
vt 0.01130366 -0.003273708
vt 0.01165993 -0.002919297
vt 0.01150889 -0.003011569
vt 0.008669759 0.00892691
vt 0.008644592 0.00927548
vt 0.008516227 0.009397981
vt 0.01180297 0.0001198513
vt 0.01215766 0.0004792589
vt 0.01200516 0.0003856853
vt 0.009384046 0.01069222
vt 0.009251683 0.0106921
vt 0.009211293 0.01004655
vt 0.008290228 0.01390907
vt 0.008072758 0.01390907
vt 0.008009856 0.01297043
vt 0.007103655 0.01579182
vt 0.006773527 0.01579182
vt 0.006696114 0.01469418
vt 0.005739855 0.01759662
vt 0.005273747 0.01759662
vt 0.005810306 0.01647469
vt 0.005810317 0.01809744
vt 0.005203651 0.01809744
vt 0.00587236 0.01710138
vt -0.004664551 -0.01160594
vt -0.004603986 -0.0114399
vt -0.004727851 -0.0114399
vt 0.0105767 -0.00698126
vt 0.01046138 -0.006845605
vt 0.0100098 -0.006671721
vt -0.01210721 -0.004201345
vt -0.01154192 -0.00388889
vt -0.01199335 -0.004064413
vt 0.001503149 -0.01242942
vt 0.001568889 -0.01226274
vt 0.001443421 -0.01226274
vt -0.01269644 0.002425497
vt -0.01281284 0.00229152
vt -0.01224329 0.002597232
vt 0.005505723 -0.01105573
vt 0.005391869 -0.01091732
vt 0.004941724 -0.0107399
vt -0.009773541 -0.007653727
vt -0.00970574 -0.007819773
vt -0.009646796 -0.007653727
vt 0.01292377 -0.0007235266
vt 0.01280485 -0.0005933482
vt 0.01234876 -0.0004264831
vt -0.008474803 -0.009204443
vt -0.00790411 -0.008899188
vt -0.008356383 -0.009070666
vt -0.009488217 0.008651231
vt -0.009944879 0.008485403
vt -0.0100667 0.008356034
vt -0.0009265254 -0.01169217
vt -0.0003488605 -0.01198897
vt -0.0004693922 -0.0118589
vt -0.01235451 -0.001615814
vt -0.01229287 -0.001782682
vt -0.01222575 -0.001615814
vt -0.004731728 0.01207371
vt -0.005182193 0.01189253
vt -0.005294139 0.01175118
vt 0.007693493 -0.009846885
vt 0.007756114 -0.009681281
vt 0.007623693 -0.009681281
vt -0.007431369 -0.009298836
vt -0.00686674 -0.009617473
vt -0.006978957 -0.009477831
vt -0.01153436 0.004728542
vt -0.01146868 0.004561099
vt -0.01140816 0.004728542
vt 0.01193989 0.005208868
vt 0.01182837 0.005349933
vt 0.01138174 0.005530753
vt -0.002331099 -0.01193113
vt -0.001764842 -0.01162374
vt -0.002217058 -0.01179642
vt 0.002111433 0.01287388
vt 0.001654262 0.01270452
vt 0.001536495 0.01257238
vt 0.01146155 -0.00483633
vt 0.01152338 -0.004669942
vt 0.01140311 -0.004669942
vt 0.007671631 0.01053653
vt 0.007552683 0.01066655
vt 0.007097338 0.01083322
vt 0.003816684 -0.01125361
vt 0.004385694 -0.01094692
vt 0.003933644 -0.0111192
vt 0.01229889 0.001413814
vt 0.01236286 0.001579964
vt 0.01223783 0.001579964
vt 0.004287642 0.018734
vt 0.003667415 0.018734
vt 0.004358071 0.01773851
vt 0.004358065 0.01970173
vt 0.003611284 0.01970173
vt 0.004408372 0.01898227
vt 0.003221379 0.01242947
vt 0.003069487 0.01233745
vt 0.002859994 0.012076
vt -0.00210189 0.01863895
vt -0.002568768 0.01863895
vt -0.002052162 0.01751579
vt -0.002150965 0.01767522
vt -0.002478878 0.01767522
vt -0.002568761 0.01657584
vt -0.00219317 0.01674372
vt -0.002401485 0.01674372
vt -0.002478843 0.015803
vt -0.002232437 0.01467651
vt -0.002358063 0.0146764
vt -0.002410971 0.01402951
vt -0.006593421 0.01064627
vt -0.006442484 0.01017228
vt -0.006466833 0.01052301
vt -0.01136147 -0.004327938
vt -0.01079333 -0.00464206
vt -0.01090971 -0.004504397
vt -0.007500753 0.009862152
vt -0.007629137 0.009862152
vt -0.007563114 0.00969607
vt 0.00794929 0.01017151
vt 0.007494067 0.01000223
vt 0.007374188 0.009870164
vt -0.001004491 0.01885368
vt -0.00109408 0.01773299
vt -0.0004574705 0.01773299
vt 0.004408369 0.01898228
vt 0.003611281 0.01970174
vt 0.003571193 0.01898228
vt 0.002788678 0.01815685
vt 0.00208498 0.01915141
vt 0.002026446 0.01815685
vt 0.0005422837 0.01886086
vt 0.0004676342 0.01774116
vt 0.001112497 0.01774116
vt 0.001811214 0.01269302
vt 0.001693186 0.01282492
vt 0.001239546 0.012994
vt 0.008967164 -0.007577452
vt 0.009536221 -0.007271562
vt 0.009083409 -0.007443397
vt 0.009953449 0.007517409
vt 0.00982373 0.007517409
vt 0.009888626 0.007350653
vt 0.009361127 0.007976064
vt 0.009335717 0.008309086
vt 0.009228765 0.007975531
vt 0.008290228 0.01117564
vt 0.008247396 0.01182104
vt 0.008072758 0.01117564
vt 0.007049875 0.01484502
vt 0.006773527 0.0139058
vt 0.007103655 0.0139058
vt 0.005670318 0.01662078
vt 0.005273747 0.01552262
vt 0.005739855 0.01552262
vt 0.005810317 0.01647467
vt 0.00527376 0.01759661
vt 0.005203651 0.01647467
vt -0.004727851 -0.01173236
vt -0.004603986 -0.01173236
vt -0.004668666 -0.01125209
vt 0.001443421 -0.01255352
vt 0.001568889 -0.01255352
vt 0.001511208 -0.01207262
vt -0.009773541 -0.00794618
vt -0.009646796 -0.00794618
vt -0.009717783 -0.007465556
vt 0.007623693 -0.009974031
vt 0.007756114 -0.009974031
vt 0.007683192 -0.00949587
vt -0.01228616 -0.0014242
vt -0.01235451 -0.001905965
vt -0.01222575 -0.001905965
vt -0.01147512 0.004922828
vt -0.01153436 0.004439913
vt -0.01140816 0.004439913
vt 0.01152338 -0.004961228
vt 0.01146657 -0.004480511
vt 0.01140311 -0.004961228
vt 0.01236286 0.001288607
vt 0.01230172 0.001768497
vt 0.01223783 0.001288607
vt 0.004287642 0.01711553
vt 0.003731144 0.0182368
vt 0.003667415 0.01711553
vt 0.004358065 0.01773853
vt 0.003667408 0.01873401
vt 0.003611284 0.01773853
vt -0.0123523 0.001720519
vt -0.0117756 0.00142225
vt -0.01189582 0.001552966
vt -0.002150973 0.01767522
vt -0.002568768 0.01657583
vt -0.00210189 0.01657583
vt -0.002193208 0.01674371
vt -0.002478878 0.01580298
vt -0.002150965 0.01580298
vt -0.002222371 0.01467936
vt -0.002401485 0.01403252
vt -0.00219317 0.01403252
vt -0.002285844 0.01227214
vt -0.002395576 0.01193813
vt -0.002269951 0.01193866
vt -0.001416476 0.01235107
vt -0.001543382 0.01235107
vt -0.001483984 0.01218466
vt -0.007567498 0.01005145
vt -0.007629137 0.009570376
vt -0.007500753 0.009570376
vt -0.0005153757 0.01885368
vt -0.001004489 0.01885368
vt -0.0004574693 0.01773299
vt 0.00271803 0.01915143
vt 0.00208497 0.01915143
vt 0.002788669 0.01815687
vt 0.001037698 0.01886089
vt 0.0005422411 0.01886089
vt 0.00111246 0.01774119
vt 0.009953449 0.007228123
vt 0.009889544 0.007708208
vt 0.00982373 0.007228123
vt 0.006012232 0.0111126
vt 0.005882189 0.01123551
vt 0.006031621 0.01076285
vt 0.008254638 0.0118147
vt 0.008123491 0.01181481
vt 0.00807944 0.01116946
vt 0.007049887 0.01484501
vt 0.006840163 0.01484501
vt 0.006773537 0.0139058
vt 0.005670314 0.01662078
vt 0.005342941 0.01662078
vt 0.005273744 0.01552262
vt 0.00420767 0.0182368
vt 0.003731142 0.0182368
vt 0.004287641 0.01711553
vt 0.002637842 0.01865516
vt 0.002151455 0.01865516
vt 0.002718048 0.01753494
vt -0.001471882 0.01254142
vt -0.001543382 0.01206045
vt -0.001416476 0.01206045
vt -0.0005725251 0.01788501
vt -0.0009160566 0.01788501
vt -0.001004485 0.01678808
vt -0.0006218205 0.01694855
vt -0.0008400617 0.01694855
vt -0.0009161556 0.01600995
vt -0.0006460148 0.01487864
vt -0.0007776256 0.01487875
vt -0.0008307943 0.01423344
vt 0.005981912 0.01124304
vt 0.00582791 0.01115069
vt 0.005621471 0.01088831
vt -0.0005725305 0.017885
vt -0.001004489 0.01678808
vt -0.0005153757 0.01678808
vt 0.002151435 0.01865517
vt 0.00208497 0.01753496
vt 0.00271803 0.01753496
vt 0.000963903 0.01788953
vt 0.0005422411 0.01679359
vt 0.001037698 0.01679359
vt -0.004532073 0.0118123
vt -0.004983885 0.01198745
vt -0.004417126 0.01167565
vt 0.008284574 0.008974172
vt 0.00825388 0.00946894
vt 0.008153428 0.008974757
vt 0.007012704 0.0127648
vt 0.006840163 0.01211901
vt 0.007049887 0.01211901
vt 0.005610467 0.01568012
vt 0.005342941 0.01474045
vt 0.005670314 0.01474045
vt 0.004128736 0.01726454
vt 0.003731142 0.01616703
vt 0.00420767 0.01616703
vt 0.002558675 0.01768351
vt 0.002151455 0.01658705
vt 0.002637842 0.01658705
vt 0.01151148 0.005229158
vt 0.01106115 0.005051369
vt 0.01094813 0.004912669
vt -0.0006217122 0.01694857
vt -0.0009160566 0.01600998
vt -0.0005725251 0.01600998
vt -0.0006558369 0.01487723
vt -0.0008400617 0.01423187
vt -0.0006218205 0.01423187
vt -0.0006290428 0.01257203
vt -0.0007367208 0.0120779
vt -0.0006051113 0.01207732
vt 0.0009639427 0.01788954
vt 0.0006159568 0.01788954
vt 0.0005422763 0.0167936
vt 0.002558665 0.01768351
vt 0.002217049 0.01768351
vt 0.002151446 0.01658705
vt 0.01173369 0.003723052
vt 0.01158122 0.003630111
vt 0.0113775 0.003366073
vt 0.01223155 -0.001368028
vt 0.01177772 -0.001539208
vt 0.01166096 -0.001672753
vt 0.007004461 0.01277019
vt 0.006877986 0.01277007
vt 0.006832492 0.01212424
vt 0.005610461 0.01568012
vt 0.005402488 0.01568012
vt 0.005342935 0.01474045
vt 0.004128705 0.01726454
vt 0.003794012 0.01726454
vt 0.003731114 0.01616703
vt -0.003595689 0.01206427
vt -0.003448331 0.01159141
vt -0.00346572 0.0119413
vt -0.009971244 0.008001568
vt -0.009405671 0.007689062
vt -0.0095196 0.007826017
vt 0.0009005209 0.01695067
vt 0.0006794542 0.01695067
vt 0.0006160332 0.01601293
vt 0.0008469379 0.01487686
vt 0.0007136213 0.01487675
vt 0.0006703197 0.01423194
vt 0.0009004372 0.01695066
vt 0.0006159568 0.01601292
vt 0.0009639427 0.01601292
vt 0.002490532 0.01674475
vt 0.002217049 0.01580656
vt 0.002558665 0.01580656
vt 0.006953461 0.01038709
vt 0.006847105 0.01005367
vt 0.00697358 0.01005421
vt 0.004726837 0.01169273
vt 0.004666139 0.01121198
vt 0.004791231 0.01121198
vt 0.002845722 0.01225339
vt 0.002717564 0.01237605
vt 0.002871643 0.01190438
vt 0.005569083 0.01360556
vt 0.005402488 0.01295945
vt 0.005610461 0.01295945
vt 0.004060768 0.01632598
vt 0.003794012 0.01538688
vt 0.004128705 0.01538688
vt 0.000786813 0.01247327
vt 0.0006777753 0.01214035
vt 0.0008110909 0.01214088
vt 0.008435556 0.009361469
vt 0.008284204 0.009267506
vt 0.008084661 0.009000566
vt 0.0008566188 0.01487694
vt 0.0006794542 0.01423218
vt 0.0009005209 0.01423218
vt 0.002490498 0.01674476
vt 0.002273475 0.01674476
vt 0.002217018 0.01580657
vt 0.004060818 0.01632597
vt 0.003848195 0.01632597
vt 0.003794057 0.01538687
vt 0.004791231 0.01150206
vt 0.004666139 0.01150206
vt 0.004729935 0.01133551
vt 0.005586724 0.01127224
vt 0.005490786 0.01077751
vt 0.005616205 0.01077692
vt 0.005578085 0.01360141
vt 0.005452665 0.01360152
vt 0.005410917 0.01295545
vt 0.002459379 0.01234991
vt 0.002362485 0.01185595
vt 0.00249336 0.01185537
vt 0.002453022 0.01466957
vt 0.002322146 0.01466968
vt 0.002282556 0.01402463
vt 0.002443388 0.01467089
vt 0.002273475 0.01402581
vt 0.002490498 0.01402581
vt 0.004013849 0.01425357
vt 0.003848195 0.01360786
vt 0.004060818 0.01360786
vt -0.0005797226 0.01262759
vt -0.0004215219 0.01215781
vt -0.0004497825 0.01250542
vt 0.01056757 0.006581384
vt 0.01041621 0.006488723
vt 0.01021078 0.006225484
vt 0.004004458 0.01425629
vt 0.003876235 0.01425617
vt 0.003839365 0.01361043
vt 0.003943178 0.0118661
vt 0.003840911 0.01153267
vt 0.003969133 0.0115332
vn 0.1222129060064306 -0.9423352636494875 -0.31155778996538397
vn 0.02975068768032012 -0.9937887519107903 -0.1072325191261573
vn 0.06841571959829738 -0.981600313187812 -0.17826978000052776
vn 0.0014728093693323744 -0.9986305278003893 -0.05229626925199682
vn 0.16927813595978908 -0.9018880351774318 -0.3974202872146448
vn 0.07115072530213816 -0.9751345755888667 -0.2098812373226835
vn 0.004709607106342898 -0.9995537903124951 -0.029496438307504147
vn 0.006150092445625685 -0.9938638838421879 -0.11043892772492932
vn 0.1758619343998696 -0.8726337105842711 -0.45561276011659557
vn 0.10573052674431267 -0.9565954092069802 -0.27156266090628167
vn 0.14063362362768897 -0.918537096822519 -0.36947501358847484
vn 0.021532149930307082 -0.9975802526449014 -0.06610602130149573
vn -0.0018977620525865407 -0.9998817312308139 -0.015261783973777697
vn -0.025397520309010695 -0.9959470588041839 -0.08628106409548168
vn 0.21152388518815365 -0.812498674838682 -0.5432343411275605
vn 0.2075898378089727 -0.8497713845985879 -0.48455655310380763
vn 0.098674269531679 -0.9635120474381037 -0.24881302814367043
vn 0.037843711520080786 -0.9956141190442065 -0.08555921609162498
vn -0.00006947161345397348 -0.9999999633584289 0.0002616425733152199
vn -0.00003836497862850231 -0.9999999604900904 0.00027847431852894304
vn -0.05708446604525697 -0.9844588283453587 -0.16607883377845406
vn 0.005461974208460942 -0.9780896663225036 -0.20811240105020112
vn 0.18759278682442584 -0.8507978932332365 -0.4908685070376097
vn 0.14942313783632655 -0.9021595264515783 -0.40469854794872956
vn 0.13220960218518482 -0.9134203642231348 -0.3849465668278012
vn 0.12154016969485108 -0.9435040688185747 -0.30826621493984885
vn -0.00011223870631667074 -0.9999999616871381 0.0002530379321326459
vn 0.000007805550833181235 -0.9999999632184309 0.00027111291083482705
vn -0.008165523818191965 -0.9994992448933823 -0.030570961357691002
vn -0.06614810270664835 -0.9795148992509264 -0.19019724144623776
vn 0.2680683887976129 -0.7658109002635364 -0.5845280181180402
vn 0.264847533849592 -0.7102177927980229 -0.6522625779598995
vn 0.22153740565042426 -0.7698601792210311 -0.598528597769097
vn 0.08488298547993507 -0.9785905713649362 -0.18749765974982424
vn 0.0338267954107128 -0.9973242853453184 -0.06480754410322903
vn -0.0001481415369846311 -0.9999999627914724 0.00022906579605370584
vn -0.00003979529772545591 -0.9999999068348117 0.000429821709859856
vn -0.12480564551911665 -0.9457569981725963 -0.29994541379077
vn -0.09649198843707286 -0.9603317834126122 -0.26163364067912137
vn 0.0026787704253122525 -0.9410970485111912 -0.33812596687112473
vn 0.2961815827068314 -0.8199392968607626 -0.4898734729792527
vn 0.1832997126913026 -0.9128139901140219 -0.36492716366338657
vn 0.12342867845785502 -0.956964099723804 -0.2626500964666816
vn 0.1346993177347277 -0.8224398156180942 -0.5526742652665078
vn 0.08271213312350306 -0.9824091986490633 -0.16742422000375293
vn 0.000037972345388249666 -0.9999999610296286 0.0002765842408143058
vn -0.01902751560154864 -0.9973719172214368 -0.06990860024394849
vn -0.10269254711327991 -0.9628322375507652 -0.24981657891415762
vn 0.47619071203453506 -0.610379783577972 -0.6329920422654226
vn 0.43730526799830316 -0.5740452251538819 -0.6922688654409942
vn 0.16899521126563877 -0.5731952818777845 -0.8018028357410125
vn 0.10018052800751967 -0.6098461052359951 -0.7861625720782071
vn 0.046581641532282836 -0.9952784206447131 -0.08515289819567645
vn 0.016606096032489973 -0.999437288310504 -0.029143512298731227
vn -0.00017380077822437158 -0.999999962542171 0.00021144490102700542
vn -0.00019558792398108557 -0.9999999622522239 0.00019297905325919848
vn -0.1591481817120814 -0.9171313271483029 -0.3654339680721137
vn -0.17529841546595978 -0.9051479221847093 -0.38726955018414144
vn -0.12759680938077023 -0.9173554127446211 -0.37706511499208367
vn -0.0023950731351869998 -0.8454038897301279 -0.5341222021727299
vn 0.380778624310646 -0.8413981306987647 -0.3834798885531238
vn 0.44458837583989835 -0.5352854749798761 -0.7181995797434094
vn 0.24571106017945263 -0.9388420970294168 -0.24125006062361248
vn 0.18498986619920252 -0.5338668912530342 -0.8250847785697067
vn 0.15593047769544105 -0.9766802418852414 -0.14758519992417285
vn -0.006315736886962743 -0.6216486975341436 -0.783270712028528
vn 0.08727578691248958 -0.9931213048416623 -0.0780577407333811
vn -0.00021779722626168543 -0.9999999621575645 0.00016807509591966466
vn 0.00006921476401398812 -0.9999999631829772 0.0002623801835334563
vn -0.03226661859373575 -0.9954450994506118 -0.08971019621140121
vn -0.09929986722558108 -0.9743300129171183 -0.2020409916277135
vn 0.5512736846998976 -0.6186531878198334 -0.5597906374330993
vn 0.6031251214390213 -0.37616977697006465 -0.7033749972692075
vn 0.3246550273606755 -0.6622558817447416 -0.6752897602540214
vn 0.5783770599564826 -0.3499671783195404 -0.7368873391605766
vn 0.05828928315816886 -0.376192297898532 -0.9247062855148812
vn 0.09908488908242423 -0.34995998812210477 -0.9315096303684143
vn 0.1564636840183578 -0.4672138041664177 -0.8701898509979001
vn -0.0067496393723061945 -0.38193467942427606 -0.9241646731083262
vn 0.04115376047337262 -0.9984171720584241 -0.03833429975569513
vn 0.010457310573953413 -0.999863696795088 -0.012776246977121005
vn -0.00024630962955963907 -0.9999999609132539 0.0001323066775001988
vn 0.00013920436507655466 -0.9999999634615546 0.00023173052042879002
vn -0.13722776970286688 -0.9402348601721078 -0.31165196444032567
vn -0.19658053233948536 -0.8710226031974505 -0.4501952010231356
vn -0.21151970935413061 -0.8540478203602285 -0.4752491273981333
vn -0.13735878636096646 -0.8260259094712649 -0.5466386015381756
vn -0.11160505236904093 -0.6144318019712759 -0.7810364095303334
vn 0.48719361535558975 -0.8215322956770935 -0.2961875559780904
vn 0.584463437164439 -0.31805670458604157 -0.7464867201000946
vn 0.36724905529010593 -0.9127878960756882 -0.1787355257531176
vn 0.10492839652216636 -0.31815140198775244 -0.9422153241252844
vn 0.08435780534963828 -0.2840552034876098 -0.9550897350763463
vn 0.2688335925253947 -0.9560531073597626 -0.11700835627267167
vn -0.07088538392284717 -0.3761624801176996 -0.923838216842003
vn 0.17678588983929927 -0.9812354724099617 -0.07696555618019278
vn 0.024762313042449233 -0.9995457262623496 -0.017180482049689184
vn -0.00027067852307812796 -0.9999999610071588 0.00006869365416386757
vn 0.0001782116087156275 -0.9999999630841159 0.00020511555179633092
vn 0.00010830016945198282 -0.9999999634908865 0.00024756675684484895
vn -0.03185722888130324 -0.997492787935366 -0.0631922066787913
vn -0.057233408037597244 -0.9934881994943418 -0.09851667102522814
vn 0.6487127408314742 -0.3819265984443119 -0.6582581965184133
vn 0.627029435608755 -0.6093786778436023 -0.48527488485367687
vn 0.6508836461448689 -0.24120189312041349 -0.7198417367284907
vn 0.5651065362044679 -0.3550783917126779 -0.7446972126157896
vn 0.6326901707659321 -0.22588948523395463 -0.7407274048372413
vn -0.007041464839632546 -0.24532089235384444 -0.9694163592325156
vn 0.0354806579286644 -0.24115840281401557 -0.9698369696320832
vn 0.06282513933623173 -0.22589128393331215 -0.9721245443410751
vn -0.04875884797944603 -0.2411884990893284 -0.9692526412916058
vn 0.0985705916045147 -0.9936935301525298 -0.05345097383340463
vn 0.0614261225138905 -0.9976426506391782 -0.030593677427585977
vn -0.00026501661832702063 -0.9999999643514937 0.00003260679806199136
vn -0.00024656122756977565 -0.9999999629957053 0.00011496151177253632
vn -0.018072803442111193 -0.999523999377593 -0.02500296870302884
vn 0.00020892341214599015 -0.9999999624211763 0.0001775067716738907
vn -0.08172668701318818 -0.9808399996104751 -0.17684355740023996
vn -0.16509867182808582 -0.8993626956004562 -0.40483227430984686
vn -0.23402604761029397 -0.8111620605878893 -0.5359551478460802
vn -0.2229011736021813 -0.7685357135862676 -0.599723205945223
vn -0.18061265997611622 -0.5753540922482094 -0.79771344202639
vn 0.578665402303615 -0.7714421549415613 -0.26461926187622103
vn 0.5997759789657419 -0.2835741890210657 -0.7482342242752138
vn 0.63320304382877 -0.20828099411673942 -0.7454347273743848
vn 0.48810571945782755 -0.8511356951744498 -0.19318601148236064
vn 0.06818005543190725 -0.20923040554898578 -0.9754866054616583
vn 0.0582437348324264 -0.19017599472777222 -0.9800207948722683
vn 0.39902209729113336 -0.903235927513433 -0.1579437403708477
vn -0.1120826687008583 -0.349958902266358 -0.9300356133511336
vn 0.30492254759357706 -0.9434606636689525 -0.13001621467487076
vn 0.06984969656482531 -0.9972610623343332 -0.024318582228392806
vn -0.0002937685170241656 -0.9999999376524008 0.00019594706586153763
vn 0.08524896608129964 -0.9957562891702039 -0.03467025180258725
vn -0.01296275196294569 -0.9998649045422485 -0.010106420051995434
vn 0.0002436293945761336 -0.9999999625313066 0.00012482829663566745
vn -0.038841966210529225 -0.9984427405220997 -0.040042421999916714
vn 0.6805050122162378 -0.24531120160676087 -0.690460239778385
vn 0.695085929975691 -0.3761769937435254 -0.6126552205995738
vn 0.6860182987076743 -0.5742941902893285 -0.4467270719781294
vn 0.6773891159002972 -0.13974229531716545 -0.7222299333033103
vn 0.6658480659529133 -0.13193519555861902 -0.7343292566959823
vn -0.031708837393281224 -0.13974710239610505 -0.9896793910166358
vn -0.0070755433955127164 -0.14190079230542432 -0.9898555964527103
vn 0.018038687750225664 -0.13971709394299067 -0.9900271407412906
vn 0.03459622655311383 -0.13193850013985614 -0.9906539927185126
vn -0.07639505812793292 -0.22589248464272935 -0.9711520892607728
vn 0.19746145231194936 -0.9757016823535493 -0.09494841706584338
vn 0.03368595092375393 -0.9993853205756676 -0.009707611870717198
vn -0.00031720491093797107 -0.9999998341171319 0.000480777238905412
vn 0.0002530851074716956 -0.9999999666433605 0.000051586880025872084
vn 0.00022239458268901032 -0.999999962409242 0.0001603813086161205
vn -0.028500194344672217 -0.9994596047930807 -0.016377951922470727
vn -0.07859289437644561 -0.9932184290712026 -0.0856756039188829
vn -0.12054080560646416 -0.9556234593937442 -0.2688005171871471
vn -0.19914760376114543 -0.8472653881818126 -0.49242420117751745
vn -0.27382710959412865 -0.7093056047005525 -0.6495415869609187
vn -0.1932821962758874 -0.534765998834992 -0.8225979085147145
vn 0.6477091966780595 -0.7110033246251184 -0.2737646231906003
vn 0.6396518481382972 -0.18911298829739753 -0.7450381136764005
vn 0.6643219768970611 -0.12415070288568077 -0.7370637109399513
vn 0.5315997985957639 -0.8137604883722068 -0.2349372718347827
vn 0.038234021710112316 -0.1243771982641554 -0.9914980948725165
vn 0.03290564371026578 -0.11236180244811239 -0.9931223710916114
vn 0.44305939249965476 -0.8741150277021328 -0.19905098106549599
vn -0.11456575428890058 -0.318051302959688 -0.9411259515228874
vn 0.35634287108844515 -0.9198454487507163 -0.16402471959139853
vn 0.24195316920984744 -0.9642061331908948 -0.10846749110389453
vn 0.1942332279484409 -0.9778108600328241 -0.07848168679760878
vn 0.017464416257721483 -0.9998462598958456 -0.001565483013688711
vn -0.0002194452091533552 -0.9999998357544243 0.0005294666418683921
vn -0.0003574303930379777 -0.9999998839818304 0.00032292389191835837
vn -0.08330493481953587 -0.995473507097684 -0.04574696166250236
vn -0.08911354434341814 -0.9953106620106442 -0.037622630190973345
vn 0.00027726797732081026 -0.9999999606713286 0.00004218779353798294
vn -0.06496957303010426 -0.9972371496813389 -0.0360141899218176
vn 0.6949314904318081 -0.14189549911218252 -0.7049367992507771
vn 0.7108651562308562 -0.24117198316571764 -0.6606866157209448
vn 0.7287395035928016 -0.3499644932060988 -0.5886115776964597
vn 0.7141636760630587 -0.5341664680293874 -0.4523675808732409
vn 0.6947861676423961 -0.04964680921997484 -0.7175007843808031
vn 0.6908841126431206 -0.04609804062597797 -0.7214943614109355
vn -0.0484245330738879 -0.13193840209970878 -0.9900744025819229
vn -0.016063284265177266 -0.04965217846947913 -0.998637387679758
vn -0.007032641100600873 -0.05038081767776065 -0.9987053194858182
vn 0.002164871565364691 -0.049616057088202783 -0.9987660187502004
vn 0.007699872573709032 -0.046101997206956666 -0.9989070616508218
vn -0.07935950350394387 -0.20828519822702496 -0.9748432414512278
vn 0.09854292009737581 -0.9947025240631644 -0.029260579643137583
vn 0.0688414383066819 -0.9973933084771603 0.021620466619645284
vn -0.0005702880714372266 -0.9999994816969411 0.000843431896783468
vn 0.031189991504296608 -0.9994995960599338 0.0052670585710810555
vn -0.06589950370588091 -0.9976763088910378 -0.017298499613347222
vn 0.00031704755659473985 -0.9999997713468025 0.0005973166576926123
vn -0.18826052571081223 -0.9780678184543884 -0.0891140671440944
vn -0.1653171930012962 -0.9828269209138744 -0.08198456699358188
vn -0.1483874986515391 -0.9767482439500054 -0.15473854782994584
vn -0.1811111183599531 -0.9121786615724703 -0.36759876520231066
vn -0.2695944822364393 -0.7672433258065403 -0.5819420023962745
vn -0.24762577429444854 -0.6613916928899453 -0.7079848193861553
vn -0.12698516649948047 -0.35507590891292656 -0.9261726979342235
vn 0.7259365374126097 -0.46749440035729206 -0.5044453679874232
vn 0.6063482877865969 -0.7628346720753044 -0.22455515353254563
vn 0.6681388465698939 -0.11228819631508508 -0.7355146787607687
vn 0.6906295111082937 -0.04271910796103675 -0.7219459510249591
vn 0.48431806409898776 -0.8474175805207602 -0.21753035882779675
vn 0.00847075651058597 -0.04289069797348124 -0.9990438600539449
vn 0.058476734039754986 -0.022334190372046994 -0.9980389048110644
vn 0.3961735856788519 -0.8991079491330598 -0.1861488270607812
vn -0.10497534851868275 -0.28358378895762265 -0.9531843530208728
vn 0.30727899619838434 -0.9413491499997305 -0.13943240760346323
vn 0.1864128978388973 -0.980447334349824 -0.06303376940679882
vn 0.06014732426849903 -0.9981883105653464 0.0015479128011143001
vn 0.08988918582832513 -0.9952375010990562 0.0377127389250227
vn -0.0008238098094444168 -0.9999987105548237 0.001378486883551778
vn -0.2091599107542458 -0.9760719658351173 -0.059461325616281084
vn -0.25701438395564935 -0.9616644937971525 -0.0956295341919247
vn 0.000670930320124105 -0.9999978868692602 0.0019432214284592737
vn 0.0002725644690889501 -0.9999999627898408 -0.000011354614001303478
vn -0.026171450090559815 -0.999651790934322 -0.003369285081439411
vn -0.44846800752135446 -0.5718059119553733 -0.6869602938181434
vn 0.7012190881149902 -0.050377500860977406 -0.7111637630463068
vn 0.7128098452755265 -0.1397072001722063 -0.687301987992413
vn 0.7318211246202816 -0.2258892094369185 -0.6429711553557206
vn 0.7404383878841734 -0.3181345984492631 -0.5920653435365161
vn 0.7349923231942141 -0.2840524784204127 -0.6157113563584751
vn 0.694786661344761 0.04964139872109426 -0.7175006806619864
vn 0.7999488617203204 -0.5724472043268507 -0.17996115383808947
vn 0.6908842733791231 0.04609782795990971 -0.7214942210820401
vn -0.0514342864938827 -0.1241464940384777 -0.990929948175359
vn -0.021646891685202944 -0.04610123826755069 -0.9987022018152196
vn -0.007033532261378247 0.05038699708251804 -0.9987050014638629
vn 0.0021656751747941424 0.04961164766870769 -0.9987662360465702
vn 0.007700283835530756 0.04610242064173791 -0.9989070389379706
vn 0.008469367056870071 0.04288979056826748 -0.9990439107900444
vn -0.07451629245227767 -0.18911109865087355 -0.979124258981579
vn 0.1229582110408801 -0.9923946349129656 0.005845248804656289
vn 0.11448528812173066 -0.9929399231179714 0.031039134687698422
vn 0.2217580490383571 -0.9724674738107253 0.07162667147709836
vn 0.06917541005026488 -0.9969959480289496 0.03484023906682577
vn -0.00012574500300642307 -0.9999990721521099 0.0013564229110771024
vn -0.0010004228760206555 -0.9999988535546406 0.001136680902296734
vn -0.09524708659519407 -0.9951253672547105 -0.02556356667809585
vn -0.02940804353825751 -0.999530511486531 0.00859788245590011
vn 0.0001138017023073597 -0.9999989594459558 0.0014381085418063639
vn -0.012854915502346487 -0.9999155083578808 0.0019306198041435865
vn -0.31062672872563013 -0.9419956224294151 -0.12710343317563283
vn -0.2611494902929014 -0.9574549546939 -0.12280453351509403
vn -0.24213657910354877 -0.9387304323416431 -0.2452652695668559
vn -0.2978778039528202 -0.8201203128561193 -0.48854015838314285
vn -0.4861671261091994 -0.6078250038690203 -0.6278457534795847
vn -0.4527832195244795 -0.5336743668659188 -0.7142681753146417
vn 0.7870504751231151 -0.6070155968817242 -0.10992549636368776
vn 0.8220015700162041 -0.5355731879553528 -0.19358403662036822
vn 0.5640898489228986 -0.8143682788173272 -0.1364072901213334
vn 0.653797881062085 -0.022187549208938343 -0.7563438658301054
vn 0.6906306436144494 0.04271881949836437 -0.7219448847116776
vn 0.39813381708033907 -0.9081343588707278 -0.12954323577667567
vn -0.021645702361615664 0.04610096964638725 -0.9987022399929497
vn -0.01606406913139554 0.04965217811511963 -0.9986373750723363
vn 0.058467726556251584 0.02233644902974772 -0.9980393819865451
vn 0.28394074668436786 -0.9535170165433375 -0.1009106116055992
vn 0.2200906330010194 -0.9754637838490336 0.0055244605290132795
vn 0.19166422099833394 -0.979008369364352 0.06933569862382682
vn 0.26524935648270825 -0.9590774268927206 0.09906194077620067
vn 0.013146947308062321 -0.9998306219544718 0.012879642021937107
vn 0.0008053028809669046 -0.9999996675688153 0.00012786527436018782
vn 0.03086004237611262 -0.9993563305252778 0.018291594342646676
vn -0.30808679476508377 -0.945014961796333 -0.1096779324771053
vn -0.3790068223123784 -0.9151960381184573 -0.13700379722092554
vn -0.0711740615052277 -0.9972796534720573 0.019171482454509114
vn -0.00040153931902981767 -0.9999999193582676 0.00000704511113621175
vn -0.04240185863760311 -0.9990994972717026 -0.0015089517911113886
vn -0.6126429359315199 -0.37620856857623003 -0.6950796688028156
vn -0.5886110185341722 -0.34996181042145685 -0.728741243588354
vn -0.5044461275570955 -0.46752480027872745 -0.7259164314967576
vn 0.7012188552483865 0.05036985890081049 -0.7111645339571251
vn 0.707764641859655 -0.04961480056029921 -0.7047038976042606
vn 0.7249611679839397 -0.13193459560140863 -0.6760359216778757
vn 0.737983289952696 -0.20923300291043959 -0.6415623229614368
vn 0.7341567745018461 -0.19016699956009722 -0.6518054485284358
vn 0.665845871362009 0.13194239758797704 -0.7343299526159226
vn 0.9238373439683846 -0.37616439462185136 -0.07088660034320035
vn 0.7065285365335755 -0.6627634754991841 -0.24811691318401935
vn 0.9300333755388471 -0.3499648877550562 -0.11208254869696965
vn 0.6538037355219684 0.022190189829903645 -0.7563387276166895
vn 0.6643224025798784 0.12415068860791675 -0.7370633296730194
vn -0.04763907220053174 -0.11228310095180818 -0.9925336387450646
vn -0.022145077462154338 -0.0427197189266298 -0.9988416396801971
vn 0.01803832220105554 0.13971049956007775 -0.9900280780083183
vn -0.007077885123588667 0.1419158972046934 -0.989853414229988
vn 0.03459492287560894 0.13193430196894732 -0.990654597362369
vn 0.03822693968336813 0.12436440173061737 -0.991499973103696
vn 0.3762338340723699 8.52752356849455e-8 -0.9265247444613647
vn 0.28574958527840333 -0.9524793704397716 0.10549987393299112
vn 0.330989957353332 -0.9355684522642805 0.1231150651181978
vn 0.3941045524547645 -0.9077951827345994 0.14349044545991607
vn 0.20445840820800706 -0.9747277180811982 0.0900146372389968
vn 0.019882834392248642 -0.9994305466641833 0.027262708799057435
vn 0.00008315984626950919 -0.9999999708433347 0.00022671076202110206
vn -0.15843311139455263 -0.9852836060849529 -0.06414955022502401
vn -0.19644906390273237 -0.9785164053891432 0.06255725118681633
vn -0.08244715870715134 -0.9963214912913196 0.023365616023520396
vn 0.0005581194361065091 -0.9999997507883838 0.00043234924024611744
vn -0.0008336003458881317 -0.9999996401526813 0.00015749594084303858
vn -0.09436433184613321 -0.9949896989619483 0.03302834895728888
vn -0.40737389656878886 -0.9001287122286902 -0.15432047762977363
vn -0.36382225307581323 -0.9133377943486312 -0.18288641715889228
vn -0.38363068228311004 -0.8412973206728314 -0.3808494687402237
vn -0.5597659186992852 -0.618446575148527 -0.5515305521453936
vn -0.6582559891200332 -0.3819308953357473 -0.6487124509176935
vn -0.5920553251609921 -0.31814898169133904 -0.7404402186519017
vn -0.6157260366341797 -0.28402867915037466 -0.7349892225270099
vn 0.6949289122584104 0.14190560426901208 -0.7049373067049219
vn 0.6773874730461351 0.13974638762028294 -0.7222306823358124
vn 0.7876562000269732 -0.6160864837419127 -0.0059291744446071
vn 0.5452308588270255 -0.8382841017971276 -0.0017536410486470432
vn 0.9411302495019481 -0.31803810537894317 -0.11456708514828047
vn 0.3762322162800034 6.900675416919745e-8 -0.9265254013965467
vn 0.6681407834506837 0.11229479923585758 -0.7355119112254301
vn 0.3491213228514995 -0.9370724622462685 0.003082601196177468
vn -0.022143340877078446 0.042710370045596975 -0.9988420779809839
vn -0.048426084389790076 0.13194760327015845 -0.9900731005041667
vn -0.03170899549107434 0.13974749402988434 -0.9896793306507489
vn 0.03290591351571018 0.1123638970384392 -0.9931221251679129
vn 0.39774500064888274 -0.9080654685735928 0.1312098290641427
vn 0.4171012064061537 -0.8929383635403745 0.16937432666248262
vn 0.3373224146913428 -0.9319347881009337 0.1330832043274791
vn 0.09460047391563821 -0.9941169333900107 0.05274725663177093
vn 0.043411167580105714 -0.998050596884739 0.04483833836515863
vn 0.03548563011794416 -0.9972336963017963 0.06531251806039387
vn -0.000570654739256067 -0.9999996810370737 0.0005588192186217322
vn 0.0010981360123920923 -0.9999993117330295 -0.0004130747701695928
vn -0.4638022117025074 -0.8687715349550861 -0.17356131041118042
vn -0.3934325307127591 -0.9052820767677836 -0.16023484408817687
vn -0.2635441184499597 -0.9587741861708613 0.1062852650315949
vn -0.025839179780720922 -0.9994839657716875 0.0190824252536158
vn 0.0005610571101768416 -0.9999992297341536 0.001107134146676609
vn -0.06620501484603993 -0.997242032945668 0.033544354750492805
vn -0.09388889648961851 -0.995562236470924 -0.006380315742465792
vn -0.6904622973387953 -0.24529978133889502 -0.6805070412778426
vn -0.6606836430884946 -0.24118319593212115 -0.710864114831578
vn -0.6429674492390903 -0.22589680504917056 -0.7318220362134191
vn 0.7128103882317035 0.13970368926869947 -0.6873021385341986
vn 0.7077641245841653 0.049603879984635474 -0.7047051859054821
vn 0.7117784290528207 -0.04610047797906704 -0.7008895874994863
vn 0.7281305085019493 -0.12437109136877751 -0.6740606754739754
vn 0.7255090175458142 -0.11235129466885403 -0.6789800085760551
vn 0.6332061565970851 0.20827789420812973 -0.7454329493869821
vn 0.6326889933177382 0.2258923935243572 -0.7407275236430895
vn 0.9241680967339794 -0.3819263900016449 -0.006749933288981722
vn 0.9692487089638419 -0.2412037954161251 -0.04876134994831538
vn 0.926148388388381 -0.3551295022235849 -0.1270125951865929
vn 0.9711526069012644 -0.22589048764467412 -0.07639438265035887
vn 0.6396566323819497 0.1891078072519609 -0.7450353212339255
vn -0.0725172392981963 -0.02218675981670584 -0.9971203526623073
vn -0.05143654495653959 0.12414729383096604 -0.9909297307465256
vn 0.0628266791664721 0.22588700353882948 -0.9721254394455286
vn 0.03548267415068041 0.2411864851483452 -0.9698299125191507
vn -0.007041719383474588 0.24533008564258488 -0.969414030879854
vn 0.0681911356913751 0.20924849854147146 -0.9754819500489286
vn 0.5015566708722063 -0.8401358028749322 0.20642853153399673
vn 0.47842099997538035 -0.8594149817460585 0.18033090676026478
vn 0.4334892326245891 -0.8859181240073369 0.16503382306020112
vn 0.18853002353712445 -0.9773973905989605 0.09565966273949657
vn 0.06466828213559583 -0.9924232940702061 0.10447018078127485
vn 0.02350638532028952 -0.9969170403132687 0.07485896460816664
vn -0.0004078428841313897 -0.9999998087811265 0.000464867607105851
vn 0.037175694910848316 -0.9951204952501289 0.09139566532956446
vn -0.2508642971382708 -0.9625481735366157 -0.1028013523386088
vn -0.3127566677162819 -0.9421492868259691 0.1205735797441757
vn -0.1614292202356297 -0.9853992978598793 0.05411867174435684
vn -0.011246317052476465 -0.999827024356965 0.014813565345720108
vn -0.000001920934535296507 -0.9999996497131168 0.0008370005698883473
vn -0.2127516564970636 -0.9710415476923286 0.1086970345181613
vn -0.49317676445164754 -0.8485982760735215 -0.19146186265168183
vn -0.4886915787336592 -0.8209055909267479 -0.29545651399150175
vn -0.6325382370624654 -0.6110829766335759 -0.4758917674456628
vn -0.7033709246823924 -0.37619147095219163 -0.60311633993307
vn -0.7198423750335795 -0.24119990596038016 -0.6508836766049055
vn -0.6415546076287708 -0.20924218851330748 -0.7379873928302945
vn -0.6517883201623207 -0.19018509915442536 -0.7341672927607177
vn 0.7108651112149507 0.24117170205594343 -0.6606867667698478
vn 0.680500108019511 0.24532689828913729 -0.6904594962496101
vn 0.7117782713305462 0.046100770762217747 -0.7008897284144125
vn 0.6508861777512356 0.24119490485537087 -0.7198417892038468
vn 0.5631494338804405 -0.8155917151101617 0.13293934467946011
vn 0.7897837935429608 -0.605356120916123 0.09892181926286181
vn 0.9531845370029595 -0.28358358188808225 -0.10497423732506642
vn 0.9748483491724622 -0.2082636904623504 -0.0793532063040146
vn -0.0725088034185508 0.022188949946493564 -0.9971209174052474
vn -0.047641448141049716 0.11228599810222327 -0.9925331969507172
vn -0.07935800628710321 0.20828299444201553 -0.9748438341931509
vn -0.07639174792612359 0.22588419959412553 -0.9711542767359432
vn -0.0487574997735706 0.24118790089486514 -0.9692528579672897
vn 0.05824907865927456 0.19018389698802668 -0.9800189437770034
vn 0.6120101426843896 -0.7599186176390486 0.2190143370124211
vn 0.5589367634007685 -0.800502890188795 0.21629798269623088
vn 0.2878698453726174 -0.9471072842486018 0.14184055925010783
vn 0.08773563041852182 -0.9918027258695185 0.09289678203714916
vn 0.09439613012006362 -0.9778315814702561 0.18690845057870903
vn 0.10985931392213787 -0.9709715578995328 0.21247391579841318
vn 0.008974527034834399 -0.9992891288206446 0.03661550061624677
vn -0.0005574846183180118 -0.9999997561332205 0.00042064759608753465
vn -0.5486314831871412 -0.809114595598176 -0.2105636883365176
vn -0.48070375041762775 -0.853084363500452 -0.20290631603145284
vn -0.3864834195158977 -0.907461205834031 0.16475656692692167
vn -0.04745625817109269 -0.997890539567337 0.044298697524956666
vn -0.10577895575857041 -0.9924960553536433 0.06133834547886381
vn -0.0006735297036574398 -0.999999688263537 0.00041210504379291934
vn 0.0003797220521846549 -0.9999990911832134 0.001293616601057972
vn -0.01621922026747153 -0.9994914739761462 0.02745414983032838
vn -0.19052334579638625 -0.9816630675168516 -0.006202949294950903
vn -0.7222296553988011 -0.13973639756486853 -0.6773906288531913
vn -0.7049373179845932 -0.1419127883767812 -0.6949274337711925
vn -0.6873003370910324 -0.13971198882385116 -0.7128104985291934
vn -0.6760364284670478 -0.13192979638390356 -0.7249615687825253
vn 0.7318225789673403 0.22588429557221706 -0.6429712263604291
vn 0.7249613638956827 0.13193559435003324 -0.6760355166720277
vn 0.712420252219349 0.04288234694127363 -0.7004416382172944
vn 0.712420206683703 -0.04288224021947126 -0.7004416910653658
vn 0.7470733673929204 -0.02233085903634795 -0.6643664022712928
vn 0.5997776954158616 0.2835837803139036 -0.7482292132926336
vn 0.5844748004139219 0.31803408739847966 -0.7464874593278326
vn 0.5783861868659489 0.3499487010724213 -0.7368889505620185
vn 0.9694159850256858 -0.2453223972707333 -0.007040552110419425
vn 0.924711610491304 -0.3761794721464101 0.05828758150950213
vn 0.9896798239650931 -0.13974409268356414 -0.031708588686191266
vn 0.9900747536689452 -0.13193539652252573 -0.04842554379479481
vn -0.3891033835546574 -7.2953866533268e-8 -0.9211940929610393
vn -0.07451866038261573 0.18911179886007018 -0.9791239435263999
vn 0.10216004689047936 0.31719328892521576 -0.9428423740372194
vn 0.09908348286280297 0.34995858329446417 -0.9315103077273533
vn 0.05828138267407331 0.3761590834538872 -0.9247202952075453
vn -0.006747906193485495 0.38188938655020344 -0.924183402903511
vn 0.6586146872737705 -0.7033757041235205 0.26737485400840394
vn 0.5140609529133094 -0.8328869768330308 0.2050380952696219
vn 0.3880013385070147 -0.898697790167487 0.2044437410752418
vn 0.15775278701856746 -0.9739855715415418 0.16268424821343508
vn 0.15317915630772752 -0.9318197285421541 0.3290108502351847
vn 0.11568089051743807 -0.957796510364339 0.26314212187140845
vn 0.07872115984542413 -0.9739289739730029 0.21275651023760705
vn 0.0013428756790261052 -0.9998048568640706 0.01970900494510667
vn -0.0003660432934780732 -0.9999998502493319 0.00040683365284665326
vn -0.3651638261499921 -0.9216337870473837 -0.13132609277746785
vn -0.2596396637575148 -0.9611460677500558 0.0937308991341152
vn -0.4022470336575188 -0.8991525000007998 0.17240100247979553
vn -0.051069945147507956 -0.9952307505034744 0.08311205661588296
vn -0.031059335375807545 -0.9969769901912722 0.0712193703648456
vn -0.029039668724447118 -0.9980797193717814 0.05471353963252913
vn -0.3283273788336378 -0.9324913082114406 0.1505360170137011
vn -0.58642443497941 -0.7633005248117781 -0.27106953145114565
vn -0.692886048125582 -0.5724418657648879 -0.4384281407853836
vn -0.7368920668144975 -0.3499387018641471 -0.5783882664815165
vn -0.7407278124735894 -0.22589899586854142 -0.632686297855166
vn -0.6740653848049755 -0.1243671978776671 -0.7281268138860001
vn -0.6789797393530989 -0.11235590033795645 -0.7255085562605346
vn 0.7287427444464268 0.3499484832809978 -0.5886170839060136
vn 0.6950832849663044 0.37617787879586334 -0.6126576780430454
vn 0.6487214880508168 0.3818961044873941 -0.6582672681506253
vn 0.7281310192268619 0.12437239224872013 -0.6740598837536483
vn 0.6031322666619289 0.3761534161681227 -0.7033776200706806
vn 0.8059025282138087 -0.56785725989749 0.16750894722463594
vn 0.9791252064295914 -0.18910810127967287 -0.07451144988931042
vn 0.9909286619807369 -0.12415579780181868 -0.051436608920693
vn -0.3891049920371695 -8.131708896393617e-8 -0.9211934135520878
vn -0.10497596634381196 0.2835915013721546 -0.9531819904087938
vn -0.11456230558453641 0.31802919201742724 -0.9411338433846154
vn -0.1120771020579008 0.3499450773848859 -0.9300414861759605
vn -0.0708796529518221 0.376132485016897 -0.9238508691950466
vn 0.08683558266128888 0.28112029547609 -0.9557358217914146
vn 0.5988764732445003 -0.7489610732184072 0.2835564857268491
vn 0.2516046339162703 -0.9337434084897698 0.2545944918763298
vn 0.1331123585213801 -0.9512373093031717 0.2782600966695322
vn 0.1812283798442996 -0.8887557294251239 0.42103387957862276
vn 0.17506719702207751 -0.9050149658620769 0.38768465031839594
vn 0.029086276694779097 -0.9935369996488274 0.10971881715020787
vn -0.017830762872759597 -0.9982894824283105 0.05567919870464756
vn -0.004898548765016722 -0.9995757206473639 0.02871206910516508
vn -0.6540033451296039 -0.7084539102440034 -0.26527849822265986
vn -0.5932913450826878 -0.7741128676145806 -0.2208045471531456
vn -0.4702980889034025 -0.85899548823288 0.2023523134766774
vn -0.09896062434017001 -0.9913277320847983 0.08646457326451161
vn -0.18991458625884433 -0.9777176248172642 0.0894466100409583
vn -0.08034618150058952 -0.9824549743967347 0.1683054200000277
vn -0.32011193798484333 -0.9473715748292119 -0.0039301864086369424
vn -0.7343298376097701 -0.13194009413875046 -0.6658464546385044
vn -0.71750175780455 -0.04965126801054564 -0.6947848437698723
vn -0.7111653128560114 -0.05038825844546497 -0.7012167433834167
vn -0.70470265070021 -0.0496118165188809 -0.7077660925459729
vn -0.700890424252819 -0.04609493062728816 -0.7117779643689238
vn 0.7389282110755526 0.3171830821994181 -0.5944577287269138
vn 0.7379878057224717 0.20925148524282774 -0.6415511004811715
vn 0.74707049057872 0.022331300395066648 -0.6643696223708124
vn 0.497813967701389 0.4554989806547746 -0.7380392484034042
vn 0.45908012386215596 0.5144215868520602 -0.7243037145116098
vn 0.4750715624795804 0.515792812994686 -0.7129269139163137
vn 0.9898551918588337 -0.14190359209967776 -0.007075994581673821
vn 0.9698331136712678 -0.2411735850904893 0.03548286179684803
vn 0.9315066547393764 -0.3499673925293946 0.09908671123027858
vn 0.9986373231803433 -0.04965315058330036 -0.01606428922644662
vn 0.9987023281389846 -0.046098759305590924 -0.021646342884123766
vn -0.664370498721444 0.022332879788595827 -0.7470696640267009
vn 0.17588949819576208 0.514544999356722 -0.8392296038995729
vn 0.15615595858170667 0.5147168002176251 -0.8430195324980067
vn 0.08620018895504203 0.5316948679654232 -0.8425378892390218
vn -0.006261490601899835 0.5361659118738472 -0.8440893961423328
vn 0.15778208869994886 0.4557849773411485 -0.8759936454767296
vn 0.8267289917734802 -0.5316408800183648 0.18405746074121385
vn 0.6955487006712705 -0.5650572227406535 0.4437593266886081
vn 0.5044711635011595 -0.803953178042503 0.3149097215253061
vn 0.3925369323043267 -0.8320299044089584 0.39197065572097134
vn 0.1926910627515943 -0.9061965019408342 0.3764014535118813
vn 0.20959680189028165 -0.8565233816261638 0.47163214199739073
vn 0.13978201948550997 -0.9313174435714947 0.3363165269920706
vn 0.06257798697598851 -0.9766270325934029 0.20562984888833025
vn -0.00038651176236827287 -0.9977499331334376 0.06704417603996655
vn -0.5337364490279644 -0.8347094219627726 -0.13559345067367107
vn -0.37585429073078397 -0.9181582986991951 0.12537500017570893
vn -0.4885337289746342 -0.8469428850363695 0.2098155026217313
vn -0.09790014045919537 -0.9808708083051761 0.16824987344072545
vn -0.06046847257877502 -0.9806609564839928 0.18613879835190236
vn -0.08683598083132725 -0.9713293816613808 0.22131142029814171
vn -0.4208319537856093 -0.8893361550476291 0.17883419694813982
vn -0.7184378671800071 -0.5343742906894865 -0.44529894279231214
vn -0.7464869729563346 -0.31805928955914775 -0.5844617074981205
vn -0.7454353105128658 -0.2082828919453156 -0.6332017330704985
vn -0.7004427352652326 -0.042887697360226254 -0.7124188515398067
vn -0.6643633298777608 -0.022330889328150617 -0.7470760987312788
vn 0.7180599744042964 0.513244582927574 -0.4700743252444254
vn 0.7076326120913431 0.5111727890291704 -0.4878098667113262
vn 0.6578960557528758 0.5279413859153602 -0.537076040112178
vn 0.5934104723471108 0.533418384955705 -0.6027676483521875
vn 0.725511974094589 0.11235669900425412 -0.6789759551223002
vn 0.5249362667780885 0.5322477849203306 -0.6641944077365337
vn 0.9925326601023428 -0.11229149254175169 -0.04763968233429778
vn 0.9988416192717509 -0.042720797707360564 -0.022143916858440943
vn -0.1690059261608289 0.45361249440798856 -0.8750272577694267
vn -0.18667754486557245 0.5122791837772498 -0.8382848752730048
vn -0.16724181587444825 0.5121219966984559 -0.8424732847518689
vn -0.09733529367029893 0.5316070817739276 -0.8413796712625791
vn 0.8710870996421952 -0.46576401267286155 0.15579200664932297
vn 0.6360783407511266 -0.6011509777931565 0.4837580452309044
vn 0.7187878338558831 -0.533001005456511 0.446378738386043
vn 0.3089922947060054 -0.810463102919585 0.49766788184317806
vn 0.21387540835646823 -0.8361968947278853 0.505006992969202
vn 0.24189630174294643 -0.7981802854490309 0.5517195040268097
vn 0.1852486214109196 -0.8866068975625098 0.4238055656311458
vn -0.0025362535792915653 -0.9905500261209561 0.13712845499587134
vn -0.025484056159326605 -0.9941878987676742 0.10459916264284924
vn -0.7999682432932325 -0.5757049910248891 -0.16915842583617266
vn -0.7792328181766889 -0.618530479084006 -0.10107552384492023
vn -0.550327655232787 -0.800164563996497 0.23848719548495362
vn -0.28215866164092573 -0.9504298544849643 0.1306506079767385
vn -0.16944487919228057 -0.9732206344022498 0.15533843596868024
vn -0.13183967316518852 -0.9445590694740307 0.3007099347445135
vn -0.5162462695827958 -0.8564395785496336 0.001018545813054601
vn -0.737065631561336 -0.12416049410903178 -0.6643180160688781
vn -0.7214934709669911 -0.04609537074443977 -0.6908852206755736
vn -0.7111652405012665 0.05038198015670261 -0.7012172678836892
vn -0.7047037527829848 0.049610407158970485 -0.7077650940213843
vn -0.700889532627043 0.0460990609011914 -0.7117785748657186
vn 0.7311010547727491 0.4546117965032213 -0.5087429234793223
vn 0.7341611254218334 0.19017649885260435 -0.6517977763106532
vn 0.9211827187637777 1.1342939672361008e-7 -0.38913031062995096
vn 0.29327206479242657 0.6298823994745625 -0.71919375612178
vn 0.3937512057437489 0.6163757074933479 -0.6819391286525643
vn 0.9987053578414032 -0.05038007955652454 -0.007032481976737678
vn 0.9900278404684678 -0.13971219435044907 0.018038232926887655
vn 0.9721241972087058 -0.22589209222511528 0.06282760437490167
vn 0.9422206834599927 -0.3181385095164058 0.10491936152524188
vn 0.9987022543869329 0.046100460446170846 -0.021646122726918213
vn 0.9988415531492216 0.04272221922784357 -0.022144156942607525
vn -0.7004436373417074 0.042886227830754145 -0.7124180530909975
vn 0.1886316166870723 0.6118329708384839 -0.7681656910985913
vn 0.09996490542040982 0.618081159836413 -0.7797324525371272
vn -0.004892678820082598 0.6214859081394726 -0.7834100635542145
vn 0.9550912408804065 -0.28405309612279556 0.08434785223453498
vn 0.7033737198448308 -0.37617068566640655 0.603126044435913
vn 0.677255824146451 -0.6582686499578824 0.3286440827739611
vn 0.7368869817230399 -0.3499640909031658 0.578379383489271
vn 0.5631833719677459 -0.6108390050495177 0.5565071423163899
vn 0.28301394194113105 -0.7548665757624825 0.5916752161985207
vn 0.21573012458810154 -0.8342026822908672 0.5075099981319824
vn 0.09982438232231088 -0.9477030088025862 0.30314039618713706
vn -0.0023149197188814083 -0.9715662038286023 0.23675673744325462
vn -0.058113183489512554 -0.9799140731965205 0.19076495237888624
vn -0.8255984416011444 -0.5331741940755479 -0.1846956740090359
vn -0.7761672600067261 -0.6305013113328231 0.005699201807420871
vn -0.54328769175934 -0.8286058662481983 0.135095530651022
vn -0.6076327088231745 -0.7626214577985267 0.2217904490131649
vn -0.15227391942919566 -0.9495805061986861 0.27406115322883284
vn -0.11002042331355422 -0.9443464504537125 0.31000852886554664
vn -0.13793195012217807 -0.9214836729135789 0.3631013876167277
vn -0.5048370471058118 -0.8366198706836208 0.21261878526321723
vn -0.6760691423358536 -0.6606814000936515 -0.32623703399760745
vn -0.7446971326819225 -0.3550974932110675 -0.565094638879665
vn -0.7482348298345559 -0.28357469377937905 -0.5997749848654781
vn -0.7450403087833666 -0.18911449238512548 -0.6396488466790995
vn -0.7214948048085473 0.046100897277754335 -0.6908834589888962
vn -0.7175012929942632 0.04965051020328323 -0.6947853779320015
vn 0.7182989489827212 0.6267438766649667 -0.3020574994157356
vn 0.7372055081321135 0.2811169995764745 -0.6144113209640533
vn 0.6798684117926732 0.604209340474723 -0.4155839452260015
vn 0.6253248657546269 0.610212282218944 -0.4864255162901161
vn 0.5523250197209124 0.6162461801504224 -0.5614069095053132
vn 0.9211815842791141 0 -0.38913299626865555
vn 0.47146471162565257 0.6185408814329071 -0.6285922396020673
vn 0.9987052700612716 0.050381770297520445 -0.007032835383427089
vn 0.9986376037369539 0.049647889207061584 -0.016063109904317356
vn 0.9971195847884613 -0.022189579812843422 -0.07252693416252935
vn 0.9971197499698388 0.022190368648110168 -0.07252442181325437
vn -0.6740671354990261 0.12436739084956605 -0.7281251602117652
vn -0.302358637001461 0.6245038989988362 -0.7201209167673651
vn -0.20126538559783402 0.6086614908185665 -0.7674786213013853
vn -0.10812346691745145 0.6167602057511382 -0.7796897873536399
vn 0.7464910431742925 -0.3180357969124424 0.5844692928998274
vn 0.4911840664227492 -0.600179499318596 0.6312866080395592
vn 0.27697114110788473 -0.7018541941358286 0.6562679918808647
vn 0.2218772497184333 -0.7484826730209007 0.624935336050756
vn 0.12795525290928497 -0.9003426154102591 0.4159454629264939
vn -0.0947777251432892 -0.9487792913358142 0.3013885186084123
vn -0.9247014098537095 -0.3762040027246498 -0.05829108807110996
vn -0.931518131609359 -0.3499381962724561 -0.09908193211978002
vn -0.8702857989305846 -0.4670619070054011 -0.1563835132110554
vn -0.9241623190357258 -0.38194039521104767 0.006748524322994621
vn -0.6551714278920869 -0.7029532243938774 0.2767799927525375
vn -0.3792515088461838 -0.9050624551218028 0.19243244364396536
vn -0.25933206977875023 -0.9328419924034175 0.25010536738161404
vn -0.17976319386096978 -0.887688577953446 0.4239035063595159
vn -0.7788223555738955 -0.6174907942113255 0.11018555950121231
vn -0.7355180214433547 -0.1122909919469265 -0.6681346969433845
vn -0.7219468687614486 -0.04272108946622255 -0.6906284291863162
vn -0.7219465635214536 0.04272468911432832 -0.6906285255907458
vn -0.6873009468278884 0.1397114915156967 -0.7128100080862695
vn -0.7049375676323806 0.14190839752931464 -0.6949280771786424
vn -0.6760357240609174 0.1319344957930411 -0.7249613704282921
vn 0.30683684026242647 0.5989642123485954 -0.7396573705327331
vn 0.40206022226905896 0.5874817022630765 -0.7022911270798122
vn 0.9987660181579401 -0.049616026722723 0.002165840525763594
vn 0.9906546011617292 -0.1319339011546811 0.034596342627541146
vn 0.9754859822446681 -0.20923330052116718 0.06818008798156877
vn 0.9800207234722794 -0.1901782893935589 0.05823744335227733
vn 0.9909281865622875 0.12415850318070719 -0.05143923759449135
vn 0.9900737025822818 0.13194290400480657 -0.04842657883631659
vn 0.9925317155925342 0.11229870094167284 -0.047642368851199865
vn -0.6789801156945033 0.11236149781078718 -0.7255073371794357
vn 0.200944571431137 0.5846706629685625 -0.7859907728951138
vn 0.09624754544197954 0.5747954058280235 -0.812617161666791
vn -0.005076319339058161 0.5761244949085471 -0.8173461918601809
vn -0.10387975789514743 0.5767347860421475 -0.8102999336471427
vn 0.6582570632323036 -0.3819339920776344 0.6487095377751312
vn 0.7198403223446594 -0.2412130943711153 0.6508810593577358
vn 0.7446984334011922 -0.3551176938228447 0.5650802304308251
vn 0.7407279827884516 -0.22589628511390522 0.6326870663178508
vn 0.45357925330961635 -0.5643422120819443 0.6897707797736496
vn 0.13471409204817614 -0.8028138042040189 0.5808115952553865
vn -0.0016214636796204232 -0.9302546076950152 0.3669110733103174
vn -0.1253708726674346 -0.8983301727143941 0.4210523068189189
vn -0.1601420763015787 -0.8885625769666722 0.4298965715287411
vn -0.9422177704939383 -0.3181467020502968 -0.10492067927702281
vn -0.9550963919079263 -0.28404018258543207 -0.08433301157491938
vn -0.9238252802020206 -0.37619327996424873 0.07089053370795277
vn -0.7997122860844623 -0.5729886277315155 0.1792882929137256
vn -0.2166014599593094 -0.8970388006458604 0.38523395187772874
vn -0.18552729952085475 -0.8564935518653303 0.4816621396223807
vn -0.5915885592148011 -0.7551775911222063 0.28236462680905605
vn -0.7370636251888452 0.124162790910353 -0.664319812873912
vn -0.7343305425593591 0.13194469716343266 -0.665844765057838
vn -0.7222296819293633 0.1397371029681413 -0.6773904550510599
vn 0.7013863751104004 0.5767242701909235 -0.41886306710217297
vn 0.6453689359779717 0.5659243927401697 -0.513058006638948
vn 0.5744618205634346 0.5700064899833553 -0.5874403953524132
vn 0.49311947316379406 0.5784061860636042 -0.6498303387115884
vn 0.9987662928402535 0.049610510539393395 0.0021655323035872365
vn 0.989853722470844 0.14191379737865972 -0.007076879551196445
vn 0.9896804588984319 0.13973979674103118 -0.031707703817279234
vn -0.6415537327341283 0.2092450969218874 -0.7379873287726941
vn -0.3059693468512922 0.5901084804881463 -0.747097543861151
vn -0.2066556588141083 0.5791795595739537 -0.7885711613112844
vn 0.7482296475467033 -0.28358699885659194 0.5997756318921666
vn 0.7454328917395904 -0.20826559804362646 0.6332102688556803
vn 0.6126534601133454 -0.37618122140807175 0.6950851936784994
vn 0.17812408476988598 -0.563838318729142 0.8064478661126115
vn 0.10876186626262227 -0.5986642057289514 0.7935817697162625
vn 0.0019764798117247605 -0.8265088762361755 0.5629202172869331
vn -0.2012477813538913 -0.8249987817775658 0.5280874364777756
vn -0.969420960347119 -0.24530278780399564 0.007038745289998715
vn -0.9698328951227758 -0.2411745058471392 -0.03548257695211959
vn -0.9721222804806889 -0.2258995839304607 -0.062830325266303
vn -0.9692486361702561 -0.24120390376698803 0.048762260916244124
vn -0.8237767596384945 -0.5331668039384575 0.19267851322229082
vn -0.49717457124252906 -0.8106896952937747 0.3091919527644503
vn -0.3933646270373267 -0.830492117612009 0.3943946155566859
vn -0.2236540595652552 -0.8232311747053409 0.5217943029904083
vn -0.6898503610464385 -0.5643365982856022 0.4534651951357826
vn -0.7563519696876838 -0.0221878082990465 -0.6537884972316703
vn -0.7563516263833701 0.02218626988003506 -0.6537889465997733
vn -0.7355134698808832 0.11229729516772888 -0.6681386481276136
vn -0.642972623334059 0.22588389721887353 -0.7318214745551892
vn -0.6606844494335525 0.241184201058877 -0.7108630243839349
vn -0.6904595860570383 0.2453197884675342 -0.6805025800158202
vn 0.7440830232542631 0.5940356660039253 -0.3057156882138514
vn 0.22287267911624858 0.4386266999027927 -0.8705942723427093
vn 0.34298362693396534 0.4495484037846556 -0.8247838894582572
vn 0.45269900556215814 0.4404152809020618 -0.7753050952437955
vn 0.9900284497029539 0.13970779502531167 0.01803886880963072
vn 0.9989071350255314 0.04610050077378707 0.00769931318306255
vn 0.99890718881997 -0.04609926851263244 0.007699712097538766
vn 0.9914980429367868 -0.12437789254604201 0.03823310997456377
vn 0.9931227323638389 -0.11235990155081685 0.03290123076228657
vn 0.9791253919182445 0.1891052050982741 -0.07451636267078174
vn 0.9748448822918819 0.20827870230743784 -0.07935639630462549
vn 0.9711542148758302 0.22588368894062613 -0.07639404426710394
vn -0.6517892838312622 0.19018849202337984 -0.7341655582936337
vn -0.4175594506033589 0.5758372872570084 -0.7028908334985672
vn 0.10187845498127207 0.4219300125121921 -0.9008861442780047
vn -0.006392270629012888 0.41687219441127926 -0.9089426342750846
vn -0.10742347207719313 0.4215894114227296 -0.9004013359736406
vn -0.2161326622247633 0.4344487014166454 -0.8743803509669159
vn 0.6904573866344067 -0.24533089311810527 0.6805008083197683
vn 0.7222296314681355 -0.13973759320487134 0.6773904077226891
vn 0.7343308644868934 -0.13193729972486845 0.6658458758626069
vn 0.5886088645088806 -0.3499667807601456 0.7287405964991567
vn 0.45485792038479667 -0.5311355179532328 0.7148421740718502
vn 0.192417679538292 -0.5324682869035307 0.8242893666929825
vn -0.13091190536961886 -0.8033200028762147 0.580981106415221
vn -0.2159546818576112 -0.7472000523800565 0.6285345313560894
vn -0.2239376385753116 -0.7886424066788675 0.5726212434210564
vn -0.9754823239064102 -0.20924809910564415 -0.06818701318303923
vn -0.9800201742692822 -0.19018059694503528 -0.05823914981209466
vn -0.930043949964869 -0.34993810482338356 0.11207842756910376
vn -0.7110140800970349 -0.658520984317342 0.24659499410467803
vn -0.32153055201875136 -0.7995403239907635 0.5073000832162975
vn -0.6300984918583786 -0.6017102873653142 0.49083665372152857
vn -0.714861464899934 -0.5311002926915555 0.45486873392668425
vn -0.7450309752675354 0.18910848687502335 -0.6396614933570287
vn -0.7454317111328614 0.20826309916265795 -0.6332124805819127
vn -0.740727078977678 0.2258986835190655 -0.6326872681298003
vn -0.719841411357043 0.24120238414870485 -0.6508838240242886
vn 0.7088006604378848 0.41524388539330986 -0.5702404224590587
vn 0.7747163197601843 0.4324763226752663 -0.46127958357433796
vn 0.7623020861073831 0.6147754764971878 -0.2023527687331889
vn 0.6344397259886574 0.41219778254435324 -0.6538954214191712
vn 0.5499402801541934 0.4223305787121433 -0.7205571251112526
vn 0.9906535668670717 0.13194139562622603 0.03459737813407354
vn 0.9698330813232506 0.2411738029549094 0.035482265137892356
vn 0.9694145198967443 0.24532818114620764 -0.007040749168824802
vn 0.9692486337309355 0.2412042998416346 -0.04876035016918691
vn -0.5944594287051876 0.3171833877973991 -0.7389267122853704
vn -0.4578622462540653 0.43167030641928283 -0.7771891082684214
vn -0.41583946026512497 0.6035015580757077 -0.680340659292536
vn -0.3368544536507368 0.4421421844159286 -0.8312877755720786
vn 0.7450314256887739 -0.1891096012705686 0.639660639279485
vn 0.7370634888702032 -0.12415850057858598 0.6643207659772206
vn 0.6606883550910884 -0.24116449525880873 0.71086607998525
vn 0.5060505301098585 -0.4654551766189418 0.7261296988377223
vn 0.07089021162838674 -0.376176174884146 0.9238322701360971
vn 0.24615406743317217 -0.6573102964325296 0.712286002452586
vn 0.11208505549917944 -0.34995997430798 0.9300349223099657
vn 0.0058677016258127926 -0.6072937775697418 0.7944556864940319
vn -0.2697141650609852 -0.6982461864908638 0.6631037115085554
vn -0.989680151699359 -0.13974199562486964 0.03170760147208711
vn -0.9898545596669556 -0.14190800182432964 0.007075996379545493
vn -0.9900276582645678 -0.13971339618132064 -0.018038924542713775
vn -0.9906540577580494 -0.13193779471233705 -0.03459705441156369
vn -0.9711502876533252 -0.22589938831791798 0.07639754674368776
vn -0.94112502234633 -0.3180536954514014 0.11456674527683475
vn -0.5557605071861768 -0.6104910576385955 0.564296843155686
vn -0.4844728170760408 -0.5987101914646833 0.63783398792376
vn -0.29311471324889515 -0.7406900614292858 0.6045345298466404
vn -0.6950817609827161 -0.3761974809976868 0.6126473707118651
vn -0.7287442205919554 -0.34993628994710935 0.5886225054581893
vn -0.7262276573168142 -0.4644948962568149 0.506791753188134
vn -0.9265246257851368 -1.5680578807487513e-7 -0.3762341263278596
vn -0.5886194938824199 0.3499495996233564 -0.7287402617840301
vn -0.6126683535040144 0.37615130385489537 -0.695088257146488
vn -0.6582623815031828 0.3819155804760112 -0.6487149809334063
vn 0.8291371633834816 0.4454933902071966 -0.3377383655702914
vn 0.8405211840619792 0.5151465739679084 -0.16777409356684053
vn 0.783132616013826 0.5860554650347274 -0.20794782431723344
vn 0.11597324131489582 0.21870478813675143 -0.9688748231556933
vn 0.24889703460772408 0.22669980440075027 -0.9416249066630209
vn 0.37393509092557453 0.22990589821137042 -0.8985075546383045
vn 0.48566060429261415 0.22409089457737974 -0.8449361209024281
vn 0.9721267470786206 0.22588158326862803 0.06282593377258643
vn 0.9914978952541629 0.12437879833767089 0.0382339931297035
vn 0.9990442704600991 0.042882079850340385 0.008465984204884699
vn 0.9990441351210985 -0.042884847748897795 0.008467934440589124
vn 0.9980389228129963 -0.022331908448251683 0.05847729829029803
vn 0.9531859351121653 0.2835806014072488 -0.10496959373957011
vn 0.9411336215278974 0.3180306792038488 -0.11455999962867956
vn 0.9300377360838847 0.3499536079498138 -0.11208158520859053
vn -0.61442229590594 0.2810958914289429 -0.7372044099945696
vn -0.5624725127069486 0.41509109777203806 -0.7150692644769008
vn -0.48820940128059787 0.5110475068497977 -0.7074475431039717
vn -0.5092908558804242 0.5652764077463605 -0.6489109391603407
vn -0.006193811490648501 0.21466960070010221 -0.9766670872075485
vn -0.11831834062452926 0.21604988979585427 -0.9691868836251639
vn -0.23742805131480135 0.22201170413636648 -0.9456948364431959
vn -0.36398992459540525 0.22697569751755378 -0.9033235121092835
vn 0.7049368871531673 -0.14189609695860336 0.6949312791914874
vn 0.7175008385752069 -0.04965082619527869 0.6947858246265544
vn 0.721495551574599 -0.04610052062388079 0.6908827042677159
vn 0.6429728337536547 -0.22588230014532898 0.7318217826328012
vn 0.5920577326178604 -0.3181495939830615 0.7404380305574608
vn 0.6157260357652968 -0.2840386913088093 0.7349853540855975
vn 0.1145720071523223 -0.31806789462800267 0.9411195830413891
vn -0.09820128306890326 -0.5983997707154637 0.7951567282060197
vn -0.16681462060273605 -0.563619729057721 0.8090152553382826
vn -0.9914984413482444 -0.12437519370555981 -0.038231557576254765
vn -0.993122916539115 -0.11235840010062327 -0.03290079895185427
vn -0.9261704871792532 -0.35507968142015284 0.12699074187005882
vn -0.6487107695436906 -0.38193929312453817 0.6582527735190797
vn -0.7404362193986307 -0.31814729966847494 0.5920612305465717
vn -0.7349828965195369 -0.2840377782125632 0.6157293905376147
vn -0.9265246257851368 -1.567579880784692e-7 -0.3762341263278596
vn -0.7482265794793511 0.28358069293828314 -0.5997824408510752
vn -0.7464884192941752 0.3180239001663924 -0.5844791174906424
vn -0.7368888698858008 0.34993848936136734 -0.5783924680542715
vn -0.7033798464431221 0.3761348966993181 -0.603141219866992
vn 0.6797420152210926 0.21271789396644972 -0.7019272685468531
vn 0.764553105739124 0.21601659447694077 -0.6072852537442717
vn 0.8414595364362228 0.22422469850138144 -0.49159854873921416
vn 0.8392620531065096 0.5348144710329613 -0.09804431543531802
vn 0.8374237770822902 0.5135099788033938 -0.1871601433173442
vn 0.7742729584758273 0.623362400221703 -0.10918197544891593
vn 0.587637631369936 0.21601539526460087 -0.7797559638801166
vn 0.9754820890828947 0.20924868931348947 0.06818856135055205
vn 0.931513841190991 0.3499492969476195 0.0990830623036665
vn 0.9247124467008976 0.37617789566038823 0.05828448964314269
vn 0.9241810887233347 0.3818949815799905 -0.006748206441018294
vn 0.9238379842999889 0.3761632052509204 -0.07088456658460683
vn -0.5083447894274931 0.4551696653396256 -0.7310308822591088
vn -0.5971127896202081 0.2159960935901289 -0.7725296136885481
vn -0.4870423984286953 0.22384619473267675 -0.8442052968541033
vn -0.5374391590318929 0.527817371836444 -0.6576989982710639
vn -0.4702977795473296 0.5129889776499644 -0.7180963078602309
vn -0.4862918696716994 0.609130753167299 -0.6264821969035047
vn 0.7355124500489797 -0.11229399032435533 0.6681403262488957
vn 0.721946333301793 -0.04272420720173063 0.6906287960627474
vn 0.6873000817588764 -0.1397129979022728 0.7128105469417532
vn 0.006748884600193788 -0.3819202974738942 0.9241706221981445
vn 0.04875876707351709 -0.2411772968341719 0.9692554328582493
vn 0.1269976240303908 -0.35508609837760985 0.9261670833222274
vn 0.07639425126340496 -0.2258913876627483 0.9711524078916254
vn -0.18388534564859657 -0.5310961799909769 0.8271172995740615
vn -0.4449335404866207 -0.5627363943336784 0.6966791909066692
vn -0.9900743574665253 -0.13193829721328573 0.04842574125097063
vn -0.9986373643204695 -0.049652457512837145 0.016063873941299513
vn -0.9987050710059906 -0.050385730309256506 0.007032732621274192
vn -0.9987660064366263 -0.04961624093569013 -0.0021663383957054943
vn -0.9989073697728801 -0.046095568059278225 -0.0076983906577274
vn -0.9748442242110122 -0.20828019611497764 0.07936055965488231
vn -0.9531884394020906 -0.28357018414713114 0.10497499537017962
vn -0.6031151766323759 -0.37619289469589756 0.703371160693996
vn -0.6805078835378716 -0.24530099330773508 0.6904610366451139
vn -0.7108671821152651 -0.24116149575372736 0.6606882641286492
vn -0.7318212253814751 -0.22589890213059882 0.6429676353420493
vn -0.9980386637431135 0.022330308578289406 -0.05848233060214932
vn -0.6035358711686306 0.5317202014974635 -0.5941532458315946
vn 0.9023112200901794 0.22836209288739137 -0.36562989023254394
vn 0.8710427414300989 0.43979368906786737 -0.21878312013958917
vn 0.874071214888268 0.4551910826156243 -0.1697073646338403
vn 0.8046917238088696 0.5843448060267596 -0.10493987470479833
vn -0.0056626657457880605 0.0023290899855191653 -0.9999812546025505
vn 0.12105653486546368 0.0022758189127798185 -0.9926430053219751
vn 0.2572662109522837 0.0022103120529705883 -0.9663380418998746
vn 0.3832869554673126 0.0021736289860414437 -0.9236267563824844
vn 0.4965231146317246 0.0022726869639375907 -0.8680205248324346
vn 0.9428479208470288 0.31717938986647026 0.10215200829336808
vn 0.9931218975646775 0.11236549279307292 0.03290733363407336
vn 0.9980385283940736 0.02233246979349674 0.05848381514500015
vn -0.690483575189157 0.2117918841598601 -0.6916477645434965
vn -0.6463043133420138 0.4090537755301751 -0.644178347416317
vn -0.5855177283927636 0.5650951712129426 -0.5812369888518735
vn -0.12141146775484501 0.0023521239314469493 -0.9925994776397101
vn -0.24481007860596946 0.0022265888404937573 -0.9695684956283773
vn -0.37432602050304187 0.0020844189408936965 -0.9272948212796377
vn -0.49788905183773474 0.0021303919092451164 -0.8672381181027703
vn 0.7111638601901507 -0.050377560708280235 0.7012189852938435
vn 0.721496176367629 0.04610082608718317 0.6908820314069333
vn 0.6760360525553986 -0.13193320149165313 0.72496129964949
vn 0.6415567740588747 -0.209243782818873 0.7379850574441317
vn 0.6517993683169152 -0.1901760991796472 0.7341598155459637
vn 0.10498037419850582 -0.28358029520199446 0.95318483895113
vn 0.07935829133308993 -0.208273899135202 0.9748457542276687
vn -0.058289219493190686 -0.3761921787413771 0.9247063380039581
vn -0.09908568811029629 -0.3499594872232658 0.931509733558452
vn -0.15565730959740853 -0.46554310883041883 0.8712292555862696
vn -0.4469175978170984 -0.5322889959658076 0.7189805877317601
vn -0.9990439821259343 -0.042888249520639056 -0.008468756166723226
vn -0.9980385585676521 -0.02233198052021132 -0.05848348705616145
vn -0.6508854141108884 -0.24119448359455903 0.7198426208423973
vn -0.7379852853501563 -0.2092496863774356 0.6415545864208232
vn -0.7341601100020507 -0.19018359322412662 0.6517968500615329
vn -0.7381293306921037 0.4544795884525706 -0.4986114668276384
vn -0.7247768966490448 0.5121038004679279 -0.4609209776415962
vn -0.7144061771367993 0.510595361341296 -0.47845186910026344
vn -0.6653150605388854 0.5280703093855108 -0.5277287357777952
vn 0.6010814602406274 0.00233866608768876 -0.7991843396838587
vn 0.6959672488992802 0.0022597020486590466 -0.7180699702718522
vn 0.7844034290787083 0.0021688300279895214 -0.6202471738153055
vn 0.864397582549181 0.002117765030562702 -0.502804469306317
vn 0.8421017411678803 0.5392766933189577 -0.006730940869980703
vn 0.7783441942446777 0.627820216361472 -0.0047001290873933425
vn 0.9800203021670456 0.1901796008690345 0.05824025028884352
vn 0.8398928712917872 0.5136045799572876 0.1754716507021455
vn 0.8435216188538042 0.5140903029010858 0.15550703839160315
vn 0.8414380967800296 0.5335196057431506 0.08566656042397715
vn -0.7056819029018455 0.0022240989332082354 -0.7085253032184282
vn -0.6093947598206999 0.0022120069777829235 -0.792863880958265
vn -0.5628967570792696 0.6113510983686132 -0.5562347304808752
vn 0.7111636991936932 0.050377896288295004 0.7012191244644632
vn 0.7175013571885953 0.0496472976292619 0.6947855412072386
vn 0.7563474387570298 -0.022193119297770326 0.6537935586571011
vn 0.7219462573151059 0.042725108622645634 0.6906288197301746
vn 0.7047032875002922 -0.04961221945471308 0.7077654302571282
vn 0.007042165873202512 -0.24532030463372498 0.969416502868726
vn 0.031710318402033345 -0.139745500847048 0.9896795697092314
vn 0.04842778145897446 -0.13194879920169467 0.9900728581130748
vn -0.10491947163009942 -0.31814638512481314 0.9422180119828291
vn -0.0843282585067488 -0.2840345875600044 0.9550984754918401
vn -0.32969103727999405 -0.6572150864578965 0.6777699831575468
vn -0.5783779456690712 -0.34996127855904996 0.7368894458960177
vn -0.9909284081408887 -0.12415689302349919 0.05143885548994733
vn -0.9987025067015136 -0.04609546792007664 0.021645113659720314
vn -0.9987051203786305 0.050384707865641046 0.007033046480675347
vn -0.9987660340112641 0.04961571758970856 -0.002165611569194724
vn -0.9989071159911815 0.046100849772899265 -0.007699693006650109
vn -0.9791238394999684 -0.1891116006034088 0.07452053032592439
vn -0.6773900052925699 -0.13974009255740474 0.7222295253323421
vn -0.694930887050695 -0.14190599628032363 0.7049352810312611
vn -0.7128104390445444 -0.13972349361673708 0.6872980600297499
vn -0.7249617257550823 -0.13194000395759695 0.67603426802632
vn -0.9990440749551369 0.04288608921594301 -0.008468745408665967
vn 0.9265437209142552 0.0021227268685792755 -0.3761811096599727
vn 0.9443294168535558 0.2240831025266553 -0.24089150177424654
vn 0.8976173339772183 0.42723381476148226 -0.10841766123645304
vn 0.8121971479145466 0.5833725151191197 -0.003507352715177326
vn -0.005501002448097866 -0.2456116868372623 -0.96935269033568
vn 0.11762037069344156 -0.24579569501087772 -0.9621589913897063
vn 0.2495026328724312 -0.24553600587305627 -0.9367286191900147
vn 0.3712307365699235 -0.24530108821665797 -0.8955529668006663
vn 0.48082200941697434 -0.24547550253590042 -0.8417552927751449
vn 0.5825372708950542 -0.24549008619085694 -0.7748451107157791
vn 0.9557423566732741 0.28110180103163024 0.08682352859329152
vn 0.9265272247150729 4.668572867684416e-7 0.3762277260670283
vn 0.8759599014753896 0.45585101949292217 0.15777863934794586
vn -0.7905128740043575 0.0022121319116722876 -0.6124414278163882
vn -0.7720514510206455 0.21365610751325512 -0.5985713196430315
vn -0.7170635946536402 0.4153443022293081 -0.5597400395076711
vn -0.6516808533941023 0.5685362331252006 -0.5020743141640904
vn -0.11842246434686432 -0.24553359833480642 -0.9621275237861027
vn -0.23847131964690954 -0.24553070481964584 -0.9395989052231964
vn -0.36368370928617233 -0.24536658634626893 -0.8986263950633934
vn -0.48302802404038997 -0.24530799943858037 -0.8405402509119226
vn 0.7047031630428261 0.04961432773260047 0.7077654063890649
vn 0.7343316548714276 0.13194250038399036 0.6658439736501425
vn 0.75635906595179 0.022193469914803747 0.6537800954798768
vn 0.7370648771785858 0.12416100096688348 0.6643187583296273
vn 0.700887913504864 -0.04610540908978512 0.7117797580399866
vn 0.6740657924353946 -0.12436669967372235 0.728126521616065
vn 0.6789796153315042 -0.11236129717105402 0.7255078365271602
vn 0.07451449611637315 -0.1891217907451943 0.9791223305255855
vn 0.05143779792938017 -0.1241687999888522 0.9909269711000426
vn -0.03548063795913256 -0.24115840301779717 0.9698369703119792
vn -0.0628266745005888 -0.22589189510560956 0.9721243031098408
vn -0.5844676476126649 -0.31805360272919264 0.7464847451121145
vn -0.9987022068694595 0.04610128839128909 0.021646551751594287
vn -0.9986374590583714 0.04965068710633695 0.01606345651808061
vn -0.6326860993740481 -0.2258978976554499 0.7407283169244308
vn -0.7281243885008639 -0.12436579698987323 0.6740682631672524
vn -0.7255011763294374 -0.11235139733803386 0.6789883700482607
vn -0.9914981217437099 0.12437789167434933 -0.03823106905828271
vn -0.7248662402523084 0.6224014877782752 -0.29527160675193925
vn -0.6869319537954808 0.605491388625292 -0.4018764351829291
vn -0.6319886191220053 0.609322984351574 -0.47886938306927934
vn 0.6748958817288215 -0.24528758273028684 -0.6959522617132652
vn 0.7606492021698628 -0.24538249627985523 -0.6009993525435929
vn 0.8380083254993113 -0.245340198634568 -0.4873912528224024
vn 0.8980200176482568 -0.24524479819370076 -0.3652602317005718
vn 0.7766300847167541 0.6219623097928509 0.10004297431598634
vn 0.9265342253177061 3.0841209815471743e-7 0.3762104853866027
vn 0.7219935023487551 0.6260276022530649 0.29464355377889495
vn 0.7693668929185039 0.6106081165631068 0.1877027225912895
vn -0.6845216118698293 -0.2453836001149041 -0.6864525123253464
vn -0.5910781084493872 -0.2453670812299087 -0.7683890064027529
vn 0.6872969722902338 0.1397251951102315 0.7128111543263653
vn 0.7049348903985839 0.1419141999910004 0.694929608046492
vn 0.7222300382873889 0.13974269655214028 0.6773889211935292
vn 0.7355131479594516 0.11230069203261012 0.6681384315752047
vn 0.007077287143733727 -0.14191089958212796 0.9898541350049898
vn 0.016067139078607667 -0.04966341876667533 0.9986367667366522
vn 0.02164971780392843 -0.0461129590690236 0.9987015994404478
vn -0.06818508216440076 -0.20924388871487057 0.9754833620342853
vn -0.0582349733517395 -0.19017079301705533 0.9800223249304
vn -0.5651173725730675 -0.35507189191963856 0.7446920885740103
vn -0.992532378442197 -0.11229229775146006 0.047643652353413
vn -0.9988415088608292 -0.04272303745891456 0.022144576015496107
vn -0.99002801576006 0.13971099115993482 -0.018037931126018324
vn -0.9898549031856546 0.141905593960729 0.007076230774287572
vn -0.9906535318481229 0.1319415907204205 -0.03459763684133981
vn -0.6658485548891132 -0.13193109378397389 0.7343295503008469
vn -0.6947841542559994 -0.04965500895817714 0.7175021666030973
vn -0.7012184667147834 -0.0503907791717936 0.7111634350222372
vn -0.7077664217853816 -0.049622408030251294 0.7047015742953869
vn -0.7117786359644487 -0.046097158427148795 0.7008895957064358
vn -0.9931228544645809 0.11235979536030101 -0.03289790763428548
vn 0.9387265414423621 -0.24542890303317338 -0.24198581352549192
vn 0.9686127550189717 0.0022713780510798935 -0.24856422038641518
vn 0.9686207828240145 0.21814639033325522 -0.11910470799243966
vn 0.906503894771119 0.4221827790894107 -0.0035199155009674184
vn 0.80944004220673 0.5791802904848473 0.09673163487843456
vn 0.10661453146425957 -0.4818386712788846 -0.8697498701010857
vn -0.005074916820752683 -0.4811987796098872 -0.876596817083668
vn 0.2256088620475076 -0.48174867909491453 -0.8467696567284008
vn 0.3352465350845703 -0.4812205226956624 -0.8099608442698348
vn 0.43424682553590704 -0.481190685417285 -0.761501949294702
vn 0.5265833457711847 -0.4812588765114399 -0.7007851837299154
vn 0.6103526375980718 -0.4813658093330173 -0.6290918974062899
vn -0.7667114754304082 -0.24564140210411894 -0.5931389508501771
vn -0.8641844288023307 0.00213748593928203 -0.503170651140792
vn -0.8419711639534097 0.22082300254970808 -0.49226188214798067
vn -0.7762280663268003 0.4313754862662481 -0.45976643950501034
vn -0.7073854451741539 0.5753290949256767 -0.41061206081624774
vn -0.10797720224327492 -0.4813520923277708 -0.8698511867022957
vn -0.21678787231174476 -0.48213100664471004 -0.8488537629358222
vn -0.32952074777501855 -0.4824851145695701 -0.8115566468242261
vn -0.4369007503859496 -0.48251029007079704 -0.759145278776065
vn 0.6760319386368902 0.13194929752936135 0.7249622064800041
vn 0.745432935736366 0.2082797915643613 0.6332055485743704
vn 0.7407293400367267 0.22588559789849205 0.6326892929952236
vn 0.7450347747118148 0.18910739402284202 0.6396573911055862
vn 0.7008882452630557 0.04610603136307746 0.71177939105036
vn 0.7004466670512409 -0.04288277085102985 0.7124152823886825
vn 0.6643679977740058 -0.022333719238382482 0.7470718630217174
vn 0.04764155021968196 -0.11230889865079732 0.9925306010277519
vn 0.022147020789473008 -0.04273882691891092 0.9988407791754129
vn -0.018039588294749963 -0.13971769292329897 0.990027039801614
vn -0.03459621656771867 -0.13193850019462613 0.9906539930599343
vn -0.5997812660821716 -0.2835642813411584 0.7482337410223756
vn -0.6332036145052953 -0.20827828516522018 0.7454349995177747
vn -0.9988414128859899 0.04272586729337141 0.022143445259237105
vn -0.9900738424687194 0.13194179614326854 0.048426737343264886
vn -0.9896801922435899 0.1397417013792502 0.031707632777032604
vn -0.7124192837649578 -0.04289310896442175 0.700441964279119
vn -0.7470670491305159 -0.022331489967493415 0.6643734858189746
vn -0.9754850604845985 0.20923749538482292 -0.06818040258347985
vn -0.7485802121421659 0.5865237969284421 -0.3092207975312033
vn 0.6876524642413017 -0.48205780927071923 -0.542912844703439
vn 0.7572841609540892 -0.4822389701853613 -0.44041602514284534
vn 0.811545780738578 -0.4816273929515031 -0.33079978857936154
vn 0.8486836299797912 -0.48101350355762756 -0.21991385949853443
vn 0.7878815822674218 0.5829727829950914 0.19845741762590208
vn -0.5345497497379539 -0.48224138594456945 -0.6940459716310957
vn -0.6191649856960911 -0.4819435907443267 -0.6199718508355232
vn 0.6429740080157507 0.22588229356622647 0.731820752964428
vn 0.660683763502978 0.2411828033853304 0.7108641361010795
vn 0.6904562118509783 0.24532749611428664 0.6805032249495161
vn 0.7198409188713832 0.24120248549286044 0.65088433112994
vn 0.007033604657678412 -0.05039150075392101 0.9987047737230893
vn 0.016064061132759034 0.049652178118730655 0.9986373752008229
vn 0.021644851973720382 0.04610164877610993 0.9987022270742966
vn -0.038234051657587774 -0.12437719809566816 0.991498093738821
vn -0.032905683656856845 -0.11236180226906148 0.993122369788297
vn -0.9971197861774799 -0.022189779404191114 0.07252410429208864
vn -0.9971201931396906 0.022187568795091345 0.0725191852134949
vn -0.9909280107609459 0.12416120347427471 0.0514361063959429
vn -0.9721231995833066 0.2258961916517404 -0.06282830117992155
vn -0.9698332813939917 0.2411730030257834 -0.0354822337527959
vn -0.969416748419408 0.2453193875749072 0.007040309923210249
vn -0.6643224435536498 -0.12415139600426667 0.7370631735890076
vn -0.6908841622303915 -0.046094957355778746 0.721494510918537
vn -0.7012186376837198 0.050390217035785646 0.7111633062750597
vn -0.7077663072536055 0.049622827060160295 0.7047016598186445
vn -0.711779028958568 0.04610033770261946 0.7008889874998053
vn -0.980020661509209 0.19017990250498756 -0.058233218168375435
vn -0.7987333031682924 0.5693885086140192 -0.19447837069497395
vn 0.870242461963229 -0.4804308752252625 -0.10892305323698129
vn 0.9620064126340903 -0.245564993637917 -0.1193377390036299
vn 0.9925018729135459 0.0024076030327904777 -0.12220571063064117
vn 0.9762627551013604 0.2165753851165261 -0.0024770069700714666
vn 0.899427726186006 0.42504879540569696 0.10180023031426329
vn 0.09288276125959123 -0.6468625674041204 -0.7569290663940339
vn -0.004475986014948775 -0.6461766710226483 -0.763174734497469
vn -0.0942656982061236 -0.6466101796784393 -0.7569737470202839
vn 0.1963341114244875 -0.6469810915074017 -0.7367960259956945
vn 0.2916471475356262 -0.6465029743684504 -0.7049651377671661
vn 0.3778558247054307 -0.6463217878242068 -0.6629427745438515
vn 0.4583535147246136 -0.6463334770640887 -0.6100533517372382
vn 0.5312404636383141 -0.6465918124517701 -0.5474510004225802
vn 0.7445013762074979 0.5922994884793277 0.3080568401647142
vn -0.8379933025495248 -0.24571960079722308 -0.48722592569176193
vn -0.6932832033723256 -0.48232699120665373 -0.5354615518180024
vn -0.925077393456312 0.0020488398375472345 -0.37977311433459326
vn -0.9007826476044987 0.22595110062472212 -0.3708594368505491
vn -0.8307671755472236 0.4390541796822964 -0.3421364162681229
vn -0.18886166548976274 -0.6478038016348783 -0.7380254100610849
vn -0.28663917714832077 -0.6484087222819152 -0.7052688217924196
vn -0.37984436669294186 -0.6484056135888615 -0.6597639103179938
vn -0.46485124619791435 -0.647947482679707 -0.6033882486403566
vn 0.6415572252201032 0.20924430087445406 0.7379845183467217
vn 0.6740648894819431 0.12437389963996401 0.7281261277114316
vn 0.7482273883206074 0.28358150000083493 0.5997810502376675
vn 0.7464892145085499 0.31802259902815333 0.5844788098210119
vn 0.7368904870358182 0.3499473745694138 0.5783850319191266
vn 0.7004415432358898 0.0428936975041553 0.7124196622944563
vn 0.07254190343797402 -0.022192368779262922 0.9971184337948831
vn 0.02214486643096334 0.04272088692739995 0.9988415944036828
vn -0.002166642399490897 -0.049616081191721256 0.9987660137128662
vn -0.007699872573709033 -0.0461019972069571 0.9989070616508215
vn -0.6396533463143184 -0.18910788776929358 0.7450381220664692
vn -0.9925318541624869 0.1122994017198178 0.04763782998990464
vn -0.9748484686816199 0.20826409087225634 0.07935068721979179
vn -0.971151166024098 0.22589620369413727 0.0763957975716704
vn -0.969249156539021 0.24120208164335744 0.048760930664903834
vn -0.6908824759151115 0.046099698871443315 0.7214958227442261
vn -0.694785681429218 0.04964618045368194 0.7175012987077427
vn -0.7124187566382354 0.04289084762480365 0.7004426388934761
vn -0.9428501133492974 0.3171741969912806 -0.10214789532904417
vn -0.879232705827797 0.4267450835261678 -0.21175099217943322
vn -0.7802113407556146 0.5976598574439446 -0.18458861979117316
vn 0.5981900107437629 -0.647481705534774 -0.47216115050283103
vn 0.6585322046914014 -0.6478154992648077 -0.38297573591099787
vn 0.7059094296403985 -0.6471306548851457 -0.28794755191299976
vn 0.7387174476366646 -0.6461673165002543 -0.19174027131521398
vn 0.8725625903162211 0.43699497623624434 0.21833441488902036
vn 0.6861113203578184 0.6073976898705264 0.4003989290904751
vn -0.538598269086378 -0.6475153765423005 -0.5391064288973376
vn -0.602983323762793 -0.6478334855920449 -0.46553505368515136
vn 0.5944682631789424 0.317172415244911 0.7389243148528281
vn 0.5886250190693028 0.3499401142616428 0.7287403538683798
vn 0.6126685612018669 0.37614820215471567 0.6950897525720037
vn 0.6582642728254036 0.3818959946014331 0.6487245921259845
vn 0.7033746532458998 0.37616268898033667 0.6031299433706578
vn 0.6643699690842021 0.022336358697853095 0.7470700310273312
vn 0.007032708898015058 0.05038770034013293 0.9987049717809503
vn 0.048426093730472845 0.13194770147436613 0.9900730869595634
vn 0.051442594148763496 0.1241591984314403 0.9909279252055155
vn -0.008470766516300068 -0.042890678003650304 0.9990438608264471
vn -0.058476724052146496 -0.022334210376687584 0.9980389049485892
vn -0.9211839759839561 -1.7074910177966192e-7 0.38912733441684716
vn -0.9791255822661529 0.18910848863230623 0.07450552784305364
vn -0.931518627499877 0.3499382070595363 -0.0990772317977357
vn -0.9247246215997461 0.3761483931534108 -0.05828173414812994
vn -0.9241691141344744 0.38192390152519323 0.00675143863744935
vn -0.6681393799242793 -0.11229729969344918 0.7355128044269246
vn -0.6906301554731595 -0.042726560231171634 0.7219448936047209
vn -0.7128103721357166 0.13972170065008976 0.6872984939188996
vn -0.6949316314379652 0.14190510449236918 0.7049347267272185
vn -0.7249618829144765 0.131944494890936 0.6760332229920898
vn -0.7281239223937932 0.12437110218068961 0.6740677878227365
vn -0.7470643466109718 0.02232973053709912 0.6643765838414706
vn -0.9557403066967325 0.28110878644110243 -0.08682347805085183
vn -0.9075104748224642 0.410750797236867 -0.08779818139792941
vn -0.8473990870599446 0.5079079218327662 -0.15473955599488162
vn -0.8235090997382024 0.560426312542608 -0.08806310724855314
vn 0.7580529766163207 -0.6452147623073712 -0.09515038173217519
vn 0.8772462205102449 -0.48003530277962797 -0.0022752331225408817
vn 0.969417597406607 -0.24540879717675826 -0.0020109964341661615
vn 0.9999956347905093 0.0024191989618789723 -0.0016964304609545498
vn 0.9687400549070766 0.2196434044072007 0.11532337542341048
vn -0.003985526612216742 -0.7327829756611547 -0.680450752192109
vn 0.08282188375303458 -0.7333007539234191 -0.6748411219442277
vn -0.08404863260862892 -0.7331819930607407 -0.674818488490127
vn -0.16833299894205075 -0.7342164898116944 -0.6577158562447537
vn 0.17502363727600664 -0.7334286139089569 -0.6568479235669876
vn 0.26000612494584147 -0.7330533275448592 -0.6285138295742242
vn 0.33690790933171966 -0.7328684188576133 -0.5910980809230152
vn 0.40868515800869293 -0.7328843900269151 -0.5439273044059163
vn 0.4736052676885692 -0.7331582201695033 -0.4880338867491938
vn 0.828109384324114 0.44376599653666704 0.34250049330206167
vn 0.7143341608404237 0.5113659215214794 0.4777359113180582
vn 0.7062053359964867 0.5775187002720806 0.4095682778806679
vn -0.896759650688738 -0.2457136859533004 -0.3680311310634681
vn -0.7574228962932534 -0.48273008791076316 -0.4396387362328374
vn -0.6585566144895478 -0.6483376610247161 -0.38204903194363077
vn -0.9704733073770191 0.0020614098983360173 -0.24119973104864922
vn -0.9465645770251522 0.22204728759681794 -0.23390276525105644
vn -0.2553956653790239 -0.7347931830338854 -0.6283725266691221
vn -0.33842103858571526 -0.7347985816977423 -0.5878284145714225
vn -0.4142119459055028 -0.734385105860633 -0.53768669330684
vn -0.4799907151210825 -0.7340079809129373 -0.4804593607722357
vn 0.6518007886417299 0.19017730837890873 0.73415824132388
vn 0.6789805423135535 0.11236580348843309 0.7255062710728225
vn 0.7382547875547173 0.4535265858857544 0.4992930047050038
vn 0.7247053127680275 0.5125512040222897 0.46053607122688733
vn 0.3891410884178994 -2.3915809906191696e-7 0.9211781658858809
vn 0.007076118068723917 0.1419158972464203 0.9898534268576439
vn 0.03170900548296696 0.13974749399522796 0.9896793303355057
vn 0.07251096740162488 0.02219436854834307 0.9971206394470133
vn 0.047649657169917974 0.11230799521914427 0.9925303140869027
vn -0.00216683943563177 0.049622579966700456 0.9987656904220874
vn -0.007701923333308685 0.04610319787433604 0.9989069904263997
vn -0.9211830510451001 -1.9962899999387012e-7 0.38912952402407164
vn -0.9531880110527604 0.28357637879140346 0.10496215021062323
vn -0.9411389998549009 0.31801669297697455 0.11455464172221723
vn -0.9300461352064573 0.34993418379279984 0.11207253633606759
vn -0.9238509870459523 0.37613238935803484 0.07087862449311196
vn -0.690630763393989 0.04273184033343289 0.7219439995425918
vn -0.6658442840353161 0.13194310188999464 0.7343312653572255
vn -0.6773892319933511 0.1397405989256458 0.7222301526462045
vn -0.8775514004071391 0.4532010879190294 -0.15656408768449168
vn -0.9719008483608276 0.21423119950539724 -0.09753837252067754
vn -0.8464508902352472 0.5256265085973167 -0.08507446079612878
vn -0.841345138803021 0.5115117031507015 -0.17462569957596175
vn -0.7896034287200979 0.6059952665149183 -0.09641660808687687
vn 0.5331764793036755 -0.7339119828551787 -0.42082780723107766
vn 0.5868992204750341 -0.7341978842842285 -0.3413250235748325
vn 0.6292403212409221 -0.7335946683816992 -0.25670115045820496
vn 0.6587349110761094 -0.7326837741542154 -0.17100527483292663
vn 0.9434826612594455 0.22577520642148793 0.24262321419874225
vn 0.6649314735222924 0.5288931097036598 0.5273881056939618
vn 0.6311183212333281 0.6111850723211248 0.4776426195132163
vn -0.5373634490242126 -0.7342482935615912 -0.414873434983121
vn -0.5867904652159769 -0.7347128075377969 -0.340402761991652
vn 0.6144297694269673 0.28109589920067773 0.7371981781681819
vn 0.4699528475505235 0.513392793779068 0.7180335370822714
vn 0.48663109258964454 0.5129364883363154 0.7071678292019636
vn 0.5358875014286654 0.5293463917354492 0.6577362566935191
vn 0.6026704783699901 0.5327298099344091 0.5941272962156642
vn 0.3891061895855661 -5.631961961629222e-7 0.9211929077157968
vn -0.018040200883264586 0.13972049145847878 0.9900266336915853
vn 0.07935688433322706 0.2082795008292235 0.9748446719571547
vn 0.0763917842613036 0.22588438876042502 0.9711542298789125
vn 0.0745218799838653 0.18910199330609292 0.9791255923176213
vn -0.008473340296327679 0.04290042978575479 0.999043420291841
vn -0.8467255439600894 0.5319919009039276 0.0063616490092170234
vn -0.653783080961883 -0.02218782885597235 0.7563566508590017
vn -0.664322957817784 0.12415989619311406 0.7370612782486583
vn -0.7318199130253632 0.22589920132371955 0.6429690239357225
vn -0.7108672778985917 0.24116039503458975 0.6606885628492495
vn -0.6805042977320254 0.24531919109405048 0.690458105354122
vn -0.7379815903214041 0.20923440597229193 0.6415638204451009
vn -0.725498648326863 0.11235399547858131 0.6789906413021417
vn -0.9771110558225609 0.21148338987579549 0.022994790626639075
vn -0.912246346502561 0.40920289082487155 0.01896305442954182
vn -0.82404488273307 0.5664065848948555 0.01155905831752333
vn 0.6762076321698989 -0.731803969843875 -0.08488926855571127
vn 0.7644395933438973 -0.6446919935000444 -0.0020836614781826277
vn 0.8706019110851396 -0.48051959405742056 0.10560886393572469
vn 0.9624084337948426 -0.24523939497986724 0.11673750772766435
vn 0.9927299917545186 0.002369424888802182 0.12033930902564476
vn -0.0038106032229787965 -0.7593286615819477 -0.6506961372278499
vn 0.07920752652086324 -0.7597145086812683 -0.6454146210318029
vn 0.1673920984947663 -0.7598385825662582 -0.6281920198515881
vn -0.08036789938924575 -0.7597008127981616 -0.6452872815898146
vn -0.16096486174767477 -0.7606038815779336 -0.6289451872867241
vn 0.24864649933860491 -0.7595418604910668 -0.6010583004405031
vn 0.32219571450830375 -0.7593651240370212 -0.5652915442041594
vn 0.3908437051180941 -0.75937620383295 -0.5201816790524423
vn 0.45290732728780864 -0.7596432028965634 -0.4667088569783782
vn 0.5098924941564024 -0.7602897947013559 -0.40245381409042846
vn 0.8999814548566675 0.22734460158986047 0.3719513584355134
vn 0.7752212020786706 0.43271648589531814 0.46020487902901247
vn 0.6509311827451274 0.5703257764655931 0.5010160716273956
vn -0.9405972751353405 -0.2456273026469698 -0.23440135281680105
vn -0.8099514252774406 -0.48329871413227704 -0.33226652195057205
vn -0.7038137015614537 -0.6490903791990646 -0.2886658156512116
vn -0.6269777913693942 -0.7353806286089546 -0.2571267784503492
vn -0.994851021360122 0.002116333932227846 -0.10132604023354085
vn -0.24420987136371658 -0.7611417747638983 -0.6008533410390424
vn -0.3235995461123224 -0.7611477906893611 -0.5620830672459395
vn -0.39607662525496706 -0.76077730463275 -0.5141412254258204
vn -0.4589660842268074 -0.7604524764275895 -0.45941502437845644
vn 0.5089544095618453 0.4543267709020011 0.7311310376596756
vn -0.0354800970704889 0.24115859688836974 0.9698369418921416
vn 0.00704174741403582 0.24532900427965607 0.969414304336649
vn 0.048757489794287144 0.2411879009961388 0.9692528584440889
vn -0.03459915526463659 0.13194650168465627 0.9906528247313255
vn -0.03822629623303596 0.12437270027500401 0.9914989569851338
vn -0.05846625982583393 0.022338280265183804 0.9980394269249949
vn -0.8746520342962716 0.45423919078318464 0.16926481163558946
vn -0.8383245540303365 0.5122296729732875 0.18663521702914657
vn -0.8428344647492865 0.5116151930771493 0.1669729296724931
vn -0.8424264618083503 0.529940189489785 0.0973706937871693
vn -0.6537899086199803 0.022190108378523827 0.7563506822082116
vn -0.6681441999104972 0.11230719614903974 0.7355069148683122
vn -0.6332108307255861 0.2082607875741298 0.745433758432509
vn -0.6326927844975273 0.22588139065802587 0.7407276407689681
vn -0.6508845556391253 0.2412017945772122 0.719840947378788
vn -0.9997173882097276 0.002228302854291569 0.02366808774512089
vn -0.7896524673174977 0.6135166880622106 0.006801053489296943
vn 0.5612747255443851 -0.7605389645978768 -0.3264217606004002
vn 0.6017660254506675 -0.7600084637486002 -0.24548887071270506
vn 0.6300202141592596 -0.7591620130645466 -0.16354683632068853
vn 0.6467709560942916 -0.7583503961456572 -0.08119117574343088
vn 0.9680740744027854 0.0022136139343140256 0.2506545159827367
vn 0.5616190948172789 0.6142153017747732 0.5543677077557319
vn -0.5138412938443484 -0.7606479880884454 -0.39671370402012396
vn -0.5610734084401453 -0.7610877052499924 -0.3254875347208533
vn 0.30253420118873614 0.6280097137710049 0.7169915316936134
vn 0.41273518836732814 0.608355685722612 0.6779034030983739
vn 0.4839641471192831 0.6131196030009753 0.624390147839499
vn -0.0628261419023849 0.22588479243543594 0.9721259879460384
vn 0.10496605928023611 0.28356500288596304 0.9531909648845092
vn 0.11455671193071632 0.3180301034422905 0.9411342162816679
vn 0.11207710786984042 0.34994519771165883 0.9300414402004248
vn -0.3762054607559358 -7.700425769217249e-8 0.9265362655057857
vn -0.6396612292454324 0.1891131954188046 0.7450300068579192
vn -0.7389239736688391 0.3171745954664934 0.5944675240314808
vn -0.7287407956143954 0.34993639199317267 0.5886266850611672
vn -0.6950922344572162 0.37614049956288403 0.6126704743872177
vn -0.6487138419518892 0.38192280364088715 0.6582593131275116
vn -0.7341563134166968 0.1901835018612546 0.6518011530292002
vn -0.9907483276307191 0.0023195899154318735 0.13569219137281782
vn -0.9678231976573347 0.21453620713341856 0.13150085134758005
vn -0.900706461890248 0.4183782786849225 0.11699352731579779
vn -0.8123719761448298 0.5730148885523574 0.10819292893657054
vn 0.6522578949546499 -0.757995076697159 -0.0017612984405866628
vn 0.6819649875483711 -0.7313825038027133 -0.0018408936482953342
vn 0.7582384130414714 -0.6454469046974303 0.09204782563894343
vn 0.8487007894118328 -0.4810396827362838 0.21979034028980246
vn 0.9385526161150101 -0.24496419305905306 0.24312863036384183
vn 0.08158001036092986 -0.742599896199176 -0.66474814484471
vn -0.003923721997718668 -0.7423105537189968 -0.6700445106431966
vn 0.1724079363551457 -0.7427320960453295 -0.6470120068328494
vn 0.25606604484834594 -0.7424885825065164 -0.618983752228755
vn -0.0827611736094481 -0.7426875911525047 -0.6645041234566393
vn -0.16579149909840776 -0.7435413293280667 -0.6478112922817526
vn 0.3318036035566262 -0.7423040295655813 -0.582143535871986
vn 0.40249947970009164 -0.742310591117284 -0.5356950206565894
vn 0.4664187454327539 -0.742594190156839 -0.4806323154493924
vn 0.5251941301765922 -0.7431918744754854 -0.4145322223201318
vn 0.5781532241625316 -0.7434266828532848 -0.3362374408245324
vn 0.9245617715462832 0.002089534926492058 0.38102646159944
vn 0.8415966820213819 0.22096120040685524 0.4928399057760672
vn 0.7171290776326236 0.41648650081995037 0.5588066576630384
vn 0.5863753736730746 0.5678225631858776 0.577703607299437
vn -0.9643399830851498 -0.24537159944258785 -0.09920269759597992
vn -0.8492104471758658 -0.48347557167417027 -0.21235109606898697
vn -0.7378181720263909 -0.6492404896688545 -0.18469199116957166
vn -0.6572345623912935 -0.7355121188327365 -0.16451338258179296
vn -0.5995018497523523 -0.7616759083296862 -0.24586041327073255
vn -0.2515509574339144 -0.7440872073483604 -0.6189154576148499
vn -0.3333262541580214 -0.7440949311240841 -0.5789787057953224
vn -0.40795554678561624 -0.7437333949975078 -0.5295591647892892
vn -0.47268921621145954 -0.7434326712455147 -0.47315195043680663
vn -0.09908095186116186 0.3499448067337807 0.9315157525336558
vn -0.05828078699755509 0.37615008435976605 0.9247239933640126
vn 0.006748719734542794 0.3818898841272411 0.9241831913550619
vn 0.07088208104862458 0.37614658154871583 0.9238449435784293
vn -0.06818662418452065 0.2092491978650279 0.9754821154050757
vn -0.03289300916533395 0.11236329541242564 0.9931226207231961
vn -0.37620516849611624 -8.13170893749307e-8 0.9265363841732296
vn -0.7206086399838809 0.6234754046759124 0.3033176680392826
vn -0.7682941698321535 0.6075310504042347 0.20156907351240455
vn -0.7818702884067775 0.6137906665767368 0.10926971094492792
vn -0.5997748056388746 0.28358139567685053 0.7482324335036673
vn -0.5844722919910034 0.31803379075952337 0.74648954971246
vn -0.5783846949413597 0.3499518046691612 0.7368886476709947
vn -0.6031418318221271 0.3761352011163709 0.7033791589089033
vn -0.9692343225605419 -0.24513879983065073 0.022176491791892246
vn 0.6197903767439744 -0.7429210069879093 -0.25284039683490594
vn 0.6488241892386681 -0.742064492005336 -0.16842642655963408
vn 0.6660020679051974 -0.7412499856958724 -0.08360445114866487
vn 0.6715810792185796 -0.7409288529908716 -0.0018135162639260562
vn 0.8965588219140884 -0.24491530102988412 0.36905118096202205
vn -0.5292438244854081 -0.7436008343208782 -0.408605890120728
vn -0.5779129066436257 -0.7440554727258605 -0.33525829719995326
vn 0.4188173516840416 0.5805562907533894 0.698245242873184
vn 0.5108312154232236 0.5687568119893847 0.6446449861473397
vn -0.10214760144804154 0.31717729429111674 0.9428491032527836
vn 0.17006128869732978 0.45598837655192537 0.8735867206729638
vn 0.18740489043061773 0.5141373107457292 0.8369840098483589
vn 0.16747934909169424 0.5129553894839363 0.841918901098678
vn -0.7372008053945952 0.28110848591411347 0.6144208587545147
vn -0.7182845023026934 0.5120747030774156 0.4710062337378867
vn -0.7078945444811572 0.5099057066093632 0.4887550350237028
vn -0.6576892799674007 0.5281148909810252 0.5371587036808229
vn -0.5936387183353921 0.5331541878497699 0.6027766452603863
vn -0.9604952026696568 -0.24521679618649936 0.13159668885121578
vn -0.9674276929568228 0.0021984180435205033 0.25313795815393875
vn -0.9438637397348939 0.22143670256923684 0.24512655418971646
vn -0.8735596766987364 0.43325590900699795 0.22177197423596795
vn -0.7890495663581919 0.5776874665050324 0.20899275794377722
vn 0.6660948894120305 -0.7414678353271906 0.08088910603032406
vn 0.6468339498326011 -0.7585746804470249 0.07855122868962654
vn 0.6762772782262505 -0.732054407550609 0.08213030707735847
vn 0.7385770762081809 -0.646459168722689 0.19129674768313404
vn 0.8107581165484253 -0.48139150489748384 0.3330668033043609
vn 0.0923038679278892 -0.6526035811524108 -0.752056222521029
vn -0.004438068106445346 -0.6524951797405134 -0.7577798783069379
vn -0.09363117389220499 -0.6528972614679912 -0.751637126040994
vn 0.19505909713037076 -0.6527576028866938 -0.7320242212524817
vn 0.2896363163580698 -0.652610975197474 -0.7001497834737437
vn -0.18764947087173373 -0.6536860978731395 -0.7331317490935355
vn -0.28475953618021915 -0.6542690786276755 -0.700602582999891
vn 0.37528017806609915 -0.6524080924540758 -0.6584287879878209
vn 0.4552508653648868 -0.6524065994854004 -0.6058979109820551
vn 0.527603190486874 -0.6527357875270691 -0.5436642944588951
vn 0.5943203838505373 -0.6532620351306351 -0.46907568131030963
vn 0.6543361549017568 -0.6534742918516185 -0.3805463786155502
vn 0.8378901224299902 -0.24502158066653495 0.4877546183706813
vn 0.8638205781299759 0.0021681639386486357 0.5037949065486165
vn 0.7731451999575518 0.21376199478244223 0.5971200125345223
vn 0.6504345192020122 0.41057860275726166 0.6390306308686166
vn -0.8710852239674796 -0.48268138243092473 -0.0907150243349862
vn -0.7573334129143406 -0.6482111048732875 -0.07917363956815786
vn -0.674785571182738 -0.734633009597605 -0.07056042894676379
vn -0.6284555489916798 -0.7617726013175757 -0.15730901698065672
vn -0.6175756273543098 -0.7446161951145099 -0.25327271165903514
vn -0.3773159257526534 -0.6542811931695943 -0.6553997348473601
vn -0.4617023447696316 -0.6539231775799563 -0.5993458289318091
vn -0.5348671951140468 -0.653658612497579 -0.5353947159793158
vn -0.5989542587427175 -0.6537785034515381 -0.4624148184894478
vn 0.3120376841622169 0.5953239939265065 0.740420033439178
vn -0.17517792192452392 0.5128334651863994 0.8404252094357448
vn -0.15550519717205188 0.5114402922543374 0.8451313277303588
vn -0.08579833021453329 0.5282178971990676 0.8447629842807941
vn 0.005886604770005102 0.5306722104960647 0.8475566959746716
vn 0.09743981490400105 0.527476594540911 0.8439632247219053
vn -0.058229879167910885 0.1901754979257929 0.9800217146373683
vn -0.7468810180876544 0.5883287962920484 0.3098999391318083
vn -0.49813474599532925 0.45509129447469726 0.7380743109779077
vn -0.460021771532135 0.5132397939905988 0.7245446042728658
vn -0.4769444603531488 0.5129803974625795 0.713705186724587
vn -0.7311582133123024 0.4539069811696057 0.5092898188177898
vn -0.526455862569956 0.5302348859573865 0.6646015275933999
vn -0.8761616701777614 -0.48163371576689673 0.019227364559076976
vn 0.7012409846373604 -0.6530035543632643 -0.28608991498088276
vn 0.7338132588591932 -0.6520913795095777 -0.1905122932824714
vn 0.7529575803148039 -0.651243007140764 -0.09453797066116254
vn 0.7590969713812808 -0.6509743476039599 -0.0020461674823064623
vn 0.7579351932671922 -0.4814806784517447 0.44012566283355004
vn -0.654155944334414 -0.6542793935173511 -0.37947131078715074
vn -0.6992788655854538 -0.654808208188859 -0.2867669413199801
vn 0.5686912993888776 0.41700461676755035 0.7090115341755296
vn 0.46540043093005723 0.43504950360313877 0.7708011211102249
vn 0.20460839846799067 0.6106562685968987 0.7650060946813929
vn -0.15704295475461028 0.4542402039849415 0.8769283593576274
vn -0.7007466742824701 0.5737906724132795 0.4239320260767926
vn -0.6804652697200538 0.6018928787157617 0.41796169591969495
vn -0.6249428482367316 0.6107485024320606 0.48624346084524045
vn -0.5534380322606047 0.6152341604617675 0.5614207622170859
vn -0.937677241626982 -0.24540688886047893 0.2460423732502903
vn -0.8683639756028189 -0.4814306913105909 0.11903148885683001
vn -0.9231953251275535 0.002046051972688545 0.38432565011192743
vn -0.8995967934778821 0.22643459857632295 0.37343403933210506
vn -0.8290457435702995 0.44063867452034433 0.34426837436064855
vn 0.7531506348360522 -0.6514562019884776 0.09148190059678188
vn 0.6486348845560597 -0.7423228922341569 0.1680163986105632
vn 0.6297993415575651 -0.7594330546741686 0.1631386675252639
vn 0.6585035048813942 -0.7329914940899747 0.17057726592564046
vn 0.7052763113203542 -0.6470985664324312 0.28956652087464685
vn -0.005059402637376139 -0.5040466713118759 -0.8636615978404797
vn 0.10521582445320879 -0.5042203882484697 -0.857141429613103
vn -0.10676043803310355 -0.5044556723520629 -0.8568119300656404
vn -0.21400988002042362 -0.5052955926487999 -0.8359881191161401
vn 0.22232851924945746 -0.5043701843819455 -0.8343744642754032
vn 0.33010850600059494 -0.5041857043657247 -0.7980132516313831
vn -0.32480891838789505 -0.5058895954448077 -0.7991088059559691
vn -0.4303634704633499 -0.505901130433317 -0.7475635956338655
vn 0.42768894022751297 -0.5039817801023471 -0.7503895893014085
vn 0.5188340950407531 -0.5039856066868675 -0.6905140766673137
vn 0.6013924257020667 -0.5043119780905805 -0.6196745751300031
vn 0.6775853566366226 -0.5048798807726101 -0.5347657341889586
vn 0.7460564242890623 -0.5051086773929472 -0.4338951898781161
vn 0.69473842899083 -0.4810120935868913 0.5347577779766358
vn 0.7679437422717862 -0.24488109594958737 0.5918578018005115
vn 0.7917736610757333 0.002258483032803496 0.6108104197548696
vn 0.6967963099238614 0.21203748827695554 0.6852116505443336
vn -0.7623638984732192 -0.6469377203926125 0.016518844933135525
vn -0.6794717293507523 -0.7335543149031375 0.014704968551018355
vn -0.6452408394891593 -0.7609945032468992 -0.06746573265984643
vn -0.6474383586524712 -0.7446878742493347 -0.16206030263886706
vn -0.7331526353057424 -0.6548324059050973 -0.1835258388368982
vn -0.5265293463707568 -0.5055264086265442 -0.6835275397462285
vn -0.6099139802849789 -0.5052410871837407 -0.6105214005047866
vn -0.6830340230622433 -0.5053802768726394 -0.5273094907997973
vn -0.7461576621762149 -0.5058858761839435 -0.4328143059711975
vn 0.3525890476211596 0.44579858506805364 0.8227664219260076
vn 0.2184213302562145 0.5804113147236889 0.7844837973022927
vn -0.29411039135431505 0.6259913754611001 0.7222422554418508
vn -0.08680383643919513 0.2811025985543986 0.9557439108178519
vn -0.18669332637327185 0.6050716643694539 0.7739727920701488
vn -0.09909885997329165 0.6104774698225061 0.7858095664924839
vn 0.0052689633128646515 0.6098180736924058 0.7925239144806238
vn 0.11092943756041569 0.6085904912311064 0.785692225916491
vn -0.7713534551604079 0.4300349834062115 0.46913085622128897
vn -0.3980118841107582 0.6104828657654077 0.684760695946737
vn -0.47508510349124405 0.6141788081096284 0.6301416793942058
vn -0.755642534054627 -0.6467342736765808 0.10362982186382147
vn 0.7993695819481725 -0.5046078886022972 -0.3261581674837155
vn 0.8361603605918925 -0.5036806677725678 -0.21712124789392812
vn 0.8576583903327308 -0.5028127130751895 -0.10771007873841924
vn 0.864563042769451 -0.5025189923501614 -0.0023253826796978427
vn 0.6594017254970405 -0.6471431924647714 0.38261606455823277
vn -0.7977998497522207 -0.5064467777266135 -0.3271499061067634
vn -0.8364350186722582 -0.5064876779785298 -0.20939601618621104
vn 0.6061009168489377 0.2166199035930273 0.7653218250920487
vn 0.4986320099430549 0.22508718424181806 0.8370793738650113
vn -0.7075973361124641 0.4152089862264375 0.5717582598295878
vn -0.6448235415156706 0.5662089048408909 0.513429719032768
vn -0.5765462987658869 0.568972354043545 0.5863998854992248
vn -0.49736759408118203 0.5737833121683876 0.6506905462929143
vn -0.894856501460636 -0.24551109170408733 0.3727682197343248
vn -0.8472731748423644 -0.48207260662327506 0.22301158968982107
vn -0.7368054530171902 -0.6476334934130087 0.19413547489780283
vn -0.8582029100976695 0.002105300017539449 0.5133062758351273
vn -0.8358567334031269 0.22325598379570533 0.5014980427918591
vn 0.8579562269574271 -0.503034963525225 0.104244607036292
vn 0.7337109418966465 -0.6523336718265416 0.19007639080758532
vn 0.6192427754932336 -0.7428983195892499 0.25424490506381003
vn 0.6012291919371394 -0.759992498580658 0.24684987515440052
vn 0.6286722196617425 -0.7335843852490632 0.2581185579231602
vn -0.005581663931800646 -0.3046398032769409 -0.9524512771198006
vn 0.11606827397602472 -0.3046964907565797 -0.9453508366193218
vn 0.24522127376061328 -0.304804888705717 -0.9203045727998519
vn -0.11780639752260648 -0.30493119925539713 -0.9450601125978236
vn -0.23619963434645724 -0.30548488879198715 -0.9224362934394696
vn 0.36405510202704805 -0.30471209449458814 -0.8801218223387016
vn 0.4716433032635429 -0.3045610787757215 -0.8275235004406961
vn -0.3585134013397113 -0.3059065076853443 -0.8819803567061953
vn -0.47498658462111687 -0.3059118883089786 -0.8251094842632712
vn 0.5721712699824274 -0.30456177938491674 -0.7614868090417519
vn 0.6633266517716194 -0.30479879065384163 -0.6834438164658514
vn 0.7475607499774205 -0.30516048045786187 -0.5899406802890638
vn 0.8231549934327083 -0.30531449236740493 -0.4787472376288262
vn 0.8817645949395313 -0.3049775927451813 -0.3598331099752754
vn 0.6046802125332028 -0.6464722894804674 0.4652262025130178
vn 0.6246946281862427 -0.480765868797353 0.6153217052199429
vn 0.6908396274211789 -0.24476960344536708 0.6803149641260027
vn 0.7125859062972322 0.0022533239754383015 0.7015812488070171
vn -0.6735346856410914 -0.7333619769719375 0.09236470088820516
vn -0.6496936422078505 -0.7600660619974667 0.014062456199420802
vn -0.6646233192516703 -0.743940175097458 -0.06948999483994722
vn -0.752289733871831 -0.6541171839545977 -0.07868205619044667
vn -0.8580057598536233 -0.5057330774259087 -0.08977845206577405
vn -0.5810188170219014 -0.30565718143533366 -0.7543148027869251
vn -0.6729669492972932 -0.30547540846247245 -0.6736469846872172
vn -0.7537185329056629 -0.3055527053999101 -0.5818469879421313
vn -0.8235596829176145 -0.3059170926192061 -0.4776653442694478
vn 0.38655417974550577 0.2279973009205249 0.89364036216715
vn 0.2412088156525819 0.43444628172496724 0.86779878747716
vn 0.11324828193685253 0.5676314659291605 0.8154565258341265
vn -0.19730157730648412 0.5771792868791159 0.7924242288005138
vn -0.09551661560958907 0.5659020833481623 0.8189208803081649
vn 0.006532646935348981 0.5631061845661379 0.8263587292619257
vn -0.7626292771685175 0.21596739282899358 0.6097168776080186
vn -0.30674520871871486 0.5923999310875041 0.7449628840255279
vn -0.406156841943838 0.5808743796594654 0.7054229758077345
vn -0.656632345865802 -0.7340947848563353 0.1730283479939186
vn 0.9219757998937809 -0.30432537591368214 -0.23947168931884016
vn 0.945332165099337 -0.3037130825677099 -0.11876641404799122
vn 0.9528168939090685 -0.3035348980927172 -0.0025558406285471867
vn 0.945752683090122 -0.3038640883948189 0.11497164090253298
vn 0.587781245519594 -0.7336180199146302 0.34105396680286815
vn -0.8807741638555978 -0.3062904832789666 -0.36114126340977665
vn -0.923430599282051 -0.3063022938584189 -0.23120301271104365
vn 0.6192371623077849 0.0022343828332073382 0.7852008305843524
vn 0.5107086877780563 0.002192762877075389 0.8597510267623881
vn -0.6836575120023851 0.2125071031678637 0.6981784423669294
vn -0.637610856348342 0.4114944663878389 0.6512485700551839
vn -0.5545800870652555 0.4190521918037804 0.7189131989156559
vn -0.4555100733435664 0.435464302702661 0.776454386396409
vn -0.8321978949856389 -0.2453889841605871 0.4972231994126043
vn -0.8083275554572271 -0.4827809083190603 0.33694088153734947
vn -0.7025952269646919 -0.6485089728869238 0.2929096432888138
vn -0.6260234727156297 -0.7348288200122648 0.26100041549477604
vn -0.7822320452917463 0.0022106549458074548 0.6229832584615753
vn 0.9220508878074143 -0.3044971079055374 0.2389637453061082
vn 0.8361294605214785 -0.5039378117941522 0.21664304071948087
vn 0.7006300007256311 -0.6529655103428134 0.28766933167432296
vn 0.5789574006947844 -0.7429371241219467 0.3359356452985452
vn 0.5621172585908741 -0.7600273121859084 0.3261635668276645
vn 0.12187950976322243 -0.008783607570609446 -0.9925060369276966
vn -0.005861015087144861 -0.008786699512018388 -0.9999442196511933
vn 0.25745902253059283 -0.008789867775009981 -0.9662492380033681
vn 0.38220255472733256 -0.008789716674584 -0.9240367676887542
vn -0.12373756217655998 -0.00879552644648138 -0.9922759971001672
vn -0.24809827762553238 -0.008811469047861504 -0.9686947933443552
vn 0.4951429685654083 -0.008783732854944633 -0.8687671072947963
vn 0.6006922828099012 -0.008782559773159797 -0.7994320784259666
vn -0.37656697026536673 -0.008823448976915468 -0.9263473774202172
vn -0.4988714532943306 -0.008823700901414808 -0.8666310722507039
vn 0.6964619029902643 -0.008788381460161046 -0.7175399515249934
vn 0.784996155702916 -0.00879751171495367 -0.619438164241814
vn 0.8643916139386628 -0.008803097089364387 -0.5027421239901713
vn 0.9258195553524771 -0.008793799429474385 -0.37786349389499874
vn 0.9678324191939469 -0.00877544500046192 -0.25144263743891215
vn 0.5390690808961559 -0.7330694727053586 0.41474531246207125
vn 0.5437671464416658 -0.6460877730835539 0.535619155671847
vn 0.5420892133902944 -0.4812238936473819 0.6888852218684511
vn 0.5999877075357196 -0.2450192924050084 0.7615643749253117
vn -0.6440133336180801 -0.7598993805546469 0.08831623607690295
vn -0.6690470087301218 -0.7430789873056605 0.014481668897975676
vn -0.7568733333686088 -0.6533565579561526 0.016369649085408344
vn -0.8629709825718642 -0.5049093931045361 0.018643711909380575
vn -0.946920484973692 -0.3057947928363284 -0.0991521044223203
vn -0.6101767256126432 -0.008817874443551098 -0.79221626378845
vn -0.7067183433907075 -0.00881150562381797 -0.7074401320845005
vn -0.7915583144438336 -0.008814107290426813 -0.6110300699208755
vn -0.8650154888455281 -0.00882558809227292 -0.5016675323878927
vn 0.39872442860159674 0.002153683983166122 0.9170682590089086
vn 0.2712248273214195 0.22114568854209132 0.9367666077971133
vn 0.12520884076252303 0.41428049238642894 0.901495657129286
vn -0.10109555160625809 0.4149599749210937 0.9042056782938889
vn -0.21609270812517173 0.43259878974416144 0.8753069339420408
vn 0.008045032930029415 0.40734557819002154 0.9132386639724533
vn -0.7000492983703644 0.002259742956086309 0.7140909419765333
vn -0.3397846239339119 0.4439025861505759 0.8291543302346799
vn -0.6278909586488288 -0.760512396000491 0.16545041425347645
vn 0.9921570700885551 -0.008755729692471887 -0.124690358371633
vn 0.9999581268546457 -0.008751394100747949 -0.002675376355223931
vn 0.9926472535045786 -0.008761192180068133 0.12072560466363662
vn 0.9679688274745515 -0.008779328958611748 0.25091686356356824
vn 0.5155113889965025 -0.7595646736136379 0.3966226347715224
vn -0.9252178059197188 -0.008835439043851845 -0.37933355589244105
vn -0.970013249524167 -0.00883548996003894 -0.24289139520520692
vn 0.4945814956240819 -0.24498200706327597 0.833890256809309
vn 0.38608258313418786 -0.2447014034424414 0.889416360403682
vn -0.6064573872866605 0.002275731976386574 0.7951127331702147
vn -0.5928401846002629 0.21482678358983576 0.7761378541055527
vn -0.4878658939471729 0.22216570064808466 0.8441737208529247
vn -0.3685425201911491 0.22765279225876003 0.9013049522708428
vn -0.7586118403456219 -0.24521189984296254 0.60363830218338
vn -0.7521096603824656 -0.48258299391636816 0.4488259269940703
vn -0.6539643994446417 -0.6481955973615575 0.3900936193019604
vn -0.5827321936812179 -0.7345760304359505 0.3475935067811784
vn -0.5986510879706477 -0.7611326309279317 0.24958764594483587
vn 0.9250008568249426 -0.008792844644649949 0.3798632658683611
vn 0.8809846801228961 -0.30494740584498714 0.36176383602727746
vn 0.7986642713052418 -0.5045725866723638 0.32793579633706804
vn 0.6550643604152351 -0.6530100670203468 0.3800901683599055
vn 0.5308815736397773 -0.7425183321275101 0.4084498515415747
vn 0.2465355724567734 0.2883632052915138 -0.9252388196284328
vn 0.11669072398671755 0.28825848009690164 -0.950415868758345
vn -0.005610981243052307 0.2882050019055022 -0.9575522929668852
vn 0.36600493147169 0.28827539825772913 -0.8848376601940895
vn 0.474168155522985 0.28813398245440225 -0.8319515421242372
vn -0.11844080455323812 0.2884845789456422 -0.9501307402285946
vn -0.23747394284648035 0.28901419097537706 -0.92740332320075
vn 0.5752338109564594 0.2881328894223863 -0.7655622122111403
vn 0.6668844042245763 0.2883596035231109 -0.6871054725862882
vn -0.36045088861732244 0.2894165994985828 -0.8867430229946326
vn -0.4775506810471488 0.28942250177007156 -0.8295661290702251
vn 0.751577339468295 0.2887103845360258 -0.5931086044383603
vn 0.8275818673021859 0.2888529105539382 -0.48132343489294815
vn 0.8864948962915493 0.2885342870731854 -0.36176617314531223
vn 0.9269019016073566 0.2879067880454427 -0.2407541197861892
vn 0.9503621954644736 0.28732459218944995 -0.11939964889023677
vn 0.46361925455011715 -0.7592802707076566 0.4566734690394234
vn 0.4848038634008793 -0.7327481894930257 0.47754089335498245
vn 0.47172445758752674 -0.6464696821890572 0.5996273727275406
vn 0.44656891741180343 -0.48127111539517925 0.7542906041360516
vn -0.6631711006858529 -0.7429222252077599 0.09094316086141281
vn -0.7501522368157864 -0.6532134602559122 0.1028775823042608
vn -0.8552548117500741 -0.5047569772958199 0.11730132501183614
vn -0.9520462442939062 -0.3052644859523532 0.020531496343756492
vn -0.9945174123420759 -0.0088192921202116 -0.10419854430326513
vn -0.5841499400648797 0.2891780048871278 -0.7583831017445587
vn -0.6765913112063393 0.28900628857448096 -0.6772736247370709
vn -0.7577796625430769 0.2890785845573502 -0.5849816706414136
vn -0.8280086879325443 0.2894260913935905 -0.4802438446548327
vn 0.27190684083953653 -0.2449182897215882 0.9306351064002019
vn 0.2808364364597127 0.0021379598815617646 0.9597532626066736
vn 0.14089934162093884 0.21271378987042935 0.9669023834543716
vn 0.007582465009551037 0.2109415891931167 0.9774692589401783
vn -0.11479590723356017 0.2158755899275724 0.9696492300599461
vn -0.23947694544693904 0.2242338890644635 0.944653352079179
vn -0.6787001009661865 -0.2451641954647911 0.6922865665391681
vn -0.6466934278893135 -0.7434717832472688 0.17040339738366642
vn 0.9578818221447298 0.2871511988239496 -0.002569789614125915
vn 0.9507896790920323 0.28746948281904144 0.11558668859268897
vn 0.9269831405545582 0.28807110524022006 0.2402442412489545
vn 0.8857097966877936 0.28850708746907 0.3637056729436337
vn 0.4774143515263787 -0.742245861541254 0.47026228636956313
vn -0.8855431627518701 0.289785298978725 -0.3630947361216161
vn -0.928430129554926 0.2897965836617503 -0.2324552314588802
vn 0.34855690951577023 -0.48090579416304835 0.804510843910275
vn 0.24536002381892266 -0.48132910458080963 0.8414991098004878
vn -0.5876405537284926 -0.24534529064463503 0.7710280591341473
vn -0.49862073628243236 0.0021904428428757084 0.8668174913494289
vn -0.3773452625378064 0.002103346045414867 0.9260702612521835
vn -0.24704014078146272 0.0021543049098789353 0.969002852324507
vn -0.6859602676705526 -0.4817446043250176 0.5453261843897429
vn -0.5968527598141052 -0.6471247808833519 0.47433774999356704
vn -0.5319959248361595 -0.7336545922994401 0.42276621808709086
vn -0.5572460553741424 -0.760914888391761 0.33239339101990595
vn -0.6166915959829495 -0.7440338034000697 0.25710926634804343
vn 0.8281711644770098 0.28853999369140526 0.4804968203530147
vn 0.8649342277060184 -0.008793935672887939 0.5018081789269425
vn 0.8237497774142624 -0.30498670201202616 0.47793243853685097
vn 0.7467473149970155 -0.5046185841877582 0.43327650759888925
vn 0.6004910260867485 -0.6526679965670277 0.4619902746232501
vn 0.3333047306672579 0.4895842776796714 -0.8057389102952028
vn 0.22448284691005996 0.48976720352333925 -0.8424580332551186
vn 0.10623550479870329 0.48961581534724946 -0.8654422978350508
vn -0.005108945571039455 0.48944570224456185 -0.872018808988361
vn 0.4318280815446126 0.48938159406510895 -0.7576477831946663
vn 0.5238531820292608 0.48938660138433415 -0.6971933720735656
vn -0.10779753913597616 0.4898499673993715 -0.8651165817362781
vn -0.2160932820063515 0.49068208344146585 -0.844117756276496
vn 0.6072202830150459 0.4897074875585216 -0.6256757183431746
vn 0.6841659895985571 0.4902702841083901 -0.5399555048306346
vn -0.32797626668080015 0.4912700783211026 -0.8068985553590381
vn -0.4345585224572706 0.4912815932060643 -0.7548518309818589
vn 0.7533044877666075 0.4904988006616441 -0.4381133132651619
vn 0.8071220869314776 0.49000059353780795 -0.32932257001300763
vn 0.8442380010947615 0.48908427885647204 -0.21922309568785434
vn 0.8659171864344588 0.4882225793531275 -0.1087480539927488
vn 0.8728783777597683 0.48793218953224926 -0.002348628906503688
vn 0.41424661695721904 -0.7423798158909175 0.5265661870052677
vn 0.4022264395114799 -0.7594736966228388 0.5112862168061624
vn 0.4205703750593768 -0.7330188690233993 0.5346063011956294
vn 0.38853117406317783 -0.6465139201059017 0.6565540936513824
vn -0.7318077103318399 -0.6536563924687255 0.19284915266508518
vn -0.8344759951743083 -0.5052517702034508 0.21993285835483298
vn -0.9434648232874748 -0.30516460074709145 0.12941674416396973
vn -0.999729518318253 -0.00880536106908552 0.021525701372940912
vn -0.9520295105986721 0.2893126779549047 -0.09968944439515293
vn -0.5316532919209511 0.4909112760972653 -0.6901817848872646
vn -0.6158447871837173 0.4906273033691407 -0.6164576605796762
vn -0.689679298744299 0.49076587982323944 -0.5324390256967397
vn -0.7534320277247152 0.4912676088051266 -0.4370312530443526
vn 0.1268126243691411 -0.4818841870162128 0.867009912633261
vn 0.1406177842619141 -0.24521038596565842 0.9592176527586649
vn 0.1451915155486782 0.0021395218766722037 0.9894012564469569
vn 0.007002904084388316 0.002189736951348086 0.9999730818309405
vn -0.11961057179867007 0.002227080853821448 0.9928183878357945
vn -0.6136919027334302 -0.4811731929312423 0.625982912645206
vn -0.6981389598662937 -0.6541240926286763 0.29107329688502936
vn 0.8662240525271075 0.4884441114621533 0.10525322228541117
vn 0.8442157653299692 0.4893387918871567 0.21874023023383718
vn 0.8064076503931706 0.48996677069056804 0.33111820397921643
vn 0.7539897249477624 0.490014394172102 0.4374761572672793
vn 0.5399249687152701 -0.6524043048186653 0.5318361131137004
vn -0.8055942881086956 0.4918237080014392 -0.3303441890125499
vn -0.8446071453924924 0.49186460182815367 -0.2114426244170681
vn 0.30325974010630996 -0.6462046819709137 0.7003235245438523
vn 0.2134005206900218 -0.6466432759366216 0.7323337295626782
vn -0.4829644122099029 -0.24533658492139465 0.8405684604110784
vn -0.5310479212415118 -0.48133898026579874 0.6973527740116547
vn -0.36581382928989103 -0.2452751990405621 0.8977863437566196
vn -0.23996802180117444 -0.2452021043512813 0.9393036125420439
vn -0.5341450029033007 -0.646411191992064 0.5448317967417392
vn -0.47620598316361673 -0.7330110041762145 0.485718775996719
vn -0.5087201462897716 -0.7601091816290793 0.40427446711619675
vn -0.5740054662111131 -0.7438320859018105 0.34239093554404176
vn -0.6497391311952282 -0.6539464571419331 0.3875475359038988
vn 0.6910799510227502 0.4896345006534759 0.5316639512551273
vn 0.7589504740832541 0.2883151062758614 0.5838395133784136
vn 0.7925935234537432 -0.008786312958997485 0.609687056844548
vn 0.7549068394396538 -0.3047442972958078 0.5807293492091795
vn 0.6844523581654968 -0.5042369787345561 0.5265643727772871
vn 0.37548215355171527 0.6519404915492762 -0.6587767056011119
vn 0.28978972770339123 0.6521442743530581 -0.7005210625999174
vn 0.19516990398664857 0.652258316454148 -0.7324396201696375
vn 0.09235667186820865 0.6521041862443862 -0.7524828074075679
vn -0.004440937135409271 0.6520535870787968 -0.7581598760519006
vn 0.4554930226301663 0.6519398815224621 -0.6062181927455763
vn 0.5278832185622742 0.6522690291582145 -0.5439525909133393
vn -0.0936801353508913 0.6524474094919356 -0.7520215489518243
vn -0.18775747832503722 0.6531874840572963 -0.7335483896812278
vn 0.5946705635135878 0.6527474064082922 -0.4693482122238027
vn 0.6547235848531067 0.6529532041323941 -0.3807743960015393
vn -0.2849255749013841 0.653762084878583 -0.7010082404239797
vn -0.37753388822354295 0.6537749055578905 -0.655779334918069
vn 0.7016410130056125 0.6525019115428974 -0.28625363631109163
vn 0.7342102457867823 0.6516131984091865 -0.19061887272949393
vn 0.7533507143344714 0.6507808860186506 -0.09458826356647895
vn 0.7594688119848286 0.6505404885890179 -0.0020484942555911234
vn 0.753555711614709 0.6509800971681213 0.0915352532297399
vn 0.468575397075951 -0.6524257930216553 0.5956321699297135
vn 0.341176515298224 -0.742438290942038 0.5765275097963897
vn 0.33127482349229337 -0.7595249166429492 0.5598025476171674
vn 0.3463897991776072 -0.7330656894592351 0.5853450281358453
vn -0.7962326697595867 -0.5057682026165564 0.3319820188346634
vn -0.9207478399927453 -0.3054676910439206 0.2427198073437554
vn -0.9906821844171446 -0.008802856444825225 0.13590923146308456
vn -0.9571654949498993 0.2888047819185873 0.020640087651729932
vn -0.8663639857182076 0.4911159750578733 -0.09065618177165745
vn -0.4619608023217385 0.6534316775063419 -0.5996826326895783
vn -0.5351552159061009 0.6531856044398456 -0.53568410564534
vn -0.5992900424682082 0.6532879742699632 -0.46267295973797834
vn -0.6545262341894919 0.6537855906903816 -0.3796838292097138
vn 0.11021503683552582 -0.6472500842591565 0.7542678397504816
vn 0.00611155781243201 -0.481399370096845 0.8764800598595875
vn 0.006816798088954561 -0.24494689301312697 0.9695125325992593
vn -0.11623080846242013 -0.24498498209006012 0.9625345488420168
vn -0.4621292891668302 -0.6465391057780832 0.6069791633934697
vn -0.7409950499022194 -0.5055742713197414 0.44195134596459823
vn 0.7341204898819808 0.6518416667011713 0.19018293269291991
vn 0.7010318408292096 0.6524594629363218 0.28783850918259035
vn 0.6554341781439658 0.6525149912802201 0.38030280603134986
vn 0.6008090890344743 0.6522011399819538 0.46223599117745584
vn 0.6153394559966276 -0.5039610672808679 0.6061192923500311
vn -0.6996986497930794 0.6542845885015584 -0.28693810609099674
vn -0.7336048131960308 0.6542938816091766 -0.18363957782682314
vn 0.2703690004998295 -0.732855772378527 0.6243580867260358
vn 0.19024323198596 -0.7331882354307552 0.6528725175020555
vn -0.43621435938555214 -0.48155361290480125 0.7601467954047987
vn -0.37946008565915057 -0.6468675833085907 0.6614925343917748
vn -0.3306700048276736 -0.48185379045131554 0.8114642768076522
vn -0.2173891692580952 -0.48187289358809404 0.8488465488616377
vn -0.4120196765376514 -0.7330667084450742 0.5411589296272525
vn -0.4553838375470344 -0.7595275087025494 0.4644819953723022
vn -0.523922375304454 -0.7430691021194864 0.4163576036662229
vn -0.592780192307384 -0.6532386802021568 0.4710529378910244
vn -0.6758433020166601 -0.5048227962826038 0.5370193436670883
vn 0.5402018593160777 0.6519552079237984 0.5321055891949357
vn 0.6212927303913186 0.4893631818735226 0.6119795906642
vn 0.6822135221060124 0.28813819268796687 0.6719829552676327
vn 0.7124036265983459 -0.008781219791132291 0.7017150155073671
vn 0.678582185579004 -0.3045637015804087 0.6684064400456224
vn 0.3553050957607737 0.8063098699043159 -0.47288760040977285
vn 0.29289798686711227 0.8063189902128931 -0.5138681302739576
vn 0.22603301278484936 0.8064730805356445 -0.5463609132274668
vn 0.15223396462109812 0.8065048902251922 -0.571292116223034
vn 0.07202363301777726 0.8063867865596885 -0.5869863258619062
vn -0.003461779338473964 0.8064417918601468 -0.5913033505952823
vn 0.4116706687831476 0.8065630856465806 -0.4242443274056859
vn 0.4636889990095018 0.8068639043136109 -0.36600977051625605
vn -0.07300579326301429 0.8067320057533747 -0.5863903350526637
vn -0.14631547301938183 0.807218490501202 -0.5718304739589133
vn 0.5105029831338324 0.8069963009138028 -0.29689000408046273
vn 0.5471975441458443 0.8066963682930528 -0.22319457220899408
vn -0.2220201443381347 0.8076412730844116 -0.5462807240958307
vn -0.2942105273266608 0.8076518973739261 -0.5110171995916237
vn 0.5728804287301893 0.806041615079037 -0.14867726503635936
vn 0.5880689182372932 0.8054370645392223 -0.07379757766797149
vn 0.5928693193514494 0.8052970781184792 -0.0016081497409577278
vn 0.5881711925088797 0.8055785863715978 0.07139880588791817
vn 0.5727539918897561 0.8061956968444606 0.14832856489504576
vn 0.534009631868385 -0.504019269363516 0.6788212498014918
vn 0.3859301424910212 -0.6525008745511991 0.6521506987091101
vn 0.2662451963612782 -0.7423565434419095 0.6148335204130666
vn 0.25854627408167263 -0.7593864885536544 0.597064473202547
vn -0.8787680934158201 -0.30578939862464755 0.3664143579106869
vn -0.9669179046948158 -0.00881123793401719 0.2549355362962524
vn -0.9485351844916868 0.28870689966423213 0.13011275828138044
vn -0.871351753317956 0.4902977014532694 0.01882248494128892
vn -0.7527226901108733 0.6536131962599983 -0.07872954634086834
vn -0.3600675376117243 0.807412815785494 -0.4673712798873817
vn -0.41713058307303014 0.8072589706039245 -0.41753446689422646
vn -0.4671073883853395 0.8073060072729781 -0.3606489960290888
vn -0.5100065099335834 0.8076777851071141 -0.2958884169240695
vn 0.09824939804110608 -0.7336508803911846 0.6723863781233227
vn 0.005291728620619996 -0.6468297845439129 0.762616041947113
vn -0.10535919158517736 -0.4814121019310712 0.8701389710056814
vn -0.33827372378065546 -0.7333568086485863 0.5897106739820211
vn -0.8177596938262001 -0.3056654059827895 0.4876861108732296
vn 0.5467310863253698 0.8066606140829156 0.22446329974598145
vn 0.51114040483866 0.8067003116945692 0.29659752806329204
vn 0.46856474046074825 0.8065163739335666 0.36052520379857345
vn 0.42135478375951785 0.8063503780352348 0.41504121969438634
vn 0.5889032935260397 -0.30456429934831897 0.7486210646492995
vn -0.5451003999025611 0.8080119282874183 -0.22356716612981417
vn -0.5715598450519036 0.8079946186580526 -0.143052576851561
vn 0.18193691904498244 -0.7596475035474728 0.6243673821096933
vn 0.09396900958406473 -0.7600081964407082 0.6430842608715689
vn -0.28765886168148297 -0.6472741889890604 0.7058955330391798
vn -0.25639550272097994 -0.7337216548699454 0.6292168778405144
vn -0.1892341522337582 -0.647255747322545 0.7384107482873637
vn -0.0917263319378714 -0.6467907770125005 0.7571314092023848
vn -0.3940292141040258 -0.7595418387987124 0.5175298769605815
vn -0.4689469648766227 -0.7424981585757009 0.4783149889400257
vn -0.5304168765230969 -0.6526674257385162 0.5410020041361587
vn -0.6045820705113243 -0.5042305856950264 0.6166295780011616
vn -0.7456159639373086 -0.30517220717392546 0.5923907142169201
vn 0.3657472444021562 0.8062840113477897 0.46490326548341926
vn 0.4688352218982354 0.6519373105651612 0.5959624801954373
vn 0.5391755568724508 0.4894205180004964 0.6853884120930325
vn 0.5920543301639684 0.2881396965574205 0.7526268566839031
vn 0.6182442856233185 -0.008777826461170268 0.7859369905130629
vn 0.2658998169859399 0.8966896066088907 -0.35389975519408984
vn 0.21920016210423865 0.8966925058480885 -0.3845696801482812
vn 0.16914844190886671 0.8967897869265486 -0.4088482391597622
vn 0.11389255064642172 0.896857711597967 -0.42740464673949213
vn 0.05388157809544099 0.8967855551071375 -0.439172453249436
vn -0.002590794972392837 0.8967332190190161 -0.44256391819623564
vn -0.05462039282457501 0.896924243564013 -0.43879780536690527
vn 0.30803995774822795 0.8968457011159338 -0.31745735590837915
vn 0.3468066690509739 0.8970954203907963 -0.27376073680429214
vn -0.10941192322274788 0.8972978258694126 -0.42765130976851323
vn -0.1659879356083965 0.8975750638232121 -0.4084201391156169
vn 0.3817675416879622 0.8971962127879424 -0.2220191430316387
vn 0.4093482369422286 0.8969725364149405 -0.16695595176464129
vn -0.219963154791394 0.8975826976669918 -0.38204909551399663
vn -0.269262881733813 0.8974131638674673 -0.34949551332997797
vn 0.428765715960828 0.8965381231238112 -0.11126254806641953
vn 0.4403334230510331 0.8961328678728739 -0.05524816433238472
vn 0.4440380322262332 0.896007128065164 -0.0012051527170469957
vn 0.4403446438596861 0.8962369295984088 0.05344118868534752
vn 0.4285952433191134 0.8966542685399869 0.11098306228092239
vn 0.4850852361968652 -0.3046177907864289 0.819695257495264
vn 0.439846003508326 -0.5040884954210593 0.743256538472341
vn 0.3011197055978332 -0.6525235756172948 0.6953703374204963
vn 0.18737299643256738 -0.7425722393313325 0.6430224176359107
vn -0.9229375425517521 -0.008820819643397357 0.3848486529654892
vn -0.9257059506906627 0.28899560026981974 0.24402876035537904
vn -0.863556066548057 0.49014577915448043 0.11844000635382973
vn -0.7572592360465156 0.652909089783718 0.01637589387009104
vn -0.5866287549047782 0.8075326926322337 -0.061299708392489695
vn -0.31199976967110554 0.8972869900911522 -0.31230145875153625
vn -0.34932687861168754 0.8973424723362916 -0.2697169242387418
vn -0.38131623427773714 0.8975811296873336 -0.22123753096040416
vn -0.40740690812644687 0.8978289828971155 -0.16710095356035434
vn 0.004515020734923459 -0.759822389399103 0.6501150291722236
vn 0.0047215429596626935 -0.733369757572064 0.6798135815874616
vn -0.32350135263079205 -0.7598047438719466 0.5639535672692684
vn -0.8588520118319714 -0.008818866061246721 0.5121478784233798
vn 0.408996480004423 0.8969549533532662 0.16790977040967986
vn 0.38236712025530684 0.8969756988266544 0.22187830236888584
vn 0.3506310373344376 0.8968111845529161 0.26979172507430976
vn 0.31536234266939084 0.8966880650869514 0.31063983446540294
vn 0.5092723287466632 -0.00878195192592256 0.8605606152348139
vn -0.4271464093636943 0.8978406468852139 -0.1069023749429545
vn -0.43862447726253845 0.8975015929457661 -0.045819849475715935
vn 0.0967930111091723 -0.7428638827354217 0.6624080047279572
vn 0.004649088852360505 -0.7427558913913509 0.669546168517364
vn -0.16867248255955464 -0.7337234806948266 0.6581788871608273
vn -0.2451983718012857 -0.7601244641177262 0.6017379475450573
vn -0.08176851267768286 -0.7333606149215632 0.6749045257044481
vn -0.4057923130848121 -0.7424719920089092 0.5329802432769906
vn -0.45901196688411505 -0.652560386887355 0.6028871832462537
vn -0.5231466974387244 -0.5041465099645009 0.6871345060827386
vn -0.6668074429434465 -0.3047615983181945 0.6800648514853285
vn -0.7829651423353641 -0.008803579205687634 0.6220032820499681
vn 0.27368793501067484 0.8967007715626298 0.347883084539299
vn 0.3012104760366554 0.8063474838239335 0.5089950731162167
vn 0.3861441722013816 0.6520156110570734 0.652509249905916
vn 0.44410308719736713 0.4894916765229058 0.7504467646386137
vn 0.4876820307395759 0.2881923944006115 0.8240821443905734
vn 0.18195243417461304 0.9300475765404586 -0.31922533901486105
vn 0.22071408578203155 0.9300492271871131 -0.293757940056189
vn 0.14040361933141726 0.9301171812223759 -0.33936536781701904
vn 0.09451573325582639 0.930196236643915 -0.35468540638234725
vn 0.044717759522195755 0.9301456534259122 -0.36445765926400575
vn -0.0021510594261489125 0.9300581471643051 -0.3674060639628105
vn -0.045345776832588024 0.9301986661397093 -0.36424470076495963
vn -0.0907923264926366 0.930504015485233 -0.3548507159580092
vn 0.25568688765043573 0.9301575096246826 -0.2634980507943882
vn 0.2877738857833609 0.9303686401053229 -0.22715717943687555
vn -0.13771814257829235 0.9307072653535657 -0.3388476050127436
vn -0.18249653193823503 0.9307104568628229 -0.31697485912405093
vn 0.31674414257724753 0.9304524041569452 -0.18420497208698072
vn 0.33970348843636694 0.9302706216004195 -0.13855724640498582
vn -0.22342625184688647 0.9305789567086039 -0.29000606082766234
vn -0.2589286557037767 0.9304728204313469 -0.25918387622298106
vn 0.3558929844168418 0.9299515715637028 -0.09235939686395113
vn 0.3655800440503381 0.9296487602538428 -0.045873891819267765
vn 0.3687285196116633 0.9295365948540505 -0.0009988253742376925
vn 0.36556357953137597 0.9297281967539508 0.0443705925231351
vn 0.355712658019696 0.9300445567632596 0.09211746500851363
vn 0.3973605276547206 -0.008783893407661562 0.9176205393726564
vn 0.3784860004884382 -0.30465410107085933 0.8740333095111266
vn 0.34319630344134444 -0.5040795857278936 0.7925402630507752
vn 0.21195396759348892 -0.6526548605720327 0.7274043913759929
vn -0.8835105257199792 0.28930290721032464 0.36839242503295366
vn -0.8425901877180069 0.49063749389015515 0.2220734679121347
vn -0.7505254252444326 0.6527764951731758 0.10292926411418864
vn -0.590289586190884 0.8070901249942987 0.012795881027985111
vn -0.4416397046841006 0.8971413367364317 0.009580874976157125
vn -0.2898724261312199 0.9305291995023506 -0.22380658042674934
vn -0.31638891929172025 0.9306998688446847 -0.18356417374287426
vn -0.3379503329324486 0.9309009178275995 -0.1386111599351945
vn -0.354289993272631 0.9309221336092361 -0.0886712006420709
vn -0.08052480447632678 -0.7427970015745161 0.6646565807362159
vn -0.07819199336187331 -0.7598384834884768 0.6453925093956612
vn -0.33317381574660365 -0.7427319174261833 0.5808136597371599
vn -0.8221698200370837 0.2891864935958567 0.4903141431183917
vn 0.33940875805739823 0.9302608678439992 0.13934278851832932
vn 0.31730825334027385 0.9302761752225349 0.18412417053574479
vn 0.2910468827662187 0.9301302754287736 0.22394057864277492
vn 0.2617996232328238 0.9300317283588111 0.25787970358497425
vn 0.3805136841113519 0.28822447493409364 0.8787126881142506
vn -0.3639226128406355 0.9306527591311867 -0.03802333211008661
vn -0.3665896423548057 0.9303487797281229 0.00794872169398293
vn 0.10952423263477547 -0.6528165047348755 0.7495565713216742
vn 0.005261569841903104 -0.6528636930758247 0.7574571368375865
vn -0.16130471073113972 -0.7601308898254935 0.6294297582963858
vn -0.25254765437328536 -0.7430334370681877 0.6197749540512163
vn -0.37691261743135224 -0.6528249847108497 0.6570817438936545
vn -0.42961876888518963 -0.5044186117762302 0.7489923748045202
vn -0.5769523706912826 -0.30467279414918197 0.7578261347162942
vn -0.7000990978540989 -0.008789757887531198 0.713991591925392
vn -0.7496246754048416 0.2887122819172392 0.5955737270013903
vn 0.2271572078006986 0.9300691643329043 0.2887402855530955
vn 0.2253888643504396 0.8967369024825892 0.3808710904659878
vn 0.23497446783541387 0.8064472997129069 0.542613815020614
vn 0.30127608664390987 0.6520745986517834 0.6957236789197612
vn 0.34651963768865196 0.48947870686937206 0.8002091827876088
vn 0.15584401615891671 0.9491874962963534 -0.2734149584461679
vn 0.18903960051364577 0.9491890066187686 -0.25160337666994137
vn 0.21898161985006076 0.9492715879834459 -0.225677873118368
vn 0.1202560362051805 0.9492384030739717 -0.290662931736736
vn 0.08095754179177302 0.9492875970919469 -0.30380739693830855
vn 0.03830026623428755 0.949249075659382 -0.3121846920753666
vn -0.0018420620432774537 0.949203754484548 -0.31465670067530227
vn -0.038827223123626985 0.9493073034698952 -0.3119424471328399
vn -0.07775150277901326 0.9495211246995806 -0.30391501701108586
vn 0.2464789746327833 0.9494163763027591 -0.19456787882923937
vn 0.2713003510165862 0.9494752116167343 -0.15777497286843367
vn -0.11794043621524855 0.9496709304132588 -0.29019851383729095
vn -0.15629699651572673 0.9496719860113536 -0.2714670658945835
vn 0.2909609387591279 0.9493468943470936 -0.11866847226595348
vn 0.3048445161070416 0.9491115369084686 -0.07910190583486772
vn -0.1913514699229468 0.9495788247686455 -0.2483639879477814
vn -0.22174578496872485 0.9495063322452196 -0.22196065388900446
vn 0.3131534597346932 0.9488895163633158 -0.039288629296329744
vn 0.3158340130380969 0.9488140713693805 -0.0008568428743512359
vn 0.31314022019869037 0.9489463952695484 0.03799922892435913
vn 0.30469292715154844 0.9491772817755222 0.07889681809206377
vn 0.2907109756212162 0.9493384788559605 0.11934647551064004
vn 0.26784032472660624 0.2883021868031257 0.9193168167366904
vn 0.27968918192286113 -0.008788444485912412 0.9600503761568133
vn 0.26641307900783845 -0.3047381801852684 0.9144171437975855
vn 0.24157005567553494 -0.5042443887011298 0.8290847391336684
vn -0.8039897172598252 0.4911511714912551 0.3352179310288069
vn -0.7322109421507791 0.6531727711443865 0.19295716423660286
vn -0.5850718903805532 0.8070036809972108 0.08022432264268617
vn -0.4377850307727465 0.8970737084128299 0.060025232242437866
vn -0.36341697435298925 0.9302929744176722 0.04983055790616047
vn -0.24824909663865144 0.9495436199889032 -0.191674984691437
vn -0.2709516214528969 0.9496686781779426 -0.1572088436437505
vn -0.28942240782897366 0.9498117845742311 -0.11871075659094103
vn -0.3034306548211708 0.949822719476601 -0.07593839135028974
vn -0.09109927645179554 -0.6529553900863487 0.7518977193655689
vn -0.16613716597475023 -0.7430466215055436 0.648290182210926
vn -0.2857554009048191 -0.6531023901353781 0.7012853334080091
vn -0.748209180158814 0.490961319295839 0.44625105678459104
vn 0.2717764108586252 0.9493504657554811 0.1577062955961327
vn 0.2492662886611871 0.9492521363206986 0.19179858974368796
vn 0.22421715885776325 0.9491824016795215 0.22086066651997616
vn 0.19457101244299815 0.9491982558486539 0.24731516777338938
vn 0.24390996231836642 0.4896433003056162 0.8371125185706384
vn -0.3116736634204227 0.9496313632029828 -0.03255459339843911
vn -0.31392930740810265 0.9494219211853371 0.006812159937399104
vn 0.12483528965284389 -0.5044582754777456 0.8543640902796122
vn 0.006000553199887651 -0.5044558725728215 0.8634166236459018
vn -0.18799012558817046 -0.6531273997896673 0.7335423043869603
vn -0.3257522402217573 -0.5047151922207507 0.7994673556387885
vn -0.47385016837272076 -0.3048608985953897 0.8261512273432483
vn -0.6057199565595194 -0.008786805825127112 0.7956293900233483
vn -0.6703822618875794 0.28832048870145766 0.6837096743073376
vn -0.6824042883219942 0.49021529865428876 0.5422299772652183
vn 0.16023422174376198 0.9492148824982825 0.27076946102901434
vn 0.18707247576048497 0.9300924557512452 0.3161200920021704
vn 0.17585908629880198 0.8967474905865502 0.4061003815473157
vn 0.16542268402713542 0.8064761885378962 0.5676543780599655
vn 0.2120693507925572 0.652174791945646 0.727801230560293
vn 0.1584965883341447 0.9645624524767179 -0.2109457436369266
vn 0.1306706347298614 0.9645603734377455 -0.2292345332032943
vn 0.18359378576288787 0.9646212558938617 -0.18920664498637457
vn 0.20662217242243588 0.9647301394051208 -0.16310437145217682
vn 0.10082517068879146 0.9645972182782384 -0.2436934374279712
vn 0.06787044288719842 0.9646364225534951 -0.25469624116875017
vn 0.032109324976250304 0.964609266239395 -0.26172113925830587
vn -0.0015444720726347527 0.9645684656998176 -0.2638281440322785
vn -0.032554933287034994 0.9646431882551854 -0.26154100189367535
vn -0.06518010258213963 0.9648020236386537 -0.25477168094225144
vn 0.22742002394101807 0.9647737710125539 -0.13225620392587692
vn 0.24392092636994614 0.9646789188142233 -0.09948449765791892
vn -0.09886247747907241 0.9649101180113951 -0.24325845248610703
vn -0.13101578002126116 0.9649123637184329 -0.22754998512135172
vn 0.2555847156097179 0.9645091591739582 -0.06632145215723231
vn 0.26257691240666386 0.9643485026327572 -0.03294435522123205
vn -0.1604083015290099 0.9648435353638327 -0.2081973320366977
vn -0.18589889666690362 0.9647884112935277 -0.1860777301337778
vn 0.2648438573281925 0.9642910427918587 -0.0007183501328500257
vn 0.2625569434882192 0.9643902973274158 0.03186229506584251
vn 0.2554463049039284 0.9645578560347375 0.0661462597022657
vn 0.24371084292458625 0.9646733312426414 0.10005193166657171
vn 0.22783783478452518 0.9646816552410011 0.1322090204266765
vn 0.1260467355783543 0.4898539141659766 0.8626444013765536
vn 0.13843249040030645 0.28839749620006494 0.947450964317997
vn 0.14456499104511122 -0.008788326915676475 0.9894562793141243
vn 0.13769338435055528 -0.3048440974464911 0.9423962055091928
vn -0.6985598081484838 0.6535958670044496 0.2912501280244449
vn -0.5707633346720866 0.8072284880067244 0.15037082145275835
vn -0.4268894293660077 0.8972842113270584 0.11245647690881569
vn -0.35424832202271855 0.9304829295611672 0.09332547422519011
vn -0.3112092129984925 0.9493830283283966 0.04266955901883547
vn -0.20810837330815773 0.9648163924483841 -0.1606867568342773
vn -0.22712834825827574 0.9649071623675596 -0.13178346417229814
vn -0.24259166410614064 0.9650122955061522 -0.09950152776797162
vn -0.2543243626171898 0.9650222209794848 -0.06364928589687895
vn -0.10385691758170806 -0.5045325915022872 0.8571234478080813
vn -0.2143182581311179 -0.504736695070931 0.8362467057516684
vn -0.6501215110922844 0.6534317119229429 0.3877744430316887
vn 0.20898682055104204 0.9646069188942307 0.16080423146592107
vn 0.18799336122660965 0.9645554452237547 0.1851790733963363
vn 0.16312748465509533 0.9645718839075079 0.20734151664638387
vn 0.1343428469210692 0.9645838340339289 0.2270022612256276
vn 0.10959071102440571 0.6522982785738929 0.7499978878814935
vn -0.2612647970630997 0.964881294721321 -0.027290894314491748
vn -0.26320075033471346 0.9647241862252456 0.0057104759242427305
vn 0.006622375167440073 -0.30488968392658644 0.9523646490616332
vn -0.11457397118224144 -0.30496439849107 0.9454467308000545
vn -0.3593399303461282 -0.3050600085354576 0.8819371891757295
vn -0.4974976044997648 -0.008793644495675162 0.8674207775546302
vn -0.5800431870856932 0.2882353865995076 0.7618859908328172
vn -0.610437317342297 0.4896275760184003 0.6226002878238056
vn -0.5931000704087926 0.6527667092417715 0.47130449794878226
vn 0.10483407913958123 0.9645761640438115 0.24207982073994175
vn 0.1250317265686 0.9492122679796389 0.2887267526022227
vn 0.14599088199582297 0.930073561834768 0.3371199073772859
vn 0.1237822958500824 0.8968093509438112 0.42474807980004176
vn 0.08548911689437386 0.8064974616626628 0.5850243201989996
vn 0.15721909114742658 0.9741816132413659 -0.16202574425450672
vn 0.1357311006161643 0.9741383961988229 -0.18064178192408833
vn 0.11189521690465387 0.9741387249280732 -0.1962987647168676
vn 0.17693066468740057 0.9742631977247765 -0.13966660822246504
vn 0.19473643393995732 0.9742958320560348 -0.1132490747626119
vn 0.08633402891222154 0.9741666785780678 -0.2086761074008216
vn 0.05811644815462105 0.9741960529105559 -0.21809293649126932
vn 0.02749507767110092 0.9741759178288808 -0.22411002169942792
vn -0.0013225066405611972 0.9741442444430574 -0.2259230886710135
vn -0.027876922153279544 0.974199715946356 -0.2239593504663274
vn -0.05581014377478966 0.9743184620298091 -0.2181484870442724
vn 0.2088739533388316 0.974224973685273 -0.08519021225784704
vn 0.21887332983023705 0.9740989650246127 -0.05679499825691109
vn -0.08464820628902799 0.9743986965665861 -0.2082831277405546
vn -0.11217793020889676 0.9744002353238772 -0.19483401493276398
vn 0.22487271920833304 0.9739795990378322 -0.02821348638424994
vn 0.22682034322117622 0.9739364216591472 -0.0006151965568813812
vn -0.13734783366406966 0.9743479105978733 -0.17827428783014584
vn -0.15918163452333178 0.9743070207270771 -0.15933309948785784
vn 0.22485216894666685 0.9740107554787814 0.02728644959743297
vn 0.2187505907703319 0.974135338200931 0.056643816130172206
vn 0.2086940250351074 0.9742209287330055 0.08567605227393664
vn 0.19510112270321317 0.9742270617949041 0.11321300272677871
vn 0.1789649132069862 0.9741709801215584 0.13770425312900925
vn 0.005263999698825075 0.65238436427412 0.7578699964755322
vn 0.006056964251073917 0.48984781964715207 0.8717869159209677
vn 0.006656885266813352 0.2884442869602241 0.9574735396858507
vn 0.006956521161397392 -0.008791778356101333 0.9999371537485086
vn -0.5444747835970631 0.8074787893959345 0.2269916621874187
vn -0.40704596609087124 0.8975064258623051 0.16969324389915977
vn -0.33766927733732366 0.9306785341652926 0.1407726009791393
vn -0.30338785996882567 0.9495096988523662 0.0799195733773958
vn -0.26092779579171005 0.9646951703916725 0.03577588023042313
vn -0.17819478903030986 0.9743284938504682 -0.13758852871341307
vn -0.19447457377999552 0.9743963383307609 -0.11283357656608274
vn -0.20770510742131668 0.9744746484123902 -0.0851924172250549
vn -0.2177484501407126 0.9744823638225071 -0.0544952755770312
vn -0.23643767118076034 -0.30507530634612773 0.9225108590712822
vn -0.506724814434255 0.8073750670634376 0.30228374670312563
vn 0.1609904191900662 0.9741325858407842 0.1585805477735333
vn 0.13969375895776373 0.9741458821565172 0.17755408749378582
vn 0.11503997207514605 0.9741557660406313 0.19438710943563248
vn 0.08977078491250004 0.9741501753652861 0.20729843707075044
vn 0.004101296540568462 0.8066352853180392 0.5910352746212121
vn -0.22370289656366285 0.974377236392411 -0.023366969621985572
vn -0.22537605500604566 0.9742595768662936 0.0048898583029024206
vn -0.12031323904728058 -0.008795821616038382 0.9926970122006264
vn -0.248273741441254 -0.00879544887832919 0.9686499829090951
vn -0.37729828676255744 -0.008798373820401214 0.9260499940198451
vn -0.47639039399391736 0.2884188970303898 0.8305821647170698
vn -0.5282102480441891 0.4895443812256188 0.6937868784227055
vn -0.5306906163838404 0.6522145904477233 0.5412795928993148
vn -0.46238979708243005 0.8069353754569157 0.36749282359016955
vn 0.06317295862509086 0.9741762680184106 0.21677125300250064
vn 0.07377441130167237 0.9646103111027463 0.2531487387907645
vn 0.08799608815345852 0.9492551442042256 0.3019459548851474
vn 0.1027344252995272 0.9301437141646886 0.35253128777215514
vn 0.06394901078660498 0.8968876029117551 0.4376107308586257
vn 0.14686835196823705 0.9823375598153568 -0.11594225185903693
vn 0.13048743919122213 0.982287118187068 -0.13448065160855824
vn 0.11265478583076778 0.9822563555029884 -0.14993782479218015
vn 0.09287561931030508 0.9822566749086153 -0.16292926052492246
vn 0.1616597308179291 0.9823584221856387 -0.0940109663433835
vn 0.17338307789374993 0.9823127733583636 -0.07071013786643297
vn 0.0716665526183689 0.9822760136916274 -0.17319855126958855
vn 0.048244110402477766 0.9822912361057041 -0.18104262835421267
vn 0.022821936049287343 0.9822769817605536 -0.18604056100307642
vn -0.0010972344917966742 0.9822643298974871 -0.1874982194249077
vn -0.02313050864760432 0.9823021758324533 -0.18586934907221986
vn -0.046319717452258415 0.9823777585937706 -0.18107573883715775
vn 0.18168195514191765 0.982226974194154 -0.047136380230209815
vn 0.18665698248273802 0.9821460747838228 -0.023414924240073902
vn -0.07026636437302641 0.9824327559301673 -0.17288296073718
vn -0.09311575927325093 0.9824335850312235 -0.1617210758610761
vn 0.18825413213881717 0.9821202172837841 -0.0005104264036884272
vn 0.186644923155804 0.982166469779166 0.022642842173511587
vn -0.1140004821189517 0.9823999110439119 -0.14796724251522908
vn -0.13211481126067007 0.9823741112418676 -0.1322375975557188
vn 0.18158684934824565 0.982250355113852 0.047015487049368525
vn 0.17323620594385264 0.9823094124639046 0.07111564620389497
vn 0.1619481451510544 0.9823140353158523 0.09397837146716151
vn 0.1485355360625429 0.9822800838972355 0.11429361883085588
vn 0.1336119903137964 0.9822553958302814 0.13161372803276702
vn -0.07106377787603631 0.8067363921689037 0.5866228200677897
vn -0.09114939246673874 0.6524875687699373 0.7522976544251887
vn -0.10486552477658104 0.4899262856882335 0.865433681055379
vn -0.11518916760912398 0.2885181011995595 0.9505202580406784
vn -0.3788753931301178 0.8974217001253519 0.22602594679510069
vn -0.3143357448579856 0.9306072821528077 0.18751833486019362
vn -0.28921193064526496 0.9496418894721154 0.1205684076873745
vn -0.2543371664833348 0.9647920211899005 0.06699971338397698
vn -0.22343228497041068 0.9742379194402316 0.030634789988995288
vn -0.14789892796524143 0.9823861338199149 -0.11420766692780468
vn -0.16141257178173202 0.9824329828396735 -0.09365583750919743
vn -0.17241022262056546 0.9824833385939644 -0.07071919485673107
vn -0.1807608061840776 0.982486271217739 -0.045235581308805714
vn -0.34590497819480115 0.8970864756034802 0.2749283567575034
vn 0.11595466527999022 0.98225871412654 0.14738498608162787
vn 0.09548741098986685 0.9822658822839643 0.1613564093655953
vn 0.0745111277283936 0.9822672478176071 0.17204402259150703
vn 0.05244393632907164 0.982280848929365 0.17992767260462897
vn 0.003067478093462388 0.8969085240162438 0.4422054840514185
vn -0.18568458594987794 0.9824180975353967 -0.019388557851335017
vn -0.1870350154600731 0.9823448501882386 0.004061810002593408
vn -0.23770842033432008 0.2886250066303892 0.9274644534696572
vn -0.3612674916477085 0.2886086950003618 0.8866740216385958
vn -0.43378029096558823 0.48981630100813933 0.7562503887182562
vn -0.4592580917651574 0.6520870658641735 0.6032117900711818
vn -0.41385722077393355 0.80654771365796 0.42214095561363507
vn -0.3097093831812705 0.8968154460337376 0.31591478870857703
vn 0.02708713013206047 0.9822980574661093 0.1853559108297249
vn 0.03262640253748828 0.9742111801573697 0.22326686792680822
vn 0.03810308553786661 0.9646560654697972 0.26074284309415774
vn 0.045452746134496194 0.9493105686063723 0.3110361589929365
vn 0.053060420022685406 0.9302373009650089 0.3631021284987901
vn 0.11464723592033617 0.9892746783950223 -0.09050757969502865
vn 0.10185821584782027 0.9892446585144868 -0.10497575655767019
vn 0.08794606694898434 0.9892258228084521 -0.11703743331577962
vn 0.07249677571792965 0.9892256426999754 -0.12718822797462276
vn 0.0559385770774117 0.9892378131491946 -0.1352014224420506
vn 0.1261988327859501 0.9892865992715946 -0.07338854886906859
vn 0.13534506833249388 0.9892599110821074 -0.05519547811092502
vn 0.037661198242701796 0.9892459833225509 -0.1413294683607187
vn 0.017815317333689736 0.9892371448422126 -0.14523252298547815
vn -0.0008563003855114908 0.9892318227484529 -0.1463545954571409
vn -0.018052699489802218 0.9892548835204629 -0.14508230585445778
vn -0.03615445372735686 0.9892994862260263 -0.14134844190367665
vn -0.054843858360219634 0.9893329162724491 -0.13495381424774688
vn 0.1418280943860141 0.9892072855098961 -0.03679317785914802
vn 0.14570955326805649 0.9891585703119974 -0.01827700371365265
vn -0.07268634217959333 0.9893332486225465 -0.12623952958764484
vn -0.08898969228003471 0.9893130655421917 -0.11550105200999677
vn 0.1469532938146711 0.9891433518123801 -0.0003987510360152988
vn 0.14570113542822025 0.9891707731060659 0.017673731006089884
vn -0.10312533139941353 0.9892979908204228 -0.10322137076417856
vn -0.11545157526653695 0.9893047251817793 -0.08914647778504503
vn 0.1417556742280135 0.9892211369588587 0.036699741388518364
vn 0.1352311533380574 0.9892577171627536 0.055513099362186895
vn 0.1264202542269293 0.9892602272934452 0.07336294716353642
vn 0.11594276296173321 0.9892411011739474 0.08921501815813046
vn 0.1042944701133745 0.9892260317822561 0.10273520111481556
vn -0.05316805517480518 0.8969523122411105 0.43891879371274845
vn -0.14666626240687128 0.8067983057800563 0.5723333829701265
vn -0.18809693441156705 0.6526311912998364 0.7339564506205576
vn -0.21639806746754978 0.4901292076806746 0.8443608447663973
vn -0.28708327739550066 0.9303342634785823 0.22816956422279863
vn -0.2692174104783786 0.9495928127099657 0.16060970065625668
vn -0.2424229576430929 0.9648923805057298 0.1010633645272175
vn -0.21777810020921665 0.9743107829757041 0.05736895716792122
vn -0.18541644866595758 0.9823311707140407 0.025420692509969336
vn -0.12599324776263016 0.9893336730482659 -0.0731066678973383
vn -0.13458198208153374 0.9893635178803873 -0.05520434390833983
vn -0.141105154219903 0.9893646930018953 -0.03531061729626047
vn -0.14494427585952643 0.9893241051938907 -0.015131813436102952
vn -0.2570923985773942 0.930125590640842 0.26224012703769595
vn 0.09052561822085417 0.9892267075803945 0.11504622312524904
vn 0.07454055086122935 0.9892309450680825 0.12595969036565988
vn 0.05815777437736614 0.9892329820909963 0.1342973582123867
vn 0.04093460810576688 0.9892403856376448 0.14045574848581682
vn 0.0025464228063584783 0.9302135652901383 0.3670098618308519
vn -0.145987508937807 0.9892813480750997 0.003172000133529521
vn -0.14472271701826137 0.9892733070907876 0.019840843140058805
vn -0.32891136715144736 0.4901093910763267 0.8072236972099852
vn -0.3771187026846813 0.6523422861110534 0.6574427928244613
vn -0.3582252607915463 0.8064174489752736 0.4704950164656803
vn -0.26806343692147067 0.8967647399955099 0.3520724284669763
vn -0.22249510897453953 0.9301076472050961 0.29222541144296155
vn 0.02114614539363648 0.9892491800532545 0.14470279990019114
vn 0.0012988312948395164 0.9823002981903277 0.18730840133977147
vn 0.0015653131862145195 0.974204081320012 0.22566337260189193
vn 0.0018278178059843437 0.9646479445767532 0.26353558034146646
vn 0.002180096518352275 0.9493080133839056 0.3143398525549585
vn 0.06917384964484934 0.9950548515850771 -0.07127987698019535
vn 0.0779007179735084 0.995062061779794 -0.061505864320055205
vn 0.05973113823099834 0.9950457448974216 -0.07947425172447335
vn 0.049234148969512066 0.995045828869099 -0.08637011650713189
vn 0.03798829302117874 0.9950513407785215 -0.09181350014134015
vn 0.025592528985027833 0.9950494482787637 -0.09602925564784172
vn 0.08577047125549123 0.9950656239181326 -0.04987815510851014
vn 0.09195759598862589 0.9950570302107702 -0.037487426800395664
vn 0.012099073259097084 0.9950449473288386 -0.09868720900714442
vn -0.0005793897398597697 0.9950523787893791 -0.09935002653813213
vn -0.012247459451980308 0.9950623206405698 -0.09849354181049744
vn -0.02454866956988917 0.9950758438435031 -0.09602826574237587
vn -0.03725892393043068 0.9950904223519632 -0.09168873393682311
vn -0.04938222680537419 0.9950909367436999 -0.08576376441300126
vn 0.09634554244207796 0.9950343612200071 -0.024983123164126854
vn 0.09896188064978167 0.9950139448205474 -0.0124014430979346
vn -0.06045406345262175 0.9950833703364387 -0.07844993493904531
vn -0.07002536586556597 0.9950796428765303 -0.07009245657066533
vn 0.09976346270652194 0.9950111437776243 -0.0002743485890759229
vn 0.09896789635213817 0.9950183316108733 0.011994800954855772
vn -0.07841986518953675 0.9950795785449346 -0.06055540526237225
vn -0.08557643448554977 0.995092915598639 -0.04966651977077215
vn 0.09631535822974019 0.9950388170609031 0.02492196443130164
vn 0.09188166415702394 0.9950554460826262 0.03771497067534291
vn 0.08589037026025138 0.9950569485343304 0.04984489412270692
vn 0.0787260442531412 0.9950533910186828 0.06058843931372234
vn 0.07080856947796157 0.9950483994871113 0.06974832733924981
vn -0.044130891576396665 0.9302338379722219 0.36430409152264903
vn -0.10970960468385957 0.8970344247151638 0.4281273683333575
vn -0.22297245385430567 0.8067722089659889 0.5471762857273043
vn -0.285916822795977 0.6526034907127085 0.701683870665303
vn -0.24586342710795026 0.94940129643262 0.19541840635619312
vn -0.22567280812074217 0.9648555919713409 0.13463086687878104
vn -0.2075665599922069 0.9743861098180946 0.08653226084277127
vn -0.18075792546309558 0.9823745285089901 0.0476115334663504
vn -0.14109690243395842 0.9892980293515783 0.03716279382158754
vn -0.09145215891844072 0.9951024750996327 -0.037517551622421465
vn -0.09591127903084332 0.9951005760924029 -0.02399729183127934
vn -0.09847353708965599 0.9950867267264143 -0.01026492990540197
vn -0.09909276211601543 0.9950758585056731 0.0021587763701140465
vn -0.2201822071718661 0.9492505931825513 0.22459542957838627
vn 0.061505951473268865 0.9950427877441895 0.0781464554003541
vn 0.05064724551204295 0.9950456183616403 0.08555158620004484
vn 0.03948404426234144 0.9950519190760705 0.09117394689119776
vn 0.02780722099919949 0.995050281711866 0.09540280564762128
vn -0.03779355839037961 0.9493279144634027 0.3120066630134034
vn -0.09822170730304512 0.9950734728444288 0.013464020788859644
vn -0.09583529084826278 0.9950774061473594 0.025229998079114895
vn -0.29412841464983 0.8065991259527749 0.512724414971432
vn -0.22006795921547956 0.8968898830395157 0.3836126054082397
vn -0.1826419770851943 0.9302030138951894 0.31837754497878334
vn -0.19056959838147866 0.9492299138256056 0.25029142788228914
vn 0.014377163246494256 0.9950469701079215 0.09836068552032733
vn 0.0010141087152572411 0.9892524357162 0.14621419224233653
vn -0.02251814139988704 0.9823084777971963 0.18591123622753317
vn -0.027133058474177005 0.9742127784801975 0.2239938824694342
vn -0.03168675534004732 0.9646601702835366 0.26158498696324006
vn 0.025972354088544942 0.9990535445917518 -0.03489200283382395
vn 0.030327224702842742 0.9990592570468517 -0.030997747511976117
vn 0.03401131683256672 0.9990537710620546 -0.02710706280662855
vn 0.02168927014681643 0.999057452896769 -0.03760028419997511
vn 0.016435566194222942 0.9990554521929768 -0.040225310531582
vn 0.011372317847666596 0.9990554980980569 -0.04193783621999514
vn 0.005106657813428681 0.9990512069050145 -0.04325052632755515
vn 0.03762614480524428 0.9990570887868224 -0.021661176604561
vn 0.04019624098820622 0.9990541891097394 -0.016582805332608704
vn -0.00005841374897477886 0.9990604810550667 -0.0433376485501084
vn -0.005538427662813413 0.9990592427877224 -0.04301110576870488
vn -0.010534086063375902 0.9990608408769556 -0.042029385637193335
vn -0.016487160484146213 0.9990606766465847 -0.040074155232994096
vn -0.021426162428411246 0.9990639323277268 -0.037578965997621984
vn -0.02661605261654982 0.9990599696980726 -0.03421640965968303
vn 0.04215988089098023 0.9990533695671721 -0.010719570874705021
vn 0.04326995359402698 0.9990476695300164 -0.0056093780950882645
vn -0.030435218853066773 0.9990642418642858 -0.030730084306843486
vn -0.034431544168831894 0.9990596023212144 -0.026351086807322493
vn 0.04351956896302842 0.9990525721989247 0.00007141417588845177
vn 0.04334887613045841 0.9990472501357147 0.005046477434067787
vn -0.037292874387009144 0.999064953992947 -0.021873710774019908
vn -0.0401301439958983 0.999062107312858 -0.016262757283429054
vn 0.04205465174424557 0.9990540544993832 0.011063564299698198
vn 0.040321807422157574 0.9990531748070928 0.016337250505477262
vn 0.0374557728549631 0.9990569390019062 0.021961277557979303
vn 0.03454617628934615 0.9990557262866178 0.02634800709170261
vn 0.030763871723354517 0.9990588946663079 0.030576284678227393
vn -0.07797668689220531 0.9493804343198959 0.30429661061517044
vn -0.09104275262309117 0.9303169623632858 0.3552767466834264
vn -0.16679340581978075 0.8970227227994426 0.40930452545325263
vn -0.20612477409338864 0.9647133838559616 0.16383120738775528
vn -0.19322804935449048 0.9743585212188688 0.11527529254284283
vn -0.17231052296230634 0.9824200936628781 0.0718320488631538
vn -0.1345112128744975 0.9893242671949367 0.056073415717547016
vn -0.091424898677429 0.9950824591585563 0.038110200429571646
vn -0.04192974206808832 0.9990635111482412 -0.010676957537222942
vn -0.04314373470734782 0.9990596559950827 -0.004292076244524577
vn -0.043216279645400216 0.9990654536191675 0.0007566758469253282
vn -0.0428665402321036 0.9990623493532856 0.006073041513322222
vn -0.18460847360166005 0.9646034077433551 0.18830819749647623
vn 0.0270774541235941 0.9990516852272339 0.03409606608992785
vn 0.02198471204513026 0.999055904614852 0.03746961289488789
vn 0.017438507005438298 0.9990566986745654 0.03976947707601881
vn 0.011967265077576724 0.9990572827535991 0.04172925045526478
vn -0.06537056927612779 0.9647019039300115 0.25510179385164256
vn -0.04191906429000047 0.9990623387927957 0.010827523027904051
vn -0.039996131010317196 0.9990573347825716 0.016874576182816656
vn -0.13840846527174305 0.930311110302267 0.3396532567034859
vn -0.15643579740031402 0.9492990744726776 0.2726886658756576
vn -0.15977430504094992 0.9645915896169841 0.20984574498631395
vn 0.0064913704124592245 0.9990500807412843 0.04309058227735522
vn 0.000685760102738659 0.9950561510475442 0.09931156023106344
vn -0.01757646028369531 0.9892580117942706 0.1451194478515627
vn -0.046462652001734675 0.9823257896008935 0.18132088973404858
vn -0.05597539493780946 0.9742442927589487 0.21843720651064036
vn 0.0076801594892286 0.9999625468603801 -0.003989990817269877
vn 0.005736610020618138 0.9999102005015665 -0.012111244295630364
vn 0.0018330447121403836 0.9999629944103365 -0.008405340980395044
vn 0.00906905936718294 0.9999034364355709 -0.0105294808291074
vn 0.0026617522941712666 0.9999036134354651 -0.013626405007352507
vn -0.002694723087607285 0.9999626886878514 -0.008207295513403663
vn -0.0009356959538155919 0.9999105290202865 -0.013343853545826505
vn 0.004560219038437962 0.9999629324075209 -0.00730330153241798
vn 0.008716561932999441 0.999961819463185 0.0006173847623362358
vn 0.011055433058017879 0.9999105588654936 -0.007526730312422099
vn -0.004415889202610741 0.9999042962048564 -0.01311100124403661
vn -0.006629482603464195 0.9999620793389306 -0.00564710939974682
vn -0.0074859140749698435 0.9999106531888229 -0.01107459841094755
vn 0.0007358269131318957 0.9999619400107204 -0.008693508425859956
vn -0.010316489472981121 0.9999042886833598 -0.009218650529125974
vn -0.008240566249134445 0.9999639286343495 -0.002057789603315176
vn 0.005747555957950172 0.9999627952643962 -0.006432238142783091
vn 0.013188832653329798 0.9999037536894654 -0.004305583695528525
vn -0.011847118006813455 0.9999121003748684 -0.005952925234849569
vn -0.004081471521691817 0.999963420024965 -0.007516661638859767
vn 0.007332965278250448 0.9999632255578443 0.004446926149555197
vn 0.013414759617597272 0.9999095849306712 -0.0009306923094389275
vn -0.013522416239512626 0.9999051856773293 -0.0026007527046358466
vn -0.008163577123353692 0.9999626105535788 0.0028519297717438112
vn 0.00824883045761035 0.9999625285643863 -0.002626454492329684
vn 0.013694932804651255 0.9999028664975212 0.0025896689974041417
vn 0.0037802743911570266 0.999961640020972 0.007901139923801889
vn 0.012112498252079221 0.9999100997895553 0.005751497625422806
vn 0.008472037095359776 0.9999626271163409 0.0017230664643594204
vn -0.09938440168878442 0.9646984242765337 0.24388458520237688
vn -0.11855092018798889 0.949375004987638 0.29091713464026714
vn -0.17650033921391656 0.9742523297916857 0.14028552367527117
vn -0.16039694469586926 0.9824028949835317 0.0956941589659788
vn -0.12520774350796257 0.9893142296532375 0.0747019141071076
vn -0.08507948175727721 0.995079933653158 0.05076817334452597
vn -0.037298114007615256 0.9990609167472072 0.022048476584675326
vn -0.013326960309838083 0.999910434144881 0.0012311852400472246
vn -0.007289067920952057 0.9999631466038561 -0.004535958879713887
vn -0.013092595970758554 0.9999041249484368 0.0045083080914192055
vn -0.005663706625088137 0.9999624885002483 0.006553168672908923
vn -0.15808282753482225 0.9741704391055533 0.16125065956915938
vn 0.010544907814097556 0.9999031734154595 0.009080127360653636
vn -0.000496171661917754 0.9999619855030004 0.008705249139391106
vn 0.0077516455416204826 0.9999099776904203 0.010952100553778502
vn 0.006513931679446077 0.9999626215158824 0.005685443268516264
vn -0.08510027220427877 0.9742418057575355 0.2088321038180059
vn -0.01099512581230939 0.9999108379730356 0.007577817128504157
vn -0.00867783583535765 0.999962166292625 -0.0006009563836003647
vn -0.13115127593798379 0.9646420349948238 0.22861558814062496
vn -0.13681625179013407 0.9741621752104406 0.17969243065683466
vn 0.004537250577704516 0.9999042344318219 0.013074223590987982
vn 0.00011003228679414406 0.9990586416251036 0.04337993184755532
vn -0.011931248017849838 0.995060881688143 0.09854687744800415
vn -0.03626924474353965 0.9892674874113196 0.14154285653690676
vn -0.07064267141185089 0.9823235712696154 0.17334939949104577
vn 0.00001271161138779168 1 0.000003598383530464258
vn -0.1123040701004092 0.9741996898104315 0.19576199889698045
vn -0.14648997815269735 0.9823351440833265 0.11644033235787621
vn -0.11434613716451514 0.9892741794733999 0.09089311713647508
vn -0.07764701132442137 0.9950675877428755 0.06173684034642423
vn -0.03384209562924758 0.9990578576656393 0.027168172554744185
vn -0.009074763792162984 0.9999034125880015 0.010526830338964045
vn -0.1311995879948788 0.98228091493059 0.13383150702692292
vn -0.004559445948019073 0.9999629337590813 0.007303599152360317
vn -0.09321962595076508 0.9822967403130776 0.16249066221756203
vn -0.0019046077920778048 0.9999632380179937 0.008360327848105928
vn -0.11356321558347086 0.9822717121419593 0.14914985615831494
vn -0.005022768151975945 0.9990571653177267 0.04312252575395022
vn -0.024640379119296587 0.9950605575515835 0.09616308294761089
vn -0.05514626525805132 0.9892660039672491 0.13532059275202543
vn -0.10241028751506295 0.9892415802808885 0.10446640060063556
vn -0.06952833896527737 0.995055298170169 0.07092787649581705
vn -0.030469325606906718 0.9990605386921736 0.030816557646245517
vn -0.08864874599068948 0.9892350629804689 0.11642761701720884
vn 0.0010080344276934333 0.9999104892096055 0.013341567943827992
vn -0.07276939714369907 0.9892501559891971 0.12684141167099933
vn -0.005851549286594169 0.9999110042624783 0.011989283787979711
vn 0.002763003394793675 0.9999626391716404 0.008190608837441167
vn -0.010951507289740483 0.9990581488199888 0.04198666174465627
vn -0.03746903116756858 0.9950592932503195 0.09194060375883198
vn -0.007614016848795051 0.9999628484641577 0.004040846306707252
vn -0.06020998935897336 0.9950485533694217 0.07907675776619326
vn -0.026188190686721177 0.9990542085796404 0.034711193984999424
vn -0.04943477381435369 0.9950545159383605 0.08615517075950116
vn -0.0026048917992656305 0.999904041755771 0.013605947934171213
vn -0.016230212074846467 0.9990546475620462 0.040328543250175174
vn -0.021768888224748872 0.9990577962245066 0.037545110314000346
usemtl material_0_0
f 1/1/1 2/2/2 3/3/3
f 3/4/3 2/5/2 4/6/4
f 5/7/5 1/8/1 3/9/3
f 1/10/1 6/11/6 2/12/2
f 2/13/2 7/14/7 4/15/4
f 3/16/3 4/17/4 8/18/8
f 9/19/9 1/20/1 5/21/5
f 5/22/5 3/23/3 10/24/10
f 11/25/11 6/26/6 1/27/1
f 6/28/6 12/29/12 2/30/2
f 12/31/12 7/32/7 2/33/2
f 7/34/7 13/35/13 4/36/4
f 4/37/4 14/38/14 8/39/8
f 10/40/10 3/41/3 8/42/8
f 15/43/15 9/44/9 5/45/5
f 9/46/9 11/47/11 1/48/1
f 16/49/16 5/50/5 10/51/10
f 11/52/11 17/53/17 6/54/6
f 18/55/18 12/56/12 6/57/6
f 12/58/12 19/59/19 7/60/7
f 7/61/7 20/62/20 13/63/13
f 13/64/13 14/65/14 4/66/4
f 8/67/8 14/68/14 21/69/21
f 10/70/10 8/71/8 22/72/22
f 23/73/23 9/74/9 15/75/15
f 15/76/15 5/77/5 16/78/16
f 24/79/24 11/80/11 9/81/9
f 16/82/16 10/83/10 25/84/25
f 26/85/26 17/86/17 11/87/11
f 17/88/17 18/89/18 6/90/6
f 18/91/18 27/92/27 12/93/12
f 27/94/27 19/95/19 12/96/12
f 19/97/19 20/98/20 7/99/7
f 20/100/20 28/101/28 13/102/13
f 13/103/13 29/104/29 14/105/14
f 14/106/14 30/107/30 21/108/21
f 8/109/8 21/110/21 22/111/22
f 25/112/25 10/113/10 22/114/22
f 31/115/31 23/116/23 15/117/15
f 23/118/23 24/119/24 9/120/9
f 32/121/32 15/122/15 16/123/16
f 24/124/24 26/125/26 11/126/11
f 33/127/33 16/128/16 25/129/25
f 26/130/26 34/131/34 17/132/17
f 35/133/35 18/134/18 17/135/17
f 18/136/18 36/137/36 27/138/27
f 27/139/27 37/140/37 19/141/19
f 19/142/19 28/143/28 20/144/20
f 28/145/28 29/146/29 13/147/13
f 29/148/29 30/149/30 14/150/14
f 21/151/21 30/152/30 38/153/38
f 22/154/22 21/155/21 39/156/39
f 25/157/25 22/158/22 40/159/40
f 41/160/41 23/161/23 31/162/31
f 31/163/31 15/164/15 32/165/32
f 42/166/42 24/167/24 23/168/23
f 32/169/32 16/170/16 33/171/33
f 43/172/43 26/173/26 24/174/24
f 33/175/33 25/176/25 44/177/44
f 45/178/45 34/179/34 26/180/26
f 34/181/34 35/182/35 17/183/17
f 35/184/35 36/185/36 18/186/18
f 36/187/36 37/188/37 27/189/27
f 19/190/19 37/191/37 28/192/28
f 28/193/28 46/194/46 29/195/29
f 29/196/29 47/197/47 30/198/30
f 30/199/30 48/200/48 38/201/38
f 21/202/21 38/203/38 39/204/39
f 22/205/22 39/206/39 40/207/40
f 44/208/44 25/209/25 40/210/40
f 49/211/49 41/212/41 31/213/31
f 41/214/41 42/215/42 23/216/23
f 50/217/50 31/218/31 32/219/32
f 42/220/42 43/221/43 24/222/24
f 32/223/32 33/224/33 51/225/51
f 43/226/43 45/227/45 26/228/26
f 33/229/33 44/230/44 52/231/52
f 45/232/45 53/233/53 34/234/34
f 54/235/54 35/236/35 34/237/34
f 55/238/55 36/239/36 35/240/35
f 56/241/56 37/242/37 36/243/36
f 37/244/37 46/245/46 28/246/28
f 46/247/46 47/248/47 29/249/29
f 47/250/47 48/251/48 30/252/30
f 38/253/38 48/254/48 57/255/57
f 39/256/39 38/257/38 58/258/58
f 40/259/40 39/260/39 59/261/59
f 44/262/44 40/263/40 60/264/60
f 61/265/61 41/266/41 49/267/49
f 49/268/49 31/269/31 50/270/50
f 61/271/61 42/272/42 41/273/41
f 50/274/50 32/275/32 62/276/62
f 63/277/63 43/278/43 42/279/42
f 51/280/51 33/281/33 52/282/52
f 64/283/64 32/284/32 51/285/51
f 65/286/65 45/287/45 43/288/43
f 52/289/52 44/290/44 66/291/66
f 67/292/67 53/293/53 45/294/45
f 53/295/53 54/296/54 34/297/34
f 54/298/54 55/299/55 35/300/35
f 55/301/55 56/302/56 36/303/36
f 68/304/68 37/305/37 56/306/56
f 37/307/37 69/308/69 46/309/46
f 46/310/46 69/311/69 47/312/47
f 47/313/47 70/314/70 48/315/48
f 48/316/48 71/317/71 57/318/57
f 38/319/38 57/320/57 58/321/58
f 39/322/39 58/323/58 59/324/59
f 40/325/40 59/326/59 60/327/60
f 44/328/44 60/329/60 66/330/66
f 72/331/72 61/332/61 49/333/49
f 50/334/50 73/335/73 49/336/49
f 61/337/61 63/338/63 42/339/42
f 74/340/74 62/341/62 32/342/32
f 62/343/62 75/344/75 50/345/50
f 63/346/63 65/347/65 43/348/43
f 51/349/51 52/350/52 76/351/76
f 64/352/64 51/353/51 77/354/77
f 78/355/78 32/356/32 64/357/64
f 65/358/65 67/359/67 45/360/45
f 79/361/79 52/362/52 66/363/66
f 67/364/67 80/365/80 53/366/53
f 81/367/81 54/368/54 53/369/53
f 54/370/54 56/371/56 55/372/55
f 81/373/81 68/374/68 56/375/56
f 68/376/68 82/377/82 37/378/37
f 37/379/37 83/380/83 69/381/69
f 69/382/69 70/383/70 47/384/47
f 70/385/70 71/386/71 48/387/48
f 57/388/57 71/389/71 84/390/84
f 58/391/58 57/392/57 85/393/85
f 59/394/59 58/395/58 86/396/86
f 60/397/60 59/398/59 87/399/87
f 60/400/60 88/401/88 66/402/66
f 73/403/73 72/404/72 49/405/49
f 89/406/89 61/407/61 72/408/72
f 75/409/75 73/410/73 50/411/50
f 89/412/89 63/413/63 61/414/61
f 90/415/90 75/416/75 62/417/62
f 91/418/91 65/419/65 63/420/63
f 76/421/76 52/422/52 79/423/79
f 77/424/77 51/425/51 76/426/76
f 92/427/92 64/428/64 77/429/77
f 93/430/93 78/431/78 64/432/64
f 94/433/94 67/434/67 65/435/65
f 95/436/95 79/437/79 66/438/66
f 96/439/96 80/440/80 67/441/67
f 80/442/80 81/443/81 53/444/53
f 81/445/81 56/446/56 54/447/54
f 97/448/97 68/449/68 81/450/81
f 97/451/97 82/452/82 68/453/68
f 98/454/98 37/455/37 82/456/82
f 37/457/37 99/458/99 83/459/83
f 69/460/69 83/461/83 100/462/100
f 69/463/69 100/464/100 70/465/70
f 70/466/70 101/467/101 71/468/71
f 71/469/71 102/470/102 84/471/84
f 57/472/57 84/473/84 85/474/85
f 58/475/58 85/476/85 86/477/86
f 59/478/59 86/479/86 87/480/87
f 60/481/60 87/482/87 88/483/88
f 95/484/95 66/485/66 88/486/88
f 73/487/73 103/488/103 72/489/72
f 104/490/104 89/491/89 72/492/72
f 75/493/75 105/494/105 73/495/73
f 89/496/89 91/497/91 63/498/63
f 106/499/106 90/500/90 62/501/62
f 90/502/90 107/503/107 75/504/75
f 91/505/91 94/506/94 65/507/65
f 108/508/108 76/509/76 79/510/79
f 77/511/77 76/512/76 109/513/109
f 92/514/92 77/515/77 110/516/110
f 93/517/93 64/518/64 92/519/92
f 94/520/94 96/521/96 67/522/67
f 111/523/111 79/524/79 95/525/95
f 96/526/96 112/527/112 80/528/80
f 97/529/97 81/530/81 80/531/80
f 113/532/113 82/533/82 97/534/97
f 114/535/114 37/536/37 98/537/98
f 115/538/115 98/539/98 82/540/82
f 83/541/83 99/542/99 116/543/116
f 37/544/37 117/545/117 99/546/99
f 100/547/100 83/548/83 101/549/101
f 100/550/100 101/551/101 70/552/70
f 101/553/101 102/554/102 71/555/71
f 84/556/84 102/557/102 118/558/118
f 85/559/85 84/560/84 119/561/119
f 86/562/86 85/563/85 120/564/120
f 87/565/87 86/566/86 121/567/121
f 87/568/87 121/569/121 88/570/88
f 122/571/122 95/572/95 88/573/88
f 105/574/105 103/575/103 73/576/73
f 103/577/103 104/578/104 72/579/72
f 123/580/123 89/581/89 104/582/104
f 107/583/107 105/584/105 75/585/75
f 123/586/123 91/587/91 89/588/89
f 124/589/124 90/590/90 106/591/106
f 125/592/125 107/593/107 90/594/90
f 126/595/126 94/596/94 91/597/91
f 111/598/111 108/599/108 79/600/79
f 109/601/109 76/602/76 108/603/108
f 110/604/110 77/605/77 109/606/109
f 127/607/127 92/608/92 110/609/110
f 128/610/128 93/611/93 92/612/92
f 129/613/129 96/614/96 94/615/94
f 130/616/130 111/617/111 95/618/95
f 131/619/131 112/620/112 96/621/96
f 112/622/112 97/623/97 80/624/80
f 113/625/113 97/626/97 112/627/112
f 113/628/113 115/629/115 82/630/82
f 132/631/132 114/632/114 98/633/98
f 114/634/114 133/635/133 37/636/37
f 134/637/134 98/638/98 115/639/115
f 99/640/99 135/641/135 116/642/116
f 83/643/83 116/644/116 101/645/101
f 37/646/37 136/647/136 117/648/117
f 117/649/117 135/650/135 99/651/99
f 101/652/101 116/653/116 102/654/102
f 102/655/102 137/656/137 118/657/118
f 84/658/84 118/659/118 119/660/119
f 85/661/85 119/662/119 120/663/120
f 86/664/86 120/665/120 121/666/121
f 88/667/88 121/668/121 122/669/122
f 130/670/130 95/671/95 122/672/122
f 105/673/105 138/674/138 103/675/103
f 103/676/103 139/677/139 104/678/104
f 140/679/140 123/680/123 104/681/104
f 107/682/107 141/683/141 105/684/105
f 123/685/123 126/686/126 91/687/91
f 125/688/125 90/689/90 124/690/124
f 125/691/125 142/692/142 107/693/107
f 126/694/126 129/695/129 94/696/94
f 143/697/143 108/698/108 111/699/111
f 144/700/144 109/701/109 108/702/108
f 110/703/110 109/704/109 145/705/145
f 127/706/127 110/707/110 146/708/146
f 128/709/128 92/710/92 127/711/127
f 129/712/129 131/713/131 96/714/96
f 147/715/147 111/716/111 130/717/130
f 131/718/131 148/719/148 112/720/112
f 148/721/148 113/722/113 112/723/112
f 134/724/134 115/725/115 113/726/113
f 132/727/132 98/728/98 134/729/134
f 149/730/149 114/731/114 132/732/132
f 149/733/149 133/734/133 114/735/114
f 133/736/133 150/737/150 37/738/37
f 116/739/116 135/740/135 137/741/137
f 37/742/37 151/743/151 136/744/136
f 117/745/117 136/746/136 152/747/152
f 117/748/117 153/749/153 135/750/135
f 116/751/116 137/752/137 102/753/102
f 118/754/118 137/755/137 154/756/154
f 119/757/119 118/758/118 155/759/155
f 120/760/120 119/761/119 156/762/156
f 121/763/121 120/764/120 157/765/157
f 121/766/121 157/767/157 122/768/122
f 158/769/158 130/770/130 122/771/122
f 141/772/141 138/773/138 105/774/105
f 138/775/138 139/776/139 103/777/103
f 139/778/139 140/779/140 104/780/104
f 159/781/159 123/782/123 140/783/140
f 142/784/142 141/785/141 107/786/107
f 159/787/159 126/788/126 123/789/123
f 160/790/160 125/791/125 124/792/124
f 161/793/161 142/794/142 125/795/125
f 162/796/162 129/797/129 126/798/126
f 147/799/147 143/800/143 111/801/111
f 143/802/143 144/803/144 108/804/108
f 145/805/145 109/806/109 144/807/144
f 146/808/146 110/809/110 145/810/145
f 163/811/163 127/812/127 146/813/146
f 164/814/164 128/815/128 127/816/127
f 165/817/165 131/818/131 129/819/129
f 166/820/166 147/821/147 130/822/130
f 167/823/167 148/824/148 131/825/131
f 134/826/134 113/827/113 148/828/148
f 132/829/132 134/830/134 168/831/168
f 169/832/169 149/833/149 132/834/132
f 170/835/170 133/836/133 149/837/149
f 171/838/171 37/839/37 150/840/150
f 172/841/172 150/842/150 133/843/133
f 135/844/135 173/845/173 137/846/137
f 136/847/136 151/848/151 174/849/174
f 37/850/37 175/851/175 151/852/151
f 136/853/136 176/854/176 152/855/152
f 117/856/117 152/857/152 153/858/153
f 135/859/135 153/860/153 173/861/173
f 137/862/137 173/863/173 154/864/154
f 118/865/118 154/866/154 155/867/155
f 119/868/119 155/869/155 156/870/156
f 120/871/120 156/872/156 157/873/157
f 158/874/158 122/875/122 157/876/157
f 166/877/166 130/878/130 158/879/158
f 141/880/141 177/881/177 138/882/138
f 138/883/138 178/884/178 139/885/139
f 139/886/139 179/887/179 140/888/140
f 159/889/159 140/890/140 180/891/180
f 142/892/142 181/893/181 141/894/141
f 159/895/159 162/896/162 126/897/126
f 161/898/161 125/899/125 160/900/160
f 161/901/161 182/902/182 142/903/142
f 162/904/162 165/905/165 129/906/129
f 183/907/183 143/908/143 147/909/147
f 184/910/184 144/911/144 143/912/143
f 185/913/185 145/914/145 144/915/144
f 146/916/146 145/917/145 186/918/186
f 163/919/163 146/920/146 187/921/187
f 164/922/164 127/923/127 163/924/163
f 165/925/165 167/926/167 131/927/131
f 188/928/188 147/929/147 166/930/166
f 167/931/167 168/932/168 148/933/148
f 168/934/168 134/935/134 148/936/148
f 169/937/169 132/938/132 168/939/168
f 189/940/189 149/941/149 169/942/169
f 189/943/189 170/944/170 149/945/149
f 170/946/170 172/947/172 133/948/133
f 190/949/190 171/950/171 150/951/150
f 171/952/171 191/953/191 37/954/37
f 192/955/192 150/956/150 172/957/172
f 151/958/151 193/959/193 174/960/174
f 136/961/136 174/962/174 176/963/176
f 37/964/37 194/965/194 175/966/175
f 175/967/175 193/968/193 151/969/151
f 152/970/152 176/971/176 153/972/153
f 153/973/153 195/974/195 173/975/173
f 154/976/154 173/977/173 196/978/196
f 155/979/155 154/980/154 197/981/197
f 156/982/156 155/983/155 198/984/198
f 157/985/157 156/986/156 199/987/199
f 200/988/200 158/989/158 157/990/157
f 201/991/201 166/992/166 158/993/158
f 181/994/181 177/995/177 141/996/141
f 177/997/177 178/998/178 138/999/138
f 178/1000/178 179/1001/179 139/1002/139
f 179/1003/179 180/1004/180 140/1005/140
f 180/1006/180 202/1007/202 159/1008/159
f 182/1009/182 181/1010/181 142/1011/142
f 203/1012/203 162/1013/162 159/1014/159
f 204/1015/204 161/1016/161 160/1017/160
f 205/1018/205 182/1019/182 161/1020/161
f 206/1021/206 165/1022/165 162/1023/162
f 188/1024/188 183/1025/183 147/1026/147
f 183/1027/183 184/1028/184 143/1029/143
f 184/1030/184 185/1031/185 144/1032/144
f 186/1033/186 145/1034/145 185/1035/185
f 187/1036/187 146/1037/146 186/1038/186
f 207/1039/207 163/1040/163 187/1041/187
f 208/1042/208 164/1043/164 163/1044/163
f 209/1045/209 167/1046/167 165/1047/165
f 188/1048/188 166/1049/166 210/1050/210
f 211/1051/211 168/1052/168 167/1053/167
f 211/1054/211 169/1055/169 168/1056/168
f 212/1057/212 189/1058/189 169/1059/169
f 213/1060/213 170/1061/170 189/1062/189
f 170/1063/170 192/1064/192 172/1065/172
f 192/1066/192 190/1067/190 150/1068/150
f 190/1069/190 214/1070/214 171/1071/171
f 214/1072/214 191/1073/191 171/1074/171
f 191/1075/191 215/1076/215 37/1077/37
f 174/1078/174 193/1079/193 216/1080/216
f 176/1081/176 174/1082/174 217/1083/217
f 37/1084/37 218/1085/218 194/1086/194
f 175/1087/175 194/1088/194 219/1089/219
f 175/1090/175 220/1091/220 193/1092/193
f 153/1093/153 176/1094/176 195/1095/195
f 173/1096/173 195/1097/195 196/1098/196
f 154/1099/154 196/1100/196 197/1101/197
f 155/1102/155 197/1103/197 198/1104/198
f 156/1105/156 198/1106/198 199/1107/199
f 157/1108/157 199/1109/199 221/1110/221
f 210/1111/210 166/1112/166 201/1113/201
f 181/1114/181 222/1115/222 177/1116/177
f 177/1117/177 223/1118/223 178/1119/178
f 178/1120/178 224/1121/224 179/1122/179
f 179/1123/179 225/1124/225 180/1125/180
f 180/1126/180 226/1127/226 202/1128/202
f 182/1129/182 227/1130/227 181/1131/181
f 228/1132/228 203/1133/203 159/1134/159
f 203/1135/203 206/1136/206 162/1137/162
f 205/1138/205 161/1139/161 204/1140/204
f 205/1141/205 229/1142/229 182/1143/182
f 206/1144/206 209/1145/209 165/1146/165
f 230/1147/230 183/1148/183 188/1149/188
f 231/1150/231 184/1151/184 183/1152/183
f 232/1153/232 185/1154/185 184/1155/184
f 233/1156/233 186/1157/186 185/1158/185
f 234/1159/234 187/1160/187 186/1161/186
f 235/1162/235 207/1163/207 187/1164/187
f 208/1165/208 163/1166/163 207/1167/207
f 209/1168/209 211/1169/211 167/1170/167
f 236/1171/236 188/1172/188 210/1173/210
f 212/1174/212 169/1175/169 211/1176/211
f 237/1177/237 189/1178/189 212/1179/212
f 237/1180/237 213/1181/213 189/1182/189
f 213/1183/213 192/1184/192 170/1185/170
f 238/1186/238 190/1187/190 192/1188/192
f 239/1189/239 214/1190/214 190/1191/190
f 214/1192/214 240/1193/240 191/1194/191
f 241/1195/241 37/1196/37 215/1197/215
f 242/1198/242 215/1199/215 191/1200/191
f 193/1201/193 243/1202/243 216/1203/216
f 174/1204/174 216/1205/216 217/1206/217
f 176/1207/176 217/1208/217 195/1209/195
f 194/1210/194 218/1211/218 244/1212/244
f 37/1213/37 245/1214/245 218/1215/218
f 194/1216/194 246/1217/246 219/1218/219
f 175/1219/175 219/1220/219 220/1221/220
f 193/1222/193 220/1223/220 243/1224/243
f 196/1225/196 195/1226/195 247/1227/247
f 197/1228/197 196/1229/196 248/1230/248
f 198/1231/198 197/1232/197 249/1233/249
f 199/1234/199 198/1235/198 250/1236/250
f 199/1237/199 251/1238/251 221/1239/221
f 157/1240/157 221/1241/221 252/1242/252
f 227/1243/227 222/1244/222 181/1245/181
f 222/1246/222 223/1247/223 177/1248/177
f 223/1249/223 224/1250/224 178/1251/178
f 224/1252/224 225/1253/225 179/1254/179
f 225/1255/225 226/1256/226 180/1257/180
f 229/1258/229 227/1259/227 182/1260/182
f 228/1261/228 253/1262/253 203/1263/203
f 159/1264/159 254/1265/254 228/1266/228
f 255/1267/255 206/1268/206 203/1269/203
f 256/1270/256 205/1271/205 204/1272/204
f 257/1273/257 229/1274/229 205/1275/205
f 258/1276/258 209/1277/209 206/1278/206
f 230/1279/230 188/1280/188 236/1281/236
f 230/1282/230 231/1283/231 183/1284/183
f 259/1285/259 184/1286/184 231/1287/231
f 232/1288/232 233/1289/233 185/1290/185
f 232/1291/232 184/1292/184 260/1293/260
f 233/1294/233 234/1159/234 186/1161/186
f 234/1295/234 235/1162/235 187/1164/187
f 235/1296/235 261/1297/261 207/1298/207
f 261/1297/261 208/1299/208 207/1298/207
f 262/1300/262 211/1301/211 209/1302/209
f 262/1303/262 212/1304/212 211/1305/211
f 263/1306/263 237/1307/237 212/1308/212
f 237/1309/237 264/1310/264 213/1311/213
f 213/1312/213 238/1313/238 192/1314/192
f 238/1315/238 239/1316/239 190/1317/190
f 239/1318/239 265/1319/265 214/1320/214
f 265/1321/265 240/1322/240 214/1323/214
f 240/1324/240 242/1325/242 191/1326/191
f 266/1327/266 241/1328/241 215/1329/215
f 241/1330/241 267/1331/267 37/1332/37
f 268/1333/268 215/1334/215 242/1335/242
f 216/1336/216 243/1337/243 269/1338/269
f 217/1339/217 216/1340/216 270/1341/270
f 195/1342/195 217/1343/217 247/1344/247
f 218/1345/218 271/1346/271 244/1347/244
f 194/1348/194 244/1349/244 246/1350/246
f 37/1351/37 272/1352/272 245/1353/245
f 245/1354/245 271/1355/271 218/1356/218
f 219/1357/219 246/1358/246 220/1359/220
f 220/1360/220 273/1361/273 243/1362/243
f 196/1363/196 247/1364/247 248/1365/248
f 197/1366/197 248/1367/248 249/1368/249
f 198/1369/198 249/1370/249 250/1371/250
f 199/1372/199 250/1373/250 251/1374/251
f 221/1375/221 251/1376/251 274/1377/274
f 252/1378/252 221/1379/221 275/1380/275
f 276/1381/276 157/1382/157 252/1383/252
f 227/1384/227 277/1385/277 222/1386/222
f 222/1387/222 278/1388/278 223/1389/223
f 223/1390/223 279/1391/279 224/1392/224
f 224/1393/224 280/1394/280 225/1395/225
f 225/1396/225 281/1397/281 226/1398/226
f 227/1399/227 229/1400/229 282/1401/282
f 228/1402/228 283/1403/283 253/1404/253
f 253/1405/253 255/1406/255 203/1407/203
f 284/1408/284 254/1409/254 159/1410/159
f 254/1411/254 285/1412/285 228/1413/228
f 255/1414/255 258/1415/258 206/1416/206
f 286/1417/286 205/1418/205 256/1419/256
f 286/1420/286 257/1421/257 205/1422/205
f 229/1423/229 257/1424/257 287/1425/287
f 258/1426/258 262/1427/262 209/1428/209
f 288/1429/288 230/1430/230 236/1431/236
f 289/1432/289 231/1433/231 230/1434/230
f 259/1435/259 231/1436/231 289/1437/289
f 260/1438/260 184/1286/184 259/1285/259
f 290/1439/290 233/1440/233 232/1441/232
f 291/1442/291 232/1443/232 260/1444/260
f 233/1445/233 292/1446/292 234/1447/234
f 234/1448/234 293/1449/293 235/1450/235
f 293/1451/293 261/1452/261 235/1453/235
f 261/1454/261 294/1455/294 208/1456/208
f 263/1457/263 212/1458/212 262/1459/262
f 263/1460/263 295/1461/295 237/1462/237
f 295/1463/295 264/1464/264 237/1465/237
f 264/1466/264 238/1467/238 213/1468/213
f 296/1469/296 239/1470/239 238/1471/238
f 297/1472/297 265/1473/265 239/1474/239
f 265/1475/265 298/1476/298 240/1477/240
f 240/1478/240 268/1479/268 242/1480/242
f 268/1481/268 266/1482/266 215/1483/215
f 266/1484/266 299/1485/299 241/1486/241
f 299/1487/299 267/1488/267 241/1489/241
f 267/1490/267 300/1491/300 37/1492/37
f 216/1493/216 269/1494/269 270/1495/270
f 243/1496/243 301/1497/301 269/1498/269
f 247/1499/247 217/1500/217 270/1501/270
f 271/1502/271 302/1503/302 244/1504/244
f 244/1505/244 303/1506/303 246/1507/246
f 37/1508/37 304/1509/304 272/1510/272
f 272/1511/272 305/1512/305 245/1513/245
f 245/1514/245 306/1515/306 271/1516/271
f 220/1517/220 246/1518/246 273/1519/273
f 243/1520/243 273/1521/273 301/1522/301
f 248/1523/248 247/1524/247 307/1525/307
f 249/1526/249 248/1527/248 308/1528/308
f 250/1529/250 249/1530/249 309/1531/309
f 250/1532/250 310/1533/310 251/1534/251
f 274/1535/274 251/1536/251 311/1537/311
f 275/1538/275 221/1539/221 274/1540/274
f 312/1541/312 252/1542/252 275/1543/275
f 313/1544/313 276/1545/276 252/1546/252
f 314/1547/314 277/1548/277 227/1549/227
f 277/1550/277 278/1551/278 222/1552/222
f 278/1553/278 279/1554/279 223/1555/223
f 279/1556/279 280/1557/280 224/1558/224
f 280/1559/280 281/1560/281 225/1561/225
f 282/1562/282 229/1563/229 287/1564/287
f 315/1565/315 227/1566/227 282/1567/282
f 283/1568/283 316/1569/316 253/1570/253
f 228/1571/228 285/1572/285 283/1573/283
f 253/1574/253 317/1575/317 255/1576/255
f 254/1577/254 318/1578/318 285/1579/285
f 317/1580/317 258/1581/258 255/1582/255
f 286/1583/286 256/1584/256 319/1585/319
f 320/1586/320 257/1587/257 286/1588/286
f 287/1589/287 257/1590/257 320/1591/320
f 321/1592/321 262/1593/262 258/1594/258
f 289/1595/289 230/1596/230 288/1597/288
f 259/1435/259 289/1437/289 322/1598/322
f 260/1599/260 259/1600/259 323/1601/323
f 290/1602/290 292/1603/292 233/1604/233
f 291/1605/291 290/1606/290 232/1607/232
f 291/1608/291 260/1609/260 324/1610/324
f 292/1611/292 293/1612/293 234/1613/234
f 293/1614/293 325/1615/325 261/1616/261
f 261/1617/261 319/1618/319 294/1619/294
f 321/1620/321 263/1621/263 262/1622/262
f 326/1623/326 295/1624/295 263/1625/263
f 295/1626/295 327/1627/327 264/1628/264
f 264/1629/264 296/1630/296 238/1631/238
f 296/1632/296 297/1633/297 239/1634/239
f 297/1635/297 328/1636/328 265/1637/265
f 265/1638/265 328/1639/328 298/1640/298
f 298/1641/298 268/1642/268 240/1643/240
f 329/1644/329 266/1645/266 268/1646/268
f 330/1647/330 299/1648/299 266/1649/266
f 299/1650/299 331/1651/331 267/1652/267
f 300/1653/300 332/1654/332 37/1655/37
f 267/1656/267 333/1657/333 300/1658/300
f 270/1659/270 269/1660/269 334/1661/334
f 269/1662/269 301/1663/301 335/1664/335
f 247/1665/247 270/1666/270 307/1667/307
f 336/1668/336 302/1669/302 271/1670/271
f 244/1671/244 302/1672/302 303/1673/303
f 246/1674/246 303/1675/303 273/1676/273
f 272/1677/272 304/1678/304 337/1679/337
f 37/1680/37 338/1681/338 304/1682/304
f 272/1683/272 339/1684/339 305/1685/305
f 245/1686/245 305/1687/305 306/1688/306
f 306/1689/306 336/1690/336 271/1691/271
f 273/1692/273 340/1693/340 301/1694/301
f 248/1695/248 307/1696/307 308/1697/308
f 249/1698/249 308/1699/308 309/1700/309
f 250/1701/250 309/1702/309 310/1703/310
f 311/1704/311 251/1705/251 310/1706/310
f 341/1707/341 274/1708/274 311/1709/311
f 275/1710/275 274/1711/274 342/1712/342
f 312/1713/312 275/1714/275 343/1715/343
f 313/1716/313 252/1717/252 312/1718/312
f 277/1719/277 314/1720/314 344/1721/344
f 314/1722/314 227/1723/227 315/1724/315
f 277/1725/277 345/1726/345 278/1727/278
f 278/1728/278 346/1729/346 279/1730/279
f 279/1731/279 347/1732/347 280/1733/280
f 280/1734/280 348/1735/348 281/1736/281
f 282/1737/282 287/1738/287 349/1739/349
f 315/1740/315 282/1741/282 350/1742/350
f 253/1743/253 316/1744/316 317/1745/317
f 283/1746/283 351/1747/351 316/1748/316
f 285/1749/285 352/1750/352 283/1751/283
f 353/1752/353 318/1753/318 254/1754/254
f 318/1755/318 354/1756/354 285/1757/285
f 317/1758/317 321/1759/321 258/1760/258
f 319/1761/319 256/1762/256 294/1763/294
f 355/1764/355 287/1765/287 320/1766/320
f 356/1767/356 289/1768/289 288/1769/288
f 322/1770/322 289/1771/289 356/1772/356
f 259/1773/259 322/1774/322 357/1775/357
f 323/1776/323 259/1777/259 357/1778/357
f 324/1779/324 260/1780/260 323/1781/323
f 290/1782/290 358/1783/358 292/1784/292
f 359/1785/359 290/1786/290 291/1787/291
f 360/1788/360 291/1789/291 324/1790/324
f 292/1791/292 361/1792/361 293/1793/293
f 361/1794/361 325/1795/325 293/1796/293
f 321/1797/321 326/1798/326 263/1799/263
f 326/1800/326 362/1801/362 295/1802/295
f 362/1803/362 327/1804/327 295/1805/295
f 327/1806/327 296/1807/296 264/1808/264
f 363/1809/363 297/1810/297 296/1811/296
f 297/1812/297 364/1813/364 328/1814/328
f 328/1815/328 365/1816/365 298/1817/298
f 298/1818/298 329/1819/329 268/1820/268
f 329/1821/329 330/1822/330 266/1823/266
f 330/1824/330 366/1825/366 299/1826/299
f 366/1827/366 331/1828/331 299/1829/299
f 331/1830/331 333/1831/333 267/1832/267
f 367/1833/367 332/1834/332 300/1835/300
f 332/1836/332 368/1837/368 37/1838/37
f 369/1839/369 300/1840/300 333/1841/333
f 307/1842/307 270/1843/270 334/1844/334
f 269/1845/269 335/1846/335 334/1847/334
f 301/1848/301 370/1849/370 335/1850/335
f 336/1851/336 371/1852/371 302/1853/302
f 302/1854/302 372/1855/372 303/1856/303
f 303/1857/303 340/1858/340 273/1859/273
f 304/1860/304 373/1861/373 337/1862/337
f 272/1863/272 337/1864/337 339/1865/339
f 37/1866/37 374/1867/374 338/1868/338
f 338/1869/338 373/1870/373 304/1871/304
f 305/1872/305 339/1873/339 306/1874/306
f 375/1875/375 336/1876/336 306/1877/306
f 301/1878/301 340/1879/340 370/1880/370
f 308/1881/308 307/1882/307 376/1883/376
f 309/1884/309 308/1885/308 377/1886/377
f 309/1887/309 378/1888/378 310/1889/310
f 311/1890/311 310/1891/310 379/1892/379
f 341/1893/341 311/1894/311 380/1895/380
f 342/1896/342 274/1897/274 341/1898/341
f 343/1899/343 275/1900/275 342/1901/342
f 381/1902/381 312/1903/312 343/1904/343
f 382/1905/382 313/1906/313 312/1907/312
f 314/1908/314 383/1909/383 344/1910/344
f 277/1911/277 344/1912/344 345/1913/345
f 384/1914/384 314/1915/314 315/1916/315
f 345/1917/345 385/1918/385 278/1919/278
f 385/1920/385 346/1921/346 278/1922/278
f 346/1923/346 347/1924/347 279/1925/279
f 347/1926/347 348/1927/348 280/1928/280
f 349/1929/349 287/1930/287 355/1931/355
f 350/1932/350 282/1933/282 349/1934/349
f 386/1935/386 315/1936/315 350/1937/350
f 316/1938/316 387/1939/387 317/1940/317
f 352/1941/352 351/1942/351 283/1943/283
f 351/1944/351 388/1945/388 316/1946/316
f 354/1947/354 352/1948/352 285/1949/285
f 353/1950/353 389/1951/389 318/1952/318
f 390/1953/390 354/1954/354 318/1955/318
f 387/1956/387 321/1957/321 317/1958/317
f 322/1770/322 356/1772/356 391/1959/391
f 357/1960/357 322/1961/322 392/1962/392
f 323/1963/323 357/1964/357 393/1965/393
f 324/1966/324 323/1967/323 394/1968/394
f 358/1969/358 361/1970/361 292/1971/292
f 359/1972/359 358/1973/358 290/1974/290
f 360/1975/360 359/1976/359 291/1977/291
f 360/1978/360 324/1979/324 395/1980/395
f 361/1981/361 396/1982/396 325/1983/325
f 387/1984/387 326/1985/326 321/1986/321
f 397/1987/397 362/1988/362 326/1989/326
f 362/1990/362 398/1991/398 327/1992/327
f 327/1993/327 363/1994/363 296/1995/296
f 363/1996/363 364/1997/364 297/1998/297
f 364/1999/364 399/2000/399 328/2001/328
f 328/2002/328 399/2003/399 365/2004/365
f 298/2005/298 365/2006/365 329/2007/329
f 329/2008/329 400/2009/400 330/2010/330
f 330/2011/330 401/2012/401 366/2013/366
f 366/2014/366 402/2015/402 331/2016/331
f 331/2017/331 369/2018/369 333/2019/333
f 369/2020/369 367/2021/367 300/2022/300
f 367/2023/367 403/2024/403 332/2025/332
f 403/2026/403 368/2027/368 332/2028/332
f 37/2029/37 368/2030/368 404/2031/404
f 307/2032/307 334/2033/334 376/2034/376
f 334/2035/334 335/2036/335 405/2037/405
f 335/2038/335 370/2039/370 406/2040/406
f 302/2041/302 371/2042/371 372/2043/372
f 336/2044/336 407/2045/407 371/2046/371
f 303/2047/303 372/2048/372 340/2049/340
f 373/2050/373 408/2051/408 337/2052/337
f 337/2053/337 409/2054/409 339/2055/339
f 37/2056/37 410/2057/410 374/2058/374
f 374/2059/374 411/2060/411 338/2061/338
f 338/2062/338 412/2063/412 373/2064/373
f 339/2065/339 375/2066/375 306/2067/306
f 375/2068/375 407/2069/407 336/2070/336
f 340/2071/340 413/2072/413 370/2073/370
f 308/2074/308 376/2075/376 377/2076/377
f 309/2077/309 377/2078/377 378/2079/378
f 310/2080/310 378/2081/378 379/2082/379
f 311/2083/311 379/2084/379 380/2085/380
f 341/2086/341 380/2087/380 414/2088/414
f 415/2089/415 342/2090/342 341/2091/341
f 343/2092/343 342/2093/342 416/2094/416
f 381/2095/381 343/2096/343 417/2097/417
f 382/2098/382 312/2099/312 381/2100/381
f 344/2101/344 383/2102/383 418/2103/418
f 314/2104/314 384/2105/384 383/2106/383
f 345/2107/345 344/2108/344 419/2109/419
f 384/2110/384 315/2111/315 386/2112/386
f 345/2113/345 419/2114/419 385/2115/385
f 385/2116/385 420/2117/420 346/2118/346
f 346/2119/346 421/2120/421 347/2121/347
f 347/2122/347 422/2123/422 348/2124/348
f 423/2125/423 349/2126/349 355/2127/355
f 350/2128/350 349/2129/349 424/2130/424
f 386/2131/386 350/2132/350 425/2133/425
f 388/2134/388 387/2135/387 316/2136/316
f 352/2137/352 426/2138/426 351/2139/351
f 351/2140/351 427/2141/427 388/2142/388
f 354/2143/354 428/2144/428 352/2145/352
f 389/2146/389 390/2147/390 318/2148/318
f 390/2149/390 429/2150/429 354/2151/354
f 391/2152/391 356/2153/356 430/2154/430
f 392/2155/392 322/2156/322 391/2157/391
f 431/2158/431 357/2159/357 392/2160/392
f 393/2161/393 357/2162/357 431/2163/431
f 394/2164/394 323/2165/323 393/2166/393
f 395/2167/395 324/2168/324 394/2169/394
f 358/2170/358 432/2171/432 361/2172/361
f 359/2173/359 433/2174/433 358/2175/358
f 434/2176/434 359/2177/359 360/2178/360
f 435/2179/435 360/2180/360 395/2181/395
f 432/2182/432 396/2183/396 361/2184/361
f 387/2185/387 397/2186/397 326/2187/326
f 397/2188/397 436/2189/436 362/2190/362
f 436/2191/436 398/2192/398 362/2193/362
f 398/2194/398 363/2195/363 327/2196/327
f 363/2197/363 437/2198/437 364/2199/364
f 364/2200/364 438/2201/438 399/2202/399
f 399/2203/399 439/2204/439 365/2205/365
f 365/2206/365 400/2207/400 329/2208/329
f 400/2209/400 401/2210/401 330/2211/330
f 401/2212/401 440/2213/440 366/2214/366
f 366/2215/366 440/2216/440 402/2217/402
f 402/2218/402 369/2219/369 331/2220/331
f 441/2221/441 367/2222/367 369/2223/369
f 442/2224/442 403/2225/403 367/2226/367
f 403/2227/403 443/2228/443 368/2229/368
f 37/2230/37 404/2231/404 410/2232/410
f 368/2233/368 444/2234/444 404/2235/404
f 376/2236/376 334/2237/334 405/2238/405
f 335/2239/335 406/2240/406 405/2241/405
f 370/2242/370 445/2243/445 406/2244/406
f 371/2245/371 446/2246/446 372/2247/372
f 407/2248/407 447/2249/447 371/2250/371
f 372/2251/372 413/2252/413 340/2253/340
f 448/2254/448 408/2255/408 373/2256/373
f 408/2257/408 409/2258/409 337/2259/337
f 409/2260/409 375/2261/375 339/2262/339
f 410/2263/410 449/2264/449 374/2265/374
f 374/2266/374 450/2267/450 411/2268/411
f 338/2269/338 411/2270/411 412/2271/412
f 412/2272/412 448/2273/448 373/2274/373
f 375/2275/375 451/2276/451 407/2277/407
f 370/2278/370 413/2279/413 445/2280/445
f 377/2281/377 376/2282/376 452/2283/452
f 377/2284/377 452/2285/452 378/2286/378
f 379/2287/379 378/2288/378 453/2289/453
f 380/2290/380 379/2291/379 454/2292/454
f 414/2293/414 380/2294/380 455/2295/455
f 415/2296/415 341/2297/341 414/2298/414
f 416/2299/416 342/2300/342 415/2301/415
f 417/2302/417 343/2303/343 416/2304/416
f 456/2305/456 381/2306/381 417/2307/417
f 457/2308/457 382/2309/382 381/2310/381
f 383/2311/383 458/2312/458 418/2313/418
f 344/2314/344 418/2315/418 419/2316/419
f 384/2317/384 459/2318/459 383/2319/383
f 460/2320/460 384/2321/384 386/2322/386
f 385/2323/385 419/2324/419 461/2325/461
f 385/2326/385 461/2327/461 420/2328/420
f 420/2329/420 421/2330/421 346/2331/346
f 421/2332/421 422/2333/422 347/2334/347
f 424/2335/424 349/2336/349 423/2337/423
f 425/2338/425 350/2339/350 424/2340/424
f 462/2341/462 386/2342/386 425/2343/425
f 388/2344/388 397/2345/397 387/2346/387
f 428/2347/428 426/2348/426 352/2349/352
f 351/2350/351 426/2351/426 427/2352/427
f 388/2353/388 427/2354/427 463/2355/463
f 429/2356/429 428/2357/428 354/2358/354
f 464/2359/464 390/2360/390 389/2361/389
f 465/2362/465 429/2363/429 390/2364/390
f 391/2365/391 430/2366/430 466/2367/466
f 467/2368/467 393/2369/393 431/2370/431
f 394/2371/394 393/2372/393 468/2373/468
f 395/2374/395 394/2375/394 469/2376/469
f 433/2377/433 432/2378/432 358/2379/358
f 434/2380/434 433/2381/433 359/2382/359
f 435/2383/435 434/2384/434 360/2385/360
f 435/2386/435 395/2387/395 470/2388/470
f 432/2389/432 471/2390/471 396/2391/396
f 463/2392/463 436/2393/436 397/2394/397
f 436/2395/436 472/2396/472 398/2397/398
f 398/2398/398 437/2399/437 363/2400/363
f 437/2401/437 438/2402/438 364/2403/364
f 438/2404/438 473/2405/473 399/2406/399
f 399/2407/399 473/2408/473 439/2409/439
f 365/2410/365 439/2411/439 400/2412/400
f 400/2413/400 474/2414/474 401/2415/401
f 401/2416/401 475/2417/475 440/2418/440
f 440/2419/440 476/2420/476 402/2421/402
f 402/2422/402 441/2423/441 369/2424/369
f 441/2425/441 442/2426/442 367/2427/367
f 442/2428/442 477/2429/477 403/2430/403
f 477/2431/477 443/2432/443 403/2433/403
f 443/2434/443 444/2435/444 368/2436/368
f 404/2437/404 478/2438/478 410/2439/410
f 444/2440/444 479/2441/479 404/2442/404
f 376/2443/376 405/2444/405 452/2445/452
f 405/2446/405 406/2447/406 480/2448/480
f 406/2449/406 445/2450/445 481/2451/481
f 372/2452/372 446/2453/446 413/2454/413
f 371/2455/371 447/2456/447 446/2457/446
f 407/2458/407 482/2459/482 447/2460/447
f 448/2461/448 483/2462/483 408/2463/408
f 408/2464/408 484/2465/484 409/2466/409
f 409/2467/409 451/2468/451 375/2469/375
f 478/2470/478 449/2471/449 410/2472/410
f 374/2473/374 449/2474/449 450/2475/450
f 450/2476/450 412/2477/412 411/2478/411
f 485/2479/485 448/2480/448 412/2481/412
f 451/2482/451 482/2483/482 407/2484/407
f 413/2485/413 486/2486/486 445/2487/445
f 378/2488/378 452/2489/452 453/2490/453
f 379/2491/379 453/2492/453 454/2493/454
f 380/2494/380 454/2495/454 455/2496/455
f 414/2497/414 455/2498/455 487/2499/487
f 415/2500/415 414/2501/414 488/2502/488
f 489/2503/489 416/2504/416 415/2505/415
f 417/2506/417 416/2507/416 490/2508/490
f 456/2509/456 417/2510/417 491/2511/491
f 457/2512/457 381/2513/381 456/2514/456
f 418/2515/418 458/2516/458 492/2517/492
f 383/2518/383 459/2519/459 458/2520/458
f 419/2521/419 418/2522/418 493/2523/493
f 384/2524/384 460/2525/460 459/2526/459
f 460/2527/460 386/2528/386 462/2529/462
f 419/2530/419 493/2531/493 461/2532/461
f 420/2533/420 461/2534/461 494/2535/494
f 420/2536/420 422/2537/422 421/2538/421
f 424/2539/424 423/2540/423 495/2541/495
f 425/2542/425 424/2543/424 496/2544/496
f 462/2545/462 425/2546/425 497/2547/497
f 463/2548/463 397/2549/397 388/2550/388
f 428/2551/428 498/2552/498 426/2553/426
f 426/2554/426 499/2555/499 427/2556/427
f 427/2557/427 500/2558/500 463/2559/463
f 429/2560/429 501/2561/501 428/2562/428
f 464/2563/464 465/2564/465 390/2565/390
f 465/2566/465 502/2567/502 429/2568/429
f 503/2569/503 466/2570/466 430/2571/430
f 468/2572/468 393/2573/393 467/2574/467
f 469/2575/469 394/2576/394 468/2577/468
f 470/2578/470 395/2579/395 469/2580/469
f 433/2581/433 504/2582/504 432/2583/432
f 434/2584/434 505/2585/505 433/2586/433
f 506/2587/506 434/2588/434 435/2589/435
f 507/2590/507 435/2591/435 470/2592/470
f 432/2593/432 508/2594/508 471/2595/471
f 463/2596/463 509/2597/509 436/2598/436
f 436/2599/436 510/2600/510 472/2601/472
f 398/2602/398 472/2603/472 437/2604/437
f 437/2605/437 511/2606/511 438/2607/438
f 438/2608/438 512/2609/512 473/2610/473
f 473/2611/473 513/2612/513 439/2613/439
f 439/2614/439 474/2615/474 400/2616/400
f 474/2617/474 475/2618/475 401/2619/401
f 475/2620/475 514/2621/514 440/2622/440
f 440/2623/440 514/2624/514 476/2625/476
f 402/2626/402 476/2627/476 441/2628/441
f 441/2629/441 515/2630/515 442/2631/442
f 442/2632/442 516/2633/516 477/2634/477
f 477/2635/477 517/2636/517 443/2637/443
f 443/2638/443 479/2639/479 444/2640/444
f 479/2641/479 478/2642/478 404/2643/404
f 452/2644/452 405/2645/405 480/2646/480
f 406/2647/406 481/2648/481 480/2649/480
f 445/2650/445 518/2651/518 481/2652/481
f 446/2653/446 486/2654/486 413/2655/413
f 447/2656/447 519/2657/519 446/2658/446
f 482/2659/482 520/2660/520 447/2661/447
f 408/2662/408 483/2663/483 484/2664/484
f 448/2665/448 521/2666/521 483/2667/483
f 409/2668/409 484/2669/484 451/2670/451
f 478/2671/478 522/2672/522 449/2673/449
f 449/2674/449 523/2675/523 450/2676/450
f 450/2677/450 485/2678/485 412/2679/412
f 485/2680/485 521/2681/521 448/2682/448
f 451/2683/451 524/2684/524 482/2685/482
f 445/2686/445 486/2687/486 518/2688/518
f 452/2689/452 480/2690/480 453/2691/453
f 454/2692/454 453/2693/453 525/2694/525
f 455/2695/455 454/2696/454 526/2697/526
f 487/2698/487 455/2699/455 527/2700/527
f 488/2701/488 414/2702/414 487/2703/487
f 489/2704/489 415/2705/415 488/2706/488
f 490/2707/490 416/2708/416 489/2709/489
f 491/2710/491 417/2711/417 490/2712/490
f 528/2713/528 456/2714/456 491/2715/491
f 529/2716/529 457/2717/457 456/2718/456
f 458/2719/458 530/2720/530 492/2721/492
f 418/2722/418 492/2723/492 493/2724/493
f 459/2725/459 531/2726/531 458/2727/458
f 460/2728/460 532/2729/532 459/2730/459
f 533/2731/533 460/2732/460 462/2733/462
f 461/2734/461 493/2735/493 534/2736/534
f 420/2737/420 494/2738/494 422/2739/422
f 461/2740/461 534/2741/534 494/2742/494
f 496/2743/496 424/2744/424 495/2745/495
f 497/2746/497 425/2747/425 496/2748/496
f 535/2749/535 462/2750/462 497/2751/497
f 501/2752/501 498/2753/498 428/2754/428
f 498/2755/498 499/2756/499 426/2757/426
f 427/2758/427 499/2759/499 500/2760/500
f 500/2761/500 509/2762/509 463/2763/463
f 502/2764/502 501/2765/501 429/2766/429
f 536/2767/536 465/2768/465 464/2769/464
f 537/2770/537 502/2771/502 465/2772/465
f 503/2773/503 430/2774/430 529/2775/529
f 468/2776/468 467/2777/467 538/2778/538
f 469/2779/469 468/2780/468 539/2781/539
f 470/2782/470 469/2783/469 540/2784/540
f 504/2785/504 508/2786/508 432/2787/432
f 505/2788/505 504/2789/504 433/2790/433
f 506/2791/506 505/2792/505 434/2793/434
f 507/2794/507 506/2795/506 435/2796/435
f 507/2797/507 470/2798/470 541/2799/541
f 509/2800/509 542/2801/542 436/2802/436
f 510/2803/510 543/2804/543 472/2805/472
f 436/2806/436 544/2807/544 510/2808/510
f 472/2809/472 511/2810/511 437/2811/437
f 511/2812/511 512/2813/512 438/2814/438
f 512/2815/512 545/2816/545 473/2817/473
f 473/2818/473 545/2819/545 513/2820/513
f 439/2821/439 513/2822/513 474/2823/474
f 474/2824/474 546/2825/546 475/2826/475
f 475/2827/475 547/2828/547 514/2829/514
f 514/2830/514 548/2831/548 476/2832/476
f 476/2833/476 515/2834/515 441/2835/441
f 515/2836/515 516/2837/516 442/2838/442
f 516/2839/516 549/2840/549 477/2841/477
f 477/2842/477 549/2843/549 517/2844/517
f 443/2845/443 517/2846/517 479/2847/479
f 479/2848/479 550/2849/550 478/2850/478
f 480/2851/480 481/2852/481 551/2853/551
f 518/2854/518 552/2855/552 481/2856/481
f 446/2857/446 519/2858/519 486/2859/486
f 447/2860/447 520/2861/520 519/2862/519
f 482/2863/482 553/2864/553 520/2865/520
f 483/2866/483 554/2867/554 484/2868/484
f 521/2869/521 555/2870/555 483/2871/483
f 484/2872/484 524/2873/524 451/2874/451
f 550/2875/550 522/2876/522 478/2877/478
f 522/2878/522 523/2879/523 449/2880/449
f 523/2881/523 485/2882/485 450/2883/450
f 485/2884/485 556/2885/556 521/2886/521
f 524/2887/524 553/2888/553 482/2889/482
f 486/2890/486 557/2891/557 518/2892/518
f 453/2893/453 480/2894/480 525/2895/525
f 454/2896/454 525/2897/525 526/2898/526
f 455/2899/455 526/2900/526 527/2901/527
f 487/2902/487 527/2903/527 558/2904/558
f 488/2905/488 487/2906/487 559/2907/559
f 560/2908/560 489/2909/489 488/2910/488
f 490/2911/490 489/2912/489 561/2913/561
f 491/2914/491 490/2915/490 561/2916/561
f 528/2917/528 491/2918/491 562/2919/562
f 529/2920/529 456/2921/456 528/2922/528
f 492/2923/492 530/2924/530 563/2925/563
f 458/2926/458 531/2927/531 530/2928/530
f 493/2929/493 492/2930/492 564/2931/564
f 459/2932/459 532/2933/532 531/2934/531
f 460/2935/460 533/2936/533 532/2937/532
f 533/2938/533 462/2939/462 535/2940/535
f 493/2941/493 564/2942/564 534/2943/534
f 422/2944/422 494/2945/494 565/2946/565
f 566/2947/566 496/2948/496 495/2949/495
f 497/2950/497 496/2951/496 566/2952/566
f 535/2953/535 497/2954/497 567/2955/567
f 501/2956/501 568/2957/568 498/2958/498
f 498/2959/498 569/2960/569 499/2961/499
f 499/2962/499 570/2963/570 500/2964/500
f 500/2965/500 571/2966/571 509/2967/509
f 572/2968/572 501/2969/501 502/2970/502
f 536/2971/536 537/2972/537 465/2973/465
f 537/2974/537 573/2975/573 502/2976/502
f 529/2977/529 574/2978/574 503/2979/503
f 539/2980/539 468/2981/468 538/2982/538
f 540/2983/540 469/2984/469 539/2985/539
f 541/2986/541 470/2987/470 540/2988/540
f 566/2989/566 508/2990/508 504/2991/504
f 505/2992/505 566/2993/566 504/2994/504
f 506/2995/506 575/2996/575 505/2997/505
f 576/2998/576 506/2999/506 507/3000/507
f 577/3001/577 507/3002/507 541/3003/541
f 509/3004/509 578/3005/578 542/3006/542
f 510/3007/510 579/3008/579 543/3009/543
f 472/3010/472 543/3011/543 511/3012/511
f 436/3013/436 580/3014/580 544/3015/544
f 544/3016/544 581/3017/581 510/3018/510
f 543/3019/543 512/3020/512 511/3021/511
f 582/3022/582 545/3023/545 512/3024/512
f 545/3025/545 583/3026/583 513/3027/513
f 513/3028/513 546/3029/546 474/3030/474
f 546/3031/546 547/3032/547 475/3033/475
f 547/3034/547 584/3035/584 514/3036/514
f 514/3037/514 584/3038/584 548/3039/548
f 476/3040/476 548/3041/548 515/3042/515
f 515/3043/515 585/3044/585 516/3045/516
f 516/3046/516 586/3047/586 549/3048/549
f 517/3049/517 549/3050/549 587/3051/587
f 517/3052/517 550/3053/550 479/3054/479
f 481/3055/481 552/3056/552 551/3057/551
f 480/3058/480 551/3059/551 588/3060/588
f 518/3061/518 589/3062/589 552/3063/552
f 519/3064/519 557/3065/557 486/3066/486
f 520/3067/520 590/3068/590 519/3069/519
f 553/3070/553 591/3071/591 520/3072/520
f 484/3073/484 554/3074/554 524/3075/524
f 483/3076/483 555/3077/555 554/3078/554
f 521/3079/521 592/3080/592 555/3081/555
f 550/3082/550 593/3083/593 522/3084/522
f 522/3085/522 594/3086/594 523/3087/523
f 523/3088/523 556/3089/556 485/3090/485
f 556/3091/556 592/3092/592 521/3093/521
f 524/3094/524 595/3095/595 553/3096/553
f 557/3097/557 589/3098/589 518/3099/518
f 525/3100/525 480/3101/480 596/3102/596
f 526/3103/526 525/3104/525 597/3105/597
f 527/3106/527 526/3107/526 598/3108/598
f 558/3109/558 527/3110/527 599/3111/599
f 559/3112/559 487/3113/487 558/3114/558
f 600/3115/600 488/3116/488 559/3117/559
f 561/2913/561 489/3118/489 560/3119/560
f 560/3120/560 488/3121/488 601/3122/601
f 562/3123/562 491/2914/491 561/3124/561
f 528/2917/528 562/3125/562 574/2978/574
f 529/2977/529 528/2917/528 574/2978/574
f 530/3126/530 602/3127/602 563/3128/563
f 492/3129/492 563/3130/563 603/3131/603
f 531/3132/531 602/3133/602 530/3134/530
f 492/3135/492 603/3136/603 564/3137/564
f 532/3138/532 604/3139/604 531/3140/531
f 533/3141/533 605/3142/605 532/3143/532
f 533/3144/533 535/3145/535 606/3146/606
f 494/3147/494 607/3148/607 565/3149/565
f 567/3150/567 497/3151/497 566/3152/566
f 608/3153/608 535/3154/535 567/3155/567
f 501/3156/501 609/3157/609 568/3158/568
f 568/3159/568 569/3160/569 498/3161/498
f 499/3162/499 569/3163/569 570/3164/570
f 500/3165/500 570/3166/570 571/3167/571
f 571/3168/571 578/3169/578 509/3170/509
f 573/2975/573 572/3171/572 502/3172/502
f 572/3173/572 610/3174/610 501/3175/501
f 611/3176/611 537/3177/537 536/3178/536
f 612/3179/612 573/3180/573 537/3181/537
f 613/3182/613 503/3183/503 574/3184/574
f 614/3185/614 539/3186/539 538/3187/538
f 540/3188/540 539/3189/539 614/3190/614
f 541/3191/541 540/3192/540 615/3193/615
f 575/3194/575 566/3195/566 505/3196/505
f 576/3197/576 575/3198/575 506/3199/506
f 577/3200/577 576/3201/576 507/3202/507
f 577/3203/577 541/3204/541 616/3205/616
f 543/3206/543 579/3207/579 582/3208/582
f 510/3209/510 581/3210/581 579/3211/579
f 544/3212/544 617/3213/617 581/3214/581
f 543/3215/543 582/3216/582 512/3217/512
f 582/3218/582 618/3219/618 545/3220/545
f 618/3221/618 583/3222/583 545/3223/545
f 513/3224/513 583/3225/583 546/3226/546
f 546/3227/546 619/3228/619 547/3229/547
f 547/3230/547 620/3231/620 584/3232/584
f 584/3233/584 621/3234/621 548/3235/548
f 548/3236/548 585/3237/585 515/3238/515
f 585/3239/585 586/3240/586 516/3241/516
f 549/3242/549 586/3243/586 622/3244/622
f 549/3245/549 622/3246/622 587/3247/587
f 517/3248/517 587/3249/587 550/3250/550
f 551/3251/551 552/3252/552 623/3253/623
f 588/3254/588 551/3255/551 624/3256/624
f 625/3257/625 480/3258/480 588/3259/588
f 552/3260/552 589/3261/589 626/3262/626
f 519/3263/519 590/3264/590 557/3265/557
f 520/3266/520 591/3267/591 590/3268/590
f 553/3269/553 627/3270/627 591/3271/591
f 554/3272/554 595/3273/595 524/3274/524
f 555/3275/555 628/3276/628 554/3277/554
f 592/3278/592 629/3279/629 555/3280/555
f 522/3281/522 593/3282/593 594/3283/594
f 550/3284/550 587/3285/587 593/3286/593
f 523/3287/523 594/3288/594 556/3289/556
f 556/3290/556 630/3291/630 592/3292/592
f 595/3293/595 627/3294/627 553/3295/553
f 557/3296/557 631/3297/631 589/3298/589
f 526/3299/526 597/3300/597 598/3301/598
f 527/3302/527 598/3303/598 599/3304/599
f 558/3305/558 599/3306/599 632/3307/632
f 559/3308/559 558/3309/558 633/3310/633
f 600/3311/600 559/3312/559 634/3313/634
f 601/3314/601 488/3116/488 600/3115/600
f 635/3315/635 561/3316/561 560/3317/560
f 560/3318/560 601/3319/601 636/3320/636
f 561/3321/561 637/3322/637 562/3323/562
f 562/3324/562 613/3325/613 574/3326/574
f 531/3327/531 604/3328/604 602/3329/602
f 532/3330/532 605/3331/605 604/3332/604
f 605/3333/605 533/3334/533 606/3335/606
f 606/3336/606 535/3337/535 608/3338/608
f 607/3339/607 612/3340/612 565/3341/565
f 638/3342/638 567/3343/567 566/3344/566
f 639/3345/639 608/3346/608 567/3347/567
f 609/3348/609 640/3349/640 568/3350/568
f 610/3351/610 609/3157/609 501/3156/501
f 568/3352/568 640/3353/640 569/3354/569
f 569/3355/569 641/3356/641 570/3357/570
f 570/3358/570 642/3359/642 571/3360/571
f 571/3361/571 643/3362/643 578/3363/578
f 573/3364/573 644/3365/644 572/3366/572
f 572/3367/572 645/3368/645 610/3369/610
f 611/3370/611 612/3179/612 537/3181/537
f 612/3371/612 646/3372/646 573/3373/573
f 613/3374/613 647/3375/647 503/3376/503
f 615/3377/615 540/3378/540 614/3379/614
f 616/3380/616 541/3381/541 615/3382/615
f 648/3383/648 566/3384/566 575/3385/575
f 649/3386/649 575/3387/575 576/3388/576
f 650/3389/650 576/3390/576 577/3391/577
f 651/3392/651 577/3393/577 616/3394/616
f 579/3395/579 652/3396/652 582/3397/582
f 581/3398/581 653/3399/653 579/3400/579
f 654/3401/654 617/3402/617 544/3403/544
f 617/3404/617 655/3405/655 581/3406/581
f 652/3407/652 618/3408/618 582/3409/582
f 618/3410/618 656/3411/656 583/3412/583
f 583/3413/583 619/3414/619 546/3415/546
f 619/3416/619 620/3417/620 547/3418/547
f 620/3419/620 657/3420/657 584/3421/584
f 584/3422/584 657/3423/657 621/3424/621
f 548/3425/548 621/3426/621 585/3427/585
f 585/3428/585 658/3429/658 586/3430/586
f 586/3431/586 659/3432/659 622/3433/622
f 587/3434/587 622/3435/622 660/3436/660
f 623/3437/623 552/3438/552 626/3439/626
f 551/3440/551 623/3441/623 624/3442/624
f 588/3443/588 624/3444/624 661/3445/661
f 625/3446/625 588/3447/588 662/3448/662
f 589/3449/589 663/3450/663 626/3451/626
f 557/3452/557 590/3453/590 631/3454/631
f 590/3455/590 591/3456/591 631/3457/631
f 627/3458/627 664/3459/664 591/3460/591
f 554/3461/554 628/3462/628 595/3463/595
f 555/3464/555 629/3465/629 628/3466/628
f 592/3467/592 665/3468/665 629/3469/629
f 593/3470/593 666/3471/666 594/3472/594
f 587/3473/587 660/3474/660 593/3475/593
f 594/3476/594 630/3477/630 556/3478/556
f 630/3479/630 665/3480/665 592/3481/592
f 595/3482/595 667/3483/667 627/3484/627
f 589/3485/589 631/3486/631 663/3487/663
f 633/3488/633 558/3489/558 632/3490/632
f 634/3313/634 559/3312/559 633/3491/633
f 600/3492/600 634/3493/634 668/3494/668
f 601/3495/601 600/3496/600 669/3497/669
f 635/3498/635 637/3499/637 561/3500/561
f 636/3501/636 635/3502/635 560/3503/560
f 636/3504/636 601/3505/601 670/3506/670
f 637/3507/637 613/3508/613 562/3509/562
f 604/3510/604 671/3511/671 602/3512/602
f 605/3513/605 672/3514/672 604/3515/604
f 605/3516/605 606/3517/606 673/3518/673
f 606/3519/606 608/3520/608 674/3521/674
f 565/3522/565 612/3523/612 611/3524/611
f 648/3525/648 638/3526/638 566/3527/566
f 639/3528/639 567/3529/567 638/3530/638
f 674/3531/674 608/3532/608 639/3533/639
f 609/3534/609 675/3535/675 640/3536/640
f 610/3537/610 676/3538/676 609/3539/609
f 569/3540/569 640/3541/640 641/3542/641
f 570/3543/570 641/3544/641 642/3545/642
f 571/3546/571 642/3547/642 643/3548/643
f 646/3549/646 644/3550/644 573/3551/573
f 644/3552/644 645/3553/645 572/3554/572
f 645/3555/645 677/3556/677 610/3557/610
f 678/3558/678 647/3559/647 613/3560/613
f 679/3561/679 615/3562/615 614/3563/614
f 680/3564/680 616/3565/616 615/3566/615
f 649/3567/649 648/3568/648 575/3569/575
f 650/3570/650 649/3571/649 576/3572/576
f 650/3573/650 577/3574/577 651/3575/651
f 651/3576/651 616/3577/616 680/3578/680
f 579/3579/579 653/3580/653 652/3581/652
f 581/3582/581 655/3583/655 653/3584/653
f 654/3585/654 681/3586/681 617/3587/617
f 617/3588/617 682/3589/682 655/3590/655
f 683/3591/683 618/3592/618 652/3593/652
f 656/3594/656 618/3595/618 683/3596/683
f 656/3597/656 619/3598/619 583/3599/583
f 619/3600/619 684/3601/684 620/3602/620
f 620/3603/620 685/3604/685 657/3605/657
f 657/3606/657 686/3607/686 621/3608/621
f 621/3609/621 658/3610/658 585/3611/585
f 586/3612/586 658/3613/658 659/3614/659
f 622/3615/622 659/3616/659 687/3617/687
f 622/3618/622 687/3619/687 660/3620/660
f 623/3621/623 626/3622/626 688/3623/688
f 624/3624/624 623/3625/623 689/3626/689
f 661/3627/661 624/3628/624 690/3629/690
f 662/3630/662 588/3631/588 661/3632/661
f 626/3633/626 663/3634/663 691/3635/691
f 591/3636/591 664/3637/664 631/3638/631
f 664/3639/664 627/3640/627 692/3641/692
f 628/3642/628 667/3643/667 595/3644/595
f 629/3645/629 693/3646/693 628/3647/628
f 665/3648/665 694/3649/694 629/3650/629
f 594/3651/594 666/3652/666 630/3653/630
f 593/3654/593 660/3655/660 666/3656/666
f 630/3657/630 695/3658/695 665/3659/665
f 667/3660/667 696/3661/696 627/3662/627
f 631/3663/631 664/3664/664 663/3665/663
f 633/3666/633 632/3667/632 697/3668/697
f 634/3669/634 633/3670/633 698/3671/698
f 634/3672/634 699/3673/699 668/3674/668
f 600/3675/600 668/3676/668 669/3677/669
f 601/3678/601 669/3679/669 670/3680/670
f 635/3681/635 700/3682/700 637/3683/637
f 701/3684/701 635/3685/635 636/3686/636
f 636/3687/636 670/3688/670 702/3689/702
f 637/3690/637 678/3691/678 613/3692/613
f 672/3693/672 671/3694/671 604/3695/604
f 671/3696/671 703/3697/703 602/3698/602
f 605/3699/605 673/3700/673 672/3701/672
f 606/3702/606 674/3703/674 673/3704/673
f 704/3705/704 638/3706/638 648/3707/648
f 705/3708/705 639/3709/639 638/3710/638
f 706/3711/706 674/3712/674 639/3713/639
f 609/3714/609 707/3715/707 675/3716/675
f 675/3717/675 708/3718/708 640/3719/640
f 676/3720/676 707/3721/707 609/3722/609
f 610/3723/610 677/3724/677 676/3725/676
f 640/3726/640 709/3727/709 641/3728/641
f 641/3729/641 710/3730/710 642/3731/642
f 642/3732/642 711/3733/711 643/3734/643
f 646/3735/646 712/3736/712 644/3737/644
f 644/3738/644 713/3739/713 645/3740/645
f 645/3741/645 714/3742/714 677/3743/677
f 678/3744/678 715/3745/715 647/3746/647
f 716/3747/716 679/3748/679 614/3749/614
f 680/3750/680 615/3751/615 679/3752/679
f 717/3753/717 648/3754/648 649/3755/649
f 718/3756/718 649/3757/649 650/3758/650
f 719/3759/719 650/3760/650 651/3761/651
f 720/3762/720 651/3763/651 680/3764/680
f 653/3765/653 721/3766/721 652/3767/652
f 655/3768/655 722/3769/722 653/3770/653
f 681/3771/681 682/3772/682 617/3773/617
f 682/3774/682 723/3775/723 655/3776/655
f 721/3777/721 683/3778/683 652/3779/652
f 724/3780/724 656/3781/656 683/3782/683
f 725/3783/725 619/3784/619 656/3785/656
f 684/3786/684 685/3787/685 620/3788/620
f 726/3789/726 684/3790/684 619/3791/619
f 685/3792/685 686/3793/686 657/3794/657
f 621/3795/621 686/3796/686 658/3797/658
f 658/3798/658 727/3799/727 659/3800/659
f 659/3801/659 728/3802/728 687/3803/687
f 660/3804/660 687/3805/687 729/3806/729
f 688/3807/688 626/3808/626 691/3809/691
f 689/3810/689 623/3811/623 688/3812/688
f 690/3813/690 624/3814/624 689/3815/689
f 730/3816/730 661/3817/661 690/3818/690
f 731/3819/731 662/3820/662 661/3821/661
f 663/3822/663 732/3823/732 691/3824/691
f 692/3825/692 627/3826/627 733/3827/733
f 732/3828/732 664/3829/664 692/3830/692
f 628/3831/628 693/3832/693 667/3833/667
f 629/3834/629 694/3835/694 693/3836/693
f 665/3837/665 734/3838/734 694/3839/694
f 666/3840/666 695/3841/695 630/3842/630
f 660/3843/660 729/3844/729 666/3845/666
f 695/3846/695 734/3847/734 665/3848/665
f 735/3849/735 696/3850/696 667/3851/667
f 627/3852/627 696/3853/696 736/3854/736
f 663/3855/663 664/3856/664 732/3857/732
f 698/3671/698 633/3670/633 697/3858/697
f 634/3859/634 698/3860/698 699/3861/699
f 668/3862/668 699/3863/699 737/3864/737
f 669/3865/669 668/3866/668 738/3867/738
f 670/3868/670 669/3869/669 739/3870/739
f 700/3871/700 678/3872/678 637/3873/637
f 701/3874/701 700/3875/700 635/3876/635
f 702/3877/702 701/3878/701 636/3879/636
f 702/3880/702 670/3881/670 740/3882/740
f 672/3883/672 741/3884/741 671/3885/671
f 671/3886/671 742/3887/742 703/3888/703
f 602/3889/602 703/3890/703 743/3891/743
f 673/3892/673 744/3893/744 672/3894/672
f 745/3895/745 673/3896/673 674/3897/674
f 717/3898/717 704/3899/704 648/3900/648
f 704/3901/704 705/3902/705 638/3903/638
f 706/3904/706 639/3905/639 705/3906/705
f 745/3907/745 674/3908/674 706/3909/706
f 707/3910/707 746/3911/746 675/3912/675
f 675/3913/675 746/3914/746 708/3915/708
f 640/3916/640 708/3917/708 709/3918/709
f 676/3919/676 747/3920/747 707/3921/707
f 677/3922/677 748/3923/748 676/3924/676
f 641/3925/641 709/3926/709 710/3927/710
f 642/3928/642 710/3929/710 711/3930/711
f 712/3931/712 713/3932/713 644/3933/644
f 713/3934/713 714/3935/714 645/3936/645
f 714/3937/714 749/3938/749 677/3939/677
f 750/3940/750 715/3941/715 678/3942/678
f 751/3943/751 679/3944/679 716/3945/716
f 716/3946/716 614/3947/614 752/3948/752
f 753/3949/753 680/3950/680 679/3951/679
f 718/3952/718 717/3953/717 649/3954/649
f 718/3955/718 650/3956/650 719/3957/719
f 719/3958/719 651/3959/651 720/3960/720
f 720/3961/720 680/3962/680 753/3963/753
f 653/3964/653 722/3965/722 721/3966/721
f 655/3967/655 723/3968/723 722/3969/722
f 681/3970/681 754/3971/754 682/3972/682
f 682/3973/682 755/3974/755 723/3975/723
f 756/3976/756 683/3977/683 721/3978/721
f 724/3979/724 683/3980/683 756/3981/756
f 725/3982/725 656/3983/656 724/3984/724
f 757/3985/757 619/3986/619 725/3987/725
f 684/3988/684 758/3989/758 685/3990/685
f 759/3991/759 726/3992/726 619/3993/619
f 726/3994/726 760/3995/760 684/3996/684
f 685/3997/685 761/3998/761 686/3999/686
f 658/4000/658 686/4001/686 727/4002/727
f 659/4003/659 727/4004/727 728/4005/728
f 687/4006/687 728/4007/728 762/4008/762
f 687/4009/687 762/4010/762 729/4011/729
f 688/4012/688 691/4013/691 763/4014/763
f 689/4015/689 688/4016/688 764/4017/764
f 690/4018/690 689/4019/689 765/4020/765
f 730/4021/730 690/4022/690 766/4023/766
f 731/4024/731 661/3817/661 730/4025/730
f 691/4026/691 732/4027/732 767/4028/767
f 732/4029/732 692/4030/692 768/4031/768
f 693/4032/693 735/4033/735 667/4034/667
f 694/4035/694 769/4036/769 693/4037/693
f 734/4038/734 770/4039/770 694/4040/694
f 666/4041/666 729/4042/729 695/4043/695
f 695/4044/695 771/4045/771 734/4046/734
f 696/4047/696 735/4048/735 772/4049/772
f 736/4050/736 696/4051/696 773/4052/773
f 627/4053/627 736/4054/736 774/4055/774
f 697/4056/697 775/4057/775 698/4058/698
f 668/4059/668 737/4060/737 738/4061/738
f 669/4062/669 738/4063/738 739/4064/739
f 670/4065/670 739/4066/739 740/4067/740
f 700/4068/700 750/4069/750 678/4070/678
f 701/4071/701 776/4072/776 700/4073/700
f 777/4074/777 701/4075/701 702/4076/702
f 702/4077/702 740/4078/740 778/4079/778
f 744/4080/744 741/4081/741 672/4082/672
f 741/4083/741 742/4084/742 671/4085/671
f 742/4086/742 779/4087/779 703/4088/703
f 602/4089/602 743/4090/743 780/4091/780
f 703/4092/703 781/4093/781 743/4094/743
f 744/4095/744 673/4096/673 745/4097/745
f 782/4098/782 704/4099/704 717/4100/717
f 783/4101/783 705/4102/705 704/4103/704
f 784/4104/784 706/4105/706 705/4106/705
f 785/4107/785 745/4108/745 706/4109/706
f 707/4110/707 786/4111/786 746/4112/746
f 746/4113/746 787/4114/787 708/4115/708
f 708/4116/708 788/4117/788 709/4118/709
f 747/4119/747 786/4120/786 707/4121/707
f 748/4122/748 747/4123/747 676/4124/676
f 677/4125/677 749/4126/749 748/4127/748
f 709/4128/709 789/4129/789 710/4130/710
f 710/4131/710 790/4132/790 711/4133/711
f 712/4134/712 791/4135/791 713/4136/713
f 713/4137/713 792/4138/792 714/4139/714
f 714/4140/714 793/4141/793 749/4142/749
f 750/4143/750 794/4144/794 715/4145/715
f 795/4146/795 751/4147/751 716/4148/716
f 751/4149/751 753/4150/753 679/4151/679
f 752/4152/752 614/4153/614 796/4154/796
f 797/4155/797 716/4156/716 752/4157/752
f 798/4158/798 717/4159/717 718/4160/718
f 799/4161/799 718/4162/718 719/4163/719
f 800/4164/800 719/4165/719 720/4166/720
f 801/4167/801 720/4168/720 753/4169/753
f 722/4170/722 802/4171/802 721/4172/721
f 723/4173/723 803/4174/803 722/4175/722
f 754/4176/754 755/4177/755 682/4178/682
f 755/4179/755 804/4180/804 723/4181/723
f 802/4182/802 756/4183/756 721/4184/721
f 805/4185/805 724/4186/724 756/4187/756
f 806/4188/806 725/4189/725 724/4190/724
f 807/4191/807 757/4192/757 725/4193/725
f 758/4194/758 761/4195/761 685/4196/685
f 760/4197/760 758/4198/758 684/4199/684
f 808/4200/808 760/4201/760 726/4202/726
f 686/4203/686 761/4204/761 727/4205/727
f 727/4206/727 809/4207/809 728/4208/728
f 762/4209/762 728/4210/728 810/4211/810
f 729/4212/729 762/4213/762 771/4214/771
f 691/4215/691 767/4216/767 763/4217/763
f 764/4218/764 688/4219/688 763/4220/763
f 765/4221/765 689/4222/689 764/4223/764
f 766/4224/766 690/4225/690 765/4226/765
f 811/4227/811 730/4228/730 766/4229/766
f 812/4230/812 731/4231/731 730/4232/730
f 732/4233/732 768/4234/768 767/4235/767
f 768/4236/768 692/4237/692 813/4238/813
f 769/4239/769 735/4240/735 693/4241/693
f 770/4242/770 769/4243/769 694/4244/694
f 771/4245/771 770/4246/770 734/4247/734
f 729/4248/729 771/4249/771 695/4250/695
f 735/4251/735 814/4252/814 772/4253/772
f 696/4254/696 772/4255/772 773/4256/773
f 736/4257/736 773/4258/773 815/4259/815
f 774/4260/774 736/4261/736 816/4262/816
f 697/4056/697 817/4263/817 775/4057/775
f 738/4264/738 737/4265/737 818/4266/818
f 739/4267/739 738/4268/738 819/4269/819
f 740/4270/740 739/4271/739 820/4272/820
f 776/4273/776 750/4274/750 700/4275/700
f 777/4276/777 776/4277/776 701/4278/701
f 778/4279/778 777/4280/777 702/4281/702
f 778/4282/778 740/4283/740 821/4284/821
f 744/4285/744 822/4286/822 741/4287/741
f 741/4288/741 823/4289/823 742/4290/742
f 742/4291/742 824/4292/824 779/4293/779
f 703/4294/703 779/4295/779 781/4296/781
f 780/4297/780 743/4298/743 825/4299/825
f 602/4300/602 780/4301/780 826/4302/826
f 743/4303/743 781/4304/781 827/4305/827
f 828/4306/828 744/4307/744 745/4308/745
f 782/4309/782 717/4310/717 798/4311/798
f 783/4312/783 704/4313/704 782/4314/782
f 784/4315/784 705/4316/705 783/4317/783
f 784/4318/784 785/4319/785 706/4320/706
f 785/4321/785 828/4322/828 745/4323/745
f 786/4324/786 829/4325/829 746/4326/746
f 746/4327/746 829/4328/829 787/4329/787
f 708/4330/708 787/4331/787 788/4332/788
f 709/4333/709 788/4334/788 789/4335/789
f 747/4336/747 830/4337/830 786/4338/786
f 748/4339/748 831/4340/831 747/4341/747
f 749/4342/749 832/4343/832 748/4344/748
f 710/4345/710 789/4346/789 790/4347/790
f 791/4348/791 792/4349/792 713/4350/713
f 792/4351/792 793/4352/793 714/4353/714
f 793/4354/793 833/4355/833 749/4356/749
f 750/4357/750 834/4358/834 794/4359/794
f 835/4360/835 751/4361/751 795/4362/795
f 795/4363/795 716/4364/716 797/4365/797
f 836/4366/836 753/4367/753 751/4368/751
f 837/4369/837 752/4370/752 796/4371/796
f 796/4372/796 614/4373/614 838/4374/838
f 797/4375/797 752/4376/752 839/4377/839
f 799/4378/799 798/4379/798 718/4380/718
f 800/4381/800 799/4382/799 719/4383/719
f 801/4384/801 800/4385/800 720/4386/720
f 801/4387/801 753/4388/753 836/4389/836
f 722/4390/722 803/4391/803 802/4392/802
f 723/4393/723 804/4394/804 803/4395/803
f 754/4396/754 840/4397/840 755/4398/755
f 755/4399/755 841/4400/841 804/4401/804
f 842/4402/842 756/4403/756 802/4404/802
f 805/4405/805 756/4406/756 842/4407/842
f 806/4408/806 724/4409/724 805/4410/805
f 807/4411/807 725/4412/725 806/4413/806
f 758/4414/758 843/4415/843 761/4416/761
f 760/4417/760 844/4418/844 758/4419/758
f 845/4420/845 808/4421/808 726/4422/726
f 808/4423/808 846/4424/846 760/4425/760
f 761/4426/761 809/4427/809 727/4428/727
f 810/4429/810 728/4430/728 809/4431/809
f 847/4432/847 762/4433/762 810/4434/810
f 762/4435/762 848/4436/848 771/4437/771
f 763/4438/763 767/4439/767 849/4440/849
f 764/4441/764 763/4442/763 850/4443/850
f 765/4444/765 764/4445/764 851/4446/851
f 766/4447/766 765/4448/765 852/4449/852
f 811/4450/811 766/4451/766 853/4452/853
f 812/4453/812 730/4454/730 811/4455/811
f 767/4456/767 768/4457/768 854/4458/854
f 768/4459/768 813/4460/813 855/4461/855
f 735/4462/735 769/4463/769 814/4464/814
f 856/4465/856 769/4466/769 770/4467/770
f 771/4468/771 848/4469/848 770/4470/770
f 772/4471/772 814/4472/814 857/4473/857
f 773/4474/773 772/4475/772 858/4476/858
f 815/4477/815 773/4478/773 859/4479/859
f 816/4480/816 736/4481/736 815/4482/815
f 817/4483/817 860/4484/860 775/4485/775
f 738/4486/738 818/4487/818 819/4488/819
f 739/4489/739 819/4490/819 820/4491/820
f 740/4492/740 820/4493/820 821/4494/821
f 776/4495/776 838/4496/838 750/4497/750
f 777/4498/777 796/4499/796 776/4500/776
f 837/4501/837 777/4502/777 778/4503/778
f 778/4504/778 821/4505/821 861/4506/861
f 822/4507/822 744/4508/744 828/4509/828
f 822/4510/822 823/4511/823 741/4512/741
f 823/4513/823 824/4514/824 742/4515/742
f 824/4516/824 862/4517/862 779/4518/779
f 779/4519/779 863/4520/863 781/4521/781
f 780/4522/780 825/4523/825 833/4524/833
f 743/4525/743 827/4526/827 825/4527/825
f 826/4528/826 780/4529/780 793/4530/793
f 864/4531/864 602/4532/602 826/4533/826
f 781/4534/781 865/4535/865 827/4536/827
f 866/4537/866 782/4538/782 798/4539/798
f 867/4540/867 783/4541/783 782/4542/782
f 868/4543/868 784/4544/784 783/4545/783
f 869/4546/869 785/4547/785 784/4548/784
f 870/4549/870 828/4550/828 785/4551/785
f 786/4552/786 871/4553/871 829/4554/829
f 829/4555/829 872/4556/872 787/4557/787
f 787/4558/787 873/4559/873 788/4560/788
f 788/4561/788 790/4562/790 789/4563/789
f 830/4564/830 871/4565/871 786/4566/786
f 831/4567/831 830/4568/830 747/4569/747
f 832/4570/832 831/4571/831 748/4572/748
f 749/4573/749 833/4574/833 832/4575/832
f 864/4576/864 792/4577/792 791/4578/791
f 826/4579/826 793/4580/793 792/4581/792
f 780/4582/780 833/4583/833 793/4584/793
f 838/4585/838 834/4586/834 750/4587/750
f 835/4588/835 795/4589/795 874/4590/874
f 836/4591/836 751/4592/751 835/4593/835
f 875/4594/875 795/4595/795 797/4596/797
f 837/4597/837 796/4598/796 777/4599/777
f 839/4600/839 752/4601/752 837/4602/837
f 614/4603/614 834/4604/834 838/4605/838
f 796/4606/796 838/4607/838 776/4608/776
f 797/4609/797 839/4610/839 876/4611/876
f 877/4612/877 798/4613/798 799/4614/799
f 878/4615/878 799/4616/799 800/4617/800
f 879/4618/879 800/4619/800 801/4620/801
f 880/4621/880 801/4622/801 836/4623/836
f 803/4624/803 881/4625/881 802/4626/802
f 882/4627/882 803/4628/803 804/4629/804
f 840/4630/840 841/4631/841 755/4632/755
f 882/4633/882 804/4634/804 841/4635/841
f 881/4636/881 842/4637/842 802/4638/802
f 883/4639/883 805/4640/805 842/4641/842
f 884/4642/884 806/4643/806 805/4644/805
f 885/4645/885 807/4646/807 806/4647/806
f 844/4648/844 843/4649/843 758/4650/758
f 843/4651/843 809/4652/809 761/4653/761
f 846/4654/846 844/4655/844 760/4656/760
f 886/4657/886 808/4658/808 845/4659/845
f 887/4660/887 846/4661/846 808/4662/808
f 810/4663/810 809/4664/809 888/4665/888
f 847/4666/847 810/4667/810 889/4668/889
f 890/4669/890 762/4670/762 847/4671/847
f 891/4672/891 848/4673/848 762/4674/762
f 767/4675/767 854/4676/854 849/4677/849
f 763/4678/763 849/4679/849 850/4680/850
f 764/4681/764 850/4682/850 851/4683/851
f 852/4684/852 765/4685/765 851/4686/851
f 853/4687/853 766/4688/766 852/4689/852
f 892/4690/892 811/4691/811 853/4692/853
f 893/4693/893 812/4694/812 811/4695/811
f 768/4696/768 855/4697/855 854/4698/854
f 856/4699/856 814/4700/814 769/4701/769
f 848/4702/848 856/4703/856 770/4704/770
f 894/4705/894 857/4706/857 814/4707/814
f 772/4708/772 857/4709/857 858/4710/858
f 773/4711/773 858/4712/858 859/4713/859
f 815/4714/815 859/4715/859 895/4716/895
f 816/4717/816 815/4718/815 896/4719/896
f 817/4483/817 893/4720/893 860/4484/860
f 819/4721/819 818/4722/818 897/4723/897
f 820/4724/820 819/4725/819 898/4726/898
f 821/4727/821 820/4728/820 899/4729/899
f 861/4730/861 837/4731/837 778/4732/778
f 861/4733/861 821/4734/821 900/4735/900
f 901/4736/901 822/4737/822 828/4738/828
f 822/4739/822 902/4740/902 823/4741/823
f 823/4742/823 903/4743/903 824/4744/824
f 824/4745/824 904/4746/904 862/4747/862
f 779/4748/779 862/4749/862 863/4750/863
f 781/4751/781 863/4752/863 865/4753/865
f 833/4754/833 825/4755/825 905/4756/905
f 825/4757/825 827/4758/827 906/4759/906
f 864/4760/864 826/4761/826 792/4762/792
f 827/4763/827 865/4764/865 906/4765/906
f 877/4766/877 866/4767/866 798/4768/798
f 867/4769/867 782/4770/782 866/4771/866
f 868/4772/868 783/4773/783 867/4774/867
f 869/4775/869 784/4776/784 868/4777/868
f 869/4778/869 870/4779/870 785/4780/785
f 870/4781/870 901/4782/901 828/4783/828
f 871/4784/871 907/4785/907 829/4786/829
f 787/4787/787 872/4788/872 873/4789/873
f 829/4790/829 907/4791/907 872/4792/872
f 788/4793/788 873/4794/873 790/4795/790
f 830/4796/830 908/4797/908 871/4798/871
f 831/4799/831 909/4800/909 830/4801/830
f 832/4802/832 910/4803/910 831/4804/831
f 833/4805/833 905/4806/905 832/4807/832
f 911/4808/911 835/4809/835 874/4810/874
f 874/4811/874 795/4812/795 875/4813/875
f 912/4814/912 836/4815/836 835/4816/835
f 875/4817/875 797/4818/797 876/4819/876
f 839/4820/839 837/4821/837 861/4822/861
f 839/4823/839 913/4824/913 876/4825/876
f 878/4826/878 877/4827/877 799/4828/799
f 879/4829/879 878/4830/878 800/4831/800
f 879/4832/879 801/4833/801 880/4834/880
f 880/4835/880 836/4836/836 912/4837/912
f 914/4838/914 881/4839/881 803/4840/803
f 915/4841/915 803/4842/803 882/4843/882
f 840/4844/840 916/4845/916 841/4846/841
f 882/4633/882 841/4847/841 917/4848/917
f 918/4849/918 842/4850/842 881/4851/881
f 883/4852/883 842/4853/842 918/4854/918
f 884/4855/884 805/4856/805 883/4857/883
f 885/4858/885 806/4859/806 884/4860/884
f 844/4861/844 919/4862/919 843/4863/843
f 888/4864/888 809/4865/809 843/4866/843
f 846/4867/846 920/4868/920 844/4869/844
f 887/4870/887 808/4871/808 886/4872/886
f 887/4873/887 921/4874/921 846/4875/846
f 889/4876/889 810/4877/810 888/4878/888
f 922/4879/922 847/4880/847 889/4881/889
f 923/4882/923 890/4883/890 847/4884/847
f 924/4885/924 891/4886/891 762/4887/762
f 891/4888/891 925/4889/925 848/4890/848
f 849/4891/849 854/4892/854 926/4893/926
f 850/4894/850 849/4895/849 927/4896/927
f 851/4897/851 850/4898/850 928/4899/928
f 852/4900/852 851/4901/851 929/4902/929
f 853/4903/853 852/4904/852 929/4905/929
f 892/4906/892 853/4907/853 930/4908/930
f 893/4909/893 811/4910/811 892/4911/892
f 854/4912/854 855/4913/855 931/4914/931
f 894/4915/894 814/4916/814 856/4917/856
f 925/4918/925 856/4919/856 848/4920/848
f 932/4921/932 857/4922/857 894/4923/894
f 858/4924/858 857/4925/857 933/4926/933
f 859/4927/859 858/4928/858 934/4929/934
f 895/4930/895 859/4931/859 935/4932/935
f 896/4933/896 815/4934/815 895/4935/895
f 893/4936/893 936/4937/936 860/4938/860
f 819/4939/819 897/4940/897 898/4941/898
f 820/4942/820 898/4943/898 899/4944/899
f 821/4945/821 899/4946/899 900/4947/900
f 861/4948/861 900/4949/900 913/4950/913
f 902/4951/902 822/4952/822 901/4953/901
f 902/4954/902 903/4955/903 823/4956/823
f 903/4957/903 904/4958/904 824/4959/824
f 904/4960/904 937/4961/937 862/4962/862
f 862/4963/862 938/4964/938 863/4965/863
f 863/4966/863 939/4967/939 865/4968/865
f 825/4969/825 906/4970/906 905/4971/905
f 865/4972/865 940/4973/940 906/4974/906
f 941/4975/941 866/4976/866 877/4977/877
f 942/4978/942 867/4979/867 866/4980/866
f 943/4981/943 868/4982/868 867/4983/867
f 944/4984/944 869/4985/869 868/4986/868
f 945/4987/945 870/4988/870 869/4989/869
f 946/4990/946 901/4991/901 870/4992/870
f 871/4993/871 947/4994/947 907/4995/907
f 873/4996/873 948/4997/948 790/4998/790
f 871/4999/871 908/5000/908 949/5001/949
f 830/5002/830 909/5003/909 908/5004/908
f 910/5005/910 909/5006/909 831/5007/831
f 905/5008/905 910/5009/910 832/5010/832
f 874/5011/874 950/5012/950 911/5013/911
f 912/5014/912 835/5015/835 911/5016/911
f 875/5017/875 951/5018/951 874/5019/874
f 876/5020/876 952/5021/952 875/5022/875
f 913/5023/913 839/5024/839 861/5025/861
f 876/5026/876 913/5027/913 953/5028/953
f 954/5029/954 877/5030/877 878/5031/878
f 955/5032/955 878/5033/878 879/5034/879
f 956/5035/956 879/5036/879 880/5037/880
f 957/5038/957 880/5039/880 912/5040/912
f 881/5041/881 914/5042/914 958/5043/958
f 914/4838/914 803/4840/803 915/5044/915
f 959/5045/959 915/5046/915 882/5047/882
f 960/5048/960 841/5049/841 916/5050/916
f 917/5051/917 841/5049/841 960/5048/960
f 961/5052/961 882/5053/882 917/5054/917
f 881/5041/881 958/5043/958 918/5055/918
f 962/5056/962 883/5057/883 918/5058/918
f 963/5059/963 884/5060/884 883/5061/883
f 964/5062/964 885/5063/885 884/5064/884
f 920/5065/920 919/5066/919 844/5067/844
f 919/5068/919 888/5069/888 843/5070/843
f 921/5071/921 920/5072/920 846/5073/846
f 965/5074/965 887/5075/887 886/5076/886
f 966/5077/966 921/5078/921 887/5079/887
f 889/5080/889 888/5081/888 967/5082/967
f 922/5083/922 889/5084/889 968/5085/968
f 923/5086/923 847/5087/847 922/5088/922
f 969/5089/969 925/5090/925 891/5091/891
f 854/5092/854 931/5093/931 926/5094/926
f 849/5095/849 926/5096/926 927/5097/927
f 850/5098/850 927/5099/927 970/5100/970
f 929/5101/929 851/5102/851 928/5103/928
f 928/4899/928 850/4898/850 971/5104/971
f 853/5105/853 929/5106/929 930/5107/930
f 892/4906/892 930/5108/930 936/5109/936
f 893/4936/893 892/4906/892 936/4937/936
f 925/5110/925 894/5111/894 856/5112/856
f 972/5113/972 932/5114/932 894/5115/894
f 932/5116/932 933/5117/933 857/5118/857
f 858/5119/858 933/5120/933 934/5121/934
f 859/5122/859 934/5123/934 935/5124/935
f 895/5125/895 935/5126/935 973/5127/973
f 896/5128/896 895/5129/895 974/5130/974
f 860/5131/860 936/5132/936 975/5133/975
f 898/5134/898 897/5135/897 976/5136/976
f 899/5137/899 898/5138/898 976/5139/976
f 900/5140/900 899/5141/899 977/5142/977
f 913/5143/913 900/5144/900 978/5145/978
f 979/5146/979 902/5147/902 901/5148/901
f 902/5149/902 980/5150/980 903/5151/903
f 903/5152/903 981/5153/981 904/5154/904
f 904/5155/904 982/5156/982 937/5157/937
f 862/5158/862 937/5159/937 938/5160/938
f 863/5161/863 938/5162/938 939/5163/939
f 865/5164/865 939/5165/939 940/5166/940
f 905/5167/905 906/5168/906 983/5169/983
f 906/5170/906 940/5171/940 983/5172/983
f 942/5173/942 866/5174/866 941/5175/941
f 954/5176/954 941/5177/941 877/5178/877
f 943/5179/943 867/5180/867 942/5181/942
f 944/5182/944 868/5183/868 943/5184/943
f 944/5185/944 945/5186/945 869/5187/869
f 945/5188/945 946/5189/946 870/5190/870
f 979/5191/979 901/5192/901 946/5193/946
f 871/5194/871 949/5195/949 947/5196/947
f 873/5197/873 984/5198/984 948/5199/948
f 908/5200/908 985/5201/985 949/5202/949
f 909/5203/909 985/5204/985 908/5205/908
f 910/5206/910 986/5207/986 909/5208/909
f 905/5209/905 983/5210/983 910/5211/910
f 987/5212/987 911/5213/911 950/5214/950
f 874/5215/874 951/5216/951 950/5217/950
f 988/5218/988 912/5219/912 911/5220/911
f 875/5221/875 952/5222/952 951/5223/951
f 876/5224/876 953/5225/953 952/5226/952
f 913/5227/913 978/5228/978 953/5229/953
f 955/5230/955 954/5231/954 878/5232/878
f 956/5233/956 955/5234/955 879/5235/879
f 956/5236/956 880/5237/880 957/5238/957
f 957/5239/957 912/5240/912 988/5241/988
f 989/5242/989 958/5243/958 914/5244/914
f 915/5245/915 990/5246/990 914/5247/914
f 961/5248/961 959/5249/959 882/5250/882
f 959/5251/959 991/5252/991 915/5253/915
f 984/5254/984 960/5255/960 916/5256/916
f 992/5257/992 917/5258/917 960/5259/960
f 992/5260/992 961/5261/961 917/5262/917
f 918/5263/918 958/5264/958 962/5265/962
f 963/5266/963 883/5267/883 962/5268/962
f 964/5269/964 884/5270/884 963/5271/963
f 920/5272/920 993/5273/993 919/5274/919
f 967/5275/967 888/5276/888 919/5277/919
f 921/5278/921 994/5279/994 920/5280/920
f 966/5281/966 887/5282/887 965/5283/965
f 966/5284/966 995/5285/995 921/5286/921
f 968/5287/968 889/5288/889 967/5289/967
f 996/5290/996 922/5291/922 968/5292/968
f 997/5293/997 923/5294/923 922/5295/922
f 998/5296/998 969/5297/969 891/5298/891
f 969/5299/969 972/5300/972 925/5301/925
f 926/5302/926 931/5303/931 999/5304/999
f 927/5305/927 926/5306/926 1000/5307/1000
f 927/5308/927 1000/5309/1000 970/5310/970
f 850/5311/850 970/5312/970 971/5313/971
f 929/5314/929 928/5315/928 1001/5316/1001
f 1002/5317/1002 928/5318/928 971/5319/971
f 930/5320/930 929/5321/929 1003/5322/1003
f 936/5132/936 930/5323/930 975/5324/975
f 972/5325/972 894/5326/894 925/5327/925
f 1004/5328/1004 932/5329/932 972/5330/972
f 1005/5331/1005 933/5332/933 932/5333/932
f 934/5334/934 933/5335/933 1006/5336/1006
f 935/5337/935 934/5338/934 1007/5339/1007
f 973/5340/973 935/5341/935 1008/5342/1008
f 974/5343/974 895/5344/895 973/5345/973
f 860/5346/860 975/5347/975 1009/5348/1009
f 899/5349/899 976/5350/976 977/5351/977
f 900/5352/900 977/5353/977 978/5354/978
f 979/5355/979 980/5356/980 902/5357/902
f 980/5358/980 981/5359/981 903/5360/903
f 981/5361/981 982/5362/982 904/5363/904
f 982/5364/982 1010/5365/1010 937/5366/937
f 937/5367/937 1011/5368/1011 938/5369/938
f 938/5370/938 1012/5371/1012 939/5372/939
f 939/5373/939 1013/5374/1013 940/5375/940
f 940/5376/940 1014/5377/1014 983/5378/983
f 1015/5379/1015 942/5380/942 941/5381/941
f 1016/5382/1016 941/5383/941 954/5384/954
f 1017/5385/1017 943/5386/943 942/5387/942
f 1018/5388/1018 944/5389/944 943/5390/943
f 1019/5391/1019 945/5392/945 944/5393/944
f 1020/5394/1020 946/5395/946 945/5396/945
f 1021/5397/1021 979/5398/979 946/5399/946
f 984/5400/984 916/5401/916 948/5402/948
f 986/5403/986 985/5404/985 909/5405/909
f 983/5406/983 986/5407/986 910/5408/910
f 988/5409/988 911/5410/911 987/5411/987
f 987/5412/987 950/5413/950 1022/5414/1022
f 951/5415/951 1023/5416/1023 950/5417/950
f 952/5418/952 1024/5419/1024 951/5420/951
f 953/5421/953 1025/5422/1025 952/5423/952
f 978/5424/978 1026/5425/1026 953/5426/953
f 1027/5427/1027 954/5428/954 955/5429/955
f 1028/5430/1028 955/5431/955 956/5432/956
f 1029/5433/1029 956/5434/956 957/5435/957
f 1030/5436/1030 957/5437/957 988/5438/988
f 989/5439/989 1031/5440/1031 958/5441/958
f 990/5442/990 989/5443/989 914/5444/914
f 991/5445/991 990/5446/990 915/5447/915
f 1032/5448/1032 959/5449/959 961/5450/961
f 1033/5451/1033 991/5452/991 959/5453/959
f 1034/5454/1034 961/5455/961 992/5456/992
f 958/5264/958 1035/5457/1035 962/5265/962
f 1036/5458/1036 963/5459/963 962/5460/962
f 1037/5461/1037 964/5462/964 963/5463/963
f 994/5464/994 993/5465/993 920/5466/920
f 993/5467/993 967/5468/967 919/5469/919
f 995/5470/995 994/5471/994 921/5472/921
f 1038/5473/1038 966/5474/966 965/5475/965
f 1039/5476/1039 995/5477/995 966/5478/966
f 968/5479/968 967/5480/967 1040/5481/1040
f 996/5482/996 968/5483/968 1041/5484/1041
f 997/5485/997 922/5486/922 996/5487/996
f 1042/5488/1042 969/5489/969 998/5490/998
f 1043/5491/1043 972/5492/972 969/5493/969
f 926/5494/926 999/5495/999 1000/5496/1000
f 970/5497/970 1000/5498/1000 1044/5499/1044
f 971/5500/971 970/5501/970 1045/5502/1045
f 1003/5503/1003 929/5504/929 1001/5505/1001
f 1001/5506/1001 928/5507/928 1002/5508/1002
f 1002/5509/1002 971/5510/971 1046/5511/1046
f 975/5512/975 930/5513/930 1003/5514/1003
f 1043/5515/1043 1004/5516/1004 972/5517/972
f 1004/5518/1004 1005/5519/1005 932/5520/932
f 1005/5521/1005 1006/5522/1006 933/5523/933
f 934/5524/934 1006/5525/1006 1007/5526/1007
f 935/5527/935 1007/5528/1007 1008/5529/1008
f 973/5530/973 1008/5531/1008 1047/5532/1047
f 974/5533/974 973/5534/973 1048/5535/1048
f 1009/5536/1009 975/5537/975 1049/5538/1049
f 977/5539/977 976/5540/976 1050/5541/1050
f 978/5542/978 977/5543/977 1026/5544/1026
f 979/5545/979 1051/5546/1051 980/5547/980
f 980/5548/980 1052/5549/1052 981/5550/981
f 981/5551/981 1053/5552/1053 982/5553/982
f 982/5554/982 1054/5555/1054 1010/5556/1010
f 937/5557/937 1010/5558/1010 1011/5559/1011
f 938/5560/938 1011/5561/1011 1012/5562/1012
f 939/5563/939 1012/5564/1012 1013/5565/1013
f 940/5566/940 1013/5567/1013 1014/5568/1014
f 1014/5569/1014 986/5570/986 983/5571/983
f 1017/5572/1017 942/5573/942 1015/5574/1015
f 1015/5575/1015 941/5576/941 1016/5577/1016
f 1027/5578/1027 1016/5579/1016 954/5580/954
f 1018/5581/1018 943/5582/943 1017/5583/1017
f 1018/5584/1018 1019/5585/1019 944/5586/944
f 1019/5587/1019 1020/5588/1020 945/5589/945
f 1021/5590/1021 946/5591/946 1020/5592/1020
f 1021/5593/1021 1051/5594/1051 979/5595/979
f 1055/5596/1055 985/5597/985 986/5598/986
f 1056/5599/1056 988/5600/988 987/5601/987
f 1022/5602/1022 950/5603/950 1023/5604/1023
f 1057/5605/1057 987/5606/987 1022/5607/1022
f 951/5608/951 1024/5609/1024 1023/5610/1023
f 952/5611/952 1025/5612/1025 1024/5613/1024
f 953/5614/953 1026/5615/1026 1025/5616/1025
f 1028/5617/1028 1027/5618/1027 955/5619/955
f 1029/5620/1029 1028/5621/1028 956/5622/956
f 1029/5623/1029 957/5624/957 1030/5625/1030
f 1030/5626/1030 988/5627/988 1056/5628/1056
f 989/5629/989 1058/5630/1058 1031/5631/1031
f 958/5632/958 1031/5633/1031 1035/5634/1035
f 1059/5635/1059 989/5636/989 990/5637/990
f 991/5638/991 1060/5639/1060 990/5640/990
f 1034/5641/1034 1032/5642/1032 961/5643/961
f 1032/5644/1032 1033/5645/1033 959/5646/959
f 1033/5647/1033 1061/5648/1061 991/5649/991
f 962/5650/962 1035/5651/1035 1036/5652/1036
f 1037/5653/1037 963/5654/963 1036/5655/1036
f 994/5656/994 1062/5657/1062 993/5658/993
f 1040/5659/1040 967/5660/967 993/5661/993
f 1063/5662/1063 994/5663/994 995/5664/995
f 1039/5665/1039 966/5666/966 1038/5667/1038
f 1064/5668/1064 995/5669/995 1039/5670/1039
f 1041/5671/1041 968/5672/968 1040/5673/1040
f 1065/5674/1065 996/5675/996 1041/5676/1041
f 1066/5677/1066 997/5678/997 996/5679/996
f 1043/5680/1043 969/5681/969 1042/5682/1042
f 1000/5683/1000 999/5684/999 1067/5685/1067
f 1044/5686/1044 1000/5687/1000 1068/5688/1068
f 970/5689/970 1044/5690/1044 1069/5691/1069
f 1045/5692/1045 970/5693/970 1069/5694/1069
f 1046/5695/1046 971/5696/971 1045/5697/1045
f 1003/5698/1003 1001/5699/1001 1070/5700/1070
f 1001/5701/1001 1002/5702/1002 1071/5703/1071
f 1002/5704/1002 1046/5705/1046 1072/5706/1072
f 975/5707/975 1003/5708/1003 1049/5709/1049
f 1073/5710/1073 1004/5711/1004 1043/5712/1043
f 1074/5713/1074 1005/5714/1005 1004/5715/1004
f 1006/5716/1006 1005/5717/1005 1075/5718/1075
f 1076/5719/1076 1007/5720/1007 1006/5721/1006
f 1076/5722/1076 1008/5723/1008 1007/5724/1007
f 1077/5725/1077 1047/5726/1047 1008/5727/1008
f 1048/5728/1048 973/5729/973 1047/5730/1047
f 1009/5731/1009 1049/5732/1049 1078/5733/1078
f 976/5734/976 1079/5735/1079 1050/5736/1050
f 977/5737/977 1050/5738/1050 1026/5739/1026
f 1051/5740/1051 1052/5741/1052 980/5742/980
f 1052/5743/1052 1053/5744/1053 981/5745/981
f 1053/5746/1053 1054/5747/1054 982/5748/982
f 1054/5749/1054 1080/5750/1080 1010/5751/1010
f 1010/5752/1010 1081/5753/1081 1011/5754/1011
f 1011/5755/1011 1082/5756/1082 1012/5757/1012
f 1012/5758/1012 1083/5759/1083 1013/5760/1013
f 1013/5761/1013 1084/5762/1084 1014/5763/1014
f 1014/5764/1014 1055/5765/1055 986/5766/986
f 1085/5767/1085 1017/5768/1017 1015/5769/1015
f 1086/5770/1086 1015/5771/1015 1016/5772/1016
f 1087/5773/1087 1016/5774/1016 1027/5775/1027
f 1088/5776/1088 1018/5777/1018 1017/5778/1017
f 1089/5779/1089 1019/5780/1019 1018/5781/1018
f 1090/5782/1090 1020/5783/1020 1019/5784/1019
f 1091/5785/1091 1021/5786/1021 1020/5787/1020
f 1092/5788/1092 1051/5789/1051 1021/5790/1021
f 1055/5791/1055 1093/5792/1093 985/5793/985
f 1056/5794/1056 987/5795/987 1057/5796/1057
f 1022/5797/1022 1023/5798/1023 1094/5799/1094
f 1057/5800/1057 1022/5801/1022 1095/5802/1095
f 1024/5803/1024 1096/5804/1096 1023/5805/1023
f 1025/5806/1025 1097/5807/1097 1024/5808/1024
f 1026/5809/1026 1098/5810/1098 1025/5811/1025
f 1099/5812/1099 1027/5813/1027 1028/5814/1028
f 1100/5815/1100 1028/5816/1028 1029/5817/1029
f 1101/5818/1101 1029/5819/1029 1030/5820/1030
f 1102/5821/1102 1030/5822/1030 1056/5823/1056
f 1058/5824/1058 1103/5825/1103 1031/5826/1031
f 1059/5827/1059 1058/5828/1058 989/5829/989
f 1031/5830/1031 1104/5831/1104 1035/5832/1035
f 1060/5833/1060 1059/5834/1059 990/5835/990
f 1061/5836/1061 1060/5837/1060 991/5838/991
f 1105/5839/1105 1032/5840/1032 1034/5841/1034
f 1106/5842/1106 1033/5843/1033 1032/5844/1032
f 1107/5845/1107 1061/5846/1061 1033/5847/1033
f 1035/5848/1035 1108/5849/1108 1036/5850/1036
f 1036/5851/1036 1108/5852/1108 1037/5853/1037
f 1063/5854/1063 1062/5855/1062 994/5856/994
f 1062/5857/1062 1040/5858/1040 993/5859/993
f 1063/5662/1063 995/5664/995 1064/5860/1064
f 1109/5861/1109 1039/5862/1039 1038/5863/1038
f 1064/5668/1064 1039/5670/1039 1110/5864/1110
f 1041/5865/1041 1040/5866/1040 1111/5867/1111
f 1065/5868/1065 1041/5869/1041 1112/5870/1112
f 1066/5871/1066 996/5872/996 1065/5873/1065
f 1113/5874/1113 1043/5875/1043 1042/5876/1042
f 1000/5877/1000 1067/5878/1067 1068/5879/1068
f 1044/5880/1044 1068/5881/1068 1114/5882/1114
f 1069/5883/1069 1044/5884/1044 1114/5885/1114
f 1045/5886/1045 1069/5887/1069 1115/5888/1115
f 1046/5889/1046 1045/5890/1045 1116/5891/1116
f 1049/5892/1049 1003/5893/1003 1070/5894/1070
f 1070/5895/1070 1001/5896/1001 1071/5897/1071
f 1071/5898/1071 1002/5899/1002 1072/5900/1072
f 1072/5901/1072 1046/5902/1046 1117/5903/1117
f 1073/5904/1073 1043/5905/1043 1113/5906/1113
f 1073/5907/1073 1074/5908/1074 1004/5909/1004
f 1005/5910/1005 1074/5911/1074 1118/5912/1118
f 1075/5913/1075 1076/5914/1076 1006/5915/1006
f 1075/5916/1075 1005/5917/1005 1119/5918/1119
f 1076/5919/1076 1077/5920/1077 1008/5921/1008
f 1077/5922/1077 1120/5923/1120 1047/5924/1047
f 1120/5925/1120 1048/5926/1048 1047/5927/1047
f 1078/5928/1078 1049/5929/1049 1121/5930/1121
f 1050/5931/1050 1079/5932/1079 1122/5933/1122
f 976/5934/976 1123/5935/1123 1079/5936/1079
f 1026/5937/1026 1050/5938/1050 1098/5939/1098
f 1124/5940/1124 1052/5941/1052 1051/5942/1051
f 1125/5943/1125 1053/5944/1053 1052/5945/1052
f 1126/5946/1126 1054/5947/1054 1053/5948/1053
f 1127/5949/1127 1080/5950/1080 1054/5951/1054
f 1010/5952/1010 1080/5953/1080 1081/5954/1081
f 1011/5955/1011 1081/5956/1081 1082/5957/1082
f 1012/5958/1012 1082/5959/1082 1083/5960/1083
f 1013/5961/1013 1083/5962/1083 1084/5963/1084
f 1084/5964/1084 1055/5965/1055 1014/5966/1014
f 1085/5967/1085 1015/5968/1015 1086/5969/1086
f 1088/5970/1088 1017/5971/1017 1085/5972/1085
f 1086/5973/1086 1016/5974/1016 1087/5975/1087
f 1087/5976/1087 1027/5977/1027 1099/5978/1099
f 1089/5979/1089 1018/5980/1018 1088/5981/1088
f 1090/5982/1090 1019/5983/1019 1089/5984/1089
f 1091/5985/1091 1020/5986/1020 1090/5987/1090
f 1092/5988/1092 1021/5989/1021 1091/5990/1091
f 1092/5991/1092 1124/5992/1124 1051/5993/1051
f 1128/5994/1128 1093/5995/1093 1055/5996/1055
f 1093/5997/1093 1129/5998/1129 985/5999/985
f 1130/6000/1130 1056/6001/1056 1057/6002/1057
f 1094/6003/1094 1023/6004/1023 1096/6005/1096
f 1095/6006/1095 1022/6007/1022 1094/6008/1094
f 1057/6009/1057 1095/6010/1095 1131/6011/1131
f 1024/6012/1024 1097/6013/1097 1096/6014/1096
f 1025/6015/1025 1098/6016/1098 1097/6017/1097
f 1099/6018/1099 1028/6019/1028 1100/6020/1100
f 1100/6021/1100 1029/6022/1029 1101/6023/1101
f 1101/6024/1101 1030/6025/1030 1102/6026/1102
f 1102/6027/1102 1056/6028/1056 1130/6029/1130
f 1058/6030/1058 1132/6031/1132 1103/6032/1103
f 1031/6033/1031 1103/6034/1103 1104/6035/1104
f 1059/6036/1059 1133/6037/1133 1058/6038/1058
f 1035/6039/1035 1104/6040/1104 1108/6041/1108
f 1134/6042/1134 1059/6043/1059 1060/6044/1060
f 1061/6045/1061 1135/6046/1135 1060/6047/1060
f 1105/6048/1105 1106/6049/1106 1032/6050/1032
f 1106/6051/1106 1107/6052/1107 1033/6053/1033
f 1107/6054/1107 1136/6055/1136 1061/6056/1061
f 1108/5849/1108 1137/6057/1137 1037/6058/1037
f 1138/6059/1138 1062/5855/1062 1063/5854/1063
f 1111/6060/1111 1040/6061/1040 1062/6062/1062
f 1063/6063/1063 1064/6064/1064 1139/6065/1139
f 1110/5864/1110 1039/5670/1039 1109/6066/1109
f 1064/6067/1064 1110/6068/1110 1140/6069/1140
f 1112/6070/1112 1041/6071/1041 1111/6072/1111
f 1141/6073/1141 1065/6074/1065 1112/6075/1112
f 1142/6076/1142 1066/6077/1066 1065/6078/1065
f 1068/6079/1068 1067/6080/1067 1143/6081/1143
f 1069/6082/1069 1114/6083/1114 1144/6084/1144
f 1115/6085/1115 1069/6086/1069 1144/6087/1144
f 1116/6088/1116 1045/6089/1045 1115/6090/1115
f 1117/6091/1117 1046/6092/1046 1116/6093/1116
f 1049/6094/1049 1070/6095/1070 1121/6096/1121
f 1070/6097/1070 1071/6098/1071 1145/6099/1145
f 1071/6100/1071 1072/6101/1072 1146/6102/1146
f 1072/6103/1072 1117/6104/1117 1147/6105/1147
f 1148/6106/1148 1073/6107/1073 1113/6108/1113
f 1149/6109/1149 1074/6110/1074 1073/6111/1073
f 1074/6112/1074 1149/6113/1149 1118/6114/1118
f 1005/6115/1005 1118/6116/1118 1119/6117/1119
f 1150/6118/1150 1076/6119/1076 1075/6120/1075
f 1151/6121/1151 1075/6122/1075 1119/6123/1119
f 1152/6124/1152 1077/6125/1077 1076/6126/1076
f 1153/6127/1153 1120/6128/1120 1077/6129/1077
f 1120/6130/1120 1154/6131/1154 1048/6132/1048
f 1078/6133/1078 1121/6134/1121 1155/6135/1155
f 1079/6136/1079 1156/6137/1156 1122/6138/1122
f 1050/6139/1050 1122/6140/1122 1098/6141/1098
f 976/6142/976 1157/6143/1157 1123/6144/1123
f 1123/6145/1123 1158/6146/1158 1079/6147/1079
f 1124/6148/1124 1125/6149/1125 1052/6150/1052
f 1125/6151/1125 1126/6152/1126 1053/6153/1053
f 1126/6154/1126 1127/6155/1127 1054/6156/1054
f 1127/6157/1127 1159/6158/1159 1080/6159/1080
f 1080/6160/1080 1160/6161/1160 1081/6162/1081
f 1081/6163/1081 1161/6164/1161 1082/6165/1082
f 1082/6166/1082 1162/6167/1162 1083/6168/1083
f 1083/6169/1083 1163/6170/1163 1084/6171/1084
f 1084/6172/1084 1128/6173/1128 1055/6174/1055
f 1164/6175/1164 1085/6176/1085 1086/6177/1086
f 1088/6178/1088 1085/6179/1085 1165/6180/1165
f 1166/6181/1166 1086/6182/1086 1087/6183/1087
f 1087/6184/1087 1099/6185/1099 1167/6186/1167
f 1089/6187/1089 1088/6188/1088 1168/6189/1168
f 1090/6190/1090 1089/6191/1089 1169/6192/1169
f 1091/6193/1091 1090/6194/1090 1170/6195/1170
f 1171/6196/1171 1092/6197/1092 1091/6198/1091
f 1172/6199/1172 1124/6200/1124 1092/6201/1092
f 1128/6202/1128 1173/6203/1173 1093/6204/1093
f 985/6205/985 1129/6206/1129 1174/6207/1174
f 1093/6208/1093 1175/6209/1175 1129/6210/1129
f 1130/6211/1130 1057/6212/1057 1131/6213/1131
f 1094/6214/1094 1096/6215/1096 1176/6216/1176
f 1095/6217/1095 1094/6218/1094 1177/6219/1177
f 1131/6220/1131 1095/6221/1095 1178/6222/1178
f 1097/6223/1097 1179/6224/1179 1096/6225/1096
f 1098/6226/1098 1180/6227/1180 1097/6228/1097
f 1099/6229/1099 1100/6230/1100 1181/6231/1181
f 1100/6232/1100 1101/6233/1101 1182/6234/1182
f 1101/6235/1101 1102/6236/1102 1183/6237/1183
f 1102/6238/1102 1130/6239/1130 1184/6240/1184
f 1132/6241/1132 1185/6242/1185 1103/6243/1103
f 1133/6244/1133 1132/6245/1132 1058/6246/1058
f 1103/6247/1103 1186/6248/1186 1104/6249/1104
f 1134/6250/1134 1133/6251/1133 1059/6252/1059
f 1104/6253/1104 1137/6254/1137 1108/6255/1108
f 1135/6256/1135 1134/6257/1134 1060/6258/1060
f 1136/6259/1136 1135/6260/1135 1061/6261/1061
f 1187/6262/1187 1106/6263/1106 1105/6264/1105
f 1188/6265/1188 1107/6266/1107 1106/6267/1106
f 1174/6268/1174 1136/6269/1136 1107/6270/1107
f 1137/6271/1137 1189/6272/1189 1037/6273/1037
f 1190/6274/1190 1138/6275/1138 1063/6276/1063
f 1138/6277/1138 1111/6278/1111 1062/6279/1062
f 1139/6280/1139 1064/6281/1064 1140/6282/1140
f 1191/6283/1191 1063/6284/1063 1139/6285/1139
f 1110/5864/1110 1109/6066/1109 1192/6286/1192
f 1140/6287/1140 1110/6288/1110 1193/6289/1193
f 1194/6290/1194 1112/6291/1112 1111/6292/1111
f 1195/6293/1195 1141/6294/1141 1112/6295/1112
f 1142/6296/1142 1065/6297/1065 1141/6298/1141
f 1067/6299/1067 1196/6300/1196 1143/6301/1143
f 1115/6302/1115 1144/6303/1144 1197/6304/1197
f 1116/6305/1116 1115/6306/1115 1198/6307/1198
f 1117/6308/1117 1116/6309/1116 1199/6310/1199
f 1121/6311/1121 1070/6312/1070 1145/6313/1145
f 1145/6314/1145 1071/6315/1071 1146/6316/1146
f 1146/6317/1146 1072/6318/1072 1147/6319/1147
f 1147/6320/1147 1117/6321/1117 1200/6322/1200
f 1149/6323/1149 1073/6324/1073 1148/6325/1148
f 1118/6326/1118 1149/6327/1149 1201/6328/1201
f 1119/6329/1119 1118/6330/1118 1202/6331/1202
f 1152/6332/1152 1076/6333/1076 1150/6334/1150
f 1150/6335/1150 1075/6336/1075 1151/6337/1151
f 1151/6338/1151 1119/6339/1119 1203/6340/1203
f 1153/6341/1153 1077/6342/1077 1152/6343/1152
f 1154/6344/1154 1120/6345/1120 1153/6346/1153
f 1196/6347/1196 1048/6348/1048 1154/6349/1154
f 1204/6350/1204 1155/6351/1155 1121/6352/1121
f 1122/6353/1122 1156/6354/1156 1205/6355/1205
f 1079/6356/1079 1158/6357/1158 1156/6358/1156
f 1098/6359/1098 1122/6360/1122 1180/6361/1180
f 1157/6362/1157 1206/6363/1206 1123/6364/1123
f 976/6365/976 1207/6366/1207 1157/6367/1157
f 1123/6368/1123 1208/6369/1208 1158/6370/1158
f 1209/6371/1209 1125/6372/1125 1124/6373/1124
f 1210/6374/1210 1126/6375/1126 1125/6376/1125
f 1211/6377/1211 1127/6378/1127 1126/6379/1126
f 1212/6380/1212 1159/6381/1159 1127/6382/1127
f 1159/6383/1159 1160/6384/1160 1080/6385/1080
f 1081/6386/1081 1160/6387/1160 1161/6388/1161
f 1082/6389/1082 1161/6390/1161 1162/6391/1162
f 1083/6392/1083 1162/6393/1162 1163/6394/1163
f 1163/6395/1163 1128/6396/1128 1084/6397/1084
f 1166/6398/1166 1164/6399/1164 1086/6400/1086
f 1165/6401/1165 1085/6402/1085 1164/6403/1164
f 1168/6404/1168 1088/6405/1088 1165/6406/1165
f 1087/6407/1087 1167/6408/1167 1166/6409/1166
f 1099/6410/1099 1181/6411/1181 1167/6412/1167
f 1169/6413/1169 1089/6414/1089 1168/6415/1168
f 1170/6416/1170 1090/6417/1090 1169/6418/1169
f 1171/6419/1171 1091/6420/1091 1170/6421/1170
f 1172/6422/1172 1092/6423/1092 1171/6424/1171
f 1209/6425/1209 1124/6426/1124 1172/6427/1172
f 1213/6428/1213 1173/6429/1173 1128/6430/1128
f 1173/6431/1173 1175/6432/1175 1093/6433/1093
f 1129/6434/1129 1214/6435/1214 1174/6436/1174
f 985/6437/985 1174/6438/1174 1188/6439/1188
f 1175/6440/1175 1215/6441/1215 1129/6442/1129
f 1130/6443/1130 1131/6444/1131 1216/6445/1216
f 1176/6446/1176 1096/6447/1096 1179/6448/1179
f 1177/6449/1177 1094/6450/1094 1176/6451/1176
f 1095/6452/1095 1177/6453/1177 1178/6454/1178
f 1131/6455/1131 1178/6456/1178 1217/6457/1217
f 1097/6458/1097 1180/6459/1180 1179/6460/1179
f 1100/6461/1100 1182/6462/1182 1181/6463/1181
f 1101/6464/1101 1183/6465/1183 1182/6466/1182
f 1102/6467/1102 1184/6468/1184 1183/6469/1183
f 1130/6470/1130 1216/6471/1216 1184/6472/1184
f 1103/6473/1103 1185/6474/1185 1186/6475/1186
f 1132/6476/1132 1218/6477/1218 1185/6478/1185
f 1133/6479/1133 1219/6480/1219 1132/6481/1132
f 1104/6482/1104 1186/6483/1186 1137/6484/1137
f 1134/6485/1134 1220/6486/1220 1133/6487/1133
f 1221/6488/1221 1134/6489/1134 1135/6490/1135
f 1136/6491/1136 1222/6492/1222 1135/6493/1135
f 1187/6494/1187 1188/6495/1188 1106/6496/1106
f 1188/6497/1188 1174/6498/1174 1107/6499/1107
f 1174/6500/1174 1214/6501/1214 1136/6502/1136
f 1137/6503/1137 1223/6504/1223 1189/6505/1189
f 1190/6506/1190 1224/6507/1224 1138/6508/1138
f 1190/6509/1190 1063/6510/1063 1191/6511/1191
f 1138/6277/1138 1194/6512/1194 1111/6278/1111
f 1139/6513/1139 1140/6514/1140 1225/6515/1225
f 1191/6516/1191 1139/6517/1139 1226/6518/1226
f 1192/6519/1192 1109/6520/1109 1189/6521/1189
f 1193/6522/1193 1110/6523/1110 1192/6524/1192
f 1227/6525/1227 1140/6526/1140 1193/6527/1193
f 1194/6290/1194 1195/6528/1195 1112/6291/1112
f 1195/6293/1195 1228/6529/1228 1141/6294/1141
f 1228/6530/1228 1142/6531/1142 1141/6532/1141
f 1196/6533/1196 1154/6534/1154 1143/6535/1143
f 1198/6536/1198 1115/6537/1115 1197/6538/1197
f 1199/6539/1199 1116/6540/1116 1198/6541/1198
f 1200/6542/1200 1117/6543/1117 1199/6544/1199
f 1207/6545/1207 1121/6546/1121 1145/6547/1145
f 1157/6548/1157 1145/6549/1145 1146/6550/1146
f 1146/6551/1146 1147/6552/1147 1206/6553/1206
f 1229/6554/1229 1147/6555/1147 1200/6556/1200
f 1230/6557/1230 1149/6558/1149 1148/6559/1148
f 1201/6560/1201 1149/6561/1149 1230/6562/1230
f 1118/6563/1118 1201/6564/1201 1231/6565/1231
f 1202/6566/1202 1118/6567/1118 1231/6568/1231
f 1203/6569/1203 1119/6570/1119 1202/6571/1202
f 1232/6572/1232 1152/6573/1152 1150/6574/1150
f 1233/6575/1233 1150/6576/1150 1151/6577/1151
f 1234/6578/1234 1151/6579/1151 1203/6580/1203
f 1235/6581/1235 1153/6582/1153 1152/6583/1152
f 1236/6584/1236 1154/6585/1154 1153/6586/1153
f 1204/6587/1204 1121/6588/1121 1207/6589/1207
f 1156/6590/1156 1237/6591/1237 1205/6592/1205
f 1122/6593/1122 1205/6594/1205 1180/6595/1180
f 1158/6596/1158 1238/6597/1238 1156/6598/1156
f 1157/6599/1157 1146/6600/1146 1206/6601/1206
f 1123/6602/1123 1206/6603/1206 1208/6604/1208
f 1204/6605/1204 1207/6606/1207 976/6607/976
f 1207/6608/1207 1145/6609/1145 1157/6610/1157
f 1208/6611/1208 1239/6612/1239 1158/6613/1158
f 1210/6614/1210 1125/6615/1125 1209/6616/1209
f 1211/6617/1211 1126/6618/1126 1210/6619/1210
f 1212/6620/1212 1127/6621/1127 1211/6622/1211
f 1240/6623/1240 1159/6624/1159 1212/6625/1212
f 1159/6626/1159 1241/6627/1241 1160/6628/1160
f 1160/6629/1160 1242/6630/1242 1161/6631/1161
f 1161/6632/1161 1243/6633/1243 1162/6634/1162
f 1162/6635/1162 1244/6636/1244 1163/6637/1163
f 1163/6638/1163 1213/6639/1213 1128/6640/1128
f 1245/6641/1245 1164/6642/1164 1166/6643/1166
f 1246/6644/1246 1165/6645/1165 1164/6646/1164
f 1247/6647/1247 1168/6648/1168 1165/6649/1165
f 1166/6650/1166 1167/6651/1167 1248/6652/1248
f 1167/6653/1167 1181/6654/1181 1249/6655/1249
f 1250/6656/1250 1169/6657/1169 1168/6658/1168
f 1251/6659/1251 1170/6660/1170 1169/6661/1169
f 1252/6662/1252 1171/6663/1171 1170/6664/1170
f 1253/6665/1253 1172/6666/1172 1171/6667/1171
f 1254/6668/1254 1209/6669/1209 1172/6670/1172
f 1213/6671/1213 1255/6672/1255 1173/6673/1173
f 1173/6674/1173 1256/6675/1256 1175/6676/1175
f 1129/6677/1129 1215/6678/1215 1214/6679/1214
f 985/6680/985 1188/6681/1188 1187/6682/1187
f 1175/6683/1175 1257/6684/1257 1215/6685/1215
f 1131/6686/1131 1217/6687/1217 1216/6688/1216
f 1176/6689/1176 1179/6690/1179 1258/6691/1258
f 1177/6692/1177 1176/6693/1176 1259/6694/1259
f 1178/6695/1178 1177/6696/1177 1260/6697/1260
f 1178/6698/1178 1261/6699/1261 1217/6700/1217
f 1180/6701/1180 1262/6702/1262 1179/6703/1179
f 1181/6704/1181 1182/6705/1182 1263/6706/1263
f 1182/6707/1182 1183/6708/1183 1264/6709/1264
f 1183/6710/1183 1184/6711/1184 1265/6712/1265
f 1184/6713/1184 1216/6714/1216 1266/6715/1266
f 1132/6716/1132 1267/6717/1267 1218/6718/1218
f 1219/6719/1219 1267/6720/1267 1132/6721/1132
f 1220/6722/1220 1219/6723/1219 1133/6724/1133
f 1221/6725/1221 1220/6726/1220 1134/6727/1134
f 1222/6728/1222 1221/6729/1221 1135/6730/1135
f 1214/6731/1214 1222/6732/1222 1136/6733/1136
f 1192/6734/1192 1189/6735/1189 1223/6736/1223
f 1268/6737/1268 1224/6738/1224 1190/6739/1190
f 1224/6740/1224 1194/6741/1194 1138/6742/1138
f 1269/6743/1269 1190/6744/1190 1191/6745/1191
f 1225/6746/1225 1140/6747/1140 1227/6748/1227
f 1226/6749/1226 1139/6750/1139 1225/6751/1225
f 1270/6752/1270 1191/6753/1191 1226/6754/1226
f 1194/6755/1194 1271/6756/1271 1195/6757/1195
f 1195/6758/1195 1272/6759/1272 1228/6760/1228
f 1228/6530/1228 1273/6761/1273 1142/6531/1142
f 1198/6762/1198 1197/6763/1197 1274/6764/1274
f 1199/6765/1199 1198/6766/1198 1275/6767/1275
f 1200/6768/1200 1199/6769/1199 1276/6770/1276
f 1206/6771/1206 1147/6772/1147 1229/6773/1229
f 1229/6774/1229 1200/6775/1200 1277/6776/1277
f 1201/6777/1201 1230/6778/1230 1278/6779/1278
f 1231/6780/1231 1201/6781/1201 1279/6782/1279
f 1202/6783/1202 1231/6784/1231 1280/6785/1280
f 1203/6786/1203 1202/6787/1202 1281/6788/1281
f 1235/6789/1235 1152/6790/1152 1232/6791/1232
f 1232/6792/1232 1150/6793/1150 1233/6794/1233
f 1233/6795/1233 1151/6796/1151 1234/6797/1234
f 1234/6798/1234 1203/6799/1203 1282/6800/1282
f 1236/6801/1236 1153/6802/1153 1235/6803/1235
f 1205/6804/1205 1237/6805/1237 1283/6806/1283
f 1156/6807/1156 1238/6808/1238 1237/6809/1237
f 1180/6810/1180 1205/6811/1205 1262/6812/1262
f 1158/6813/1158 1239/6814/1239 1238/6815/1238
f 1206/6816/1206 1229/6817/1229 1208/6818/1208
f 1208/6819/1208 1284/6820/1284 1239/6821/1239
f 1285/6822/1285 1210/6823/1210 1209/6824/1209
f 1286/6825/1286 1211/6826/1211 1210/6827/1210
f 1287/6828/1287 1212/6829/1212 1211/6830/1211
f 1288/6831/1288 1240/6832/1240 1212/6833/1212
f 1240/6834/1240 1241/6835/1241 1159/6836/1159
f 1160/6837/1160 1241/6838/1241 1242/6839/1242
f 1161/6840/1161 1242/6841/1242 1243/6842/1243
f 1162/6843/1162 1243/6844/1243 1244/6845/1244
f 1244/6846/1244 1213/6847/1213 1163/6848/1163
f 1246/6849/1246 1164/6850/1164 1245/6851/1245
f 1245/6852/1245 1166/6853/1166 1248/6854/1248
f 1247/6855/1247 1165/6856/1165 1246/6857/1246
f 1250/6858/1250 1168/6859/1168 1247/6860/1247
f 1248/6861/1248 1167/6862/1167 1249/6863/1249
f 1249/6864/1249 1181/6865/1181 1263/6866/1263
f 1251/6867/1251 1169/6868/1169 1250/6869/1250
f 1252/6870/1252 1170/6871/1170 1251/6872/1251
f 1253/6873/1253 1171/6874/1171 1252/6875/1252
f 1254/6876/1254 1172/6877/1172 1253/6878/1253
f 1285/6879/1285 1209/6880/1209 1254/6881/1254
f 1289/6882/1289 1255/6883/1255 1213/6884/1213
f 1255/6885/1255 1256/6886/1256 1173/6887/1173
f 1256/6888/1256 1257/6889/1257 1175/6890/1175
f 1215/6891/1215 1290/6892/1290 1214/6893/1214
f 1215/6894/1215 1257/6895/1257 1290/6896/1290
f 1216/6897/1216 1217/6898/1217 1291/6899/1291
f 1258/6900/1258 1179/6901/1179 1262/6902/1262
f 1259/6903/1259 1176/6904/1176 1258/6905/1258
f 1177/6906/1177 1259/6907/1259 1260/6908/1260
f 1178/6909/1178 1260/6910/1260 1261/6911/1261
f 1217/6912/1217 1261/6913/1261 1292/6914/1292
f 1263/6915/1263 1182/6916/1182 1264/6917/1264
f 1183/6918/1183 1265/6919/1265 1264/6920/1264
f 1184/6921/1184 1266/6922/1266 1265/6923/1265
f 1216/6924/1216 1291/6925/1291 1266/6926/1266
f 1293/6927/1293 1267/6928/1267 1219/6929/1219
f 1220/6930/1220 1293/6931/1293 1219/6932/1219
f 1221/6933/1221 1294/6934/1294 1220/6935/1220
f 1295/6936/1295 1221/6937/1221 1222/6938/1222
f 1214/6939/1214 1290/6940/1290 1222/6941/1222
f 1268/6942/1268 1296/6943/1296 1224/6944/1224
f 1269/6945/1269 1268/6946/1268 1190/6947/1190
f 1224/6948/1224 1271/6949/1271 1194/6950/1194
f 1269/6951/1269 1191/6952/1191 1270/6953/1270
f 1297/6954/1297 1225/6955/1225 1227/6956/1227
f 1226/6957/1226 1225/6958/1225 1298/6959/1298
f 1270/6960/1270 1226/6961/1226 1299/6962/1299
f 1271/6963/1271 1272/6964/1272 1195/6965/1195
f 1272/6966/1272 1273/6967/1273 1228/6968/1228
f 1273/6969/1273 1300/6970/1300 1142/6971/1142
f 1198/6972/1198 1274/6973/1274 1275/6974/1275
f 1199/6975/1199 1275/6976/1275 1276/6977/1276
f 1277/6978/1277 1200/6979/1200 1276/6980/1276
f 1229/6981/1229 1277/6982/1277 1284/6983/1284
f 1278/6984/1278 1230/6985/1230 1300/6986/1300
f 1279/6987/1279 1201/6988/1201 1278/6989/1278
f 1301/6990/1301 1231/6991/1231 1279/6992/1279
f 1280/6993/1280 1231/6994/1231 1301/6995/1301
f 1281/6996/1281 1202/6997/1202 1280/6998/1280
f 1282/6999/1282 1203/7000/1203 1281/7001/1281
f 1302/7002/1302 1235/7003/1235 1232/7004/1232
f 1303/7005/1303 1232/7006/1232 1233/7007/1233
f 1304/7008/1304 1233/7009/1233 1234/7010/1234
f 1305/7011/1305 1234/7012/1234 1282/7013/1282
f 1306/7014/1306 1236/7015/1236 1235/7016/1235
f 1237/7017/1237 1307/7018/1307 1283/7019/1283
f 1205/7020/1205 1283/7021/1283 1262/7022/1262
f 1238/7023/1238 1308/7024/1308 1237/7025/1237
f 1239/7026/1239 1309/7027/1309 1238/7028/1238
f 1208/7029/1208 1229/7030/1229 1284/7031/1284
f 1284/7032/1284 1310/7033/1310 1239/7034/1239
f 1286/7035/1286 1210/7036/1210 1285/7037/1285
f 1287/7038/1287 1211/7039/1211 1286/7040/1286
f 1288/7041/1288 1212/7042/1212 1287/7043/1287
f 1311/7044/1311 1240/7045/1240 1288/7046/1288
f 1240/7047/1240 1312/7048/1312 1241/7049/1241
f 1241/7050/1241 1313/7051/1313 1242/7052/1242
f 1243/7053/1243 1242/7054/1242 1314/7055/1314
f 1244/7056/1244 1243/7057/1243 1315/7058/1315
f 1244/7059/1244 1289/7060/1289 1213/7061/1213
f 1316/7062/1316 1246/7063/1246 1245/7064/1245
f 1317/7065/1317 1245/7066/1245 1248/7067/1248
f 1318/7068/1318 1247/7069/1247 1246/7070/1246
f 1319/7071/1319 1250/7072/1250 1247/7073/1247
f 1248/7074/1248 1249/7075/1249 1320/7076/1320
f 1249/7077/1249 1263/7078/1263 1321/7079/1321
f 1322/7080/1322 1251/7081/1251 1250/7082/1250
f 1323/7083/1323 1252/7084/1252 1251/7085/1251
f 1324/7086/1324 1253/7087/1253 1252/7088/1252
f 1325/7089/1325 1254/7090/1254 1253/7091/1253
f 1326/7092/1326 1285/7093/1285 1254/7094/1254
f 1289/7095/1289 1327/7096/1327 1255/7097/1255
f 1255/7098/1255 1328/7099/1328 1256/7100/1256
f 1256/7101/1256 1329/7102/1329 1257/7103/1257
f 1257/7104/1257 1330/7105/1330 1290/7106/1290
f 1217/7107/1217 1292/7108/1292 1291/7109/1291
f 1258/7110/1258 1262/7111/1262 1331/7112/1331
f 1259/7113/1259 1258/7114/1258 1332/7115/1332
f 1260/7116/1260 1259/7117/1259 1333/7118/1333
f 1260/7119/1260 1334/7120/1334 1261/7121/1261
f 1261/7122/1261 1335/7123/1335 1292/7124/1292
f 1263/7125/1263 1264/7126/1264 1336/7127/1336
f 1264/7128/1264 1265/7129/1265 1337/7130/1337
f 1265/7131/1265 1266/7132/1266 1338/7133/1338
f 1266/7134/1266 1291/7135/1291 1339/7136/1339
f 1294/7137/1294 1293/7138/1293 1220/7139/1220
f 1295/7140/1295 1294/7141/1294 1221/7142/1221
f 1222/7143/1222 1290/7144/1290 1295/7145/1295
f 1268/7146/1268 1340/7147/1340 1296/7148/1296
f 1224/7149/1224 1296/7150/1296 1271/7151/1271
f 1341/7152/1341 1268/7153/1268 1269/7154/1269
f 1342/7155/1342 1269/7156/1269 1270/7157/1270
f 1298/7158/1298 1225/7159/1225 1297/7160/1297
f 1299/7161/1299 1226/7162/1226 1298/7163/1298
f 1343/7164/1343 1270/7165/1270 1299/7166/1299
f 1271/7167/1271 1344/7168/1344 1272/7169/1272
f 1272/7170/1272 1345/7171/1345 1273/7172/1273
f 1273/7173/1273 1346/7174/1346 1300/7175/1300
f 1275/7176/1275 1274/7177/1274 1347/7178/1347
f 1276/7179/1276 1275/7180/1275 1347/7181/1347
f 1277/7182/1277 1276/7183/1276 1348/7184/1348
f 1284/7185/1284 1277/7186/1277 1349/7187/1349
f 1278/7188/1278 1300/6986/1300 1346/7189/1346
f 1350/7190/1350 1280/7191/1280 1301/7192/1301
f 1281/7193/1281 1280/7194/1280 1351/7195/1351
f 1282/7196/1282 1281/7197/1281 1352/7198/1352
f 1306/7199/1306 1235/7200/1235 1302/7201/1302
f 1302/7202/1302 1232/7203/1232 1303/7204/1303
f 1303/7205/1303 1233/7206/1233 1304/7207/1304
f 1304/7208/1304 1234/7209/1234 1305/7210/1305
f 1305/7211/1305 1282/7212/1282 1353/7213/1353
f 1354/7214/1354 1283/7215/1283 1307/7216/1307
f 1237/7217/1237 1308/7218/1308 1307/7219/1307
f 1331/7220/1331 1262/7221/1262 1283/7222/1283
f 1238/7223/1238 1309/7224/1309 1308/7225/1308
f 1239/7226/1239 1310/7227/1310 1309/7228/1309
f 1284/7229/1284 1349/7230/1349 1310/7231/1310
f 1355/7232/1355 1286/7233/1286 1285/7234/1285
f 1356/7235/1356 1287/7236/1287 1286/7237/1286
f 1357/7238/1357 1288/7239/1288 1287/7240/1287
f 1358/7241/1358 1311/7242/1311 1288/7243/1288
f 1311/7244/1311 1312/7245/1312 1240/7246/1240
f 1241/7247/1241 1312/7248/1312 1313/7249/1313
f 1242/7250/1242 1313/7251/1313 1314/7252/1314
f 1243/7253/1243 1314/7254/1314 1315/7255/1315
f 1244/7256/1244 1315/7257/1315 1289/7258/1289
f 1318/7259/1318 1246/7260/1246 1316/7261/1316
f 1316/7262/1316 1245/7263/1245 1317/7264/1317
f 1317/7265/1317 1248/7266/1248 1320/7267/1320
f 1319/7268/1319 1247/7269/1247 1318/7270/1318
f 1322/7271/1322 1250/7272/1250 1319/7273/1319
f 1320/7274/1320 1249/7275/1249 1321/7276/1321
f 1321/7277/1321 1263/7278/1263 1336/7279/1336
f 1323/7280/1323 1251/7281/1251 1322/7282/1322
f 1324/7283/1324 1252/7284/1252 1323/7285/1323
f 1325/7286/1325 1253/7287/1253 1324/7288/1324
f 1326/7289/1326 1254/7290/1254 1325/7291/1325
f 1355/7292/1355 1285/7293/1285 1326/7294/1326
f 1289/7295/1289 1359/7296/1359 1327/7297/1327
f 1327/7298/1327 1328/7299/1328 1255/7300/1255
f 1328/7301/1328 1329/7302/1329 1256/7303/1256
f 1329/7304/1329 1330/7305/1330 1257/7306/1257
f 1290/7307/1290 1330/7308/1330 1295/7309/1295
f 1291/7310/1291 1292/7311/1292 1360/7312/1360
f 1332/7313/1332 1258/7314/1258 1331/7315/1331
f 1259/7316/1259 1332/7317/1332 1333/7318/1333
f 1260/7319/1260 1333/7320/1333 1334/7321/1334
f 1261/7322/1261 1334/7323/1334 1335/7324/1335
f 1292/7325/1292 1335/7326/1335 1361/7327/1361
f 1336/7328/1336 1264/7329/1264 1337/7330/1337
f 1337/7331/1337 1265/7332/1265 1338/7333/1338
f 1266/7334/1266 1339/7335/1339 1338/7336/1338
f 1291/7135/1291 1360/7337/1360 1339/7338/1339
f 1362/7339/1362 1293/7340/1293 1294/7341/1294
f 1363/7342/1363 1294/7343/1294 1295/7344/1295
f 1340/7345/1340 1364/7346/1364 1296/7347/1296
f 1341/7348/1341 1340/7349/1340 1268/7350/1268
f 1296/7351/1296 1344/7352/1344 1271/7353/1271
f 1342/7354/1342 1341/7355/1341 1269/7356/1269
f 1342/7357/1342 1270/7358/1270 1343/7359/1343
f 1298/7360/1298 1297/7361/1297 1365/7362/1365
f 1299/7363/1299 1298/7364/1298 1366/7365/1366
f 1343/7366/1343 1299/7367/1299 1367/7368/1367
f 1344/7369/1344 1345/7370/1345 1272/7371/1272
f 1348/7372/1348 1276/7373/1276 1347/7374/1347
f 1349/7375/1349 1277/7376/1277 1348/7377/1348
f 1351/7378/1351 1280/7379/1280 1350/7380/1350
f 1352/7381/1352 1281/7382/1281 1351/7383/1351
f 1353/7384/1353 1282/7385/1282 1352/7386/1352
f 1368/7387/1368 1306/7388/1306 1302/7389/1302
f 1369/7390/1369 1302/7391/1302 1303/7392/1303
f 1370/7393/1370 1303/7394/1303 1304/7395/1304
f 1371/7396/1371 1304/7397/1304 1305/7398/1305
f 1372/7399/1372 1305/7400/1305 1353/7401/1353
f 1331/7402/1331 1283/7403/1283 1354/7404/1354
f 1354/7405/1354 1307/7406/1307 1373/7407/1373
f 1307/7408/1307 1308/7409/1308 1374/7410/1374
f 1308/7411/1308 1309/7412/1309 1375/7413/1375
f 1309/7414/1309 1310/7415/1310 1376/7416/1376
f 1310/7417/1310 1349/7418/1349 1377/7419/1377
f 1356/7420/1356 1286/7421/1286 1355/7422/1355
f 1357/7423/1357 1287/7424/1287 1356/7425/1356
f 1358/7426/1358 1288/7427/1288 1357/7428/1357
f 1358/7429/1358 1378/7430/1378 1311/7431/1311
f 1311/7432/1311 1379/7433/1379 1312/7434/1312
f 1312/7435/1312 1380/7436/1380 1313/7437/1313
f 1313/7438/1313 1381/7439/1381 1314/7440/1314
f 1315/7441/1315 1314/7442/1314 1382/7443/1382
f 1289/7444/1289 1315/7445/1315 1359/7446/1359
f 1318/7447/1318 1316/7448/1316 1383/7449/1383
f 1316/7450/1316 1317/7451/1317 1384/7452/1384
f 1317/7453/1317 1320/7454/1320 1385/7455/1385
f 1319/7456/1319 1318/7457/1318 1386/7458/1386
f 1322/7459/1322 1319/7460/1319 1387/7461/1387
f 1320/7462/1320 1321/7463/1321 1388/7464/1388
f 1321/7465/1321 1336/7466/1336 1389/7467/1389
f 1323/7468/1323 1322/7469/1322 1390/7470/1390
f 1324/7471/1324 1323/7472/1323 1391/7473/1391
f 1325/7474/1325 1324/7475/1324 1392/7476/1392
f 1326/7477/1326 1325/7478/1325 1393/7479/1393
f 1394/7480/1394 1355/7481/1355 1326/7482/1326
f 1327/7483/1327 1359/7484/1359 1395/7485/1395
f 1327/7486/1327 1396/7487/1396 1328/7488/1328
f 1328/7489/1328 1397/7490/1397 1329/7491/1329
f 1329/7492/1329 1398/7493/1398 1330/7494/1330
f 1330/7495/1330 1363/7496/1363 1295/7497/1295
f 1292/7498/1292 1361/7499/1361 1360/7312/1360
f 1332/7500/1332 1331/7501/1331 1399/7502/1399
f 1333/7503/1333 1332/7504/1332 1400/7505/1400
f 1333/7506/1333 1401/7507/1401 1334/7508/1334
f 1334/7509/1334 1402/7510/1402 1335/7511/1335
f 1335/7326/1335 1403/7512/1403 1361/7327/1361
f 1336/7513/1336 1337/7514/1337 1404/7515/1404
f 1337/7516/1337 1338/7517/1338 1405/7518/1405
f 1338/7519/1338 1339/7520/1339 1406/7521/1406
f 1339/7522/1339 1360/7523/1360 1407/7524/1407
f 1363/7525/1363 1362/7526/1362 1294/7527/1294
f 1362/7528/1362 1408/7529/1408 1293/7530/1293
f 1340/7531/1340 1409/7532/1409 1364/7533/1364
f 1296/7534/1296 1364/7535/1364 1344/7536/1344
f 1341/7537/1341 1410/7538/1410 1340/7539/1340
f 1411/7540/1411 1341/7541/1341 1342/7542/1342
f 1412/7543/1412 1342/7544/1342 1343/7545/1343
f 1366/7546/1366 1298/7547/1298 1365/7548/1365
f 1367/7549/1367 1299/7550/1299 1366/7551/1366
f 1413/7552/1413 1343/7553/1343 1367/7554/1367
f 1344/7555/1344 1414/7556/1414 1345/7557/1345
f 1348/7558/1348 1347/7559/1347 1415/7560/1415
f 1349/7561/1349 1348/7562/1348 1377/7563/1377
f 1351/7564/1351 1350/7565/1350 1416/7566/1416
f 1352/7567/1352 1351/7568/1351 1417/7569/1417
f 1353/7570/1353 1352/7571/1352 1418/7572/1418
f 1419/7573/1419 1368/7574/1368 1302/7575/1302
f 1419/7576/1419 1302/7577/1302 1369/7578/1369
f 1369/7579/1369 1303/7580/1303 1370/7581/1370
f 1370/7582/1370 1304/7583/1304 1371/7584/1371
f 1371/7585/1371 1305/7586/1305 1372/7587/1372
f 1372/7588/1372 1353/7589/1353 1420/7590/1420
f 1399/7591/1399 1331/7592/1331 1354/7593/1354
f 1307/7594/1307 1374/7595/1374 1373/7596/1373
f 1421/7597/1421 1354/7598/1354 1373/7599/1373
f 1308/7600/1308 1375/7601/1375 1374/7602/1374
f 1309/7603/1309 1376/7604/1376 1375/7605/1375
f 1310/7606/1310 1377/7607/1377 1376/7608/1376
f 1422/7609/1422 1356/7610/1356 1355/7611/1355
f 1423/7612/1423 1357/7613/1357 1356/7614/1356
f 1424/7615/1424 1358/7616/1358 1357/7617/1357
f 1425/7618/1425 1378/7619/1378 1358/7620/1358
f 1378/7621/1378 1379/7622/1379 1311/7623/1311
f 1379/7624/1379 1380/7625/1380 1312/7626/1312
f 1380/7627/1380 1381/7628/1381 1313/7629/1313
f 1314/7630/1314 1381/7631/1381 1382/7632/1382
f 1315/7633/1315 1382/7634/1382 1359/7635/1359
f 1383/7636/1383 1316/7637/1316 1384/7638/1384
f 1386/7639/1386 1318/7640/1318 1383/7641/1383
f 1384/7642/1384 1317/7643/1317 1385/7644/1385
f 1320/7645/1320 1388/7646/1388 1385/7647/1385
f 1387/7648/1387 1319/7649/1319 1386/7650/1386
f 1390/7651/1390 1322/7652/1322 1387/7653/1387
f 1321/7654/1321 1389/7655/1389 1388/7656/1388
f 1336/7657/1336 1404/7658/1404 1389/7659/1389
f 1391/7660/1391 1323/7661/1323 1390/7470/1390
f 1392/7662/1392 1324/7663/1324 1391/7664/1391
f 1393/7665/1393 1325/7666/1325 1392/7667/1392
f 1394/7668/1394 1326/7669/1326 1393/7670/1393
f 1422/7671/1422 1355/7672/1355 1394/7673/1394
f 1359/7674/1359 1426/7675/1426 1395/7676/1395
f 1327/7677/1327 1395/7678/1395 1396/7679/1396
f 1396/7680/1396 1397/7681/1397 1328/7682/1328
f 1397/7683/1397 1398/7684/1398 1329/7685/1329
f 1398/7686/1398 1363/7687/1363 1330/7688/1330
f 1360/7689/1360 1361/7690/1361 1427/7691/1427
f 1332/7692/1332 1399/7693/1399 1400/7694/1400
f 1333/7695/1333 1400/7696/1400 1401/7697/1401
f 1334/7698/1334 1401/7699/1401 1402/7700/1402
f 1335/7701/1335 1402/7702/1402 1403/7703/1403
f 1361/7704/1361 1403/7705/1403 1428/7706/1428
f 1337/7707/1337 1405/7708/1405 1404/7709/1404
f 1338/7710/1338 1406/7711/1406 1405/7712/1405
f 1339/7713/1339 1407/7714/1407 1406/7715/1406
f 1360/7716/1360 1427/7717/1427 1407/7718/1407
f 1429/7719/1429 1362/7720/1362 1363/7721/1363
f 1430/7722/1430 1408/7723/1408 1362/7724/1362
f 1408/7725/1408 1431/7726/1431 1293/7727/1293
f 1409/7728/1409 1432/7729/1432 1364/7730/1364
f 1410/7731/1410 1409/7732/1409 1340/7733/1340
f 1364/7734/1364 1414/7735/1414 1344/7736/1344
f 1411/7737/1411 1410/7738/1410 1341/7739/1341
f 1412/7740/1412 1411/7741/1411 1342/7742/1342
f 1412/7743/1412 1343/7744/1343 1413/7745/1413
f 1293/7746/1293 1366/7747/1366 1365/7748/1365
f 1367/7749/1367 1366/7750/1366 1293/7751/1293
f 1413/7752/1413 1367/7753/1367 1431/7754/1431
f 1415/7755/1415 1347/7756/1347 1433/7757/1433
f 1377/7758/1377 1348/7759/1348 1415/7760/1415
f 1417/7761/1417 1351/7762/1351 1416/7763/1416
f 1418/7764/1418 1352/7765/1352 1417/7766/1417
f 1420/7767/1420 1353/7768/1353 1418/7769/1418
f 1347/7770/1347 1419/7771/1419 1369/7772/1369
f 1347/7773/1347 1369/7774/1369 1370/7775/1370
f 1434/7776/1434 1370/7777/1370 1371/7778/1371
f 1435/7779/1435 1371/7780/1371 1372/7781/1372
f 1420/7782/1420 1436/7783/1436 1372/7784/1372
f 1399/7785/1399 1354/7786/1354 1421/7787/1421
f 1373/7788/1373 1374/7789/1374 1437/7790/1437
f 1421/7791/1421 1373/7792/1373 1438/7793/1438
f 1374/7794/1374 1375/7795/1375 1439/7796/1439
f 1375/7797/1375 1376/7798/1376 1440/7799/1440
f 1376/7800/1376 1377/7801/1377 1441/7802/1441
f 1423/7803/1423 1356/7804/1356 1422/7805/1422
f 1424/7806/1424 1357/7807/1357 1423/7808/1423
f 1425/7809/1425 1358/7810/1358 1424/7811/1424
f 1425/7812/1425 1442/7813/1442 1378/7814/1378
f 1378/7815/1378 1443/7816/1443 1379/7817/1379
f 1379/7818/1379 1444/7819/1444 1380/7820/1380
f 1380/7627/1380 1445/7821/1445 1381/7628/1381
f 1381/7822/1381 1446/7823/1446 1382/7824/1382
f 1359/7825/1359 1382/7826/1382 1426/7827/1426
f 1447/7828/1447 1383/7829/1383 1384/7830/1384
f 1448/7831/1448 1386/7832/1386 1383/7833/1383
f 1449/7834/1449 1384/7835/1384 1385/7836/1385
f 1450/7837/1450 1385/7838/1385 1388/7839/1388
f 1451/7840/1451 1387/7841/1387 1386/7842/1386
f 1452/7843/1452 1390/7844/1390 1387/7845/1387
f 1453/7846/1453 1388/7847/1388 1389/7848/1389
f 1454/7849/1454 1389/7850/1389 1404/7851/1404
f 1455/7852/1455 1391/7853/1391 1390/7854/1390
f 1456/7855/1456 1392/7856/1392 1391/7857/1391
f 1457/7858/1457 1393/7859/1393 1392/7860/1392
f 1458/7861/1458 1394/7862/1394 1393/7863/1393
f 1459/7864/1459 1422/7865/1422 1394/7866/1394
f 1395/7867/1395 1426/7868/1426 1460/7869/1460
f 1396/7870/1396 1395/7871/1395 1461/7872/1461
f 1396/7873/1396 1462/7874/1462 1397/7875/1397
f 1397/7876/1397 1463/7877/1463 1398/7878/1398
f 1398/7879/1398 1429/7880/1429 1363/7881/1363
f 1361/7704/1361 1428/7706/1428 1427/7882/1427
f 1400/7883/1400 1399/7884/1399 1464/7885/1464
f 1400/7886/1400 1465/7887/1465 1401/7888/1401
f 1401/7889/1401 1466/7890/1466 1402/7891/1402
f 1402/7892/1402 1467/7893/1467 1403/7703/1403
f 1403/7894/1403 1468/7895/1468 1428/7896/1428
f 1469/7897/1469 1404/7898/1404 1405/7899/1405
f 1470/7900/1470 1405/7901/1405 1406/7902/1406
f 1406/7903/1406 1407/7904/1407 1471/7905/1471
f 1407/7906/1407 1427/7907/1427 1472/7908/1472
f 1429/7909/1429 1430/7910/1430 1362/7911/1362
f 1430/7912/1430 1473/7913/1473 1408/7914/1408
f 1431/7915/1431 1367/7916/1367 1293/7917/1293
f 1474/7918/1474 1431/7919/1431 1408/7920/1408
f 1475/7921/1475 1432/7922/1432 1409/7923/1409
f 1364/7924/1364 1432/7925/1432 1476/7926/1476
f 1410/7927/1410 1475/7928/1475 1409/7929/1409
f 1364/7930/1364 1476/7931/1476 1414/7932/1414
f 1411/7933/1411 1477/7934/1477 1410/7935/1410
f 1478/7936/1478 1411/7937/1411 1412/7938/1412
f 1479/7939/1479 1412/7940/1412 1413/7941/1413
f 1480/7942/1480 1413/7943/1413 1431/7944/1431
f 1415/7945/1415 1433/7946/1433 1481/7947/1481
f 1347/7948/1347 1434/7949/1434 1433/7950/1433
f 1377/7951/1377 1415/7952/1415 1441/7953/1441
f 1475/7954/1475 1417/7955/1417 1416/7956/1416
f 1418/7957/1418 1417/7958/1417 1475/7959/1475
f 1420/7960/1420 1418/7961/1418 1482/7962/1482
f 1347/7963/1347 1370/7964/1370 1434/7965/1434
f 1434/7966/1434 1371/7967/1371 1435/7968/1435
f 1436/7969/1436 1435/7970/1435 1372/7971/1372
f 1483/7972/1483 1436/7973/1436 1420/7974/1420
f 1399/7975/1399 1421/7976/1421 1464/7977/1464
f 1374/7978/1374 1439/7979/1439 1437/7980/1437
f 1373/7981/1373 1437/7982/1437 1438/7983/1438
f 1421/7984/1421 1438/7985/1438 1484/7986/1484
f 1375/7987/1375 1440/7988/1440 1439/7989/1439
f 1376/7990/1376 1441/7991/1441 1440/7992/1440
f 1485/7993/1485 1423/7994/1423 1422/7995/1422
f 1486/7996/1486 1424/7997/1424 1423/7998/1423
f 1487/7999/1487 1425/8000/1425 1424/8001/1424
f 1425/8002/1425 1488/8003/1488 1442/8004/1442
f 1442/8005/1442 1443/8006/1443 1378/8007/1378
f 1443/7816/1443 1444/8008/1444 1379/7817/1379
f 1444/8009/1444 1445/8010/1445 1380/7820/1380
f 1445/8011/1445 1446/8012/1446 1381/8013/1381
f 1382/8014/1382 1446/8015/1446 1426/8016/1426
f 1447/8017/1447 1384/8018/1384 1449/8019/1449
f 1448/8020/1448 1383/8021/1383 1447/8022/1447
f 1451/8023/1451 1386/8024/1386 1448/8025/1448
f 1449/8026/1449 1385/8027/1385 1450/8028/1450
f 1450/8029/1450 1388/8030/1388 1453/8031/1453
f 1452/8032/1452 1387/8033/1387 1451/8034/1451
f 1452/8035/1452 1455/8036/1455 1390/8037/1390
f 1453/8038/1453 1389/8039/1389 1454/8040/1454
f 1454/8041/1454 1404/8042/1404 1469/8043/1469
f 1456/8044/1456 1391/8045/1391 1455/8046/1455
f 1457/8047/1457 1392/8048/1392 1456/8049/1456
f 1457/8050/1457 1458/8051/1458 1393/8052/1393
f 1458/8053/1458 1459/8054/1459 1394/8055/1394
f 1459/8056/1459 1485/8057/1485 1422/8058/1422
f 1426/8059/1426 1489/8060/1489 1460/8061/1460
f 1395/8062/1395 1460/8063/1460 1461/8064/1461
f 1396/8065/1396 1461/8066/1461 1462/8067/1462
f 1462/8068/1462 1463/8069/1463 1397/8070/1397
f 1463/8071/1463 1429/8072/1429 1398/8073/1398
f 1427/8074/1427 1428/8075/1428 1490/8076/1490
f 1400/8077/1400 1464/8078/1464 1465/8079/1465
f 1401/8080/1401 1465/8081/1465 1466/8082/1466
f 1402/8083/1402 1466/8084/1466 1467/8085/1467
f 1403/8086/1403 1467/8087/1467 1468/8088/1468
f 1428/8089/1428 1468/8090/1468 1491/8091/1491
f 1469/8092/1469 1405/8093/1405 1470/8094/1470
f 1470/8095/1470 1406/8096/1406 1471/8097/1471
f 1471/8098/1471 1407/8099/1407 1472/8100/1472
f 1472/8101/1472 1427/8102/1427 1490/8103/1490
f 1492/8104/1492 1430/8105/1430 1429/8106/1429
f 1493/8107/1493 1473/8108/1473 1430/8109/1430
f 1473/8110/1473 1474/8111/1474 1408/8112/1408
f 1474/8113/1474 1480/8114/1480 1431/8115/1431
f 1477/8116/1477 1475/8117/1475 1410/8118/1410
f 1478/8119/1478 1477/8120/1477 1411/8121/1411
f 1479/8122/1479 1478/8123/1478 1412/8124/1412
f 1479/8125/1479 1413/8126/1413 1480/8127/1480
f 1481/8128/1481 1433/8129/1433 1494/8130/1494
f 1441/8131/1441 1415/8132/1415 1481/8133/1481
f 1433/8134/1433 1434/8135/1434 1495/8136/1495
f 1482/8137/1482 1418/8138/1418 1475/8139/1475
f 1483/8140/1483 1420/8141/1420 1482/8142/1482
f 1434/8143/1434 1435/8144/1435 1495/8145/1495
f 1496/8146/1496 1435/8147/1435 1436/8148/1436
f 1497/8149/1497 1436/8150/1436 1483/8151/1483
f 1421/8152/1421 1484/8153/1484 1464/8154/1464
f 1437/8155/1437 1439/8156/1439 1498/8157/1498
f 1438/8158/1438 1437/8159/1437 1499/8160/1499
f 1438/8161/1438 1500/8162/1500 1484/8163/1484
f 1439/8164/1439 1440/8165/1440 1501/8166/1501
f 1440/8167/1440 1441/8168/1441 1502/8169/1502
f 1485/8170/1485 1486/8171/1486 1423/8172/1423
f 1486/8173/1486 1487/8174/1487 1424/8175/1424
f 1487/8176/1487 1488/8177/1488 1425/8178/1425
f 1488/8179/1488 1503/8180/1503 1442/8181/1442
f 1442/8182/1442 1504/8183/1504 1443/8184/1443
f 1443/8185/1443 1505/8186/1505 1444/8187/1444
f 1444/8188/1444 1506/8189/1506 1445/8190/1445
f 1445/8011/1445 1507/8191/1507 1446/8192/1446
f 1446/8193/1446 1489/8194/1489 1426/8195/1426
f 1508/8196/1508 1447/8197/1447 1449/8198/1449
f 1509/8199/1509 1448/8200/1448 1447/8201/1447
f 1510/8202/1510 1451/8203/1451 1448/8204/1448
f 1511/8205/1511 1449/8206/1449 1450/8207/1450
f 1512/8208/1512 1450/8209/1450 1453/8210/1453
f 1513/8211/1513 1452/8212/1452 1451/8213/1451
f 1514/8214/1514 1455/8215/1455 1452/8216/1452
f 1515/8217/1515 1453/8218/1453 1454/8219/1454
f 1516/8220/1516 1454/8221/1454 1469/8222/1469
f 1517/8223/1517 1456/8224/1456 1455/8225/1455
f 1518/8226/1518 1457/8227/1457 1456/8228/1456
f 1457/8229/1457 1519/8230/1519 1458/8231/1458
f 1458/8232/1458 1520/8233/1520 1459/8234/1459
f 1459/8235/1459 1521/8236/1521 1485/8237/1485
f 1489/8238/1489 1522/8239/1522 1460/8240/1460
f 1461/8241/1461 1460/8242/1460 1523/8243/1523
f 1462/8244/1462 1461/8245/1461 1524/8246/1524
f 1462/8247/1462 1525/8248/1525 1463/8249/1463
f 1492/8250/1492 1429/8251/1429 1463/8252/1463
f 1490/8253/1490 1428/8254/1428 1491/8255/1491
f 1464/8256/1464 1526/8257/1526 1465/8258/1465
f 1465/8259/1465 1527/8260/1527 1466/8261/1466
f 1466/8262/1466 1528/8263/1528 1467/8085/1467
f 1467/8264/1467 1529/8265/1529 1468/8266/1468
f 1491/8267/1491 1468/8268/1468 1530/8269/1530
f 1531/8270/1531 1469/8271/1469 1470/8272/1470
f 1532/8273/1532 1470/8274/1470 1471/8275/1471
f 1533/8276/1533 1471/8277/1471 1472/8278/1472
f 1534/8279/1534 1472/8280/1472 1490/8281/1490
f 1493/8282/1493 1430/8283/1430 1492/8284/1492
f 1535/8285/1535 1473/8286/1473 1493/8287/1493
f 1536/8288/1536 1474/8289/1474 1473/8290/1473
f 1537/8291/1537 1480/8292/1480 1474/8293/1474
f 1538/8294/1538 1475/8295/1475 1477/8296/1477
f 1539/8297/1539 1477/8298/1477 1478/8299/1478
f 1540/8300/1540 1478/8301/1478 1479/8302/1479
f 1537/8303/1537 1479/8304/1479 1480/8305/1480
f 1481/8306/1481 1494/8307/1494 1541/8308/1541
f 1433/8309/1433 1495/8310/1495 1494/8311/1494
f 1441/8312/1441 1481/8313/1481 1502/8314/1502
f 1542/8315/1542 1482/8316/1482 1475/8317/1475
f 1543/8318/1543 1483/8319/1483 1482/8320/1482
f 1496/8321/1496 1495/8322/1495 1435/8323/1435
f 1497/8324/1497 1496/8325/1496 1436/8326/1436
f 1497/8327/1497 1483/8328/1483 1543/8329/1543
f 1484/8330/1484 1526/8331/1526 1464/8332/1464
f 1439/8333/1439 1501/8334/1501 1498/8335/1498
f 1437/8336/1437 1498/8337/1498 1499/8338/1499
f 1438/8339/1438 1499/8340/1499 1500/8341/1500
f 1500/8342/1500 1544/8343/1544 1484/8344/1484
f 1440/8345/1440 1502/8346/1502 1501/8347/1501
f 1485/8348/1485 1545/8349/1545 1486/8350/1486
f 1486/8351/1486 1546/8352/1546 1487/8353/1487
f 1487/8354/1487 1547/8355/1547 1488/8356/1488
f 1488/8357/1488 1548/8358/1548 1503/8359/1503
f 1442/8360/1442 1503/8361/1503 1504/8362/1504
f 1504/8363/1504 1505/8364/1505 1443/8365/1443
f 1505/8366/1505 1506/8367/1506 1444/8368/1444
f 1506/8369/1506 1507/8370/1507 1445/8371/1445
f 1507/8372/1507 1489/8373/1489 1446/8374/1446
f 1509/8375/1509 1447/8376/1447 1508/8377/1508
f 1508/8378/1508 1449/8379/1449 1511/8380/1511
f 1510/8381/1510 1448/8382/1448 1509/8383/1509
f 1513/8384/1513 1451/8385/1451 1510/8386/1510
f 1511/8387/1511 1450/8388/1450 1512/8389/1512
f 1512/8390/1512 1453/8391/1453 1515/8392/1515
f 1514/8393/1514 1452/8394/1452 1513/8395/1513
f 1514/8396/1514 1517/8397/1517 1455/8398/1455
f 1515/8217/1515 1454/8219/1454 1516/8399/1516
f 1516/8400/1516 1469/8401/1469 1531/8402/1531
f 1518/8403/1518 1456/8404/1456 1517/8405/1517
f 1518/8406/1518 1519/8407/1519 1457/8408/1457
f 1519/8409/1519 1520/8410/1520 1458/8411/1458
f 1520/8412/1520 1521/8413/1521 1459/8414/1459
f 1521/8415/1521 1545/8416/1545 1485/8417/1485
f 1549/8418/1549 1522/8419/1522 1489/8420/1489
f 1460/8421/1460 1522/8422/1522 1523/8423/1523
f 1461/8424/1461 1523/8425/1523 1524/8426/1524
f 1462/8427/1462 1524/8428/1524 1525/8429/1525
f 1525/8430/1525 1492/8431/1492 1463/8432/1463
f 1550/8433/1550 1490/8434/1490 1491/8435/1491
f 1526/8436/1526 1527/8437/1527 1465/8438/1465
f 1466/8439/1466 1527/8440/1527 1528/8441/1528
f 1467/8442/1467 1528/8443/1528 1529/8444/1529
f 1468/8445/1468 1529/8446/1529 1530/8447/1530
f 1551/8448/1551 1491/8449/1491 1530/8450/1530
f 1531/8451/1531 1470/8452/1470 1532/8453/1532
f 1532/8454/1532 1471/8455/1471 1533/8456/1533
f 1533/8457/1533 1472/8458/1472 1534/8459/1534
f 1534/8460/1534 1490/8461/1490 1550/8462/1550
f 1552/8463/1552 1493/8464/1493 1492/8465/1492
f 1553/8466/1553 1535/8467/1535 1493/8468/1493
f 1535/8469/1535 1536/8470/1536 1473/8471/1473
f 1536/8472/1536 1537/8473/1537 1474/8474/1474
f 1539/8475/1539 1538/8476/1538 1477/8477/1477
f 1538/8478/1538 1542/8479/1542 1475/8480/1475
f 1540/8481/1540 1539/8482/1539 1478/8483/1478
f 1540/8484/1540 1479/8485/1479 1537/8486/1537
f 1541/8487/1541 1494/8488/1494 1554/8489/1554
f 1502/8490/1502 1481/8491/1481 1541/8492/1541
f 1494/8493/1494 1495/8494/1495 1555/8495/1555
f 1543/8496/1543 1482/8497/1482 1542/8498/1542
f 1495/8499/1495 1496/8500/1496 1555/8501/1555
f 1556/8502/1556 1496/8503/1496 1497/8504/1497
f 1557/8505/1557 1497/8506/1497 1543/8507/1543
f 1484/8508/1484 1544/8509/1544 1526/8510/1526
f 1498/8511/1498 1501/8512/1501 1558/8513/1558
f 1499/8514/1499 1498/8515/1498 1559/8516/1559
f 1499/8517/1499 1560/8518/1560 1500/8519/1500
f 1500/8520/1500 1561/8521/1561 1544/8522/1544
f 1501/8523/1501 1502/8524/1502 1562/8525/1562
f 1545/8526/1545 1546/8527/1546 1486/8528/1486
f 1546/8529/1546 1547/8530/1547 1487/8531/1487
f 1488/8532/1488 1547/8533/1547 1548/8534/1548
f 1503/8535/1503 1548/8536/1548 1563/8537/1563
f 1503/8538/1503 1564/8539/1564 1504/8540/1504
f 1504/8541/1504 1565/8542/1565 1505/8543/1505
f 1505/8544/1505 1566/8545/1566 1506/8546/1506
f 1506/8547/1506 1567/8548/1567 1507/8549/1507
f 1507/8550/1507 1549/8551/1549 1489/8373/1489
f 1568/8552/1568 1509/8553/1509 1508/8554/1508
f 1569/8555/1569 1508/8556/1508 1511/8557/1511
f 1570/8558/1570 1510/8559/1510 1509/8560/1509
f 1571/8561/1571 1513/8562/1513 1510/8563/1510
f 1572/8564/1572 1511/8565/1511 1512/8566/1512
f 1573/8567/1573 1512/8568/1512 1515/8569/1515
f 1574/8570/1574 1514/8571/1514 1513/8572/1513
f 1575/8573/1575 1517/8574/1517 1514/8575/1514
f 1576/8576/1576 1515/8577/1515 1516/8578/1516
f 1577/8579/1577 1516/8580/1516 1531/8581/1531
f 1578/8582/1578 1518/8583/1518 1517/8584/1517
f 1518/8585/1518 1579/8586/1579 1519/8587/1519
f 1519/8588/1519 1580/8589/1580 1520/8590/1520
f 1520/8591/1520 1581/8592/1581 1521/8593/1521
f 1521/8594/1521 1582/8595/1582 1545/8596/1545
f 1549/8418/1549 1583/8597/1583 1522/8419/1522
f 1522/8598/1522 1584/8599/1584 1523/8600/1523
f 1585/8601/1585 1524/8602/1524 1523/8603/1523
f 1586/8604/1586 1525/8605/1525 1524/8606/1524
f 1552/8607/1552 1492/8608/1492 1525/8609/1525
f 1550/8610/1550 1491/8611/1491 1551/8612/1551
f 1526/8613/1526 1587/8614/1587 1527/8615/1527
f 1527/8440/1527 1588/8616/1588 1528/8617/1528
f 1528/8618/1528 1589/8619/1589 1529/8620/1529
f 1530/8621/1530 1529/8622/1529 1590/8623/1590
f 1551/8624/1551 1530/8625/1530 1591/8626/1591
f 1592/8627/1592 1531/8628/1531 1532/8629/1532
f 1593/8630/1593 1532/8631/1532 1533/8632/1533
f 1594/8633/1594 1533/8634/1533 1534/8635/1534
f 1595/8636/1595 1534/8637/1534 1550/8638/1550
f 1553/8639/1553 1493/8640/1493 1552/8641/1552
f 1596/8642/1596 1535/8643/1535 1553/8644/1553
f 1597/8645/1597 1536/8646/1536 1535/8647/1535
f 1598/8648/1598 1537/8649/1537 1536/8650/1536
f 1599/8651/1599 1538/8652/1538 1539/8653/1539
f 1600/8654/1600 1542/8655/1542 1538/8656/1538
f 1601/8657/1601 1539/8658/1539 1540/8659/1540
f 1598/8660/1598 1540/8661/1540 1537/8662/1537
f 1541/8663/1541 1554/8664/1554 1602/8665/1602
f 1494/8666/1494 1555/8667/1555 1554/8668/1554
f 1502/8669/1502 1541/8670/1541 1562/8671/1562
f 1603/8672/1603 1543/8673/1543 1542/8674/1542
f 1555/8675/1555 1496/8676/1496 1556/8677/1556
f 1556/8678/1556 1497/8679/1497 1557/8680/1557
f 1557/8681/1557 1543/8682/1543 1603/8683/1603
f 1544/8684/1544 1587/8685/1587 1526/8686/1526
f 1501/8687/1501 1562/8688/1562 1558/8689/1558
f 1498/8690/1498 1558/8691/1558 1559/8692/1559
f 1499/8693/1499 1559/8694/1559 1560/8695/1560
f 1560/8696/1560 1561/8697/1561 1500/8698/1500
f 1561/8699/1561 1604/8700/1604 1544/8701/1544
f 1545/8702/1545 1605/8703/1605 1546/8704/1546
f 1546/8705/1546 1606/8706/1606 1547/8707/1547
f 1547/8708/1547 1607/8709/1607 1548/8710/1548
f 1548/8711/1548 1608/8712/1608 1563/8713/1563
f 1503/8714/1503 1563/8715/1563 1564/8716/1564
f 1504/8717/1504 1564/8718/1564 1565/8719/1565
f 1565/8720/1565 1566/8721/1566 1505/8722/1505
f 1566/8723/1566 1567/8724/1567 1506/8725/1506
f 1567/8726/1567 1549/8727/1549 1507/8728/1507
f 1570/8729/1570 1509/8730/1509 1568/8731/1568
f 1568/8732/1568 1508/8733/1508 1569/8734/1569
f 1569/8735/1569 1511/8736/1511 1572/8737/1572
f 1571/8738/1571 1510/8739/1510 1570/8740/1570
f 1574/8741/1574 1513/8742/1513 1571/8743/1571
f 1572/8744/1572 1512/8745/1512 1573/8746/1573
f 1573/8567/1573 1515/8569/1515 1576/8747/1576
f 1575/8748/1575 1514/8749/1514 1574/8750/1574
f 1578/8751/1578 1517/8752/1517 1575/8753/1575
f 1576/8754/1576 1516/8755/1516 1577/8756/1577
f 1577/8757/1577 1531/8758/1531 1592/8759/1592
f 1578/8760/1578 1579/8761/1579 1518/8762/1518
f 1579/8763/1579 1580/8764/1580 1519/8765/1519
f 1580/8766/1580 1581/8767/1581 1520/8768/1520
f 1581/8769/1581 1582/8770/1582 1521/8771/1521
f 1582/8772/1582 1605/8773/1605 1545/8774/1545
f 1609/8775/1609 1583/8776/1583 1549/8777/1549
f 1583/8778/1583 1584/8779/1584 1522/8780/1522
f 1584/8781/1584 1585/8782/1585 1523/8783/1523
f 1585/8784/1585 1586/8785/1586 1524/8786/1524
f 1586/8787/1586 1552/8788/1552 1525/8789/1525
f 1610/8790/1610 1550/8791/1550 1551/8792/1551
f 1587/8793/1587 1588/8794/1588 1527/8795/1527
f 1528/8796/1528 1588/8797/1588 1589/8798/1589
f 1529/8799/1529 1589/8800/1589 1590/8801/1590
f 1591/8802/1591 1530/8803/1530 1590/8804/1590
f 1611/8805/1611 1551/8806/1551 1591/8807/1591
f 1592/8808/1592 1532/8809/1532 1593/8810/1593
f 1593/8811/1593 1533/8632/1533 1594/8812/1594
f 1594/8813/1594 1534/8635/1534 1595/8814/1595
f 1595/8636/1595 1550/8815/1550 1610/8816/1610
f 1612/8817/1612 1553/8818/1553 1552/8819/1552
f 1613/8820/1613 1596/8821/1596 1553/8822/1553
f 1596/8823/1596 1597/8824/1597 1535/8825/1535
f 1597/8826/1597 1598/8827/1598 1536/8828/1536
f 1601/8829/1601 1599/8830/1599 1539/8831/1539
f 1599/8832/1599 1600/8833/1600 1538/8834/1538
f 1600/8835/1600 1603/8836/1603 1542/8837/1542
f 1601/8838/1601 1540/8839/1540 1598/8840/1598
f 1614/8841/1614 1602/8842/1602 1554/8843/1554
f 1562/8844/1562 1541/8845/1541 1602/8846/1602
f 1615/8847/1615 1554/8848/1554 1555/8849/1555
f 1615/8850/1615 1555/8851/1555 1556/8852/1556
f 1616/8853/1616 1556/8854/1556 1557/8855/1557
f 1617/8856/1617 1557/8857/1557 1603/8858/1603
f 1544/8859/1544 1604/8860/1604 1587/8861/1587
f 1558/8862/1558 1562/8863/1562 1618/8864/1618
f 1559/8865/1559 1558/8866/1558 1619/8867/1619
f 1559/8868/1559 1620/8869/1620 1560/8870/1560
f 1560/8871/1560 1621/8872/1621 1561/8873/1561
f 1561/8874/1561 1622/8875/1622 1604/8876/1604
f 1605/8877/1605 1606/8878/1606 1546/8879/1546
f 1547/8880/1547 1606/8881/1606 1607/8882/1607
f 1548/8883/1548 1607/8884/1607 1608/8885/1608
f 1563/8886/1563 1608/8887/1608 1623/8888/1623
f 1564/8889/1564 1563/8890/1563 1624/8891/1624
f 1564/8892/1564 1625/8893/1625 1565/8894/1565
f 1565/8895/1565 1626/8896/1626 1566/8897/1566
f 1566/8898/1566 1627/8899/1627 1567/8900/1567
f 1567/8901/1567 1609/8902/1609 1549/8903/1549
f 1628/8904/1628 1570/8905/1570 1568/8906/1568
f 1629/8907/1629 1568/8908/1568 1569/8909/1569
f 1630/8910/1630 1569/8911/1569 1572/8912/1572
f 1631/8913/1631 1571/8914/1571 1570/8915/1570
f 1632/8916/1632 1574/8917/1574 1571/8918/1571
f 1633/8919/1633 1572/8920/1572 1573/8921/1573
f 1634/8922/1634 1573/8923/1573 1576/8924/1576
f 1635/8925/1635 1575/8926/1575 1574/8927/1574
f 1636/8928/1636 1578/8929/1578 1575/8930/1575
f 1637/8931/1637 1576/8932/1576 1577/8933/1577
f 1638/8934/1638 1577/8935/1577 1592/8936/1592
f 1578/8937/1578 1639/8938/1639 1579/8939/1579
f 1579/8940/1579 1640/8941/1640 1580/8942/1580
f 1580/8943/1580 1641/8944/1641 1581/8945/1581
f 1581/8946/1581 1642/8947/1642 1582/8948/1582
f 1582/8949/1582 1643/8950/1643 1605/8951/1605
f 1609/8952/1609 1644/8953/1644 1583/8954/1583
f 1583/8955/1583 1645/8956/1645 1584/8957/1584
f 1646/8958/1646 1585/8959/1585 1584/8960/1584
f 1647/8961/1647 1586/8962/1586 1585/8963/1585
f 1612/8964/1612 1552/8965/1552 1586/8966/1586
f 1610/8967/1610 1551/8968/1551 1611/8969/1611
f 1587/8970/1587 1648/8971/1648 1588/8972/1588
f 1588/8973/1588 1649/8974/1649 1589/8975/1589
f 1589/8976/1589 1650/8977/1650 1590/8978/1590
f 1591/8979/1591 1590/8980/1590 1651/8981/1651
f 1611/8982/1611 1591/8983/1591 1652/8984/1652
f 1653/8985/1653 1592/8986/1592 1593/8987/1593
f 1593/8988/1593 1594/8989/1594 1654/8990/1654
f 1594/8991/1594 1595/8992/1595 1655/8993/1655
f 1595/8994/1595 1610/8995/1610 1656/8996/1656
f 1613/8997/1613 1553/8998/1553 1612/8999/1612
f 1657/9000/1657 1596/9001/1596 1613/9002/1613
f 1658/9003/1658 1597/9004/1597 1596/9005/1596
f 1597/9006/1597 1659/9007/1659 1598/9008/1598
f 1660/9009/1660 1599/9010/1599 1601/9011/1601
f 1661/9012/1661 1600/9013/1600 1599/9014/1599
f 1662/9015/1662 1603/9016/1603 1600/9017/1600
f 1659/9018/1659 1601/9019/1601 1598/9020/1598
f 1663/9021/1663 1602/9022/1602 1614/9023/1614
f 1614/9024/1614 1554/9025/1554 1615/9026/1615
f 1562/9027/1562 1602/9028/1602 1618/9029/1618
f 1616/9030/1616 1615/9031/1615 1556/9032/1556
f 1617/9033/1617 1616/9034/1616 1557/9035/1557
f 1617/9036/1617 1603/9037/1603 1662/9038/1662
f 1604/9039/1604 1648/9040/1648 1587/9041/1587
f 1558/9042/1558 1618/9043/1618 1619/9044/1619
f 1559/9045/1559 1619/9046/1619 1620/9047/1620
f 1620/9048/1620 1621/9049/1621 1560/9050/1560
f 1621/9051/1621 1622/9052/1622 1561/9053/1561
f 1622/9054/1622 1664/9055/1664 1604/9056/1604
f 1605/9057/1605 1665/9058/1665 1606/9059/1606
f 1606/9060/1606 1666/9061/1666 1607/9062/1607
f 1607/9063/1607 1667/9064/1667 1608/9065/1608
f 1608/9066/1608 1668/9067/1668 1623/9068/1623
f 1563/8886/1563 1623/9069/1623 1624/9070/1624
f 1564/9071/1564 1624/9072/1624 1625/9073/1625
f 1565/9074/1565 1625/9075/1625 1626/9076/1626
f 1626/9077/1626 1627/9078/1627 1566/9079/1566
f 1627/9080/1627 1609/9081/1609 1567/9082/1567
f 1631/9083/1631 1570/9084/1570 1628/9085/1628
f 1628/9086/1628 1568/9087/1568 1629/9088/1629
f 1629/9089/1629 1569/9090/1569 1630/9091/1630
f 1630/9092/1630 1572/9093/1572 1633/9094/1633
f 1632/9095/1632 1571/9096/1571 1631/9097/1631
f 1635/9098/1635 1574/9099/1574 1632/9100/1632
f 1633/9101/1633 1573/9102/1573 1634/9103/1634
f 1634/9104/1634 1576/9105/1576 1637/9106/1637
f 1636/9107/1636 1575/9108/1575 1635/9109/1635
f 1578/9110/1578 1636/9111/1636 1639/9112/1639
f 1637/9113/1637 1577/9114/1577 1638/9115/1638
f 1638/9116/1638 1592/9117/1592 1653/9118/1653
f 1579/9119/1579 1639/9120/1639 1640/9121/1640
f 1580/9122/1580 1640/9123/1640 1641/9124/1641
f 1581/9125/1581 1641/9126/1641 1642/9127/1642
f 1582/9128/1582 1642/9129/1642 1643/9130/1643
f 1605/9131/1605 1643/9132/1643 1665/9133/1665
f 1669/9134/1669 1644/9135/1644 1609/9136/1609
f 1644/9137/1644 1645/9138/1645 1583/8954/1583
f 1645/9139/1645 1646/9140/1646 1584/9141/1584
f 1646/9142/1646 1647/9143/1647 1585/9144/1585
f 1647/9145/1647 1612/9146/1612 1586/9147/1586
f 1610/9148/1610 1611/9149/1611 1670/9150/1670
f 1648/9151/1648 1649/8974/1649 1588/9152/1588
f 1589/9153/1589 1649/9154/1649 1650/9155/1650
f 1590/9156/1590 1650/9157/1650 1651/9158/1651
f 1652/9159/1652 1591/9160/1591 1651/9161/1651
f 1611/9162/1611 1652/9163/1652 1671/9164/1671
f 1653/9165/1653 1593/9166/1593 1654/9167/1654
f 1654/9168/1654 1594/9169/1594 1655/9170/1655
f 1655/9171/1655 1595/9172/1595 1656/9173/1656
f 1656/9174/1656 1610/9175/1610 1670/9176/1670
f 1672/9177/1672 1613/9178/1613 1612/9179/1612
f 1673/9180/1673 1657/9181/1657 1613/9182/1613
f 1657/9183/1657 1658/9184/1658 1596/9185/1596
f 1658/9186/1658 1659/9187/1659 1597/9188/1597
f 1659/9189/1659 1660/9190/1660 1601/9191/1601
f 1660/9192/1660 1661/9193/1661 1599/9194/1599
f 1662/9195/1662 1600/9196/1600 1661/9197/1661
f 1618/9198/1618 1602/9199/1602 1663/9200/1663
f 1674/9201/1674 1663/9202/1663 1614/9203/1614
f 1675/9204/1675 1614/9205/1614 1615/9206/1615
f 1675/9207/1675 1615/9208/1615 1616/9209/1616
f 1676/9210/1676 1616/9211/1616 1617/9212/1617
f 1677/9213/1677 1617/9214/1617 1662/9215/1662
f 1604/9216/1604 1664/9217/1664 1648/9218/1648
f 1619/9219/1619 1618/9220/1618 1678/9221/1678
f 1619/9222/1619 1679/9223/1679 1620/9224/1620
f 1620/9225/1620 1680/9226/1680 1621/9227/1621
f 1621/9228/1621 1681/9229/1681 1622/9230/1622
f 1622/9231/1622 1682/9232/1682 1664/9233/1664
f 1665/9234/1665 1666/9235/1666 1606/9236/1606
f 1666/9237/1666 1667/9238/1667 1607/9239/1607
f 1667/9240/1667 1668/9241/1668 1608/9242/1608
f 1668/9243/1668 1683/9244/1683 1623/9245/1623
f 1624/9246/1624 1623/9247/1623 1684/9248/1684
f 1625/9249/1625 1624/9250/1624 1685/9251/1685
f 1625/9252/1625 1686/9253/1686 1626/9254/1626
f 1626/9255/1626 1687/9256/1687 1627/9257/1627
f 1627/9258/1627 1669/9259/1669 1609/9260/1609
f 1688/9261/1688 1631/9262/1631 1628/9263/1628
f 1689/9264/1689 1628/9265/1628 1629/9266/1629
f 1690/9267/1690 1629/9268/1629 1630/9269/1630
f 1691/9270/1691 1630/9271/1630 1633/9272/1633
f 1692/9273/1692 1632/9274/1632 1631/9275/1631
f 1693/9276/1693 1635/9277/1635 1632/9278/1632
f 1694/9279/1694 1633/9280/1633 1634/9281/1634
f 1695/9282/1695 1634/9283/1634 1637/9284/1637
f 1696/9285/1696 1636/9286/1636 1635/9287/1635
f 1636/9288/1636 1697/9289/1697 1639/9290/1639
f 1698/9291/1698 1637/9292/1637 1638/9293/1638
f 1699/9294/1699 1638/9295/1638 1653/9296/1653
f 1639/9297/1639 1700/9298/1700 1640/9299/1640
f 1640/9300/1640 1701/9301/1701 1641/9302/1641
f 1641/9303/1641 1702/9304/1702 1642/9305/1642
f 1642/9306/1642 1703/9307/1703 1643/9308/1643
f 1643/9309/1643 1704/9310/1704 1665/9311/1665
f 1669/9312/1669 1705/9313/1705 1644/9314/1644
f 1644/9315/1644 1706/9316/1706 1645/9317/1645
f 1645/9318/1645 1707/9319/1707 1646/9320/1646
f 1708/9321/1708 1647/9322/1647 1646/9323/1646
f 1672/9324/1672 1612/9325/1612 1647/9326/1647
f 1670/9327/1670 1611/9328/1611 1671/9329/1671
f 1648/9330/1648 1709/9331/1709 1649/9332/1649
f 1649/9333/1649 1710/9334/1710 1650/9335/1650
f 1651/9336/1651 1650/9337/1650 1711/9338/1711
f 1652/9339/1652 1651/9340/1651 1712/9341/1712
f 1671/9342/1671 1652/9343/1652 1713/9344/1713
f 1714/9345/1714 1653/9346/1653 1654/9347/1654
f 1654/9348/1654 1655/9349/1655 1715/9350/1715
f 1655/9351/1655 1656/9352/1656 1716/9353/1716
f 1656/9354/1656 1670/9355/1670 1717/9356/1717
f 1673/9357/1673 1613/9358/1613 1672/9359/1672
f 1718/9360/1718 1657/9361/1657 1673/9362/1673
f 1657/9363/1657 1719/9364/1719 1658/9365/1658
f 1658/9366/1658 1720/9367/1720 1659/9368/1659
f 1720/9369/1720 1660/9370/1660 1659/9371/1659
f 1721/9372/1721 1661/9373/1661 1660/9374/1660
f 1722/9375/1722 1662/9376/1662 1661/9377/1661
f 1618/9378/1618 1663/9379/1663 1678/9380/1678
f 1674/9381/1674 1614/9382/1614 1675/9383/1675
f 1723/9384/1723 1663/9385/1663 1674/9386/1674
f 1676/9387/1676 1675/9388/1675 1616/9389/1616
f 1676/9390/1676 1617/9391/1617 1677/9392/1677
f 1677/9393/1677 1662/9394/1662 1722/9395/1722
f 1664/9396/1664 1709/9331/1709 1648/9330/1648
f 1619/9397/1619 1678/9398/1678 1679/9399/1679
f 1679/9400/1679 1680/9401/1680 1620/9402/1620
f 1680/9403/1680 1681/9404/1681 1621/9405/1621
f 1681/9406/1681 1682/9407/1682 1622/9408/1622
f 1682/9409/1682 1724/9410/1724 1664/9411/1664
f 1665/9412/1665 1725/9413/1725 1666/9414/1666
f 1666/9415/1666 1726/9416/1726 1667/9417/1667
f 1667/9418/1667 1727/9419/1727 1668/9420/1668
f 1668/9421/1668 1728/9422/1728 1683/9423/1683
f 1623/9424/1623 1683/9425/1683 1684/9426/1684
f 1624/9246/1624 1684/9427/1684 1685/9428/1685
f 1625/9429/1625 1685/9430/1685 1686/9431/1686
f 1626/9432/1626 1686/9433/1686 1687/9434/1687
f 1687/9435/1687 1669/9436/1669 1627/9437/1627
f 1692/9438/1692 1631/9439/1631 1688/9440/1688
f 1688/9441/1688 1628/9442/1628 1689/9443/1689
f 1689/9444/1689 1629/9445/1629 1690/9446/1690
f 1690/9447/1690 1630/9448/1630 1691/9449/1691
f 1691/9450/1691 1633/9451/1633 1694/9452/1694
f 1693/9453/1693 1632/9454/1632 1692/9455/1692
f 1696/9456/1696 1635/9457/1635 1693/9458/1693
f 1694/9459/1694 1634/9460/1634 1695/9461/1695
f 1695/9462/1695 1637/9463/1637 1698/9464/1698
f 1636/9465/1636 1696/9466/1696 1697/9467/1697
f 1639/9468/1639 1697/9469/1697 1700/9470/1700
f 1698/9471/1698 1638/9472/1638 1699/9473/1699
f 1699/9474/1699 1653/9475/1653 1714/9476/1714
f 1640/9477/1640 1700/9478/1700 1701/9479/1701
f 1641/9480/1641 1701/9481/1701 1702/9482/1702
f 1642/9483/1642 1702/9484/1702 1703/9485/1703
f 1643/9486/1643 1703/9487/1703 1704/9488/1704
f 1704/9489/1704 1725/9490/1725 1665/9491/1665
f 1729/9492/1729 1705/9493/1705 1669/9494/1669
f 1705/9313/1705 1706/9495/1706 1644/9314/1644
f 1706/9496/1706 1707/9497/1707 1645/9498/1645
f 1707/9499/1707 1708/9500/1708 1646/9501/1646
f 1708/9502/1708 1672/9503/1672 1647/9504/1647
f 1670/9505/1670 1671/9506/1671 1730/9507/1730
f 1649/9508/1649 1709/9509/1709 1710/9510/1710
f 1650/9511/1650 1710/9512/1710 1711/9513/1711
f 1651/9514/1651 1711/9515/1711 1712/9516/1712
f 1652/9517/1652 1712/9518/1712 1713/9519/1713
f 1671/9520/1671 1713/9521/1713 1731/9522/1731
f 1714/9523/1714 1654/9524/1654 1715/9525/1715
f 1715/9526/1715 1655/9527/1655 1716/9528/1716
f 1716/9529/1716 1656/9530/1656 1717/9531/1717
f 1717/9532/1717 1670/9533/1670 1730/9534/1730
f 1732/9535/1732 1673/9536/1673 1672/9537/1672
f 1733/9538/1733 1718/9539/1718 1673/9540/1673
f 1718/9541/1718 1719/9542/1719 1657/9543/1657
f 1719/9544/1719 1720/9545/1720 1658/9546/1658
f 1720/9547/1720 1721/9548/1721 1660/9549/1660
f 1721/9550/1721 1722/9551/1722 1661/9552/1661
f 1678/9553/1678 1663/9554/1663 1723/9555/1723
f 1734/9556/1734 1674/9557/1674 1675/9558/1675
f 1723/9559/1723 1674/9560/1674 1735/9561/1735
f 1734/9562/1734 1675/9563/1675 1676/9564/1676
f 1736/9565/1736 1676/9566/1676 1677/9567/1677
f 1737/9568/1737 1677/9569/1677 1722/9570/1722
f 1664/9411/1664 1724/9410/1724 1709/9571/1709
f 1678/9572/1678 1738/9573/1738 1679/9574/1679
f 1679/9575/1679 1739/9576/1739 1680/9577/1680
f 1680/9578/1680 1740/9579/1740 1681/9580/1681
f 1681/9581/1681 1741/9582/1741 1682/9583/1682
f 1682/9584/1682 1742/9585/1742 1724/9586/1724
f 1725/9587/1725 1726/9588/1726 1666/9589/1666
f 1726/9590/1726 1727/9591/1727 1667/9592/1667
f 1727/9593/1727 1728/9594/1728 1668/9595/1668
f 1728/9596/1728 1743/9597/1743 1683/9598/1683
f 1683/9599/1683 1744/9600/1744 1684/9601/1684
f 1685/9602/1685 1684/9603/1684 1745/9604/1745
f 1686/9605/1686 1685/9606/1685 1746/9607/1746
f 1686/9608/1686 1747/9609/1747 1687/9610/1687
f 1687/9611/1687 1729/9612/1729 1669/9613/1669
f 1748/9614/1748 1692/9615/1692 1688/9616/1688
f 1749/9617/1749 1688/9618/1688 1689/9619/1689
f 1750/9620/1750 1689/9621/1689 1690/9622/1690
f 1751/9623/1751 1690/9624/1690 1691/9625/1691
f 1752/9626/1752 1691/9627/1691 1694/9628/1694
f 1753/9629/1753 1693/9630/1693 1692/9631/1692
f 1754/9632/1754 1696/9633/1696 1693/9634/1693
f 1755/9635/1755 1694/9636/1694 1695/9637/1695
f 1756/9638/1756 1695/9639/1695 1698/9640/1698
f 1696/9641/1696 1757/9642/1757 1697/9643/1697
f 1697/9644/1697 1758/9645/1758 1700/9646/1700
f 1759/9647/1759 1698/9648/1698 1699/9649/1699
f 1760/9650/1760 1699/9651/1699 1714/9652/1714
f 1700/9653/1700 1761/9654/1761 1701/9655/1701
f 1701/9656/1701 1762/9657/1762 1702/9658/1702
f 1702/9659/1702 1763/9660/1763 1703/9661/1703
f 1703/9662/1703 1764/9663/1764 1704/9664/1704
f 1704/9665/1704 1765/9666/1765 1725/9667/1725
f 1729/9668/1729 1766/9669/1766 1705/9670/1705
f 1705/9671/1705 1767/9672/1767 1706/9673/1706
f 1706/9674/1706 1768/9675/1768 1707/9676/1707
f 1707/9677/1707 1769/9678/1769 1708/9679/1708
f 1732/9680/1732 1672/9681/1672 1708/9682/1708
f 1730/9507/1730 1671/9506/1671 1731/9683/1731
f 1709/9684/1709 1770/9685/1770 1710/9686/1710
f 1711/9687/1711 1710/9688/1710 1771/9689/1771
f 1712/9516/1712 1711/9515/1711 1772/9690/1772
f 1713/9519/1713 1712/9691/1712 1773/9692/1773
f 1731/9693/1731 1713/9694/1713 1774/9695/1774
f 1775/9696/1775 1714/9697/1714 1715/9698/1715
f 1715/9699/1715 1716/9700/1716 1776/9701/1776
f 1716/9702/1716 1717/9703/1717 1777/9704/1777
f 1717/9705/1717 1730/9706/1730 1778/9707/1778
f 1733/9708/1733 1673/9709/1673 1732/9710/1732
f 1779/9711/1779 1718/9712/1718 1733/9713/1733
f 1718/9714/1718 1780/9715/1780 1719/9716/1719
f 1719/9717/1719 1781/9718/1781 1720/9719/1720
f 1781/9720/1781 1721/9721/1721 1720/9722/1720
f 1782/9723/1782 1722/9724/1722 1721/9725/1721
f 1678/9726/1678 1723/9727/1723 1738/9728/1738
f 1735/9729/1735 1674/9730/1674 1734/9731/1734
f 1783/9732/1783 1723/9733/1723 1735/9734/1735
f 1736/9735/1736 1734/9736/1734 1676/9737/1676
f 1736/9738/1736 1677/9739/1677 1737/9740/1737
f 1737/9741/1737 1722/9742/1722 1782/9743/1782
f 1709/9744/1709 1724/9745/1724 1770/9746/1770
f 1738/9747/1738 1739/9748/1739 1679/9749/1679
f 1739/9750/1739 1740/9751/1740 1680/9752/1680
f 1740/9753/1740 1741/9754/1741 1681/9755/1681
f 1741/9756/1741 1742/9757/1742 1682/9758/1682
f 1724/9759/1724 1742/9760/1742 1784/9761/1784
f 1725/9762/1725 1785/9763/1785 1726/9764/1726
f 1726/9765/1726 1786/9766/1786 1727/9767/1727
f 1727/9768/1727 1787/9769/1787 1728/9770/1728
f 1728/9771/1728 1788/9772/1788 1743/9773/1743
f 1683/9774/1683 1743/9775/1743 1744/9776/1744
f 1684/9777/1684 1744/9778/1744 1745/9779/1745
f 1685/9780/1685 1745/9781/1745 1746/9782/1746
f 1686/9783/1686 1746/9784/1746 1747/9785/1747
f 1687/9786/1687 1747/9787/1747 1729/9788/1729
f 1748/9789/1748 1753/9790/1753 1692/9791/1692
f 1748/9792/1748 1688/9793/1688 1749/9794/1749
f 1749/9795/1749 1689/9796/1689 1750/9797/1750
f 1750/9798/1750 1690/9799/1690 1751/9800/1751
f 1751/9801/1751 1691/9802/1691 1752/9803/1752
f 1752/9804/1752 1694/9805/1694 1755/9806/1755
f 1754/9807/1754 1693/9808/1693 1753/9809/1753
f 1696/9810/1696 1754/9811/1754 1757/9812/1757
f 1755/9813/1755 1695/9814/1695 1756/9815/1756
f 1756/9638/1756 1698/9640/1698 1759/9816/1759
f 1697/9817/1697 1757/9818/1757 1758/9819/1758
f 1700/9820/1700 1758/9821/1758 1761/9822/1761
f 1759/9823/1759 1699/9824/1699 1760/9825/1760
f 1760/9826/1760 1714/9827/1714 1775/9828/1775
f 1701/9829/1701 1761/9830/1761 1762/9831/1762
f 1702/9832/1702 1762/9833/1762 1763/9834/1763
f 1703/9835/1703 1763/9836/1763 1764/9837/1764
f 1764/9838/1764 1765/9839/1765 1704/9840/1704
f 1765/9841/1765 1785/9842/1785 1725/9843/1725
f 1789/9844/1789 1766/9845/1766 1729/9846/1729
f 1766/9847/1766 1767/9848/1767 1705/9849/1705
f 1767/9850/1767 1768/9851/1768 1706/9852/1706
f 1768/9853/1768 1769/9854/1769 1707/9855/1707
f 1769/9856/1769 1732/9857/1732 1708/9858/1708
f 1730/9859/1730 1731/9860/1731 1790/9861/1790
f 1710/9862/1710 1770/9863/1770 1771/9864/1771
f 1711/9865/1711 1771/9866/1771 1772/9867/1772
f 1773/9868/1773 1712/9869/1712 1772/9870/1772
f 1713/9871/1713 1773/9872/1773 1774/9873/1774
f 1731/9874/1731 1774/9875/1774 1791/9876/1791
f 1775/9877/1775 1715/9878/1715 1776/9879/1776
f 1776/9880/1776 1716/9881/1716 1777/9882/1777
f 1777/9883/1777 1717/9884/1717 1778/9885/1778
f 1778/9886/1778 1730/9887/1730 1790/9888/1790
f 1792/9889/1792 1733/9890/1733 1732/9891/1732
f 1793/9892/1793 1779/9893/1779 1733/9894/1733
f 1779/9895/1779 1780/9896/1780 1718/9897/1718
f 1780/9898/1780 1781/9899/1781 1719/9900/1719
f 1781/9901/1781 1782/9902/1782 1721/9903/1721
f 1738/9904/1738 1723/9905/1723 1783/9906/1783
f 1794/9907/1794 1735/9908/1735 1734/9909/1734
f 1783/9910/1783 1735/9911/1735 1795/9912/1795
f 1794/9913/1794 1734/9914/1734 1736/9915/1736
f 1796/9916/1796 1736/9917/1736 1737/9918/1737
f 1797/9919/1797 1737/9920/1737 1782/9921/1782
f 1724/9922/1724 1784/9923/1784 1770/9924/1770
f 1738/9925/1738 1798/9926/1798 1739/9927/1739
f 1739/9928/1739 1799/9929/1799 1740/9930/1740
f 1740/9931/1740 1800/9932/1800 1741/9933/1741
f 1801/9934/1801 1742/9935/1742 1741/9936/1741
f 1742/9937/1742 1802/9938/1802 1784/9939/1784
f 1785/9940/1785 1786/9941/1786 1726/9942/1726
f 1786/9943/1786 1787/9944/1787 1727/9945/1727
f 1787/9946/1787 1788/9947/1788 1728/9948/1728
f 1788/9949/1788 1803/9950/1803 1743/9951/1743
f 1743/9952/1743 1804/9953/1804 1744/9954/1744
f 1744/9955/1744 1805/9956/1805 1745/9957/1745
f 1746/9958/1746 1745/9959/1745 1806/9960/1806
f 1747/9961/1747 1746/9962/1746 1807/9963/1807
f 1747/9964/1747 1789/9965/1789 1729/9966/1729
f 1753/9967/1753 1748/9968/1748 1808/9969/1808
f 1748/9970/1748 1749/9971/1749 1809/9972/1809
f 1749/9973/1749 1750/9974/1750 1810/9975/1810
f 1750/9976/1750 1751/9977/1751 1811/9978/1811
f 1751/9979/1751 1752/9980/1752 1812/9981/1812
f 1752/9982/1752 1755/9983/1755 1813/9984/1813
f 1754/9985/1754 1753/9986/1753 1814/9987/1814
f 1757/9988/1757 1754/9989/1754 1815/9990/1815
f 1816/9991/1816 1755/9992/1755 1756/9993/1756
f 1817/9994/1817 1756/9995/1756 1759/9996/1759
f 1758/9997/1758 1757/9998/1757 1818/9999/1818
f 1761/10000/1761 1758/10001/1758 1819/10002/1819
f 1820/10003/1820 1759/10004/1759 1760/10005/1760
f 1821/10006/1821 1760/10007/1760 1775/10008/1775
f 1762/10009/1762 1761/10010/1761 1822/10011/1822
f 1763/10012/1763 1762/10013/1762 1823/10014/1823
f 1764/10015/1764 1763/10016/1763 1824/10017/1824
f 1764/10018/1764 1825/10019/1825 1765/10020/1765
f 1765/10021/1765 1826/10022/1826 1785/10023/1785
f 1827/10024/1827 1766/10025/1766 1789/10026/1789
f 1766/10027/1766 1828/10028/1828 1767/10029/1767
f 1767/10030/1767 1829/10031/1829 1768/10032/1768
f 1768/10033/1768 1830/10034/1830 1769/10035/1769
f 1769/10036/1769 1792/10037/1792 1732/10038/1732
f 1790/9861/1790 1731/10039/1731 1791/10040/1791
f 1771/10041/1771 1770/10042/1770 1831/10043/1831
f 1772/10044/1772 1771/10045/1771 1832/10046/1832
f 1773/10047/1773 1772/10048/1772 1833/10049/1833
f 1774/10050/1774 1773/10051/1773 1834/10052/1834
f 1791/10053/1791 1774/10054/1774 1835/10055/1835
f 1836/10056/1836 1775/10057/1775 1776/10058/1776
f 1837/10059/1837 1776/10060/1776 1777/10061/1777
f 1838/10062/1838 1777/10063/1777 1778/10064/1778
f 1839/10065/1839 1778/10066/1778 1790/10067/1790
f 1792/10068/1792 1793/10069/1793 1733/10070/1733
f 1793/10071/1793 1840/10072/1840 1779/10073/1779
f 1841/10074/1841 1780/10075/1780 1779/10076/1779
f 1780/10077/1780 1842/10078/1842 1781/10079/1781
f 1842/10080/1842 1782/10081/1782 1781/10082/1781
f 1783/10083/1783 1798/10084/1798 1738/10085/1738
f 1795/10086/1795 1735/10087/1735 1794/10088/1794
f 1795/10089/1795 1843/10090/1843 1783/10091/1783
f 1796/10092/1796 1794/10093/1794 1736/10094/1736
f 1796/10095/1796 1737/10096/1737 1797/10097/1797
f 1797/10098/1797 1782/10099/1782 1842/10100/1842
f 1770/10101/1770 1784/10102/1784 1831/10103/1831
f 1798/10104/1798 1799/10105/1799 1739/10106/1739
f 1799/10107/1799 1800/10108/1800 1740/10109/1740
f 1800/10110/1800 1801/10111/1801 1741/10112/1741
f 1742/10113/1742 1801/10114/1801 1802/10115/1802
f 1784/10116/1784 1802/10117/1802 1844/10118/1844
f 1785/10119/1785 1845/10120/1845 1786/10121/1786
f 1786/10122/1786 1846/10123/1846 1787/10124/1787
f 1787/10125/1787 1847/10126/1847 1788/10127/1788
f 1788/10128/1788 1848/10129/1848 1803/10130/1803
f 1743/10131/1743 1803/10132/1803 1804/10133/1804
f 1744/10134/1744 1804/10135/1804 1805/10136/1805
f 1745/10137/1745 1805/10138/1805 1806/10139/1806
f 1746/10140/1746 1806/10141/1806 1807/10142/1807
f 1747/10143/1747 1807/10144/1807 1789/10145/1789
f 1814/10146/1814 1753/10147/1753 1808/10148/1808
f 1808/10149/1808 1748/10150/1748 1809/10151/1809
f 1809/10152/1809 1749/10153/1749 1810/10154/1810
f 1810/10155/1810 1750/10156/1750 1811/10157/1811
f 1811/10158/1811 1751/10159/1751 1812/10160/1812
f 1812/10161/1812 1752/10162/1752 1813/10163/1813
f 1813/10164/1813 1755/10165/1755 1816/10166/1816
f 1815/10167/1815 1754/10168/1754 1814/10169/1814
f 1818/10170/1818 1757/10171/1757 1815/10172/1815
f 1816/10173/1816 1756/10174/1756 1817/10175/1817
f 1817/10176/1817 1759/10177/1759 1820/10178/1820
f 1819/10179/1819 1758/10180/1758 1818/10181/1818
f 1822/10182/1822 1761/10183/1761 1819/10184/1819
f 1820/10003/1820 1760/10005/1760 1821/10185/1821
f 1821/10186/1821 1775/10187/1775 1836/10188/1836
f 1762/10189/1762 1822/10190/1822 1823/10191/1823
f 1763/10192/1763 1823/10193/1823 1824/10194/1824
f 1764/10195/1764 1824/10196/1824 1825/10197/1825
f 1765/10198/1765 1825/10199/1825 1826/10200/1826
f 1785/10201/1785 1826/10202/1826 1845/10203/1845
f 1849/10204/1849 1827/10205/1827 1789/10206/1789
f 1827/10207/1827 1828/10208/1828 1766/10209/1766
f 1828/10210/1828 1829/10211/1829 1767/10212/1767
f 1768/10213/1768 1829/10214/1829 1830/10215/1830
f 1769/10035/1769 1830/10034/1830 1792/10216/1792
f 1850/10217/1850 1790/10218/1790 1791/10219/1791
f 1771/10220/1771 1831/10221/1831 1832/10222/1832
f 1833/10223/1833 1772/10224/1772 1832/10225/1832
f 1834/10226/1834 1773/10227/1773 1833/10228/1833
f 1774/10229/1774 1834/10230/1834 1835/10231/1835
f 1851/10232/1851 1791/10233/1791 1835/10234/1835
f 1836/10235/1836 1776/10236/1776 1837/10237/1837
f 1837/10238/1837 1777/10239/1777 1838/10240/1838
f 1838/10241/1838 1778/10242/1778 1839/10243/1839
f 1839/10244/1839 1790/10245/1790 1850/10246/1850
f 1792/10247/1792 1852/10248/1852 1793/10249/1793
f 1793/10250/1793 1853/10251/1853 1840/10252/1840
f 1840/10253/1840 1841/10254/1841 1779/10255/1779
f 1841/10256/1841 1842/10257/1842 1780/10258/1780
f 1843/10259/1843 1798/10260/1798 1783/10261/1783
f 1795/10262/1795 1794/10263/1794 1854/10264/1854
f 1855/10265/1855 1843/10266/1843 1795/10267/1795
f 1854/10268/1854 1794/10269/1794 1796/10270/1796
f 1856/10271/1856 1796/10272/1796 1797/10273/1797
f 1857/10274/1857 1797/10275/1797 1842/10276/1842
f 1831/10277/1831 1784/10278/1784 1844/10279/1844
f 1798/10280/1798 1858/10281/1858 1799/10282/1799
f 1799/10283/1799 1859/10284/1859 1800/10285/1800
f 1860/10286/1860 1801/10287/1801 1800/10288/1800
f 1801/10289/1801 1861/10290/1861 1802/10291/1802
f 1844/10292/1844 1802/10293/1802 1862/10294/1862
f 1786/10295/1786 1845/10296/1845 1846/10297/1846
f 1787/10298/1787 1846/10299/1846 1847/10300/1847
f 1788/10301/1788 1847/10302/1847 1848/10303/1848
f 1803/10304/1803 1848/10305/1848 1863/10306/1863
f 1864/10307/1864 1804/10308/1804 1803/10309/1803
f 1865/10310/1865 1805/10311/1805 1804/10312/1804
f 1866/10313/1866 1806/10314/1806 1805/10315/1805
f 1867/10316/1867 1807/10317/1807 1806/10318/1806
f 1849/10319/1849 1789/10320/1789 1807/10321/1807
f 1814/10322/1814 1808/10323/1808 1868/10324/1868
f 1808/10325/1808 1809/10326/1809 1869/10327/1869
f 1809/10328/1809 1810/10329/1810 1870/10330/1870
f 1810/10331/1810 1811/10332/1811 1871/10333/1871
f 1811/10334/1811 1812/10335/1812 1872/10336/1872
f 1812/10337/1812 1813/10338/1813 1873/10339/1873
f 1813/10340/1813 1816/10341/1816 1874/10342/1874
f 1815/10343/1815 1814/10344/1814 1875/10345/1875
f 1818/10346/1818 1815/10347/1815 1876/10348/1876
f 1816/10349/1816 1817/10350/1817 1877/10351/1877
f 1817/10352/1817 1820/10353/1820 1878/10354/1878
f 1819/10355/1819 1818/10356/1818 1879/10357/1879
f 1822/10358/1822 1819/10359/1819 1880/10360/1880
f 1820/10361/1820 1821/10362/1821 1881/10363/1881
f 1821/10364/1821 1836/10365/1836 1882/10366/1882
f 1823/10367/1823 1822/10368/1822 1883/10369/1883
f 1824/10370/1824 1823/10371/1823 1884/10372/1884
f 1824/10373/1824 1885/10374/1885 1825/10375/1825
f 1825/10376/1825 1886/10377/1886 1826/10378/1826
f 1826/10379/1826 1887/10380/1887 1845/10381/1845
f 1888/10382/1888 1827/10383/1827 1849/10384/1849
f 1889/10385/1889 1828/10386/1828 1827/10387/1827
f 1828/10388/1828 1890/10389/1890 1829/10390/1829
f 1829/10391/1829 1891/10392/1891 1830/10393/1830
f 1830/10394/1830 1852/10395/1852 1792/10396/1792
f 1850/10397/1850 1791/10398/1791 1851/10399/1851
f 1832/10222/1832 1831/10221/1831 1892/10400/1892
f 1833/10401/1833 1832/10402/1832 1893/10403/1893
f 1834/10404/1834 1833/10405/1833 1894/10406/1894
f 1835/10407/1835 1834/10408/1834 1895/10409/1895
f 1851/10232/1851 1835/10410/1835 1896/10411/1896
f 1836/10412/1836 1837/10413/1837 1897/10414/1897
f 1837/10415/1837 1838/10416/1838 1898/10417/1898
f 1838/10418/1838 1839/10419/1839 1899/10420/1899
f 1839/10421/1839 1850/10422/1850 1900/10423/1900
f 1852/10424/1852 1853/10425/1853 1793/10426/1793
f 1853/10427/1853 1901/10428/1901 1840/10429/1840
f 1840/10430/1840 1902/10431/1902 1841/10432/1841
f 1857/10433/1857 1842/10434/1842 1841/10435/1841
f 1843/10436/1843 1858/10437/1858 1798/10438/1798
f 1854/10439/1854 1855/10440/1855 1795/10441/1795
f 1855/10442/1855 1903/10443/1903 1843/10444/1843
f 1854/10445/1854 1796/10446/1796 1856/10447/1856
f 1856/10448/1856 1797/10449/1797 1857/10450/1857
f 1831/10451/1831 1844/10452/1844 1892/10453/1892
f 1858/10454/1858 1859/10455/1859 1799/10456/1799
f 1859/10457/1859 1860/10458/1860 1800/10459/1800
f 1801/10460/1801 1860/10461/1860 1861/10462/1861
f 1802/10463/1802 1861/10464/1861 1862/10465/1862
f 1844/10466/1844 1862/10467/1862 1904/10468/1904
f 1845/10469/1845 1905/10470/1905 1846/10471/1846
f 1846/10472/1846 1906/10473/1906 1847/10474/1847
f 1847/10475/1847 1907/10476/1907 1848/10477/1848
f 1848/10478/1848 1908/10479/1908 1863/10480/1863
f 1803/10481/1803 1863/10482/1863 1864/10483/1864
f 1864/10484/1864 1865/10485/1865 1804/10486/1804
f 1865/10487/1865 1866/10488/1866 1805/10489/1805
f 1866/10490/1866 1867/10491/1867 1806/10492/1806
f 1867/10316/1867 1849/10493/1849 1807/10494/1807
f 1808/10495/1808 1869/10496/1869 1868/10497/1868
f 1814/10498/1814 1868/10499/1868 1875/10500/1875
f 1809/10501/1809 1870/10502/1870 1869/10503/1869
f 1810/10504/1810 1871/10505/1871 1870/10506/1870
f 1811/10507/1811 1872/10508/1872 1871/10509/1871
f 1812/10510/1812 1873/10511/1873 1872/10512/1872
f 1813/10513/1813 1874/10514/1874 1873/10515/1873
f 1874/10516/1874 1816/10517/1816 1877/10518/1877
f 1815/10519/1815 1875/10520/1875 1876/10521/1876
f 1818/10522/1818 1876/10523/1876 1879/10524/1879
f 1877/10525/1877 1817/10526/1817 1878/10527/1878
f 1878/10528/1878 1820/10529/1820 1881/10530/1881
f 1819/10531/1819 1879/10532/1879 1880/10533/1880
f 1822/10534/1822 1880/10535/1880 1883/10536/1883
f 1881/10537/1881 1821/10538/1821 1882/10539/1882
f 1882/10540/1882 1836/10541/1836 1897/10542/1897
f 1823/10543/1823 1883/10544/1883 1884/10545/1884
f 1824/10546/1824 1884/10547/1884 1885/10548/1885
f 1825/10549/1825 1885/10550/1885 1886/10551/1886
f 1826/10552/1826 1886/10553/1886 1887/10554/1887
f 1845/10555/1845 1887/10556/1887 1905/10557/1905
f 1909/10558/1909 1888/10559/1888 1849/10560/1849
f 1888/10561/1888 1889/10562/1889 1827/10563/1827
f 1889/10564/1889 1890/10565/1890 1828/10566/1828
f 1890/10567/1890 1891/10568/1891 1829/10569/1829
f 1830/10570/1830 1891/10571/1891 1852/10572/1852
f 1910/10573/1910 1850/10574/1850 1851/10575/1851
f 1893/10576/1893 1832/10577/1832 1892/10578/1892
f 1894/10579/1894 1833/10580/1833 1893/10581/1893
f 1895/10582/1895 1834/10583/1834 1894/10584/1894
f 1896/10585/1896 1835/10586/1835 1895/10587/1895
f 1911/10588/1911 1851/10589/1851 1896/10590/1896
f 1897/10591/1897 1837/10592/1837 1898/10593/1898
f 1898/10594/1898 1838/10595/1838 1899/10596/1899
f 1899/10597/1899 1839/10598/1839 1900/10599/1900
f 1900/10600/1900 1850/10601/1850 1910/10602/1910
f 1852/10603/1852 1912/10604/1912 1853/10605/1853
f 1853/10606/1853 1913/10607/1913 1901/10608/1901
f 1840/10609/1840 1901/10610/1901 1902/10611/1902
f 1902/10612/1902 1857/10613/1857 1841/10614/1841
f 1843/10615/1843 1903/10616/1903 1858/10617/1858
f 1914/10618/1914 1855/10619/1855 1854/10620/1854
f 1855/10621/1855 1915/10622/1915 1903/10623/1903
f 1856/10624/1856 1914/10625/1914 1854/10626/1854
f 1857/10627/1857 1916/10628/1916 1856/10629/1856
f 1892/10630/1892 1844/10631/1844 1904/10632/1904
f 1858/10633/1858 1917/10634/1917 1859/10635/1859
f 1918/10636/1918 1860/10637/1860 1859/10638/1859
f 1861/10639/1861 1860/10640/1860 1919/10641/1919
f 1862/10642/1862 1861/10643/1861 1920/10644/1920
f 1904/10645/1904 1862/10646/1862 1921/10647/1921
f 1846/10648/1846 1905/10649/1905 1906/10650/1906
f 1906/10651/1906 1907/10652/1907 1847/10653/1847
f 1907/10654/1907 1908/10655/1908 1848/10656/1848
f 1908/10657/1908 1922/10658/1922 1863/10659/1863
f 1864/10660/1864 1863/10661/1863 1923/10662/1923
f 1924/10663/1924 1865/10664/1865 1864/10665/1864
f 1925/10666/1925 1866/10667/1866 1865/10668/1865
f 1926/10669/1926 1867/10670/1867 1866/10671/1866
f 1909/10672/1909 1849/10560/1849 1867/10673/1867
f 1868/10674/1868 1869/10675/1869 1927/10676/1927
f 1875/10677/1875 1868/10678/1868 1928/10679/1928
f 1869/10680/1869 1870/10681/1870 1929/10682/1929
f 1870/10683/1870 1871/10684/1871 1930/10685/1930
f 1871/10686/1871 1872/10687/1872 1931/10688/1931
f 1872/10689/1872 1873/10690/1873 1932/10691/1932
f 1873/10692/1873 1874/10693/1874 1933/10694/1933
f 1874/10695/1874 1877/10696/1877 1934/10697/1934
f 1876/10698/1876 1875/10699/1875 1935/10700/1935
f 1879/10701/1879 1876/10702/1876 1936/10703/1936
f 1877/10704/1877 1878/10705/1878 1937/10706/1937
f 1878/10707/1878 1881/10708/1881 1938/10709/1938
f 1880/10710/1880 1879/10711/1879 1939/10712/1939
f 1883/10713/1883 1880/10714/1880 1940/10715/1940
f 1881/10716/1881 1882/10717/1882 1941/10718/1941
f 1882/10719/1882 1897/10720/1897 1942/10721/1942
f 1884/10722/1884 1883/10723/1883 1943/10724/1943
f 1885/10725/1885 1884/10726/1884 1944/10727/1944
f 1885/10728/1885 1945/10729/1945 1886/10730/1886
f 1886/10731/1886 1946/10732/1946 1887/10733/1887
f 1887/10734/1887 1947/10735/1947 1905/10736/1905
f 1948/10737/1948 1888/10738/1888 1909/10739/1909
f 1949/10740/1949 1889/10741/1889 1888/10742/1888
f 1950/10743/1950 1890/10744/1890 1889/10745/1889
f 1890/10567/1890 1951/10746/1951 1891/10568/1891
f 1891/10747/1891 1912/10748/1912 1852/10749/1852
f 1910/10750/1910 1851/10751/1851 1911/10752/1911
f 1893/10753/1893 1892/10754/1892 1952/10755/1952
f 1894/10756/1894 1893/10757/1893 1953/10758/1953
f 1895/10759/1895 1894/10760/1894 1954/10761/1954
f 1896/10762/1896 1895/10763/1895 1955/10764/1955
f 1911/10765/1911 1896/10766/1896 1956/10767/1956
f 1897/10768/1897 1898/10769/1898 1957/10770/1957
f 1898/10771/1898 1899/10772/1899 1958/10773/1958
f 1959/10774/1959 1899/10775/1899 1900/10776/1900
f 1960/10777/1960 1900/10778/1900 1910/10779/1910
f 1912/10780/1912 1913/10781/1913 1853/10782/1853
f 1913/10783/1913 1961/10784/1961 1901/10785/1901
f 1901/10786/1901 1962/10787/1962 1902/10788/1902
f 1916/10789/1916 1857/10790/1857 1902/10791/1902
f 1903/10792/1903 1917/10793/1917 1858/10794/1858
f 1914/10795/1914 1915/10796/1915 1855/10797/1855
f 1915/10798/1915 1963/10799/1963 1903/10800/1903
f 1916/10801/1916 1914/10802/1914 1856/10803/1856
f 1952/10804/1952 1892/10805/1892 1904/10806/1904
f 1917/10807/1917 1918/10808/1918 1859/10809/1859
f 1919/10810/1919 1860/10811/1860 1918/10812/1918
f 1920/10813/1920 1861/10814/1861 1919/10815/1919
f 1862/10816/1862 1920/10817/1920 1921/10818/1921
f 1964/10819/1964 1904/10820/1904 1921/10821/1921
f 1905/10822/1905 1965/10823/1965 1906/10824/1906
f 1906/10825/1906 1966/10826/1966 1907/10827/1907
f 1907/10828/1907 1967/10829/1967 1908/10830/1908
f 1908/10831/1908 1968/10832/1968 1922/10833/1922
f 1863/10834/1863 1922/10835/1922 1923/10836/1923
f 1864/10660/1864 1923/10662/1923 1924/10837/1924
f 1924/10663/1924 1925/10838/1925 1865/10664/1865
f 1925/10839/1925 1926/10840/1926 1866/10841/1866
f 1926/10842/1926 1909/10843/1909 1867/10844/1867
f 1869/10845/1869 1929/10846/1929 1927/10847/1927
f 1868/10848/1868 1927/10849/1927 1928/10850/1928
f 1875/10851/1875 1928/10852/1928 1935/10853/1935
f 1870/10854/1870 1930/10855/1930 1929/10856/1929
f 1871/10857/1871 1931/10858/1931 1930/10859/1930
f 1872/10860/1872 1932/10861/1932 1931/10862/1931
f 1873/10863/1873 1933/10864/1933 1932/10865/1932
f 1933/10866/1933 1874/10867/1874 1934/10868/1934
f 1934/10869/1934 1877/10870/1877 1937/10871/1937
f 1876/10872/1876 1935/10873/1935 1936/10874/1936
f 1879/10875/1879 1936/10876/1936 1939/10877/1939
f 1937/10878/1937 1878/10879/1878 1938/10880/1938
f 1938/10881/1938 1881/10882/1881 1941/10883/1941
f 1880/10884/1880 1939/10885/1939 1940/10886/1940
f 1883/10887/1883 1940/10888/1940 1943/10889/1943
f 1941/10890/1941 1882/10891/1882 1942/10892/1942
f 1942/10893/1942 1897/10894/1897 1957/10895/1957
f 1884/10896/1884 1943/10897/1943 1944/10898/1944
f 1885/10899/1885 1944/10900/1944 1945/10901/1945
f 1886/10902/1886 1945/10903/1945 1946/10904/1946
f 1887/10905/1887 1946/10906/1946 1947/10907/1947
f 1905/10908/1905 1947/10909/1947 1965/10910/1965
f 1969/10911/1969 1948/10912/1948 1909/10913/1909
f 1948/10737/1948 1949/10914/1949 1888/10738/1888
f 1949/10915/1949 1950/10916/1950 1889/10917/1889
f 1950/10918/1950 1951/10919/1951 1890/10920/1890
f 1951/10921/1951 1912/10922/1912 1891/10923/1891
f 1970/10924/1970 1910/10925/1910 1911/10926/1911
f 1953/10927/1953 1893/10928/1893 1952/10929/1952
f 1954/10930/1954 1894/10931/1894 1953/10932/1953
f 1955/10933/1955 1895/10934/1895 1954/10935/1954
f 1956/10936/1956 1896/10937/1896 1955/10938/1955
f 1971/10939/1971 1911/10940/1911 1956/10941/1956
f 1957/10942/1957 1898/10943/1898 1958/10944/1958
f 1958/10945/1958 1899/10946/1899 1959/10947/1959
f 1959/10948/1959 1900/10949/1900 1960/10950/1960
f 1960/10951/1960 1910/10952/1910 1970/10953/1970
f 1972/10954/1972 1913/10955/1913 1912/10956/1912
f 1973/10957/1973 1961/10958/1961 1913/10959/1913
f 1901/10960/1901 1961/10961/1961 1962/10962/1962
f 1902/10963/1902 1962/10964/1962 1916/10965/1916
f 1903/10966/1903 1963/10967/1963 1917/10968/1917
f 1914/10969/1914 1974/10970/1974 1915/10971/1915
f 1915/10972/1915 1975/10973/1975 1963/10974/1963
f 1916/10975/1916 1974/10976/1974 1914/10977/1914
f 1952/10978/1952 1904/10806/1904 1964/10979/1964
f 1976/10980/1976 1918/10981/1918 1917/10982/1917
f 1919/10983/1919 1918/10984/1918 1977/10985/1977
f 1920/10986/1920 1919/10987/1919 1978/10988/1978
f 1921/10989/1921 1920/10990/1920 1979/10991/1979
f 1964/10992/1964 1921/10993/1921 1980/10994/1980
f 1906/10995/1906 1965/10996/1965 1966/10997/1966
f 1966/10998/1966 1967/10999/1967 1907/11000/1907
f 1967/11001/1967 1968/11002/1968 1908/11003/1908
f 1968/11004/1968 1981/11005/1981 1922/11006/1922
f 1922/10835/1922 1982/11007/1982 1923/10836/1923
f 1924/11008/1924 1923/11009/1923 1983/11010/1983
f 1984/11011/1984 1925/11012/1925 1924/11013/1924
f 1985/11014/1985 1926/11015/1926 1925/11016/1925
f 1969/11017/1969 1909/11018/1909 1926/11019/1926
f 1927/11020/1927 1929/11021/1929 1986/11022/1986
f 1928/11023/1928 1927/11024/1927 1987/11025/1987
f 1935/11026/1935 1928/11027/1928 1988/11028/1988
f 1929/11029/1929 1930/11030/1930 1989/11031/1989
f 1930/11032/1930 1931/11033/1931 1990/11034/1990
f 1931/11035/1931 1932/11036/1932 1991/11037/1991
f 1932/11038/1932 1933/11039/1933 1992/11040/1992
f 1993/11041/1993 1933/11042/1933 1934/11043/1934
f 1994/11044/1994 1934/11045/1934 1937/11046/1937
f 1936/11047/1936 1935/11048/1935 1995/11049/1995
f 1939/11050/1939 1936/11051/1936 1996/11052/1996
f 1997/11053/1997 1937/11054/1937 1938/11055/1938
f 1998/11056/1998 1938/11057/1938 1941/11058/1941
f 1940/11059/1940 1939/11060/1939 1999/11061/1999
f 1943/11062/1943 1940/11063/1940 2000/11064/2000
f 2001/11065/2001 1941/11066/1941 1942/11067/1942
f 2002/11068/2002 1942/11069/1942 1957/11070/1957
f 1944/11071/1944 1943/11072/1943 2003/11073/2003
f 1945/11074/1945 1944/11075/1944 2004/11076/2004
f 1945/11077/1945 2005/11078/2005 1946/11079/1946
f 1946/11080/1946 2006/11081/2006 1947/11082/1947
f 1947/11083/1947 2007/11084/2007 1965/11085/1965
f 2008/11086/2008 1948/11087/1948 1969/11088/1969
f 2009/11089/2009 1949/11090/1949 1948/11091/1948
f 2010/11092/2010 1950/11093/1950 1949/11094/1949
f 2011/11095/2011 1951/11096/1951 1950/11097/1950
f 1951/11098/1951 1972/11099/1972 1912/11100/1912
f 1970/11101/1970 1911/11102/1911 1971/11103/1971
f 1953/11104/1953 1952/11105/1952 2012/11106/2012
f 1954/11107/1954 1953/11108/1953 2013/11109/2013
f 2014/11110/2014 1955/11111/1955 1954/11112/1954
f 2015/11113/2015 1956/11114/1956 1955/11115/1955
f 2016/11116/2016 1971/11117/1971 1956/11118/1956
f 2017/11119/2017 1957/11120/1957 1958/11121/1958
f 2018/11122/2018 1958/11123/1958 1959/11124/1959
f 2019/11125/2019 1959/11126/1959 1960/11127/1960
f 2020/11128/2020 1960/11129/1960 1970/11130/1970
f 1972/11131/1972 1973/11132/1973 1913/11133/1913
f 1973/11134/1973 2021/11135/2021 1961/11136/1961
f 1962/11137/1962 1961/11138/1961 2022/11139/2022
f 1916/11140/1916 1962/11141/1962 1974/11142/1974
f 1963/11143/1963 1976/11144/1976 1917/11145/1917
f 1974/11146/1974 1975/11147/1975 1915/11148/1915
f 1975/11149/1975 2023/11150/2023 1963/11151/1963
f 2012/11152/2012 1952/11153/1952 1964/11154/1964
f 1977/11155/1977 1918/11156/1918 1976/11157/1976
f 1978/11158/1978 1919/11159/1919 1977/11160/1977
f 1979/11161/1979 1920/11162/1920 1978/11163/1978
f 1980/11164/1980 1921/11165/1921 1979/11166/1979
f 2024/11167/2024 1964/11168/1964 1980/11169/1980
f 1965/11170/1965 2025/11171/2025 1966/11172/1966
f 1966/11173/1966 2026/11174/2026 1967/11175/1967
f 1967/11176/1967 2027/11177/2027 1968/11178/1968
f 1968/11179/1968 2028/11180/2028 1981/11181/1981
f 1922/11182/1922 1981/11183/1981 1982/11184/1982
f 1923/11185/1923 1982/11186/1982 1983/11187/1983
f 1924/11188/1924 1983/11189/1983 1984/11190/1984
f 1984/11191/1984 1985/11192/1985 1925/11193/1925
f 1985/11194/1985 1969/11195/1969 1926/11196/1926
f 1987/11197/1987 1927/11198/1927 1986/11199/1986
f 1986/11200/1986 1929/11201/1929 1989/11202/1989
f 1988/11203/1988 1928/11204/1928 1987/11205/1987
f 1995/11206/1995 1935/11207/1935 1988/11208/1988
f 1989/11209/1989 1930/11210/1930 1990/11211/1990
f 1990/11212/1990 1931/11213/1931 1991/11214/1991
f 1991/11215/1991 1932/11216/1932 1992/11217/1992
f 1992/11218/1992 1933/11219/1933 1993/11220/1993
f 1993/11221/1993 1934/11222/1934 1994/11223/1994
f 1994/11224/1994 1937/11225/1937 1997/11226/1997
f 1996/11227/1996 1936/11228/1936 1995/11229/1995
f 1939/11230/1939 1996/11231/1996 1999/11232/1999
f 1997/11233/1997 1938/11234/1938 1998/11235/1998
f 1998/11236/1998 1941/11237/1941 2001/11238/2001
f 1940/11239/1940 1999/11240/1999 2000/11241/2000
f 1943/11242/1943 2000/11243/2000 2003/11244/2003
f 2001/11245/2001 1942/11246/1942 2002/11247/2002
f 2002/11248/2002 1957/11249/1957 2017/11250/2017
f 1944/11251/1944 2003/11252/2003 2004/11253/2004
f 1945/11254/1945 2004/11255/2004 2005/11256/2005
f 1946/11257/1946 2005/11258/2005 2006/11259/2006
f 1947/11260/1947 2006/11261/2006 2007/11262/2007
f 1965/11263/1965 2007/11264/2007 2025/11265/2025
f 2029/11266/2029 2008/11267/2008 1969/11268/1969
f 2008/11269/2008 2009/11270/2009 1948/11271/1948
f 2009/11272/2009 2010/11273/2010 1949/11090/1949
f 2010/11274/2010 2011/11275/2011 1950/11276/1950
f 2011/11277/2011 1972/11278/1972 1951/11279/1951
f 2030/11280/2030 1970/11281/1970 1971/11282/1971
f 2013/11283/2013 1953/11284/1953 2012/11285/2012
f 2014/11286/2014 1954/11287/1954 2013/11288/2013
f 2015/11289/2015 1955/11290/1955 2014/11291/2014
f 2016/11116/2016 1956/11292/1956 2015/11293/2015
f 2031/11294/2031 1971/11295/1971 2016/11296/2016
f 2017/11297/2017 1958/11298/1958 2018/11299/2018
f 2018/11300/2018 1959/11301/1959 2019/11302/2019
f 2019/11125/2019 1960/11127/1960 2020/11303/2020
f 2020/11304/2020 1970/11305/1970 2030/11306/2030
f 2032/11307/2032 1973/11308/1973 1972/11309/1972
f 2033/11310/2033 2021/11311/2021 1973/11312/1973
f 1961/11313/1961 2021/11314/2021 2022/11315/2022
f 1962/11316/1962 2022/11317/2022 1974/11318/1974
f 2023/11319/2023 1976/11320/1976 1963/11321/1963
f 1974/11322/1974 2022/11323/2022 1975/11324/1975
f 2034/11325/2034 2023/11326/2023 1975/11327/1975
f 2012/11328/2012 1964/11329/1964 2024/11330/2024
f 1977/11331/1977 1976/11332/1976 2035/11333/2035
f 1978/11334/1978 1977/11335/1977 2036/11336/2036
f 1979/11337/1979 1978/11338/1978 2037/11339/2037
f 1980/11340/1980 1979/11341/1979 2038/11342/2038
f 2024/11343/2024 1980/11344/1980 2039/11345/2039
f 1966/11346/1966 2025/11347/2025 2026/11348/2026
f 1967/11349/1967 2026/11350/2026 2027/11351/2027
f 1968/11352/1968 2027/11353/2027 2028/11354/2028
f 1981/11355/1981 2028/11356/2028 2040/11357/2040
f 1981/11358/1981 2041/11359/2041 1982/11360/1982
f 1982/11361/1982 2042/11362/2042 1983/11363/1983
f 1984/11364/1984 1983/11365/1983 2043/11366/2043
f 2044/11367/2044 1985/11368/1985 1984/11369/1984
f 2029/11370/2029 1969/11371/1969 1985/11372/1985
f 1987/11373/1987 1986/11374/1986 2045/11375/2045
f 1986/11376/1986 1989/11377/1989 2046/11378/2046
f 1988/11379/1988 1987/11380/1987 2047/11381/2047
f 1995/11382/1995 1988/11383/1988 2048/11384/2048
f 1989/11385/1989 1990/11386/1990 2049/11387/2049
f 1990/11388/1990 1991/11389/1991 2050/11390/2050
f 1991/11391/1991 1992/11392/1992 2051/11393/2051
f 1992/11394/1992 1993/11395/1993 2052/11396/2052
f 2053/11397/2053 1993/11398/1993 1994/11399/1994
f 2054/11400/2054 1994/11401/1994 1997/11402/1997
f 1996/11403/1996 1995/11404/1995 2055/11405/2055
f 1999/11406/1999 1996/11407/1996 2056/11408/2056
f 2057/11409/2057 1997/11410/1997 1998/11411/1998
f 2058/11412/2058 1998/11413/1998 2001/11414/2001
f 2000/11415/2000 1999/11416/1999 2059/11417/2059
f 2003/11418/2003 2000/11419/2000 2060/11420/2060
f 2061/11421/2061 2001/11422/2001 2002/11423/2002
f 2062/11424/2062 2002/11425/2002 2017/11426/2017
f 2004/11427/2004 2003/11428/2003 2063/11429/2063
f 2004/11430/2004 2064/11431/2064 2005/11432/2005
f 2005/11433/2005 2065/11434/2065 2006/11435/2006
f 2006/11436/2006 2066/11437/2066 2007/11438/2007
f 2007/11439/2007 2067/11440/2067 2025/11441/2025
f 2068/11442/2068 2008/11443/2008 2029/11444/2029
f 2069/11445/2069 2009/11446/2009 2008/11447/2008
f 2070/11448/2070 2010/11449/2010 2009/11450/2009
f 2071/11451/2071 2011/11452/2011 2010/11453/2010
f 2032/11454/2032 1972/11455/1972 2011/11456/2011
f 2030/11457/2030 1971/11458/1971 2031/11459/2031
f 2013/11460/2013 2012/11461/2012 2072/11462/2072
f 2073/11463/2073 2014/11464/2014 2013/11465/2013
f 2074/11466/2074 2015/11467/2015 2014/11468/2014
f 2075/11469/2075 2016/11470/2016 2015/11471/2015
f 2076/11472/2076 2031/11473/2031 2016/11296/2016
f 2077/11474/2077 2017/11475/2017 2018/11476/2018
f 2078/11477/2078 2018/11478/2018 2019/11479/2019
f 2079/11480/2079 2019/11481/2019 2020/11482/2020
f 2080/11483/2080 2020/11484/2020 2030/11485/2030
f 2033/11486/2033 1973/11487/1973 2032/11488/2032
f 2081/11489/2081 2021/11490/2021 2033/11491/2033
f 2021/11492/2021 2034/11493/2034 2022/11494/2022
f 2035/11495/2035 1976/11496/1976 2023/11497/2023
f 2022/11498/2022 2034/11499/2034 1975/11500/1975
f 2082/11501/2082 2023/11502/2023 2034/11503/2034
f 2072/11504/2072 2012/11505/2012 2024/11506/2024
f 2036/11507/2036 1977/11508/1977 2035/11509/2035
f 2037/11510/2037 1978/11511/1978 2036/11512/2036
f 2038/11513/2038 1979/11514/1979 2037/11515/2037
f 2039/11516/2039 1980/11517/1980 2038/11518/2038
f 2083/11519/2083 2024/11520/2024 2039/11521/2039
f 2025/11522/2025 2084/11523/2084 2026/11524/2026
f 2026/11525/2026 2085/11526/2085 2027/11527/2027
f 2027/11528/2027 2086/11529/2086 2028/11530/2028
f 2028/11531/2028 2087/11532/2087 2040/11533/2040
f 1981/11534/1981 2040/11535/2040 2041/11536/2041
f 1982/11537/1982 2041/11538/2041 2042/11539/2042
f 1983/11540/1983 2042/11541/2042 2043/11542/2043
f 1984/11543/1984 2043/11544/2043 2044/11545/2044
f 2044/11546/2044 2029/11547/2029 1985/11548/1985
f 2047/11549/2047 1987/11550/1987 2045/11551/2045
f 2045/11552/2045 1986/11553/1986 2046/11554/2046
f 2046/11555/2046 1989/11556/1989 2049/11557/2049
f 2048/11558/2048 1988/11559/1988 2047/11560/2047
f 1995/11561/1995 2048/11562/2048 2055/11563/2055
f 2049/11564/2049 1990/11565/1990 2050/11566/2050
f 2050/11567/2050 1991/11568/1991 2051/11569/2051
f 2051/11570/2051 1992/11571/1992 2052/11572/2052
f 2052/11573/2052 1993/11574/1993 2053/11575/2053
f 2053/11576/2053 1994/11577/1994 2054/11578/2054
f 2054/11579/2054 1997/11580/1997 2057/11581/2057
f 1996/11582/1996 2055/11583/2055 2056/11584/2056
f 1999/11585/1999 2056/11586/2056 2059/11587/2059
f 2057/11588/2057 1998/11589/1998 2058/11590/2058
f 2058/11591/2058 2001/11592/2001 2061/11593/2061
f 2000/11594/2000 2059/11595/2059 2060/11596/2060
f 2003/11597/2003 2060/11598/2060 2063/11599/2063
f 2061/11600/2061 2002/11601/2002 2062/11602/2062
f 2062/11603/2062 2017/11604/2017 2077/11605/2077
f 2004/11606/2004 2063/11607/2063 2064/11608/2064
f 2005/11609/2005 2064/11610/2064 2065/11611/2065
f 2006/11436/2006 2065/11612/2065 2066/11613/2066
f 2007/11439/2007 2066/11614/2066 2067/11440/2067
f 2025/11615/2025 2067/11616/2067 2084/11617/2084
f 2088/11618/2088 2068/11619/2068 2029/11620/2029
f 2068/11621/2068 2069/11622/2069 2008/11623/2008
f 2069/11624/2069 2070/11625/2070 2009/11626/2009
f 2070/11448/2070 2071/11627/2071 2010/11449/2010
f 2071/11628/2071 2032/11629/2032 2011/11630/2011
f 2089/11631/2089 2030/11632/2030 2031/11633/2031
f 2072/11634/2072 2073/11635/2073 2013/11636/2013
f 2074/11637/2074 2014/11638/2014 2073/11639/2073
f 2075/11640/2075 2015/11641/2015 2074/11642/2074
f 2076/11643/2076 2016/11644/2016 2075/11645/2075
f 2090/11646/2090 2031/11647/2031 2076/11648/2076
f 2077/11649/2077 2018/11650/2018 2078/11651/2078
f 2078/11477/2078 2019/11479/2019 2079/11652/2079
f 2079/11653/2079 2020/11654/2020 2080/11655/2080
f 2080/11483/2080 2030/11656/2030 2089/11657/2089
f 2091/11658/2091 2033/11659/2033 2032/11660/2032
f 2092/11661/2092 2081/11662/2081 2033/11663/2033
f 2081/11664/2081 2034/11665/2034 2021/11666/2021
f 2035/11667/2035 2023/11668/2023 2082/11669/2082
f 2082/11670/2082 2034/11671/2034 2081/11672/2081
f 2072/11504/2072 2024/11506/2024 2083/11673/2083
f 2036/11674/2036 2035/11675/2035 2093/11676/2093
f 2037/11677/2037 2036/11678/2036 2094/11679/2094
f 2038/11680/2038 2037/11681/2037 2095/11682/2095
f 2039/11683/2039 2038/11684/2038 2096/11685/2096
f 2083/11686/2083 2039/11687/2039 2097/11688/2097
f 2026/11525/2026 2084/11689/2084 2085/11526/2085
f 2027/11690/2027 2085/11691/2085 2086/11692/2086
f 2028/11693/2028 2086/11694/2086 2087/11695/2087
f 2040/11696/2040 2087/11697/2087 2098/11698/2098
f 2041/11699/2041 2040/11700/2040 2099/11701/2099
f 2041/11702/2041 2100/11703/2100 2042/11704/2042
f 2042/11705/2042 2101/11706/2101 2043/11707/2043
f 2044/11708/2044 2043/11709/2043 2102/11710/2102
f 2088/11711/2088 2029/11712/2029 2044/11713/2044
f 2047/11714/2047 2045/11715/2045 2103/11716/2103
f 2045/11717/2045 2046/11718/2046 2104/11719/2104
f 2046/11720/2046 2049/11721/2049 2105/11722/2105
f 2048/11723/2048 2047/11724/2047 2106/11725/2106
f 2055/11726/2055 2048/11727/2048 2107/11728/2107
f 2049/11729/2049 2050/11730/2050 2108/11731/2108
f 2050/11732/2050 2051/11733/2051 2109/11734/2109
f 2051/11735/2051 2052/11736/2052 2110/11737/2110
f 2052/11738/2052 2053/11739/2053 2111/11740/2111
f 2112/11741/2112 2053/11742/2053 2054/11743/2054
f 2113/11744/2113 2054/11745/2054 2057/11746/2057
f 2056/11747/2056 2055/11748/2055 2114/11749/2114
f 2059/11750/2059 2056/11751/2056 2115/11752/2115
f 2116/11753/2116 2057/11754/2057 2058/11755/2058
f 2117/11756/2117 2058/11757/2058 2061/11758/2061
f 2060/11759/2060 2059/11760/2059 2118/11761/2118
f 2063/11762/2063 2060/11763/2060 2119/11764/2119
f 2120/11765/2120 2061/11766/2061 2062/11767/2062
f 2121/11768/2121 2062/11769/2062 2077/11770/2077
f 2063/11771/2063 2122/11772/2122 2064/11773/2064
f 2064/11774/2064 2123/11775/2123 2065/11776/2065
f 2065/11777/2065 2124/11778/2124 2066/11779/2066
f 2066/11780/2066 2125/11781/2125 2067/11782/2067
f 2067/11783/2067 2126/11784/2126 2084/11785/2084
f 2127/11786/2127 2068/11787/2068 2088/11788/2088
f 2128/11789/2128 2069/11790/2069 2068/11791/2068
f 2129/11792/2129 2070/11793/2070 2069/11794/2069
f 2130/11795/2130 2071/11796/2071 2070/11797/2070
f 2091/11798/2091 2032/11799/2032 2071/11800/2071
f 2089/11631/2089 2031/11633/2031 2090/11801/2090
f 2131/11802/2131 2073/11635/2073 2072/11634/2072
f 2132/11803/2132 2074/11804/2074 2073/11805/2073
f 2133/11806/2133 2075/11807/2075 2074/11808/2074
f 2134/11809/2134 2076/11643/2076 2075/11645/2075
f 2135/11810/2135 2090/11811/2090 2076/11812/2076
f 2136/11813/2136 2077/11814/2077 2078/11815/2078
f 2137/11816/2137 2078/11817/2078 2079/11818/2079
f 2138/11819/2138 2079/11820/2079 2080/11821/2080
f 2139/11822/2139 2080/11823/2080 2089/11824/2089
f 2092/11825/2092 2033/11826/2033 2091/11827/2091
f 2140/11828/2140 2081/11829/2081 2092/11830/2092
f 2093/11831/2093 2035/11832/2035 2082/11833/2082
f 2140/11834/2140 2082/11835/2082 2081/11836/2081
f 2083/11837/2083 2131/11838/2131 2072/11839/2072
f 2094/11840/2094 2036/11841/2036 2093/11842/2093
f 2095/11843/2095 2037/11844/2037 2094/11845/2094
f 2096/11846/2096 2038/11847/2038 2095/11848/2095
f 2097/11849/2097 2039/11850/2039 2096/11851/2096
f 2097/11852/2097 2141/11853/2141 2083/11854/2083
f 2084/11855/2084 2142/11856/2142 2085/11857/2085
f 2085/11858/2085 2143/11859/2143 2086/11860/2086
f 2086/11861/2086 2144/11862/2144 2087/11863/2087
f 2087/11864/2087 2145/11865/2145 2098/11866/2098
f 2040/11867/2040 2098/11868/2098 2099/11869/2099
f 2041/11870/2041 2099/11871/2099 2100/11872/2100
f 2042/11873/2042 2100/11874/2100 2101/11875/2101
f 2043/11876/2043 2101/11877/2101 2102/11878/2102
f 2044/11879/2044 2102/11880/2102 2088/11881/2088
f 2047/11882/2047 2103/11883/2103 2106/11884/2106
f 2045/11885/2045 2104/11886/2104 2103/11887/2103
f 2104/11888/2104 2046/11889/2046 2105/11890/2105
f 2105/11891/2105 2049/11892/2049 2108/11893/2108
f 2048/11894/2048 2106/11895/2106 2107/11896/2107
f 2055/11897/2055 2107/11898/2107 2114/11899/2114
f 2108/11900/2108 2050/11901/2050 2109/11902/2109
f 2109/11903/2109 2051/11904/2051 2110/11905/2110
f 2110/11906/2110 2052/11907/2052 2111/11908/2111
f 2111/11909/2111 2053/11910/2053 2112/11911/2112
f 2112/11912/2112 2054/11913/2054 2113/11914/2113
f 2113/11915/2113 2057/11916/2057 2116/11917/2116
f 2056/11918/2056 2114/11919/2114 2115/11920/2115
f 2059/11921/2059 2115/11922/2115 2118/11923/2118
f 2116/11924/2116 2058/11925/2058 2117/11926/2117
f 2117/11927/2117 2061/11928/2061 2120/11929/2120
f 2060/11763/2060 2118/11930/2118 2119/11764/2119
f 2063/11931/2063 2119/11932/2119 2122/11933/2122
f 2120/11934/2120 2062/11935/2062 2121/11936/2121
f 2121/11937/2121 2077/11938/2077 2136/11939/2136
f 2064/11940/2064 2122/11941/2122 2123/11942/2123
f 2065/11943/2065 2123/11944/2123 2124/11945/2124
f 2066/11946/2066 2124/11947/2124 2125/11948/2125
f 2067/11949/2067 2125/11950/2125 2126/11951/2126
f 2084/11952/2084 2126/11953/2126 2142/11954/2142
f 2088/11955/2088 2146/11956/2146 2127/11957/2127
f 2127/11958/2127 2128/11959/2128 2068/11960/2068
f 2128/11961/2128 2129/11962/2129 2069/11963/2069
f 2129/11964/2129 2130/11965/2130 2070/11966/2070
f 2130/11967/2130 2091/11968/2091 2071/11969/2071
f 2147/11970/2147 2089/11971/2089 2090/11972/2090
f 2132/11973/2132 2073/11974/2073 2131/11975/2131
f 2133/11976/2133 2074/11977/2074 2132/11978/2132
f 2134/11979/2134 2075/11980/2075 2133/11981/2133
f 2135/11982/2135 2076/11983/2076 2134/11984/2134
f 2148/11985/2148 2090/11986/2090 2135/11987/2135
f 2136/11988/2136 2078/11989/2078 2137/11990/2137
f 2137/11991/2137 2079/11818/2079 2138/11992/2138
f 2138/11819/2138 2080/11821/2080 2139/11993/2139
f 2139/11994/2139 2089/11995/2089 2147/11996/2147
f 2149/11997/2149 2092/11998/2092 2091/11999/2091
f 2150/12000/2150 2140/12001/2140 2092/12002/2092
f 2093/12003/2093 2082/11833/2082 2140/12004/2140
f 2141/12005/2141 2131/12006/2131 2083/12007/2083
f 2094/12008/2094 2093/12009/2093 2151/12010/2151
f 2095/12011/2095 2094/12012/2094 2152/12013/2152
f 2096/12014/2096 2095/12015/2095 2153/12016/2153
f 2097/12017/2097 2096/12018/2096 2154/12019/2154
f 2155/12020/2155 2141/12021/2141 2097/12022/2097
f 2085/12023/2085 2142/12024/2142 2143/12025/2143
f 2086/12026/2086 2143/12027/2143 2144/12028/2144
f 2087/12029/2087 2144/12030/2144 2145/12031/2145
f 2098/12032/2098 2145/12033/2145 2156/12034/2156
f 2099/12035/2099 2098/12036/2098 2157/12037/2157
f 2100/12038/2100 2099/12039/2099 2158/12040/2158
f 2100/12041/2100 2159/12042/2159 2101/12043/2101
f 2101/12044/2101 2160/12045/2160 2102/12046/2102
f 2088/12047/2088 2102/12048/2102 2146/12049/2146
f 2106/12050/2106 2103/12051/2103 2161/12052/2161
f 2103/12053/2103 2104/12054/2104 2162/12055/2162
f 2104/12056/2104 2105/12057/2105 2163/12058/2163
f 2105/12059/2105 2108/12060/2108 2164/12061/2164
f 2107/12062/2107 2106/12063/2106 2165/12064/2165
f 2114/12065/2114 2107/12066/2107 2166/12067/2166
f 2108/12068/2108 2109/12069/2109 2167/12070/2167
f 2109/12071/2109 2110/12072/2110 2168/12073/2168
f 2110/12074/2110 2111/12075/2111 2169/12076/2169
f 2111/12077/2111 2112/12078/2112 2170/12079/2170
f 2171/12080/2171 2112/12081/2112 2113/12082/2113
f 2172/12083/2172 2113/12084/2113 2116/12085/2116
f 2115/12086/2115 2114/12087/2114 2173/12088/2173
f 2118/12089/2118 2115/12090/2115 2174/12091/2174
f 2175/12092/2175 2116/12093/2116 2117/12094/2117
f 2176/12095/2176 2117/12096/2117 2120/12097/2120
f 2119/12098/2119 2118/12099/2118 2177/12100/2177
f 2119/12101/2119 2178/12102/2178 2122/12103/2122
f 2179/12104/2179 2120/12105/2120 2121/12106/2121
f 2180/12107/2180 2121/12108/2121 2136/12109/2136
f 2122/12110/2122 2181/12111/2181 2123/12112/2123
f 2123/12113/2123 2182/12114/2182 2124/12115/2124
f 2124/12116/2124 2183/12117/2183 2125/12118/2125
f 2125/12119/2125 2184/12120/2184 2126/12121/2126
f 2126/12122/2126 2185/12123/2185 2142/12124/2142
f 2127/12125/2127 2146/12126/2146 2186/12127/2186
f 2187/12128/2187 2128/12129/2128 2127/12130/2127
f 2188/12131/2188 2129/12132/2129 2128/12133/2128
f 2189/12134/2189 2130/12135/2130 2129/12136/2129
f 2149/12137/2149 2091/12138/2091 2130/12139/2130
f 2147/11970/2147 2090/11972/2090 2148/12140/2148
f 2190/12141/2190 2132/12142/2132 2131/12143/2131
f 2191/12144/2191 2133/12145/2133 2132/12146/2132
f 2192/12147/2192 2134/12148/2134 2133/12149/2133
f 2193/12150/2193 2135/12151/2135 2134/12152/2134
f 2194/12153/2194 2148/12154/2148 2135/12155/2135
f 2195/12156/2195 2136/12157/2136 2137/12158/2137
f 2196/12159/2196 2137/12160/2137 2138/12161/2138
f 2197/12162/2197 2138/12163/2138 2139/12164/2139
f 2198/12165/2198 2139/12166/2139 2147/12167/2147
f 2150/12168/2150 2092/12169/2092 2149/12170/2149
f 2151/12171/2151 2140/12172/2140 2150/12173/2150
f 2151/12174/2151 2093/12175/2093 2140/12176/2140
f 2190/12177/2190 2131/12178/2131 2141/12179/2141
f 2152/12180/2152 2094/12181/2094 2151/12182/2151
f 2153/12183/2153 2095/12184/2095 2152/12185/2152
f 2154/12186/2154 2096/12187/2096 2153/12188/2153
f 2154/12189/2154 2155/12190/2155 2097/12191/2097
f 2199/12192/2199 2141/12193/2141 2155/12194/2155
f 2142/12195/2142 2200/12196/2200 2143/12197/2143
f 2143/12198/2143 2201/12199/2201 2144/12200/2144
f 2144/12201/2144 2202/12202/2202 2145/12203/2145
f 2145/12204/2145 2203/12205/2203 2156/12206/2156
f 2098/12207/2098 2156/12208/2156 2157/12209/2157
f 2099/12210/2099 2157/12211/2157 2158/12212/2158
f 2100/12213/2100 2158/12214/2158 2159/12215/2159
f 2101/12216/2101 2159/12217/2159 2160/12218/2160
f 2102/12219/2102 2160/12220/2160 2146/12221/2146
f 2106/12222/2106 2161/12223/2161 2165/12224/2165
f 2103/12225/2103 2162/12226/2162 2161/12227/2161
f 2104/12228/2104 2163/12229/2163 2162/12230/2162
f 2105/12231/2105 2164/12232/2164 2163/12233/2163
f 2164/12234/2164 2108/12235/2108 2167/12236/2167
f 2107/12237/2107 2165/12238/2165 2166/12239/2166
f 2114/12240/2114 2166/12241/2166 2173/12242/2173
f 2167/12243/2167 2109/12244/2109 2168/12245/2168
f 2168/12246/2168 2110/12247/2110 2169/12248/2169
f 2169/12249/2169 2111/12250/2111 2170/12251/2170
f 2170/12079/2170 2112/12078/2112 2171/12252/2171
f 2171/12253/2171 2113/12254/2113 2172/12255/2172
f 2172/12256/2172 2116/12257/2116 2175/12258/2175
f 2115/12259/2115 2173/12260/2173 2174/12261/2174
f 2118/12262/2118 2174/12263/2174 2177/12264/2177
f 2175/12265/2175 2117/12266/2117 2176/12267/2176
f 2176/12268/2176 2120/12269/2120 2179/12270/2179
f 2119/12271/2119 2177/12272/2177 2178/12273/2178
f 2122/12274/2122 2178/12275/2178 2181/12276/2181
f 2179/12277/2179 2121/12278/2121 2180/12279/2180
f 2180/12280/2180 2136/12281/2136 2195/12282/2195
f 2123/12283/2123 2181/12284/2181 2182/12285/2182
f 2124/12286/2124 2182/12287/2182 2183/12288/2183
f 2125/12289/2125 2183/12290/2183 2184/12291/2184
f 2126/12292/2126 2184/12293/2184 2185/12294/2185
f 2142/12295/2142 2185/12296/2185 2200/12297/2200
f 2146/12298/2146 2204/12299/2204 2186/12300/2186
f 2127/12301/2127 2186/12302/2186 2187/12303/2187
f 2187/12304/2187 2188/12305/2188 2128/12306/2128
f 2188/12307/2188 2189/12308/2189 2129/12309/2129
f 2189/12310/2189 2149/12311/2149 2130/12312/2130
f 2205/12313/2205 2147/12314/2147 2148/12315/2148
f 2191/12316/2191 2132/12146/2132 2190/12317/2190
f 2192/12318/2192 2133/12319/2133 2191/12320/2191
f 2193/12321/2193 2134/12322/2134 2192/12323/2192
f 2194/12324/2194 2135/12325/2135 2193/12326/2193
f 2206/12327/2206 2148/12328/2148 2194/12329/2194
f 2195/12330/2195 2137/12331/2137 2196/12332/2196
f 2196/12333/2196 2138/12334/2138 2197/12335/2197
f 2197/12162/2197 2139/12164/2139 2198/12336/2198
f 2198/12337/2198 2147/12338/2147 2205/12339/2205
f 2207/12340/2207 2150/12341/2150 2149/12342/2149
f 2208/12343/2208 2151/12344/2151 2150/12345/2150
f 2199/12346/2199 2190/12347/2190 2141/12348/2141
f 2152/12349/2152 2151/12350/2151 2208/12351/2208
f 2153/12352/2153 2152/12353/2152 2209/12354/2209
f 2154/12355/2154 2153/12356/2153 2210/12357/2210
f 2211/12358/2211 2155/12359/2155 2154/12360/2154
f 2212/12361/2212 2199/12362/2199 2155/12363/2155
f 2143/12364/2143 2200/12365/2200 2201/12366/2201
f 2144/12367/2144 2201/12368/2201 2202/12369/2202
f 2145/12370/2145 2202/12371/2202 2203/12372/2203
f 2156/12373/2156 2203/12374/2203 2213/12375/2213
f 2157/12376/2157 2156/12377/2156 2214/12378/2214
f 2158/12379/2158 2157/12380/2157 2215/12381/2215
f 2159/12382/2159 2158/12383/2158 2216/12384/2216
f 2159/12385/2159 2217/12386/2217 2160/12387/2160
f 2160/12388/2160 2204/12389/2204 2146/12390/2146
f 2165/12391/2165 2161/12392/2161 2218/12393/2218
f 2161/12394/2161 2162/12395/2162 2219/12396/2219
f 2162/12397/2162 2163/12398/2163 2220/12399/2220
f 2163/12400/2163 2164/12401/2164 2221/12402/2221
f 2164/12403/2164 2167/12404/2167 2222/12405/2222
f 2166/12406/2166 2165/12407/2165 2223/12408/2223
f 2173/12409/2173 2166/12410/2166 2224/12411/2224
f 2167/12412/2167 2168/12413/2168 2225/12414/2225
f 2168/12415/2168 2169/12416/2169 2226/12417/2226
f 2169/12418/2169 2170/12419/2170 2227/12420/2227
f 2170/12421/2170 2171/12422/2171 2228/12423/2228
f 2171/12424/2171 2172/12425/2172 2229/12426/2229
f 2172/12427/2172 2175/12428/2175 2230/12429/2230
f 2174/12430/2174 2173/12431/2173 2231/12432/2231
f 2177/12433/2177 2174/12434/2174 2232/12435/2232
f 2233/12436/2233 2175/12437/2175 2176/12438/2176
f 2234/12439/2234 2176/12440/2176 2179/12441/2179
f 2177/12442/2177 2235/12443/2235 2178/12444/2178
f 2178/12445/2178 2236/12446/2236 2181/12447/2181
f 2237/12448/2237 2179/12449/2179 2180/12450/2180
f 2238/12451/2238 2180/12452/2180 2195/12453/2195
f 2181/12454/2181 2239/12455/2239 2182/12456/2182
f 2182/12457/2182 2240/12458/2240 2183/12459/2183
f 2183/12460/2183 2241/12461/2241 2184/12462/2184
f 2184/12463/2184 2242/12464/2242 2185/12465/2185
f 2185/12466/2185 2243/12467/2243 2200/12468/2200
f 2204/12469/2204 2244/12470/2244 2186/12471/2186
f 2186/12472/2186 2245/12473/2245 2187/12474/2187
f 2246/12475/2246 2188/12476/2188 2187/12477/2187
f 2247/12478/2247 2189/12479/2189 2188/12480/2188
f 2207/12340/2207 2149/12481/2149 2189/12482/2189
f 2205/12483/2205 2148/12484/2148 2206/12485/2206
f 2248/12486/2248 2191/12487/2191 2190/12488/2190
f 2249/12489/2249 2192/12490/2192 2191/12320/2191
f 2250/12491/2250 2193/12492/2193 2192/12493/2192
f 2251/12494/2251 2194/12495/2194 2193/12496/2193
f 2252/12497/2252 2206/12498/2206 2194/12499/2194
f 2253/12500/2253 2195/12501/2195 2196/12502/2196
f 2254/12503/2254 2196/12504/2196 2197/12505/2197
f 2255/12506/2255 2197/12507/2197 2198/12508/2198
f 2256/12509/2256 2198/12510/2198 2205/12511/2205
f 2208/12512/2208 2150/12513/2150 2207/12514/2207
f 2248/12515/2248 2190/12516/2190 2199/12517/2199
f 2209/12518/2209 2152/12519/2152 2208/12520/2208
f 2210/12521/2210 2153/12522/2153 2209/12523/2209
f 2210/12524/2210 2211/12525/2211 2154/12526/2154
f 2212/12527/2212 2155/12528/2155 2211/12529/2211
f 2257/12530/2257 2199/12531/2199 2212/12532/2212
f 2200/12533/2200 2258/12534/2258 2201/12535/2201
f 2201/12536/2201 2259/12537/2259 2202/12538/2202
f 2202/12539/2202 2260/12540/2260 2203/12541/2203
f 2203/12542/2203 2261/12543/2261 2213/12544/2213
f 2156/12545/2156 2213/12546/2213 2214/12547/2214
f 2157/12548/2157 2214/12549/2214 2215/12550/2215
f 2158/12551/2158 2215/12552/2215 2216/12553/2216
f 2159/12554/2159 2216/12555/2216 2217/12556/2217
f 2160/12557/2160 2217/12558/2217 2204/12559/2204
f 2161/12560/2161 2219/12561/2219 2218/12562/2218
f 2165/12563/2165 2218/12564/2218 2223/12565/2223
f 2162/12566/2162 2220/12567/2220 2219/12568/2219
f 2163/12569/2163 2221/12570/2221 2220/12571/2220
f 2164/12572/2164 2222/12573/2222 2221/12574/2221
f 2167/12575/2167 2225/12576/2225 2222/12577/2222
f 2166/12578/2166 2223/12579/2223 2224/12580/2224
f 2173/12581/2173 2224/12582/2224 2231/12583/2231
f 2168/12584/2168 2226/12585/2226 2225/12586/2225
f 2169/12587/2169 2227/12588/2227 2226/12589/2226
f 2170/12590/2170 2228/12591/2228 2227/12592/2227
f 2228/12593/2228 2171/12594/2171 2229/12595/2229
f 2229/12596/2229 2172/12597/2172 2230/12598/2230
f 2230/12599/2230 2175/12600/2175 2233/12601/2233
f 2174/12602/2174 2231/12603/2231 2232/12604/2232
f 2177/12605/2177 2232/12606/2232 2235/12607/2235
f 2233/12608/2233 2176/12609/2176 2234/12610/2234
f 2234/12611/2234 2179/12612/2179 2237/12613/2237
f 2178/12614/2178 2235/12615/2235 2236/12616/2236
f 2181/12617/2181 2236/12618/2236 2239/12619/2239
f 2237/12620/2237 2180/12621/2180 2238/12622/2238
f 2238/12623/2238 2195/12624/2195 2253/12625/2253
f 2182/12626/2182 2239/12627/2239 2240/12628/2240
f 2183/12629/2183 2240/12630/2240 2241/12631/2241
f 2184/12632/2184 2241/12633/2241 2242/12634/2242
f 2185/12635/2185 2242/12636/2242 2243/12637/2243
f 2200/12638/2200 2243/12639/2243 2258/12640/2258
f 2204/12641/2204 2262/12642/2262 2244/12643/2244
f 2244/12644/2244 2245/12645/2245 2186/12646/2186
f 2187/12647/2187 2245/12648/2245 2246/12649/2246
f 2246/12650/2246 2247/12651/2247 2188/12652/2188
f 2247/12653/2247 2207/12654/2207 2189/12655/2189
f 2263/12656/2263 2205/12657/2205 2206/12658/2206
f 2248/12659/2248 2249/12660/2249 2191/12661/2191
f 2250/12662/2250 2192/12663/2192 2249/12664/2249
f 2251/12665/2251 2193/12666/2193 2250/12667/2250
f 2252/12668/2252 2194/12669/2194 2251/12670/2251
f 2264/12671/2264 2206/12672/2206 2252/12673/2252
f 2253/12674/2253 2196/12675/2196 2254/12676/2254
f 2254/12677/2254 2197/12678/2197 2255/12679/2255
f 2255/12680/2255 2198/12681/2198 2256/12682/2256
f 2256/12683/2256 2205/12684/2205 2263/12685/2263
f 2265/12686/2265 2208/12687/2208 2207/12688/2207
f 2257/12689/2257 2248/12690/2248 2199/12691/2199
f 2209/12692/2209 2208/12693/2208 2265/12694/2265
f 2210/12695/2210 2209/12696/2209 2266/12697/2266
f 2267/12698/2267 2211/12699/2211 2210/12700/2210
f 2268/12701/2268 2212/12702/2212 2211/12703/2211
f 2269/12704/2269 2257/12705/2257 2212/12706/2212
f 2201/12707/2201 2258/12708/2258 2259/12709/2259
f 2202/12710/2202 2259/12711/2259 2260/12712/2260
f 2260/12713/2260 2261/12714/2261 2203/12715/2203
f 2261/12716/2261 2270/12717/2270 2213/12718/2213
f 2214/12719/2214 2213/12720/2213 2271/12721/2271
f 2215/12722/2215 2214/12723/2214 2272/12724/2272
f 2216/12725/2216 2215/12726/2215 2273/12727/2273
f 2217/12728/2217 2216/12729/2216 2274/12730/2274
f 2217/12731/2217 2262/12732/2262 2204/12559/2204
f 2218/12733/2218 2219/12734/2219 2275/12735/2275
f 2223/12736/2223 2218/12737/2218 2276/12738/2276
f 2219/12739/2219 2220/12740/2220 2277/12741/2277
f 2220/12742/2220 2221/12743/2221 2278/12744/2278
f 2221/12745/2221 2222/12746/2222 2279/12747/2279
f 2222/12748/2222 2225/12749/2225 2280/12750/2280
f 2224/12751/2224 2223/12752/2223 2281/12753/2281
f 2231/12754/2231 2224/12755/2224 2282/12756/2282
f 2225/12757/2225 2226/12758/2226 2283/12759/2283
f 2226/12760/2226 2227/12761/2227 2284/12762/2284
f 2227/12763/2227 2228/12764/2228 2285/12765/2285
f 2228/12766/2228 2229/12767/2229 2286/12768/2286
f 2287/12769/2287 2229/12770/2229 2230/12771/2230
f 2288/12772/2288 2230/12773/2230 2233/12774/2233
f 2232/12775/2232 2231/12776/2231 2289/12777/2289
f 2235/12778/2235 2232/12779/2232 2290/12780/2290
f 2291/12781/2291 2233/12782/2233 2234/12783/2234
f 2292/12784/2292 2234/12785/2234 2237/12786/2237
f 2235/12787/2235 2293/12788/2293 2236/12789/2236
f 2236/12790/2236 2294/12791/2294 2239/12792/2239
f 2295/12793/2295 2237/12794/2237 2238/12795/2238
f 2296/12796/2296 2238/12797/2238 2253/12798/2253
f 2239/12799/2239 2297/12800/2297 2240/12801/2240
f 2240/12802/2240 2298/12803/2298 2241/12804/2241
f 2241/12805/2241 2299/12806/2299 2242/12807/2242
f 2242/12808/2242 2300/12809/2300 2243/12810/2243
f 2243/12811/2243 2301/12812/2301 2258/12813/2258
f 2262/12814/2262 2302/12815/2302 2244/12816/2244
f 2244/12817/2244 2303/12818/2303 2245/12819/2245
f 2245/12820/2245 2304/12821/2304 2246/12822/2246
f 2305/12823/2305 2247/12824/2247 2246/12825/2246
f 2265/12826/2265 2207/12827/2207 2247/12828/2247
f 2264/12829/2264 2263/12830/2263 2206/12831/2206
f 2306/12832/2306 2249/12833/2249 2248/12834/2248
f 2307/12835/2307 2250/12836/2250 2249/12837/2249
f 2308/12838/2308 2251/12839/2251 2250/12840/2250
f 2309/12841/2309 2252/12842/2252 2251/12670/2251
f 2310/12843/2310 2264/12844/2264 2252/12845/2252
f 2311/12846/2311 2253/12847/2253 2254/12848/2254
f 2312/12849/2312 2254/12850/2254 2255/12851/2255
f 2313/12852/2313 2255/12853/2255 2256/12854/2256
f 2314/12855/2314 2256/12856/2256 2263/12857/2263
f 2257/12858/2257 2306/12859/2306 2248/12860/2248
f 2266/12861/2266 2209/12862/2209 2265/12863/2265
f 2266/12864/2266 2267/12865/2267 2210/12866/2210
f 2268/12867/2268 2211/12868/2211 2267/12869/2267
f 2269/12870/2269 2212/12871/2212 2268/12872/2268
f 2269/12873/2269 2315/12874/2315 2257/12875/2257
f 2258/12876/2258 2316/12877/2316 2259/12878/2259
f 2259/12879/2259 2317/12880/2317 2260/12881/2260
f 2260/12882/2260 2318/12883/2318 2261/12884/2261
f 2261/12885/2261 2319/12886/2319 2270/12887/2270
f 2213/12888/2213 2270/12889/2270 2271/12890/2271
f 2214/12891/2214 2271/12892/2271 2272/12893/2272
f 2215/12894/2215 2272/12895/2272 2273/12896/2273
f 2216/12897/2216 2273/12898/2273 2274/12899/2274
f 2217/12728/2217 2274/12900/2274 2262/12901/2262
f 2219/12902/2219 2277/12903/2277 2275/12904/2275
f 2218/12905/2218 2275/12906/2275 2276/12907/2276
f 2223/12908/2223 2276/12909/2276 2281/12910/2281
f 2220/12911/2220 2278/12912/2278 2277/12913/2277
f 2221/12914/2221 2279/12915/2279 2278/12916/2278
f 2222/12917/2222 2280/12918/2280 2279/12919/2279
f 2225/12920/2225 2283/12921/2283 2280/12922/2280
f 2224/12923/2224 2281/12924/2281 2282/12925/2282
f 2231/12926/2231 2282/12927/2282 2289/12928/2289
f 2226/12929/2226 2284/12930/2284 2283/12931/2283
f 2227/12932/2227 2285/12933/2285 2284/12934/2284
f 2285/12935/2285 2228/12936/2228 2286/12937/2286
f 2286/12938/2286 2229/12939/2229 2287/12940/2287
f 2287/12941/2287 2230/12942/2230 2288/12943/2288
f 2288/12944/2288 2233/12945/2233 2291/12946/2291
f 2232/12947/2232 2289/12948/2289 2290/12949/2290
f 2235/12950/2235 2290/12951/2290 2293/12952/2293
f 2291/12953/2291 2234/12954/2234 2292/12955/2292
f 2292/12956/2292 2237/12794/2237 2295/12957/2295
f 2236/12958/2236 2293/12959/2293 2294/12960/2294
f 2239/12961/2239 2294/12962/2294 2297/12963/2297
f 2295/12964/2295 2238/12965/2238 2296/12966/2296
f 2296/12967/2296 2253/12968/2253 2311/12969/2311
f 2240/12970/2240 2297/12971/2297 2298/12972/2298
f 2241/12973/2241 2298/12974/2298 2299/12975/2299
f 2242/12976/2242 2299/12977/2299 2300/12978/2300
f 2243/12979/2243 2300/12980/2300 2301/12981/2301
f 2258/12982/2258 2301/12983/2301 2316/12984/2316
f 2262/12985/2262 2320/12986/2320 2302/12987/2302
f 2302/12988/2302 2303/12989/2303 2244/12990/2244
f 2303/12991/2303 2304/12992/2304 2245/12993/2245
f 2246/12994/2246 2304/12995/2304 2305/12996/2305
f 2305/12997/2305 2265/12998/2265 2247/12999/2247
f 2321/13000/2321 2263/13001/2263 2264/13002/2264
f 2307/13003/2307 2249/13004/2249 2306/13005/2306
f 2308/13006/2308 2250/13007/2250 2307/13008/2307
f 2309/13009/2309 2251/13010/2251 2308/13011/2308
f 2310/13012/2310 2252/13013/2252 2309/13014/2309
f 2322/13015/2322 2264/13016/2264 2310/13017/2310
f 2311/13018/2311 2254/13019/2254 2312/13020/2312
f 2312/13021/2312 2255/13022/2255 2313/12852/2313
f 2313/13023/2313 2256/13024/2256 2314/13025/2314
f 2321/13026/2321 2314/13027/2314 2263/13028/2263
f 2315/13029/2315 2306/13030/2306 2257/13031/2257
f 2266/13032/2266 2265/13033/2265 2305/13034/2305
f 2323/13035/2323 2267/13036/2267 2266/13037/2266
f 2324/13038/2324 2268/13039/2268 2267/13040/2267
f 2325/13041/2325 2269/13042/2269 2268/13043/2268
f 2326/13044/2326 2315/13045/2315 2269/13046/2269
f 2259/13047/2259 2316/13048/2316 2317/13049/2317
f 2260/13050/2260 2317/13051/2317 2318/13052/2318
f 2261/13053/2261 2318/13054/2318 2319/13055/2319
f 2319/13056/2319 2327/13057/2327 2270/13058/2270
f 2270/13059/2270 2328/13060/2328 2271/13061/2271
f 2272/13062/2272 2271/13063/2271 2329/13064/2329
f 2273/13065/2273 2272/13066/2272 2330/13067/2330
f 2274/13068/2274 2273/13069/2273 2331/13070/2331
f 2262/13071/2262 2274/13072/2274 2320/13073/2320
f 2275/13074/2275 2277/13075/2277 2332/13076/2332
f 2276/13077/2276 2275/13078/2275 2333/13079/2333
f 2281/13080/2281 2276/13081/2276 2334/13082/2334
f 2277/13083/2277 2278/13084/2278 2335/13085/2335
f 2278/13086/2278 2279/13087/2279 2336/13088/2336
f 2279/13089/2279 2280/13090/2280 2337/13091/2337
f 2280/13092/2280 2283/13093/2283 2338/13094/2338
f 2282/13095/2282 2281/13096/2281 2339/13097/2339
f 2289/13098/2289 2282/13099/2282 2340/13100/2340
f 2283/13101/2283 2284/13102/2284 2341/13103/2341
f 2284/13104/2284 2285/13105/2285 2342/13106/2342
f 2285/13107/2285 2286/13108/2286 2343/13109/2343
f 2344/13110/2344 2286/13111/2286 2287/13112/2287
f 2345/13113/2345 2287/13114/2287 2288/13115/2288
f 2346/13116/2346 2288/13117/2288 2291/13118/2291
f 2290/13119/2290 2289/13120/2289 2347/13121/2347
f 2293/13122/2293 2290/13123/2290 2348/13124/2348
f 2349/13125/2349 2291/13126/2291 2292/13127/2292
f 2350/13128/2350 2292/13129/2292 2295/13130/2295
f 2293/13131/2293 2351/13132/2351 2294/13133/2294
f 2294/13134/2294 2352/13135/2352 2297/13136/2297
f 2353/13137/2353 2295/13138/2295 2296/13139/2296
f 2354/13140/2354 2296/13141/2296 2311/13142/2311
f 2297/13143/2297 2355/13144/2355 2298/13145/2298
f 2298/13146/2298 2356/13147/2356 2299/13148/2299
f 2299/13149/2299 2357/13150/2357 2300/13151/2300
f 2300/13152/2300 2358/13153/2358 2301/13154/2301
f 2301/13155/2301 2359/13156/2359 2316/13157/2316
f 2320/13158/2320 2360/13159/2360 2302/13160/2302
f 2302/13161/2302 2361/13162/2361 2303/13163/2303
f 2303/13164/2303 2362/13165/2362 2304/13166/2304
f 2304/13167/2304 2323/13168/2323 2305/13169/2305
f 2322/13170/2322 2321/13171/2321 2264/13172/2264
f 2363/13173/2363 2307/13174/2307 2306/13175/2306
f 2364/13176/2364 2308/13177/2308 2307/13178/2307
f 2365/13179/2365 2309/13180/2309 2308/13181/2308
f 2366/13182/2366 2310/13183/2310 2309/13184/2309
f 2367/13185/2367 2322/13186/2322 2310/13187/2310
f 2368/13188/2368 2311/13189/2311 2312/13190/2312
f 2369/13191/2369 2312/13192/2312 2313/13193/2313
f 2370/13194/2370 2313/13195/2313 2314/13196/2314
f 2371/13197/2371 2314/13198/2314 2321/13199/2321
f 2315/13200/2315 2363/13201/2363 2306/13202/2306
f 2305/13203/2305 2323/13204/2323 2266/13205/2266
f 2324/13206/2324 2267/13040/2267 2323/13207/2323
f 2325/13208/2325 2268/13209/2268 2324/13210/2324
f 2325/13211/2325 2326/13212/2326 2269/13213/2269
f 2326/13214/2326 2372/13215/2372 2315/13216/2315
f 2316/13217/2316 2373/13218/2373 2317/13219/2317
f 2317/13220/2317 2374/13221/2374 2318/13222/2318
f 2318/13223/2318 2375/13224/2375 2319/13225/2319
f 2319/13226/2319 2376/13227/2376 2327/13228/2327
f 2270/13229/2270 2327/13230/2327 2328/13231/2328
f 2271/13232/2271 2328/13233/2328 2329/13234/2329
f 2272/13235/2272 2329/13236/2329 2330/13237/2330
f 2273/13238/2273 2330/13239/2330 2331/13240/2331
f 2274/13241/2274 2331/13242/2331 2320/13243/2320
f 2277/13244/2277 2335/13245/2335 2332/13246/2332
f 2275/13247/2275 2332/13248/2332 2333/13249/2333
f 2276/13250/2276 2333/13251/2333 2334/13252/2334
f 2281/13253/2281 2334/13254/2334 2339/13255/2339
f 2278/13256/2278 2336/13257/2336 2335/13258/2335
f 2279/13259/2279 2337/13260/2337 2336/13261/2336
f 2280/13262/2280 2338/13263/2338 2337/13264/2337
f 2283/13265/2283 2341/13266/2341 2338/13267/2338
f 2282/13268/2282 2339/13269/2339 2340/13270/2340
f 2289/13271/2289 2340/13272/2340 2347/13273/2347
f 2284/13274/2284 2342/13275/2342 2341/13276/2341
f 2342/13277/2342 2285/13278/2285 2343/13279/2343
f 2343/13280/2343 2286/13281/2286 2344/13282/2344
f 2344/13283/2344 2287/13284/2287 2345/13285/2345
f 2345/13286/2345 2288/13287/2288 2346/13288/2346
f 2346/13289/2346 2291/13290/2291 2349/13291/2349
f 2290/13292/2290 2347/13293/2347 2348/13294/2348
f 2293/13295/2293 2348/13296/2348 2351/13297/2351
f 2349/13298/2349 2292/13299/2292 2350/13300/2350
f 2350/13301/2350 2295/13302/2295 2353/13303/2353
f 2294/13304/2294 2351/13305/2351 2352/13306/2352
f 2297/13307/2297 2352/13308/2352 2355/13309/2355
f 2353/13310/2353 2296/13311/2296 2354/13312/2354
f 2354/13313/2354 2311/13314/2311 2368/13315/2368
f 2298/13316/2298 2355/13317/2355 2356/13318/2356
f 2299/13319/2299 2356/13320/2356 2357/13321/2357
f 2300/13322/2300 2357/13323/2357 2358/13324/2358
f 2301/13325/2301 2358/13326/2358 2359/13327/2359
f 2316/13328/2316 2359/13329/2359 2373/13330/2373
f 2320/13331/2320 2377/13332/2377 2360/13333/2360
f 2302/13334/2302 2360/13335/2360 2361/13336/2361
f 2361/13337/2361 2362/13338/2362 2303/13339/2303
f 2362/13340/2362 2323/13341/2323 2304/13342/2304
f 2378/13343/2378 2321/13344/2321 2322/13345/2322
f 2364/13346/2364 2307/13347/2307 2363/13348/2363
f 2365/13349/2365 2308/13350/2308 2364/13351/2364
f 2366/13182/2366 2309/13184/2309 2365/13352/2365
f 2367/13353/2367 2310/13354/2310 2366/13355/2366
f 2379/13356/2379 2322/13357/2322 2367/13358/2367
f 2368/13359/2368 2312/13360/2312 2369/13361/2369
f 2369/13362/2369 2313/13363/2313 2370/13364/2370
f 2371/13365/2371 2370/13366/2370 2314/13367/2314
f 2378/13368/2378 2371/13369/2371 2321/13370/2321
f 2372/13371/2372 2363/13372/2363 2315/13373/2315
f 2362/13374/2362 2324/13375/2324 2323/13376/2323
f 2380/13377/2380 2325/13378/2325 2324/13379/2324
f 2381/13380/2381 2326/13381/2326 2325/13382/2325
f 2382/13383/2382 2372/13384/2372 2326/13214/2326
f 2317/13385/2317 2373/13386/2373 2374/13387/2374
f 2318/13388/2318 2374/13389/2374 2375/13390/2375
f 2319/13391/2319 2375/13392/2375 2376/13393/2376
f 2376/13394/2376 2383/13395/2383 2327/13396/2327
f 2327/13397/2327 2384/13398/2384 2328/13399/2328
f 2328/13400/2328 2385/13401/2385 2329/13402/2329
f 2329/13403/2329 2386/13404/2386 2330/13405/2330
f 2330/13406/2330 2387/13407/2387 2331/13408/2331
f 2331/13409/2331 2377/13410/2377 2320/13411/2320
f 2332/13412/2332 2335/13413/2335 2388/13414/2388
f 2333/13415/2333 2332/13416/2332 2389/13417/2389
f 2334/13418/2334 2333/13419/2333 2390/13420/2390
f 2339/13421/2339 2334/13422/2334 2391/13423/2391
f 2335/13424/2335 2336/13425/2336 2392/13426/2392
f 2336/13427/2336 2337/13428/2337 2393/13429/2393
f 2337/13430/2337 2338/13431/2338 2394/13432/2394
f 2338/13433/2338 2341/13434/2341 2395/13435/2395
f 2340/13436/2340 2339/13437/2339 2396/13438/2396
f 2347/13439/2347 2340/13440/2340 2397/13441/2397
f 2341/13442/2341 2342/13443/2342 2398/13444/2398
f 2399/13445/2399 2342/13446/2342 2343/13447/2343
f 2400/13448/2400 2343/13449/2343 2344/13450/2344
f 2401/13451/2401 2344/13452/2344 2345/13453/2345
f 2402/13454/2402 2345/13455/2345 2346/13456/2346
f 2403/13457/2403 2346/13458/2346 2349/13459/2349
f 2348/13460/2348 2347/13461/2347 2404/13462/2404
f 2351/13463/2351 2348/13464/2348 2405/13465/2405
f 2406/13466/2406 2349/13467/2349 2350/13468/2350
f 2407/13469/2407 2350/13470/2350 2353/13471/2353
f 2351/13472/2351 2408/13473/2408 2352/13474/2352
f 2352/13475/2352 2409/13476/2409 2355/13477/2355
f 2410/13478/2410 2353/13479/2353 2354/13480/2354
f 2411/13481/2411 2354/13482/2354 2368/13483/2368
f 2355/13484/2355 2412/13485/2412 2356/13486/2356
f 2356/13487/2356 2413/13488/2413 2357/13489/2357
f 2357/13490/2357 2414/13491/2414 2358/13492/2358
f 2358/13493/2358 2415/13494/2415 2359/13495/2359
f 2359/13496/2359 2416/13497/2416 2373/13498/2373
f 2377/13499/2377 2417/13500/2417 2360/13501/2360
f 2360/13502/2360 2418/13503/2418 2361/13504/2361
f 2361/13505/2361 2380/13506/2380 2362/13507/2362
f 2379/13508/2379 2378/13509/2378 2322/13510/2322
f 2419/13511/2419 2364/13512/2364 2363/13513/2363
f 2420/13514/2420 2365/13515/2365 2364/13516/2364
f 2421/13517/2421 2366/13518/2366 2365/13519/2365
f 2422/13520/2422 2367/13521/2367 2366/13522/2366
f 2423/13523/2423 2379/13524/2379 2367/13525/2367
f 2424/13526/2424 2368/13527/2368 2369/13528/2369
f 2425/13529/2425 2369/13530/2369 2370/13531/2370
f 2426/13532/2426 2370/13533/2370 2371/13534/2371
f 2427/13535/2427 2371/13536/2371 2378/13537/2378
f 2419/13538/2419 2363/13539/2363 2372/13540/2372
f 2380/13541/2380 2324/13542/2324 2362/13543/2362
f 2380/13544/2380 2381/13545/2381 2325/13546/2325
f 2381/13547/2381 2382/13548/2382 2326/13549/2326
f 2428/13550/2428 2372/13551/2372 2382/13552/2382
f 2373/13553/2373 2429/13554/2429 2374/13555/2374
f 2374/13556/2374 2430/13557/2430 2375/13558/2375
f 2375/13559/2375 2431/13560/2431 2376/13561/2376
f 2376/13562/2376 2432/13563/2432 2383/13564/2383
f 2327/13565/2327 2383/13566/2383 2384/13567/2384
f 2328/13568/2328 2384/13569/2384 2385/13570/2385
f 2385/13571/2385 2386/13572/2386 2329/13573/2329
f 2330/13574/2330 2386/13575/2386 2387/13576/2387
f 2331/13577/2331 2387/13578/2387 2377/13579/2377
f 2335/13580/2335 2392/13581/2392 2388/13582/2388
f 2332/13583/2332 2388/13584/2388 2389/13585/2389
f 2333/13586/2333 2389/13587/2389 2390/13588/2390
f 2334/13589/2334 2390/13590/2390 2391/13591/2391
f 2339/13592/2339 2391/13593/2391 2396/13594/2396
f 2336/13595/2336 2393/13596/2393 2392/13597/2392
f 2337/13598/2337 2394/13599/2394 2393/13600/2393
f 2338/13601/2338 2395/13602/2395 2394/13603/2394
f 2341/13604/2341 2398/13605/2398 2395/13606/2395
f 2340/13607/2340 2396/13608/2396 2397/13609/2397
f 2347/13610/2347 2397/13611/2397 2404/13612/2404
f 2398/13613/2398 2342/13614/2342 2399/13615/2399
f 2399/13616/2399 2343/13617/2343 2400/13618/2400
f 2401/13619/2401 2400/13620/2400 2344/13621/2344
f 2401/13622/2401 2345/13623/2345 2402/13624/2402
f 2403/13625/2403 2402/13626/2402 2346/13627/2346
f 2403/13628/2403 2349/13629/2349 2406/13630/2406
f 2348/13631/2348 2404/13632/2404 2405/13633/2405
f 2351/13634/2351 2405/13635/2405 2408/13636/2408
f 2407/13637/2407 2406/13638/2406 2350/13639/2350
f 2407/13640/2407 2353/13641/2353 2410/13642/2410
f 2352/13643/2352 2408/13644/2408 2409/13645/2409
f 2355/13646/2355 2409/13647/2409 2412/13648/2412
f 2411/13649/2411 2410/13650/2410 2354/13651/2354
f 2411/13652/2411 2368/13653/2368 2424/13654/2424
f 2356/13655/2356 2412/13656/2412 2413/13657/2413
f 2357/13658/2357 2413/13659/2413 2414/13660/2414
f 2358/13661/2358 2414/13662/2414 2415/13663/2415
f 2359/13664/2359 2415/13665/2415 2416/13666/2416
f 2373/13667/2373 2416/13668/2416 2429/13669/2429
f 2377/13670/2377 2433/13671/2433 2417/13672/2417
f 2360/13673/2360 2417/13674/2417 2418/13675/2418
f 2361/13676/2361 2418/13677/2418 2380/13678/2380
f 2434/13679/2434 2378/13680/2378 2379/13681/2379
f 2420/13682/2420 2364/13683/2364 2419/13684/2419
f 2421/13685/2421 2365/13686/2365 2420/13687/2420
f 2422/13688/2422 2366/13689/2366 2421/13690/2421
f 2423/13691/2423 2367/13692/2367 2422/13693/2422
f 2435/13694/2435 2379/13695/2379 2423/13696/2423
f 2425/13697/2425 2424/13698/2424 2369/13699/2369
f 2425/13700/2425 2370/13701/2370 2426/13702/2426
f 2427/13703/2427 2426/13704/2426 2371/13705/2371
f 2427/13706/2427 2378/13707/2378 2434/13708/2434
f 2428/13709/2428 2419/13710/2419 2372/13711/2372
f 2418/13712/2418 2381/13713/2381 2380/13714/2380
f 2436/13715/2436 2382/13716/2382 2381/13717/2381
f 2437/13718/2437 2428/13719/2428 2382/13720/2382
f 2374/13721/2374 2429/13722/2429 2430/13723/2430
f 2375/13724/2375 2430/13725/2430 2431/13726/2431
f 2376/13727/2376 2431/13728/2431 2432/13729/2432
f 2383/13730/2383 2432/13731/2432 2438/13732/2438
f 2383/13733/2383 2439/13734/2439 2384/13735/2384
f 2384/13736/2384 2440/13737/2440 2385/13738/2385
f 2385/13739/2385 2441/13740/2441 2386/13741/2386
f 2386/13742/2386 2442/13743/2442 2387/13744/2387
f 2387/13745/2387 2433/13746/2433 2377/13747/2377
f 2392/13748/2392 2393/13749/2393 2388/13750/2388
f 2389/13751/2389 2388/13752/2388 2443/13753/2443
f 2389/13754/2389 2443/13755/2443 2390/13756/2390
f 2391/13757/2391 2390/13758/2390 2396/13759/2396
f 2393/13760/2393 2394/13761/2394 2443/13762/2443
f 2394/13763/2394 2395/13764/2395 2443/13765/2443
f 2395/13766/2395 2398/13767/2398 2399/13768/2399
f 2397/13769/2397 2396/13770/2396 2443/13771/2443
f 2397/13772/2397 2443/13773/2443 2404/13774/2404
f 2443/13775/2443 2399/13776/2399 2400/13777/2400
f 2443/13778/2443 2400/13779/2400 2401/13780/2401
f 2401/13781/2401 2402/13782/2402 2403/13783/2403
f 2443/13784/2443 2403/13785/2403 2406/13786/2406
f 2405/13787/2405 2404/13788/2404 2408/13789/2408
f 2443/13790/2443 2406/13791/2406 2407/13792/2407
f 2407/13793/2407 2410/13794/2410 2411/13795/2411
f 2409/13796/2409 2408/13797/2408 2443/13798/2443
f 2409/13799/2409 2443/13800/2443 2412/13801/2412
f 2443/13802/2443 2411/13803/2411 2424/13804/2424
f 2413/13805/2413 2412/13806/2412 2414/13807/2414
f 2415/13808/2415 2414/13809/2414 2443/13810/2443
f 2415/13811/2415 2443/13812/2443 2416/13813/2416
f 2429/13814/2429 2416/13815/2416 2430/13816/2430
f 2433/13817/2433 2444/13818/2444 2417/13819/2417
f 2417/13820/2417 2436/13821/2436 2418/13822/2418
f 2435/13823/2435 2434/13824/2434 2379/13825/2379
f 2445/13826/2445 2420/13827/2420 2419/13828/2419
f 2446/13829/2446 2421/13830/2421 2420/13831/2420
f 2447/13832/2447 2422/13833/2422 2421/13834/2421
f 2448/13835/2448 2423/13836/2423 2422/13837/2422
f 2435/13838/2435 2423/13839/2423 2449/13840/2449
f 2443/13841/2443 2424/13842/2424 2425/13843/2425
f 2427/13844/2427 2425/13845/2425 2426/13846/2426
f 2443/13847/2443 2427/13848/2427 2434/13849/2434
f 2445/13850/2445 2419/13851/2419 2428/13852/2428
f 2418/13853/2418 2436/13854/2436 2381/13855/2381
f 2436/13856/2436 2437/13857/2437 2382/13858/2382
f 2450/13859/2450 2428/13860/2428 2437/13861/2437
f 2431/13862/2431 2430/13863/2430 2443/13864/2443
f 2431/13865/2431 2443/13866/2443 2432/13867/2432
f 2432/13868/2432 2451/13869/2451 2438/13870/2438
f 2383/13871/2383 2438/13872/2438 2439/13873/2439
f 2384/13874/2384 2439/13875/2439 2440/13876/2440
f 2440/13877/2440 2441/13878/2441 2385/13879/2385
f 2441/13880/2441 2442/13881/2442 2386/13882/2386
f 2387/13883/2387 2442/13884/2442 2433/13885/2433
f 2388/13886/2388 2393/13887/2393 2443/13888/2443
f 2396/13889/2396 2390/13890/2390 2443/13891/2443
f 2395/13892/2395 2399/13893/2399 2443/13894/2443
f 2408/13895/2408 2404/13896/2404 2443/13897/2443
f 2443/13898/2443 2401/13899/2401 2403/13900/2403
f 2443/13901/2443 2407/13902/2407 2411/13903/2411
f 2412/13904/2412 2443/13905/2443 2414/13906/2414
f 2416/13907/2416 2443/13908/2443 2430/13909/2430
f 2433/13910/2433 2452/13911/2452 2444/13912/2444
f 2417/13913/2417 2444/13914/2444 2436/13915/2436
f 2443/13916/2443 2434/13917/2434 2435/13918/2435
f 2446/13919/2446 2420/13920/2420 2445/13921/2445
f 2447/13922/2447 2421/13923/2421 2446/13924/2446
f 2448/13925/2448 2422/13926/2422 2447/13927/2447
f 2449/13928/2449 2423/13929/2423 2448/13930/2448
f 2453/13931/2453 2435/13932/2435 2449/13933/2449
f 2443/13934/2443 2425/13935/2425 2427/13936/2427
f 2450/13937/2450 2445/13938/2445 2428/13939/2428
f 2444/13940/2444 2437/13941/2437 2436/13942/2436
f 2454/13943/2454 2450/13944/2450 2437/13945/2437
f 2432/13946/2432 2443/13947/2443 2451/13948/2451
f 2438/13949/2438 2451/13950/2451 2439/13951/2439
f 2439/13952/2439 2455/13953/2455 2440/13954/2440
f 2440/13955/2440 2456/13956/2456 2441/13957/2441
f 2441/13958/2441 2457/13959/2457 2442/13960/2442
f 2442/13961/2442 2452/13962/2452 2433/13963/2433
f 2452/13964/2452 2454/13965/2454 2444/13966/2444
f 2443/13967/2443 2435/13968/2435 2453/13969/2453
f 2458/13970/2458 2446/13971/2446 2445/13972/2445
f 2459/13973/2459 2447/13974/2447 2446/13975/2446
f 2460/13976/2460 2448/13977/2448 2447/13978/2447
f 2453/13979/2453 2449/13980/2449 2448/13981/2448
f 2458/13982/2458 2445/13983/2445 2450/13984/2450
f 2454/13985/2454 2437/13986/2437 2444/13987/2444
f 2461/13988/2461 2450/13989/2450 2454/13990/2454
f 2451/13991/2451 2443/13992/2443 2462/13993/2462
f 2439/13994/2439 2451/13995/2451 2455/13996/2455
f 2455/13997/2455 2456/13998/2456 2440/13999/2440
f 2456/14000/2456 2457/14001/2457 2441/14002/2441
f 2457/14003/2457 2452/14004/2452 2442/14005/2442
f 2463/14006/2463 2454/14007/2454 2452/14008/2452
f 2443/14009/2443 2453/14010/2453 2464/14011/2464
f 2459/14012/2459 2446/14013/2446 2458/14014/2458
f 2460/14015/2460 2447/14016/2447 2459/14017/2459
f 2453/14018/2453 2448/14019/2448 2460/14020/2460
f 2461/14021/2461 2458/14022/2458 2450/14023/2450
f 2463/14024/2463 2461/14025/2461 2454/14026/2454
f 2451/14027/2451 2462/14028/2462 2455/14029/2455
f 2443/14030/2443 2465/14031/2465 2462/14032/2462
f 2455/14033/2455 2466/14034/2466 2456/14035/2456
f 2456/14036/2456 2467/14037/2467 2457/14038/2457
f 2457/14039/2457 2463/14040/2463 2452/14041/2452
f 2453/14042/2453 2460/14043/2460 2464/14044/2464
f 2443/14045/2443 2464/14046/2464 2468/14047/2468
f 2469/14048/2469 2459/14049/2459 2458/14050/2458
f 2470/14051/2470 2460/14052/2460 2459/14053/2459
f 2469/14054/2469 2458/14055/2458 2461/14056/2461
f 2471/14057/2471 2461/14058/2461 2463/14059/2463
f 2462/14060/2462 2466/14061/2466 2455/14062/2455
f 2443/14063/2443 2468/14064/2468 2465/14065/2465
f 2462/14066/2462 2465/14067/2465 2466/14068/2466
f 2466/14069/2466 2467/14070/2467 2456/14071/2456
f 2467/14072/2467 2463/14073/2463 2457/14074/2457
f 2464/14075/2464 2460/14076/2460 2470/14077/2470
f 2468/14078/2468 2464/14079/2464 2470/14080/2470
f 2470/14081/2470 2459/14082/2459 2469/14083/2469
f 2471/14084/2471 2469/14085/2469 2461/14086/2461
f 2467/14087/2467 2471/14088/2471 2463/14089/2463
f 2465/14090/2465 2468/14091/2468 2472/14092/2472
f 2465/14093/2465 2473/14094/2473 2466/14095/2466
f 2466/14096/2466 2473/14097/2473 2467/14098/2467
f 2468/14099/2468 2470/14100/2470 2474/14101/2474
f 2474/14102/2474 2470/14103/2470 2469/14104/2469
f 2474/14105/2474 2469/14106/2469 2471/14107/2471
f 2473/14108/2473 2471/14109/2471 2467/14110/2467
f 2468/14111/2468 2474/14112/2474 2472/14113/2472
f 2465/14114/2465 2472/14115/2472 2473/14116/2473
f 2473/14117/2473 2474/14118/2474 2471/14119/2471
f 2472/14120/2472 2474/14121/2474 2473/14122/2473
