# SSTK version 0.8.0
# 12
mtllib original-12.mtl
o #ID65
v 0.00036628 0.92100703 0.29578516
v 0.00328909 0.92160130 0.29038932
v 0.00317184 0.92137257 0.29569062
v 0.00025573 0.92128889 0.29020197
v 0.00028891 0.92126364 0.29035178
v 0.00024234 0.92099913 0.29577508
v 0.00322169 0.92178594 0.29026665
v 0.00324318 0.92127892 0.29576054
v 0.00329352 0.92199407 0.28483029
v 0.00038447 0.92145297 0.28493388
v 0.00032834 0.92149198 0.28490645
v 0.00334275 0.92197278 0.28488822
v 0.00610234 0.92281849 0.29031676
v 0.00612172 0.92232596 0.29590200
v 0.00614494 0.92271827 0.29047106
v 0.00609121 0.92234618 0.29579019
v 0.00032568 0.92051943 0.30120695
v 0.00325706 0.92098642 0.30112972
v 0.00030226 0.92042704 0.30120551
v 0.00318364 0.92104517 0.30121033
v -0.00265658 0.92136733 0.29028087
v -0.00260972 0.92110023 0.29572057
v -0.00262699 0.92152982 0.29031184
v -0.00273089 0.92118861 0.29566288
v 0.00342396 0.92208640 0.27947521
v 0.00039376 0.92170510 0.27936055
v 0.00047118 0.92162288 0.27947726
v 0.00332651 0.92197242 0.27951305
v 0.00607068 0.92294645 0.28495039
v 0.00599004 0.92296635 0.28490610
v -0.00251386 0.92171921 0.28492716
v -0.00269360 0.92161295 0.28482797
v 0.00856343 0.92424599 0.29046507
v 0.00843519 0.92397719 0.29592495
v 0.00856382 0.92437934 0.29045631
v 0.00853743 0.92406239 0.29600202
v 0.00597942 0.92196782 0.30132682
v 0.00593244 0.92203500 0.30121506
v 0.00015238 0.92006919 0.30660289
v 0.00322695 0.92038198 0.30651282
v 0.00024809 0.91999399 0.30643954
v 0.00310750 0.92049980 0.30664952
v -0.00277819 0.92077737 0.30111225
v -0.00265987 0.92073005 0.30103880
v -0.00539193 0.92228687 0.29029282
v -0.00559739 0.92186425 0.29569196
v -0.00542215 0.92213524 0.29030662
v -0.00555015 0.92189424 0.29585056
v 0.00344029 0.92216654 0.27389101
v 0.00037646 0.92176898 0.27387722
v 0.00037379 0.92172790 0.27389940
v 0.00328825 0.92217957 0.27391337
v 0.00618328 0.92317701 0.27957830
v 0.00618563 0.92316039 0.27944062
v -0.00255492 0.92179502 0.27948244
v -0.00264743 0.92172403 0.27933906
v 0.00867651 0.92452507 0.28495273
v 0.00864385 0.92459827 0.28502437
v -0.00542370 0.92248262 0.28494987
v -0.00539450 0.92253256 0.28477865
v 0.01069544 0.92645716 0.29068431
v 0.01065276 0.92609437 0.29611274
v 0.01060691 0.92644337 0.29065660
v 0.01072255 0.92608270 0.29608501
v 0.00849176 0.92361591 0.30138099
v 0.00850372 0.92359648 0.30143272
v 0.00595223 0.92146119 0.30675516
v 0.00601875 0.92150493 0.30677770
v 0.00019785 0.91934881 0.31190974
v 0.00312910 0.91985680 0.31191594
v 0.00024150 0.91937214 0.31187790
v 0.00325480 0.91989872 0.31196569
v -0.00277003 0.92016955 0.30647105
v -0.00268433 0.92013852 0.30652481
v -0.00548810 0.92155901 0.30124427
v -0.00562051 0.92146050 0.30127814
v -0.00809073 0.92363559 0.29046540
v -0.00819321 0.92330767 0.29578467
v -0.00821137 0.92350557 0.29039341
v -0.00808739 0.92318626 0.29593560
v 0.00449976 0.92214210 0.04942733
v 0.00156557 0.92164710 0.04932731
v 0.00154630 0.92176677 0.04939899
v 0.00461316 0.92212374 0.04933437
v 0.00615422 0.92317857 0.27396665
v 0.00616181 0.92308990 0.27404783
v -0.00262886 0.92185519 0.27395616
v -0.00263485 0.92190853 0.27395500
v 0.00854953 0.92478394 0.27954124
v 0.00861973 0.92462550 0.27951707
v -0.00544827 0.92260958 0.27944056
v -0.00550780 0.92268559 0.27938626
v 0.01073014 0.92667032 0.28509985
v 0.01072154 0.92657627 0.28520515
v -0.00815688 0.92382550 0.28495067
v -0.00812849 0.92380738 0.28498465
v 0.01234186 0.92860931 0.29625373
v 0.01229047 0.92895413 0.29087249
v 0.01235937 0.92882620 0.29076242
v 0.01229037 0.92852326 0.29644398
v 0.01071026 0.92561252 0.30170271
v 0.01062494 0.92572820 0.30169073
v 0.00842854 0.92302206 0.30687428
v 0.00849532 0.92301593 0.30698144
v 0.00600550 0.92085024 0.31220512
v 0.00596174 0.92079187 0.31222895
v 0.00027599 0.91880185 0.31724647
v 0.00306053 0.91921428 0.31744968
v 0.00015723 0.91874590 0.31731909
v 0.00305482 0.91913466 0.31741845
v -0.00282442 0.91964410 0.31194551
v -0.00271632 0.91960600 0.31189645
v -0.00562234 0.92095850 0.30650703
v -0.00558295 0.92106775 0.30669304
v -0.00825213 0.92293497 0.30127637
v -0.00810446 0.92289378 0.30127757
v -0.01038629 0.92558031 0.29048971
v -0.01048006 0.92519387 0.29595303
v -0.01040330 0.92558424 0.29056423
v -0.01049885 0.92525786 0.29591234
v 0.00724403 0.92311149 0.04942243
v 0.00723318 0.92323969 0.04948132
v -0.00132722 0.92182874 0.04944881
v -0.00128886 0.92187926 0.04933231
v 0.00868271 0.92483070 0.27406378
v 0.00858720 0.92484483 0.27396047
v -0.00548692 0.92273283 0.27391596
v -0.00543237 0.92271349 0.27390979
v 0.01080572 0.92670660 0.27963508
v 0.01071807 0.92687971 0.27951246
v -0.00803103 0.92403448 0.27953197
v -0.00797337 0.92390926 0.27939459
v 0.01226159 0.92920719 0.28515475
v 0.01235932 0.92913395 0.28524556
v -0.01029784 0.92579702 0.28496380
v -0.01032682 0.92563728 0.28493507
v 0.01336603 0.93138291 0.29647975
v 0.01342395 0.93157243 0.29084553
v 0.01344904 0.93172619 0.29100527
v 0.01330512 0.93134507 0.29654208
v 0.01224385 0.92813560 0.30191137
v 0.01228315 0.92820678 0.30180125
v 0.01058504 0.92517158 0.30715656
v 0.01062918 0.92516584 0.30711896
v 0.00846655 0.92241496 0.31241410
v 0.00836897 0.92241479 0.31227156
v 0.00581978 0.92015228 0.31761204
v 0.00596580 0.92026435 0.31759488
v 0.00010817 0.91800839 0.32274230
v 0.00306503 0.91839362 0.32283337
v 0.00008407 0.91803416 0.32275216
v 0.00302498 0.91837203 0.32282286
v -0.00278873 0.91899347 0.31739630
v -0.00285279 0.91899370 0.31732729
v -0.00563546 0.92029933 0.31201939
v -0.00555428 0.92035812 0.31197651
v -0.00817846 0.92228536 0.30681025
v -0.00829424 0.92229578 0.30679985
v -0.01053316 0.92464244 0.30146738
v -0.01040487 0.92466021 0.30151054
v -0.01239132 0.92751089 0.29612119
v -0.01221555 0.92788187 0.29057554
v -0.01232974 0.92780089 0.29063714
v -0.01231292 0.92749719 0.29616049
v 0.00991407 0.92470236 0.04950352
v 0.00972133 0.92475724 0.04950199
v -0.00430958 0.92265803 0.04925631
v -0.00417906 0.92264859 0.04936667
v 0.01083422 0.92689095 0.27396051
v 0.01066994 0.92690801 0.27406458
v -0.00807675 0.92397786 0.27395258
v -0.00799065 0.92404611 0.27396607
v 0.01232356 0.92921400 0.27963521
v 0.01228831 0.92927725 0.27972649
v -0.01037834 0.92591082 0.27937939
v -0.01026856 0.92581599 0.27945689
v 0.01350733 0.93188064 0.28540936
v 0.01336204 0.93181571 0.28537037
v -0.01223794 0.92803736 0.28508635
v -0.01231034 0.92802131 0.28509912
v 0.01389818 0.93426500 0.29669116
v 0.01381859 0.93450269 0.29119033
v 0.01387291 0.93455341 0.29116644
v 0.01377339 0.93418714 0.29671345
v 0.01324490 0.93084921 0.30207935
v 0.01341632 0.93081684 0.30224014
v 0.01225118 0.92756602 0.30738971
v 0.01227645 0.92764920 0.30754012
v 0.01065925 0.92458116 0.31262390
v 0.01061862 0.92446720 0.31273912
v 0.00842980 0.92169744 0.31772209
v 0.00836175 0.92169662 0.31774324
v 0.00585103 0.91934781 0.32290963
v 0.00590469 0.91937316 0.32303798
v 0.00016188 0.91709582 0.32806949
v 0.00313935 0.91748385 0.32816877
v 0.00010411 0.91704192 0.32809438
v 0.00307837 0.91742870 0.32803082
v -0.00277017 0.91820207 0.32260094
v -0.00283880 0.91818579 0.32263493
v -0.00557368 0.91966911 0.31750613
v -0.00566359 0.91971181 0.31738051
v -0.00818167 0.92165316 0.31222332
v -0.00833012 0.92168837 0.31220209
v -0.01047919 0.92426795 0.30699328
v -0.01055513 0.92432408 0.30698484
v -0.01230900 0.92697497 0.30157346
v -0.01224163 0.92703000 0.30171664
v -0.01357774 0.93005719 0.29634190
v -0.01351818 0.93054035 0.29081039
v -0.01362325 0.93052038 0.29083160
v -0.01370736 0.93016255 0.29630412
v 0.01188404 0.92677438 0.04938955
v 0.01185091 0.92678059 0.04941593
v -0.00677441 0.92398607 0.04937491
v -0.00676469 0.92406231 0.04943988
v 0.01236893 0.92922780 0.27402693
v 0.01246887 0.92921441 0.27400677
v -0.01033224 0.92597979 0.27397559
v -0.01029900 0.92580916 0.27398013
v 0.01340300 0.93199593 0.27974320
v 0.01353458 0.93205632 0.27972192
v -0.01226250 0.92819678 0.27954263
v -0.01220575 0.92824667 0.27944625
v 0.01385366 0.93478697 0.28534533
v 0.01383012 0.93477682 0.28541531
v -0.01364711 0.93076915 0.28505113
v -0.01351063 0.93076391 0.28506975
v 0.01378501 0.93721260 0.29689938
v 0.01382828 0.93746310 0.29126988
v 0.01382711 0.93758208 0.29133009
v 0.01379210 0.93714816 0.29700501
v 0.01377016 0.93373809 0.30248084
v 0.01374051 0.93379267 0.30246843
v 0.01338583 0.93035081 0.30774259
v 0.01338564 0.93030272 0.30770018
v 0.01219177 0.92702145 0.31288129
v 0.01226316 0.92702070 0.31291483
v 0.01058432 0.92374458 0.31809535
v 0.01050546 0.92379827 0.31808877
v 0.00845992 0.92105271 0.32324824
v 0.00834481 0.92108110 0.32315370
v 0.00577074 0.91858224 0.32832459
v 0.00580054 0.91848436 0.32840237
v 0.00015608 0.91617642 0.33334795
v 0.00299038 0.91661790 0.33354841
v 0.00004515 0.91615552 0.33341595
v 0.00307914 0.91653658 0.33351959
v -0.00287487 0.91727404 0.32803216
v -0.00273435 0.91729493 0.32795494
v -0.00570732 0.91887156 0.32279849
v -0.00566120 0.91895400 0.32278763
v -0.00822921 0.92108511 0.31767938
v -0.00826249 0.92104925 0.31760237
v -0.01050920 0.92357271 0.31232841
v -0.01047895 0.92360851 0.31236680
v -0.01227043 0.92650102 0.30712745
v -0.01233111 0.92663810 0.30711501
v -0.01360913 0.92975311 0.30194555
v -0.01371165 0.92972837 0.30199442
v -0.01443587 0.93301166 0.29663531
v -0.01428195 0.93331805 0.29094908
v -0.01443383 0.93338039 0.29079365
v -0.01426626 0.93294142 0.29657059
v 0.01353118 0.92924006 0.04937656
v 0.01355268 0.92926190 0.04943021
v -0.00921316 0.92585258 0.04930364
v -0.00907036 0.92598443 0.04925479
v 0.01346448 0.93203965 0.27409805
v 0.01353238 0.93213742 0.27413522
v -0.01224746 0.92814793 0.27387082
v -0.01208280 0.92828106 0.27387252
v 0.01386662 0.93493244 0.27981047
v 0.01390320 0.93493949 0.27983655
v -0.01359406 0.93085164 0.27961617
v -0.01348764 0.93084996 0.27955969
v 0.01374635 0.93768819 0.28561206
v 0.01384283 0.93777091 0.28550728
v -0.01429027 0.93355874 0.28518879
v -0.01428682 0.93358802 0.28516331
v 0.01298947 0.94005770 0.29717479
v 0.01306003 0.94044854 0.29145740
v 0.01309696 0.94046170 0.29142685
v 0.01289270 0.94000844 0.29730143
v 0.01371628 0.93677755 0.30265593
v 0.01368397 0.93666807 0.30274843
v 0.01383472 0.93329211 0.30815137
v 0.01380102 0.93323095 0.30805465
v 0.01324812 0.92982211 0.31338659
v 0.01331170 0.92971889 0.31331857
v 0.01212853 0.92633396 0.31858842
v 0.01212991 0.92633176 0.31853377
v 0.01055478 0.92307318 0.32352892
v 0.01057357 0.92300896 0.32364970
v 0.00845710 0.92018722 0.32867896
v 0.00832200 0.92015952 0.32855099
v 0.00588345 0.91757459 0.33371803
v 0.00579066 0.91757342 0.33374723
v -0.00000065 0.91509026 0.33879680
v 0.00296813 0.91557210 0.33883761
v 0.00007599 0.91501727 0.33870487
v 0.00301150 0.91549802 0.33892187
v -0.00291230 0.91632739 0.33333328
v -0.00287100 0.91626529 0.33335045
v -0.00567272 0.91794943 0.32810868
v -0.00578164 0.91805077 0.32821333
v -0.00823578 0.92019528 0.32300991
v -0.00835198 0.92022708 0.32302920
v -0.01060220 0.92284327 0.31791224
v -0.01055346 0.92296089 0.31793332
v -0.01230556 0.92589985 0.31272400
v -0.01245847 0.92592526 0.31268995
v -0.01357746 0.92925488 0.30755328
v -0.01366166 0.92912699 0.30756580
v -0.01433635 0.93251880 0.30223122
v -0.01439202 0.93263646 0.30209928
v -0.01445120 0.93585630 0.29669584
v -0.01440775 0.93619908 0.29107678
v -0.01454614 0.93621584 0.29105707
v -0.01441530 0.93592020 0.29669473
v 0.01472087 0.93202240 0.04951597
v 0.01459563 0.93207626 0.04939009
v -0.01101619 0.92824259 0.04939626
v -0.01105460 0.92829886 0.04939714
v 0.01399783 0.93495112 0.27407373
v 0.01406785 0.93507158 0.27417046
v -0.01341700 0.93095571 0.27384792
v -0.01345775 0.93093245 0.27394735
v 0.01389726 0.93784342 0.27986370
v 0.01390032 0.93794578 0.27979106
v -0.01420762 0.93380920 0.27949983
v -0.01429963 0.93370987 0.27950976
v 0.01295066 0.94060314 0.28555157
v 0.01296320 0.94057063 0.28569372
v -0.01440559 0.93658896 0.28540579
v -0.01449230 0.93652369 0.28531959
v 0.01158004 0.94279159 0.29738346
v 0.01159495 0.94313739 0.29159722
v 0.01167945 0.94314526 0.29147904
v 0.01164224 0.94275578 0.29729987
v 0.01299910 0.93955375 0.30300562
v 0.01302616 0.93952670 0.30296775
v 0.01358665 0.93620055 0.30839238
v 0.01372230 0.93619288 0.30849190
v 0.01378177 0.93271405 0.31366054
v 0.01381052 0.93266009 0.31367245
v 0.01329882 0.92905360 0.31898475
v 0.01334683 0.92911905 0.31900842
v 0.01216029 0.92557260 0.32393350
v 0.01214026 0.92558719 0.32396411
v 0.01037729 0.92213663 0.32911375
v 0.01046335 0.92209196 0.32894465
v 0.00824444 0.91916229 0.33411495
v 0.00826143 0.91918735 0.33398904
v 0.00573719 0.91646170 0.33911277
v 0.00576093 0.91657404 0.33913009
v -0.00037986 0.90005470 0.41105232
v 0.00257853 0.90056635 0.41123730
v -0.00023605 0.90006346 0.41110034
v 0.00269280 0.90047315 0.41116339
v -0.00293162 0.91516909 0.33882429
v -0.00288662 0.91534040 0.33878950
v -0.00579689 0.91702281 0.33360815
v -0.00580061 0.91705178 0.33349215
v -0.00823014 0.91937089 0.32832010
v -0.00832264 0.91942455 0.32846089
v -0.01063677 0.92204580 0.32337119
v -0.01062207 0.92213557 0.32338247
v -0.01231249 0.92516728 0.31814287
v -0.01249646 0.92517803 0.31826056
v -0.01372053 0.92859449 0.31301282
v -0.01369008 0.92860552 0.31304468
v -0.01436005 0.93197923 0.30773348
v -0.01444961 0.93213710 0.30785476
v -0.01456304 0.93546113 0.30251984
v -0.01457407 0.93542687 0.30236362
v -0.01396670 0.93894462 0.29696612
v -0.01400909 0.93915650 0.29127987
v -0.01403262 0.93917567 0.29119138
v -0.01400817 0.93882237 0.29693112
v 0.01508234 0.93506516 0.04941454
v 0.01522103 0.93498676 0.04937229
v -0.01242044 0.93085568 0.04928009
v -0.01224242 0.93079169 0.04931441
v 0.01375932 0.93804272 0.27403591
v 0.01391164 0.93794337 0.27417843
v -0.01434409 0.93374826 0.27384728
v -0.01415958 0.93377514 0.27402304
v 0.01305081 0.94081208 0.27992817
v 0.01307261 0.94068993 0.27991252
v -0.01438796 0.93667225 0.27971566
v -0.01444233 0.93667351 0.27968782
v 0.01180929 0.94323571 0.28579699
v 0.01168170 0.94331285 0.28571819
v -0.01399418 0.93939903 0.28554179
v -0.01403058 0.93956121 0.28556212
v 0.00987574 0.94504551 0.29747640
v 0.00982486 0.94545301 0.29179227
v 0.00978695 0.94541056 0.29172415
v 0.00981778 0.94509281 0.29749680
v 0.01165156 0.94224795 0.30318822
v 0.01172356 0.94230478 0.30328572
v 0.01291439 0.93909189 0.30877256
v 0.01300598 0.93901659 0.30871216
v 0.01360057 0.93549869 0.31419353
v 0.01371878 0.93560054 0.31417528
v 0.01365893 0.93196042 0.31928326
v 0.01367452 0.93201761 0.31942688
v 0.01327281 0.92812928 0.32452363
v 0.01326200 0.92823433 0.32447895
v 0.01201584 0.92456533 0.32943515
v 0.01218542 0.92459517 0.32951672
v 0.01042347 0.92125691 0.33437946
v 0.01043752 0.92120984 0.33456223
v 0.00830391 0.91807522 0.33938410
v 0.00833637 0.91814150 0.33938019
v 0.00550591 0.90165939 0.41138234
v 0.00548689 0.90153055 0.41136515
v -0.00322147 0.90040774 0.41104619
v -0.00322566 0.90035162 0.41113101
v -0.00569414 0.91592372 0.33887109
v -0.00581002 0.91600561 0.33889655
v -0.00827826 0.91844143 0.33376484
v -0.00841868 0.91848495 0.33373490
v -0.01058538 0.92124814 0.32867195
v -0.01057853 0.92125383 0.32870374
v -0.01240906 0.92451502 0.32360237
v -0.01244208 0.92435058 0.32375378
v -0.01378986 0.92780427 0.31857116
v -0.01377840 0.92781855 0.31853172
v -0.01436341 0.93136410 0.31333252
v -0.01441722 0.93141965 0.31334936
v -0.01451237 0.93505814 0.30808933
v -0.01463435 0.93507899 0.30806577
v -0.01393734 0.93852179 0.30270663
v -0.01394025 0.93840937 0.30265557
v -0.01299612 0.94163992 0.29710947
v -0.01286539 0.94197031 0.29139002
v -0.01280608 0.94195125 0.29134358
v -0.01299446 0.94167665 0.29725793
v 0.01493857 0.93791302 0.04941663
v 0.01503661 0.93798022 0.04947660
v -0.01306703 0.93367974 0.04928524
v -0.01298738 0.93372437 0.04930759
v 0.01314129 0.94089516 0.27407894
v 0.01314339 0.94080027 0.27406651
v -0.01444674 0.93670592 0.27398395
v -0.01441385 0.93675008 0.27391129
v 0.01168727 0.94337565 0.27984801
v 0.01180634 0.94341797 0.27987006
v -0.01388378 0.93954966 0.27961077
v -0.01387843 0.93958734 0.27977526
v 0.00982529 0.94571769 0.28586911
v 0.00982350 0.94553180 0.28586453
v -0.01280521 0.94220890 0.28549754
v -0.01285864 0.94215521 0.28550416
v 0.00752558 0.94724382 0.29175660
v 0.00744220 0.94684406 0.29775947
v 0.00764116 0.94731983 0.29170205
v 0.00754957 0.94699623 0.29764671
v 0.00987925 0.94466830 0.30334899
v 0.00982124 0.94450732 0.30348589
v 0.01149923 0.94163635 0.30896694
v 0.01158596 0.94168128 0.30894120
v 0.01287589 0.93850082 0.31441562
v 0.01288075 0.93835767 0.31454721
v 0.01352528 0.93488693 0.31983363
v 0.01366325 0.93479786 0.31979764
v 0.01379139 0.93105921 0.32504106
v 0.01367437 0.93105062 0.32501133
v 0.01318583 0.92723367 0.33011541
v 0.01322547 0.92740043 0.33006022
v 0.01202787 0.92369326 0.33503919
v 0.01208166 0.92362637 0.33495348
v 0.01050045 0.92016271 0.33987277
v 0.01049509 0.92010624 0.33999040
v 0.00787975 0.90323659 0.41181992
v 0.00783897 0.90308643 0.41177020
v -0.00606958 0.90118424 0.41132286
v -0.00604786 0.90111835 0.41117747
v -0.00828048 0.91738287 0.33922289
v -0.00841188 0.91728936 0.33917078
v -0.01063325 0.92036035 0.33420601
v -0.01057258 0.92030264 0.33420184
v -0.01240617 0.92350118 0.32924379
v -0.01256528 0.92347995 0.32924168
v -0.01383967 0.92699217 0.32420722
v -0.01372614 0.92708545 0.32421344
v -0.01452217 0.93066586 0.31902551
v -0.01444952 0.93065658 0.31894117
v -0.01460946 0.93428053 0.31380451
v -0.01459031 0.93444028 0.31390064
v -0.01407894 0.93781931 0.30839269
v -0.01405516 0.93787277 0.30841977
v -0.01293627 0.94116846 0.30289312
v -0.01292400 0.94117502 0.30306527
v -0.01130960 0.94406320 0.29744202
v -0.01124965 0.94452707 0.29162622
v -0.01124935 0.94449006 0.29149103
v -0.01124932 0.94417267 0.29732230
v 0.01422242 0.94076132 0.04941814
v 0.01435466 0.94080694 0.04951845
v -0.01324144 0.93671586 0.04923959
v -0.01324317 0.93682418 0.04925607
v 0.01185754 0.94355558 0.27404116
v 0.01171296 0.94346461 0.27407519
v -0.01393659 0.93967905 0.27405418
v -0.01386449 0.93965545 0.27390173
v 0.00992656 0.94575110 0.27986030
v 0.00996293 0.94579343 0.28002109
v -0.01276529 0.94236289 0.27973145
v -0.01280818 0.94231113 0.27976828
v 0.00750604 0.94748706 0.28587856
v 0.00753220 0.94756697 0.28579776
v -0.01116703 0.94472287 0.28565817
v -0.01125811 0.94462142 0.28573478
v 0.00493228 0.94856046 0.29188716
v 0.00488838 0.94828815 0.29787834
v 0.00487307 0.94858076 0.29194511
v 0.00494024 0.94822515 0.29779798
v 0.00739597 0.94653584 0.30365640
v 0.00752095 0.94639113 0.30365975
v 0.00983954 0.94404690 0.30922896
v 0.00982060 0.94411581 0.30930739
v 0.01147036 0.94097904 0.31481389
v 0.01156289 0.94102822 0.31489251
v 0.01293794 0.93777685 0.32017309
v 0.01276614 0.93763542 0.32018473
v 0.01365690 0.93408989 0.32555386
v 0.01361269 0.93411233 0.32540686
v 0.01371746 0.93016354 0.33054059
v 0.01371477 0.93018369 0.33053170
v 0.01316969 0.92629037 0.33549762
v 0.01318002 0.92640639 0.33558779
v 0.01207915 0.92249479 0.34054420
v 0.01206103 0.92262737 0.34054047
v 0.01002262 0.90527550 0.41231730
v 0.00997274 0.90522355 0.41234043
v -0.00867539 0.90247441 0.41150981
v -0.00870865 0.90233694 0.41163944
v -0.01070073 0.91918726 0.33967583
v -0.01057541 0.91929796 0.33951698
v -0.01249081 0.92264718 0.33471122
v -0.01251072 0.92255226 0.33454020
v -0.01380355 0.92620055 0.32956195
v -0.01370853 0.92616282 0.32975569
v -0.01450156 0.92980079 0.32470437
v -0.01454705 0.92994207 0.32470798
v -0.01453920 0.93355707 0.31944823
v -0.01452294 0.93360279 0.31952532
v -0.01414897 0.93722780 0.31426677
v -0.01414929 0.93731067 0.31418718
v -0.01299996 0.94063336 0.30874505
v -0.01290020 0.94065531 0.30885200
v -0.01124840 0.94370612 0.30330516
v -0.01140299 0.94358767 0.30321146
v -0.00922224 0.94652369 0.29164324
v -0.00913812 0.94627678 0.29756979
v -0.00922167 0.94654614 0.29162033
v -0.00924236 0.94614085 0.29745654
v 0.01298964 0.94357949 0.04935575
v 0.01304334 0.94352873 0.04951998
v -0.01264451 0.93970759 0.04934825
v -0.01261709 0.93971021 0.04929023
v 0.00995579 0.94580071 0.27406460
v 0.01002046 0.94583328 0.27419416
v -0.01269674 0.94238762 0.27401162
v -0.01288626 0.94243386 0.27394690
v 0.00770590 0.94774000 0.27989851
v 0.00762734 0.94763417 0.27997656
v -0.01117152 0.94494567 0.27972111
v -0.01112634 0.94487348 0.27983815
v 0.00487784 0.94892138 0.28590449
v 0.00487260 0.94877846 0.28594307
v -0.00904177 0.94672088 0.28577964
v -0.00906164 0.94680249 0.28578938
v 0.00211698 0.94950099 0.29195774
v 0.00211557 0.94900847 0.29792067
v 0.00213681 0.94939301 0.29188362
v 0.00210372 0.94902956 0.29787495
v 0.00480146 0.94788868 0.30364234
v 0.00489800 0.94785735 0.30371024
v 0.00755003 0.94585836 0.30944308
v 0.00743910 0.94585085 0.30941173
v 0.00976399 0.94338973 0.31510049
v 0.00964033 0.94330244 0.31512698
v 0.01158893 0.94025720 0.32066335
v 0.01153681 0.94041313 0.32057575
v 0.01288743 0.93685314 0.32603749
v 0.01284196 0.93683098 0.32596108
v 0.01362186 0.93320929 0.33108244
v 0.01348682 0.93319214 0.33115032
v 0.01372408 0.92914840 0.33610106
v 0.01357321 0.92917589 0.33617168
v 0.01306264 0.92522190 0.34104174
v 0.01307577 0.92523532 0.34106648
v 0.01176715 0.90757229 0.41293153
v 0.01172758 0.90750835 0.41294137
v -0.01114265 0.90426235 0.41195701
v -0.01102627 0.90420020 0.41192265
v -0.01258565 0.92148919 0.34009854
v -0.01243091 0.92153644 0.34000560
v -0.01391511 0.92510062 0.33525319
v -0.01380446 0.92516111 0.33512762
v -0.01461146 0.92892211 0.33012196
v -0.01455202 0.92897770 0.33015022
v -0.01455505 0.93290366 0.32511193
v -0.01466740 0.93273426 0.32508738
v -0.01413977 0.93652873 0.31985614
v -0.01415593 0.93649611 0.31998048
v -0.01291786 0.94005864 0.31460577
v -0.01303252 0.93994395 0.31465312
v -0.01139481 0.94303993 0.30904928
v -0.01126666 0.94318334 0.30914378
v -0.00923272 0.94573902 0.30339759
v -0.00927704 0.94570233 0.30344842
v -0.00667226 0.94821948 0.29166584
v -0.00670052 0.94778629 0.29769850
v -0.00657548 0.94822161 0.29175942
v -0.00673461 0.94784030 0.29760442
v 0.01119904 0.94582742 0.04941288
v 0.01114099 0.94572889 0.04952449
v -0.01164302 0.94246573 0.04935021
v -0.01160530 0.94243483 0.04940153
v 0.00758884 0.94780000 0.27405194
v 0.00761218 0.94772155 0.27411979
v -0.01118116 0.94493778 0.27389755
v -0.01108152 0.94484285 0.27395407
v 0.00491020 0.94900405 0.27995437
v 0.00490174 0.94900796 0.28004750
v -0.00910842 0.94701403 0.27979598
v -0.00905610 0.94692863 0.27993126
v 0.00206584 0.94970233 0.28592905
v 0.00199444 0.94972692 0.28602127
v -0.00668524 0.94838478 0.28581742
v -0.00666103 0.94831582 0.28583177
v -0.00096481 0.94966775 0.29190512
v -0.00085675 0.94921694 0.29778568
v -0.00099155 0.94950365 0.29189902
v -0.00090752 0.94930721 0.29780620
v 0.00199233 0.94851918 0.30375471
v 0.00203823 0.94865013 0.30370027
v 0.00479671 0.94722075 0.30957964
v 0.00472440 0.94729758 0.30952167
v 0.00737001 0.94519593 0.31532217
v 0.00750785 0.94532324 0.31542009
v 0.00970528 0.94266094 0.32092552
v 0.00977728 0.94258219 0.32099984
v 0.01149625 0.93950641 0.32645468
v 0.01151666 0.93954181 0.32632432
v 0.01277240 0.93595630 0.33156782
v 0.01278416 0.93586810 0.33169338
v 0.01350366 0.93203005 0.33673180
v 0.01351830 0.93208309 0.33665106
v 0.01368967 0.92817109 0.34173896
v 0.01359010 0.92812068 0.34175499
v 0.01273731 0.91036872 0.41354018
v 0.01271718 0.91030721 0.41348561
v -0.01282636 0.90653312 0.41249413
v -0.01281451 0.90648848 0.41243109
v -0.01384864 0.92416102 0.34068268
v -0.01389896 0.92417153 0.34075010
v -0.01448265 0.92788971 0.33584594
v -0.01456742 0.92798543 0.33576592
v -0.01461786 0.93192396 0.33064443
v -0.01461877 0.93198736 0.33072327
v -0.01419328 0.93577109 0.32554753
v -0.01405891 0.93580094 0.32554620
v -0.01310296 0.93933047 0.32029591
v -0.01313141 0.93924389 0.32029136
v -0.01138184 0.94251875 0.31498102
v -0.01138913 0.94243299 0.31491279
v -0.00918648 0.94526366 0.30923144
v -0.00927926 0.94527474 0.30928270
v -0.00659854 0.94739645 0.30351312
v -0.00676991 0.94737128 0.30361366
v -0.00377994 0.94915199 0.29182241
v -0.00377910 0.94883348 0.29778701
v -0.00379633 0.94915652 0.29180840
v -0.00379372 0.94879153 0.29778177
v 0.00875276 0.94768058 0.04945243
v 0.00880432 0.94765545 0.04943342
v -0.00997415 0.94497713 0.04931546
v -0.00993644 0.94493654 0.04922596
v 0.00492926 0.94903424 0.27408579
v 0.00495349 0.94910094 0.27412410
v -0.00910115 0.94700141 0.27401922
v -0.00894973 0.94696979 0.27406489
v 0.00211548 0.94976795 0.27989901
v 0.00219263 0.94972231 0.27987755
v -0.00660160 0.94858272 0.27988367
v -0.00661255 0.94844605 0.27981661
v -0.00090613 0.94994371 0.28592833
v -0.00082568 0.94980363 0.28587135
v -0.00375271 0.94934433 0.28585386
v -0.00381338 0.94933326 0.28594085
v -0.00088977 0.94887245 0.30383628
v -0.00094126 0.94879573 0.30378040
v 0.00188445 0.94812436 0.30965661
v 0.00188566 0.94800204 0.30968288
v 0.00482754 0.94655337 0.31558442
v 0.00484649 0.94667004 0.31558346
v 0.00744973 0.94442275 0.32130231
v 0.00730302 0.94448672 0.32113764
v 0.00967862 0.94189176 0.32678053
v 0.00968731 0.94173392 0.32681878
v 0.01149087 0.93851084 0.33213358
v 0.01144517 0.93859688 0.33206470
v 0.01280622 0.93490116 0.33740583
v 0.01270493 0.93484513 0.33725416
v 0.01346557 0.93105952 0.34244493
v 0.01344213 0.93105536 0.34230515
v 0.01327866 0.91323065 0.41414286
v 0.01324233 0.91323691 0.41412332
v -0.01418279 0.90916545 0.41307663
v -0.01431663 0.90923234 0.41296551
v -0.01459332 0.92683674 0.34135614
v -0.01468966 0.92682546 0.34135527
v -0.01460793 0.93095226 0.33631878
v -0.01465573 0.93086488 0.33628077
v -0.01426620 0.93482719 0.33125125
v -0.01417365 0.93478066 0.33123076
v -0.01297718 0.93834237 0.32615791
v -0.01305862 0.93847716 0.32611308
v -0.01140317 0.94181332 0.32064942
v -0.01134520 0.94178955 0.32062403
v -0.00925994 0.94459577 0.31523415
v -0.00934014 0.94458568 0.31526554
v -0.00681551 0.94669430 0.30945332
v -0.00666518 0.94677033 0.30958374
v -0.00393796 0.94837929 0.30367374
v -0.00385389 0.94838085 0.30374470
v 0.00617689 0.94909300 0.04946555
v 0.00619043 0.94900528 0.04943031
v -0.00783764 0.94689043 0.04941324
v -0.00791680 0.94700418 0.04924851
v 0.00213791 0.94994392 0.27400619
v 0.00216864 0.94986970 0.27411278
v -0.00648507 0.94849697 0.27407480
v -0.00659537 0.94860677 0.27404612
v -0.00081669 0.94990701 0.28001602
v -0.00078246 0.94992275 0.28001044
v -0.00381471 0.94954767 0.27993146
v -0.00372768 0.94956924 0.27993502
v -0.00090392 0.94814797 0.30971463
v -0.00105963 0.94833139 0.30978693
v 0.00183294 0.94747685 0.31568848
v 0.00195379 0.94736853 0.31568024
v 0.00478730 0.94580946 0.32140885
v 0.00485783 0.94581206 0.32134992
v 0.00741657 0.94364682 0.32709986
v 0.00736607 0.94367290 0.32708493
v 0.00968724 0.94088385 0.33256096
v 0.00963448 0.94091934 0.33257426
v 0.01143695 0.93759881 0.33787536
v 0.01143383 0.93748116 0.33777050
v 0.01277144 0.93389331 0.34297334
v 0.01282146 0.93372068 0.34304303
v 0.01305324 0.91602952 0.41471024
v 0.01304562 0.91611659 0.41483857
v -0.01502188 0.91196767 0.41376434
v -0.01498152 0.91191660 0.41378993
v -0.01470084 0.92974003 0.34203247
v -0.01479189 0.92969694 0.34190031
v -0.01425914 0.93378374 0.33703415
v -0.01424065 0.93369752 0.33699708
v -0.01316666 0.93743343 0.33176967
v -0.01313421 0.93744637 0.33186290
v -0.01138266 0.94087352 0.32658095
v -0.01149419 0.94082318 0.32658000
v -0.00920298 0.94384272 0.32110653
v -0.00921714 0.94374790 0.32106067
v -0.00684247 0.94614944 0.31531213
v -0.00676733 0.94615787 0.31540320
v -0.00384154 0.94772584 0.30967210
v -0.00392298 0.94785560 0.30953751
v 0.00341067 0.94979289 0.04948646
v 0.00341469 0.94995405 0.04947902
v -0.00543535 0.94848643 0.04935192
v -0.00526212 0.94858858 0.04926801
v -0.00073360 0.95008679 0.27413141
v -0.00073618 0.94998367 0.27415348
v -0.00381589 0.94969388 0.27414369
v -0.00373716 0.94965579 0.27402139
v -0.00096826 0.94750315 0.31564515
v -0.00098047 0.94766205 0.31553033
v 0.00191562 0.94665515 0.32151137
v 0.00198124 0.94660836 0.32156492
v 0.00480344 0.94508049 0.32737071
v 0.00469505 0.94496123 0.32724256
v 0.00737541 0.94261439 0.33282274
v 0.00723969 0.94267121 0.33294144
v 0.00962618 0.93975048 0.33843194
v 0.00957332 0.93980419 0.33838718
v 0.01141802 0.93650134 0.34364797
v 0.01135885 0.93636452 0.34358904
v 0.01233258 0.91891969 0.41543635
v 0.01243294 0.91895845 0.41543205
v -0.01507402 0.91483443 0.41431720
v -0.01503739 0.91486483 0.41441281
v -0.01425049 0.93275111 0.34258530
v -0.01414656 0.93260232 0.34256566
v -0.01305689 0.93644871 0.33750183
v -0.01307575 0.93639742 0.33749103
v -0.01140050 0.93986728 0.33219946
v -0.01149049 0.94004622 0.33221065
v -0.00921925 0.94299861 0.32688805
v -0.00930417 0.94292278 0.32686332
v -0.00671767 0.94533845 0.32126044
v -0.00670611 0.94530366 0.32133166
v -0.00395474 0.94715703 0.31558870
v -0.00397330 0.94712850 0.31544188
v 0.00043153 0.95012617 0.04939709
v 0.00044714 0.95000182 0.04928528
v -0.00255166 0.94970539 0.04936337
v -0.00261416 0.94956741 0.04940864
v -0.00109697 0.94690173 0.32143248
v -0.00110513 0.94691437 0.32143556
v 0.00179376 0.94571889 0.32731841
v 0.00187880 0.94582566 0.32737333
v 0.00466560 0.94409896 0.33315014
v 0.00462600 0.94413917 0.33306699
v 0.00736298 0.94174504 0.33869530
v 0.00724106 0.94163711 0.33876715
v 0.00948798 0.93878070 0.34394911
v 0.00960768 0.93870120 0.34412277
v 0.01109241 0.92136753 0.41589783
v 0.01109506 0.92154603 0.41606189
v -0.01454590 0.91761833 0.41495966
v -0.01457536 0.91767900 0.41496607
v -0.01325211 0.93545879 0.34309730
v -0.01308390 0.93530284 0.34328696
v -0.01142885 0.93896561 0.33809804
v -0.01145470 0.93895690 0.33797118
v -0.00931416 0.94199312 0.33274908
v -0.00936492 0.94192332 0.33262725
v -0.00676261 0.94448202 0.32721481
v -0.00673225 0.94450750 0.32705556
v -0.00402938 0.94632175 0.32135386
v -0.00400108 0.94630485 0.32135760
v -0.00102723 0.94605936 0.32738141
v -0.00105305 0.94587824 0.32736951
v 0.00191799 0.94484215 0.33334606
v 0.00184813 0.94480043 0.33330860
v 0.00471694 0.94304457 0.33897475
v 0.00462226 0.94303580 0.33898790
v 0.00735353 0.94044703 0.34452139
v 0.00737291 0.94050772 0.34441403
v 0.00912878 0.92364268 0.41643487
v 0.00911260 0.92369913 0.41646622
v -0.01362066 0.92044500 0.41568509
v -0.01358092 0.92045735 0.41562023
v -0.01155083 0.93772212 0.34365497
v -0.01159290 0.93781266 0.34374569
v -0.00943057 0.94086802 0.33843353
v -0.00935016 0.94092912 0.33851666
v -0.00687771 0.94352865 0.33288807
v -0.00685003 0.94358881 0.33291949
v -0.00409533 0.94556818 0.32732276
v -0.00406985 0.94558044 0.32735326
v -0.00109803 0.94510789 0.33323731
v -0.00122072 0.94494286 0.33336326
v 0.00187606 0.94386725 0.33913557
v 0.00181614 0.94378161 0.33910395
v 0.00465320 0.94193663 0.34467448
v 0.00462375 0.94196997 0.34470341
v 0.00698125 0.92561392 0.41693820
v 0.00685541 0.92550322 0.41696007
v -0.01192982 0.92281570 0.41610789
v -0.01181581 0.92275473 0.41621809
v -0.00936994 0.93987678 0.34419960
v -0.00942701 0.93975840 0.34413625
v -0.00678521 0.94248786 0.33888301
v -0.00684888 0.94252826 0.33875872
v -0.00410305 0.94458186 0.33310112
v -0.00415929 0.94462379 0.33328438
v -0.00122251 0.94395573 0.33921643
v -0.00109100 0.94404475 0.33910200
v 0.00180581 0.94271145 0.34488635
v 0.00177791 0.94258999 0.34489892
v 0.00419262 0.92693893 0.41712521
v 0.00426532 0.92683652 0.41727477
v -0.00969621 0.92480970 0.41667530
v -0.00968895 0.92496678 0.41672258
v -0.00691005 0.94145564 0.34456111
v -0.00692713 0.94132522 0.34448399
v -0.00414273 0.94363335 0.33895421
v -0.00408964 0.94359473 0.33901938
v -0.00116747 0.94277763 0.34485391
v -0.00117297 0.94284307 0.34496037
v 0.00146178 0.92767569 0.41740190
v 0.00131994 0.92768733 0.41737984
v -0.00732003 0.92648263 0.41694561
v -0.00725672 0.92648296 0.41695163
v -0.00417167 0.94238255 0.34488663
v -0.00403346 0.94232545 0.34483600
v -0.00159332 0.92791786 0.41746813
v -0.00153708 0.92785940 0.41734649
v -0.00440832 0.92748595 0.41730536
v -0.00455599 0.92745793 0.41718325
vn 0.04401053855068364 -0.9967557953318511 -0.06738662307051456
vn 0.25081755802147837 -0.9668514489469053 -0.04784169998455582
vn 0.250927350750576 -0.9658740928523699 -0.0642082658378872
vn 0.04391762916609452 -0.9977581670797084 -0.050496355058262124
vn 0.25071459600575574 -0.9675496017426584 -0.031463622126095644
vn 0.043825934808490535 -0.9984741845038941 -0.033594498321090856
vn 0.4467269944576102 -0.8936318878691956 -0.043093403279477686
vn 0.44684288525307386 -0.8927160316532623 -0.058219607761988514
vn 0.04410463597772124 -0.9954671228075033 -0.08426142945988904
vn 0.25104391463144854 -0.9646176054633548 -0.08055946968954839
vn -0.1649069656787137 -0.9849927562442241 -0.05094077754653971
vn -0.1648361493082377 -0.9840006456723226 -0.06761488887578208
vn 0.25061844377002207 -0.9679685191064206 -0.015077853335785934
vn 0.04373547239397204 -0.9989038101937361 -0.016684916389139534
vn 0.44662150904986075 -0.8942861342649858 -0.027955996054739616
vn -0.16498255181693366 -0.9857014467761135 -0.034255151721304666
vn 0.6230675059852718 -0.7813178299512417 -0.036459999802193235
vn 0.6231758674610532 -0.7805019761356004 -0.04968403629523663
vn 0.44696908874704794 -0.8915386807629432 -0.07333085577098344
vn 0.0441998974907262 -0.9938922191268997 -0.10111689186686713
vn 0.25116718160939633 -0.9630820764969596 -0.09689148988789863
vn -0.16477008120229578 -0.9827251800226863 -0.0842736073155027
vn -0.3665048960770143 -0.9291167247494633 -0.04915559929862588
vn -0.3664551345130021 -0.9281706742359822 -0.06488323263663567
vn 0.2504722601081802 -0.9681197671785164 -0.002786272512716471
vn 0.0436542838584928 -0.999038689472475 -0.004000054739862049
vn 0.44652646712791205 -0.8946787078089752 -0.012811086898773801
vn -0.1650628758184168 -0.9861266798308833 -0.017561843646734337
vn 0.6229702404844071 -0.781900669016366 -0.023225487348146726
vn -0.36656403894976985 -0.9297925197854997 -0.033416694925781545
vn 0.7721266624053755 -0.6348411906238758 -0.028232603315934825
vn 0.7722149303714988 -0.6341647491276454 -0.03897656058725308
vn 0.6232952506900313 -0.7794532445959168 -0.06289411702336647
vn 0.44710557576994653 -0.8900999379190189 -0.08842343938110253
vn 0.04429628899307598 -0.9920311690636655 -0.11794913474722474
vn 0.2512971025439068 -0.9612676226935011 -0.11320037020355574
vn -0.1647087831774783 -0.9811664311738324 -0.10091308677173406
vn -0.3664146469844466 -0.9269544901559998 -0.08059577938635158
vn -0.5520457399111872 -0.8325867512943441 -0.045219493750372756
vn -0.5520113206621944 -0.8317244542001752 -0.05931217536223668
vn 0.2503765904161772 -0.9681476355807869 0.001310988520733831
vn 0.04361879533497476 -0.9990482213242327 0.0002283909205612834
vn 0.44633345841091693 -0.8948655426773552 -0.001450665954998126
vn -0.16507334232211135 -0.9862684223858794 -0.005038914473911137
vn 0.6228841222909475 -0.7822504014147957 -0.009983971365497784
vn -0.36663248876959753 -0.9301980324973974 -0.017670272113973703
vn 0.772047460288982 -0.635324471924535 -0.017479543333383526
vn -0.5520913979883341 -0.8332027831642908 -0.03111607935725151
vn 0.887455942554958 -0.46012623404569014 -0.026566873486013082
vn 0.8873957886031465 -0.46062601996539093 -0.018771896554233065
vn 0.7723121734276619 -0.6332953361848277 -0.049708389050410744
vn 0.6234256065265397 -0.7781717776693927 -0.0760867765506842
vn 0.44725226478289243 -0.8883999637598876 -0.10349355553851715
vn 0.04439379254418521 -0.9898840775962355 -0.1347542359445287
vn 0.2514335909808665 -0.9591743656023514 -0.12948237601231077
vn -0.16465224062099298 -0.9793245005741917 -0.11752941007933491
vn -0.36638351799112384 -0.9254682362791753 -0.0962894666241349
vn -0.5519881581995864 -0.8306159783924528 -0.0733905283165119
vn -0.7134100371340326 -0.6996436187850992 -0.03930554171753437
vn -0.7133839661808171 -0.6989043578050956 -0.0511469983202679
vn 0.44619168996450603 -0.8949343649443138 0.0023362894375158335
vn -0.16504534654535022 -0.9862856010112223 -0.0008641884385529484
vn 0.6226716107099948 -0.7824832666237934 -0.00005166796043413959
vn -0.36657986984550556 -0.9303681474574669 -0.005857407328642189
vn 0.7719773865671108 -0.6356144671401711 -0.006720401113752854
vn -0.5521483949485331 -0.8335724095379291 -0.01700552889180273
vn 0.8873410894529116 -0.46098313575866284 -0.01096993685626205
vn -0.7134464044913067 -0.7001717517895099 -0.027454433420409735
vn 0.9638826497706793 -0.26600992314181243 -0.012998394560145581
vn 0.963852043089654 -0.26630269075252294 -0.008492109859491953
vn 0.8875215820391175 -0.45948378127762907 -0.03435252767401319
vn 0.772418418227972 -0.632233022805114 -0.060425094595757775
vn 0.6235668152072591 -0.7766578040933971 -0.08925851395300295
vn 0.4474090096438605 -0.8864389509774762 -0.11853760702600516
vn 0.04449237133182682 -0.9874510758055364 -0.15152822108029776
vn 0.2515766062937636 -0.956802460296903 -0.14573353469776956
vn -0.1646004465936392 -0.9771994890746113 -0.13411879634672075
vn -0.3663616142600471 -0.9237120830530593 -0.11196050740573867
vn -0.5519762057707308 -0.8292614812019923 -0.08745092370939002
vn -0.7133681900810056 -0.6979540840361119 -0.0629755663560266
vn -0.8435242070121945 -0.5355433099386848 -0.04074647671107344
vn -0.8435467343008175 -0.5361209770800847 -0.03167341132750948
vn 0.6225060802086677 -0.7826081751883216 0.0032594833402137774
vn -0.3664961856871717 -0.9304175747059225 -0.0019189984635970192
vn 0.7717766148505809 -0.6358923144157426 0.0013495320553210313
vn -0.5520512098363365 -0.8337854931770027 -0.006419741881078582
vn 0.8872918679759731 -0.461197500626984 -0.0031632956123638697
vn -0.7134930931084779 -0.700488645552755 -0.01559690796805304
vn 0.9638233771365621 -0.26651199663554687 -0.003981624593878988
vn -0.8435764472366604 -0.536533650971652 -0.02259245543546419
vn 0.9981794020358149 -0.060304159057953645 0.0011356723716798498
vn 0.9981736786649869 -0.0603709664657547 0.0021572270160331143
vn 0.9639152563740171 -0.2656335085017291 -0.017499076846350076
vn 0.8875925856217792 -0.4586989806575153 -0.04212656042215021
vn 0.7725335173268608 -0.6309781237092288 -0.07112363887604375
vn 0.6237187817765182 -0.774911558545874 -0.10240584793467826
vn 0.4475757456181373 -0.8842171214812679 -0.13355161554151665
vn 0.04459199122032223 -0.98473228741107 -0.16826727682222878
vn 0.25172604682048855 -0.9541520802237907 -0.16195000820235206
vn -0.16455338102011288 -0.9747915602327074 -0.15067713460885013
vn -0.36634896601437067 -0.9216861697499861 -0.12760501397594645
vn -0.5519754413118083 -0.8276611262881565 -0.10148976411468702
vn -0.7133625808642247 -0.6967930704317598 -0.07478800185198875
vn -0.8435087528462581 -0.5348009394220427 -0.04980902593958986
vn -0.9367607140730008 -0.3488026767975649 -0.028566715392136476
vn -0.9367799085801802 -0.3491848102651799 -0.022657695394270125
vn 0.7716140394081336 -0.6360781797782102 0.004040222556031963
vn -0.5519294603202042 -0.8338857949867036 -0.0028899394529366762
vn 0.8871320351026968 -0.46150786263152327 0.0026916581935099797
vn -0.7133767294274913 -0.7007486952219946 -0.006701347327809031
vn 0.9637967254566294 -0.2666375617300794 0.0005316706845825895
vn -0.8436133377037185 -0.5367812567729627 -0.013506251353732701
vn 0.9981680575131301 -0.06041869031681279 0.003179751698770415
vn -0.9368024633597329 -0.3494578764764989 -0.016743273624716337
vn 0.988869061849106 0.14800805373192294 0.015218230782761799
vn 0.98887995907744 0.14817172027953202 0.012710934049265935
vn 0.9981852243286063 -0.06021830795310399 0.00011540933796909216
vn 0.9639497725139713 -0.26517381922354594 -0.021992764006855785
vn 0.8876689667451465 -0.4577719158411795 -0.04988665698060002
vn 0.7726574411148363 -0.6295308365806334 -0.08180100539700805
vn 0.6238814336709072 -0.7729332785889976 -0.11552533735244552
vn 0.44775241368843094 -0.8817346676217697 -0.14853198965243675
vn 0.04469262591007755 -0.9817278972208177 -0.1849673079429268
vn 0.25188185411157404 -0.9512234210670761 -0.1781278607707501
vn -0.1645110219637123 -0.972100832530894 -0.16720076269322992
vn -0.3663454847863328 -0.9193906963796203 -0.14321917883881166
vn -0.5519858203364153 -0.8258151131885993 -0.11550347603789007
vn -0.7133671839990238 -0.6954214411615623 -0.08658106008867326
vn -0.8435004121820049 -0.5338939440121897 -0.058858399535639
vn -0.936744882067045 -0.3483115651226728 -0.03446852945793229
vn -0.9890423169119112 -0.14685383992340192 -0.015140840705532376
vn -0.9890531345558109 -0.1470163125096444 -0.012653097699441887
vn 0.8869986825789427 -0.4617485969640242 0.0046443842406952264
vn -0.7132406487387646 -0.7009092879480657 -0.0037345755905695676
vn 0.9637000100403695 -0.2669587145450339 0.003916040941400525
vn -0.8435045756340934 -0.5370803249971907 -0.00668994658124826
vn 0.9981625390970725 -0.06044734057057806 0.00420292293879497
vn -0.9368284162036872 -0.34962169898369844 -0.010825257181399735
vn 0.9888915011483437 0.14828868089943853 0.010201278041497137
vn -0.9890646112350265 -0.14713228055011562 -0.01016301247798723
vn 0.9363724784499574 0.3498379952921202 0.028634920140879736
vn 0.9363916824742884 0.350221283298071 0.0227083622928586
vn 0.9888588186106773 0.14779768136409488 0.01772236551064962
vn 0.9981911436798708 -0.06011343308595544 -0.0009032395538016901
vn 0.9639862401760678 -0.2646307631601599 -0.026478065270709894
vn 0.887750629944387 -0.4567029091381651 -0.05763047646932164
vn 0.7727900313673667 -0.6278915409088779 -0.09245420636347096
vn 0.6240545846130386 -0.7707233376665865 -0.12861342153727573
vn 0.4479387906796021 -0.8789919259122282 -0.16347487264288607
vn 0.04475455071135028 -0.9792878996739942 -0.197464527808724
vn 0.2519241015735277 -0.9488644726107819 -0.1902379028044459
vn -0.16447334089673588 -0.9691275233518221 -0.1836855019217079
vn -0.3663511286646506 -0.9168258413675754 -0.15879932974283642
vn -0.5520071960426489 -0.8237237577802332 -0.1294883252866618
vn -0.7133819168147181 -0.6938394772275197 -0.09835151550637625
vn -0.8434991943820641 -0.5328224741891135 -0.06789197357420458
vn -0.9367324220778163 -0.34771156466632425 -0.04036133329715887
vn -0.9890321236433878 -0.14664515640959616 -0.017625450435525384
vn -0.9981077762961588 0.06147969345108083 -0.0010555521295852637
vn -0.998101934111594 0.061547799523885616 -0.0020970208541304706
vn 0.963617244709187 -0.26723837295863806 0.005045564140385787
vn -0.8433798882641271 -0.5372996027120601 -0.004415993325475579
vn 0.9981404795672035 -0.06075269770687637 0.004969182094652309
vn -0.9367498161941248 -0.3499414234060418 -0.006386082118697167
vn 0.9889036952201108 0.14835883773452435 0.007690048509043236
vn -0.9890767104264395 -0.147201939666361 -0.00767136561991057
vn 0.9364142893148265 0.35049512401312016 0.01677637654668147
vn -0.9980961975193131 0.06159646237753319 -0.0031394776733364724
vn 0.8429879944114909 0.5363828395496563 0.04080062149943026
vn 0.8430105929740674 0.5369612697738071 0.03171332364184131
vn 0.936356646450196 0.3493454366275792 0.0345542552521205
vn 0.9888492245951299 0.14754070105513414 0.020222575250693053
vn 0.9981971578550191 -0.05998956435672256 -0.0019199527215547163
vn 0.9640246033840959 -0.2640046202121112 -0.03095358746245242
vn 0.887837570733279 -0.45549212454286425 -0.06535573788014215
vn 0.7729312057847909 -0.6260605658945253 -0.10308015791555557
vn 0.6242381727057966 -0.7682820400509617 -0.14166654746996574
vn 0.4479562762028982 -0.8768272714401599 -0.1746685737882944
vn 0.04476670624594938 -0.9784392622043803 -0.20162478069135456
vn 0.2518910701964951 -0.9480555425672619 -0.19427191501284746
vn -0.16439514482440776 -0.9667209319285436 -0.19602264187937588
vn -0.3663657995524619 -0.913991898060013 -0.1743413639930015
vn -0.5520395235266226 -0.8213873012763493 -0.1434408092784454
vn -0.7134067197052903 -0.6920474645219649 -0.11009613584525671
vn -0.8435049452316328 -0.5315869690253792 -0.07690709806117138
vn -0.9367233179383826 -0.3470028530296662 -0.0462433305437662
vn -0.9890225791268499 -0.1463901642020058 -0.020106163288494648
vn -0.9981137213404233 0.06139217405167531 -0.000015400673870157187
vn -0.9635785756404274 0.26710557949131836 0.013074324891636171
vn -0.9635477939822301 0.2673996169860249 0.008549476457951196
vn 0.998121116251317 -0.06104853664644104 0.005226228712251366
vn -0.9366593507458658 -0.35020737772773647 -0.004904410810235479
vn 0.9889559830396045 0.14809579535343306 0.005805084736984542
vn -0.989042452864964 -0.14751728913510295 -0.005803088581591869
vn 0.9364403035789267 0.3506594287486476 0.010840796219802929
vn -0.9980905682638408 0.06162567204578854 -0.004182593414204981
vn 0.8430403197197092 0.5373745800474812 0.022618135327299962
vn -0.9635190082243086 0.2676097104489175 0.004020405936157323
vn 0.7127924418511868 0.699504873081298 0.05118464003331115
vn 0.7128185667883297 0.7002446754668266 0.03933300550670232
vn 0.8429725935775039 0.5356392946612637 0.04987737454999651
vn 0.9363441962477946 0.3487436967260207 0.04046455420415259
vn 0.9888402769435326 0.1472372107743665 0.02271806456594792
vn 0.9982032642487227 -0.05984674163147064 -0.002934409530187915
vn 0.9640648359405574 -0.2632955775154384 -0.035417946915623735
vn 0.8879296360616682 -0.454140045020181 -0.07306011848102449
vn 0.7730809016527763 -0.6240382437932059 -0.11367581001788238
vn 0.6242274642189723 -0.7664208590525184 -0.1514567255817686
vn 0.44788450290514387 -0.8761117553929585 -0.17840309447899494
vn -0.16433751371323857 -0.9658887206049925 -0.20013036000217943
vn -0.3662724191643341 -0.9117326729745345 -0.18597862240111562
vn -0.5520827154163193 -0.8188060908631056 -0.1573571126578753
vn -0.7134414618986925 -0.6900458026337818 -0.12181161977149858
vn -0.8435177052190025 -0.5301875827349188 -0.08590115305263138
vn -0.9367175287845391 -0.3461856964446257 -0.052112712891729286
vn -0.9890136661243726 -0.14608905917066142 -0.022582183460835636
vn -0.9981197679774289 0.06128525129512086 0.001023106239413519
vn -0.96361133549206 0.2667276913815528 0.017593543175716334
vn -0.88697193398275 0.46105477348600066 0.02663238954117554
vn -0.8869116008204135 0.4615555834007244 0.018821683287849472
vn 0.9890023096003188 0.14780938714801886 0.005178482032650335
vn -0.9890023096003188 -0.14780938714801886 -0.0051784820326503545
vn 0.9365557671687138 0.3504604084120283 0.006387262222296476
vn -0.9981044520467703 0.06134196516035579 -0.004966499238131602
vn 0.8430772574594672 0.5376225534747939 0.01351769025631824
vn -0.9634922405687997 0.26773576666571014 -0.0005114798514452832
vn 0.7128549523594135 0.7007732315052473 0.027471710946920004
vn -0.8868567852087373 0.46191336306630043 0.011003978826026493
vn 0.5515011443736489 0.8329467491106972 0.04523495219934582
vn 0.5514666892549804 0.8320841300950034 0.059333726380470166
vn 0.7127766263482032 0.6985538888003381 0.06302337164575271
vn 0.8429642940554317 0.5347309264783997 0.058940946846653144
vn 0.9363351115738644 0.34803295302264164 0.04636402101089025
vn 0.9888319743058577 0.1468873085489414 0.025208037956728296
vn 0.9982094598908418 -0.05968501474325453 -0.003946289337020135
vn 0.9641069163571879 -0.26250382256793187 -0.03986975005511917
vn 0.8880268064146947 -0.45264691735289997 -0.08074131098660069
vn 0.7730448746393401 -0.6225797982205814 -0.12163887800151343
vn 0.6241292747474187 -0.7658464166939396 -0.15473174994264602
vn -0.36617496784650444 -0.9109720286585609 -0.18985746212439866
vn -0.551974723274311 -0.8168056090188532 -0.16778707322552547
vn -0.7134860838381973 -0.6878348438639732 -0.13349470302546304
vn -0.843537396634698 -0.5286246871914116 -0.09487149503691097
vn -0.9367150852067073 -0.3452601854001272 -0.05796769379283978
vn -0.989005397183035 -0.14574184144964225 -0.02505274423480244
vn -0.998125912731389 0.061158975003540166 0.002059638475068582
vn -0.963646034120926 0.26626613900324964 0.022105749100930494
vn -0.8870377333744677 0.46041109383958867 0.03443376597643689
vn -0.7716346813352489 0.6348675379968863 0.039027269420506445
vn -0.7715462936680738 0.6355446834666943 0.02827139975801967
vn 0.9366593507458658 0.35020737772773647 0.004904410810235469
vn -0.998121116251317 0.06104853664644104 -0.005226228712251386
vn 0.8432365592627371 0.5375010183107847 0.006690324178246697
vn -0.9635477183743698 0.2675079129342557 -0.003912918745004286
vn 0.7129016231791395 0.7010904298381587 0.015604001342413677
vn -0.8868074689870712 0.46212811041647833 0.0031815894832275256
vn 0.5515468769982493 0.8335629850029752 0.031125431826850097
vn -0.7714670231157299 0.6360284247373442 0.01750643227748885
vn 0.3661014217987351 0.9292754648013741 0.04916156501918129
vn 0.3660515959272989 0.9283292917312355 0.06489187339613756
vn 0.5514434834969071 0.8309752447586213 0.07341816605681385
vn 0.712771041581455 0.6973919433608643 0.07484597262541964
vn 0.8429630610613323 0.5336579573608149 0.06798869193910997
vn 0.936329384772474 0.3472133838428589 0.05225083053877757
vn 0.9888243305462486 0.14649099451470995 0.02769172883469574
vn 0.9982157420586063 -0.059504433529751335 -0.004955269587979591
vn 0.9641508272492649 -0.2616295430362206 -0.044307612497364916
vn 0.8879769796120658 -0.45167320397884475 -0.08653438903995105
vn 0.7729373997498374 -0.6221846841886882 -0.12431409746678972
vn -0.5518492061475352 -0.8161671158091188 -0.17127081697171764
vn -0.7133678755996655 -0.6861974538414921 -0.14226499359952713
vn -0.843563959169935 -0.5268986577873042 -0.10381546711103133
vn -0.9367158960584852 -0.34422676333998975 -0.06380646888697197
vn -0.9889977721233789 -0.14534860910690522 -0.027517059539152112
vn -0.9981321541970433 0.06101336511232255 0.003093870656665011
vn -0.9636827141413972 0.26572083039130207 0.026609523882008122
vn -0.8871089595039297 0.459624705747993 0.04222349859884065
vn -0.7717320952194489 0.6339971765897211 0.049771008473421516
vn -0.6224913363975704 0.7817757262559333 0.03648629807166984
vn -0.6225997449125161 0.7809594545873715 0.04971808449111059
vn 0.8433798882641271 0.5372996027120601 0.004415993325475558
vn -0.963617244709187 0.26723837295863806 -0.005045564140385787
vn 0.7130810301921929 0.7010495988131378 0.0067010733453489665
vn -0.8868897711413918 0.4619732743864628 -0.002688419130193489
vn 0.5516038944849558 0.8339327580040721 0.017008783517681834
vn -0.7713968835051535 0.6363186960754034 0.006735365130049783
vn 0.36616057136660757 0.9299513658163572 0.033419952016289736
vn -0.6223940537278293 0.7823588418108733 0.023244021265456574
vn 0.16471433401817479 0.98502495462142 0.05094140694973524
vn 0.16464349089128874 0.9840328192862913 0.06761605929513693
vn 0.36601112169600075 0.9271129113684807 0.08060712356048175
vn 0.5514315256869479 0.8296202184134225 0.08748465967374035
vn 0.7127756834787826 0.6960192120076283 0.08664918671075023
vn 0.8429689202085227 0.532420539709734 0.07701797489984313
vn 0.9363269485280188 0.34628534332459027 0.05812320069283411
vn 0.9888173322732241 0.14604846458207535 0.03016835078824323
vn 0.9982221076157414 -0.05930505778995131 -0.005961039147469948
vn 0.9641074425095252 -0.2611958105532596 -0.04768215438891505
vn 0.8878806620902971 -0.4514825984582366 -0.08849515905118414
vn -0.713231114129903 -0.6857237496333513 -0.14520439740515584
vn -0.8434473604398869 -0.525714503069689 -0.11054777894276015
vn -0.9367199410188709 -0.34308569793100435 -0.06962726457932066
vn -0.9889907773098082 -0.14490955809401715 -0.029974361863730578
vn -0.9981384881615943 0.060848491373791294 0.00412547549019143
vn -0.9637212679928052 0.26509223108235885 0.031103482732920358
vn -0.8871855446024244 0.45869585063621787 0.04999926057069401
vn -0.771838416291133 0.6329338506295946 0.06049958565469237
vn -0.622719204576323 0.7799101627035985 0.06293592267916745
vn -0.44625464008645044 0.8938671658073629 0.04310784259070309
vn -0.4463705083278381 0.8929511197382392 0.05823802068556216
vn 0.7132406487387646 0.7009092879480657 0.003734575590569552
vn -0.8869986825789427 0.4617485969640242 -0.0046443842406952264
vn 0.5517789240262778 0.833965715383837 0.0064190781836644
vn -0.7714863082379233 0.6362444994525933 -0.0013465206047799851
vn 0.3662290714530226 0.9303569252951713 0.01767084542323985
vn -0.6223078504220411 0.7827087863727706 0.009994750520306229
vn 0.16478994019752716 0.9857336632493074 0.034255229481001064
vn -0.44614914226436986 0.8945215598238334 0.027966441802685368
vn -0.04386606142080646 0.9977604162476584 0.05049673677303696
vn -0.04395896563211787 0.9967580428170851 0.06738704192949914
vn 0.16457740526263515 0.9827573177458636 0.08427533502736145
vn 0.36597991423359705 0.9256264581902138 0.09630349046534721
vn 0.5514307047874084 0.828019280168423 0.10152954982185441
vn 0.7127904203947116 0.6944360274867698 0.09842977355416656
vn 0.8429817333603713 0.5310191144906447 0.08602614292362172
vn 0.9363278417533237 0.3452489227388153 0.0639793256079682
vn 0.98881096767495 0.1455599147572205 0.03263711723788789
vn 0.998209316397788 -0.05943319603354036 -0.006771695939680969
vn 0.9640428342419417 -0.2612196457797466 -0.048843734556932056
vn -0.8433200684418373 -0.5254365542661475 -0.1128170625578096
vn -0.9366249043329724 -0.34242221452108845 -0.07403253059111162
vn -0.9889844148337553 -0.1444247865242665 -0.03242388399551294
vn -0.9981449124564202 0.06066439365171968 0.005154132345447244
vn -0.9637617463238555 0.2643802492497187 0.03558623511203945
vn -0.8872674335007712 0.4576247713629483 0.05775872301188799
vn -0.7719536915881517 0.6316776338523343 0.07121000585690834
vn -0.6228495701070943 0.7786280725393372 0.07613630980737399
vn -0.44649673357615144 0.8917734947242993 0.07335326177504015
vn -0.2505307675852746 0.9669255406752458 0.04784697778351958
vn -0.2506405473874124 0.9659481228537595 0.0642147954963406
vn 0.5519294603202042 0.8338857949867036 0.0028899394529366715
vn -0.7716140394081336 0.6360781797782102 -0.004040222556031958
vn 0.36637815427922305 0.9304476058771703 0.00585668715159369
vn -0.6223834540419194 0.7827124843792038 0.00005414595699486507
vn 0.1648702772274865 0.9861589067373088 0.017561388031919967
vn -0.44605409247483546 0.8949142177982018 0.012817541460182129
vn -0.04377437070448785 0.998476434877171 0.033594842824462956
vn -0.25042778182024866 0.9676237460686091 0.031467636338654605
vn -0.04405305636171669 0.9954693681369189 0.08426188537099524
vn 0.1645160838767173 0.981198529925408 0.10091532598216706
vn 0.36595794326037495 0.923870062756456 0.11197718922628044
vn 0.5514410153223179 0.8261725889499533 0.11554938289762806
vn 0.7128151907631872 0.6926426737842242 0.11018452827090391
vn 0.8430015558437673 0.5294538370251635 0.09501058522248518
vn 0.936332011783003 0.34410447743307226 0.0698174213281099
vn 0.9888494574820136 0.14488454451235577 0.034427012635058735
vn 0.9981933177381148 -0.05966519002899709 -0.007082762298607513
vn -0.9365289801092173 -0.34235657535346453 -0.07553439433686324
vn -0.9889361886795143 -0.14431846577674434 -0.03431319215524259
vn -0.9981514240316661 0.06046113175064973 0.006179502487086842
vn -0.9638040763594012 0.2635852581580853 0.0400563861916777
vn -0.8873545814937539 0.4564117110396594 0.0654995933414515
vn -0.7720777457392627 0.630228904304928 0.08189922290710848
vn -0.6229908662611944 0.7771132929168826 0.08931579102827455
vn -0.4466332076475845 0.8903344356129572 0.08844981960516604
vn -0.2507570617026792 0.9646915648471232 0.08056724346189136
vn 0.3664961856871717 0.9304175747059225 0.0019189984635970192
vn -0.6225060802086677 0.7826081751883216 -0.003259483340213762
vn 0.1649770293766641 0.9862845398329559 0.005038478395857696
vn -0.44609725018100016 0.8949833148781434 0.0014524016938599687
vn -0.04368391476693782 0.9989060610723797 0.016685225305588504
vn -0.2503316417991224 0.9680426873609406 0.015080602148594474
vn -0.044148309628309186 0.9938944656727037 0.1011173469891965
vn 0.1644594936355137 0.979356550531275 0.11753221636909827
vn 0.36594523685429603 0.9218438592016867 0.12762438198006543
vn 0.5514623663811393 0.824080442306763 0.12954027587126682
vn 0.7128499704982566 0.6906394530182347 0.1219100713448591
vn 0.8430281944855293 0.5277252987573084 0.10396861234996899
vn 0.936430971507968 0.34293027640639584 0.07413407532623893
vn 0.9888912716033017 0.1444655625737891 0.03498219800189097
vn -0.9888912716033017 -0.1444655625737891 -0.03498219800189097
vn -0.9981740281824538 0.060009676406026655 0.006888265359136556
vn -0.9638482410013852 0.26270744546326474 0.04451254224037653
vn -0.8874469168807627 0.4550569940401059 0.07321954584679989
vn -0.772210518612136 0.6285879211134763 0.09256424998353323
vn -0.623142900626715 0.7753661362113344 0.10247087496079349
vn -0.446779845797261 0.8886340958008575 0.10352397388802459
vn -0.25088029075518387 0.9631559419018795 0.0969005226492488
vn 0.16504534654535022 0.9862856010112223 0.0008641884385529478
vn -0.44619168996450603 0.8949343649443138 -0.002336289437515826
vn -0.04362851530832534 0.999039814569811 0.004000194533908682
vn -0.25032885932262855 0.9681568539346487 0.0027871795053581007
vn -0.04424469583110221 0.9920334048637613 0.11794969489246666
vn 0.1644076637508524 0.9772314904982067 0.1341220864684116
vn 0.3659416680664733 0.9195480511241793 0.14324132520488217
vn 0.5514946613557505 0.8217431041967241 0.14349881254295363
vn 0.7128946333924349 0.6884267530368754 0.13360332100427313
vn 0.8431795116036889 0.5261268006218676 0.11062956602627809
vn 0.9365289801092173 0.34235657535346453 0.07553439433686324
vn -0.9981933177381148 0.05966519002899709 0.007082762298607513
vn -0.963956242147628 0.26173333678356225 0.04779145991457131
vn -0.8875443800894642 0.4535609461918713 0.08091626203145397
vn -0.7723519299273585 0.6267550144449571 0.10320197772129323
vn -0.6233056068636326 0.7733868480905911 0.11559802616333852
vn -0.4469365892363489 0.886672643111266 0.11857195772972978
vn -0.251010185915529 0.961341372639926 0.11321065240265403
vn -0.04361879533497476 0.9990482213242327 -0.00022839092056128538
vn -0.2503765904161772 0.9681476355807869 -0.0013109885207338349
vn -0.044342188169594426 0.9898863142174401 0.13475479684724911
vn 0.16436055027859547 0.9748234798505315 0.15068109584223763
vn 0.36594724492092295 0.9169828383009403 0.15882407939710444
vn 0.5515378125209681 0.8191609207547762 0.15742117795192864
vn 0.713072164448482 0.6864927082987727 0.1423230471194783
vn 0.8433200684418373 0.5254365542661475 0.1128170625578096
vn -0.9640428342419417 0.2612196457797466 0.048843734556932056
vn -0.8877358820048391 0.45212901591557997 0.08662769054003229
vn -0.772501806824733 0.6247306260423469 0.11380950459983714
vn -0.6234788414895193 0.7711757537140053 0.12869378811163643
vn -0.44710332355501464 0.8844502977063406 0.1335900031934473
vn -0.2511466362918037 0.9592479839737637 0.12949390843426759
vn -0.04444075416963668 0.9874532997044456 0.15152887603238036
vn 0.1643181261992299 0.9721326952418997 0.16720519203689094
vn 0.3659618193571361 0.9141484919577426 0.17436880863330945
vn 0.5517021982615363 0.8169826538516975 0.16782141621028615
vn 0.713231114129903 0.6857237496333513 0.14520439740515584
vn -0.8878806620902971 0.4514825984582366 0.08849515905118414
vn -0.7727553606417138 0.6229252031710548 0.12171008115104955
vn -0.6236624856961592 0.7687331858199815 0.14175469288298662
vn -0.44727992042271436 0.8819673169457981 0.1485743067494534
vn -0.2512896012624748 0.956875930979044 0.1457463173131112
vn -0.04454035992757236 0.9847345120789678 0.1682679323523034
vn 0.1642804058544359 0.9691593126946185 0.18369043216672032
vn 0.3660703717000893 0.9118108124195311 0.1859933475105843
vn 0.5518492061475352 0.8161671158091188 0.17127081697171764
vn -0.7729373997498374 0.6221846841886882 0.12431409746678972
vn -0.623939695821698 0.7666458791844586 0.15150363661449004
vn -0.44746627060371214 0.8792239604006707 0.16352114275947657
vn -0.251438979239298 0.9542253871143013 0.16196404016219737
vn -0.04464097907837099 0.9817301234066739 0.18496796420688982
vn 0.1642986444816962 0.9667367811100916 0.196025384760178
vn 0.36617496784650444 0.9109720286585609 0.18985746212439866
vn -0.6241292747474187 0.7658464166939396 0.15473174994264602
vn -0.44772001559777364 0.8769430348857078 0.17469316299893814
vn -0.2515947118030434 0.9512965481470685 0.178143140413028
vn -0.04472873066531887 0.9792889946435078 0.1974649478342353
vn 0.16433751371323857 0.9658887206049925 0.20013036000217943
vn -0.44788450290514387 0.8761117553929585 0.17840309447899494
vn -0.25178050363472493 0.9489009578245325 0.19024602552781247
vn -0.04476670624594938 0.9784392622043803 0.20162478069135456
vn -0.2518910701964951 0.9480555425672619 0.19427191501284746
vn -0.04391762916609452 0.9977581670797084 0.050496355058262124
vn -0.04401053855068364 0.9967557953318511 0.06738662307051456
vn -0.25081755802147837 0.9668514489469053 0.04784169998455582
vn -0.250927350750576 0.9658740928523699 0.0642082658378872
vn -0.043825934808490535 0.9984741845038941 0.033594498321090856
vn -0.25071459600575574 0.9675496017426584 0.031463622126095644
vn -0.4467269944576102 0.8936318878691956 0.043093403279477686
vn -0.44684288525307386 0.8927160316532623 0.058219607761988514
vn -0.04410463597772124 0.9954671228075033 0.08426142945988904
vn -0.25104391463144854 0.9646176054633548 0.08055946968954839
vn 0.1649069656787137 0.9849927562442241 0.05094077754653971
vn 0.1648361493082377 0.9840006456723226 0.06761488887578208
vn -0.04373547239397204 0.9989038101937361 0.016684916389139534
vn -0.25061844377002207 0.9679685191064206 0.015077853335785934
vn -0.44662150904986075 0.8942861342649858 0.027955996054739616
vn 0.16498255181693366 0.9857014467761135 0.034255151721304666
vn -0.6230675059852718 0.7813178299512417 0.036459999802193235
vn -0.6231758674610532 0.7805019761356004 0.04968403629523663
vn -0.44696908874704794 0.8915386807629432 0.07333085577098344
vn -0.0441998974907262 0.9938922191268997 0.10111689186686713
vn -0.25116718160939633 0.9630820764969596 0.09689148988789863
vn 0.16477008120229578 0.9827251800226863 0.0842736073155027
vn 0.3665048960770143 0.9291167247494633 0.04915559929862588
vn 0.3664551345130021 0.9281706742359822 0.06488323263663567
vn -0.0436542838584928 0.999038689472475 0.004000054739862049
vn -0.2504722601081802 0.9681197671785164 0.002786272512716471
vn -0.44652646712791205 0.8946787078089752 0.012811086898773801
vn 0.1650628758184168 0.9861266798308833 0.017561843646734337
vn -0.6229702404844071 0.781900669016366 0.023225487348146726
vn 0.36656403894976985 0.9297925197854997 0.033416694925781545
vn -0.7721266624053755 0.6348411906238758 0.028232603315934825
vn -0.7722149303714988 0.6341647491276454 0.03897656058725308
vn -0.6232952506900313 0.7794532445959168 0.06289411702336647
vn -0.44710557576994653 0.8900999379190189 0.08842343938110253
vn -0.04429628899307598 0.9920311690636655 0.11794913474722474
vn -0.2512971025439068 0.9612676226935011 0.11320037020355574
vn 0.1647087831774783 0.9811664311738324 0.10091308677173406
vn 0.3664146469844466 0.9269544901559998 0.08059577938635158
vn 0.5520457399111872 0.8325867512943441 0.045219493750372756
vn 0.5520113206621944 0.8317244542001752 0.05931217536223668
vn -0.04361879533497476 0.9990482213242327 -0.0002283909205612834
vn -0.2503765904161772 0.9681476355807869 -0.001310988520733831
vn -0.44633345841091693 0.8948655426773552 0.001450665954998126
vn 0.16507334232211135 0.9862684223858794 0.005038914473911137
vn -0.6228841222909475 0.7822504014147957 0.009983971365497784
vn 0.36663248876959753 0.9301980324973974 0.017670272113973703
vn -0.772047460288982 0.635324471924535 0.017479543333383526
vn 0.5520913979883341 0.8332027831642908 0.03111607935725151
vn -0.8873957886031465 0.46062601996539093 0.018771896554233065
vn -0.887455942554958 0.46012623404569014 0.026566873486013082
vn -0.7723121734276619 0.6332953361848277 0.049708389050410744
vn -0.6234256065265397 0.7781717776693927 0.0760867765506842
vn -0.44725226478289243 0.8883999637598876 0.10349355553851715
vn -0.04439379254418521 0.9898840775962355 0.1347542359445287
vn -0.2514335909808665 0.9591743656023514 0.12948237601231077
vn 0.16465224062099298 0.9793245005741917 0.11752941007933491
vn 0.36638351799112384 0.9254682362791753 0.0962894666241349
vn 0.5519881581995864 0.8306159783924528 0.0733905283165119
vn 0.7134100371340326 0.6996436187850992 0.03930554171753437
vn 0.7133839661808171 0.6989043578050956 0.0511469983202679
vn -0.44619168996450603 0.8949343649443138 -0.0023362894375158335
vn 0.16504534654535022 0.9862856010112223 0.0008641884385529484
vn -0.6226716107099948 0.7824832666237934 0.00005166796043413959
vn 0.36657986984550556 0.9303681474574669 0.005857407328642189
vn -0.7719773865671108 0.6356144671401711 0.006720401113752854
vn 0.5521483949485331 0.8335724095379291 0.01700552889180273
vn -0.8873410894529116 0.46098313575866284 0.01096993685626205
vn 0.7134464044913067 0.7001717517895099 0.027454433420409735
vn -0.963852043089654 0.26630269075252294 0.008492109859491953
vn -0.9638826497706793 0.26600992314181243 0.012998394560145581
vn -0.8875215820391175 0.45948378127762907 0.03435252767401319
vn -0.772418418227972 0.632233022805114 0.060425094595757775
vn -0.6235668152072591 0.7766578040933971 0.08925851395300295
vn -0.4474090096438605 0.8864389509774762 0.11853760702600516
vn -0.04449237133182682 0.9874510758055364 0.15152822108029776
vn -0.2515766062937636 0.956802460296903 0.14573353469776956
vn 0.1646004465936392 0.9771994890746113 0.13411879634672075
vn 0.3663616142600471 0.9237120830530593 0.11196050740573867
vn 0.5519762057707308 0.8292614812019923 0.08745092370939002
vn 0.7133681900810056 0.6979540840361119 0.0629755663560266
vn 0.8435467343008175 0.5361209770800847 0.03167341132750948
vn 0.8435242070121945 0.5355433099386848 0.04074647671107344
vn -0.6225060802086677 0.7826081751883216 -0.0032594833402137774
vn -0.7717766148505809 0.6358923144157426 -0.0013495320553210313
vn 0.5520512098363365 0.8337854931770027 0.006419741881078582
vn -0.8872918679759731 0.461197500626984 0.0031632956123638697
vn 0.7134930931084779 0.700488645552755 0.01559690796805304
vn -0.9638233771365621 0.26651199663554687 0.003981624593878988
vn 0.8435764472366604 0.536533650971652 0.02259245543546419
vn -0.9981736786649869 0.0603709664657547 -0.0021572270160331143
vn -0.9981794020358149 0.060304159057953645 -0.0011356723716798498
vn -0.9639152563740171 0.2656335085017291 0.017499076846350076
vn -0.8875925856217792 0.4586989806575153 0.04212656042215021
vn -0.7725335173268608 0.6309781237092288 0.07112363887604375
vn -0.6237187817765182 0.774911558545874 0.10240584793467826
vn -0.4475757456181373 0.8842171214812679 0.13355161554151665
vn -0.04459199122032223 0.98473228741107 0.16826727682222878
vn -0.25172604682048855 0.9541520802237907 0.16195000820235206
vn 0.16455338102011288 0.9747915602327074 0.15067713460885013
vn 0.36634896601437067 0.9216861697499861 0.12760501397594645
vn 0.5519754413118083 0.8276611262881565 0.10148976411468702
vn 0.7133625808642247 0.6967930704317598 0.07478800185198875
vn 0.8435087528462581 0.5348009394220427 0.04980902593958986
vn 0.9367799085801802 0.3491848102651799 0.022657695394270125
vn 0.9367607140730008 0.3488026767975649 0.028566715392136476
vn -0.7716140394081336 0.6360781797782102 -0.004040222556031963
vn 0.5519294603202042 0.8338857949867036 0.0028899394529366762
vn -0.8871320351026968 0.46150786263152327 -0.0026916581935099797
vn 0.7133767294274913 0.7007486952219946 0.006701347327809031
vn -0.9637967254566294 0.2666375617300794 -0.0005316706845825895
vn 0.8436133377037185 0.5367812567729627 0.013506251353732701
vn -0.9981680575131301 0.06041869031681279 -0.003179751698770415
vn 0.9368024633597329 0.3494578764764989 0.016743273624716337
vn -0.98887995907744 -0.14817172027953202 -0.012710934049265935
vn -0.988869061849106 -0.14800805373192294 -0.015218230782761799
vn -0.9981852243286063 0.06021830795310399 -0.00011540933796909216
vn -0.9639497725139713 0.26517381922354594 0.021992764006855785
vn -0.8876689667451465 0.4577719158411795 0.04988665698060002
vn -0.7726574411148363 0.6295308365806334 0.08180100539700805
vn -0.6238814336709072 0.7729332785889976 0.11552533735244552
vn -0.44775241368843094 0.8817346676217697 0.14853198965243675
vn -0.04469262591007755 0.9817278972208177 0.1849673079429268
vn -0.25188185411157404 0.9512234210670761 0.1781278607707501
vn 0.1645110219637123 0.972100832530894 0.16720076269322992
vn 0.3663454847863328 0.9193906963796203 0.14321917883881166
vn 0.5519858203364153 0.8258151131885993 0.11550347603789007
vn 0.7133671839990238 0.6954214411615623 0.08658106008867326
vn 0.8435004121820049 0.5338939440121897 0.058858399535639
vn 0.936744882067045 0.3483115651226728 0.03446852945793229
vn 0.9890531345558109 0.1470163125096444 0.012653097699441887
vn 0.9890423169119112 0.14685383992340192 0.015140840705532376
vn 0.7132406487387646 0.7009092879480657 0.0037345755905695676
vn -0.9637000100403695 0.2669587145450339 -0.003916040941400525
vn 0.8435045756340934 0.5370803249971907 0.00668994658124826
vn -0.9981625390970725 0.06044734057057806 -0.00420292293879497
vn 0.9368284162036872 0.34962169898369844 0.010825257181399735
vn -0.9888915011483437 -0.14828868089943853 -0.010201278041497137
vn 0.9890646112350265 0.14713228055011562 0.01016301247798723
vn -0.9363916824742884 -0.350221283298071 -0.0227083622928586
vn -0.9363724784499574 -0.3498379952921202 -0.028634920140879736
vn -0.9888588186106773 -0.14779768136409488 -0.01772236551064962
vn -0.9981911436798708 0.06011343308595544 0.0009032395538016901
vn -0.9639862401760678 0.2646307631601599 0.026478065270709894
vn -0.887750629944387 0.4567029091381651 0.05763047646932164
vn -0.7727900313673667 0.6278915409088779 0.09245420636347096
vn -0.6240545846130386 0.7707233376665865 0.12861342153727573
vn -0.4479387906796021 0.8789919259122282 0.16347487264288607
vn -0.04475455071135028 0.9792878996739942 0.197464527808724
vn -0.2519241015735277 0.9488644726107819 0.1902379028044459
vn 0.16447334089673588 0.9691275233518221 0.1836855019217079
vn 0.3663511286646506 0.9168258413675754 0.15879932974283642
vn 0.5520071960426489 0.8237237577802332 0.1294883252866618
vn 0.7133819168147181 0.6938394772275197 0.09835151550637625
vn 0.8434991943820641 0.5328224741891135 0.06789197357420458
vn 0.9367324220778163 0.34771156466632425 0.04036133329715887
vn 0.9890321236433878 0.14664515640959616 0.017625450435525384
vn 0.998101934111594 -0.061547799523885616 0.0020970208541304706
vn 0.9981077762961588 -0.06147969345108083 0.0010555521295852637
vn 0.8433798882641271 0.5372996027120601 0.004415993325475579
vn -0.9981404795672035 0.06075269770687637 -0.004969182094652309
vn 0.9367498161941248 0.3499414234060418 0.006386082118697167
vn -0.9889036952201108 -0.14835883773452435 -0.007690048509043236
vn 0.9890767104264395 0.147201939666361 0.00767136561991057
vn -0.9364142893148265 -0.35049512401312016 -0.01677637654668147
vn 0.9980961975193131 -0.06159646237753319 0.0031394776733364724
vn -0.8430105929740674 -0.5369612697738071 -0.03171332364184131
vn -0.8429879944114909 -0.5363828395496563 -0.04080062149943026
vn -0.936356646450196 -0.3493454366275792 -0.0345542552521205
vn -0.9888492245951299 -0.14754070105513414 -0.020222575250693053
vn -0.9981971578550191 0.05998956435672256 0.0019199527215547163
vn -0.9640246033840959 0.2640046202121112 0.03095358746245242
vn -0.887837570733279 0.45549212454286425 0.06535573788014215
vn -0.7729312057847909 0.6260605658945253 0.10308015791555557
vn -0.6242381727057966 0.7682820400509617 0.14166654746996574
vn -0.4479562762028982 0.8768272714401599 0.1746685737882944
vn 0.16439514482440776 0.9667209319285436 0.19602264187937588
vn 0.3663657995524619 0.913991898060013 0.1743413639930015
vn 0.5520395235266226 0.8213873012763493 0.1434408092784454
vn 0.7134067197052903 0.6920474645219649 0.11009613584525671
vn 0.8435049452316328 0.5315869690253792 0.07690709806117138
vn 0.9367233179383826 0.3470028530296662 0.0462433305437662
vn 0.9890225791268499 0.1463901642020058 0.020106163288494648
vn 0.9981137213404233 -0.06139217405167531 0.000015400673870157187
vn 0.9635477939822301 -0.2673996169860249 -0.008549476457951196
vn 0.9635785756404274 -0.26710557949131836 -0.013074324891636171
vn -0.998121116251317 0.06104853664644104 -0.005226228712251366
vn 0.9366593507458658 0.35020737772773647 0.004904410810235479
vn -0.9889559830396045 -0.14809579535343306 -0.005805084736984542
vn 0.989042452864964 0.14751728913510295 0.005803088581591869
vn -0.9364403035789267 -0.3506594287486476 -0.010840796219802929
vn 0.9980905682638408 -0.06162567204578854 0.004182593414204981
vn -0.8430403197197092 -0.5373745800474812 -0.022618135327299962
vn 0.9635190082243086 -0.2676097104489175 -0.004020405936157323
vn -0.7128185667883297 -0.7002446754668266 -0.03933300550670232
vn -0.7127924418511868 -0.699504873081298 -0.05118464003331115
vn -0.8429725935775039 -0.5356392946612637 -0.04987737454999651
vn -0.9363441962477946 -0.3487436967260207 -0.04046455420415259
vn -0.9888402769435326 -0.1472372107743665 -0.02271806456594792
vn -0.9982032642487227 0.05984674163147064 0.002934409530187915
vn -0.9640648359405574 0.2632955775154384 0.035417946915623735
vn -0.8879296360616682 0.454140045020181 0.07306011848102449
vn -0.7730809016527763 0.6240382437932059 0.11367581001788238
vn -0.6242274642189723 0.7664208590525184 0.1514567255817686
vn 0.3662724191643341 0.9117326729745345 0.18597862240111562
vn 0.5520827154163193 0.8188060908631056 0.1573571126578753
vn 0.7134414618986925 0.6900458026337818 0.12181161977149858
vn 0.8435177052190025 0.5301875827349188 0.08590115305263138
vn 0.9367175287845391 0.3461856964446257 0.052112712891729286
vn 0.9890136661243726 0.14608905917066142 0.022582183460835636
vn 0.9981197679774289 -0.06128525129512086 -0.001023106239413519
vn 0.96361133549206 -0.2667276913815528 -0.017593543175716334
vn 0.8869116008204135 -0.4615555834007244 -0.018821683287849472
vn 0.88697193398275 -0.46105477348600066 -0.02663238954117554
vn -0.9890023096003188 -0.14780938714801886 -0.005178482032650335
vn 0.9890023096003188 0.14780938714801886 0.0051784820326503545
vn -0.9365557671687138 -0.3504604084120283 -0.006387262222296476
vn 0.9981044520467703 -0.06134196516035579 0.004966499238131602
vn -0.8430772574594672 -0.5376225534747939 -0.01351769025631824
vn 0.9634922405687997 -0.26773576666571014 0.0005114798514452832
vn -0.7128549523594135 -0.7007732315052473 -0.027471710946920004
vn 0.8868567852087373 -0.46191336306630043 -0.011003978826026493
vn -0.5515011443736489 -0.8329467491106972 -0.04523495219934582
vn -0.5514666892549804 -0.8320841300950034 -0.059333726380470166
vn -0.7127766263482032 -0.6985538888003381 -0.06302337164575271
vn -0.8429642940554317 -0.5347309264783997 -0.058940946846653144
vn -0.9363351115738644 -0.34803295302264164 -0.04636402101089025
vn -0.9888319743058577 -0.1468873085489414 -0.025208037956728296
vn -0.9982094598908418 0.05968501474325453 0.003946289337020135
vn -0.9641069163571879 0.26250382256793187 0.03986975005511917
vn -0.8880268064146947 0.45264691735289997 0.08074131098660069
vn -0.7730448746393401 0.6225797982205814 0.12163887800151343
vn 0.551974723274311 0.8168056090188532 0.16778707322552547
vn 0.7134860838381973 0.6878348438639732 0.13349470302546304
vn 0.843537396634698 0.5286246871914116 0.09487149503691097
vn 0.9367150852067073 0.3452601854001272 0.05796769379283978
vn 0.989005397183035 0.14574184144964225 0.02505274423480244
vn 0.998125912731389 -0.061158975003540166 -0.002059638475068582
vn 0.963646034120926 -0.26626613900324964 -0.022105749100930494
vn 0.8870377333744677 -0.46041109383958867 -0.03443376597643689
vn 0.7715462936680738 -0.6355446834666943 -0.02827139975801967
vn 0.7716346813352489 -0.6348675379968863 -0.039027269420506445
vn -0.9366593507458658 -0.35020737772773647 -0.004904410810235469
vn 0.998121116251317 -0.06104853664644104 0.005226228712251386
vn -0.8432365592627371 -0.5375010183107847 -0.006690324178246697
vn 0.9635477183743698 -0.2675079129342557 0.003912918745004286
vn -0.7129016231791395 -0.7010904298381587 -0.015604001342413677
vn 0.8868074689870712 -0.46212811041647833 -0.0031815894832275256
vn -0.5515468769982493 -0.8335629850029752 -0.031125431826850097
vn 0.7714670231157299 -0.6360284247373442 -0.01750643227748885
vn -0.3661014217987351 -0.9292754648013741 -0.04916156501918129
vn -0.3660515959272989 -0.9283292917312355 -0.06489187339613756
vn -0.5514434834969071 -0.8309752447586213 -0.07341816605681385
vn -0.712771041581455 -0.6973919433608643 -0.07484597262541964
vn -0.8429630610613323 -0.5336579573608149 -0.06798869193910997
vn -0.936329384772474 -0.3472133838428589 -0.05225083053877757
vn -0.9888243305462486 -0.14649099451470995 -0.02769172883469574
vn -0.9982157420586063 0.059504433529751335 0.004955269587979591
vn -0.9641508272492649 0.2616295430362206 0.044307612497364916
vn -0.8879769796120658 0.45167320397884475 0.08653438903995105
vn 0.7133678755996655 0.6861974538414921 0.14226499359952713
vn 0.843563959169935 0.5268986577873042 0.10381546711103133
vn 0.9367158960584852 0.34422676333998975 0.06380646888697197
vn 0.9889977721233789 0.14534860910690522 0.027517059539152112
vn 0.9981321541970433 -0.06101336511232255 -0.003093870656665011
vn 0.9636827141413972 -0.26572083039130207 -0.026609523882008122
vn 0.8871089595039297 -0.459624705747993 -0.04222349859884065
vn 0.7717320952194489 -0.6339971765897211 -0.049771008473421516
vn 0.6224913363975704 -0.7817757262559333 -0.03648629807166984
vn 0.6225997449125161 -0.7809594545873715 -0.04971808449111059
vn -0.8433798882641271 -0.5372996027120601 -0.004415993325475558
vn -0.7130810301921929 -0.7010495988131378 -0.0067010733453489665
vn 0.8868897711413918 -0.4619732743864628 0.002688419130193489
vn -0.5516038944849558 -0.8339327580040721 -0.017008783517681834
vn 0.7713968835051535 -0.6363186960754034 -0.006735365130049783
vn -0.36616057136660757 -0.9299513658163572 -0.033419952016289736
vn 0.6223940537278293 -0.7823588418108733 -0.023244021265456574
vn -0.16471433401817479 -0.98502495462142 -0.05094140694973524
vn -0.16464349089128874 -0.9840328192862913 -0.06761605929513693
vn -0.36601112169600075 -0.9271129113684807 -0.08060712356048175
vn -0.5514315256869479 -0.8296202184134225 -0.08748465967374035
vn -0.7127756834787826 -0.6960192120076283 -0.08664918671075023
vn -0.8429689202085227 -0.532420539709734 -0.07701797489984313
vn -0.9363269485280188 -0.34628534332459027 -0.05812320069283411
vn -0.9888173322732241 -0.14604846458207535 -0.03016835078824323
vn -0.9982221076157414 0.05930505778995131 0.005961039147469948
vn -0.9641074425095252 0.2611958105532596 0.04768215438891505
vn 0.8434473604398869 0.525714503069689 0.11054777894276015
vn 0.9367199410188709 0.34308569793100435 0.06962726457932066
vn 0.9889907773098082 0.14490955809401715 0.029974361863730578
vn 0.9981384881615943 -0.060848491373791294 -0.00412547549019143
vn 0.9637212679928052 -0.26509223108235885 -0.031103482732920358
vn 0.8871855446024244 -0.45869585063621787 -0.04999926057069401
vn 0.771838416291133 -0.6329338506295946 -0.06049958565469237
vn 0.622719204576323 -0.7799101627035985 -0.06293592267916745
vn 0.44625464008645044 -0.8938671658073629 -0.04310784259070309
vn 0.4463705083278381 -0.8929511197382392 -0.05823802068556216
vn -0.7132406487387646 -0.7009092879480657 -0.003734575590569552
vn -0.5517789240262778 -0.833965715383837 -0.0064190781836644
vn 0.7714863082379233 -0.6362444994525933 0.0013465206047799851
vn -0.3662290714530226 -0.9303569252951713 -0.01767084542323985
vn 0.6223078504220411 -0.7827087863727706 -0.009994750520306229
vn -0.16478994019752716 -0.9857336632493074 -0.034255229481001064
vn 0.44614914226436986 -0.8945215598238334 -0.027966441802685368
vn 0.04386606142080646 -0.9977604162476584 -0.05049673677303696
vn 0.04395896563211787 -0.9967580428170851 -0.06738704192949914
vn -0.16457740526263515 -0.9827573177458636 -0.08427533502736145
vn -0.36597991423359705 -0.9256264581902138 -0.09630349046534721
vn -0.5514307047874084 -0.828019280168423 -0.10152954982185441
vn -0.7127904203947116 -0.6944360274867698 -0.09842977355416656
vn -0.8429817333603713 -0.5310191144906447 -0.08602614292362172
vn -0.9363278417533237 -0.3452489227388153 -0.0639793256079682
vn -0.98881096767495 -0.1455599147572205 -0.03263711723788789
vn -0.998209316397788 0.05943319603354036 0.006771695939680969
vn 0.9366249043329724 0.34242221452108845 0.07403253059111162
vn 0.9889844148337553 0.1444247865242665 0.03242388399551294
vn 0.9981449124564202 -0.06066439365171968 -0.005154132345447244
vn 0.9637617463238555 -0.2643802492497187 -0.03558623511203945
vn 0.8872674335007712 -0.4576247713629483 -0.05775872301188799
vn 0.7719536915881517 -0.6316776338523343 -0.07121000585690834
vn 0.6228495701070943 -0.7786280725393372 -0.07613630980737399
vn 0.44649673357615144 -0.8917734947242993 -0.07335326177504015
vn 0.2505307675852746 -0.9669255406752458 -0.04784697778351958
vn 0.2506405473874124 -0.9659481228537595 -0.0642147954963406
vn -0.5519294603202042 -0.8338857949867036 -0.0028899394529366715
vn 0.7716140394081336 -0.6360781797782102 0.004040222556031958
vn -0.36637815427922305 -0.9304476058771703 -0.00585668715159369
vn 0.6223834540419194 -0.7827124843792038 -0.00005414595699486507
vn -0.1648702772274865 -0.9861589067373088 -0.017561388031919967
vn 0.44605409247483546 -0.8949142177982018 -0.012817541460182129
vn 0.04377437070448785 -0.998476434877171 -0.033594842824462956
vn 0.25042778182024866 -0.9676237460686091 -0.031467636338654605
vn 0.04405305636171669 -0.9954693681369189 -0.08426188537099524
vn -0.1645160838767173 -0.981198529925408 -0.10091532598216706
vn -0.36595794326037495 -0.923870062756456 -0.11197718922628044
vn -0.5514410153223179 -0.8261725889499533 -0.11554938289762806
vn -0.7128151907631872 -0.6926426737842242 -0.11018452827090391
vn -0.8430015558437673 -0.5294538370251635 -0.09501058522248518
vn -0.936332011783003 -0.34410447743307226 -0.0698174213281099
vn -0.9888494574820136 -0.14488454451235577 -0.034427012635058735
vn 0.9889361886795143 0.14431846577674434 0.03431319215524259
vn 0.9981514240316661 -0.06046113175064973 -0.006179502487086842
vn 0.9638040763594012 -0.2635852581580853 -0.0400563861916777
vn 0.8873545814937539 -0.4564117110396594 -0.0654995933414515
vn 0.7720777457392627 -0.630228904304928 -0.08189922290710848
vn 0.6229908662611944 -0.7771132929168826 -0.08931579102827455
vn 0.4466332076475845 -0.8903344356129572 -0.08844981960516604
vn 0.2507570617026792 -0.9646915648471232 -0.08056724346189136
vn 0.6225060802086677 -0.7826081751883216 0.003259483340213762
vn -0.1649770293766641 -0.9862845398329559 -0.005038478395857696
vn 0.44609725018100016 -0.8949833148781434 -0.0014524016938599687
vn 0.04368391476693782 -0.9989060610723797 -0.016685225305588504
vn 0.2503316417991224 -0.9680426873609406 -0.015080602148594474
vn 0.044148309628309186 -0.9938944656727037 -0.1011173469891965
vn -0.1644594936355137 -0.979356550531275 -0.11753221636909827
vn -0.36594523685429603 -0.9218438592016867 -0.12762438198006543
vn -0.5514623663811393 -0.824080442306763 -0.12954027587126682
vn -0.7128499704982566 -0.6906394530182347 -0.1219100713448591
vn -0.8430281944855293 -0.5277252987573084 -0.10396861234996899
vn -0.936430971507968 -0.34293027640639584 -0.07413407532623893
vn 0.9981740281824538 -0.060009676406026655 -0.006888265359136556
vn 0.9638482410013852 -0.26270744546326474 -0.04451254224037653
vn 0.8874469168807627 -0.4550569940401059 -0.07321954584679989
vn 0.772210518612136 -0.6285879211134763 -0.09256424998353323
vn 0.623142900626715 -0.7753661362113344 -0.10247087496079349
vn 0.446779845797261 -0.8886340958008575 -0.10352397388802459
vn 0.25088029075518387 -0.9631559419018795 -0.0969005226492488
vn -0.16504534654535022 -0.9862856010112223 -0.0008641884385529478
vn 0.44619168996450603 -0.8949343649443138 0.002336289437515826
vn 0.04362851530832534 -0.999039814569811 -0.004000194533908682
vn 0.25032885932262855 -0.9681568539346487 -0.0027871795053581007
vn 0.04424469583110221 -0.9920334048637613 -0.11794969489246666
vn -0.1644076637508524 -0.9772314904982067 -0.1341220864684116
vn -0.3659416680664733 -0.9195480511241793 -0.14324132520488217
vn -0.5514946613557505 -0.8217431041967241 -0.14349881254295363
vn -0.7128946333924349 -0.6884267530368754 -0.13360332100427313
vn -0.8431795116036889 -0.5261268006218676 -0.11062956602627809
vn 0.963956242147628 -0.26173333678356225 -0.04779145991457131
vn 0.8875443800894642 -0.4535609461918713 -0.08091626203145397
vn 0.7723519299273585 -0.6267550144449571 -0.10320197772129323
vn 0.6233056068636326 -0.7733868480905911 -0.11559802616333852
vn 0.4469365892363489 -0.886672643111266 -0.11857195772972978
vn 0.251010185915529 -0.961341372639926 -0.11321065240265403
vn 0.04361879533497476 -0.9990482213242327 0.00022839092056128538
vn 0.2503765904161772 -0.9681476355807869 0.0013109885207338349
vn 0.044342188169594426 -0.9898863142174401 -0.13475479684724911
vn -0.16436055027859547 -0.9748234798505315 -0.15068109584223763
vn -0.36594724492092295 -0.9169828383009403 -0.15882407939710444
vn -0.5515378125209681 -0.8191609207547762 -0.15742117795192864
vn -0.713072164448482 -0.6864927082987727 -0.1423230471194783
vn 0.8877358820048391 -0.45212901591557997 -0.08662769054003229
vn 0.772501806824733 -0.6247306260423469 -0.11380950459983714
vn 0.6234788414895193 -0.7711757537140053 -0.12869378811163643
vn 0.44710332355501464 -0.8844502977063406 -0.1335900031934473
vn 0.2511466362918037 -0.9592479839737637 -0.12949390843426759
vn 0.04444075416963668 -0.9874532997044456 -0.15152887603238036
vn -0.1643181261992299 -0.9721326952418997 -0.16720519203689094
vn -0.3659618193571361 -0.9141484919577426 -0.17436880863330945
vn -0.5517021982615363 -0.8169826538516975 -0.16782141621028615
vn 0.7727553606417138 -0.6229252031710548 -0.12171008115104955
vn 0.6236624856961592 -0.7687331858199815 -0.14175469288298662
vn 0.44727992042271436 -0.8819673169457981 -0.1485743067494534
vn 0.2512896012624748 -0.956875930979044 -0.1457463173131112
vn 0.04454035992757236 -0.9847345120789678 -0.1682679323523034
vn -0.1642804058544359 -0.9691593126946185 -0.18369043216672032
vn -0.3660703717000893 -0.9118108124195311 -0.1859933475105843
vn 0.623939695821698 -0.7666458791844586 -0.15150363661449004
vn 0.44746627060371214 -0.8792239604006707 -0.16352114275947657
vn 0.251438979239298 -0.9542253871143013 -0.16196404016219737
vn 0.04464097907837099 -0.9817301234066739 -0.18496796420688982
vn -0.1642986444816962 -0.9667367811100916 -0.196025384760178
vn 0.44772001559777364 -0.8769430348857078 -0.17469316299893814
vn 0.2515947118030434 -0.9512965481470685 -0.178143140413028
vn 0.04472873066531887 -0.9792889946435078 -0.1974649478342353
vn 0.25178050363472493 -0.9489009578245325 -0.19024602552781247
usemtl material_0_0
f 1//1 2//2 3//3
f 2//2 1//1 4//4
f 4//4 9//5 2//2
f 9//5 4//4 10//6
f 3//3 13//7 14//8
f 13//7 3//3 2//2
f 17//9 3//3 18//10
f 3//3 17//9 1//1
f 21//11 1//1 22//12
f 1//1 21//11 4//4
f 10//6 25//13 9//5
f 25//13 10//6 26//14
f 2//2 29//15 13//7
f 29//15 2//2 9//5
f 31//16 4//4 21//11
f 4//4 31//16 10//6
f 14//8 33//17 34//18
f 33//17 14//8 13//7
f 18//10 14//8 37//19
f 14//8 18//10 3//3
f 39//20 18//10 40//21
f 18//10 39//20 17//9
f 22//12 17//9 43//22
f 17//9 22//12 1//1
f 45//23 22//12 46//24
f 22//12 45//23 21//11
f 26//14 49//25 25//13
f 49//25 26//14 50//26
f 9//5 53//27 29//15
f 53//27 9//5 25//13
f 55//28 10//6 31//16
f 10//6 55//28 26//14
f 13//7 57//29 33//17
f 57//29 13//7 29//15
f 59//30 21//11 45//23
f 21//11 59//30 31//16
f 34//18 61//31 62//32
f 61//31 34//18 33//17
f 37//19 34//18 65//33
f 34//18 37//19 14//8
f 40//21 37//19 67//34
f 37//19 40//21 18//10
f 69//35 40//21 70//36
f 40//21 69//35 39//20
f 43//22 39//20 73//37
f 39//20 43//22 17//9
f 46//24 43//22 75//38
f 43//22 46//24 22//12
f 77//39 46//24 78//40
f 46//24 77//39 45//23
f 50//26 81//41 49//25
f 81//41 50//26 82//42
f 25//13 85//43 53//27
f 85//43 25//13 49//25
f 87//44 26//14 55//28
f 26//14 87//44 50//26
f 29//15 89//45 57//29
f 89//45 29//15 53//27
f 91//46 31//16 59//30
f 31//16 91//46 55//28
f 33//17 93//47 61//31
f 93//47 33//17 57//29
f 95//48 45//23 77//39
f 45//23 95//48 59//30
f 61//31 97//49 62//32
f 97//49 61//31 98//50
f 65//33 62//32 101//51
f 62//32 65//33 34//18
f 67//34 65//33 103//52
f 65//33 67//34 37//19
f 70//36 67//34 105//53
f 67//34 70//36 40//21
f 107//54 70//36 108//55
f 70//36 107//54 69//35
f 73//37 69//35 111//56
f 69//35 73//37 39//20
f 75//38 73//37 113//57
f 73//37 75//38 43//22
f 78//40 75//38 115//58
f 75//38 78//40 46//24
f 117//59 78//40 118//60
f 78//40 117//59 77//39
f 49//25 121//61 85//43
f 121//61 49//25 81//41
f 123//62 50//26 87//44
f 50//26 123//62 82//42
f 53//27 125//63 89//45
f 125//63 53//27 85//43
f 127//64 55//28 91//46
f 55//28 127//64 87//44
f 57//29 129//65 93//47
f 129//65 57//29 89//45
f 131//66 59//30 95//48
f 59//30 131//66 91//46
f 93//47 98//50 61//31
f 98//50 93//47 133//67
f 135//68 77//39 117//59
f 77//39 135//68 95//48
f 98//50 137//69 97//49
f 137//69 98//50 138//70
f 62//32 141//71 101//51
f 141//71 62//32 97//49
f 103//52 101//51 143//72
f 101//51 103//52 65//33
f 105//53 103//52 145//73
f 103//52 105//53 67//34
f 108//55 105//53 147//74
f 105//53 108//55 70//36
f 149//75 108//55 150//76
f 108//55 149//75 107//54
f 111//56 107//54 153//77
f 107//54 111//56 69//35
f 113//57 111//56 155//78
f 111//56 113//57 73//37
f 115//58 113//57 157//79
f 113//57 115//58 75//38
f 118//60 115//58 159//80
f 115//58 118//60 78//40
f 161//81 117//59 118//60
f 117//59 161//81 162//82
f 85//43 165//83 125//63
f 165//83 85//43 121//61
f 167//84 87//44 127//64
f 87//44 167//84 123//62
f 89//45 169//85 129//65
f 169//85 89//45 125//63
f 171//86 91//46 131//66
f 91//46 171//86 127//64
f 129//65 133//67 93//47
f 133//67 129//65 173//87
f 175//88 95//48 135//68
f 95//48 175//88 131//66
f 133//67 138//70 98//50
f 138//70 133//67 177//89
f 162//82 135//68 117//59
f 135//68 162//82 179//90
f 138//70 181//91 137//69
f 181//91 138//70 182//92
f 97//49 185//93 141//71
f 185//93 97//49 137//69
f 101//51 187//94 143//72
f 187//94 101//51 141//71
f 145//73 143//72 189//95
f 143//72 145//73 103//52
f 147//74 145//73 191//96
f 145//73 147//74 105//53
f 150//76 147//74 193//97
f 147//74 150//76 108//55
f 195//98 150//76 196//99
f 150//76 195//98 149//75
f 153//77 149//75 199//100
f 149//75 153//77 107//54
f 155//78 153//77 201//101
f 153//77 155//78 111//56
f 157//79 155//78 203//102
f 155//78 157//79 113//57
f 159//80 157//79 205//103
f 157//79 159//80 115//58
f 207//104 118//60 159//80
f 118//60 207//104 161//81
f 209//105 162//82 161//81
f 162//82 209//105 210//106
f 125//63 213//107 169//85
f 213//107 125//63 165//83
f 215//108 127//64 171//86
f 127//64 215//108 167//84
f 169//85 173//87 129//65
f 173//87 169//85 217//109
f 219//110 131//66 175//88
f 131//66 219//110 171//86
f 173//87 177//89 133//67
f 177//89 173//87 221//111
f 179//90 175//88 135//68
f 175//88 179//90 223//112
f 177//89 182//92 138//70
f 182//92 177//89 225//113
f 210//106 179//90 162//82
f 179//90 210//106 227//114
f 182//92 229//115 181//91
f 229//115 182//92 230//116
f 137//69 233//117 185//93
f 233//117 137//69 181//91
f 141//71 235//118 187//94
f 235//118 141//71 185//93
f 143//72 237//119 189//95
f 237//119 143//72 187//94
f 191//96 189//95 239//120
f 189//95 191//96 145//73
f 193//97 191//96 241//121
f 191//96 193//97 147//74
f 196//99 193//97 243//122
f 193//97 196//99 150//76
f 245//123 196//99 246//124
f 196//99 245//123 195//98
f 199//100 195//98 249//125
f 195//98 199//100 149//75
f 201//101 199//100 251//126
f 199//100 201//101 153//77
f 203//102 201//101 253//127
f 201//101 203//102 155//78
f 205//103 203//102 255//128
f 203//102 205//103 157//79
f 257//129 159//80 205//103
f 159//80 257//129 207//104
f 259//130 161//81 207//104
f 161//81 259//130 209//105
f 261//131 210//106 209//105
f 210//106 261//131 262//132
f 265//133 169//85 213//107
f 169//85 265//133 217//109
f 267//134 171//86 219//110
f 171//86 267//134 215//108
f 217//109 221//111 173//87
f 221//111 217//109 269//135
f 223//112 219//110 175//88
f 219//110 223//112 271//136
f 221//111 225//113 177//89
f 225//113 221//111 273//137
f 227//114 223//112 179//90
f 223//112 227//114 275//138
f 225//113 230//116 182//92
f 230//116 225//113 277//139
f 262//132 227//114 210//106
f 227//114 262//132 279//140
f 230//116 281//141 229//115
f 281//141 230//116 282//142
f 181//91 285//143 233//117
f 285//143 181//91 229//115
f 185//93 287//144 235//118
f 287//144 185//93 233//117
f 187//94 289//145 237//119
f 289//145 187//94 235//118
f 189//95 291//146 239//120
f 291//146 189//95 237//119
f 241//121 239//120 293//147
f 239//120 241//121 191//96
f 243//122 241//121 295//148
f 241//121 243//122 193//97
f 246//124 243//122 297//149
f 243//122 246//124 196//99
f 299//150 246//124 300//151
f 246//124 299//150 245//123
f 249//125 245//123 303//152
f 245//123 249//125 195//98
f 251//126 249//125 305//153
f 249//125 251//126 199//100
f 253//127 251//126 307//154
f 251//126 253//127 201//101
f 255//128 253//127 309//155
f 253//127 255//128 203//102
f 311//156 205//103 255//128
f 205//103 311//156 257//129
f 313//157 207//104 257//129
f 207//104 313//157 259//130
f 315//158 209//105 259//130
f 209//105 315//158 261//131
f 317//159 262//132 261//131
f 262//132 317//159 318//160
f 321//161 217//109 265//133
f 217//109 321//161 269//135
f 271//136 267//134 219//110
f 267//134 271//136 323//162
f 269//135 273//137 221//111
f 273//137 269//135 325//163
f 275//138 271//136 223//112
f 271//136 275//138 327//164
f 273//137 277//139 225//113
f 277//139 273//137 329//165
f 279//140 275//138 227//114
f 275//138 279//140 331//166
f 277//139 282//142 230//116
f 282//142 277//139 333//167
f 318//160 279//140 262//132
f 279//140 318//160 335//168
f 282//142 337//169 281//141
f 337//169 282//142 338//170
f 229//115 341//171 285//143
f 341//171 229//115 281//141
f 233//117 343//172 287//144
f 343//172 233//117 285//143
f 235//118 345//173 289//145
f 345//173 235//118 287//144
f 237//119 347//174 291//146
f 347//174 237//119 289//145
f 239//120 349//175 293//147
f 349//175 239//120 291//146
f 295//148 293//147 351//176
f 293//147 295//148 241//121
f 297//149 295//148 353//177
f 295//148 297//149 243//122
f 300//151 297//149 355//178
f 297//149 300//151 246//124
f 357//179 300//151 358//180
f 300//151 357//179 299//150
f 303//152 299//150 361//181
f 299//150 303//152 245//123
f 305//153 303//152 363//182
f 303//152 305//153 249//125
f 307//154 305//153 365//183
f 305//153 307//154 251//126
f 309//155 307//154 367//184
f 307//154 309//155 253//127
f 369//185 255//128 309//155
f 255//128 369//185 311//156
f 371//186 257//129 311//156
f 257//129 371//186 313//157
f 373//187 259//130 313//157
f 259//130 373//187 315//158
f 375//188 261//131 315//158
f 261//131 375//188 317//159
f 377//189 318//160 317//159
f 318//160 377//189 378//190
f 321//161 325//163 269//135
f 325//163 321//161 381//191
f 327//164 323//162 271//136
f 323//162 327//164 383//192
f 325//163 329//165 273//137
f 329//165 325//163 385//193
f 331//166 327//164 275//138
f 327//164 331//166 387//194
f 329//165 333//167 277//139
f 333//167 329//165 389//195
f 335//168 331//166 279//140
f 331//166 335//168 391//196
f 333//167 338//170 282//142
f 338//170 333//167 393//197
f 378//190 335//168 318//160
f 335//168 378//190 395//198
f 338//170 397//199 337//169
f 397//199 338//170 398//200
f 281//141 401//201 341//171
f 401//201 281//141 337//169
f 285//143 403//202 343//172
f 403//202 285//143 341//171
f 287//144 405//203 345//173
f 405//203 287//144 343//172
f 289//145 407//204 347//174
f 407//204 289//145 345//173
f 291//146 409//205 349//175
f 409//205 291//146 347//174
f 293//147 411//206 351//176
f 411//206 293//147 349//175
f 295//148 413//207 353//177
f 413//207 295//148 351//176
f 355//178 353//177 415//208
f 353//177 355//178 297//149
f 358//180 355//178 417//209
f 355//178 358//180 300//151
f 361//181 357//179 419//210
f 357//179 361//181 299//150
f 363//182 361//181 421//211
f 361//181 363//182 303//152
f 365//183 363//182 423//212
f 363//182 365//183 305//153
f 367//184 365//183 425//213
f 365//183 367//184 307//154
f 427//214 309//155 367//184
f 309//155 427//214 369//185
f 429//215 311//156 369//185
f 311//156 429//215 371//186
f 431//216 313//157 371//186
f 313//157 431//216 373//187
f 433//217 315//158 373//187
f 315//158 433//217 375//188
f 435//218 317//159 375//188
f 317//159 435//218 377//189
f 437//219 378//190 377//189
f 378//190 437//219 438//220
f 441//221 325//163 381//191
f 325//163 441//221 385//193
f 387//194 383//192 327//164
f 383//192 387//194 443//222
f 385//193 389//195 329//165
f 389//195 385//193 445//223
f 391//196 387//194 331//166
f 387//194 391//196 447//224
f 389//195 393//197 333//167
f 393//197 389//195 449//225
f 395//198 391//196 335//168
f 391//196 395//198 451//226
f 393//197 398//200 338//170
f 398//200 393//197 453//227
f 438//220 395//198 378//190
f 395//198 438//220 455//228
f 397//199 457//229 458//230
f 457//229 397//199 398//200
f 337//169 461//231 401//201
f 461//231 337//169 397//199
f 341//171 463//232 403//202
f 463//232 341//171 401//201
f 343//172 465//233 405//203
f 465//233 343//172 403//202
f 345//173 467//234 407//204
f 467//234 345//173 405//203
f 347//174 469//235 409//205
f 469//235 347//174 407//204
f 349//175 471//236 411//206
f 471//236 349//175 409//205
f 351//176 473//237 413//207
f 473//237 351//176 411//206
f 353//177 475//238 415//208
f 475//238 353//177 413//207
f 417//209 415//208 477//239
f 415//208 417//209 355//178
f 421//211 419//210 479//240
f 419//210 421//211 361//181
f 423//212 421//211 481//241
f 421//211 423//212 363//182
f 425//213 423//212 483//242
f 423//212 425//213 365//183
f 485//243 367//184 425//213
f 367//184 485//243 427//214
f 487//244 369//185 427//214
f 369//185 487//244 429//215
f 489//245 371//186 429//215
f 371//186 489//245 431//216
f 491//246 373//187 431//216
f 373//187 491//246 433//217
f 493//247 375//188 433//217
f 375//188 493//247 435//218
f 495//248 377//189 435//218
f 377//189 495//248 437//219
f 497//249 438//220 437//219
f 438//220 497//249 498//250
f 501//251 385//193 441//221
f 385//193 501//251 445//223
f 447//224 443//222 387//194
f 443//222 447//224 503//252
f 445//223 449//225 389//195
f 449//225 445//223 505//253
f 451//226 447//224 391//196
f 447//224 451//226 507//254
f 449//225 453//227 393//197
f 453//227 449//225 509//255
f 455//228 451//226 395//198
f 451//226 455//228 511//256
f 398//200 513//257 457//229
f 513//257 398//200 453//227
f 498//250 455//228 438//220
f 455//228 498//250 515//258
f 458//230 517//259 518//260
f 517//259 458//230 457//229
f 461//231 458//230 521//261
f 458//230 461//231 397//199
f 401//201 523//262 463//232
f 523//262 401//201 461//231
f 403//202 525//263 465//233
f 525//263 403//202 463//232
f 405//203 527//264 467//234
f 527//264 405//203 465//233
f 407//204 529//265 469//235
f 529//265 407//204 467//234
f 409//205 531//266 471//236
f 531//266 409//205 469//235
f 411//206 533//267 473//237
f 533//267 411//206 471//236
f 413//207 535//268 475//238
f 535//268 413//207 473//237
f 415//208 537//269 477//239
f 537//269 415//208 475//238
f 481//241 479//240 539//270
f 479//240 481//241 421//211
f 483//242 481//241 541//271
f 481//241 483//242 423//212
f 543//272 425//213 483//242
f 425//213 543//272 485//243
f 545//273 427//214 485//243
f 427//214 545//273 487//244
f 547//274 429//215 487//244
f 429//215 547//274 489//245
f 549//275 431//216 489//245
f 431//216 549//275 491//246
f 551//276 433//217 491//246
f 433//217 551//276 493//247
f 553//277 435//218 493//247
f 435//218 553//277 495//248
f 555//278 437//219 495//248
f 437//219 555//278 497//249
f 557//279 497//249 558//280
f 497//249 557//279 498//250
f 561//281 445//223 501//251
f 445//223 561//281 505//253
f 507//254 503//252 447//224
f 503//252 507//254 563//282
f 505//253 509//255 449//225
f 509//255 505//253 565//283
f 511//256 507//254 451//226
f 507//254 511//256 567//284
f 453//227 569//285 513//257
f 569//285 453//227 509//255
f 515//258 511//256 455//228
f 511//256 515//258 571//286
f 457//229 573//287 517//259
f 573//287 457//229 513//257
f 575//288 498//250 557//279
f 498//250 575//288 515//258
f 518//260 577//289 578//290
f 577//289 518//260 517//259
f 521//261 518//260 581//291
f 518//260 521//261 458//230
f 523//262 521//261 583//292
f 521//261 523//262 461//231
f 463//232 585//293 525//263
f 585//293 463//232 523//262
f 465//233 587//294 527//264
f 587//294 465//233 525//263
f 467//234 589//295 529//265
f 589//295 467//234 527//264
f 469//235 591//296 531//266
f 591//296 469//235 529//265
f 471//236 593//297 533//267
f 593//297 471//236 531//266
f 473//237 595//298 535//268
f 595//298 473//237 533//267
f 475//238 597//299 537//269
f 597//299 475//238 535//268
f 541//271 539//270 599//300
f 539//270 541//271 481//241
f 601//301 483//242 541//271
f 483//242 601//301 543//272
f 603//302 485//243 543//272
f 485//243 603//302 545//273
f 605//303 487//244 545//273
f 487//244 605//303 547//274
f 607//304 489//245 547//274
f 489//245 607//304 549//275
f 609//305 491//246 549//275
f 491//246 609//305 551//276
f 611//306 493//247 551//276
f 493//247 611//306 553//277
f 613//307 495//248 553//277
f 495//248 613//307 555//278
f 558//280 555//278 615//308
f 555//278 558//280 497//249
f 617//309 558//280 618//310
f 558//280 617//309 557//279
f 561//281 565//283 505//253
f 565//283 561//281 621//311
f 567//284 563//282 507//254
f 563//282 567//284 623//312
f 509//255 625//313 569//285
f 625//313 509//255 565//283
f 571//286 567//284 511//256
f 567//284 571//286 627//314
f 513//257 629//315 573//287
f 629//315 513//257 569//285
f 631//316 515//258 575//288
f 515//258 631//316 571//286
f 517//259 633//317 577//289
f 633//317 517//259 573//287
f 635//318 557//279 617//309
f 557//279 635//318 575//288
f 578//290 637//319 638//320
f 637//319 578//290 577//289
f 581//291 578//290 641//321
f 578//290 581//291 518//260
f 583//292 581//291 643//322
f 581//291 583//292 521//261
f 585//293 583//292 645//323
f 583//292 585//293 523//262
f 525//263 647//324 587//294
f 647//324 525//263 585//293
f 527//264 649//325 589//295
f 649//325 527//264 587//294
f 529//265 651//326 591//296
f 651//326 529//265 589//295
f 531//266 653//327 593//297
f 653//327 531//266 591//296
f 533//267 655//328 595//298
f 655//328 533//267 593//297
f 535//268 657//329 597//299
f 657//329 535//268 595//298
f 659//330 541//271 599//300
f 541//271 659//330 601//301
f 661//331 543//272 601//301
f 543//272 661//331 603//302
f 663//332 545//273 603//302
f 545//273 663//332 605//303
f 665//333 547//274 605//303
f 547//274 665//333 607//304
f 667//334 549//275 607//304
f 549//275 667//334 609//305
f 669//335 551//276 609//305
f 551//276 669//335 611//306
f 671//336 553//277 611//306
f 553//277 671//336 613//307
f 615//308 613//307 673//337
f 613//307 615//308 555//278
f 618//310 615//308 675//338
f 615//308 618//310 558//280
f 677//339 618//310 678//340
f 618//310 677//339 617//309
f 565//283 681//341 625//313
f 681//341 565//283 621//311
f 627//314 623//312 567//284
f 623//312 627//314 683//342
f 569//285 685//343 629//315
f 685//343 569//285 625//313
f 687//344 571//286 631//316
f 571//286 687//344 627//314
f 573//287 689//345 633//317
f 689//345 573//287 629//315
f 691//346 575//288 635//318
f 575//288 691//346 631//316
f 577//289 693//347 637//319
f 693//347 577//289 633//317
f 695//348 617//309 677//339
f 617//309 695//348 635//318
f 637//319 678//340 638//320
f 678//340 637//319 677//339
f 641//321 638//320 697//349
f 638//320 641//321 578//290
f 643//322 641//321 699//350
f 641//321 643//322 581//291
f 645//323 643//322 701//351
f 643//322 645//323 583//292
f 647//324 645//323 703//352
f 645//323 647//324 585//293
f 587//294 705//353 649//325
f 705//353 587//294 647//324
f 589//295 707//354 651//326
f 707//354 589//295 649//325
f 591//296 709//355 653//327
f 709//355 591//296 651//326
f 593//297 711//356 655//328
f 711//356 593//297 653//327
f 595//298 713//357 657//329
f 713//357 595//298 655//328
f 715//358 601//301 659//330
f 601//301 715//358 661//331
f 717//359 603//302 661//331
f 603//302 717//359 663//332
f 719//360 605//303 663//332
f 605//303 719//360 665//333
f 721//361 607//304 665//333
f 607//304 721//361 667//334
f 723//362 609//305 667//334
f 609//305 723//362 669//335
f 725//363 611//306 669//335
f 611//306 725//363 671//336
f 673//337 671//336 727//364
f 671//336 673//337 613//307
f 675//338 673//337 729//365
f 673//337 675//338 615//308
f 678//340 675//338 731//366
f 675//338 678//340 618//310
f 625//313 733//367 685//343
f 733//367 625//313 681//341
f 735//368 627//314 687//344
f 627//314 735//368 683//342
f 629//315 737//369 689//345
f 737//369 629//315 685//343
f 739//370 631//316 691//346
f 631//316 739//370 687//344
f 633//317 741//371 693//347
f 741//371 633//317 689//345
f 743//372 635//318 695//348
f 635//318 743//372 691//346
f 693//347 677//339 637//319
f 677//339 693//347 695//348
f 638//320 731//366 697//349
f 731//366 638//320 678//340
f 699//350 697//349 745//373
f 697//349 699//350 641//321
f 701//351 699//350 747//374
f 699//350 701//351 643//322
f 703//352 701//351 749//375
f 701//351 703//352 645//323
f 705//353 703//352 751//376
f 703//352 705//353 647//324
f 649//325 753//377 707//354
f 753//377 649//325 705//353
f 651//326 755//378 709//355
f 755//378 651//326 707//354
f 653//327 757//379 711//356
f 757//379 653//327 709//355
f 655//328 759//380 713//357
f 759//380 655//328 711//356
f 761//381 661//331 715//358
f 661//331 761//381 717//359
f 763//382 663//332 717//359
f 663//332 763//382 719//360
f 765//383 665//333 719//360
f 665//333 765//383 721//361
f 767//384 667//334 721//361
f 667//334 767//384 723//362
f 769//385 669//335 723//362
f 669//335 769//385 725//363
f 727//364 725//363 771//386
f 725//363 727//364 671//336
f 729//365 727//364 773//387
f 727//364 729//365 673//337
f 731//366 729//365 775//388
f 729//365 731//366 675//338
f 685//343 777//389 737//369
f 777//389 685//343 733//367
f 779//390 687//344 739//370
f 687//344 779//390 735//368
f 689//345 781//391 741//371
f 781//391 689//345 737//369
f 783//392 691//346 743//372
f 691//346 783//392 739//370
f 741//371 695//348 693//347
f 695//348 741//371 743//372
f 697//349 775//388 745//373
f 775//388 697//349 731//366
f 747//374 745//373 785//393
f 745//373 747//374 699//350
f 749//375 747//374 787//394
f 747//374 749//375 701//351
f 751//376 749//375 789//395
f 749//375 751//376 703//352
f 753//377 751//376 791//396
f 751//376 753//377 705//353
f 707//354 793//397 755//378
f 793//397 707//354 753//377
f 709//355 795//398 757//379
f 795//398 709//355 755//378
f 711//356 797//399 759//380
f 797//399 711//356 757//379
f 799//400 717//359 761//381
f 717//359 799//400 763//382
f 801//401 719//360 763//382
f 719//360 801//401 765//383
f 803//402 721//361 765//383
f 721//361 803//402 767//384
f 805//403 723//362 767//384
f 723//362 805//403 769//385
f 771//386 769//385 807//404
f 769//385 771//386 725//363
f 773//387 771//386 809//405
f 771//386 773//387 727//364
f 775//388 773//387 811//406
f 773//387 775//388 729//365
f 737//369 813//407 781//391
f 813//407 737//369 777//389
f 815//408 739//370 783//392
f 739//370 815//408 779//390
f 781//391 743//372 741//371
f 743//372 781//391 783//392
f 745//373 811//406 785//393
f 811//406 745//373 775//388
f 787//394 785//393 817//409
f 785//393 787//394 747//374
f 789//395 787//394 819//410
f 787//394 789//395 749//375
f 791//396 789//395 821//411
f 789//395 791//396 751//376
f 793//397 791//396 823//412
f 791//396 793//397 753//377
f 755//378 825//413 795//398
f 825//413 755//378 793//397
f 757//379 827//414 797//399
f 827//414 757//379 795//398
f 829//415 763//382 799//400
f 763//382 829//415 801//401
f 831//416 765//383 801//401
f 765//383 831//416 803//402
f 833//417 767//384 803//402
f 767//384 833//417 805//403
f 807//404 805//403 835//418
f 805//403 807//404 769//385
f 809//405 807//404 837//419
f 807//404 809//405 771//386
f 811//406 809//405 839//420
f 809//405 811//406 773//387
f 813//407 783//392 781//391
f 783//392 813//407 815//408
f 785//393 839//420 817//409
f 839//420 785//393 811//406
f 819//410 817//409 841//421
f 817//409 819//410 787//394
f 821//411 819//410 843//422
f 819//410 821//411 789//395
f 823//412 821//411 845//423
f 821//411 823//412 791//396
f 825//413 823//412 847//424
f 823//412 825//413 793//397
f 795//398 849//425 827//414
f 849//425 795//398 825//413
f 851//426 801//401 829//415
f 801//401 851//426 831//416
f 853//427 803//402 831//416
f 803//402 853//427 833//417
f 855//428 805//403 833//417
f 805//403 855//428 835//418
f 837//419 835//418 857//429
f 835//418 837//419 807//404
f 839//420 837//419 859//430
f 837//419 839//420 809//405
f 817//409 859//430 841//421
f 859//430 817//409 839//420
f 843//422 841//421 861//431
f 841//421 843//422 819//410
f 845//423 843//422 863//432
f 843//422 845//423 821//411
f 847//424 845//423 865//433
f 845//423 847//424 823//412
f 849//425 847//424 867//434
f 847//424 849//425 825//413
f 869//435 831//416 851//426
f 831//416 869//435 853//427
f 871//436 833//417 853//427
f 833//417 871//436 855//428
f 857//429 855//428 873//437
f 855//428 857//429 835//418
f 859//430 857//429 875//438
f 857//429 859//430 837//419
f 841//421 875//438 861//431
f 875//438 841//421 859//430
f 863//432 861//431 877//439
f 861//431 863//432 843//422
f 865//433 863//432 879//440
f 863//432 865//433 845//423
f 867//434 865//433 881//441
f 865//433 867//434 847//424
f 883//442 853//427 869//435
f 853//427 883//442 871//436
f 873//437 871//436 885//443
f 871//436 873//437 855//428
f 875//438 873//437 887//444
f 873//437 875//438 857//429
f 861//431 887//444 877//439
f 887//444 861//431 875//438
f 879//440 877//439 889//445
f 877//439 879//440 863//432
f 881//441 879//440 891//446
f 879//440 881//441 865//433
f 885//443 883//442 893//447
f 883//442 885//443 871//436
f 887//444 885//443 895//448
f 885//443 887//444 873//437
f 877//439 895//448 889//445
f 895//448 877//439 887//444
f 891//446 889//445 897//449
f 889//445 891//446 879//440
f 895//448 893//447 899//450
f 893//447 895//448 885//443
f 889//445 899//450 897//449
f 899//450 889//445 895//448
usemtl material_1_0
f 5//451 6//452 7//453
f 8//454 7//453 6//452
f 11//455 5//451 12//456
f 7//453 12//456 5//451
f 7//453 8//454 15//457
f 16//458 15//457 8//454
f 6//452 19//459 8//454
f 20//460 8//454 19//459
f 5//451 23//461 6//452
f 24//462 6//452 23//461
f 27//463 11//455 28//464
f 12//456 28//464 11//455
f 12//456 7//453 30//465
f 15//457 30//465 7//453
f 11//455 32//466 5//451
f 23//461 5//451 32//466
f 15//457 16//458 35//467
f 36//468 35//467 16//458
f 8//454 20//460 16//458
f 38//469 16//458 20//460
f 19//459 41//470 20//460
f 42//471 20//460 41//470
f 6//452 24//462 19//459
f 44//472 19//459 24//462
f 23//461 47//473 24//462
f 48//474 24//462 47//473
f 51//475 27//463 52//476
f 28//464 52//476 27//463
f 28//464 12//456 54//477
f 30//465 54//477 12//456
f 27//463 56//478 11//455
f 32//466 11//455 56//478
f 30//465 15//457 58//479
f 35//467 58//479 15//457
f 32//466 60//480 23//461
f 47//473 23//461 60//480
f 35//467 36//468 63//481
f 64//482 63//481 36//468
f 16//458 38//469 36//468
f 66//483 36//468 38//469
f 20//460 42//471 38//469
f 68//484 38//469 42//471
f 41//470 71//485 42//471
f 72//486 42//471 71//485
f 19//459 44//472 41//470
f 74//487 41//470 44//472
f 24//462 48//474 44//472
f 76//488 44//472 48//474
f 47//473 79//489 48//474
f 80//490 48//474 79//489
f 83//491 51//475 84//492
f 52//476 84//492 51//475
f 52//476 28//464 86//493
f 54//477 86//493 28//464
f 51//475 88//494 27//463
f 56//478 27//463 88//494
f 54//477 30//465 90//495
f 58//479 90//495 30//465
f 56//478 92//496 32//466
f 60//480 32//466 92//496
f 58//479 35//467 94//497
f 63//481 94//497 35//467
f 60//480 96//498 47//473
f 79//489 47//473 96//498
f 99//499 63//481 100//500
f 64//482 100//500 63//481
f 36//468 66//483 64//482
f 102//501 64//482 66//483
f 38//469 68//484 66//483
f 104//502 66//483 68//484
f 42//471 72//486 68//484
f 106//503 68//484 72//486
f 71//485 109//504 72//486
f 110//505 72//486 109//504
f 41//470 74//487 71//485
f 112//506 71//485 74//487
f 44//472 76//488 74//487
f 114//507 74//487 76//488
f 48//474 80//490 76//488
f 116//508 76//488 80//490
f 79//489 119//509 80//490
f 120//510 80//490 119//509
f 84//492 52//476 122//511
f 86//493 122//511 52//476
f 83//491 124//512 51//475
f 88//494 51//475 124//512
f 86//493 54//477 126//513
f 90//495 126//513 54//477
f 88//494 128//514 56//478
f 92//496 56//478 128//514
f 90//495 58//479 130//515
f 94//497 130//515 58//479
f 92//496 132//516 60//480
f 96//498 60//480 132//516
f 134//517 94//497 99//499
f 63//481 99//499 94//497
f 96//498 136//518 79//489
f 119//509 79//489 136//518
f 139//519 99//499 140//520
f 100//500 140//520 99//499
f 100//500 64//482 142//521
f 102//501 142//521 64//482
f 66//483 104//502 102//501
f 144//522 102//501 104//502
f 68//484 106//503 104//502
f 146//523 104//502 106//503
f 72//486 110//505 106//503
f 148//524 106//503 110//505
f 109//504 151//525 110//505
f 152//526 110//505 151//525
f 71//485 112//506 109//504
f 154//527 109//504 112//506
f 74//487 114//507 112//506
f 156//528 112//506 114//507
f 76//488 116//508 114//507
f 158//529 114//507 116//508
f 80//490 120//510 116//508
f 160//530 116//508 120//510
f 163//531 164//532 119//509
f 120//510 119//509 164//532
f 122//511 86//493 166//533
f 126//513 166//533 86//493
f 124//512 168//367 88//494
f 128//514 88//494 168//367
f 126//513 90//495 170//534
f 130//515 170//534 90//495
f 128//514 172//535 92//496
f 132//516 92//496 172//535
f 174//536 130//515 134//517
f 94//497 134//517 130//515
f 132//516 176//537 96//498
f 136//518 96//498 176//537
f 178//538 134//517 139//519
f 99//499 139//519 134//517
f 180//539 163//531 136//518
f 119//509 136//518 163//531
f 183//540 139//519 184//541
f 140//520 184//541 139//519
f 140//520 100//500 186//542
f 142//521 186//542 100//500
f 142//521 102//501 188//543
f 144//522 188//543 102//501
f 104//502 146//523 144//522
f 190//544 144//522 146//523
f 106//503 148//524 146//523
f 192//545 146//523 148//524
f 110//505 152//526 148//524
f 194//546 148//524 152//526
f 151//525 197//547 152//526
f 198//548 152//526 197//547
f 109//504 154//527 151//525
f 200//549 151//525 154//527
f 112//506 156//528 154//527
f 202//550 154//527 156//528
f 114//507 158//529 156//528
f 204//551 156//528 158//529
f 116//508 160//530 158//529
f 206//552 158//529 160//530
f 164//532 208//553 120//510
f 160//530 120//510 208//553
f 211//554 212//555 163//531
f 164//532 163//531 212//555
f 166//533 126//513 214//556
f 170//534 214//556 126//513
f 168//367 216//557 128//514
f 172//535 128//514 216//557
f 218//558 170//534 174//536
f 130//515 174//536 170//534
f 172//535 220//559 132//516
f 176//537 132//516 220//559
f 222//560 174//536 178//538
f 134//517 178//538 174//536
f 224//561 180//539 176//537
f 136//518 176//537 180//539
f 226//562 178//538 183//540
f 139//519 183//540 178//538
f 228//563 211//554 180//539
f 163//531 180//539 211//554
f 231//564 183//540 232//565
f 184//541 232//565 183//540
f 184//541 140//520 234//566
f 186//542 234//566 140//520
f 186//542 142//521 236//567
f 188//543 236//567 142//521
f 188//543 144//522 238//568
f 190//544 238//568 144//522
f 146//523 192//545 190//544
f 240//569 190//544 192//545
f 148//524 194//546 192//545
f 242//570 192//545 194//546
f 152//526 198//548 194//546
f 244//571 194//546 198//548
f 197//547 247//572 198//548
f 248//573 198//548 247//572
f 151//525 200//549 197//547
f 250//574 197//547 200//549
f 154//527 202//550 200//549
f 252//575 200//549 202//550
f 156//528 204//551 202//550
f 254//576 202//550 204//551
f 158//529 206//552 204//551
f 256//577 204//551 206//552
f 208//553 258//578 160//530
f 206//552 160//530 258//578
f 212//555 260//579 164//532
f 208//553 164//532 260//579
f 263//580 264//581 211//554
f 212//555 211//554 264//581
f 218//558 266//312 170//534
f 214//556 170//534 266//312
f 216//557 268//582 172//535
f 220//559 172//535 268//582
f 270//583 218//558 222//560
f 174//536 222//560 218//558
f 272//584 224//561 220//559
f 176//537 220//559 224//561
f 274//585 222//560 226//562
f 178//538 226//562 222//560
f 276//586 228//563 224//561
f 180//539 224//561 228//563
f 278//587 226//562 231//564
f 183//540 231//564 226//562
f 280//588 263//580 228//563
f 211//554 228//563 263//580
f 283//589 231//564 284//590
f 232//565 284//590 231//564
f 232//565 184//541 286//591
f 234//566 286//591 184//541
f 234//566 186//542 288//592
f 236//567 288//592 186//542
f 236//567 188//543 290//593
f 238//568 290//593 188//543
f 238//568 190//544 292//594
f 240//569 292//594 190//544
f 192//545 242//570 240//569
f 294//595 240//569 242//570
f 194//546 244//571 242//570
f 296//596 242//570 244//571
f 198//548 248//573 244//571
f 298//597 244//571 248//573
f 247//572 301//598 248//573
f 302//599 248//573 301//598
f 197//547 250//574 247//572
f 304//600 247//572 250//574
f 200//549 252//575 250//574
f 306//601 250//574 252//575
f 202//550 254//576 252//575
f 308//602 252//575 254//576
f 204//551 256//577 254//576
f 310//603 254//576 256//577
f 258//578 312//604 206//552
f 256//577 206//552 312//604
f 260//579 314//605 208//553
f 258//578 208//553 314//605
f 264//581 316//606 212//555
f 260//579 212//555 316//606
f 319//607 320//608 263//580
f 264//581 263//580 320//608
f 270//583 322//282 218//558
f 266//312 218//558 322//282
f 324//609 272//584 268//582
f 220//559 268//582 272//584
f 326//610 270//583 274//585
f 222//560 274//585 270//583
f 328//611 276//586 272//584
f 224//561 272//584 276//586
f 330//612 274//585 278//587
f 226//562 278//587 274//585
f 332//613 280//588 276//586
f 228//563 276//586 280//588
f 334//614 278//587 283//589
f 231//564 283//589 278//587
f 336//615 319//607 280//588
f 263//580 280//588 319//607
f 339//616 283//589 340//617
f 284//590 340//617 283//589
f 284//590 232//565 342//618
f 286//591 342//618 232//565
f 286//591 234//566 344//619
f 288//592 344//619 234//566
f 288//592 236//567 346//620
f 290//593 346//620 236//567
f 290//593 238//568 348//621
f 292//594 348//621 238//568
f 292//594 240//569 350//622
f 294//595 350//622 240//569
f 242//570 296//596 294//595
f 352//623 294//595 296//596
f 244//571 298//597 296//596
f 354//624 296//596 298//597
f 248//573 302//599 298//597
f 356//625 298//597 302//599
f 301//598 359//449 302//599
f 360//450 302//599 359//449
f 247//572 304//600 301//598
f 362//626 301//598 304//600
f 250//574 306//601 304//600
f 364//627 304//600 306//601
f 252//575 308//602 306//601
f 366//628 306//601 308//602
f 254//576 310//603 308//602
f 368//629 308//602 310//603
f 312//604 370//630 256//577
f 310//603 256//577 370//630
f 314//605 372//631 258//578
f 312//604 258//578 372//631
f 316//606 374//632 260//579
f 314//605 260//579 374//632
f 320//608 376//633 264//581
f 316//606 264//581 376//633
f 379//634 380//635 319//607
f 320//608 319//607 380//635
f 382//636 322//282 326//610
f 270//583 326//610 322//282
f 384//637 328//611 324//609
f 272//584 324//609 328//611
f 386//638 326//610 330//612
f 274//585 330//612 326//610
f 388//639 332//613 328//611
f 276//586 328//611 332//613
f 390//640 330//612 334//614
f 278//587 334//614 330//612
f 392//641 336//615 332//613
f 280//588 332//613 336//615
f 394//642 334//614 339//616
f 283//589 339//616 334//614
f 396//643 379//634 336//615
f 319//607 336//615 379//634
f 399//644 339//616 400//645
f 340//617 400//645 339//616
f 340//617 284//590 402//646
f 342//618 402//646 284//590
f 342//618 286//591 404//647
f 344//619 404//647 286//591
f 344//619 288//592 406//648
f 346//620 406//648 288//592
f 346//620 290//593 408//649
f 348//621 408//649 290//593
f 348//621 292//594 410//650
f 350//622 410//650 292//594
f 350//622 294//595 412//651
f 352//623 412//651 294//595
f 352//623 296//596 414//652
f 354//624 414//652 296//596
f 298//597 356//625 354//624
f 416//653 354//624 356//625
f 302//599 360//450 356//625
f 418//447 356//625 360//450
f 301//598 362//626 359//449
f 420//446 359//449 362//626
f 304//600 364//627 362//626
f 422//654 362//626 364//627
f 306//601 366//628 364//627
f 424//655 364//627 366//628
f 308//602 368//629 366//628
f 426//656 366//628 368//629
f 370//630 428//657 310//603
f 368//629 310//603 428//657
f 372//631 430//658 312//604
f 370//630 312//604 430//658
f 374//632 432//659 314//605
f 372//631 314//605 432//659
f 376//633 434//660 316//606
f 374//632 316//606 434//660
f 380//635 436//661 320//608
f 376//633 320//608 436//661
f 439//662 440//663 379//634
f 380//635 379//634 440//663
f 386//638 442//664 326//610
f 382//636 326//610 442//664
f 444//665 388//639 384//637
f 328//611 384//637 388//639
f 446//666 386//638 390//640
f 330//612 390//640 386//638
f 448//667 392//641 388//639
f 332//613 388//639 392//641
f 450//668 390//640 394//642
f 334//614 394//642 390//640
f 452//669 396//643 392//641
f 336//615 392//641 396//643
f 454//670 394//642 399//644
f 339//616 399//644 394//642
f 456//671 439//662 396//643
f 379//634 396//643 439//662
f 399//644 400//645 459//672
f 460//673 459//672 400//645
f 400//645 340//617 462//674
f 402//646 462//674 340//617
f 402//646 342//618 464//675
f 404//647 464//675 342//618
f 404//647 344//619 466//676
f 406//648 466//676 344//619
f 406//648 346//620 468//677
f 408//649 468//677 346//620
f 408//649 348//621 470//678
f 410//650 470//678 348//621
f 410//650 350//622 472//679
f 412//651 472//679 350//622
f 412//651 352//623 474//680
f 414//652 474//680 352//623
f 414//652 354//624 476//681
f 416//653 476//681 354//624
f 356//625 418//447 416//653
f 478//442 416//653 418//447
f 362//626 422//654 420//446
f 480//441 420//446 422//654
f 364//627 424//655 422//654
f 482//682 422//654 424//655
f 366//628 426//656 424//655
f 484//683 424//655 426//656
f 428//657 486//684 368//629
f 426//656 368//629 486//684
f 430//658 488//685 370//630
f 428//657 370//630 488//685
f 432//659 490//686 372//631
f 430//658 372//631 490//686
f 434//660 492//687 374//632
f 432//659 374//632 492//687
f 436//661 494//688 376//633
f 434//660 376//633 494//688
f 440//663 496//689 380//635
f 436//661 380//635 496//689
f 499//690 500//691 439//662
f 440//663 439//662 500//691
f 446//666 502//692 386//638
f 442//664 386//638 502//692
f 504//693 448//667 444//665
f 388//639 444//665 448//667
f 506//694 446//666 450//668
f 390//640 450//668 446//666
f 508//695 452//669 448//667
f 392//641 448//667 452//669
f 510//696 450//668 454//670
f 394//642 454//670 450//668
f 512//697 456//671 452//669
f 396//643 452//669 456//671
f 454//670 399//644 514//698
f 459//672 514//698 399//644
f 516//699 499//690 456//671
f 439//662 456//671 499//690
f 459//672 460//673 519//700
f 520//701 519//700 460//673
f 400//645 462//674 460//673
f 522//702 460//673 462//674
f 462//674 402//646 524//703
f 464//675 524//703 402//646
f 464//675 404//647 526//704
f 466//676 526//704 404//647
f 466//676 406//648 528//705
f 468//677 528//705 406//648
f 468//677 408//649 530//706
f 470//678 530//706 408//649
f 470//678 410//650 532//707
f 472//679 532//707 410//650
f 472//679 412//651 534//708
f 474//680 534//708 412//651
f 474//680 414//652 536//709
f 476//681 536//709 414//652
f 476//681 416//653 538//435
f 478//442 538//435 416//653
f 422//654 482//682 480//441
f 540//434 480//441 482//682
f 424//655 484//683 482//682
f 542//710 482//682 484//683
f 486//684 544//711 426//656
f 484//683 426//656 544//711
f 488//685 546//712 428//657
f 486//684 428//657 546//712
f 490//686 548//713 430//658
f 488//685 430//658 548//713
f 492//687 550//714 432//659
f 490//686 432//659 550//714
f 494//688 552//715 434//660
f 492//687 434//660 552//715
f 496//689 554//716 436//661
f 494//688 436//661 554//716
f 500//691 556//717 440//663
f 496//689 440//663 556//717
f 499//690 559//718 500//691
f 560//719 500//691 559//718
f 506//694 562//720 446//666
f 502//692 446//666 562//720
f 564//161 508//695 504//693
f 448//667 504//693 508//695
f 566//721 506//694 510//696
f 450//668 510//696 506//694
f 568//722 512//697 508//695
f 452//669 508//695 512//697
f 510//696 454//670 570//723
f 514//698 570//723 454//670
f 572//724 516//699 512//697
f 456//671 512//697 516//699
f 514//698 459//672 574//725
f 519//700 574//725 459//672
f 516//699 576//726 499//690
f 559//718 499//690 576//726
f 519//700 520//701 579//727
f 580//728 579//727 520//701
f 460//673 522//702 520//701
f 582//729 520//701 522//702
f 462//674 524//703 522//702
f 584//730 522//702 524//703
f 524//703 464//675 586//731
f 526//704 586//731 464//675
f 526//704 466//676 588//732
f 528//705 588//732 466//676
f 528//705 468//677 590//733
f 530//706 590//733 468//677
f 530//706 470//678 592//734
f 532//707 592//734 470//678
f 532//707 472//679 594//735
f 534//708 594//735 472//679
f 534//708 474//680 596//736
f 536//709 596//736 474//680
f 536//709 476//681 598//426
f 538//435 598//426 476//681
f 482//682 542//710 540//434
f 600//425 540//434 542//710
f 544//711 602//737 484//683
f 542//710 484//683 602//737
f 546//712 604//738 486//684
f 544//711 486//684 604//738
f 548//713 606//739 488//685
f 546//712 488//685 606//739
f 550//714 608//740 490//686
f 548//713 490//686 608//740
f 552//715 610//741 492//687
f 550//714 492//687 610//741
f 554//716 612//742 494//688
f 552//715 494//688 612//742
f 556//717 614//743 496//689
f 554//716 496//689 614//743
f 500//691 560//719 556//717
f 616//744 556//717 560//719
f 559//718 619//745 560//719
f 620//746 560//719 619//745
f 622//747 562//720 566//721
f 506//694 566//721 562//720
f 624//133 568//722 564//161
f 508//695 564//161 568//722
f 566//721 510//696 626//748
f 570//723 626//748 510//696
f 628//749 572//724 568//722
f 512//697 568//722 572//724
f 570//723 514//698 630//750
f 574//725 630//750 514//698
f 572//724 632//751 516//699
f 576//726 516//699 632//751
f 574//725 519//700 634//752
f 579//727 634//752 519//700
f 576//726 636//753 559//718
f 619//745 559//718 636//753
f 579//727 580//728 639//754
f 640//755 639//754 580//728
f 520//701 582//729 580//728
f 642//756 580//728 582//729
f 522//702 584//730 582//729
f 644//757 582//729 584//730
f 524//703 586//731 584//730
f 646//758 584//730 586//731
f 586//731 526//704 648//759
f 588//732 648//759 526//704
f 588//732 528//705 650//760
f 590//733 650//760 528//705
f 590//733 530//706 652//761
f 592//734 652//761 530//706
f 592//734 532//707 654//762
f 594//735 654//762 532//707
f 594//735 534//708 656//763
f 596//736 656//763 534//708
f 596//736 536//709 658//415
f 598//426 658//415 536//709
f 602//737 660//414 542//710
f 600//425 542//710 660//414
f 604//738 662//764 544//711
f 602//737 544//711 662//764
f 606//739 664//765 546//712
f 604//738 546//712 664//765
f 608//740 666//766 548//713
f 606//739 548//713 666//766
f 610//741 668//767 550//714
f 608//740 550//714 668//767
f 612//742 670//768 552//715
f 610//741 552//715 670//768
f 614//743 672//769 554//716
f 612//742 554//716 672//769
f 556//717 616//744 614//743
f 674//770 614//743 616//744
f 560//719 620//746 616//744
f 676//771 616//744 620//746
f 619//745 679//772 620//746
f 680//773 620//746 679//772
f 622//747 566//721 682//774
f 626//748 682//774 566//721
f 684//775 628//749 624//133
f 568//722 624//133 628//749
f 626//748 570//723 686//776
f 630//750 686//776 570//723
f 628//749 688//777 572//724
f 632//751 572//724 688//777
f 630//750 574//725 690//778
f 634//752 690//778 574//725
f 632//751 692//779 576//726
f 636//753 576//726 692//779
f 634//752 579//727 694//780
f 639//754 694//780 579//727
f 636//753 696//781 619//745
f 679//772 619//745 696//781
f 679//772 639//754 680//773
f 640//755 680//773 639//754
f 580//728 642//756 640//755
f 698//782 640//755 642//756
f 582//729 644//757 642//756
f 700//783 642//756 644//757
f 584//730 646//758 644//757
f 702//784 644//757 646//758
f 586//731 648//759 646//758
f 704//785 646//758 648//759
f 648//759 588//732 706//786
f 650//760 706//786 588//732
f 650//760 590//733 708//787
f 652//761 708//787 590//733
f 652//761 592//734 710//788
f 654//762 710//788 592//734
f 654//762 594//735 712//789
f 656//763 712//789 594//735
f 656//763 596//736 714//400
f 658//415 714//400 596//736
f 662//764 716//399 602//737
f 660//414 602//737 716//399
f 664//765 718//790 604//738
f 662//764 604//738 718//790
f 666//766 720//791 606//739
f 664//765 606//739 720//791
f 668//767 722//792 608//740
f 666//766 608//740 722//792
f 670//768 724//793 610//741
f 668//767 610//741 724//793
f 672//769 726//794 612//742
f 670//768 612//742 726//794
f 614//743 674//770 672//769
f 728//795 672//769 674//770
f 616//744 676//771 674//770
f 730//796 674//770 676//771
f 620//746 680//773 676//771
f 732//797 676//771 680//773
f 682//774 626//748 734//84
f 686//776 734//84 626//748
f 684//775 736//798 628//749
f 688//777 628//749 736//798
f 686//776 630//750 738//799
f 690//778 738//799 630//750
f 688//777 740//800 632//751
f 692//779 632//751 740//800
f 690//778 634//752 742//801
f 694//780 742//801 634//752
f 692//779 744//802 636//753
f 696//781 636//753 744//802
f 696//781 694//780 679//772
f 639//754 679//772 694//780
f 680//773 640//755 732//797
f 698//782 732//797 640//755
f 642//756 700//783 698//782
f 746//803 698//782 700//783
f 644//757 702//784 700//783
f 748//804 700//783 702//784
f 646//758 704//785 702//784
f 750//805 702//784 704//785
f 648//759 706//786 704//785
f 752//806 704//785 706//786
f 706//786 650//760 754//807
f 708//787 754//807 650//760
f 708//787 652//761 756//808
f 710//788 756//808 652//761
f 710//788 654//762 758//809
f 712//789 758//809 654//762
f 712//789 656//763 760//381
f 714//400 760//381 656//763
f 718//790 762//380 662//764
f 716//399 662//764 762//380
f 720//791 764//810 664//765
f 718//790 664//765 764//810
f 722//792 766//811 666//766
f 720//791 666//766 766//811
f 724//793 768//812 668//767
f 722//792 668//767 768//812
f 726//794 770//813 670//768
f 724//793 670//768 770//813
f 672//769 728//795 726//794
f 772//814 726//794 728//795
f 674//770 730//796 728//795
f 774//815 728//795 730//796
f 676//771 732//797 730//796
f 776//816 730//796 732//797
f 734//84 686//776 778//817
f 738//799 778//817 686//776
f 736//798 780//818 688//777
f 740//800 688//777 780//818
f 738//799 690//778 782//819
f 742//801 782//819 690//778
f 740//800 784//820 692//779
f 744//802 692//779 784//820
f 744//802 742//801 696//781
f 694//780 696//781 742//801
f 732//797 698//782 776//816
f 746//803 776//816 698//782
f 700//783 748//804 746//803
f 786//821 746//803 748//804
f 702//784 750//805 748//804
f 788//822 748//804 750//805
f 704//785 752//806 750//805
f 790//823 750//805 752//806
f 706//786 754//807 752//806
f 792//824 752//806 754//807
f 754//807 708//787 794//825
f 756//808 794//825 708//787
f 756//808 710//788 796//826
f 758//809 796//826 710//788
f 758//809 712//789 798//358
f 760//381 798//358 712//789
f 764//810 800//357 718//790
f 762//380 718//790 800//357
f 766//811 802//827 720//791
f 764//810 720//791 802//827
f 768//812 804//828 722//792
f 766//811 722//792 804//828
f 770//813 806//829 724//793
f 768//812 724//793 806//829
f 726//794 772//814 770//813
f 808//830 770//813 772//814
f 728//795 774//815 772//814
f 810//831 772//814 774//815
f 730//796 776//816 774//815
f 812//832 774//815 776//816
f 778//817 738//799 814//833
f 782//819 814//833 738//799
f 780//818 816//834 740//800
f 784//820 740//800 816//834
f 784//820 782//819 744//802
f 742//801 744//802 782//819
f 776//816 746//803 812//832
f 786//821 812//832 746//803
f 748//804 788//822 786//821
f 818//835 786//821 788//822
f 750//805 790//823 788//822
f 820//836 788//822 790//823
f 752//806 792//824 790//823
f 822//837 790//823 792//824
f 754//807 794//825 792//824
f 824//838 792//824 794//825
f 794//825 756//808 826//839
f 796//826 826//839 756//808
f 796//826 758//809 828//330
f 798//358 828//330 758//809
f 802//827 830//329 764//810
f 800//357 764//810 830//329
f 804//828 832//840 766//811
f 802//827 766//811 832//840
f 806//829 834//841 768//812
f 804//828 768//812 834//841
f 770//813 808//830 806//829
f 836//842 806//829 808//830
f 772//814 810//831 808//830
f 838//843 808//830 810//831
f 774//815 812//832 810//831
f 840//844 810//831 812//832
f 816//834 814//833 784//820
f 782//819 784//820 814//833
f 812//832 786//821 840//844
f 818//835 840//844 786//821
f 788//822 820//836 818//835
f 842//845 818//835 820//836
f 790//823 822//837 820//836
f 844//846 820//836 822//837
f 792//824 824//838 822//837
f 846//847 822//837 824//838
f 794//825 826//839 824//838
f 848//848 824//838 826//839
f 826//839 796//826 850//300
f 828//330 850//300 796//826
f 832//840 852//299 802//827
f 830//329 802//827 852//299
f 834//841 854//849 804//828
f 832//840 804//828 854//849
f 836//842 856//850 806//829
f 834//841 806//829 856//850
f 808//830 838//843 836//842
f 858//851 836//842 838//843
f 810//831 840//844 838//843
f 860//852 838//843 840//844
f 840//844 818//835 860//852
f 842//845 860//852 818//835
f 820//836 844//846 842//845
f 862//853 842//845 844//846
f 822//837 846//847 844//846
f 864//854 844//846 846//847
f 824//838 848//848 846//847
f 866//855 846//847 848//848
f 826//839 850//300 848//848
f 868//270 848//848 850//300
f 854//849 870//269 832//840
f 852//299 832//840 870//269
f 856//850 872//856 834//841
f 854//849 834//841 872//856
f 836//842 858//851 856//850
f 874//857 856//850 858//851
f 838//843 860//852 858//851
f 876//858 858//851 860//852
f 860//852 842//845 876//858
f 862//853 876//858 842//845
f 844//846 864//854 862//853
f 878//859 862//853 864//854
f 846//847 866//855 864//854
f 880//860 864//854 866//855
f 848//848 868//270 866//855
f 882//240 866//855 868//270
f 872//856 884//239 854//849
f 870//269 854//849 884//239
f 856//850 874//857 872//856
f 886//861 872//856 874//857
f 858//851 876//858 874//857
f 888//862 874//857 876//858
f 876//858 862//853 888//862
f 878//859 888//862 862//853
f 864//854 880//860 878//859
f 890//863 878//859 880//860
f 866//855 882//240 880//860
f 892//210 880//860 882//240
f 872//856 886//861 884//239
f 894//209 884//239 886//861
f 874//857 888//862 886//861
f 896//864 886//861 888//862
f 888//862 878//859 896//864
f 890//863 896//864 878//859
f 880//860 892//210 890//863
f 898//179 890//863 892//210
f 886//861 896//864 894//209
f 900//180 894//209 896//864
f 896//864 890//863 900//180
f 898//179 900//180 890//863
