# SSTK version 0.8.0
# 3
mtllib original_3.mtl
o #ID156
v -0.05852115 0.46326908 -0.05754060
v -0.06634762 0.72239559 -0.04847681
v -0.06638242 0.46334781 -0.04860808
v -0.05867716 0.72255024 -0.05748830
v -0.05856277 0.72244913 -0.05768162
v -0.05854249 0.46320806 -0.05747794
v -0.06629902 0.72224752 -0.04846370
v -0.06629554 0.46331766 -0.04855695
v -0.04964342 0.72250478 -0.06533512
v -0.04945481 0.46327093 -0.06526627
v -0.04939875 0.72248166 -0.06523851
v -0.04961677 0.46320821 -0.06540784
v -0.05855153 0.72257644 -0.05762165
v -0.06623842 0.72281054 -0.04846217
v -0.06623016 0.72232748 -0.04847978
v -0.05849912 0.72284100 -0.05760837
v -0.05865747 0.72277882 -0.05756431
v -0.05854557 0.72252231 -0.05766903
v -0.06643166 0.72284441 -0.04860023
v -0.06624176 0.72230826 -0.04861015
v -0.07262995 0.72224721 -0.03838501
v -0.07236816 0.46327981 -0.03827983
v -0.07255655 0.72247790 -0.03823049
v -0.07247564 0.46338308 -0.03849480
v -0.05829795 0.45960822 -0.05756846
v -0.06622194 0.46319397 -0.04845223
v -0.06620155 0.45962910 -0.04848776
v -0.05864931 0.46338197 -0.05744748
v -0.05865334 0.46319580 -0.05749321
v -0.05860916 0.45956260 -0.05751507
v -0.06641412 0.46326155 -0.04852982
v -0.06603750 0.45967136 -0.04841104
v -0.03930498 0.72231749 -0.07144659
v -0.03932696 0.46324894 -0.07142459
v -0.03941079 0.72237344 -0.07137026
v -0.03936845 0.46331328 -0.07142526
v -0.04946580 0.72292589 -0.06534087
v -0.04951286 0.72248630 -0.06534799
v -0.04953677 0.72277543 -0.06528806
v -0.04960601 0.72239414 -0.06525626
v -0.04954991 0.46342110 -0.06542644
v -0.04941450 0.45955123 -0.06515420
v -0.04966244 0.46315934 -0.06541318
v -0.04938226 0.45949594 -0.06521682
v -0.06637187 0.72317446 -0.04852653
v -0.05857594 0.72300035 -0.05756301
v -0.05877379 0.72309516 -0.05741937
v -0.06634914 0.72303318 -0.04871583
v -0.07247689 0.72287580 -0.03839551
v -0.07253177 0.72241433 -0.03841512
v -0.07256189 0.72274335 -0.03831329
v -0.07259953 0.72240378 -0.03846499
v -0.07703090 0.72232226 -0.02744094
v -0.07708825 0.46333780 -0.02748798
v -0.07708008 0.72238872 -0.02750050
v -0.07704617 0.46325068 -0.02740290
v -0.07257900 0.46338222 -0.03831876
v -0.07228625 0.45975130 -0.03817265
v -0.07234811 0.46318207 -0.03836021
v -0.07236195 0.45962250 -0.03841977
v -0.05823468 0.45609747 -0.05713870
v -0.06592608 0.45593616 -0.04824259
v -0.05819978 0.45600431 -0.05707060
v -0.06586013 0.45589740 -0.04801048
v -0.02833486 0.72240533 -0.07587484
v -0.02839278 0.46309097 -0.07601993
v -0.02850650 0.72237101 -0.07614231
v -0.02842154 0.46338133 -0.07601360
v -0.03946977 0.72281243 -0.07151236
v -0.03944984 0.72248631 -0.07139631
v -0.03942675 0.72278547 -0.07144620
v -0.03932506 0.72230507 -0.07137154
v -0.03936927 0.46339011 -0.07160360
v -0.03938423 0.45962884 -0.07134204
v -0.03942683 0.46341270 -0.07154688
v -0.03930308 0.45959418 -0.07133225
v -0.04967453 0.72315474 -0.06543854
v -0.04960367 0.72300976 -0.06532741
v -0.04916596 0.45600949 -0.06471587
v -0.04929175 0.45597849 -0.06472865
v -0.06645971 0.72357483 -0.04877737
v -0.05885942 0.72339623 -0.05773410
v -0.05863633 0.72355584 -0.05754804
v -0.06636989 0.72346508 -0.04859143
v -0.07271983 0.72303598 -0.03834283
v -0.07268472 0.72312467 -0.03857241
v -0.07708926 0.72277496 -0.02728879
v -0.07714388 0.72251705 -0.02756374
v -0.07709887 0.72280501 -0.02727472
v -0.07688755 0.72236816 -0.02744282
v -0.07988455 0.46333387 -0.01585042
v -0.07983226 0.72237676 -0.01584189
v -0.07976929 0.46340758 -0.01581660
v -0.07987697 0.72232606 -0.01584876
v -0.07704817 0.46345153 -0.02750714
v -0.07704228 0.45961665 -0.02748091
v -0.07703721 0.46326101 -0.02729397
v -0.07686303 0.45952535 -0.02746260
v -0.07189248 0.45592033 -0.03805653
v -0.07197276 0.45579062 -0.03822175
v -0.05750226 0.45230409 -0.05640018
v -0.06498967 0.45237167 -0.04763342
v -0.05756427 0.45234061 -0.05652266
v -0.06509673 0.45252067 -0.04777404
v -0.01690161 0.72244289 -0.07887758
v -0.01684983 0.46333941 -0.07885425
v -0.01685123 0.72247240 -0.07875355
v -0.01695366 0.46334983 -0.07881250
v -0.02843231 0.72282120 -0.07605817
v -0.02833045 0.72256797 -0.07590191
v -0.02842451 0.72289129 -0.07594750
v -0.02849791 0.72239405 -0.07596967
v -0.02830845 0.46336675 -0.07598734
v -0.02833806 0.45965945 -0.07589257
v -0.02853809 0.46332107 -0.07594450
v -0.02839905 0.45975443 -0.07584346
v -0.03942798 0.72325442 -0.07151673
v -0.03945272 0.72317490 -0.07165363
v -0.03908376 0.45595444 -0.07084550
v -0.03906092 0.45594802 -0.07090540
v -0.04955122 0.72341674 -0.06551799
v -0.04949548 0.72342428 -0.06546473
v -0.04866817 0.45250760 -0.06416033
v -0.04875751 0.45255556 -0.06407797
v -0.06644618 0.72387944 -0.04855841
v -0.05895119 0.72362361 -0.05765204
v -0.05868928 0.72363034 -0.05778375
v -0.06669320 0.72372526 -0.04867927
v -0.07278363 0.72337456 -0.03835445
v -0.07261878 0.72350530 -0.03849843
v -0.07710397 0.72327838 -0.02751410
v -0.07700552 0.72310145 -0.02734235
v -0.07998011 0.72280250 -0.01590310
v -0.07968649 0.72242213 -0.01588812
v -0.07969161 0.72282153 -0.01585375
v -0.07993757 0.72243412 -0.01575255
v -0.08087602 0.72254030 -0.00414762
v -0.08086696 0.46325685 -0.00411256
v -0.08079385 0.72238025 -0.00390306
v -0.08062127 0.46343459 -0.00415173
v -0.07985173 0.46343129 -0.01588282
v -0.07971752 0.45959329 -0.01584151
v -0.07982809 0.46325796 -0.01572421
v -0.07963451 0.45953297 -0.01571205
v -0.07649323 0.45582017 -0.02724254
v -0.07642181 0.45588079 -0.02724461
v -0.07119105 0.45252397 -0.03760872
v -0.07114014 0.45252828 -0.03777724
v -0.05665383 0.44915476 -0.05571683
v -0.06415912 0.44906203 -0.04690563
v -0.05662672 0.44902584 -0.05584825
v -0.06426004 0.44908646 -0.04699753
v -0.00514881 0.72225646 -0.07973073
v -0.00507576 0.46327736 -0.07980986
v -0.00518851 0.72242033 -0.07975128
v -0.00501241 0.46320336 -0.07979932
v -0.01685948 0.72290150 -0.07882644
v -0.01682679 0.72245288 -0.07884553
v -0.01695567 0.72277149 -0.07876263
v -0.01679476 0.72250846 -0.07877504
v -0.01686796 0.46322430 -0.07867639
v -0.01690582 0.45960103 -0.07869149
v -0.01689702 0.46333924 -0.07888224
v -0.01687760 0.45964763 -0.07866086
v -0.02847891 0.72294230 -0.07608709
v -0.02848577 0.72317662 -0.07603316
v -0.02823444 0.45600134 -0.07538268
v -0.02812313 0.45585798 -0.07525505
v -0.03949613 0.72357132 -0.07172955
v -0.03934171 0.72344627 -0.07166796
v -0.03881946 0.45224993 -0.07017197
v -0.03883236 0.45238939 -0.07010872
v -0.04992684 0.72378804 -0.06555928
v -0.04982713 0.72390820 -0.06554355
v -0.04795849 0.44900880 -0.06322878
v -0.04804130 0.44925261 -0.06317072
v -0.06689057 0.72409446 -0.04891724
v -0.05901497 0.72415090 -0.05807548
v -0.05895665 0.72395271 -0.05784671
v -0.06665401 0.72405130 -0.04889541
v -0.07280599 0.72373617 -0.03857818
v -0.07287627 0.72386034 -0.03837595
v -0.07727925 0.72351715 -0.02744426
v -0.07727608 0.72342684 -0.02755876
v -0.07996129 0.72312933 -0.01584415
v -0.07992702 0.72308997 -0.01603753
v -0.08084124 0.72278533 -0.00398656
v -0.08076398 0.72235056 -0.00396836
v -0.08075736 0.72264816 -0.00394099
v -0.08082107 0.72233199 -0.00408080
v -0.07985345 0.72238465 0.00771655
v -0.07990635 0.46331050 0.00782404
v -0.07985195 0.72242254 0.00782863
v -0.07974388 0.46319760 0.00778768
v -0.08079085 0.46317178 -0.00390604
v -0.08053125 0.45963669 -0.00405491
v -0.08085960 0.46326691 -0.00403200
v -0.08047490 0.45955558 -0.00405019
v -0.07918054 0.45598941 -0.01584833
v -0.07933015 0.45607555 -0.01572101
v -0.07561184 0.45248569 -0.02703219
v -0.07577695 0.45238769 -0.02700030
v -0.07015600 0.44905520 -0.03714306
v -0.07009076 0.44900146 -0.03736275
v -0.05595890 0.44596782 -0.05479384
v -0.06317764 0.44608687 -0.04615805
v -0.05578663 0.44594607 -0.05478153
v -0.06314707 0.44587981 -0.04625875
v 0.00687951 0.72255344 -0.07880074
v 0.00699535 0.46331740 -0.07871755
v 0.00682557 0.72234061 -0.07880316
v 0.00681156 0.46330031 -0.07884100
v -0.00492116 0.72288058 -0.07979003
v -0.00519701 0.72244898 -0.07983245
v -0.00503850 0.72280345 -0.07988474
v -0.00499758 0.72231979 -0.07975645
v -0.00506783 0.46339740 -0.07962195
v -0.00512271 0.45947999 -0.07949792
v -0.00506602 0.46332590 -0.07959821
v -0.00506700 0.45950784 -0.07960040
v -0.01705794 0.72295072 -0.07889742
v -0.01698166 0.72311421 -0.07883403
v -0.01679561 0.45588639 -0.07807999
v -0.01675791 0.45594048 -0.07814927
v -0.02836607 0.72352183 -0.07623418
v -0.02845968 0.72334942 -0.07606684
v -0.02795424 0.45234897 -0.07452377
v -0.02801301 0.45229528 -0.07465573
v -0.03970175 0.72368037 -0.07186717
v -0.03947037 0.72377190 -0.07195580
v -0.03831058 0.44906643 -0.06925144
v -0.03836620 0.44912627 -0.06920260
v -0.04978533 0.72399311 -0.06580215
v -0.04990979 0.72402829 -0.06565154
v -0.04721658 0.44588494 -0.06207324
v -0.04718512 0.44590077 -0.06195811
v -0.05931315 0.72423196 -0.05804591
v -0.06702117 0.72451205 -0.04900364
v -0.05921881 0.72445072 -0.05809339
v -0.06698368 0.72437234 -0.04908991
v -0.07307314 0.72397288 -0.03870037
v -0.07293733 0.72415104 -0.03863072
v -0.07745168 0.72372998 -0.02748484
v -0.07729921 0.72388196 -0.02756235
v -0.08002575 0.72340991 -0.01594599
v -0.08003492 0.72344508 -0.01592902
v -0.08099833 0.72319191 -0.00399054
v -0.08079992 0.72317342 -0.00401158
v -0.07981011 0.72224960 0.00784790
v -0.07993174 0.72280002 0.00780559
v -0.07977131 0.72234861 0.00786303
v -0.07991102 0.72264775 0.00782999
v -0.07714290 0.72257305 0.01927510
v -0.07708380 0.46317806 0.01941296
v -0.07711206 0.72227408 0.01945522
v -0.07702193 0.46312503 0.01940130
v -0.07952873 0.45947182 0.00777578
v -0.07981029 0.46336377 0.00788404
v -0.07954185 0.45943181 0.00777355
v -0.07978637 0.46330075 0.00782053
v -0.08020929 0.45586223 -0.00408027
v -0.08001406 0.45594136 -0.00397951
v -0.07823158 0.45237923 -0.01571479
v -0.07842823 0.45256795 -0.01553667
v -0.07466203 0.44905394 -0.02645871
v -0.07464165 0.44902269 -0.02669497
v -0.06892077 0.44597847 -0.03663664
v -0.06906326 0.44602442 -0.03656347
v -0.05479702 0.44310820 -0.05358663
v -0.06163177 0.44323186 -0.04533413
v -0.05468809 0.44314383 -0.05366036
v -0.06192494 0.44336901 -0.04540706
v 0.01836067 0.72247186 -0.07593956
v 0.01837240 0.46333307 -0.07596511
v 0.01834753 0.72240760 -0.07601100
v 0.01821741 0.46331240 -0.07591817
v 0.00691110 0.72277809 -0.07862254
v 0.00679205 0.72247036 -0.07877123
v 0.00673081 0.72266413 -0.07884383
v 0.00677719 0.72251305 -0.07877262
v 0.00680786 0.46336264 -0.07882061
v 0.00680526 0.45960307 -0.07873779
v 0.00674727 0.46334231 -0.07869912
v 0.00687382 0.45971275 -0.07858038
v -0.00501423 0.72323924 -0.07995728
v -0.00514027 0.72313122 -0.07976816
v -0.00502505 0.45588463 -0.07895263
v -0.00512039 0.45602124 -0.07903286
v -0.01683466 0.72349865 -0.07901990
v -0.01696642 0.72352952 -0.07899127
v -0.01664093 0.45254659 -0.07729223
v -0.01665340 0.45248224 -0.07719999
v -0.02854345 0.72375133 -0.07648087
v -0.02840768 0.72375026 -0.07643285
v -0.02746754 0.44921542 -0.07355833
v -0.02758164 0.44914315 -0.07357109
v -0.03961045 0.72406787 -0.07184342
v -0.03979948 0.72422672 -0.07184529
v -0.03763097 0.44589940 -0.06792875
v -0.03770374 0.44610000 -0.06805209
v -0.04997309 0.72432645 -0.06573809
v -0.04991552 0.72437920 -0.06581362
v -0.04637882 0.44333286 -0.06084376
v -0.04643891 0.44315525 -0.06060568
v -0.05948682 0.72464847 -0.05825961
v -0.06727520 0.72467822 -0.04906661
v -0.05929078 0.72468906 -0.05833234
v -0.06716989 0.72459114 -0.04920041
v -0.07321052 0.72437208 -0.03869530
v -0.07319582 0.72429762 -0.03884711
v -0.07766735 0.72406351 -0.02756771
v -0.07761561 0.72399345 -0.02759087
v -0.08029610 0.72383634 -0.01578153
v -0.08018891 0.72383814 -0.01587134
v -0.08087581 0.72352411 -0.00399515
v -0.08095921 0.72355695 -0.00415471
v -0.07994881 0.72315063 0.00774462
v -0.07974677 0.72294457 0.00789299
v -0.07694664 0.72240697 0.01942144
v -0.07705948 0.72280998 0.01939722
v -0.07708866 0.72243653 0.01931717
v -0.07720536 0.72265963 0.01944886
v -0.07243630 0.72243133 0.03047746
v -0.07246683 0.46343676 0.03033579
v -0.07240568 0.72240482 0.03037655
v -0.07254075 0.46339682 0.03042827
v -0.07678780 0.45954088 0.01928023
v -0.07710655 0.46320563 0.01935773
v -0.07694697 0.45954229 0.01933384
v -0.07709665 0.46326110 0.01942861
v -0.07912228 0.45592524 0.00773719
v -0.07908604 0.45598616 0.00773723
v -0.07926252 0.45247100 -0.00408031
v -0.07938610 0.45239356 -0.00391621
v -0.07717851 0.44912953 -0.01551991
v -0.07728995 0.44902315 -0.01540631
v -0.07326225 0.44600431 -0.02612353
v -0.07327344 0.44610881 -0.02616253
v -0.06757182 0.44320925 -0.03588368
v -0.06768039 0.44331403 -0.03583551
v -0.05332098 0.44070710 -0.05218030
v -0.06029807 0.44062202 -0.04402028
v -0.05345647 0.44075880 -0.05232010
v -0.06024710 0.44085543 -0.04411643
v 0.02949135 0.72240983 -0.07144021
v 0.02935502 0.46336815 -0.07152338
v 0.02934504 0.72230618 -0.07140577
v 0.02940481 0.46335908 -0.07136089
v 0.01841103 0.72264631 -0.07585255
v 0.01836246 0.72243203 -0.07608388
v 0.01834179 0.72284551 -0.07587472
v 0.01838183 0.72241746 -0.07601265
v 0.01836029 0.46330318 -0.07611458
v 0.01823769 0.45959024 -0.07596349
v 0.01840085 0.46313394 -0.07585364
v 0.01820196 0.45959972 -0.07594382
v 0.00670932 0.72305766 -0.07898005
v 0.00682715 0.72321222 -0.07882656
v 0.00668553 0.45594086 -0.07809640
v 0.00671095 0.45592070 -0.07803883
v -0.00497159 0.72337504 -0.07997112
v -0.00487871 0.72346260 -0.07998103
v -0.00501270 0.45252254 -0.07819188
v -0.00500492 0.45232076 -0.07824024
v -0.01680531 0.72377824 -0.07927348
v -0.01697804 0.72370858 -0.07917194
v -0.01657674 0.44917484 -0.07639177
v -0.01651169 0.44919630 -0.07633162
v -0.02863951 0.72401891 -0.07657341
v -0.02860073 0.72401223 -0.07645575
v -0.02719141 0.44595901 -0.07223129
v -0.02712879 0.44584165 -0.07225385
v -0.03994789 0.72449016 -0.07203680
v -0.03982615 0.72437494 -0.07222227
v -0.03675258 0.44325136 -0.06653927
v -0.03695292 0.44313280 -0.06638335
v -0.05009546 0.72457959 -0.06619969
v -0.05028701 0.72458846 -0.06616109
v -0.04517818 0.44076754 -0.05927351
v -0.04521477 0.44082315 -0.05924833
v -0.05973366 0.72481160 -0.05842453
v -0.06742900 0.72486507 -0.04933180
v -0.05968120 0.72485595 -0.05869162
v -0.06726423 0.72479056 -0.04941107
v -0.07336551 0.72461709 -0.03892487
v -0.07354846 0.72464560 -0.03893528
v -0.07798483 0.72432792 -0.02764193
v -0.07785718 0.72428923 -0.02747757
v -0.08041144 0.72405658 -0.01586929
v -0.08047020 0.72412614 -0.01587571
v -0.08112265 0.72381961 -0.00400887
v -0.08114617 0.72397244 -0.00402375
v -0.08016980 0.72347344 0.00786597
v -0.07998805 0.72336277 0.00794026
v -0.07723330 0.72321948 0.01944259
v -0.07701817 0.72306232 0.01936962
v -0.07245904 0.72242522 0.03019671
v -0.07256723 0.72275961 0.03039316
v -0.07252565 0.72250808 0.03052129
v -0.07247605 0.72269388 0.03031666
v -0.06638279 0.72229203 0.04039065
v -0.06643184 0.46317430 0.04048835
v -0.06624247 0.72254421 0.04048468
v -0.06615577 0.46331472 0.04055814
v -0.07227281 0.45970577 0.03047589
v -0.07254224 0.46335379 0.03049681
v -0.07230977 0.45960773 0.03011988
v -0.07234378 0.46326660 0.03037788
v -0.07641455 0.45595641 0.01927647
v -0.07650009 0.45600231 0.01916820
v -0.07841611 0.45242062 0.00761482
v -0.07838945 0.45237998 0.00766160
v -0.07819847 0.44912563 -0.00406027
v -0.07825544 0.44900870 -0.00393155
v -0.07588805 0.44601513 -0.01527316
v -0.07601568 0.44597452 -0.01528848
v -0.07166868 0.44310345 -0.02584587
v -0.07180321 0.44321354 -0.02558395
v -0.06595157 0.44091896 -0.03499693
v -0.06605741 0.44060102 -0.03492026
v -0.05850132 0.43882905 -0.04295194
v -0.05181541 0.43859038 -0.05079147
v -0.05180215 0.43879791 -0.05095408
v -0.05869467 0.43858659 -0.04292565
v 0.03955979 0.72234328 -0.06534038
v 0.03940710 0.46318938 -0.06512648
v 0.03941455 0.72245255 -0.06525492
v 0.03960874 0.46332264 -0.06525814
v 0.02917434 0.72271092 -0.07143363
v 0.02934652 0.72252729 -0.07148799
v 0.02942380 0.72288996 -0.07138343
v 0.02926546 0.72230270 -0.07138402
v 0.02924700 0.46345656 -0.07129179
v 0.02920616 0.45957406 -0.07120617
v 0.02945650 0.46317695 -0.07159318
v 0.02936861 0.45967242 -0.07118160
v 0.01830378 0.72309002 -0.07617334
v 0.01843867 0.72312052 -0.07599121
v 0.01810242 0.45606300 -0.07556887
v 0.01811674 0.45590293 -0.07549919
v 0.00690051 0.72341909 -0.07899800
v 0.00672960 0.72352125 -0.07898036
v 0.00645744 0.45244841 -0.07726342
v 0.00647458 0.45237417 -0.07745643
v -0.00502199 0.72388476 -0.08001761
v -0.00505578 0.72387625 -0.08014172
v -0.00491986 0.44893872 -0.07717540
v -0.00506113 0.44919505 -0.07723797
v -0.01704085 0.72410639 -0.07931682
v -0.01701532 0.72412831 -0.07934313
v -0.01633400 0.44604391 -0.07490602
v -0.01623102 0.44606220 -0.07489955
v -0.02860648 0.72427905 -0.07675891
v -0.02852087 0.72425241 -0.07688582
v -0.02662494 0.44318490 -0.07079410
v -0.02659945 0.44331403 -0.07071408
v -0.03993169 0.72464255 -0.07249812
v -0.03983691 0.72462762 -0.07238124
v -0.03605719 0.44077436 -0.06499005
v -0.03600068 0.44073515 -0.06490477
v -0.05031419 0.72486409 -0.06627860
v -0.05033911 0.72486817 -0.06640201
v -0.04400294 0.43859609 -0.05764918
v -0.04393617 0.43869154 -0.05759821
v -0.05986754 0.72485518 -0.05869067
v -0.06758788 0.72501787 -0.04953492
v -0.05986618 0.72497168 -0.05888157
v -0.06758079 0.72502863 -0.04951942
v -0.07380501 0.72473453 -0.03886245
v -0.07387965 0.72488197 -0.03905672
v -0.07814362 0.72466750 -0.02760341
v -0.07812996 0.72445844 -0.02755567
v -0.08064905 0.72447070 -0.01590121
v -0.08071656 0.72445029 -0.01592868
v -0.08133867 0.72417229 -0.00405284
v -0.08149624 0.72409508 -0.00400563
v -0.08020198 0.72376282 0.00772881
v -0.08028318 0.72389739 0.00800034
v -0.07710870 0.72345906 0.01942401
v -0.07725798 0.72341587 0.01938950
v -0.07252240 0.72329270 0.03034976
v -0.07257522 0.72298389 0.03033101
v -0.06621985 0.72239324 0.04049952
v -0.06634173 0.72281587 0.04061428
v -0.06646819 0.72249858 0.04045624
v -0.06634793 0.72276066 0.04049916
v -0.05858027 0.72253576 0.04948804
v -0.05869928 0.46326469 0.04942459
v -0.05854732 0.72245880 0.04956492
v -0.05847058 0.46344264 0.04955801
v -0.06623251 0.45956262 0.04050422
v -0.06637106 0.46320316 0.04036442
v -0.06613468 0.45958505 0.04031122
v -0.06626435 0.46314403 0.04048793
v -0.07181575 0.45588493 0.03003625
v -0.07199109 0.45602935 0.03023281
v -0.07559556 0.45258253 0.01888149
v -0.07569484 0.45229298 0.01896227
v -0.07729699 0.44907933 0.00745163
v -0.07733594 0.44909836 0.00737773
v -0.07701465 0.44606286 -0.00399582
v -0.07678843 0.44589439 -0.00395934
v -0.07431772 0.44321769 -0.01482001
v -0.07449952 0.44324852 -0.01495882
v -0.06993001 0.44065859 -0.02509282
v -0.07010492 0.44073369 -0.02507760
v -0.06419358 0.43879132 -0.03409856
v -0.06388085 0.43871764 -0.03405209
v -0.05680393 0.43709320 -0.04170537
v -0.05026994 0.43697357 -0.04916567
v -0.05031415 0.43692661 -0.04924687
v -0.05684978 0.43711365 -0.04152131
v 0.04850519 0.72237684 -0.05746147
v 0.04846901 0.46326169 -0.05765398
v 0.04845766 0.72251615 -0.05756876
v 0.04833015 0.46333248 -0.05757468
v 0.03938123 0.72270901 -0.06520926
v 0.03946557 0.72252449 -0.06517955
v 0.03952648 0.72274335 -0.06542510
v 0.03931374 0.72246388 -0.06523966
v 0.03949161 0.46327099 -0.06519437
v 0.03937575 0.45954179 -0.06497008
v 0.03943843 0.46338287 -0.06512124
v 0.03938114 0.45957581 -0.06502351
v 0.02932614 0.72321116 -0.07154920
v 0.02926241 0.72305613 -0.07157830
v 0.02914639 0.45581657 -0.07089403
v 0.02900027 0.45585599 -0.07090593
v 0.01846366 0.72347448 -0.07618125
v 0.01839966 0.72344354 -0.07621548
v 0.01789388 0.45244121 -0.07471382
v 0.01788778 0.45230024 -0.07475565
v 0.00689694 0.72376212 -0.07900839
v 0.00696827 0.72388480 -0.07906038
v 0.00638660 0.44907246 -0.07614588
v 0.00628185 0.44913667 -0.07623893
v -0.00495076 0.72406168 -0.08035663
v -0.00515085 0.72418659 -0.08028057
v -0.00491316 0.44605672 -0.07584004
v -0.00515137 0.44594991 -0.07578938
v -0.01697052 0.72433265 -0.07959126
v -0.01703567 0.72443259 -0.07957769
v -0.01588429 0.44309074 -0.07332382
v -0.01591176 0.44312935 -0.07344777
v -0.02873381 0.72467489 -0.07700193
v -0.02881233 0.72464574 -0.07716452
v -0.02622196 0.44078362 -0.06883202
v -0.02601521 0.44079863 -0.06878823
v -0.04002191 0.72487657 -0.07263539
v -0.03996335 0.72478528 -0.07277590
v -0.03512433 0.43863707 -0.06301568
v -0.03517703 0.43873574 -0.06307709
v -0.05041591 0.72503000 -0.06662986
v -0.05061403 0.72500510 -0.06667430
v -0.04248153 0.43717432 -0.05574887
v -0.04279350 0.43709432 -0.05576635
v -0.05984988 0.72496972 -0.05888855
v -0.06792508 0.72518445 -0.04982183
v -0.05999463 0.72510475 -0.05910340
v -0.06793747 0.72509574 -0.04962121
v -0.07404980 0.72497267 -0.03915142
v -0.07404104 0.72499812 -0.03920354
v -0.07835104 0.72468609 -0.02786801
v -0.07836587 0.72474916 -0.02780941
v -0.08096485 0.72458881 -0.01602341
v -0.08087991 0.72445433 -0.01591524
v -0.08145989 0.72429302 -0.00397164
v -0.08148546 0.72441312 -0.00383300
v -0.08027037 0.72410648 0.00796061
v -0.08034483 0.72414647 0.00776651
v -0.07728490 0.72389107 0.01953152
v -0.07728663 0.72373723 0.01947662
v -0.07275256 0.72354380 0.03041754
v -0.07285478 0.72338964 0.03045482
v -0.06637005 0.72323659 0.04056778
v -0.06638196 0.72304003 0.04047948
v -0.05858867 0.72244700 0.04954521
v -0.05868315 0.72275745 0.04945680
v -0.05866150 0.72246636 0.04953568
v -0.05849771 0.72283078 0.04940843
v -0.04957227 0.46339190 0.05723080
v -0.04965826 0.72227379 0.05729064
v -0.04947572 0.72244386 0.05722967
v -0.04957625 0.46328811 0.05726353
v -0.05847600 0.45959884 0.04928486
v -0.05844448 0.46335756 0.04958174
v -0.05858973 0.45972126 0.04936044
v -0.05861506 0.46330616 0.04965175
v -0.06575042 0.45579580 0.04002828
v -0.06586855 0.45577355 0.04008268
v -0.07106940 0.45248269 0.02970179
v -0.07118771 0.45244231 0.02971402
v -0.07472477 0.44901687 0.01858981
v -0.07469649 0.44908815 0.01865259
v -0.07593623 0.44600530 0.00736967
v -0.07592074 0.44598705 0.00716775
v -0.07522425 0.44322456 -0.00406210
v -0.07525338 0.44315693 -0.00398300
v -0.07247919 0.44079214 -0.01483191
v -0.07263299 0.44075180 -0.01451056
v -0.06804281 0.43859598 -0.02446465
v -0.06801307 0.43884302 -0.02441077
v -0.06202224 0.43719277 -0.03309179
v -0.06195263 0.43707390 -0.03292050
v -0.05502513 0.43575200 -0.04034365
v -0.04856867 0.43593550 -0.04764051
v -0.04873840 0.43594979 -0.04760601
v -0.05504218 0.43580033 -0.04011289
v 0.05618836 0.46321935 -0.04851809
v 0.05624712 0.72243501 -0.04843024
v 0.05631530 0.46327878 -0.04841567
v 0.05605674 0.72242951 -0.04857412
v 0.04849293 0.72276385 -0.05758676
v 0.04847770 0.72240442 -0.05746521
v 0.04849829 0.72273936 -0.05740194
v 0.04859827 0.72245347 -0.05742303
v 0.04842829 0.46315726 -0.05752941
v 0.04840557 0.45973941 -0.05742128
v 0.04843521 0.46338931 -0.05771130
v 0.04829678 0.45957096 -0.05733614
v 0.03959805 0.72312359 -0.06533387
v 0.03957714 0.72315028 -0.06537458
v 0.03919086 0.45589597 -0.06480774
v 0.03904466 0.45604012 -0.06460748
v 0.02956686 0.72358882 -0.07172460
v 0.02941066 0.72347336 -0.07166037
v 0.02867099 0.45255729 -0.07021525
v 0.02872019 0.45231167 -0.07036215
v 0.01843421 0.72379864 -0.07629225
v 0.01856408 0.72378481 -0.07645220
v 0.01750380 0.44918454 -0.07368714
v 0.01768641 0.44908295 -0.07362936
v 0.00679364 0.72407579 -0.07930872
v 0.00703029 0.72405920 -0.07932706
v 0.00629234 0.44600685 -0.07486509
v 0.00624593 0.44601129 -0.07496941
v -0.00506540 0.72433475 -0.08068346
v -0.00495327 0.72422930 -0.08043995
v -0.00511561 0.44330557 -0.07404879
v -0.00498430 0.44311983 -0.07418226
v -0.01693162 0.72464972 -0.07984782
v -0.01701225 0.72447673 -0.07979407
v -0.01573148 0.44088484 -0.07146679
v -0.01575219 0.44072561 -0.07145531
v -0.02888044 0.72493530 -0.07730918
v -0.02896060 0.72471645 -0.07735360
v -0.02563705 0.43854645 -0.06692198
v -0.02550480 0.43864177 -0.06689482
v -0.04019393 0.72499996 -0.07305208
v -0.04037312 0.72493799 -0.07295022
v -0.03408846 0.43717435 -0.06095504
v -0.03411194 0.43692336 -0.06101018
v -0.05086839 0.72508328 -0.06688208
v -0.05089908 0.72520836 -0.06692672
v -0.04121205 0.43584620 -0.05390675
v -0.04121447 0.43594619 -0.05395989
v -0.06028981 0.72505340 -0.05905223
v -0.06824411 0.72523878 -0.04988614
v -0.06026312 0.72533943 -0.05928248
v -0.06818763 0.72509793 -0.04995381
v -0.07420827 0.72499404 -0.03943018
v -0.07417391 0.72515918 -0.03931962
v -0.07873906 0.72487795 -0.02799177
v -0.07858182 0.72490620 -0.02776761
v -0.08110891 0.72496873 -0.01597254
v -0.08109852 0.72480611 -0.01595588
v -0.08169185 0.72458855 -0.00409795
v -0.08182595 0.72473302 -0.00388588
v -0.08067003 0.72432358 0.00791513
v -0.08057759 0.72434279 0.00798222
v -0.07769179 0.72411961 0.01962031
v -0.07761243 0.72404892 0.01963062
v -0.07278559 0.72391651 0.03042866
v -0.07282246 0.72382403 0.03040408
v -0.06660074 0.72362958 0.04053912
v -0.06652594 0.72333327 0.04074102
v -0.05866963 0.72301101 0.04955985
v -0.05860606 0.72299817 0.04969194
v -0.04955269 0.72241416 0.05731293
v -0.04956663 0.72269960 0.05712061
v -0.04953201 0.72270083 0.05738738
v -0.04945548 0.72249285 0.05718268
v -0.03938579 0.46319139 0.06352274
v -0.03941038 0.72232764 0.06356889
v -0.03938816 0.72235545 0.06336385
v -0.03931427 0.46317687 0.06335760
v -0.04948596 0.45947201 0.05716355
v -0.04956634 0.46326723 0.05729951
v -0.04967680 0.46330016 0.05733984
v -0.04942823 0.45957305 0.05694939
v -0.05797778 0.45599606 0.04901532
v -0.05809269 0.45597639 0.04892748
v -0.06509054 0.45257610 0.03950284
v -0.06521158 0.45228248 0.03953500
v -0.07030104 0.44892608 0.02923267
v -0.07018816 0.44913173 0.02926368
v -0.07318860 0.44599751 0.01819117
v -0.07333898 0.44610574 0.01810039
v -0.07430209 0.44321686 0.00686643
v -0.07440174 0.44316745 0.00692930
v -0.07342002 0.44063010 -0.00402566
v -0.07342389 0.44078023 -0.00398988
v -0.07052376 0.43856751 -0.01436339
v -0.07044282 0.43862322 -0.01439158
v -0.06592309 0.43720661 -0.02382312
v -0.06594272 0.43717217 -0.02382264
v -0.06010822 0.43601182 -0.03214887
v -0.05994819 0.43604819 -0.03198889
v -0.05304177 0.43521822 -0.03880171
v -0.04692837 0.43514025 -0.04595023
v -0.04680002 0.43531063 -0.04581293
v -0.05287223 0.43512681 -0.03869861
v 0.06240667 0.46334147 -0.03828736
v 0.06228701 0.72250349 -0.03839803
v 0.06235262 0.46323352 -0.03840668
v 0.06247795 0.72240820 -0.03840169
v 0.05636315 0.72288842 -0.04868000
v 0.05629278 0.72234480 -0.04839741
v 0.05621438 0.72288318 -0.04855201
v 0.05615318 0.72237675 -0.04841834
v 0.05628834 0.46329601 -0.04860113
v 0.05615187 0.45964773 -0.04834751
v 0.05617736 0.46325301 -0.04861295
v 0.05593349 0.45951968 -0.04852743
v 0.04837145 0.72318295 -0.05775679
v 0.04849332 0.72324045 -0.05757202
v 0.04795711 0.45586301 -0.05709306
v 0.04798770 0.45603496 -0.05700442
v 0.03961922 0.72343043 -0.06540068
v 0.03962219 0.72341902 -0.06544911
v 0.03852317 0.45245550 -0.06409361
v 0.03848672 0.45246427 -0.06416310
v 0.02934296 0.72369485 -0.07170564
v 0.02959784 0.72388992 -0.07182700
v 0.02818563 0.44897253 -0.06916988
v 0.02815849 0.44892270 -0.06919036
v 0.01849479 0.72398713 -0.07649732
v 0.01842461 0.72408496 -0.07662306
v 0.01726312 0.44602856 -0.07232571
v 0.01708131 0.44594989 -0.07219851
v 0.00686368 0.72444797 -0.07955428
v 0.00701912 0.72433068 -0.07965883
v 0.00580322 0.44320001 -0.07335465
v 0.00588773 0.44322239 -0.07327943
v -0.00503754 0.72474550 -0.08078856
v -0.00508304 0.72465300 -0.08080950
v -0.00501619 0.44069832 -0.07236648
v -0.00489299 0.44081417 -0.07227458
v -0.01709708 0.72468753 -0.08017356
v -0.01699791 0.72489484 -0.08032246
v -0.01535406 0.43877294 -0.06952302
v -0.01542074 0.43877108 -0.06951053
v -0.02901748 0.72501467 -0.07756663
v -0.02891454 0.72487216 -0.07768183
v -0.02475912 0.43711737 -0.06491754
v -0.02476071 0.43718215 -0.06484928
v -0.04036027 0.72507801 -0.07338675
v -0.04029326 0.72500602 -0.07336812
v -0.03287051 0.43592978 -0.05907678
v -0.03310887 0.43583070 -0.05891189
v -0.05094459 0.72497566 -0.06707459
v -0.05087093 0.72514978 -0.06724337
v -0.03980778 0.43520960 -0.05196295
v -0.03990131 0.43520379 -0.05192856
v -0.06061421 0.72520753 -0.05954861
v -0.06845941 0.72518999 -0.05017970
v -0.06063220 0.72525736 -0.05938134
v -0.06849081 0.72505051 -0.05001276
v -0.07476615 0.72502600 -0.03954891
v -0.07454506 0.72519480 -0.03960794
v -0.07895142 0.72508873 -0.02803825
v -0.07912294 0.72500421 -0.02807490
v -0.08153344 0.72479975 -0.01610434
v -0.08143439 0.72508756 -0.01609882
v -0.08226699 0.72480618 -0.00408348
v -0.08211234 0.72476893 -0.00404010
v -0.08094692 0.72443205 0.00807794
v -0.08087601 0.72451935 0.00800797
v -0.07773013 0.72430648 0.01955904
v -0.07770045 0.72425499 0.01959718
v -0.07308440 0.72396072 0.03055755
v -0.07305897 0.72400660 0.03077467
v -0.06660437 0.72381265 0.04068590
v -0.06646672 0.72373869 0.04058342
v -0.05871422 0.72341448 0.04970154
v -0.05871170 0.72334702 0.04971620
v -0.04971310 0.72305898 0.05739341
v -0.04967263 0.72319608 0.05724083
v -0.03942304 0.72226805 0.06347918
v -0.03952491 0.72281797 0.06333864
v -0.03946533 0.72266808 0.06346716
v -0.03938801 0.72234859 0.06342246
v -0.02844615 0.46331983 0.06806275
v -0.02841110 0.72243206 0.06801682
v -0.02838635 0.72227015 0.06802511
v -0.02844198 0.46327049 0.06783445
v -0.03945476 0.45953458 0.06326511
v -0.03937282 0.46326330 0.06334303
v -0.03942275 0.46329937 0.06349468
v -0.03949784 0.45952982 0.06334252
v -0.04931320 0.45599437 0.05677121
v -0.04923405 0.45590354 0.05674180
v -0.05754583 0.45232952 0.04837975
v -0.05763013 0.45238146 0.04837445
v -0.06422994 0.44919685 0.03894568
v -0.06419533 0.44903982 0.03902230
v -0.06893774 0.44607621 0.02857484
v -0.06898617 0.44616440 0.02860863
v -0.07183744 0.44319987 0.01778490
v -0.07175379 0.44314893 0.01768801
v -0.07251398 0.44085677 0.00653763
v -0.07245444 0.44083164 0.00665147
v -0.07116772 0.43886287 -0.00387458
v -0.07112591 0.43875604 -0.00385879
v -0.06822327 0.43711180 -0.01409176
v -0.06817687 0.43714939 -0.01391632
v -0.06364444 0.43587510 -0.02299376
v -0.06372398 0.43576142 -0.02315406
v -0.05780606 0.43524430 -0.03080873
v -0.05785547 0.43512963 -0.03087635
v -0.05090407 0.43508091 -0.03721690
v -0.04521548 0.43488219 -0.04397201
v -0.04508734 0.43476536 -0.04398681
v -0.05101144 0.43503579 -0.03726580
v 0.06693815 0.46317265 -0.02738121
v 0.06696727 0.72232633 -0.02755055
v 0.06696262 0.46332912 -0.02743402
v 0.06686202 0.72247977 -0.02748372
v 0.06252936 0.72290143 -0.03834055
v 0.06230046 0.72259166 -0.03847649
v 0.06245651 0.72273968 -0.03836558
v 0.06232401 0.72237914 -0.03838820
v 0.06253552 0.46335394 -0.03842086
v 0.06214704 0.45958346 -0.03814058
v 0.06247982 0.46322128 -0.03841928
v 0.06228606 0.45951776 -0.03824633
v 0.05636331 0.72314948 -0.04859628
v 0.05616056 0.72319979 -0.04866993
v 0.05562135 0.45599750 -0.04808439
v 0.05565385 0.45584569 -0.04808583
v 0.04878916 0.72330607 -0.05760472
v 0.04850561 0.72353851 -0.05765984
v 0.04738820 0.45234657 -0.05658437
v 0.04740731 0.45239634 -0.05649976
v 0.03964134 0.72388841 -0.06562503
v 0.03960482 0.72379109 -0.06560381
v 0.03791575 0.44919111 -0.06312614
v 0.03797445 0.44903844 -0.06331753
v 0.02959311 0.72402076 -0.07195088
v 0.02965558 0.72418732 -0.07200438
v 0.02746380 0.44618717 -0.06797739
v 0.02759476 0.44601554 -0.06796883
v 0.01854566 0.72434794 -0.07684588
v 0.01877631 0.72427933 -0.07678497
v 0.01663863 0.44317787 -0.07082943
v 0.01666243 0.44329297 -0.07058227
v 0.00716109 0.72466273 -0.07997630
v 0.00707355 0.72443752 -0.07975309
v 0.00569637 0.44082839 -0.07145797
v 0.00567903 0.44071575 -0.07148178
v -0.00491028 0.72474174 -0.08118007
v -0.00497183 0.72477979 -0.08108779
v -0.00496009 0.43877992 -0.07015732
v -0.00506744 0.43862910 -0.07027316
v -0.01714195 0.72488296 -0.08040745
v -0.01722368 0.72503462 -0.08061850
v -0.01508862 0.43704146 -0.06734648
v -0.01512085 0.43694322 -0.06723193
v -0.02889459 0.72505706 -0.07801790
v -0.02902719 0.72504637 -0.07783799
v -0.02395647 0.43577497 -0.06246065
v -0.02406232 0.43570355 -0.06254097
v -0.04062511 0.72508927 -0.07367219
v -0.04031895 0.72504188 -0.07372975
v -0.03203997 0.43521386 -0.05681102
v -0.03193155 0.43514416 -0.05668012
v -0.05112537 0.72503180 -0.06747100
v -0.05122879 0.72509070 -0.06748143
v -0.03837371 0.43504001 -0.04984962
v -0.03829336 0.43494506 -0.04983687
v -0.07484271 0.72520678 -0.03953515
v -0.07504648 0.72511812 -0.03962057
v -0.07920888 0.72513094 -0.02804900
v -0.07928683 0.72506848 -0.02825617
v -0.08194023 0.72517096 -0.01622583
v -0.08190206 0.72513823 -0.01615769
v -0.08229364 0.72501147 -0.00397747
v -0.08243712 0.72507426 -0.00390606
v -0.08107880 0.72474583 0.00812156
v -0.08108917 0.72484223 0.00814249
v -0.07803822 0.72452314 0.01970580
v -0.07805368 0.72455067 0.01985700
v -0.07323037 0.72433379 0.03071683
v -0.07326726 0.72434120 0.03058105
v -0.06675393 0.72393705 0.04086168
v -0.06673619 0.72409189 0.04094951
v -0.05891800 0.72378363 0.04980921
v -0.05897166 0.72379083 0.04984308
v -0.04977176 0.72360324 0.05735263
v -0.04979339 0.72360118 0.05756026
v -0.03944116 0.72322365 0.06341866
v -0.03954061 0.72310937 0.06344266
v -0.02852117 0.72239668 0.06810873
v -0.02837908 0.72275286 0.06803592
v -0.02849249 0.72271717 0.06797688
v -0.02837963 0.72240056 0.06789206
v -0.01677941 0.46321534 0.07081115
v -0.01697466 0.72243480 0.07086500
v -0.01671797 0.72241459 0.07088849
v -0.01688757 0.46316966 0.07084674
v -0.02834270 0.45958901 0.06792001
v -0.02845880 0.46320093 0.06786456
v -0.02852664 0.46336171 0.06792215
v -0.02835092 0.45967729 0.06781659
v -0.03903899 0.45592883 0.06290464
v -0.03919614 0.45599082 0.06299624
v -0.04868348 0.45252051 0.05605235
v -0.04857872 0.45241465 0.05621487
v -0.05669882 0.44908583 0.04762092
v -0.05664783 0.44897599 0.04771164
v -0.06310734 0.44605119 0.03810741
v -0.06315009 0.44592825 0.03818708
v -0.06764625 0.44313787 0.02779127
v -0.06737599 0.44321714 0.02781733
v -0.06996330 0.44070958 0.01694347
v -0.06987122 0.44072703 0.01717452
v -0.07050847 0.43876439 0.00632816
v -0.07032417 0.43871301 0.00637436
v -0.06906762 0.43705839 -0.00403425
v -0.06909795 0.43707796 -0.00406697
v -0.06585442 0.43592833 -0.01372640
v -0.06585099 0.43588626 -0.01359822
v -0.06142986 0.43519665 -0.02242150
v -0.06124531 0.43525010 -0.02223882
v -0.05561800 0.43480374 -0.02987555
v -0.05556039 0.43477571 -0.02974218
v -0.06101421 0.43505155 0.00494260
v -0.06095052 0.43504757 -0.01300239
v -0.06186596 0.43485556 -0.00400065
v -0.05885760 0.43485372 0.01351195
v -0.05890180 0.43478198 -0.02137746
v -0.05573117 0.43488858 0.02183224
v -0.05539533 0.43480005 -0.02978178
v -0.05084594 0.43494326 0.02934583
v -0.05089530 0.43499004 -0.03747328
v -0.04518653 0.43487305 0.03617689
v -0.04516267 0.43500527 -0.04406131
v -0.03833269 0.43481965 0.04198084
v -0.03841551 0.43506515 -0.04993108
v -0.03090841 0.43497208 0.04665181
v -0.03078323 0.43504219 -0.05449529
v -0.02263448 0.43490629 0.05011210
v -0.02269215 0.43491621 -0.05797365
v -0.01402637 0.43496840 0.05199602
v -0.01385569 0.43488518 -0.05995534
v -0.00507801 0.43479521 0.05270384
v -0.00500991 0.43491535 -0.06088487
v 0.00389077 0.43488747 0.05198416
v 0.00385430 0.43497411 -0.05998867
v 0.01248236 0.43489171 0.04997209
v 0.01266934 0.43483725 -0.05794419
v 0.02075725 0.43485191 0.04641820
v 0.02072525 0.43503269 -0.05443390
v 0.02845980 0.43498557 0.04187202
v 0.02824985 0.43484892 -0.04998380
v 0.03499733 0.43492119 0.03605404
v 0.03507853 0.43490544 -0.04419385
v 0.04083861 0.43487741 0.02929000
v 0.04079863 0.43491061 -0.03725012
v 0.04547845 0.43488944 0.02188047
v 0.04568196 0.43491492 -0.02967720
v 0.04892726 0.43504764 0.01354720
v 0.04897113 0.43489975 -0.02169054
v 0.05093464 0.43498310 0.00477956
v 0.05111148 0.43487429 -0.01281578
v 0.05175572 0.43498494 -0.00394067
v 0.05168907 0.43483441 -0.00391377
v 0.05103893 0.43489308 0.00487479
v 0.05094680 0.43474030 -0.01285570
v 0.04903899 0.43497196 -0.02162212
v 0.04894417 0.43478957 0.01346396
v 0.04561516 0.43485155 -0.02972632
v 0.04546607 0.43500565 0.02181012
v 0.04087897 0.43505737 -0.03733837
v 0.04079311 0.43482693 0.02930118
v 0.03493801 0.43473525 -0.04401019
v 0.03518470 0.43503860 0.03618404
v 0.02828078 0.43478929 -0.04998706
v 0.02830928 0.43493250 0.04197743
v 0.02075759 0.43483413 -0.05444795
v 0.02062225 0.43480106 0.04657839
v 0.01245230 0.43480982 -0.05801997
v 0.01258040 0.43491246 0.04997837
v 0.00378150 0.43486764 -0.06001619
v 0.00378805 0.43497383 0.05203650
v -0.00509869 0.43498997 -0.06070438
v -0.00501738 0.43493438 0.05261197
v -0.01375216 0.43502869 -0.06000081
v -0.01388042 0.43494439 0.05195380
v -0.02249502 0.43498511 -0.05784069
v -0.02250700 0.43477933 0.04985418
v -0.03086900 0.43493705 -0.05450450
v -0.03086643 0.43492472 0.04647128
v -0.03836980 0.43480867 -0.04989166
v -0.03838689 0.43487713 0.04185172
v -0.04532098 0.43483305 -0.04418409
v -0.04498568 0.43488404 0.03612513
v -0.05081208 0.43479302 -0.03733060
v -0.05076507 0.43500326 0.02942342
v -0.05546797 0.43492557 -0.02963360
v -0.05557056 0.43487793 0.02177436
v -0.05893992 0.43501963 -0.02144421
v -0.05890817 0.43482389 0.01351651
v -0.06088753 0.43501675 -0.01295612
v -0.06099648 0.43487756 0.00503336
v -0.06176817 0.43470373 -0.00403031
v 0.06987723 0.72232045 -0.01586930
v 0.06986982 0.46323728 -0.01580495
v 0.06973654 0.72244072 -0.01591449
v 0.06971304 0.46330673 -0.01582399
v 0.06697218 0.72276528 -0.02738699
v 0.06706315 0.72240240 -0.02732439
v 0.06702278 0.72271103 -0.02738231
v 0.06706206 0.72229066 -0.02740325
v 0.06694517 0.46330272 -0.02746822
v 0.06682299 0.45969654 -0.02743425
v 0.06704693 0.46327648 -0.02753596
v 0.06682411 0.45951129 -0.02736553
v 0.06260155 0.72326053 -0.03835423
v 0.06245854 0.72306106 -0.03835597
v 0.06181077 0.45584097 -0.03793756
v 0.06178477 0.45582952 -0.03821062
v 0.05627359 0.72342720 -0.04867475
v 0.05643345 0.72329901 -0.04858703
v 0.05496765 0.45239741 -0.04766852
v 0.05502681 0.45234353 -0.04769194
v 0.04882060 0.72374847 -0.05778772
v 0.04891876 0.72380550 -0.05785333
v 0.04658292 0.44916569 -0.05570211
v 0.04664500 0.44900736 -0.05565718
v 0.03990871 0.72405019 -0.06571960
v 0.03989793 0.72423180 -0.06578642
v 0.03709241 0.44589427 -0.06199437
v 0.03707250 0.44597098 -0.06210920
v 0.02957881 0.72429927 -0.07215089
v 0.02972601 0.72454092 -0.07203917
v 0.02689292 0.44321773 -0.06645578
v 0.02686187 0.44325053 -0.06647095
v 0.01869415 0.72475294 -0.07690397
v 0.01865196 0.72456113 -0.07713371
v 0.01615884 0.44088618 -0.06892154
v 0.01601711 0.44079019 -0.06913704
v 0.00712276 0.72487245 -0.08017859
v 0.00706241 0.72469616 -0.08008179
v 0.00530501 0.43874385 -0.06937424
v 0.00543794 0.43859510 -0.06934465
v -0.00497075 0.72495667 -0.08146587
v -0.00501833 0.72487274 -0.08140619
v -0.00498239 0.43721603 -0.06791049
v -0.00501712 0.43691218 -0.06800408
v -0.01716810 0.72494794 -0.08067344
v -0.01734097 0.72520113 -0.08065701
v -0.01468953 0.43585271 -0.06496748
v -0.01464107 0.43588067 -0.06478564
v -0.02921548 0.72510389 -0.07813885
v -0.02920653 0.72522216 -0.07839968
v -0.02337641 0.43512730 -0.06040502
v -0.02330059 0.43513161 -0.06044817
v -0.04055036 0.72513892 -0.07390979
v -0.04074182 0.72519815 -0.07404073
v -0.03076714 0.43482897 -0.05457444
v -0.03074304 0.43496397 -0.05448839
v -0.07982596 0.72514657 -0.02810025
v -0.07972274 0.72520555 -0.02815746
v -0.08216767 0.72515553 -0.01626789
v -0.08207863 0.72524132 -0.01636021
v -0.08283308 0.72502481 -0.00388454
v -0.08285308 0.72514008 -0.00388130
v -0.08155353 0.72493496 0.00811820
v -0.08146955 0.72493188 0.00813561
v -0.07830254 0.72493499 0.01994189
v -0.07842786 0.72493790 0.01985449
v -0.07347406 0.72467397 0.03092006
v -0.07356038 0.72471893 0.03068846
v -0.06687643 0.72445349 0.04088984
v -0.06695546 0.72443445 0.04095928
v -0.05908399 0.72409753 0.05001861
v -0.05886358 0.72398480 0.05001200
v -0.04968898 0.72389056 0.05753419
v -0.04984536 0.72378454 0.05761968
v -0.03956992 0.72346219 0.06345391
v -0.03944832 0.72350697 0.06350681
v -0.02859063 0.72308208 0.06815032
v -0.02843830 0.72311215 0.06809712
v -0.01675892 0.72227409 0.07075539
v -0.01706314 0.72282697 0.07070617
v -0.01695080 0.72283115 0.07076002
v -0.01688965 0.72234708 0.07075067
v -0.00506332 0.46325922 0.07173252
v -0.00501023 0.72250593 0.07179666
v -0.00519729 0.72242245 0.07172094
v -0.00511605 0.46312499 0.07173813
v -0.01698440 0.45958738 0.07060472
v -0.01688528 0.46319251 0.07065005
v -0.01682605 0.46326429 0.07075701
v -0.01673915 0.45944626 0.07051527
v -0.02820386 0.45604421 0.06735026
v -0.02831343 0.45593056 0.06744454
v -0.03868060 0.45241544 0.06218217
v -0.03878173 0.45230613 0.06213713
v -0.04808628 0.44913834 0.05528273
v -0.04814967 0.44903095 0.05519328
v -0.05579825 0.44595724 0.04672017
v -0.05581503 0.44604436 0.04670450
v -0.06167761 0.44311341 0.03725802
v -0.06193077 0.44322012 0.03714089
v -0.06603841 0.44064835 0.02704863
v -0.06585202 0.44059777 0.02710626
v -0.06809960 0.43861333 0.01649752
v -0.06810752 0.43853702 0.01654889
v -0.06827303 0.43699361 0.00587778
v -0.06829007 0.43708328 0.00587130
v -0.06675498 0.43585464 -0.00405156
v -0.06677596 0.43592865 -0.00405671
v -0.06342320 0.43518795 -0.01329070
v -0.06350884 0.43522280 -0.01340067
v -0.05898970 0.43490527 -0.02153886
v -0.05899011 0.43483056 -0.02143532
v 0.04098432 0.43475141 -0.03737350
v 0.03681454 0.43519703 -0.04587794
v 0.03508681 0.43502405 -0.04402824
v 0.04275253 0.43523607 -0.03882703
v 0.04285947 0.43501573 -0.03880293
v 0.04068588 0.43494577 -0.03726755
v 0.03678848 0.43530585 -0.04587943
v 0.03515325 0.43471729 -0.04413543
v 0.02974044 0.43532364 -0.05182939
v 0.02831422 0.43501897 -0.04994364
v 0.02975915 0.43510383 -0.05191996
v 0.02831626 0.43487822 -0.04992716
v 0.02165260 0.43511678 -0.05674483
v 0.02083939 0.43492511 -0.05448437
v 0.02189920 0.43508132 -0.05664977
v 0.02073792 0.43498262 -0.05439543
v 0.01334349 0.43521845 -0.06031003
v 0.01260819 0.43487874 -0.05798030
v 0.01308852 0.43522076 -0.06026174
v 0.01239679 0.43491093 -0.05782598
v 0.00424477 0.43503949 -0.06247638
v 0.00366844 0.43496334 -0.05990912
v 0.00423382 0.43518931 -0.06244960
v 0.00376572 0.43500587 -0.06007828
v -0.00505913 0.43506738 -0.06326512
v -0.00493388 0.43498064 -0.06078575
v -0.00508032 0.43500901 -0.06308304
v -0.00494122 0.43494827 -0.06069541
v -0.01393240 0.43478558 -0.05993091
v -0.01432686 0.43503656 -0.06249928
v -0.01390255 0.43487237 -0.06012883
v -0.01413989 0.43513357 -0.06256386
v -0.02255347 0.43491800 -0.05802332
v -0.02260967 0.43496136 -0.05803805
v -0.06111211 0.43488686 -0.01283018
v -0.06098584 0.43480484 -0.01291175
v -0.06181566 0.43503572 -0.00400607
v -0.06429039 0.43502227 -0.00397923
v -0.06178520 0.43496537 -0.00398780
v -0.06428414 0.43513432 -0.00402916
v -0.06356133 0.43516681 0.00516225
v -0.06107919 0.43489909 0.00470820
v -0.06112120 0.43474824 0.00477686
v -0.06360422 0.43508474 0.00538356
v -0.06142704 0.43507606 0.01428450
v -0.05899513 0.43488396 0.01368731
v -0.05902018 0.43494042 0.01356039
v -0.06132023 0.43523570 0.01438630
v -0.05769888 0.43509880 0.02305446
v -0.05556817 0.43495967 0.02181410
v -0.05562958 0.43475641 0.02179765
v -0.05770089 0.43517851 0.02282020
v -0.05294409 0.43514812 0.03084415
v -0.05090023 0.43492519 0.02939424
v -0.05106541 0.43486223 0.02937962
v -0.05297167 0.43511869 0.03076763
v -0.04692095 0.43511517 0.03796219
v -0.04498400 0.43485191 0.03612944
v -0.04517039 0.43494167 0.03602355
v -0.04700669 0.43520143 0.03802385
v -0.03987031 0.43512241 0.04406930
v -0.03851117 0.43478407 0.04190968
v -0.03830395 0.43491257 0.04185588
v -0.03973646 0.43510391 0.04382265
v -0.03205362 0.43510915 0.04873484
v -0.03084454 0.43487709 0.04648917
v -0.03074995 0.43491325 0.04647147
v -0.03201649 0.43525736 0.04870314
v -0.02327732 0.43525240 0.05232006
v -0.02267019 0.43483805 0.04979612
v -0.02262409 0.43488914 0.04978251
v -0.02331658 0.43510872 0.05222208
v -0.01438003 0.43504762 0.05435686
v -0.01383863 0.43494374 0.05198268
v -0.01399067 0.43476841 0.05186742
v -0.01413666 0.43507387 0.05446568
v -0.00509028 0.43527052 0.05523337
v -0.00516722 0.43486206 0.05282869
v -0.00512861 0.43488152 0.05285966
v -0.00509645 0.43531423 0.05511716
v 0.00432624 0.43495679 0.05436811
v 0.00387618 0.43490822 0.05218183
v 0.00387140 0.43488313 0.05196165
v 0.00438212 0.43511329 0.05458329
v 0.01246912 0.43483941 0.04987969
v 0.01327348 0.43511138 0.05240520
v 0.01343459 0.43501501 0.05230954
v 0.01251683 0.43490034 0.04994796
v 0.02070990 0.43486266 0.04651604
v 0.02186752 0.43502124 0.04867298
v 0.02190395 0.43516460 0.04881776
v 0.02056225 0.43486685 0.04656493
v 0.02843141 0.43490616 0.04192236
v 0.02961802 0.43507124 0.04380875
v 0.02967643 0.43513902 0.04400558
v 0.02834010 0.43499878 0.04182705
v 0.03511531 0.43492572 0.03602990
v 0.03678504 0.43512010 0.03789709
v 0.03694266 0.43520560 0.03794773
v 0.03510701 0.43495425 0.03619372
v 0.04082786 0.43488494 0.02937062
v 0.04271005 0.43519961 0.03085886
v 0.04278979 0.43506409 0.03078069
v 0.04095510 0.43489226 0.02939009
v 0.04565422 0.43490779 0.02179630
v 0.04778743 0.43499965 0.02288271
v 0.04767942 0.43514914 0.02284090
v 0.04551320 0.43504064 0.02175320
v 0.04887840 0.43485862 0.01348003
v 0.05119068 0.43523577 0.01428909
v 0.05126637 0.43504622 0.01422193
v 0.04879521 0.43478690 0.01354714
v 0.05101128 0.43501192 0.00481928
v 0.05340230 0.43503088 0.00532892
v 0.05336155 0.43508083 0.00532429
v 0.05101408 0.43493407 0.00492191
v 0.05173041 0.43498298 -0.00397823
v 0.05402808 0.43515473 -0.00387843
v 0.05410742 0.43517740 -0.00416552
v 0.05177238 0.43496909 -0.00402922
v 0.05350589 0.43524670 -0.01337378
v 0.05102877 0.43497775 -0.01283957
v 0.05340907 0.43512653 -0.01318197
v 0.05109706 0.43499307 -0.01298475
v 0.05129140 0.43518680 -0.02240776
v 0.04900951 0.43487996 -0.02167667
v 0.05115771 0.43524664 -0.02240995
v 0.04883481 0.43493264 -0.02158605
v 0.04764644 0.43498606 -0.03079675
v 0.04537910 0.43486102 -0.02987482
v 0.04773392 0.43511700 -0.03088953
v 0.04538807 0.43500502 -0.02976756
v 0.07077012 0.46330145 -0.00404727
v 0.07062283 0.72253309 -0.00395228
v 0.07062623 0.46320613 -0.00396594
v 0.07074473 0.72225570 -0.00415775
v 0.06961366 0.72282267 -0.01586856
v 0.06972079 0.72240462 -0.01588315
v 0.06983754 0.72287854 -0.01578649
v 0.06955621 0.72253604 -0.01588384
v 0.06975530 0.46340903 -0.01586220
v 0.06949234 0.45961757 -0.01578515
v 0.06975988 0.46326375 -0.01581173
v 0.06959951 0.45968683 -0.01577248
v 0.06709245 0.72308198 -0.02759309
v 0.06718446 0.72308766 -0.02740441
v 0.06645329 0.45588605 -0.02716785
v 0.06639389 0.45585014 -0.02720248
v 0.06246323 0.72341867 -0.03856360
v 0.06269722 0.72348966 -0.03847387
v 0.06108474 0.45251051 -0.03787552
v 0.06125672 0.45237373 -0.03754205
v 0.05651257 0.72379649 -0.04883638
v 0.05654816 0.72378455 -0.04887587
v 0.05429754 0.44892668 -0.04710683
v 0.05416579 0.44911929 -0.04686035
v 0.04890485 0.72396000 -0.05787144
v 0.04889231 0.72406098 -0.05789127
v 0.04574628 0.44611678 -0.05469557
v 0.04572868 0.44602107 -0.05485253
v 0.03999937 0.72432353 -0.06582532
v 0.04007463 0.72434208 -0.06588142
v 0.03607191 0.44306117 -0.06074714
v 0.03625683 0.44317625 -0.06061181
v 0.03000473 0.72453934 -0.07256666
v 0.02979104 0.72448553 -0.07241402
v 0.02598284 0.44074648 -0.06485756
v 0.02581299 0.44063701 -0.06481952
v 0.01866748 0.72469981 -0.07749411
v 0.01883961 0.72481571 -0.07727845
v 0.01548167 0.43859621 -0.06684507
v 0.01534147 0.43884191 -0.06682355
v 0.00705558 0.72492807 -0.08056831
v 0.00689034 0.72506709 -0.08042439
v 0.00481700 0.43721382 -0.06720747
v 0.00501376 0.43703079 -0.06721703
v -0.00503907 0.72498188 -0.08177210
v -0.00515749 0.72519981 -0.08176596
v -0.00490701 0.43595764 -0.06571579
v -0.00515952 0.43594912 -0.06548945
v -0.01729234 0.72514128 -0.08116868
v -0.01737009 0.72514587 -0.08105168
v -0.02935411 0.72532052 -0.07881886
v -0.02932881 0.72516421 -0.07862784
v -0.08267544 0.72519301 -0.01626258
v -0.08246485 0.72515327 -0.01635990
v -0.08317282 0.72509116 -0.00419345
v -0.08322882 0.72516723 -0.00401458
v -0.08193865 0.72504803 0.00818712
v -0.08191043 0.72508781 0.00811196
v -0.07876523 0.72490572 0.01976642
v -0.07869160 0.72492477 0.01989775
v -0.07366791 0.72474116 0.03100335
v -0.07373214 0.72482252 0.03093137
v -0.06709446 0.72455933 0.04113872
v -0.06730667 0.72457940 0.04116661
v -0.05909944 0.72431384 0.05003535
v -0.05911054 0.72425813 0.05017455
v -0.05000209 0.72417599 0.05772603
v -0.04995476 0.72399722 0.05758548
v -0.03940563 0.72369790 0.06369886
v -0.03960172 0.72373586 0.06395527
v -0.02850410 0.72361784 0.06821050
v -0.02855046 0.72343706 0.06825291
v -0.01685768 0.72296547 0.07096903
v -0.01681896 0.72325111 0.07093251
v -0.00503200 0.72234498 0.07177207
v -0.00512234 0.72277603 0.07187841
v -0.00520954 0.72287776 0.07173795
v -0.00504293 0.72229602 0.07172514
v 0.00678731 0.46344292 0.07073388
v 0.00689827 0.72245467 0.07091322
v 0.00684466 0.72252279 0.07085219
v 0.00687687 0.46317659 0.07090542
v -0.00508640 0.45958585 0.07146780
v -0.00499979 0.46329682 0.07161747
v -0.00501652 0.46333494 0.07172876
v -0.00498759 0.45967510 0.07145941
v -0.01680536 0.45579781 0.07012230
v -0.01690313 0.45597311 0.07020912
v -0.02797507 0.45236906 0.06659448
v -0.02786803 0.45235164 0.06652285
v -0.03815104 0.44899785 0.06124107
v -0.03813873 0.44923336 0.06117038
v -0.04735692 0.44596101 0.05409644
v -0.04725540 0.44608970 0.05403154
v -0.05455799 0.44325328 0.04572962
v -0.05476575 0.44315508 0.04549463
v -0.06037230 0.44081675 0.03607620
v -0.06043315 0.44088626 0.03605200
v -0.06401564 0.43875772 0.02600894
v -0.06389268 0.43866837 0.02593348
v -0.06604306 0.43709645 0.01578632
v -0.06584812 0.43717091 0.01593519
v -0.06600112 0.43599153 0.00568624
v -0.06592594 0.43589430 0.00575695
v 0.03863426 0.43589893 -0.04762444
v 0.04480628 0.43586346 -0.04021274
v 0.04481553 0.43596258 -0.04021593
v 0.03849136 0.43582969 -0.04760230
v 0.03117617 0.43584530 -0.05393589
v 0.03130456 0.43592125 -0.05386624
v 0.02306954 0.43588448 -0.05887570
v 0.02298687 0.43586618 -0.05896407
v 0.01404113 0.43582435 -0.06273701
v 0.01395206 0.43584667 -0.06254267
v 0.00456079 0.43575503 -0.06489071
v 0.00452637 0.43579882 -0.06490391
v -0.06371760 0.43587386 0.01505563
v -0.06374733 0.43575501 0.01508110
v -0.05995261 0.43595103 0.02390520
v -0.05994805 0.43579088 0.02405343
v -0.05488239 0.43572521 0.03215084
v -0.05491396 0.43571140 0.03214905
v -0.04854205 0.43582483 0.03951987
v -0.04865137 0.43603394 0.03953802
v -0.04127861 0.43590035 0.04595838
v -0.04144162 0.43594922 0.04587821
v -0.03303770 0.43587121 0.05089341
v -0.03288702 0.43581299 0.05085600
v -0.02411521 0.43597430 0.05463191
v -0.02415713 0.43573576 0.05461428
v -0.01478585 0.43577497 0.05700042
v -0.01469989 0.43581289 0.05695506
v -0.00492806 0.43590035 0.05760930
v -0.00512727 0.43581563 0.05758470
v 0.00456960 0.43584454 0.05688629
v 0.00457514 0.43577840 0.05696061
v 0.01404636 0.43587393 0.05462555
v 0.01397648 0.43590396 0.05460101
v 0.02290083 0.43595357 0.05076468
v 0.02294348 0.43595182 0.05098942
v 0.03124945 0.43578460 0.04590203
v 0.03113015 0.43592451 0.04571528
v 0.03865874 0.43585599 0.03950525
v 0.03856419 0.43603615 0.03952590
v 0.04490240 0.43602781 0.03232090
v 0.04477709 0.43582672 0.03231804
v 0.04997975 0.43581598 0.02403906
v 0.04988508 0.43589751 0.02388653
v 0.05341669 0.43570903 0.01493678
v 0.05357875 0.43583317 0.01517726
v 0.05591653 0.43584837 0.00565803
v 0.05587615 0.43573025 0.00569528
v 0.05647683 0.43577511 -0.00400220
v 0.05658704 0.43587283 -0.00400329
v 0.05591898 0.43587497 -0.01355418
v 0.05593601 0.43590169 -0.01362631
v 0.05363885 0.43587757 -0.02300614
v 0.05365586 0.43592478 -0.02311146
v 0.05000539 0.43587651 -0.03190317
v 0.05003282 0.43584538 -0.03202439
v 0.06973271 0.46336263 0.00788005
v 0.06963271 0.72251511 0.00779406
v 0.06968045 0.46321960 0.00777144
v 0.06981980 0.72242498 0.00795308
v 0.07066320 0.72255335 -0.00391920
v 0.07077397 0.72278003 -0.00405966
v 0.07077889 0.72242084 -0.00393579
v 0.07075146 0.72278082 -0.00400524
v 0.07045985 0.45942100 -0.00407479
v 0.07076051 0.46334430 -0.00407956
v 0.07044514 0.45939314 -0.00411321
v 0.07079570 0.46320228 -0.00411767
v 0.06976118 0.72314577 -0.01587010
v 0.06978624 0.72305601 -0.01588219
v 0.06924520 0.45593460 -0.01574078
v 0.06903486 0.45600743 -0.01572350
v 0.06712551 0.72330952 -0.02756692
v 0.06725437 0.72342793 -0.02742589
v 0.06554649 0.45239234 -0.02701693
v 0.06558117 0.45246519 -0.02683898
v 0.06278896 0.72385539 -0.03842728
v 0.06279271 0.72368291 -0.03850229
v 0.06004046 0.44919203 -0.03726248
v 0.06011381 0.44915794 -0.03707355
v 0.05672964 0.72408496 -0.04890636
v 0.05685109 0.72412088 -0.04879091
v 0.05306395 0.44592616 -0.04626000
v 0.05286345 0.44597560 -0.04617300
v 0.04888799 0.72453895 -0.05817464
v 0.04900685 0.72429375 -0.05793193
v 0.04437990 0.44324452 -0.05361129
v 0.04452232 0.44318939 -0.05353573
v 0.03994809 0.72457282 -0.06604393
v 0.04021031 0.72456246 -0.06613792
v 0.03497257 0.44076110 -0.05929550
v 0.03511085 0.44068194 -0.05915270
v 0.03001713 0.72482344 -0.07259172
v 0.02998737 0.72482965 -0.07252306
v 0.02519053 0.43886995 -0.06293982
v 0.02485542 0.43875868 -0.06294629
v 0.01882242 0.72504729 -0.07746633
v 0.01899855 0.72503649 -0.07774197
v 0.01481790 0.43710764 -0.06474412
v 0.01479526 0.43694562 -0.06494105
v 0.00712196 0.72489789 -0.08082266
v 0.00706899 0.72491099 -0.08088152
v -0.00502715 0.72508409 -0.08210548
v -0.00499208 0.72509845 -0.08207621
v -0.01737780 0.72504951 -0.08150718
v -0.01715857 0.72522129 -0.08142124
v -0.08354233 0.72516577 -0.00416179
v -0.08350567 0.72510465 -0.00396972
v -0.08219928 0.72507003 0.00826949
v -0.08211952 0.72509944 0.00821905
v -0.07902053 0.72504740 0.01997691
v -0.07907970 0.72499646 0.02006923
v -0.07409407 0.72485695 0.03119915
v -0.07394274 0.72493240 0.03130218
v -0.06737175 0.72490925 0.04139143
v -0.06730062 0.72480745 0.04144351
v -0.05943858 0.72458890 0.05033461
v -0.05947275 0.72460904 0.05032986
v -0.05007660 0.72451806 0.05788026
v -0.05018842 0.72451236 0.05791175
v -0.03968721 0.72424050 0.06389107
v -0.03962018 0.72422574 0.06410970
v -0.02863673 0.72375864 0.06832240
v -0.02839722 0.72370417 0.06822215
v -0.01704541 0.72348832 0.07085649
v -0.01704577 0.72352910 0.07092609
v -0.00501135 0.72308547 0.07171234
v -0.00497627 0.72321849 0.07169644
v 0.00682112 0.72251832 0.07075356
v 0.00679040 0.72286063 0.07081944
v 0.00668173 0.72275396 0.07096232
v 0.00674878 0.72242744 0.07083455
v 0.01843801 0.46322503 0.06793876
v 0.01852051 0.72223467 0.06796997
v 0.01836958 0.72251203 0.06785034
v 0.01828044 0.46335995 0.06809748
v 0.00676427 0.45945645 0.07065933
v 0.00680736 0.46338539 0.07069076
v 0.00689604 0.46326275 0.07073691
v 0.00666843 0.45953213 0.07062039
v -0.00504747 0.45607271 0.07111777
v -0.00505523 0.45586449 0.07101174
v -0.01667191 0.45235010 0.06934873
v -0.01670467 0.45240129 0.06924463
v -0.02763766 0.44912035 0.06555226
v -0.02762921 0.44910263 0.06550803
v -0.03765217 0.44604155 0.06001647
v -0.03772022 0.44590523 0.05991239
v -0.04619581 0.44306119 0.05276140
v -0.04625663 0.44309805 0.05289682
v -0.05321210 0.44068954 0.04419560
v -0.05328210 0.44091938 0.04427229
v -0.05849773 0.43854981 0.03498178
v -0.05850872 0.43871162 0.03496631
v -0.06213360 0.43710304 0.02514115
v -0.06195048 0.43703835 0.02491839
v 0.04021703 0.43716233 -0.04909068
v 0.04663032 0.43705544 -0.04157991
v 0.04683686 0.43700057 -0.04167832
v 0.04011808 0.43708630 -0.04914880
v 0.03258068 0.43697445 -0.05573306
v 0.03257062 0.43710696 -0.05581318
v 0.02408583 0.43704222 -0.06110739
v 0.02398387 0.43707026 -0.06109313
v -0.05682508 0.43695607 0.03359078
v -0.05678556 0.43715774 0.03362683
v -0.05023886 0.43720500 0.04112364
v -0.05039738 0.43710046 0.04124187
v -0.04268738 0.43703514 0.04761577
v -0.04254407 0.43698047 0.04783220
v -0.03417141 0.43702007 0.05300200
v -0.03412442 0.43720893 0.05299337
v -0.02476123 0.43703638 0.05684052
v -0.02482476 0.43712195 0.05685868
v -0.01505238 0.43697606 0.05915672
v -0.01508498 0.43698802 0.05932005
v -0.00486129 0.43719752 0.05991901
v -0.00493210 0.43711884 0.05990587
v 0.00501370 0.43698414 0.05911852
v 0.00492317 0.43704683 0.05913373
v 0.01462156 0.43713616 0.05690719
v 0.01483839 0.43705231 0.05679467
v 0.02399933 0.43712849 0.05320560
v 0.02396530 0.43707289 0.05302262
v 0.03265719 0.43701431 0.04778525
v 0.03250957 0.43705236 0.04786218
v 0.04019273 0.43716579 0.04123899
v 0.04009273 0.43704444 0.04119085
v 0.04657398 0.43715811 0.03356252
v 0.04674376 0.43712543 0.03354386
v 0.05190033 0.43708821 0.02502849
v 0.05194732 0.43697977 0.02515619
v 0.05580386 0.43705023 0.01579129
v 0.05588675 0.43705118 0.01580588
v 0.05820996 0.43702280 0.00607510
v 0.05798634 0.43707039 0.00596838
v 0.05900395 0.43706202 -0.00396783
v 0.05908612 0.43703560 -0.00389728
v 0.05812243 0.43699368 -0.01399544
v 0.05823451 0.43700881 -0.01393424
v 0.05590370 0.43712812 -0.02374932
v 0.05571246 0.43708574 -0.02393555
v 0.05187017 0.43706839 -0.03305350
v 0.05193437 0.43704033 -0.03300490
v 0.06687758 0.46338429 0.01950215
v 0.06710279 0.72240323 0.01944224
v 0.06679033 0.46324679 0.01934363
v 0.06698036 0.72227598 0.01940113
v 0.06963095 0.72252789 0.00789460
v 0.06985906 0.72283872 0.00780450
v 0.06977706 0.72240559 0.00775701
v 0.06966930 0.72292735 0.00774441
v 0.06948489 0.45966702 0.00787054
v 0.06972489 0.46315773 0.00789258
v 0.06946422 0.45966246 0.00784694
v 0.06976793 0.46319191 0.00782527
v 0.07072095 0.72298366 -0.00396738
v 0.07092366 0.72315703 -0.00391861
v 0.06984392 0.45595368 -0.00394632
v 0.07004470 0.45590921 -0.00402512
v 0.06993663 0.72345602 -0.01578282
v 0.06992810 0.72347781 -0.01583317
v 0.06844566 0.45238826 -0.01566958
v 0.06837600 0.45239401 -0.01560446
v 0.06744163 0.72384201 -0.02758408
v 0.06721134 0.72372801 -0.02750085
v 0.06444264 0.44899566 -0.02653513
v 0.06452981 0.44899439 -0.02670165
v 0.06282979 0.72404658 -0.03861334
v 0.06287270 0.72406209 -0.03861868
v 0.05892167 0.44610627 -0.03656284
v 0.05895895 0.44589500 -0.03659790
v 0.05681401 0.72429587 -0.04892152
v 0.05699586 0.72418294 -0.04886667
v 0.05176236 0.44320817 -0.04515804
v 0.05172637 0.44331126 -0.04522757
v 0.04913872 0.72465798 -0.05829521
v 0.04926435 0.72468788 -0.05828363
v 0.04324431 0.44081295 -0.05231992
v 0.04336502 0.44092341 -0.05223117
v 0.04032035 0.72488433 -0.06628139
v 0.04030633 0.72490302 -0.06639518
v 0.03386871 0.43866053 -0.05759291
v 0.03388324 0.43864584 -0.05765125
v 0.03007956 0.72505688 -0.07293316
v 0.03009830 0.72490172 -0.07296683
v 0.01891666 0.72502565 -0.07807207
v 0.01908133 0.72508520 -0.07795151
v 0.00716846 0.72509090 -0.08124766
v 0.00705843 0.72515747 -0.08116887
v -0.00504462 0.72510754 -0.08239698
v -0.00510921 0.72510444 -0.08241569
v -0.08257051 0.72524824 0.00824311
v -0.08264621 0.72508253 0.00830253
v -0.07941754 0.72519077 0.02022652
v -0.07925487 0.72522428 0.02013823
v -0.07436321 0.72498926 0.03127614
v -0.07432363 0.72504638 0.03133779
v -0.06766660 0.72487662 0.04146603
v -0.06776884 0.72506480 0.04150215
v -0.05940699 0.72485296 0.05036734
v -0.05950511 0.72491830 0.05048994
v -0.05030955 0.72459545 0.05805005
v -0.05025247 0.72457106 0.05808524
v -0.03971649 0.72443958 0.06411719
v -0.03979303 0.72446948 0.06423436
v -0.02855531 0.72410398 0.06856187
v -0.02862677 0.72402254 0.06864159
v -0.01676881 0.72389714 0.07116679
v -0.01689820 0.72384422 0.07130961
v -0.00499700 0.72339307 0.07199725
v -0.00513298 0.72346331 0.07178173
v 0.00694272 0.72308767 0.07092525
v 0.00684641 0.72325494 0.07097065
v 0.01830574 0.72234189 0.06806914
v 0.01833929 0.72273133 0.06802489
v 0.01843050 0.72277462 0.06819644
v 0.01851468 0.72228974 0.06816036
v 0.02932629 0.46332004 0.06332398
v 0.02932317 0.72250732 0.06326996
v 0.02939300 0.72230738 0.06353362
v 0.02938659 0.46323729 0.06335282
v 0.01832057 0.45964577 0.06767083
v 0.01828617 0.46330968 0.06799050
v 0.01824376 0.46336936 0.06795580
v 0.01827692 0.45958645 0.06784879
v 0.00675091 0.45610253 0.07011568
v 0.00653942 0.45594395 0.07013149
v -0.00506092 0.45243294 0.07038348
v -0.00514033 0.45230962 0.07009487
v -0.01656709 0.44909689 0.06833046
v -0.01647235 0.44912633 0.06825170
v -0.02725343 0.44609409 0.06442041
v -0.02721869 0.44607684 0.06440813
v -0.03677514 0.44312819 0.05853574
v -0.03687534 0.44319900 0.05858092
v -0.04504428 0.44078284 0.05118556
v -0.04516542 0.44082289 0.05126802
v -0.05184594 0.43871319 0.04282318
v -0.05173739 0.43882547 0.04275024
v 0.04165634 0.43867294 -0.05083372
v 0.04844691 0.43869112 -0.04305111
v 0.04864607 0.43851353 -0.04295535
v 0.04181655 0.43879587 -0.05076704
v -0.04390651 0.43880819 0.04957571
v -0.04392048 0.43872623 0.04955601
v -0.03515067 0.43887466 0.05501198
v -0.03521763 0.43856384 0.05510341
v -0.02547407 0.43872549 0.05886283
v -0.02535942 0.43863568 0.05903491
v -0.01537065 0.43862075 0.06137493
v -0.01547619 0.43865041 0.06129545
v -0.00500022 0.43871954 0.06228531
v -0.00507885 0.43878913 0.06232268
v 0.00534076 0.43878077 0.06146306
v 0.00535990 0.43881095 0.06129963
v 0.01536762 0.43865555 0.05892694
v 0.01541716 0.43878975 0.05894612
v 0.02507137 0.43862644 0.05496796
v 0.02506679 0.43866540 0.05486338
v 0.03383170 0.43871855 0.04955566
v 0.03370879 0.43874071 0.04961196
v 0.04175310 0.43879110 0.04282077
v 0.04176825 0.43883325 0.04279621
v 0.04858901 0.43871823 0.03479366
v 0.04862526 0.43868057 0.03486446
v 0.05394987 0.43859500 0.02616356
v 0.05392557 0.43872088 0.02592978
v 0.05793785 0.43872997 0.01635061
v 0.05808329 0.43870316 0.01647329
v 0.06032811 0.43873187 0.00631949
v 0.06032111 0.43875671 0.00653517
v 0.06120293 0.43865510 -0.00397441
v 0.06106234 0.43869357 -0.00383659
v 0.06034759 0.43860898 -0.01445690
v 0.06042207 0.43869061 -0.01424768
v 0.05779011 0.43875949 -0.02445040
v 0.05794698 0.43873395 -0.02458240
v 0.05408872 0.43862531 -0.03414973
v 0.05395931 0.43860851 -0.03399769
v 0.06244834 0.72239844 0.03037497
v 0.06238670 0.46322895 0.03033944
v 0.06230554 0.72254624 0.03041026
v 0.06238969 0.46331745 0.03041498
v 0.06695134 0.72241017 0.01928334
v 0.06707686 0.72277810 0.01933693
v 0.06686050 0.72249499 0.01938042
v 0.06713744 0.72289218 0.01954348
v 0.06682922 0.45957054 0.01933209
v 0.06691935 0.46327255 0.01933167
v 0.06681097 0.45946069 0.01947311
v 0.06689892 0.46325679 0.01953406
v 0.06995527 0.72318324 0.00790217
v 0.06978482 0.72300217 0.00773432
v 0.06915584 0.45598120 0.00774216
v 0.06901604 0.45592873 0.00771556
v 0.07090114 0.72332698 -0.00389030
v 0.07093478 0.72344224 -0.00404933
v 0.06926676 0.45253758 -0.00402245
v 0.06918280 0.45234423 -0.00403560
v 0.06995046 0.72389593 -0.01598339
v 0.07017072 0.72371564 -0.01590093
v 0.06731523 0.44912000 -0.01542978
v 0.06720871 0.44910381 -0.01548030
v 0.06759901 0.72411951 -0.02751127
v 0.06740394 0.72415633 -0.02757334
v 0.06318891 0.44593887 -0.02622676
v 0.06326928 0.44592886 -0.02615113
v 0.06312503 0.72434152 -0.03878474
v 0.06310697 0.72418826 -0.03867808
v 0.05734362 0.44335791 -0.03590534
v 0.05748305 0.44313125 -0.03595335
v 0.05705716 0.72458773 -0.04901424
v 0.05700110 0.72461928 -0.04906023
v 0.05033064 0.44064891 -0.04416582
v 0.05025883 0.44078151 -0.04401705
v 0.04927953 0.72479331 -0.05842758
v 0.04945802 0.72481259 -0.05856088
v 0.04038410 0.72500399 -0.06654898
v 0.04045720 0.72513038 -0.06669842
v 0.03034693 0.72508445 -0.07322147
v 0.03020469 0.72498371 -0.07328571
v 0.01909892 0.72503805 -0.07824939
v 0.01913546 0.72530873 -0.07828778
v 0.00735569 0.72523435 -0.08141503
v 0.00721352 0.72519947 -0.08168022
v -0.07959976 0.72524463 0.02023477
v -0.07974903 0.72512345 0.02006393
v -0.07461209 0.72505447 0.03143288
v -0.07474906 0.72515027 0.03156071
v -0.06790690 0.72513040 0.04169460
v -0.06788018 0.72517728 0.04177151
v -0.05990367 0.72513271 0.05073082
v -0.05961451 0.72503612 0.05074700
v -0.05030735 0.72478301 0.05840383
v -0.05042811 0.72491697 0.05831370
v -0.04005003 0.72455049 0.06444168
v -0.03981422 0.72459236 0.06428714
v -0.02878773 0.72431381 0.06871120
v -0.02863490 0.72439062 0.06876406
v -0.01699109 0.72405258 0.07151339
v -0.01710597 0.72408247 0.07133491
v -0.00511717 0.72377916 0.07201390
v -0.00512725 0.72378535 0.07201975
v 0.00678111 0.72361631 0.07097074
v 0.00693312 0.72339738 0.07083135
v 0.01832729 0.72313525 0.06811379
v 0.01842557 0.72309504 0.06813563
v 0.02930815 0.72248356 0.06342704
v 0.02935031 0.72273719 0.06342657
v 0.02936545 0.72278030 0.06362727
v 0.02942996 0.72254755 0.06335950
v 0.03951804 0.46338151 0.05724626
v 0.03936671 0.72253520 0.05721644
v 0.03935387 0.72243135 0.05718423
v 0.03928802 0.46312992 0.05728777
v 0.02934838 0.45941511 0.06326184
v 0.02948757 0.46326613 0.06361170
v 0.02935937 0.46323033 0.06347899
v 0.02921818 0.45973452 0.06341488
v 0.01821454 0.45611598 0.06746453
v 0.01812945 0.45582426 0.06739502
v 0.00663262 0.45254646 0.06930320
v 0.00665991 0.45239411 0.06947523
v -0.00502629 0.44903521 0.06927336
v -0.00506630 0.44915858 0.06903895
v -0.01625292 0.44603131 0.06697040
v -0.01628010 0.44607945 0.06705772
v -0.02686336 0.44329638 0.06276783
v -0.02687249 0.44333259 0.06272804
v -0.03604125 0.44085061 0.05686666
v -0.03609608 0.44063256 0.05693986
v -0.02608317 0.44074948 0.06092206
v -0.02610045 0.44075005 0.06092488
v -0.01563288 0.44078309 0.06344153
v -0.01571406 0.44082580 0.06351993
v -0.00503545 0.44076250 0.06409515
v -0.00504651 0.44082360 0.06443562
v 0.00564206 0.44078796 0.06340551
v 0.00570315 0.44070764 0.06327750
v 0.01610892 0.44072331 0.06088779
v 0.01609606 0.44079839 0.06090222
v 0.02585601 0.44075510 0.05689098
v 0.02601029 0.44085897 0.05682689
v 0.03510643 0.44091554 0.05121570
v 0.03506592 0.44086044 0.05117917
v 0.04320359 0.44079287 0.04428248
v 0.04305168 0.44071117 0.04427630
v 0.05005764 0.44076506 0.03619488
v 0.05019076 0.44070153 0.03600057
v 0.05577006 0.44067633 0.02686298
v 0.05587096 0.44075171 0.02704843
v 0.06004338 0.44071483 0.01723209
v 0.05996770 0.44060284 0.01721578
v 0.06237000 0.44083528 0.00659642
v 0.06237173 0.44067141 0.00667418
v 0.06333847 0.44086038 -0.00397619
v 0.06331688 0.44085486 -0.00408906
v 0.06229873 0.44070453 -0.01481740
v 0.06234433 0.44066837 -0.01477702
v 0.05992940 0.44079565 -0.02512398
v 0.05993416 0.44081763 -0.02514231
v 0.05574465 0.44094753 -0.03510111
v 0.05584679 0.44080474 -0.03510881
v 0.05632682 0.46320290 0.04044097
v 0.05614087 0.72248081 0.04043475
v 0.05617007 0.46335700 0.04045785
v 0.05628423 0.72241119 0.04063624
v 0.06254827 0.72228979 0.03027110
v 0.06239311 0.72276361 0.03040165
v 0.06241776 0.72249516 0.03021970
v 0.06239717 0.72274070 0.03039446
v 0.06217702 0.45957008 0.03029651
v 0.06229969 0.46320288 0.03031855
v 0.06226612 0.45945314 0.03024745
v 0.06243503 0.46326328 0.03032841
v 0.06698149 0.72302965 0.01939463
v 0.06689468 0.72313626 0.01954608
v 0.06645681 0.45592682 0.01925362
v 0.06641003 0.45583961 0.01909752
v 0.07001978 0.72356035 0.00799325
v 0.06999885 0.72349707 0.00786456
v 0.06835330 0.45242329 0.00749902
v 0.06829723 0.45247286 0.00772202
v 0.07106608 0.72376119 -0.00393670
v 0.07106005 0.72383298 -0.00408821
v 0.06802548 0.44909045 -0.00399659
v 0.06825301 0.44905016 -0.00393069
v 0.07022927 0.72408521 -0.01577998
v 0.07042419 0.72419581 -0.01603449
v 0.06593684 0.44600218 -0.01525474
v 0.06595293 0.44607112 -0.01523752
v 0.06764329 0.72443340 -0.02765213
v 0.06770532 0.72447586 -0.02748480
v 0.06167615 0.44309543 -0.02563562
v 0.06181735 0.44319661 -0.02566644
v 0.06340161 0.72473672 -0.03878012
v 0.06348538 0.72453228 -0.03890041
v 0.05737595 0.72481630 -0.04940304
v 0.05738474 0.72485112 -0.04934512
v 0.04972685 0.72511869 -0.05883403
v 0.04966806 0.72507350 -0.05882990
v 0.04074247 0.72514004 -0.06703504
v 0.04069898 0.72517788 -0.06680165
v 0.03040156 0.72521115 -0.07359061
v 0.03028591 0.72509496 -0.07351029
v 0.01908706 0.72529245 -0.07859885
v 0.01924936 0.72518943 -0.07848897
v -0.07500640 0.72514471 0.03163294
v -0.07500118 0.72510260 0.03154086
v -0.06804028 0.72523049 0.04198553
v -0.06823203 0.72503110 0.04194072
v -0.05984126 0.72501957 0.05080715
v -0.05992239 0.72500404 0.05099665
v -0.05048370 0.72493850 0.05877839
v -0.05052077 0.72491852 0.05875308
v -0.04017972 0.72484104 0.06466273
v -0.03991480 0.72477972 0.06456334
v -0.02885770 0.72464659 0.06901125
v -0.02878533 0.72450992 0.06907855
v -0.01694493 0.72438045 0.07147859
v -0.01697649 0.72432517 0.07164826
v -0.00520130 0.72397308 0.07229799
v -0.00501331 0.72397223 0.07213696
v 0.00684755 0.72380054 0.07098942
v 0.00684521 0.72387979 0.07113004
v 0.01857522 0.72346979 0.06807907
v 0.01834388 0.72344739 0.06807005
v 0.02943901 0.72305243 0.06353994
v 0.02925349 0.72312907 0.06350253
v 0.03946528 0.72234592 0.05725683
v 0.03930197 0.72285251 0.05722802
v 0.03946943 0.72279597 0.05726107
v 0.03937586 0.72248101 0.05728874
v 0.04849236 0.46320321 0.04949128
v 0.04847801 0.72252199 0.04954526
v 0.04857644 0.72234845 0.04959463
v 0.04841929 0.46328845 0.04951714
v 0.03937262 0.45962712 0.05727277
v 0.03950232 0.46320311 0.05714347
v 0.03945589 0.46326364 0.05718572
v 0.03929535 0.45945038 0.05716306
v 0.02906881 0.45604101 0.06295440
v 0.02887651 0.45577251 0.06294455
v 0.01791336 0.45235335 0.06671714
v 0.01798798 0.45239845 0.06669197
v 0.00635011 0.44904867 0.06811446
v 0.00647734 0.44905802 0.06829361
v -0.00503222 0.44602598 0.06773406
v -0.00501776 0.44610790 0.06792527
v -0.01597375 0.44322623 0.06526572
v -0.01602612 0.44322784 0.06528454
v -0.00505668 0.44324658 0.06617051
v -0.00515011 0.44311239 0.06627499
v 0.00594977 0.44334007 0.06533281
v 0.00594654 0.44306677 0.06517935
v 0.01665689 0.44322060 0.06276741
v 0.01671090 0.44318751 0.06269976
v 0.02684000 0.44313660 0.05840823
v 0.02681913 0.44311452 0.05848274
v 0.03629676 0.44317931 0.05263848
v 0.03626767 0.44313831 0.05277295
v 0.04441698 0.44332097 0.04559825
v 0.04458010 0.44329178 0.04560653
v 0.05174884 0.44321770 0.03717452
v 0.05172161 0.44314326 0.03729698
v 0.05745109 0.44322879 0.02793821
v 0.05746407 0.44321516 0.02781883
v 0.06164004 0.44320097 0.01756967
v 0.06176448 0.44304602 0.01772335
v 0.06428784 0.44329624 0.00691501
v 0.06416555 0.44326027 0.00683311
v 0.06504551 0.44325979 -0.00403666
v 0.06514182 0.44333951 -0.00398212
v 0.06430333 0.44324511 -0.01501521
v 0.06417337 0.44329529 -0.01490985
v 0.05615930 0.72242029 0.04055441
v 0.05605981 0.72278963 0.04048305
v 0.05619813 0.72254269 0.04040940
v 0.05634894 0.72275210 0.04043856
v 0.05596537 0.45954894 0.04027158
v 0.05612121 0.46340858 0.04043753
v 0.05606409 0.45953070 0.04037683
v 0.05624030 0.46338703 0.04041665
v 0.06247559 0.72323123 0.03038690
v 0.06247272 0.72311630 0.03036447
v 0.06182206 0.45595487 0.03006651
v 0.06167830 0.45586671 0.03002224
v 0.06715892 0.72353815 0.01958519
v 0.06709425 0.72342755 0.01946872
v 0.06556153 0.45244997 0.01894076
v 0.06556754 0.45243522 0.01902547
v 0.07002846 0.72379445 0.00780393
v 0.07010365 0.72392440 0.00791923
v 0.06729079 0.44902100 0.00758985
v 0.06737865 0.44900175 0.00736856
v 0.07126109 0.72401430 -0.00394365
v 0.07110154 0.72416051 -0.00416129
v 0.06671266 0.44595919 -0.00405839
v 0.06682549 0.44598033 -0.00393509
v 0.07049040 0.72442899 -0.01590468
v 0.07036670 0.72429531 -0.01594432
v 0.06802701 0.72459521 -0.02775522
v 0.06806437 0.72455038 -0.02763022
v 0.06349798 0.72473619 -0.03889187
v 0.06371492 0.72472944 -0.03904777
v 0.05770478 0.72502626 -0.04941547
v 0.05768539 0.72504503 -0.04962783
v 0.04994973 0.72509547 -0.05909800
v 0.04976717 0.72512246 -0.05901571
v 0.04079497 0.72514593 -0.06729717
v 0.04103393 0.72517991 -0.06709746
v 0.03042507 0.72507971 -0.07394864
v 0.03052105 0.72507669 -0.07403560
v -0.06863444 0.72512542 0.04222370
v -0.06861891 0.72516201 0.04217006
v -0.06022223 0.72511839 0.05114060
v -0.06018059 0.72524079 0.05121248
v -0.05065619 0.72507181 0.05891050
v -0.05077120 0.72508056 0.05893363
v -0.04012682 0.72506779 0.06480221
v -0.04008331 0.72499495 0.06514691
v -0.02880358 0.72468609 0.06947555
v -0.02874620 0.72463214 0.06934785
v -0.01696123 0.72456364 0.07173421
v -0.01706705 0.72461766 0.07181568
v -0.00520028 0.72432169 0.07243251
v -0.00505174 0.72437811 0.07250127
v 0.00695430 0.72407879 0.07134854
v 0.00690027 0.72410461 0.07120450
v 0.01848970 0.72378634 0.06835621
v 0.01848550 0.72375505 0.06829414
v 0.02948698 0.72352214 0.06352373
v 0.02951559 0.72354777 0.06361935
v 0.03969190 0.72313550 0.05736380
v 0.03968625 0.72305452 0.05726653
v 0.04840873 0.72238427 0.04966382
v 0.04856056 0.72285697 0.04961546
v 0.04845492 0.72273771 0.04966688
v 0.04850173 0.72227768 0.04958343
v 0.04847495 0.45958084 0.04940699
v 0.04847508 0.46337864 0.04953731
v 0.04862043 0.46335110 0.04964475
v 0.04829589 0.45961657 0.04936613
v 0.03908659 0.45606511 0.05667427
v 0.03908687 0.45576780 0.05677540
v 0.02877259 0.45233196 0.06226058
v 0.02856253 0.45229451 0.06222737
v 0.01743416 0.44906920 0.06565197
v 0.01758344 0.44914096 0.06558378
v 0.00621619 0.44607552 0.06682491
v 0.00620170 0.44600371 0.06689031
v 0.01711351 0.44596661 0.06443222
v 0.01704292 0.44584906 0.06420400
v 0.02755141 0.44600901 0.05992149
v 0.02740354 0.44607843 0.05995173
v 0.03722512 0.44593629 0.05404293
v 0.03714792 0.44589205 0.05396478
v 0.04561273 0.44612344 0.04671969
v 0.04562198 0.44617981 0.04673972
v 0.05308224 0.44599671 0.03816389
v 0.05305460 0.44597442 0.03823687
v 0.05878065 0.44591435 0.02842079
v 0.05900865 0.44602029 0.02859719
v 0.06316741 0.44601169 0.01807346
v 0.06321819 0.44598548 0.01809572
v 0.06586928 0.44595167 0.00719385
v 0.06594384 0.44606437 0.00717796
v 0.05627218 0.72314098 0.04050960
v 0.05623982 0.72318311 0.04050584
v 0.05564365 0.45597848 0.04010966
v 0.05583085 0.45591696 0.04014195
v 0.06256938 0.72355223 0.03039515
v 0.06255165 0.72359029 0.03053366
v 0.06116462 0.45248592 0.02976162
v 0.06098132 0.45238701 0.02975031
v 0.06746243 0.72373724 0.01938754
v 0.06726579 0.72375539 0.01944799
v 0.06455086 0.44914712 0.01851259
v 0.06440641 0.44900922 0.01852090
v 0.07016369 0.72410646 0.00798470
v 0.07027618 0.72407904 0.00792690
v 0.07159880 0.72448342 -0.00407920
v 0.07150921 0.72441177 -0.00409511
v 0.07080788 0.72460620 -0.01584043
v 0.07079218 0.72456025 -0.01618101
v 0.06818580 0.72492494 -0.02798977
v 0.06822388 0.72479583 -0.02784758
v 0.06376751 0.72502880 -0.03903589
v 0.06390894 0.72501251 -0.03900531
v 0.05788704 0.72517605 -0.04972374
v 0.05796859 0.72521467 -0.04969489
v 0.05029921 0.72501104 -0.05916676
v 0.05014986 0.72516041 -0.05930507
v 0.04103539 0.72518543 -0.06743485
v 0.04099188 0.72506189 -0.06747681
v -0.06038966 0.72519101 0.05146275
v -0.06054230 0.72516124 0.05159899
v -0.05087069 0.72508945 0.05912432
v -0.05109246 0.72509193 0.05918293
v -0.04031365 0.72525770 0.06524034
v -0.04047808 0.72503957 0.06535909
v -0.02882798 0.72500283 0.06967368
v -0.02884074 0.72484145 0.06960214
v -0.01710580 0.72466212 0.07205687
v -0.01714653 0.72474451 0.07219121
v -0.00511884 0.72460671 0.07278289
v -0.00500640 0.72446694 0.07291082
v 0.00696990 0.72442422 0.07172795
v 0.00687064 0.72441846 0.07155969
v 0.01856884 0.72412989 0.06860843
v 0.01850218 0.72406979 0.06867236
v 0.02933141 0.72374056 0.06385112
v 0.02933048 0.72389189 0.06372443
v 0.03952800 0.72354743 0.05750093
v 0.03958741 0.72352438 0.05734461
v 0.04849013 0.72304987 0.04951266
v 0.04859653 0.72313931 0.04951489
v 0.04810959 0.45583072 0.04908254
v 0.04790528 0.45597823 0.04919057
v 0.03867474 0.45253335 0.05598841
v 0.03853608 0.45236224 0.05596638
v 0.02823083 0.44902624 0.06128349
v 0.02817854 0.44899314 0.06115628
v 0.03791599 0.44913338 0.05524408
v 0.03803225 0.44918141 0.05527043
v 0.04672053 0.44896746 0.04775835
v 0.04682718 0.44915151 0.04768848
v 0.05414757 0.44909506 0.03910149
v 0.05425799 0.44918994 0.03902755
v 0.06010805 0.44904500 0.02935896
v 0.06024970 0.44918752 0.02932686
v 0.05629701 0.72346535 0.04068768
v 0.05637811 0.72357290 0.04054127
v 0.05500496 0.45249181 0.03958924
v 0.05502837 0.45239954 0.03981557
v 0.06291819 0.72383565 0.03044095
v 0.06270610 0.72380018 0.03064187
v 0.06751320 0.72413987 0.01959698
v 0.06764269 0.72405570 0.01961449
v 0.07059470 0.72436582 0.00804770
v 0.07048121 0.72440759 0.00800831
v 0.07170213 0.72460647 -0.00401058
v 0.07182648 0.72457523 -0.00406334
v 0.07123253 0.72480269 -0.01598016
v 0.07101909 0.72474215 -0.01598579
v 0.06864301 0.72498256 -0.02789425
v 0.06859813 0.72494830 -0.02807495
v 0.06411320 0.72502845 -0.03926995
v 0.06415535 0.72490897 -0.03930576
v 0.05813180 0.72516794 -0.04995963
v 0.05810777 0.72507446 -0.04980828
v 0.05046549 0.72509954 -0.05932062
v 0.05041057 0.72529651 -0.05958644
v -0.05126283 0.72516036 0.05947678
v -0.05123765 0.72535859 0.05935201
v -0.04048319 0.72512974 0.06562290
v -0.04051874 0.72515267 0.06555065
v -0.02901250 0.72495946 0.06993010
v -0.02899885 0.72519857 0.06999584
v -0.01709901 0.72490654 0.07247303
v -0.01713694 0.72480487 0.07256855
v -0.00496406 0.72465876 0.07303577
v -0.00515510 0.72493764 0.07313094
v 0.00700066 0.72447886 0.07179722
v 0.00704570 0.72461352 0.07178199
v 0.01858585 0.72448792 0.06858443
v 0.01861011 0.72434656 0.06880576
v 0.02954749 0.72416229 0.06389087
v 0.02943613 0.72419284 0.06396665
v 0.03966397 0.72396124 0.05739456
v 0.03972364 0.72368157 0.05759710
v 0.04856536 0.72348288 0.04954013
v 0.04854221 0.72358787 0.04975335
v 0.04745686 0.45241707 0.04867097
v 0.04745924 0.45261495 0.04848070
v 0.05642898 0.72380158 0.04072814
v 0.05655216 0.72380802 0.04077355
v 0.06281305 0.72406567 0.03060278
v 0.06303446 0.72405221 0.03057276
v 0.06770612 0.72439030 0.01949072
v 0.06770205 0.72446160 0.01966024
v 0.07077304 0.72451213 0.00796799
v 0.07072322 0.72456706 0.00791362
v 0.07213640 0.72477438 -0.00398585
v 0.07195415 0.72480842 -0.00398998
v 0.07139757 0.72503446 -0.01609126
v 0.07154876 0.72501309 -0.01613731
v 0.06891816 0.72509476 -0.02800393
v 0.06882506 0.72501451 -0.02804691
v 0.06457044 0.72515726 -0.03949355
v 0.06463927 0.72507171 -0.03950750
v 0.05845096 0.72512962 -0.05008780
v 0.05860249 0.72516250 -0.05013932
v -0.04069214 0.72518102 0.06593385
v -0.04062316 0.72526355 0.06597177
v -0.02903735 0.72507716 0.07031057
v -0.02918703 0.72499638 0.07026781
v -0.01718613 0.72492405 0.07286455
v -0.01711307 0.72507432 0.07270400
v -0.00509677 0.72491535 0.07351168
v -0.00504367 0.72489672 0.07330025
v 0.00690803 0.72475569 0.07220454
v 0.00701508 0.72479383 0.07221130
v 0.01870632 0.72455431 0.06897309
v 0.01873268 0.72449933 0.06893445
v 0.02965064 0.72439658 0.06408439
v 0.02972455 0.72434190 0.06420208
v 0.03982326 0.72404284 0.05779822
v 0.03979252 0.72409551 0.05761830
v 0.04880614 0.72385561 0.04980971
v 0.04868566 0.72381702 0.04968902
v 0.05666313 0.72412512 0.04068385
v 0.05657267 0.72399757 0.04070443
v 0.06313479 0.72423675 0.03086218
v 0.06301208 0.72437592 0.03085588
v 0.06794469 0.72465033 0.01963576
v 0.06797375 0.72460409 0.01966858
v 0.07118425 0.72478024 0.00799963
v 0.07092852 0.72485803 0.00810787
v 0.07238486 0.72483180 -0.00390480
v 0.07236818 0.72505469 -0.00407498
v 0.07183724 0.72500421 -0.01601678
v 0.07175312 0.72497563 -0.01614715
v 0.06918701 0.72512790 -0.02821970
v 0.06922577 0.72517756 -0.02805961
v 0.06484754 0.72498649 -0.03949178
v 0.06490615 0.72509992 -0.03972662
v -0.02912576 0.72524373 0.07057858
v -0.02920227 0.72511978 0.07052756
v -0.01731776 0.72509862 0.07302497
v -0.01731470 0.72520207 0.07319228
v -0.00492529 0.72522123 0.07366059
v -0.00503286 0.72498533 0.07369591
v 0.00710492 0.72490456 0.07257415
v 0.00719034 0.72497338 0.07257260
v 0.01875482 0.72480027 0.06928044
v 0.01868652 0.72491577 0.06938333
v 0.02981447 0.72465173 0.06439050
v 0.02981649 0.72453259 0.06457406
v 0.04006076 0.72433835 0.05790666
v 0.03992868 0.72439584 0.05788690
v 0.04897562 0.72401323 0.04986342
v 0.04892198 0.72413410 0.04998996
v 0.05686797 0.72442730 0.04083742
v 0.05690849 0.72430482 0.04100935
v 0.06335262 0.72452177 0.03101083
v 0.06340432 0.72473442 0.03086032
v 0.06820188 0.72477406 0.01969615
v 0.06815929 0.72477954 0.01989687
v 0.07139679 0.72482764 0.00801824
v 0.07152779 0.72481406 0.00812309
v 0.07270907 0.72511923 -0.00384204
v 0.07271101 0.72513574 -0.00393160
v 0.07206500 0.72511914 -0.01626441
v 0.07199582 0.72512336 -0.01639237
v 0.06957764 0.72518456 -0.02832582
v 0.06953359 0.72525339 -0.02822857
v -0.01744643 0.72508201 0.07355078
v -0.01731245 0.72516845 0.07341207
v -0.00499895 0.72507978 0.07412373
v -0.00521435 0.72510988 0.07410244
v 0.00700621 0.72505408 0.07269016
v 0.00703001 0.72497239 0.07279351
v 0.01885194 0.72490406 0.06980806
v 0.01877893 0.72504006 0.06960044
v 0.02983600 0.72473097 0.06464063
v 0.02997742 0.72467354 0.06457324
v 0.04026850 0.72449038 0.05831861
v 0.04022965 0.72461465 0.05820278
v 0.04890520 0.72451391 0.04994900
v 0.04909170 0.72427217 0.05001900
v 0.05708335 0.72464079 0.04112058
v 0.05701371 0.72468240 0.04114161
v 0.06368573 0.72469135 0.03093280
v 0.06359527 0.72483931 0.03099101
v 0.06867535 0.72495044 0.01995422
v 0.06860603 0.72491800 0.02004702
v 0.07165181 0.72499787 0.00827413
v 0.07170636 0.72501975 0.00819086
v 0.07303814 0.72500148 -0.00389760
v 0.07295316 0.72526163 -0.00382759
v 0.07245442 0.72521228 -0.01632886
v 0.07243735 0.72533275 -0.01638767
v -0.00508049 0.72519834 0.07450440
v -0.00500350 0.72505600 0.07448874
v 0.00712754 0.72500798 0.07309215
v 0.00720644 0.72525827 0.07325900
v 0.01896714 0.72502388 0.06985743
v 0.01885031 0.72519518 0.06992604
v 0.03005004 0.72508768 0.06483519
v 0.03004601 0.72503653 0.06498870
v 0.04009817 0.72497776 0.05848259
v 0.04029659 0.72465468 0.05827257
v 0.04922658 0.72473001 0.05029944
v 0.04929904 0.72453321 0.05016257
v 0.05742713 0.72480252 0.04123919
v 0.05732836 0.72477324 0.04135283
v 0.06408438 0.72508297 0.03121820
v 0.06391357 0.72495652 0.03108810
v 0.06901233 0.72496534 0.02008297
v 0.06893854 0.72513590 0.01994777
v 0.07196109 0.72513358 0.00817380
v 0.07213660 0.72526545 0.00834095
v 0.07337194 0.72514884 -0.00401354
v 0.07361521 0.72528485 -0.00385915
v 0.00729137 0.72525237 0.07350902
v 0.00725125 0.72521706 0.07363368
v 0.01921768 0.72510270 0.07027646
v 0.01904951 0.72512987 0.07020145
v 0.03014914 0.72512733 0.06541849
v 0.03041523 0.72510870 0.06518367
v 0.04048034 0.72493495 0.05848380
v 0.04044033 0.72505527 0.05871168
v 0.04954454 0.72486994 0.05052721
v 0.04942055 0.72473982 0.05042286
v 0.05763267 0.72496937 0.04146990
v 0.05762140 0.72489651 0.04154397
v 0.06427342 0.72507879 0.03120247
v 0.06430220 0.72503128 0.03118136
v 0.06935507 0.72510039 0.02012267
v 0.06917316 0.72515329 0.02029864
v 0.07236403 0.72524677 0.00828811
v 0.07247375 0.72520147 0.00813834
v 0.01928930 0.72527509 0.07060564
v 0.01920860 0.72512679 0.07051626
v 0.03044745 0.72528398 0.06556667
v 0.03029987 0.72526288 0.06558981
v 0.04059444 0.72505354 0.05877000
v 0.04062404 0.72504791 0.05899161
v 0.04964518 0.72494472 0.05076207
v 0.04969857 0.72500815 0.05063301
v 0.05782304 0.72508661 0.04169392
v 0.05791322 0.72509109 0.04166429
v 0.06455260 0.72527568 0.03140119
v 0.06457443 0.72530553 0.03131477
v 0.06967997 0.72518087 0.02026779
v 0.06963335 0.72515489 0.02020542
v 0.03052180 0.72512114 0.06584726
v 0.03044622 0.72526196 0.06587878
v 0.04081969 0.72519600 0.05913149
v 0.04072387 0.72509611 0.05930847
v 0.05000903 0.72503210 0.05095133
v 0.04999241 0.72499739 0.05103040
v 0.05831479 0.72504487 0.04191215
v 0.05813438 0.72507159 0.04193464
v 0.06481724 0.72525283 0.03163627
v 0.06487604 0.72504548 0.03159843
v 0.04126139 0.72531618 0.05958665
v 0.04101232 0.72513690 0.05944242
v 0.05036118 0.72525315 0.05127940
v 0.05027277 0.72508940 0.05105093
v 0.05854521 0.72519210 0.04204875
v 0.05835285 0.72525505 0.04221921
v 0.05044058 0.72521767 0.05147287
v 0.05047231 0.72518193 0.05154526
vn 0.7071067811865475 0 0.7071067811865475
vn 0.8090169736320783 0 0.5877852808425821
vn -0.7071067811865475 0 -0.7071067811865475
vn -0.8090169736320783 0 -0.5877852808425821
vn 0.5877852808425821 0 0.8090169736320783
vn -0.5877852808425821 0 -0.8090169736320783
vn 0.7055834642393551 0.06560449667500821 0.7055834642393551
vn 0.8020080572590469 0.13134679300021096 0.5826929689468795
vn 0.8072741160195234 0.06560450130185363 0.5865190116388658
vn 0.7009807471706714 0.13134680883864083 0.7009807471706714
vn -0.7009807471706714 -0.13134680883864083 -0.7009807471706714
vn -0.7055834642393551 -0.06560449667500821 -0.7055834642393551
vn -0.8020080572590469 -0.13134679300021096 -0.5826929689468795
vn -0.8072741160195234 -0.06560450130185363 -0.5865190116388658
vn 0.8910065190976112 0 0.4539905097307192
vn -0.8910065190976112 0 -0.4539905097307192
vn 0.7043812548367026 0.08771599437585309 0.7043812548367026
vn 0.8082409773116704 0.04378871877079607 0.5872214835159625
vn 0.8058986946400282 0.08771599941660733 0.5855195961057531
vn 0.7064285341827572 0.043788722118854304 0.7064285341827572
vn -0.7064285341827572 -0.043788722118854304 -0.7064285341827572
vn -0.7043812548367026 -0.08771599437585309 -0.7043812548367026
vn -0.8082409773116704 -0.04378871877079607 -0.5872214835159625
vn -0.8058986946400282 -0.08771599941660733 -0.5855195961057531
vn 0.4539905097307192 0 0.8910065190976112
vn -0.4539905097307192 0 -0.8910065190976112
vn 0.5826929689468795 0.1313467930002109 0.8020080572590469
vn 0.5865190116388658 0.06560450130185358 0.8072741160195234
vn -0.5826929689468795 -0.1313467930002109 -0.8020080572590469
vn -0.5865190116388658 -0.06560450130185358 -0.8072741160195234
vn 0.5872214835159625 0.043788718770796015 0.8082409773116704
vn 0.5855195961057531 0.0877159994166073 0.8058986946400282
vn -0.5872214835159625 -0.043788718770796015 -0.8082409773116704
vn -0.5855195961057531 -0.0877159994166073 -0.8058986946400282
vn 0.7811100705630474 0.26038399018715597 0.5675096786128023
vn 0.682715228647387 0.2603840109259632 0.682715228647387
vn -0.682715228647387 -0.2603840109259632 -0.682715228647387
vn -0.7811100705630474 -0.26038399018715597 -0.5675096786128023
vn 0.883287295806673 0.13134679937644278 0.45005729786339344
vn 0.8890870137161677 0.06560450101209693 0.45301250698873724
vn -0.883287295806673 -0.13134679937644278 -0.45005729786339344
vn -0.8890870137161677 -0.06560450101209693 -0.45301250698873724
vn 0.9510565130859433 0 0.30901700425188083
vn -0.9510565130859433 0 -0.30901700425188083
vn 0.8901519021818297 0.043788720107329364 0.4535550011116976
vn 0.8875721701965695 0.08771599705461956 0.4522405848143945
vn -0.8901519021818297 -0.043788720107329364 -0.4535550011116976
vn -0.8875721701965695 -0.08771599705461956 -0.4522405848143945
vn 0.6960179912248523 0.17640269777597728 0.6960179912248523
vn 0.7963300505412999 0.17640268904392997 0.57856766406615
vn -0.6960179912248523 -0.17640269777597728 -0.6960179912248523
vn -0.7963300505412999 -0.17640268904392997 -0.57856766406615
vn 0.30901700425188083 0 0.9510565130859433
vn -0.30901700425188083 0 -0.9510565130859433
vn 0.4500572978633935 0.13134679937644272 0.8832872958066732
vn 0.4530125069887373 0.06560450101209685 0.8890870137161679
vn -0.4500572978633935 -0.13134679937644272 -0.8832872958066732
vn -0.4530125069887373 -0.06560450101209685 -0.8890870137161679
vn 0.4535550011116976 0.04378872010732927 0.8901519021818297
vn 0.4522405848143945 0.08771599705461947 0.8875721701965695
vn -0.4535550011116976 -0.04378872010732927 -0.8901519021818297
vn -0.4522405848143945 -0.08771599705461947 -0.8875721701965695
vn 0.5675096786128022 0.2603839901871559 0.7811100705630474
vn -0.5675096786128022 -0.2603839901871559 -0.7811100705630474
vn 0.57856766406615 0.17640268904392992 0.7963300505412999
vn -0.57856766406615 -0.17640268904392992 -0.7963300505412999
vn 0.7467060920828471 0.38484919591953237 0.5425136942478522
vn 0.6526450330268939 0.3848492194751719 0.652645033026894
vn -0.6526450330268939 -0.3848492194751719 -0.652645033026894
vn -0.7467060920828471 -0.38484919591953237 -0.5425136942478522
vn 0.8602713684512688 0.2603839904509381 0.4383301839251176
vn -0.8602713684512688 -0.2603839904509381 -0.4383301839251176
vn 0.9428170233708881 0.13134680325587184 0.3063398075936616
vn 0.9490076576309704 0.06560449707104686 0.30835128623346747
vn -0.9428170233708881 -0.13134680325587184 -0.3063398075936616
vn -0.9490076576309704 -0.06560449707104686 -0.30835128623346747
vn 0.9876883342001215 0 0.15643450541676854
vn -0.9876883342001215 0 -0.15643450541676854
vn 0.9501442754453797 0.04378871886836614 0.3087205920217202
vn 0.9473906906145321 0.08771599913102822 0.3078258969504766
vn -0.9501442754453797 -0.04378871886836614 -0.3087205920217202
vn -0.9473906906145321 -0.08771599913102822 -0.3078258969504766
vn 0.87703380924177 0.17640270185884865 0.4468711047089178
vn -0.87703380924177 -0.17640270185884865 -0.4468711047089178
vn 0.6814417968833169 0.2669721987789598 0.6814417968833169
vn 0.7796531153577397 0.26697220525886384 0.5664511111580506
vn -0.6814417968833169 -0.2669721987789598 -0.6814417968833169
vn -0.7796531153577397 -0.26697220525886384 -0.5664511111580506
vn 0.15643450541676854 0 0.9876883342001215
vn -0.15643450541676854 0 -0.9876883342001215
vn 0.30633980759366153 0.1313468032558717 0.9428170233708881
vn 0.30835128623346747 0.06560449707104672 0.9490076576309704
vn -0.30633980759366153 -0.1313468032558717 -0.9428170233708881
vn -0.30835128623346747 -0.06560449707104672 -0.9490076576309704
vn 0.3087205920217202 0.043788718868366 0.9501442754453797
vn 0.3078258969504766 0.0877159991310281 0.9473906906145322
vn -0.3087205920217202 -0.043788718868366 -0.9501442754453797
vn -0.3078258969504766 -0.0877159991310281 -0.9473906906145322
vn 0.4383301839251175 0.26038399045093796 0.8602713684512688
vn -0.4383301839251175 -0.26038399045093796 -0.8602713684512688
vn 0.4468711047089178 0.1764027018588486 0.8770338092417702
vn -0.4468711047089178 -0.1764027018588486 -0.8770338092417702
vn 0.5425136942478521 0.38484919591953237 0.7467060920828473
vn -0.5425136942478521 -0.38484919591953237 -0.7467060920828473
vn 0.5664511111580505 0.2669722052588638 0.7796531153577397
vn -0.5664511111580505 -0.2669722052588638 -0.7796531153577397
vn 0.6994233957838023 0.5025727969704383 0.5081608969367529
vn 0.611318488939922 0.5025727909073676 0.6113184889399221
vn -0.611318488939922 -0.5025727909073676 -0.6113184889399221
vn -0.6994233957838023 -0.5025727969704383 -0.5081608969367529
vn 0.8223807200478577 0.3848492093817886 0.4190239102148938
vn -0.8223807200478577 -0.3848492093817886 -0.4190239102148938
vn 0.9182499597061597 0.26038398857405787 0.2983574869077382
vn -0.9182499597061597 -0.26038398857405787 -0.2983574869077382
vn 0.9791314831417403 0.13134679773852795 0.1550791973299139
vn 0.9855605624507051 0.06560449750050605 0.1560974940527746
vn -0.9791314831417403 -0.13134679773852795 -0.1550791973299139
vn -0.9855605624507051 -0.06560449750050605 -0.1560974940527746
vn 1 0 0
vn -1 0 0
vn 0.9867409670608117 0.04378871853825378 0.1562843947829458
vn 0.9838813169532885 0.08771600151143702 0.15583150268513732
vn -0.9867409670608117 -0.04378871853825378 -0.1562843947829458
vn -0.9838813169532885 -0.08771600151143702 -0.15583150268513732
vn 0.9361421275222512 0.1764027051861778 0.3041710089425213
vn -0.9361421275222512 -0.1764027051861778 -0.3041710089425213
vn 0.8586667552832813 0.2669721860969111 0.4375125772156932
vn -0.8586667552832813 -0.2669721860969111 -0.4375125772156932
vn 0.6596457821906954 0.36018729027556085 0.6596457821906955
vn 0.7547157930541468 0.3601872966850989 0.5483330949535425
vn -0.6596457821906954 -0.36018729027556085 -0.6596457821906955
vn -0.7547157930541468 -0.3601872966850989 -0.5483330949535425
vn 0 0 1
vn 0 0 -1
vn 0.15507919732991385 0.13134679773852778 0.9791314831417403
vn 0.1560974940527746 0.06560449750050587 0.9855605624507051
vn -0.15507919732991385 -0.13134679773852778 -0.9791314831417403
vn -0.1560974940527746 -0.06560449750050587 -0.9855605624507051
vn 0.15628439478294578 0.0437887185382536 0.9867409670608117
vn 0.15583150268513732 0.08771600151143685 0.9838813169532885
vn -0.15628439478294578 -0.0437887185382536 -0.9867409670608117
vn -0.15583150268513732 -0.08771600151143685 -0.9838813169532885
vn 0.2983574869077381 0.2603839885740577 0.9182499597061597
vn -0.2983574869077381 -0.2603839885740577 -0.9182499597061597
vn 0.30417100894252136 0.17640270518617768 0.9361421275222513
vn -0.30417100894252136 -0.17640270518617768 -0.9361421275222513
vn 0.41902391021489377 0.38484920938178846 0.8223807200478578
vn -0.41902391021489377 -0.38484920938178846 -0.8223807200478578
vn 0.43751257721569314 0.26697218609691103 0.8586667552832813
vn -0.43751257721569314 -0.26697218609691103 -0.8586667552832813
vn 0.5081608969367528 0.5025727969704383 0.6994233957838024
vn -0.5081608969367528 -0.5025727969704383 -0.6994233957838024
vn 0.5483330949535424 0.3601872966850989 0.7547157930541469
vn -0.5483330949535424 -0.3601872966850989 -0.7547157930541469
vn 0.6401179068209877 0.61151970651625 0.46507280495573694
vn 0.5594835232094499 0.6115197253681043 0.55948352320945
vn -0.5594835232094499 -0.6115197253681043 -0.55948352320945
vn -0.6401179068209877 -0.61151970651625 -0.46507280495573694
vn 0.7703062261339332 0.5025728170506273 0.3924906133159038
vn -0.7703062261339332 -0.5025728170506273 -0.3924906133159038
vn 0.8778056369039636 0.3848492161795058 0.2852163119908235
vn -0.8778056369039636 -0.3848492161795058 -0.2852163119908235
vn 0.9536181681042717 0.2603839912909199 0.15103829494821247
vn -0.9536181681042717 -0.2603839912909199 -0.15103829494821247
vn 0.991336481113806 0.13134679749768002 0
vn 0.9978457042763974 0.06560450028115661 0
vn -0.991336481113806 -0.13134679749768002 0
vn -0.9978457042763974 -0.06560450028115661 0
vn 0.9876883342001215 0 -0.15643450541676854
vn -0.9876883342001215 0 0.15643450541676854
vn 0.9990408139546629 0.04378872061164352 0
vn 0.9961455229978874 0.08771600202508839 0
vn -0.9990408139546629 -0.04378872061164352 0
vn -0.9961455229978874 -0.08771600202508839 0
vn 0.97219948973492 0.1764026981374318 0.1539812983741708
vn -0.97219948973492 -0.1764026981374318 -0.1539812983741708
vn 0.9165371861796826 0.2669721959743689 0.2978009955095065
vn -0.9165371861796826 -0.2669721959743689 -0.2978009955095065
vn 0.8312021677427817 0.36018728602188443 0.4235186835641255
vn -0.8312021677427817 -0.36018728602188443 -0.4235186835641255
vn 0.629130401064778 0.4564974007726035 0.6291304010647781
vn 0.7198024629678127 0.4564973765142558 0.5229670730945425
vn -0.629130401064778 -0.4564974007726035 -0.6291304010647781
vn -0.7198024629678127 -0.4564973765142558 -0.5229670730945425
vn -0.15643450541676854 0 0.9876883342001215
vn 0.15643450541676854 0 -0.9876883342001215
vn 0 0.1313467974976798 0.991336481113806
vn 0 0.06560450028115639 0.9978457042763974
vn 0 -0.1313467974976798 -0.991336481113806
vn 0 -0.06560450028115639 -0.9978457042763974
vn 0 0.043788720611643295 0.9990408139546629
vn 0 0.08771600202508817 0.9961455229978874
vn 0 -0.043788720611643295 -0.9990408139546629
vn 0 -0.08771600202508817 -0.9961455229978874
vn 0.15103829494821244 0.2603839912909197 0.9536181681042717
vn -0.15103829494821244 -0.2603839912909197 -0.9536181681042717
vn 0.15398129837417077 0.17640269813743165 0.97219948973492
vn -0.15398129837417077 -0.17640269813743165 -0.97219948973492
vn 0.28521631199082337 0.3848492161795056 0.8778056369039636
vn -0.28521631199082337 -0.3848492161795056 -0.8778056369039636
vn 0.29780099550950645 0.2669721959743688 0.9165371861796826
vn -0.29780099550950645 -0.2669721959743688 -0.9165371861796826
vn 0.3924906133159036 0.5025728170506273 0.7703062261339333
vn -0.3924906133159036 -0.5025728170506273 -0.7703062261339333
vn 0.42351868356412536 0.36018728602188427 0.8312021677427819
vn -0.42351868356412536 -0.36018728602188427 -0.8312021677427819
vn 0.4650728049557368 0.61151970651625 0.6401179068209878
vn -0.4650728049557368 -0.61151970651625 -0.6401179068209878
vn 0.5229670730945424 0.45649737651425576 0.7198024629678127
vn -0.5229670730945424 -0.45649737651425576 -0.7198024629678127
vn 0.4980697995965435 0.7098259994250123 0.4980697995965437
vn 0.5698530172133338 0.7098260214414451 0.4140224125062181
vn -0.4980697995965435 -0.7098259994250123 -0.4980697995965437
vn -0.5698530172133338 -0.7098260214414451 -0.4140224125062181
vn 0.7049904032110551 0.6115197027853193 0.3592105016361141
vn -0.7049904032110551 -0.6115197027853193 -0.3592105016361141
vn 0.8222215235574323 0.5025728143991912 0.26715600765427494
vn -0.8222215235574323 -0.5025728143991912 -0.26715600765427494
vn 0.9116160636440729 0.384849184651928 0.14438579424178716
vn -0.9116160636440729 -0.384849184651928 -0.14438579424178716
vn 0.965505142705459 0.26038398454841905 0
vn -0.965505142705459 -0.26038398454841905 0
vn 0.9855605624507051 0.06560449750050612 -0.15609749405277457
vn 0.9791314831417403 0.13134679773852803 -0.15507919732991382
vn -0.9855605624507051 -0.06560449750050612 0.15609749405277457
vn -0.9791314831417403 -0.13134679773852803 0.15507919732991382
vn 0.9510565130859433 0 -0.30901700425188083
vn -0.9510565130859433 0 0.30901700425188083
vn 0.9838813169532885 0.08771600151143709 -0.1558315026851373
vn 0.9867409670608117 0.04378871853825385 -0.15628439478294578
vn -0.9838813169532885 -0.08771600151143709 0.1558315026851373
vn -0.9867409670608117 -0.04378871853825385 0.15628439478294578
vn 0.9843180829934937 0.17640269695221128 0
vn -0.9843180829934937 -0.17640269695221128 0
vn 0.9518394231255292 0.2669722064862553 0.15075660366272522
vn -0.9518394231255292 -0.2669722064862553 -0.15075660366272522
vn 0.8872216020168809 0.36018730081879746 0.28827580065532443
vn -0.8872216020168809 -0.36018730081879746 -0.28827580065532443
vn 0.7927505650418095 0.4564973798696802 0.40392658218791266
vn -0.7927505650418095 -0.4564973798696802 -0.40392658218791266
vn 0.5878538268345608 0.555747925368979 0.5878538268345609
vn 0.6725769864956462 0.555747888841402 0.4886557901885127
vn -0.5878538268345608 -0.555747925368979 -0.5878538268345609
vn -0.6725769864956462 -0.555747888841402 -0.4886557901885127
vn -0.30901700425188083 0 0.9510565130859433
vn 0.30901700425188083 0 -0.9510565130859433
vn -0.15507919732991385 0.13134679773852778 0.9791314831417403
vn -0.1560974940527746 0.06560449750050587 0.9855605624507051
vn 0.15507919732991385 -0.13134679773852778 -0.9791314831417403
vn 0.1560974940527746 -0.06560449750050587 -0.9855605624507051
vn -0.15628439478294578 0.0437887185382536 0.9867409670608117
vn -0.15583150268513732 0.08771600151143685 0.9838813169532885
vn 0.15628439478294578 -0.0437887185382536 -0.9867409670608117
vn 0.15583150268513732 -0.08771600151143685 -0.9838813169532885
vn 0 0.2603839845484189 0.965505142705459
vn 0 -0.2603839845484189 -0.965505142705459
vn 0 0.17640269695221109 0.9843180829934938
vn 0 -0.17640269695221109 -0.9843180829934938
vn 0.14438579424178707 0.38484918465192786 0.911616063644073
vn -0.14438579424178707 -0.38484918465192786 -0.911616063644073
vn 0.15075660366272517 0.26697220648625514 0.9518394231255292
vn -0.15075660366272517 -0.26697220648625514 -0.9518394231255292
vn 0.26715600765427483 0.502572814399191 0.8222215235574323
vn -0.26715600765427483 -0.502572814399191 -0.8222215235574323
vn 0.2882758006553244 0.3601873008187973 0.887221602016881
vn -0.2882758006553244 -0.3601873008187973 -0.887221602016881
vn 0.359210501636114 0.6115197027853192 0.7049904032110552
vn -0.359210501636114 -0.6115197027853192 -0.7049904032110552
vn 0.4039265821879126 0.4564973798696801 0.7927505650418097
vn -0.4039265821879126 -0.4564973798696801 -0.7927505650418097
vn 0.4140224125062179 0.7098260214414451 0.569853017213334
vn -0.4140224125062179 -0.7098260214414451 -0.569853017213334
vn 0.4886557901885126 0.555747888841402 0.6725769864956465
vn -0.4886557901885126 -0.555747888841402 -0.6725769864956465
vn 0.4281671979568461 0.7958301962024097 0.42816719795684627
vn 0.4898758193547392 0.795830231442839 0.3559156140620413
vn -0.4281671979568461 -0.7958301962024097 -0.42816719795684627
vn -0.4898758193547392 -0.795830231442839 -0.3559156140620413
vn 0.6276045229463201 0.709826025952482 0.31978051169173555
vn -0.6276045229463201 -0.709826025952482 -0.31978051169173555
vn 0.7525036903255606 0.6115196921380981 0.24450329685658392
vn -0.7525036903255606 -0.6115196921380981 -0.24450329685658392
vn 0.8538910190936652 0.5025728112379177 0.13524310302414075
vn -0.8538910190936652 -0.5025728112379177 -0.13524310302414075
vn 0.9229794703904084 0.38484918765386705 0
vn -0.9229794703904084 -0.38484918765386705 0
vn 0.9536181681042716 0.2603839912909199 -0.15103829494821236
vn -0.9536181681042716 -0.2603839912909199 0.15103829494821236
vn 0.9490076576309704 0.06560449707104701 -0.30835128623346747
vn 0.9428170233708881 0.13134680325587197 -0.3063398075936615
vn -0.9490076576309704 -0.06560449707104701 0.30835128623346747
vn -0.9428170233708881 -0.13134680325587197 0.3063398075936615
vn 0.8910065190976112 0 -0.4539905097307192
vn -0.8910065190976112 0 0.4539905097307192
vn 0.9473906906145321 0.08771599913102836 -0.3078258969504765
vn 0.9501442754453797 0.04378871886836628 -0.3087205920217202
vn -0.9473906906145321 -0.08771599913102836 0.3078258969504765
vn -0.9501442754453797 -0.04378871886836628 0.3087205920217202
vn 0.97219948973492 0.1764026981374319 -0.1539812983741707
vn -0.97219948973492 -0.1764026981374319 0.1539812983741707
vn 0.9637042285880552 0.2669722079196666 0
vn -0.9637042285880552 -0.2669722079196666 0
vn 0.9213947038023472 0.3601873014863958 0.1459346006022328
vn -0.9213947038023472 -0.3601873014863958 -0.1459346006022328
vn 0.8461785047990928 0.4564974025890204 0.2749401015593202
vn -0.8461785047990928 -0.4564974025890204 -0.2749401015593202
vn 0.740739027021949 0.5557479202735259 0.3774254137683719
vn -0.740739027021949 -0.5557479202735259 -0.3774254137683719
vn 0.5332618041318804 0.6567067050883703 0.5332618041318805
vn 0.6101169830113264 0.6567066817140387 0.4432759876570048
vn -0.5332618041318804 -0.6567067050883703 -0.5332618041318805
vn -0.6101169830113264 -0.6567066817140387 -0.4432759876570048
vn -0.4539905097307192 0 0.8910065190976112
vn 0.4539905097307192 0 -0.8910065190976112
vn -0.30633980759366153 0.1313468032558717 0.9428170233708881
vn -0.30835128623346747 0.06560449707104672 0.9490076576309704
vn 0.30633980759366153 -0.1313468032558717 -0.9428170233708881
vn 0.30835128623346747 -0.06560449707104672 -0.9490076576309704
vn -0.3087205920217202 0.043788718868366 0.9501442754453797
vn -0.3078258969504766 0.0877159991310281 0.9473906906145322
vn 0.3087205920217202 -0.043788718868366 -0.9501442754453797
vn 0.3078258969504766 -0.0877159991310281 -0.9473906906145322
vn -0.15103829494821244 0.2603839912909197 0.9536181681042717
vn 0.15103829494821244 -0.2603839912909197 -0.9536181681042717
vn -0.15398129837417077 0.17640269813743165 0.97219948973492
vn 0.15398129837417077 -0.17640269813743165 -0.97219948973492
vn 0 0.38484918765386683 0.9229794703904085
vn 0 -0.38484918765386683 -0.9229794703904085
vn 0 0.26697220791966636 0.9637042285880552
vn 0 -0.26697220791966636 -0.9637042285880552
vn 0.13524310302414067 0.5025728112379176 0.8538910190936653
vn -0.13524310302414067 -0.5025728112379176 -0.8538910190936653
vn 0.14593460060223268 0.3601873014863955 0.9213947038023472
vn -0.14593460060223268 -0.3601873014863955 -0.9213947038023472
vn 0.24450329685658376 0.6115196921380979 0.7525036903255606
vn -0.24450329685658376 -0.6115196921380979 -0.7525036903255606
vn 0.2749401015593201 0.4564974025890202 0.846178504799093
vn -0.2749401015593201 -0.4564974025890202 -0.846178504799093
vn 0.3197805116917354 0.709826025952482 0.6276045229463203
vn -0.3197805116917354 -0.709826025952482 -0.6276045229463203
vn 0.3774254137683718 0.5557479202735258 0.7407390270219492
vn -0.3774254137683718 -0.5557479202735258 -0.7407390270219492
vn 0.3559156140620411 0.795830231442839 0.4898758193547394
vn -0.3559156140620411 -0.795830231442839 -0.4898758193547394
vn 0.44327598765700466 0.6567066817140387 0.6101169830113266
vn -0.44327598765700466 -0.6567066817140387 -0.6101169830113266
vn 0.35100268209216123 0.8680980557104238 0.35100268209216146
vn 0.40159010106644055 0.8680981023052735 0.29177230077481464
vn -0.35100268209216123 -0.8680980557104238 -0.35100268209216146
vn -0.40159010106644055 -0.8680981023052735 -0.29177230077481464
vn 0.5395221206150084 0.7958302304084787 0.27490021050387003
vn -0.5395221206150084 -0.7958302304084787 -0.27490021050387003
vn 0.6699023965292323 0.709825996322388 0.21766449887227932
vn -0.6699023965292323 -0.709825996322388 -0.21766449887227932
vn 0.7814878392943113 0.6115197307480751 0.12377550622360725
vn -0.7814878392943113 -0.6115197307480751 -0.12377550622360725
vn 0.8645348945457143 0.502572796829306 0
vn -0.8645348945457143 -0.502572796829306 0
vn 0.9116160636440729 0.384849184651928 -0.144385794241787
vn -0.9116160636440729 -0.384849184651928 0.144385794241787
vn 0.9182499597061595 0.260383988574058 -0.298357486907738
vn -0.9182499597061595 -0.260383988574058 0.298357486907738
vn 0.8890870137161677 0.06560450101209715 -0.45301250698873724
vn 0.883287295806673 0.131346799376443 -0.45005729786339344
vn -0.8890870137161677 -0.06560450101209715 0.45301250698873724
vn -0.883287295806673 -0.131346799376443 0.45005729786339344
vn 0.8090169736320783 0 -0.5877852808425821
vn -0.8090169736320783 0 0.5877852808425821
vn 0.8875721701965695 0.08771599705461977 -0.4522405848143945
vn 0.8901519021818297 0.04378872010732957 -0.4535550011116976
vn -0.8875721701965695 -0.08771599705461977 0.4522405848143945
vn -0.8901519021818297 -0.04378872010732957 0.4535550011116976
vn 0.9361421275222512 0.17640270518617793 -0.30417100894252125
vn -0.9361421275222512 -0.17640270518617793 0.30417100894252125
vn 0.9518394231255292 0.26697220648625536 -0.1507566036627251
vn -0.9518394231255292 -0.26697220648625536 0.1507566036627251
vn 0.9328800067721071 0.3601873026147275 0
vn -0.9328800067721071 -0.3601873026147275 0
vn 0.8787707693975291 0.45649738410285323 0.13918359515304563
vn -0.8787707693975291 -0.45649738410285323 -0.13918359515304563
vn 0.7906616495067984 0.5557479347978189 0.2569015160857324
vn -0.7906616495067984 -0.5557479347978189 -0.2569015160857324
vn 0.6719490797102492 0.656706680170499 0.34237518966185476
vn -0.6719490797102492 -0.656706680170499 -0.34237518966185476
vn 0.529195780600916 0.7563890722725394 0.38448328590573894
vn 0.46253408660398854 0.7563890780932973 0.4625340866039887
vn -0.46253408660398854 -0.7563890780932973 -0.4625340866039887
vn -0.529195780600916 -0.7563890722725394 -0.38448328590573894
vn -0.5877852808425821 0 0.8090169736320783
vn 0.5877852808425821 0 -0.8090169736320783
vn -0.4500572978633935 0.13134679937644272 0.8832872958066732
vn -0.4530125069887373 0.06560450101209685 0.8890870137161679
vn 0.4500572978633935 -0.13134679937644272 -0.8832872958066732
vn 0.4530125069887373 -0.06560450101209685 -0.8890870137161679
vn -0.4535550011116976 0.04378872010732927 0.8901519021818297
vn -0.4522405848143945 0.08771599705461947 0.8875721701965695
vn 0.4535550011116976 -0.04378872010732927 -0.8901519021818297
vn 0.4522405848143945 -0.08771599705461947 -0.8875721701965695
vn -0.2983574869077381 0.2603839885740577 0.9182499597061597
vn 0.2983574869077381 -0.2603839885740577 -0.9182499597061597
vn -0.30417100894252136 0.17640270518617768 0.9361421275222513
vn 0.30417100894252136 -0.17640270518617768 -0.9361421275222513
vn -0.14438579424178707 0.38484918465192786 0.911616063644073
vn 0.14438579424178707 -0.38484918465192786 -0.911616063644073
vn -0.15075660366272517 0.26697220648625514 0.9518394231255292
vn 0.15075660366272517 -0.26697220648625514 -0.9518394231255292
vn 0 0.5025727968293059 0.8645348945457144
vn 0 -0.5025727968293059 -0.8645348945457144
vn 0 0.3601873026147272 0.9328800067721071
vn 0 -0.3601873026147272 -0.9328800067721071
vn 0.12377550622360711 0.6115197307480749 0.7814878392943114
vn -0.12377550622360711 -0.6115197307480749 -0.7814878392943114
vn 0.13918359515304551 0.456497384102853 0.8787707693975293
vn -0.13918359515304551 -0.456497384102853 -0.8787707693975293
vn 0.21766449887227915 0.7098259963223877 0.6699023965292324
vn -0.21766449887227915 -0.7098259963223877 -0.6699023965292324
vn 0.2569015160857322 0.5557479347978187 0.7906616495067984
vn -0.2569015160857322 -0.5557479347978187 -0.7906616495067984
vn 0.2749002105038698 0.7958302304084786 0.5395221206150086
vn -0.2749002105038698 -0.7958302304084786 -0.5395221206150086
vn 0.34237518966185465 0.656706680170499 0.6719490797102493
vn -0.34237518966185465 -0.656706680170499 -0.6719490797102493
vn 0.2917723007748145 0.8680981023052735 0.40159010106644083
vn -0.2917723007748145 -0.8680981023052735 -0.40159010106644083
vn 0.3844832859057388 0.7563890722725394 0.5291957806009161
vn -0.3844832859057388 -0.7563890722725394 -0.5291957806009161
vn 0.26791589813045874 0.9254415935421852 0.26791589813045896
vn 0.30652869226740154 0.9254415766544918 0.22270619438193698
vn -0.26791589813045874 -0.9254415935421852 -0.26791589813045896
vn -0.30652869226740154 -0.9254415766544918 -0.22270619438193698
vn 0.4422891788722865 0.8680980585318205 0.22535758923489266
vn -0.4422891788722865 -0.8680980585318205 -0.22535758923489266
vn 0.5758835366155114 0.795830250600043 0.18711591189710156
vn -0.5758835366155114 -0.795830250600043 -0.18711591189710156
vn 0.6957050108020587 0.7098260110213123 0.11018880171087744
vn -0.6957050108020587 -0.7098260110213123 -0.11018880171087744
vn 0.7912292037896991 0.6115197029289562 0
vn -0.7912292037896991 -0.6115197029289562 0
vn 0.8538910190936652 0.5025728112379177 -0.13524310302414055
vn -0.8538910190936652 -0.5025728112379177 0.13524310302414055
vn 0.8778056369039636 0.38484921617950596 -0.28521631199082337
vn -0.8778056369039636 -0.38484921617950596 0.28521631199082337
vn 0.8602713684512688 0.26038399045093824 -0.43833018392511747
vn -0.8602713684512688 -0.26038399045093824 0.43833018392511747
vn 0.8072741160195234 0.06560450130185388 -0.5865190116388658
vn 0.8020080572590469 0.13134679300021118 -0.5826929689468795
vn -0.8072741160195234 -0.06560450130185388 0.5865190116388658
vn -0.8020080572590469 -0.13134679300021118 0.5826929689468795
vn 0.7071067811865475 0 -0.7071067811865475
vn -0.7071067811865475 0 0.7071067811865475
vn 0.8058986946400282 0.08771599941660758 -0.5855195961057531
vn 0.8082409773116704 0.043788718770796334 -0.5872214835159625
vn -0.8058986946400282 -0.08771599941660758 0.5855195961057531
vn -0.8082409773116704 -0.043788718770796334 0.5872214835159625
vn 0.8770338092417702 0.1764027018588489 -0.4468711047089177
vn -0.8770338092417702 -0.1764027018588489 0.4468711047089177
vn 0.9165371861796826 0.26697219597436905 -0.2978009955095064
vn -0.9165371861796826 -0.26697219597436905 0.2978009955095064
vn 0.9213947038023472 0.3601873014863958 -0.14593460060223262
vn -0.9213947038023472 -0.3601873014863958 0.14593460060223262
vn 0.8897247573191036 0.4564973781014104 0
vn -0.8897247573191036 -0.4564973781014104 0
vn 0.8211155454125068 0.5557479307361208 0.13005190719263354
vn -0.8211155454125068 -0.5557479307361208 -0.13005190719263354
vn 0.7172355635399587 0.6567066666168921 0.23304398815341326
vn -0.7172355635399587 -0.6567066666168921 -0.23304398815341326
vn 0.5828269672046625 0.756389057438424 0.29696518328994054
vn -0.5828269672046625 -0.756389057438424 -0.29696518328994054
vn 0.42704509085871123 0.8493333818192461 0.31026649335846357
vn 0.3732511015568341 0.849333403542578 0.37325110155683433
vn -0.3732511015568341 -0.849333403542578 -0.37325110155683433
vn -0.42704509085871123 -0.8493333818192461 -0.31026649335846357
vn -0.5826929689468795 0.1313467930002109 0.8020080572590469
vn -0.5865190116388658 0.06560450130185358 0.8072741160195234
vn 0.5826929689468795 -0.1313467930002109 -0.8020080572590469
vn 0.5865190116388658 -0.06560450130185358 -0.8072741160195234
vn -0.5872214835159625 0.043788718770796015 0.8082409773116704
vn -0.5855195961057531 0.0877159994166073 0.8058986946400282
vn 0.5872214835159625 -0.043788718770796015 -0.8082409773116704
vn 0.5855195961057531 -0.0877159994166073 -0.8058986946400282
vn -0.4383301839251175 0.26038399045093796 0.8602713684512688
vn 0.4383301839251175 -0.26038399045093796 -0.8602713684512688
vn -0.4468711047089178 0.1764027018588486 0.8770338092417702
vn 0.4468711047089178 -0.1764027018588486 -0.8770338092417702
vn -0.28521631199082337 0.3848492161795056 0.8778056369039636
vn 0.28521631199082337 -0.3848492161795056 -0.8778056369039636
vn -0.29780099550950645 0.2669721959743688 0.9165371861796826
vn 0.29780099550950645 -0.2669721959743688 -0.9165371861796826
vn -0.13524310302414067 0.5025728112379176 0.8538910190936653
vn 0.13524310302414067 -0.5025728112379176 -0.8538910190936653
vn -0.14593460060223268 0.3601873014863955 0.9213947038023472
vn 0.14593460060223268 -0.3601873014863955 -0.9213947038023472
vn 0 0.611519702928956 0.7912292037896993
vn 0 -0.611519702928956 -0.7912292037896993
vn 0 0.45649737810141017 0.8897247573191037
vn 0 -0.45649737810141017 -0.8897247573191037
vn 0.11018880171087729 0.7098260110213122 0.6957050108020588
vn -0.11018880171087729 -0.7098260110213122 -0.6957050108020588
vn 0.13005190719263343 0.5557479307361207 0.821115545412507
vn -0.13005190719263343 -0.5557479307361207 -0.821115545412507
vn 0.1871159118971014 0.7958302506000429 0.5758835366155116
vn -0.1871159118971014 -0.7958302506000429 -0.5758835366155116
vn 0.23304398815341307 0.6567066666168919 0.7172355635399587
vn -0.23304398815341307 -0.6567066666168919 -0.7172355635399587
vn 0.22535758923489244 0.8680980585318204 0.44228917887228675
vn -0.22535758923489244 -0.8680980585318204 -0.44228917887228675
vn 0.2969651832899403 0.7563890574384238 0.5828269672046628
vn -0.2969651832899403 -0.7563890574384238 -0.5828269672046628
vn 0.22270619438193673 0.9254415766544917 0.3065286922674017
vn -0.22270619438193673 -0.9254415766544917 -0.3065286922674017
vn 0.31026649335846346 0.8493333818192461 0.4270450908587115
vn -0.31026649335846346 -0.8493333818192461 -0.4270450908587115
vn 0.18033469509692782 0.9669326737103241 0.18033469509692804
vn 0.20632499678241328 0.9669326849209265 0.1499038976622864
vn -0.18033469509692782 -0.9669326737103241 -0.18033469509692804
vn -0.20632499678241328 -0.9669326849209265 -0.1499038976622864
vn 0.337593789303719 0.9254415706784207 0.17201259454997386
vn -0.337593789303719 -0.9254415706784207 -0.17201259454997386
vn 0.4720974956075341 0.8680980919230852 0.15339379857280128
vn -0.4720974956075341 -0.8680980919230852 -0.15339379857280128
vn 0.5980648357005038 0.7958302475057873 0.09472417565440518
vn -0.5980648357005038 -0.7958302475057873 -0.09472417565440518
vn 0.7043770322587078 0.7098260325082584 0
vn -0.7043770322587078 -0.7098260325082584 0
vn 0.7814878392943114 0.6115197307480752 -0.123775506223607
vn -0.7814878392943114 -0.6115197307480752 0.123775506223607
vn 0.822221523557432 0.5025728143991913 -0.2671560076542747
vn -0.822221523557432 -0.5025728143991913 0.2671560076542747
vn 0.8223807200478577 0.38484920938178874 -0.4190239102148937
vn -0.8223807200478577 -0.38484920938178874 0.4190239102148937
vn 0.7811100705630474 0.26038399018715624 -0.5675096786128022
vn -0.7811100705630474 -0.26038399018715624 0.5675096786128022
vn 0.7055834642393551 0.06560449667500853 -0.7055834642393551
vn 0.7009807471706713 0.1313468088386411 -0.7009807471706713
vn -0.7055834642393551 -0.06560449667500853 0.7055834642393551
vn -0.7009807471706713 -0.1313468088386411 0.7009807471706713
vn 0.7043812548367026 0.0877159943758534 -0.7043812548367026
vn 0.7064285341827572 0.04378872211885462 -0.7064285341827572
vn -0.7043812548367026 -0.0877159943758534 0.7043812548367026
vn -0.7064285341827572 -0.04378872211885462 0.7064285341827572
vn 0.7963300505412999 0.17640268904393025 -0.5785676640661499
vn -0.7963300505412999 -0.17640268904393025 0.5785676640661499
vn 0.8586667552832813 0.2669721860969113 -0.4375125772156931
vn -0.8586667552832813 -0.2669721860969113 0.4375125772156931
vn 0.8872216020168809 0.3601873008187976 -0.2882758006553243
vn -0.8872216020168809 -0.3601873008187976 0.2882758006553243
vn 0.8787707693975291 0.45649738410285323 -0.1391835951530454
vn -0.8787707693975291 -0.45649738410285323 0.1391835951530454
vn 0.8313508494591211 0.555747933062821 0
vn -0.8313508494591211 -0.555747933062821 0
vn 0.7448612980939222 0.6567066983195072 0.11797439969810718
vn -0.7448612980939222 -0.6567066983195072 -0.11797439969810718
vn 0.6221069790291318 0.7563890745025598 0.20213479318615266
vn -0.6221069790291318 -0.7563890745025598 -0.20213479318615266
vn 0.4703238803802586 0.8493333645697323 0.23964199000324246
vn -0.4703238803802586 -0.8493333645697323 -0.23964199000324246
vn 0.3027791017955134 0.9273256054991428 0.21998190130451709
vn 0.264638693186779 0.9273255761256604 0.26463869318677924
vn -0.264638693186779 -0.9273255761256604 -0.26463869318677924
vn -0.3027791017955134 -0.9273256054991428 -0.21998190130451709
vn -0.7009807471706714 0.13134680883864083 0.7009807471706714
vn -0.7055834642393551 0.06560449667500821 0.7055834642393551
vn 0.7009807471706714 -0.13134680883864083 -0.7009807471706714
vn 0.7055834642393551 -0.06560449667500821 -0.7055834642393551
vn -0.7064285341827572 0.043788722118854304 0.7064285341827572
vn -0.7043812548367026 0.08771599437585309 0.7043812548367026
vn 0.7064285341827572 -0.043788722118854304 -0.7064285341827572
vn 0.7043812548367026 -0.08771599437585309 -0.7043812548367026
vn -0.5675096786128022 0.2603839901871559 0.7811100705630474
vn 0.5675096786128022 -0.2603839901871559 -0.7811100705630474
vn -0.57856766406615 0.17640268904392992 0.7963300505412999
vn 0.57856766406615 -0.17640268904392992 -0.7963300505412999
vn -0.41902391021489377 0.38484920938178846 0.8223807200478578
vn 0.41902391021489377 -0.38484920938178846 -0.8223807200478578
vn -0.43751257721569314 0.26697218609691103 0.8586667552832813
vn 0.43751257721569314 -0.26697218609691103 -0.8586667552832813
vn -0.26715600765427483 0.502572814399191 0.8222215235574323
vn 0.26715600765427483 -0.502572814399191 -0.8222215235574323
vn -0.2882758006553244 0.3601873008187973 0.887221602016881
vn 0.2882758006553244 -0.3601873008187973 -0.887221602016881
vn -0.12377550622360711 0.6115197307480749 0.7814878392943114
vn 0.12377550622360711 -0.6115197307480749 -0.7814878392943114
vn -0.13918359515304551 0.456497384102853 0.8787707693975293
vn 0.13918359515304551 -0.456497384102853 -0.8787707693975293
vn 0 0.7098260325082583 0.704377032258708
vn 0 -0.7098260325082583 -0.704377032258708
vn 0 0.5557479330628209 0.8313508494591213
vn 0 -0.5557479330628209 -0.8313508494591213
vn 0.094724175654405 0.7958302475057871 0.5980648357005041
vn -0.094724175654405 -0.7958302475057871 -0.5980648357005041
vn 0.11797439969810704 0.6567066983195071 0.7448612980939223
vn -0.11797439969810704 -0.6567066983195071 -0.7448612980939223
vn 0.15339379857280108 0.868098091923085 0.47209749560753433
vn -0.15339379857280108 -0.868098091923085 -0.47209749560753433
vn 0.20213479318615246 0.7563890745025597 0.6221069790291319
vn -0.20213479318615246 -0.7563890745025597 -0.6221069790291319
vn 0.17201259454997367 0.9254415706784207 0.3375937893037193
vn -0.17201259454997367 -0.9254415706784207 -0.3375937893037193
vn 0.23964199000324232 0.8493333645697323 0.4703238803802589
vn -0.23964199000324232 -0.8493333645697323 -0.4703238803802589
vn 0.14990389766228623 0.9669326849209267 0.20632499678241353
vn -0.14990389766228623 -0.9669326849209267 -0.20632499678241353
vn 0.2199819013045169 0.9273256054991428 0.3027791017955136
vn -0.2199819013045169 -0.9273256054991428 -0.3027791017955136
vn 0.0897503570046223 0.9919121668953789 0.08975035700462253
vn 0.10268539688665503 0.9919121699259598 0.07460533773802179
vn -0.0897503570046223 -0.9919121668953789 -0.08975035700462253
vn -0.10268539688665503 -0.9919121699259598 -0.07460533773802179
vn 0.22723489799677665 0.9669326914758598 0.11578199897930665
vn -0.22723489799677665 -0.9669326914758598 -0.11578199897930665
vn 0.36034609348048696 0.9254415832565731 0.11708359788168102
vn -0.36034609348048696 -0.9254415832565731 -0.11708359788168102
vn 0.4902812897308415 0.8680980818173017 0.07765292837352525
vn -0.4902812897308415 -0.8680980818173017 -0.07765292837352525
vn 0.605519819551 0.7958302256957348 0
vn -0.605519819551 -0.7958302256957348 0
vn 0.6957050108020587 0.7098260110213123 -0.11018880171087712
vn -0.6957050108020587 -0.7098260110213123 0.11018880171087712
vn 0.7525036903255604 0.6115196921380981 -0.2445032968565836
vn -0.7525036903255604 -0.6115196921380981 0.2445032968565836
vn 0.7703062261339333 0.5025728170506276 -0.39249061331590357
vn -0.7703062261339333 -0.5025728170506276 0.39249061331590357
vn 0.7467060920828471 0.38484919591953265 -0.542513694247852
vn -0.7467060920828471 -0.38484919591953265 0.542513694247852
vn 0.6827152286473869 0.2603840109259634 -0.6827152286473869
vn -0.6827152286473869 -0.2603840109259634 0.6827152286473869
vn 0.5865190116388658 0.06560450130185394 -0.8072741160195234
vn 0.5826929689468795 0.13134679300021124 -0.8020080572590469
vn -0.5826929689468795 -0.13134679300021124 0.8020080572590469
vn -0.5865190116388658 -0.06560450130185394 0.8072741160195234
vn 0.5855195961057531 0.08771599941660764 -0.8058986946400282
vn 0.5872214835159625 0.04378871877079638 -0.8082409773116704
vn -0.5872214835159625 -0.04378871877079638 0.8082409773116704
vn -0.5855195961057531 -0.08771599941660764 0.8058986946400282
vn 0.6960179912248523 0.17640269777597756 -0.6960179912248523
vn -0.6960179912248523 -0.17640269777597756 0.6960179912248523
vn 0.7796531153577397 0.2669722052588641 -0.5664511111580505
vn -0.7796531153577397 -0.2669722052588641 0.5664511111580505
vn 0.8312021677427819 0.3601872860218846 -0.42351868356412536
vn -0.8312021677427819 -0.3601872860218846 0.42351868356412536
vn 0.8461785047990928 0.4564974025890205 -0.27494010155931997
vn -0.8461785047990928 -0.4564974025890205 0.27494010155931997
vn 0.8211155454125068 0.5557479307361208 -0.1300519071926333
vn -0.8211155454125068 -0.5557479307361208 0.1300519071926333
vn 0.7541460886990832 0.6567066901592175 0
vn -0.7541460886990832 -0.6567066901592175 0
vn 0.6460686704170523 0.7563890653655732 0.1023271953145229
vn -0.6460686704170523 -0.7563890653655732 -0.1023271953145229
vn 0.502021682568467 0.8493333705088781 0.16311669433615314
vn -0.502021682568467 -0.8493333705088781 -0.16311669433615314
vn 0.3334641934192093 0.9273255816995777 0.1699084966469198
vn -0.3334641934192093 -0.9273255816995777 -0.1699084966469198
vn 0.15921190198618915 0.9804443122311701 0.1156742014430509
vn 0.13915630159599265 0.9804443112447795 0.13915630159599288
vn -0.13915630159599265 -0.9804443112447795 -0.13915630159599288
vn -0.15921190198618915 -0.9804443122311701 -0.1156742014430509
vn -0.8020080572590469 0.13134679300021096 0.5826929689468795
vn -0.8072741160195234 0.06560450130185363 0.5865190116388658
vn 0.8020080572590469 -0.13134679300021096 -0.5826929689468795
vn 0.8072741160195234 -0.06560450130185363 -0.5865190116388658
vn -0.8082409773116704 0.04378871877079607 0.5872214835159625
vn -0.8058986946400282 0.08771599941660733 0.5855195961057531
vn 0.8082409773116704 -0.04378871877079607 -0.5872214835159625
vn 0.8058986946400282 -0.08771599941660733 -0.5855195961057531
vn -0.682715228647387 0.2603840109259632 0.682715228647387
vn 0.682715228647387 -0.2603840109259632 -0.682715228647387
vn -0.6960179912248523 0.17640269777597728 0.6960179912248523
vn 0.6960179912248523 -0.17640269777597728 -0.6960179912248523
vn -0.5425136942478521 0.38484919591953237 0.7467060920828473
vn 0.5425136942478521 -0.38484919591953237 -0.7467060920828473
vn -0.5664511111580505 0.2669722052588638 0.7796531153577397
vn 0.5664511111580505 -0.2669722052588638 -0.7796531153577397
vn -0.3924906133159036 0.5025728170506273 0.7703062261339333
vn 0.3924906133159036 -0.5025728170506273 -0.7703062261339333
vn -0.42351868356412536 0.36018728602188427 0.8312021677427819
vn 0.42351868356412536 -0.36018728602188427 -0.8312021677427819
vn -0.24450329685658376 0.6115196921380979 0.7525036903255606
vn 0.24450329685658376 -0.6115196921380979 -0.7525036903255606
vn -0.2749401015593201 0.4564974025890202 0.846178504799093
vn 0.2749401015593201 -0.4564974025890202 -0.846178504799093
vn -0.11018880171087729 0.7098260110213122 0.6957050108020588
vn 0.11018880171087729 -0.7098260110213122 -0.6957050108020588
vn -0.13005190719263343 0.5557479307361207 0.821115545412507
vn 0.13005190719263343 -0.5557479307361207 -0.821115545412507
vn 0 0.7958302256957348 0.6055198195510003
vn 0 -0.7958302256957348 -0.6055198195510003
vn 0 0.6567066901592172 0.7541460886990834
vn 0 -0.6567066901592172 -0.7541460886990834
vn 0.07765292837352508 0.8680980818173017 0.4902812897308418
vn -0.07765292837352508 -0.8680980818173017 -0.4902812897308418
vn 0.10232719531452275 0.7563890653655732 0.6460686704170526
vn -0.10232719531452275 -0.7563890653655732 -0.6460686704170526
vn 0.11708359788168084 0.9254415832565731 0.36034609348048724
vn -0.11708359788168084 -0.9254415832565731 -0.36034609348048724
vn 0.16311669433615297 0.8493333705088781 0.5020216825684674
vn -0.16311669433615297 -0.8493333705088781 -0.5020216825684674
vn 0.11578199897930642 0.9669326914758598 0.22723489799677687
vn -0.11578199897930642 -0.9669326914758598 -0.22723489799677687
vn 0.1699084966469196 0.9273255816995776 0.3334641934192095
vn -0.1699084966469196 -0.9273255816995776 -0.3334641934192095
vn 0.07460533773802157 0.9919121699259598 0.10268539688665525
vn -0.07460533773802157 -0.9919121699259598 -0.10268539688665525
vn 0.1156742014430507 0.9804443122311701 0.15921190198618937
vn -0.1156742014430507 -0.9804443122311701 -0.15921190198618937
vn 0.04610503821607593 0.9978720613897297 0.04610503821607615
vn 0.05274982795905805 0.9978720613913632 0.03832498851716929
vn -0.04610503821607593 -0.9978720613897297 -0.04610503821607615
vn -0.05274982795905805 -0.9978720613913632 -0.03832498851716929
vn 0.11309209559001857 0.9919121613207785 0.05762327775300335
vn -0.11309209559001857 -0.9919121613207785 -0.05762327775300335
vn 0.24254959590566502 0.9669326836777864 0.07880912866967034
vn -0.24254959590566502 -0.9669326836777864 -0.07880912866967034
vn 0.3742255875376145 0.9254415691811303 0.05927150802615231
vn -0.3742255875376145 -0.9254415691811303 -0.05927150802615231
vn 0.4963926940837685 0.8680980896536165 0
vn -0.4963926940837685 -0.8680980896536165 0
vn 0.5980648357005038 0.7958302475057873 -0.09472417565440483
vn -0.5980648357005038 -0.7958302475057873 0.09472417565440483
vn 0.6699023965292323 0.709825996322388 -0.21766449887227898
vn -0.6699023965292323 -0.709825996322388 0.21766449887227898
vn 0.7049904032110551 0.6115197027853194 -0.35921050163611384
vn -0.7049904032110551 -0.6115197027853194 0.35921050163611384
vn 0.6994233957838023 0.5025727969704386 -0.5081608969367526
vn -0.6994233957838023 -0.5025727969704386 0.5081608969367526
vn 0.6526450330268939 0.3848492194751722 -0.6526450330268938
vn -0.6526450330268939 -0.3848492194751722 0.6526450330268938
vn 0.5675096786128022 0.2603839901871563 -0.7811100705630474
vn -0.5675096786128022 -0.2603839901871563 0.7811100705630474
vn 0.45301250698873724 0.06560450101209725 -0.8890870137161677
vn 0.45005729786339344 0.13134679937644309 -0.883287295806673
vn -0.45005729786339344 -0.13134679937644309 0.883287295806673
vn -0.45301250698873724 -0.06560450101209725 0.8890870137161677
vn 0.4522405848143945 0.08771599705461985 -0.8875721701965695
vn 0.4535550011116976 0.04378872010732967 -0.8901519021818297
vn -0.4535550011116976 -0.04378872010732967 0.8901519021818297
vn -0.4522405848143945 -0.08771599705461985 0.8875721701965695
vn 0.57856766406615 0.17640268904393028 -0.7963300505412999
vn -0.57856766406615 -0.17640268904393028 0.7963300505412999
vn 0.6814417968833169 0.26697219877896006 -0.6814417968833169
vn -0.6814417968833169 -0.26697219877896006 0.6814417968833169
vn 0.7547157930541468 0.3601872966850992 -0.5483330949535424
vn -0.7547157930541468 -0.3601872966850992 0.5483330949535424
vn 0.7927505650418095 0.45649737986968036 -0.4039265821879125
vn -0.7927505650418095 -0.45649737986968036 0.4039265821879125
vn 0.7906616495067984 0.5557479347978191 -0.25690151608573214
vn -0.7906616495067984 -0.5557479347978191 0.25690151608573214
vn 0.7448612980939223 0.6567066983195073 -0.11797439969810693
vn -0.7448612980939223 -0.6567066983195073 0.11797439969810693
vn 0.6541219798913716 0.7563890767475375 0
vn -0.6541219798913716 -0.7563890767475375 0
vn 0.5213579950094153 0.8493333918699429 0.08257499920956916
vn -0.5213579950094153 -0.8493333918699429 -0.08257499920956916
vn 0.35593820109872965 0.9273256028625197 0.11565130035699901
vn -0.35593820109872965 -0.9273256028625197 -0.11565130035699901
vn 0.17534720060872597 0.980444303403658 0.08934387031016161
vn -0.17534720060872597 -0.980444303403658 -0.08934387031016161
vn 0.07891533339036688 0.9952311427572001 0.05733535246324622
vn 0.0689745329664343 0.9952311428025775 0.0689745329664345
vn -0.0689745329664343 -0.9952311428025775 -0.0689745329664345
vn -0.07891533339036688 -0.9952311427572001 -0.05733535246324622
vn -0.883287295806673 0.13134679937644278 0.45005729786339344
vn -0.8890870137161677 0.06560450101209693 0.45301250698873724
vn 0.883287295806673 -0.13134679937644278 -0.45005729786339344
vn 0.8890870137161677 -0.06560450101209693 -0.45301250698873724
vn -0.8901519021818297 0.043788720107329364 0.4535550011116976
vn -0.8875721701965695 0.08771599705461956 0.4522405848143945
vn 0.8901519021818297 -0.043788720107329364 -0.4535550011116976
vn 0.8875721701965695 -0.08771599705461956 -0.4522405848143945
vn -0.7811100705630474 0.26038399018715597 0.5675096786128023
vn 0.7811100705630474 -0.26038399018715597 -0.5675096786128023
vn -0.7963300505412999 0.17640268904392997 0.57856766406615
vn 0.7963300505412999 -0.17640268904392997 -0.57856766406615
vn -0.6526450330268939 0.3848492194751719 0.652645033026894
vn 0.6526450330268939 -0.3848492194751719 -0.652645033026894
vn -0.6814417968833169 0.2669721987789598 0.6814417968833169
vn 0.6814417968833169 -0.2669721987789598 -0.6814417968833169
vn -0.5081608969367528 0.5025727969704383 0.6994233957838024
vn 0.5081608969367528 -0.5025727969704383 -0.6994233957838024
vn -0.5483330949535424 0.3601872966850989 0.7547157930541469
vn 0.5483330949535424 -0.3601872966850989 -0.7547157930541469
vn -0.359210501636114 0.6115197027853192 0.7049904032110552
vn 0.359210501636114 -0.6115197027853192 -0.7049904032110552
vn -0.4039265821879126 0.4564973798696801 0.7927505650418097
vn 0.4039265821879126 -0.4564973798696801 -0.7927505650418097
vn -0.21766449887227915 0.7098259963223877 0.6699023965292324
vn 0.21766449887227915 -0.7098259963223877 -0.6699023965292324
vn -0.2569015160857322 0.5557479347978187 0.7906616495067984
vn 0.2569015160857322 -0.5557479347978187 -0.7906616495067984
vn -0.094724175654405 0.7958302475057871 0.5980648357005041
vn 0.094724175654405 -0.7958302475057871 -0.5980648357005041
vn -0.11797439969810704 0.6567066983195071 0.7448612980939223
vn 0.11797439969810704 -0.6567066983195071 -0.7448612980939223
vn 0 0.8680980896536165 0.49639269408376885
vn 0 -0.8680980896536165 -0.49639269408376885
vn 0 0.7563890767475374 0.6541219798913718
vn 0 -0.7563890767475374 -0.6541219798913718
vn 0.05927150802615212 0.9254415691811303 0.37422558753761476
vn -0.05927150802615212 -0.9254415691811303 -0.37422558753761476
vn 0.08257499920956897 0.8493333918699428 0.5213579950094155
vn -0.08257499920956897 -0.8493333918699428 -0.5213579950094155
vn 0.07880912866967013 0.9669326836777864 0.24254959590566522
vn -0.07880912866967013 -0.9669326836777864 -0.24254959590566522
vn 0.1156513003569988 0.9273256028625195 0.35593820109872987
vn -0.1156513003569988 -0.9273256028625195 -0.35593820109872987
vn 0.05762327775300313 0.9919121613207785 0.11309209559001879
vn -0.05762327775300313 -0.9919121613207785 -0.11309209559001879
vn 0.0893438703101614 0.980444303403658 0.17534720060872616
vn -0.0893438703101614 -0.980444303403658 -0.17534720060872616
vn 0.03832498851716906 0.9978720613913632 0.05274982795905827
vn -0.03832498851716906 -0.9978720613913632 -0.05274982795905827
vn 0.057335352463245996 0.9952311427572001 0.0789153333903671
vn -0.057335352463245996 -0.9952311427572001 -0.0789153333903671
vn 0.05809573774710121 0.9978720613034475 0.029601258852090875
vn -0.05809573774710121 -0.9978720613034475 -0.029601258852090875
vn 0.12071399547054766 0.9919121627812927 0.03922234852829218
vn -0.12071399547054766 -0.9919121627812927 -0.03922234852829218
vn 0.25189180049061066 0.9669327018832986 0.03989575007770533
vn -0.25189180049061066 -0.9669327018832986 -0.03989575007770533
vn 0.3788902972635312 0.92544159331616 0
vn -0.3788902972635312 -0.92544159331616 0
vn 0.4902812897308415 0.8680980818173017 -0.07765292837352487
vn -0.4902812897308415 -0.8680980818173017 0.07765292837352487
vn 0.5758835366155114 0.795830250600043 -0.18711591189710122
vn -0.5758835366155114 -0.795830250600043 0.18711591189710122
vn 0.62760452294632 0.7098260259524822 -0.3197805116917352
vn -0.62760452294632 -0.7098260259524822 0.3197805116917352
vn 0.6401179068209877 0.6115197065162501 -0.46507280495573666
vn -0.6401179068209877 -0.6115197065162501 0.46507280495573666
vn 0.6113184889399221 0.502572790907368 -0.6113184889399219
vn -0.6113184889399221 -0.502572790907368 0.6113184889399219
vn 0.5425136942478521 0.38484919591953265 -0.746706092082847
vn -0.5425136942478521 -0.38484919591953265 0.746706092082847
vn 0.4383301839251175 0.26038399045093835 -0.8602713684512688
vn -0.4383301839251175 -0.26038399045093835 0.8602713684512688
vn 0.30835128623346747 0.06560449707104715 -0.9490076576309704
vn 0.30633980759366153 0.1313468032558721 -0.9428170233708881
vn -0.30633980759366153 -0.1313468032558721 0.9428170233708881
vn -0.30835128623346747 -0.06560449707104715 0.9490076576309704
vn 0.3078258969504765 0.0877159991310285 -0.9473906906145321
vn 0.3087205920217202 0.04378871886836642 -0.9501442754453797
vn -0.3087205920217202 -0.04378871886836642 0.9501442754453797
vn -0.3078258969504765 -0.0877159991310285 0.9473906906145321
vn 0.4468711047089177 0.176402701858849 -0.87703380924177
vn -0.4468711047089177 -0.176402701858849 0.87703380924177
vn 0.5664511111580504 0.26697220525886406 -0.7796531153577396
vn -0.5664511111580504 -0.26697220525886406 0.7796531153577396
vn 0.6596457821906955 0.3601872902755612 -0.6596457821906954
vn -0.6596457821906955 -0.3601872902755612 0.6596457821906954
vn 0.7198024629678126 0.45649737651425604 -0.5229670730945423
vn -0.7198024629678126 -0.45649737651425604 0.5229670730945423
vn 0.740739027021949 0.555747920273526 -0.37742541376837163
vn -0.740739027021949 -0.555747920273526 0.37742541376837163
vn 0.7172355635399587 0.6567066666168921 -0.23304398815341298
vn -0.7172355635399587 -0.6567066666168921 0.23304398815341298
vn 0.6460686704170524 0.7563890653655733 -0.10232719531452257
vn -0.6460686704170524 -0.7563890653655733 0.10232719531452257
vn 0.5278567932271223 0.8493333891022883 0
vn -0.5278567932271223 -0.8493333891022883 0
vn 0.36964789469367487 0.927325586688167 0.058546479159560814
vn -0.36964789469367487 -0.927325586688167 -0.058546479159560814
vn 0.1871648987779908 0.9804442935986291 0.060813549602945445
vn -0.1871648987779908 -0.9804442935986291 -0.060813549602945445
vn 0.0869129837404747 0.9952311428317698 0.04428437190586705
vn -0.0869129837404747 -0.9952311428317698 -0.04428437190586705
vn 0 1 0
vn 0 -1 0
vn -0.9428170233708881 0.13134680325587184 0.3063398075936616
vn -0.9490076576309704 0.06560449707104686 0.30835128623346747
vn 0.9428170233708881 -0.13134680325587184 -0.3063398075936616
vn 0.9490076576309704 -0.06560449707104686 -0.30835128623346747
vn -0.9501442754453797 0.04378871886836614 0.3087205920217202
vn -0.9473906906145321 0.08771599913102822 0.3078258969504766
vn 0.9501442754453797 -0.04378871886836614 -0.3087205920217202
vn 0.9473906906145321 -0.08771599913102822 -0.3078258969504766
vn -0.8602713684512688 0.2603839904509381 0.4383301839251176
vn 0.8602713684512688 -0.2603839904509381 -0.4383301839251176
vn -0.87703380924177 0.17640270185884865 0.4468711047089178
vn 0.87703380924177 -0.17640270185884865 -0.4468711047089178
vn -0.7467060920828471 0.38484919591953237 0.5425136942478522
vn 0.7467060920828471 -0.38484919591953237 -0.5425136942478522
vn -0.7796531153577397 0.26697220525886384 0.5664511111580506
vn 0.7796531153577397 -0.26697220525886384 -0.5664511111580506
vn -0.611318488939922 0.5025727909073676 0.6113184889399221
vn 0.611318488939922 -0.5025727909073676 -0.6113184889399221
vn -0.6596457821906954 0.36018729027556085 0.6596457821906955
vn 0.6596457821906954 -0.36018729027556085 -0.6596457821906955
vn -0.4650728049557368 0.61151970651625 0.6401179068209878
vn 0.4650728049557368 -0.61151970651625 -0.6401179068209878
vn -0.5229670730945424 0.45649737651425576 0.7198024629678127
vn 0.5229670730945424 -0.45649737651425576 -0.7198024629678127
vn -0.3197805116917354 0.709826025952482 0.6276045229463203
vn 0.3197805116917354 -0.709826025952482 -0.6276045229463203
vn -0.3774254137683718 0.5557479202735258 0.7407390270219492
vn 0.3774254137683718 -0.5557479202735258 -0.7407390270219492
vn -0.1871159118971014 0.7958302506000429 0.5758835366155116
vn 0.1871159118971014 -0.7958302506000429 -0.5758835366155116
vn -0.23304398815341307 0.6567066666168919 0.7172355635399587
vn 0.23304398815341307 -0.6567066666168919 -0.7172355635399587
vn -0.07765292837352508 0.8680980818173017 0.4902812897308418
vn 0.07765292837352508 -0.8680980818173017 -0.4902812897308418
vn -0.10232719531452275 0.7563890653655732 0.6460686704170526
vn 0.10232719531452275 -0.7563890653655732 -0.6460686704170526
vn 0 0.92544159331616 0.37889029726353146
vn 0 -0.92544159331616 -0.37889029726353146
vn 0 0.8493333891022882 0.5278567932271225
vn 0 -0.8493333891022882 -0.5278567932271225
vn 0.03989575007770511 0.9669327018832986 0.2518918004906109
vn -0.03989575007770511 -0.9669327018832986 -0.2518918004906109
vn 0.058546479159560606 0.9273255866881668 0.3696478946936751
vn -0.058546479159560606 -0.9273255866881668 -0.3696478946936751
vn 0.039222348528291956 0.9919121627812927 0.12071399547054788
vn -0.039222348528291956 -0.9919121627812927 -0.12071399547054788
vn 0.06081354960294522 0.9804442935986291 0.18716489877799103
vn -0.06081354960294522 -0.9804442935986291 -0.18716489877799103
vn 0.02960125885209066 0.9978720613034477 0.05809573774710144
vn -0.02960125885209066 -0.9978720613034477 -0.05809573774710144
vn 0.04428437190586683 0.9952311428317698 0.08691298374047493
vn -0.04428437190586683 -0.9952311428317698 -0.08691298374047493
vn 0.06201113760834335 0.9978720615138919 0.020148639222903903
vn -0.06201113760834335 -0.9978720615138919 -0.020148639222903903
vn 0.1253634958828255 0.991912167423727 0.019855629347903768
vn -0.1253634958828255 -0.991912167423727 -0.019855629347903768
vn 0.25503169817216487 0.9669326930699064 0
vn -0.25503169817216487 -0.9669326930699064 0
vn 0.37422558753761453 0.9254415691811304 -0.05927150802615192
vn -0.37422558753761453 -0.9254415691811304 0.05927150802615192
vn 0.4720974956075341 0.8680980919230852 -0.1533937985728009
vn -0.4720974956075341 -0.8680980919230852 0.1533937985728009
vn 0.5395221206150084 0.7958302304084787 -0.27490021050386965
vn -0.5395221206150084 -0.7958302304084787 0.27490021050386965
vn 0.5698530172133338 0.7098260214414454 -0.4140224125062178
vn -0.5698530172133338 -0.7098260214414454 0.4140224125062178
vn 0.5594835232094498 0.6115197253681044 -0.5594835232094497
vn -0.5594835232094498 -0.6115197253681044 0.5594835232094497
vn 0.5081608969367528 0.5025727969704386 -0.6994233957838022
vn -0.5081608969367528 -0.5025727969704386 0.6994233957838022
vn 0.41902391021489377 0.3848492093817889 -0.8223807200478574
vn -0.41902391021489377 -0.3848492093817889 0.8223807200478574
vn 0.29835748690773806 0.2603839885740581 -0.9182499597061595
vn -0.29835748690773806 -0.2603839885740581 0.9182499597061595
vn 0.1560974940527746 0.0656044975005063 -0.9855605624507051
vn 0.15507919732991382 0.13134679773852817 -0.9791314831417401
vn -0.15507919732991382 -0.13134679773852817 0.9791314831417401
vn -0.1560974940527746 -0.0656044975005063 0.9855605624507051
vn 0.15583150268513732 0.08771600151143727 -0.9838813169532885
vn 0.15628439478294578 0.043788718538254036 -0.9867409670608117
vn -0.15628439478294578 -0.043788718538254036 0.9867409670608117
vn -0.15583150268513732 -0.08771600151143727 0.9838813169532885
vn 0.3041710089425213 0.17640270518617807 -0.9361421275222512
vn -0.3041710089425213 -0.17640270518617807 0.9361421275222512
vn 0.43751257721569314 0.26697218609691137 -0.8586667552832813
vn -0.43751257721569314 -0.26697218609691137 0.8586667552832813
vn 0.5483330949535424 0.3601872966850992 -0.7547157930541467
vn -0.5483330949535424 -0.3601872966850992 0.7547157930541467
vn 0.629130401064778 0.45649740077260376 -0.6291304010647779
vn -0.629130401064778 -0.45649740077260376 0.6291304010647779
vn 0.6725769864956462 0.5557478888414024 -0.4886557901885124
vn -0.6725769864956462 -0.5557478888414024 0.4886557901885124
vn 0.6719490797102491 0.6567066801704992 -0.34237518966185443
vn -0.6719490797102491 -0.6567066801704992 0.34237518966185443
vn 0.6221069790291318 0.7563890745025598 -0.2021347931861523
vn -0.6221069790291318 -0.7563890745025598 0.2021347931861523
vn 0.5213579950094153 0.8493333918699429 -0.08257499920956879
vn -0.5213579950094153 -0.8493333918699429 0.08257499920956879
vn 0.3742555957808821 0.9273255895459249 0
vn -0.3742555957808821 -0.9273255895459249 0
vn 0.19437389962239565 0.9804442980953203 0.03078579994019357
vn -0.19437389962239565 -0.9804442980953203 -0.03078579994019357
vn 0.09277054398266167 0.9952311427255115 0.030142971294045206
vn -0.09277054398266167 -0.9952311427255115 -0.030142971294045206
vn -0.07891533339036688 0.9952311427572001 0.05733535246324622
vn -0.13915630159599265 0.9804443112447795 0.13915630159599288
vn -0.0689745329664343 0.9952311428025775 0.0689745329664345
vn -0.15921190198618915 0.9804443122311701 0.1156742014430509
vn 0.15921190198618915 -0.9804443122311701 -0.1156742014430509
vn 0.07891533339036688 -0.9952311427572001 -0.05733535246324622
vn 0.13915630159599265 -0.9804443112447795 -0.13915630159599288
vn 0.0689745329664343 -0.9952311428025775 -0.0689745329664345
vn -0.1156742014430507 0.9804443122311701 0.15921190198618937
vn -0.057335352463245996 0.9952311427572001 0.0789153333903671
vn 0.1156742014430507 -0.9804443122311701 -0.15921190198618937
vn 0.057335352463245996 -0.9952311427572001 -0.0789153333903671
vn -0.0893438703101614 0.980444303403658 0.17534720060872616
vn -0.04428437190586683 0.9952311428317698 0.08691298374047493
vn 0.0893438703101614 -0.980444303403658 -0.17534720060872616
vn 0.04428437190586683 -0.9952311428317698 -0.08691298374047493
vn -0.06081354960294522 0.9804442935986291 0.18716489877799103
vn -0.03014297129404498 0.9952311427255115 0.09277054398266191
vn 0.06081354960294522 -0.9804442935986291 -0.18716489877799103
vn 0.03014297129404498 -0.9952311427255115 -0.09277054398266191
vn -0.030785799940193353 0.9804442980953203 0.19437389962239587
vn -0.015259360652951807 0.9952311425861862 0.09634378412257451
vn 0.030785799940193353 -0.9804442980953203 -0.19437389962239587
vn 0.015259360652951807 -0.9952311425861862 -0.09634378412257451
vn 0 0.9804442971112531 0.19679679942016498
vn 0 0.9952311423933202 0.09754472415505984
vn 0 -0.9804442971112531 -0.19679679942016498
vn 0 -0.9952311423933202 -0.09754472415505984
vn 0.015259360652951807 0.9952311425861862 0.09634378412257451
vn 0.030785799940193353 0.9804442980953203 0.19437389962239587
vn -0.015259360652951807 -0.9952311425861862 -0.09634378412257451
vn -0.030785799940193353 -0.9804442980953203 -0.19437389962239587
vn 0.03014297129404498 0.9952311427255115 0.09277054398266191
vn -0.03014297129404498 -0.9952311427255115 -0.09277054398266191
vn 0.09634378412257429 0.9952311425861862 0.015259360652952027
vn -0.09634378412257429 -0.9952311425861862 -0.015259360652952027
vn 0.0975447241550596 0.9952311423933202 0
vn 0.1967967994201648 0.9804442971112531 0
vn -0.0975447241550596 -0.9952311423933202 0
vn -0.1967967994201648 -0.9804442971112531 0
vn 0.19437389962239565 0.9804442980953203 -0.030785799940193134
vn 0.09634378412257429 0.9952311425861862 -0.015259360652951586
vn -0.09634378412257429 -0.9952311425861862 0.015259360652951586
vn -0.19437389962239565 -0.9804442980953203 0.030785799940193134
vn 0.1871648987779908 0.9804442935986291 -0.06081354960294501
vn 0.09277054398266167 0.9952311427255115 -0.03014297129404476
vn -0.09277054398266167 -0.9952311427255115 0.03014297129404476
vn -0.1871648987779908 -0.9804442935986291 0.06081354960294501
vn 0.175347200608726 0.9804443034036582 -0.08934387031016121
vn 0.0869129837404747 0.9952311428317698 -0.044284371905866614
vn -0.0869129837404747 -0.9952311428317698 0.044284371905866614
vn -0.175347200608726 -0.9804443034036582 0.08934387031016121
vn 0.15921190198618917 0.9804443122311703 -0.1156742014430505
vn 0.07891533339036688 0.9952311427572001 -0.05733535246324578
vn -0.07891533339036688 -0.9952311427572001 0.05733535246324578
vn -0.15921190198618917 -0.9804443122311703 0.1156742014430505
vn 0.13915630159599268 0.9804443112447796 -0.1391563015959925
vn 0.0689745329664343 0.9952311428025775 -0.06897453296643408
vn -0.0689745329664343 -0.9952311428025775 0.06897453296643408
vn -0.13915630159599268 -0.9804443112447796 0.1391563015959925
vn 0.11567420144305071 0.9804443122311703 -0.15921190198618895
vn 0.05733535246324601 0.9952311427572003 -0.07891533339036666
vn -0.05733535246324601 -0.9952311427572003 0.07891533339036666
vn -0.11567420144305071 -0.9804443122311703 0.15921190198618895
vn 0.08934387031016142 0.9804443034036582 -0.17534720060872577
vn 0.044284371905866836 0.9952311428317699 -0.08691298374047449
vn -0.044284371905866836 -0.9952311428317699 0.08691298374047449
vn -0.08934387031016142 -0.9804443034036582 0.17534720060872577
vn 0.06081354960294522 0.9804442935986291 -0.18716489877799058
vn 0.03014297129404498 0.9952311427255115 -0.09277054398266145
vn -0.03014297129404498 -0.9952311427255115 0.09277054398266145
vn -0.06081354960294522 -0.9804442935986291 0.18716489877799058
vn 0.030785799940193353 0.9804442980953203 -0.19437389962239543
vn 0.015259360652951807 0.9952311425861862 -0.09634378412257406
vn -0.015259360652951807 -0.9952311425861862 0.09634378412257406
vn -0.030785799940193353 -0.9804442980953203 0.19437389962239543
vn 0 0.9804442971112534 -0.1967967994201646
vn 0 0.9952311423933202 -0.09754472415505938
vn 0 -0.9952311423933202 0.09754472415505938
vn 0 -0.9804442971112534 0.1967967994201646
vn -0.030785799940193353 0.9804442980953203 -0.19437389962239543
vn -0.015259360652951807 0.9952311425861862 -0.09634378412257406
vn 0.015259360652951807 -0.9952311425861862 0.09634378412257406
vn 0.030785799940193353 -0.9804442980953203 0.19437389962239543
vn -0.03014297129404498 0.9952311427255115 -0.09277054398266145
vn -0.06081354960294522 0.9804442935986291 -0.18716489877799058
vn 0.06081354960294522 -0.9804442935986291 0.18716489877799058
vn 0.03014297129404498 -0.9952311427255115 0.09277054398266145
vn -0.044284371905866836 0.9952311428317699 -0.08691298374047449
vn -0.08934387031016142 0.9804443034036582 -0.17534720060872577
vn 0.08934387031016142 -0.9804443034036582 0.17534720060872577
vn 0.044284371905866836 -0.9952311428317699 0.08691298374047449
vn -0.05733535246324601 0.9952311427572003 -0.07891533339036666
vn -0.11567420144305071 0.9804443122311703 -0.15921190198618895
vn 0.11567420144305071 -0.9804443122311703 0.15921190198618895
vn 0.05733535246324601 -0.9952311427572003 0.07891533339036666
vn -0.0689745329664343 0.9952311428025775 -0.06897453296643408
vn -0.13915630159599268 0.9804443112447796 -0.1391563015959925
vn 0.13915630159599268 -0.9804443112447796 0.1391563015959925
vn 0.0689745329664343 -0.9952311428025775 0.06897453296643408
vn -0.07891533339036688 0.9952311427572001 -0.05733535246324578
vn -0.15921190198618917 0.9804443122311703 -0.1156742014430505
vn 0.15921190198618917 -0.9804443122311703 0.1156742014430505
vn 0.07891533339036688 -0.9952311427572001 0.05733535246324578
vn -0.0869129837404747 0.9952311428317698 -0.044284371905866614
vn -0.175347200608726 0.9804443034036582 -0.08934387031016121
vn 0.175347200608726 -0.9804443034036582 0.08934387031016121
vn 0.0869129837404747 -0.9952311428317698 0.044284371905866614
vn -0.09277054398266167 0.9952311427255115 -0.03014297129404476
vn -0.1871648987779908 0.9804442935986291 -0.06081354960294501
vn 0.1871648987779908 -0.9804442935986291 0.06081354960294501
vn 0.09277054398266167 -0.9952311427255115 0.03014297129404476
vn -0.09634378412257429 0.9952311425861862 -0.015259360652951586
vn -0.19437389962239565 0.9804442980953203 -0.030785799940193134
vn 0.19437389962239565 -0.9804442980953203 0.030785799940193134
vn 0.09634378412257429 -0.9952311425861862 0.015259360652951586
vn -0.0975447241550596 0.9952311423933202 0
vn -0.1967967994201648 0.9804442971112531 0
vn 0.1967967994201648 -0.9804442971112531 0
vn 0.0975447241550596 -0.9952311423933202 0
vn -0.19437389962239565 0.9804442980953203 0.03078579994019357
vn -0.09634378412257429 0.9952311425861862 0.015259360652952027
vn 0.19437389962239565 -0.9804442980953203 -0.03078579994019357
vn 0.09634378412257429 -0.9952311425861862 -0.015259360652952027
vn -0.1871648987779908 0.9804442935986291 0.060813549602945445
vn -0.09277054398266167 0.9952311427255115 0.030142971294045206
vn 0.1871648987779908 -0.9804442935986291 -0.060813549602945445
vn 0.09277054398266167 -0.9952311427255115 -0.030142971294045206
vn -0.17534720060872597 0.980444303403658 0.08934387031016161
vn -0.0869129837404747 0.9952311428317698 0.04428437190586705
vn 0.17534720060872597 -0.980444303403658 -0.08934387031016161
vn 0.0869129837404747 -0.9952311428317698 -0.04428437190586705
vn -0.9791314831417403 0.13134679773852795 0.1550791973299139
vn -0.9855605624507051 0.06560449750050605 0.1560974940527746
vn 0.9791314831417403 -0.13134679773852795 -0.1550791973299139
vn 0.9855605624507051 -0.06560449750050605 -0.1560974940527746
vn -0.9867409670608117 0.04378871853825378 0.1562843947829458
vn -0.9838813169532885 0.08771600151143702 0.15583150268513732
vn 0.9867409670608117 -0.04378871853825378 -0.1562843947829458
vn 0.9838813169532885 -0.08771600151143702 -0.15583150268513732
vn -0.9182499597061597 0.26038398857405787 0.2983574869077382
vn 0.9182499597061597 -0.26038398857405787 -0.2983574869077382
vn -0.9361421275222512 0.1764027051861778 0.3041710089425213
vn 0.9361421275222512 -0.1764027051861778 -0.3041710089425213
vn -0.8223807200478577 0.3848492093817886 0.4190239102148938
vn 0.8223807200478577 -0.3848492093817886 -0.4190239102148938
vn -0.8586667552832813 0.2669721860969111 0.4375125772156932
vn 0.8586667552832813 -0.2669721860969111 -0.4375125772156932
vn -0.6994233957838023 0.5025727969704383 0.5081608969367529
vn 0.6994233957838023 -0.5025727969704383 -0.5081608969367529
vn -0.7547157930541468 0.3601872966850989 0.5483330949535425
vn 0.7547157930541468 -0.3601872966850989 -0.5483330949535425
vn -0.5594835232094499 0.6115197253681043 0.55948352320945
vn 0.5594835232094499 -0.6115197253681043 -0.55948352320945
vn -0.629130401064778 0.4564974007726035 0.6291304010647781
vn 0.629130401064778 -0.4564974007726035 -0.6291304010647781
vn -0.4140224125062179 0.7098260214414451 0.569853017213334
vn 0.4140224125062179 -0.7098260214414451 -0.569853017213334
vn -0.4886557901885126 0.555747888841402 0.6725769864956465
vn 0.4886557901885126 -0.555747888841402 -0.6725769864956465
vn -0.2749002105038698 0.7958302304084786 0.5395221206150086
vn 0.2749002105038698 -0.7958302304084786 -0.5395221206150086
vn -0.34237518966185465 0.656706680170499 0.6719490797102493
vn 0.34237518966185465 -0.656706680170499 -0.6719490797102493
vn -0.15339379857280108 0.868098091923085 0.47209749560753433
vn 0.15339379857280108 -0.868098091923085 -0.47209749560753433
vn -0.20213479318615246 0.7563890745025597 0.6221069790291319
vn 0.20213479318615246 -0.7563890745025597 -0.6221069790291319
vn -0.05927150802615212 0.9254415691811303 0.37422558753761476
vn 0.05927150802615212 -0.9254415691811303 -0.37422558753761476
vn -0.08257499920956897 0.8493333918699428 0.5213579950094155
vn 0.08257499920956897 -0.8493333918699428 -0.5213579950094155
vn 0 0.9669326930699064 0.25503169817216503
vn 0 -0.9669326930699064 -0.25503169817216503
vn 0 0.9273255895459248 0.37425559578088224
vn 0 -0.9273255895459248 -0.37425559578088224
vn 0.019855629347903546 0.9919121674237268 0.1253634958828257
vn -0.019855629347903546 -0.9919121674237268 -0.1253634958828257
vn 0.020148639222903678 0.9978720615138919 0.06201113760834357
vn -0.020148639222903678 -0.9978720615138919 -0.06201113760834357
vn 0.06439961752143379 0.997872061594617 0.010199899607433813
vn -0.06439961752143379 -0.997872061594617 -0.010199899607433813
vn 0.12692619538272462 0.9919121639165772 0
vn -0.12692619538272462 -0.9919121639165772 0
vn 0.25189180049061066 0.9669327018832986 -0.03989575007770489
vn -0.25189180049061066 -0.9669327018832986 0.03989575007770489
vn 0.360346093480487 0.9254415832565732 -0.11708359788168063
vn -0.360346093480487 -0.9254415832565732 0.11708359788168063
vn 0.4422891788722865 0.8680980585318205 -0.22535758923489224
vn -0.4422891788722865 -0.8680980585318205 0.22535758923489224
vn 0.4898758193547392 0.7958302314428394 -0.35591561406204086
vn -0.4898758193547392 -0.7958302314428394 0.35591561406204086
vn 0.4980697995965435 0.7098259994250127 -0.4980697995965434
vn -0.4980697995965435 -0.7098259994250127 0.4980697995965434
vn 0.4650728049557368 0.6115197065162502 -0.6401179068209876
vn -0.4650728049557368 -0.6115197065162502 0.6401179068209876
vn 0.39249061331590374 0.5025728170506276 -0.7703062261339332
vn -0.39249061331590374 -0.5025728170506276 0.7703062261339332
vn 0.2852163119908234 0.38484921617950607 -0.8778056369039635
vn -0.2852163119908234 -0.38484921617950607 0.8778056369039635
vn 0.15103829494821241 0.2603839912909201 -0.9536181681042716
vn -0.15103829494821241 -0.2603839912909201 0.9536181681042716
vn 0 0.06560450028115682 -0.9978457042763974
vn 0 0.13134679749768025 -0.9913364811138059
vn 0 -0.13134679749768025 0.9913364811138059
vn 0 -0.06560450028115682 0.9978457042763974
vn 0 0.08771600202508863 -0.9961455229978874
vn 0 0.04378872061164373 -0.9990408139546629
vn 0 -0.04378872061164373 0.9990408139546629
vn 0 -0.08771600202508863 0.9961455229978874
vn 0.15398129837417077 0.17640269813743206 -0.97219948973492
vn -0.15398129837417077 -0.17640269813743206 0.97219948973492
vn 0.29780099550950645 0.26697219597436916 -0.9165371861796826
vn -0.29780099550950645 -0.26697219597436916 0.9165371861796826
vn 0.4235186835641255 0.36018728602188477 -0.8312021677427817
vn -0.4235186835641255 -0.36018728602188477 0.8312021677427817
vn 0.5229670730945425 0.4564973765142561 -0.7198024629678126
vn -0.5229670730945425 -0.4564973765142561 0.7198024629678126
vn 0.5878538268345608 0.5557479253689792 -0.5878538268345607
vn -0.5878538268345608 -0.5557479253689792 0.5878538268345607
vn 0.6101169830113264 0.656706681714039 -0.44327598765700454
vn -0.6101169830113264 -0.656706681714039 0.44327598765700454
vn 0.5828269672046625 0.756389057438424 -0.29696518328994015
vn -0.5828269672046625 -0.756389057438424 0.29696518328994015
vn 0.5020216825684671 0.8493333705088782 -0.1631166943361528
vn -0.5020216825684671 -0.8493333705088782 0.1631166943361528
vn 0.36964789469367487 0.927325586688167 -0.05854647915956039
vn -0.36964789469367487 -0.927325586688167 0.05854647915956039
vn -0.264638693186779 0.9273255761256604 0.26463869318677924
vn -0.3027791017955134 0.9273256054991428 0.21998190130451709
vn 0.3027791017955134 -0.9273256054991428 -0.21998190130451709
vn 0.264638693186779 -0.9273255761256604 -0.26463869318677924
vn -0.2199819013045169 0.9273256054991428 0.3027791017955136
vn 0.2199819013045169 -0.9273256054991428 -0.3027791017955136
vn -0.1699084966469196 0.9273255816995776 0.3334641934192095
vn 0.1699084966469196 -0.9273255816995776 -0.3334641934192095
vn -0.1156513003569988 0.9273256028625195 0.35593820109872987
vn 0.1156513003569988 -0.9273256028625195 -0.35593820109872987
vn -0.058546479159560606 0.9273255866881668 0.3696478946936751
vn 0.058546479159560606 -0.9273255866881668 -0.3696478946936751
vn 0.35593820109872965 0.9273256028625197 -0.1156513003569986
vn -0.35593820109872965 -0.9273256028625197 0.1156513003569986
vn 0.3334641934192093 0.9273255816995777 -0.16990849664691937
vn -0.3334641934192093 -0.9273255816995777 0.16990849664691937
vn 0.3027791017955134 0.9273256054991428 -0.21998190130451667
vn -0.3027791017955134 -0.9273256054991428 0.21998190130451667
vn 0.264638693186779 0.9273255761256604 -0.26463869318677885
vn -0.264638693186779 -0.9273255761256604 0.26463869318677885
vn 0.21998190130451692 0.927325605499143 -0.30277910179551326
vn -0.21998190130451692 -0.927325605499143 0.30277910179551326
vn 0.1699084966469195 0.9273255816995775 -0.333464193419209
vn -0.1699084966469195 -0.9273255816995775 0.333464193419209
vn 0.1156513003569988 0.9273256028625199 -0.3559382010987294
vn -0.1156513003569988 -0.9273256028625199 0.3559382010987294
vn 0.058546479159560606 0.9273255866881671 -0.36964789469367465
vn -0.058546479159560606 -0.9273255866881671 0.36964789469367465
vn 0 0.9273255895459249 -0.3742555957808818
vn 0 -0.9273255895459249 0.3742555957808818
vn -0.058546479159560606 0.9273255866881671 -0.36964789469367465
vn 0.058546479159560606 -0.9273255866881671 0.36964789469367465
vn -0.1156513003569988 0.9273256028625199 -0.3559382010987294
vn 0.1156513003569988 -0.9273256028625199 0.3559382010987294
vn -0.1699084966469195 0.9273255816995775 -0.333464193419209
vn 0.1699084966469195 -0.9273255816995775 0.333464193419209
vn -0.21998190130451692 0.927325605499143 -0.30277910179551326
vn 0.21998190130451692 -0.927325605499143 0.30277910179551326
vn -0.264638693186779 0.9273255761256604 -0.26463869318677885
vn 0.264638693186779 -0.9273255761256604 0.26463869318677885
vn -0.3027791017955134 0.9273256054991428 -0.21998190130451667
vn 0.3027791017955134 -0.9273256054991428 0.21998190130451667
vn -0.3334641934192093 0.9273255816995777 -0.16990849664691937
vn 0.3334641934192093 -0.9273255816995777 0.16990849664691937
vn -0.35593820109872965 0.9273256028625197 -0.1156513003569986
vn 0.35593820109872965 -0.9273256028625197 0.1156513003569986
vn -0.36964789469367487 0.927325586688167 -0.05854647915956039
vn 0.36964789469367487 -0.927325586688167 0.05854647915956039
vn -0.3742555957808821 0.9273255895459249 0
vn 0.3742555957808821 -0.9273255895459249 0
vn -0.36964789469367487 0.927325586688167 0.058546479159560814
vn 0.36964789469367487 -0.927325586688167 -0.058546479159560814
vn -0.35593820109872965 0.9273256028625197 0.11565130035699901
vn 0.35593820109872965 -0.9273256028625197 -0.11565130035699901
vn -0.3334641934192093 0.9273255816995777 0.1699084966469198
vn 0.3334641934192093 -0.9273255816995777 -0.1699084966469198
vn -0.9978457042763974 0.06560450028115661 0
vn -0.991336481113806 0.13134679749768002 0
vn 0.9978457042763974 -0.06560450028115661 0
vn 0.991336481113806 -0.13134679749768002 0
vn -0.9961455229978874 0.08771600202508839 0
vn -0.9990408139546629 0.04378872061164352 0
vn 0.9961455229978874 -0.08771600202508839 0
vn 0.9990408139546629 -0.04378872061164352 0
vn -0.9536181681042717 0.2603839912909199 0.15103829494821247
vn 0.9536181681042717 -0.2603839912909199 -0.15103829494821247
vn -0.97219948973492 0.1764026981374318 0.1539812983741708
vn 0.97219948973492 -0.1764026981374318 -0.1539812983741708
vn -0.8778056369039636 0.3848492161795058 0.2852163119908235
vn 0.8778056369039636 -0.3848492161795058 -0.2852163119908235
vn -0.9165371861796826 0.2669721959743689 0.2978009955095065
vn 0.9165371861796826 -0.2669721959743689 -0.2978009955095065
vn -0.7703062261339332 0.5025728170506273 0.3924906133159038
vn 0.7703062261339332 -0.5025728170506273 -0.3924906133159038
vn -0.8312021677427817 0.36018728602188443 0.4235186835641255
vn 0.8312021677427817 -0.36018728602188443 -0.4235186835641255
vn -0.6401179068209877 0.61151970651625 0.46507280495573694
vn 0.6401179068209877 -0.61151970651625 -0.46507280495573694
vn -0.7198024629678127 0.4564973765142558 0.5229670730945425
vn 0.7198024629678127 -0.4564973765142558 -0.5229670730945425
vn -0.4980697995965435 0.7098259994250123 0.4980697995965437
vn 0.4980697995965435 -0.7098259994250123 -0.4980697995965437
vn -0.5878538268345608 0.555747925368979 0.5878538268345609
vn 0.5878538268345608 -0.555747925368979 -0.5878538268345609
vn -0.3559156140620411 0.795830231442839 0.4898758193547394
vn 0.3559156140620411 -0.795830231442839 -0.4898758193547394
vn -0.44327598765700466 0.6567066817140387 0.6101169830113266
vn 0.44327598765700466 -0.6567066817140387 -0.6101169830113266
vn -0.22535758923489244 0.8680980585318204 0.44228917887228675
vn 0.22535758923489244 -0.8680980585318204 -0.44228917887228675
vn -0.2969651832899403 0.7563890574384238 0.5828269672046628
vn 0.2969651832899403 -0.7563890574384238 -0.5828269672046628
vn -0.11708359788168084 0.9254415832565731 0.36034609348048724
vn 0.11708359788168084 -0.9254415832565731 -0.36034609348048724
vn -0.16311669433615297 0.8493333705088781 0.5020216825684674
vn 0.16311669433615297 -0.8493333705088781 -0.5020216825684674
vn -0.03989575007770511 0.9669327018832986 0.2518918004906109
vn 0.03989575007770511 -0.9669327018832986 -0.2518918004906109
vn 0 0.991912163916577 0.12692619538272484
vn 0 -0.991912163916577 -0.12692619538272484
vn 0.010199899607433593 0.997872061594617 0.06439961752143401
vn -0.010199899607433593 -0.997872061594617 -0.06439961752143401
vn 0.0652023674893168 0.9978720615759257 0
vn -0.0652023674893168 -0.9978720615759257 0
vn 0.1253634958828255 0.991912167423727 -0.01985562934790333
vn -0.1253634958828255 -0.991912167423727 0.01985562934790333
vn 0.24254959590566502 0.9669326836777864 -0.07880912866966992
vn -0.24254959590566502 -0.9669326836777864 0.07880912866966992
vn 0.337593789303719 0.9254415706784207 -0.17201259454997345
vn -0.337593789303719 -0.9254415706784207 0.17201259454997345
vn 0.40159010106644066 0.8680981023052736 -0.2917723007748143
vn -0.40159010106644066 -0.8680981023052736 0.2917723007748143
vn 0.4281671979568461 0.7958301962024099 -0.4281671979568459
vn -0.4281671979568461 -0.7958301962024099 0.4281671979568459
vn 0.4140224125062179 0.7098260214414454 -0.5698530172133337
vn -0.4140224125062179 -0.7098260214414454 0.5698530172133337
vn 0.359210501636114 0.6115197027853195 -0.7049904032110549
vn -0.359210501636114 -0.6115197027853195 0.7049904032110549
vn 0.26715600765427483 0.5025728143991914 -0.8222215235574319
vn -0.26715600765427483 -0.5025728143991914 0.8222215235574319
vn 0.14438579424178707 0.38484918465192824 -0.9116160636440727
vn -0.14438579424178707 -0.38484918465192824 0.9116160636440727
vn 0 0.26038398454841927 -0.965505142705459
vn 0 -0.26038398454841927 0.965505142705459
vn -0.1560974940527746 0.0656044975005063 -0.9855605624507051
vn -0.15507919732991382 0.13134679773852817 -0.9791314831417401
vn 0.15507919732991382 -0.13134679773852817 0.9791314831417401
vn 0.1560974940527746 -0.0656044975005063 0.9855605624507051
vn -0.15583150268513732 0.08771600151143727 -0.9838813169532885
vn -0.15628439478294578 0.043788718538254036 -0.9867409670608117
vn 0.15628439478294578 -0.043788718538254036 0.9867409670608117
vn 0.15583150268513732 -0.08771600151143727 0.9838813169532885
vn 0 0.17640269695221147 -0.9843180829934937
vn 0 -0.17640269695221147 0.9843180829934937
vn 0.15075660366272517 0.2669722064862555 -0.9518394231255292
vn -0.15075660366272517 -0.2669722064862555 0.9518394231255292
vn 0.2882758006553244 0.36018730081879774 -0.8872216020168808
vn -0.2882758006553244 -0.36018730081879774 0.8872216020168808
vn 0.4039265821879126 0.4564973798696805 -0.7927505650418094
vn -0.4039265821879126 -0.4564973798696805 0.7927505650418094
vn 0.4886557901885126 0.5557478888414024 -0.6725769864956461
vn -0.4886557901885126 -0.5557478888414024 0.6725769864956461
vn 0.5332618041318804 0.6567067050883705 -0.5332618041318803
vn -0.5332618041318804 -0.6567067050883705 0.5332618041318803
vn 0.529195780600916 0.7563890722725397 -0.38448328590573866
vn -0.529195780600916 -0.7563890722725397 0.38448328590573866
vn 0.4703238803802587 0.8493333645697324 -0.23964199000324213
vn -0.4703238803802587 -0.8493333645697324 0.23964199000324213
vn -0.3732511015568341 0.849333403542578 0.37325110155683433
vn -0.42704509085871123 0.8493333818192461 0.31026649335846357
vn 0.42704509085871123 -0.8493333818192461 -0.31026649335846357
vn 0.3732511015568341 -0.849333403542578 -0.37325110155683433
vn -0.31026649335846346 0.8493333818192461 0.4270450908587115
vn 0.31026649335846346 -0.8493333818192461 -0.4270450908587115
vn -0.23964199000324232 0.8493333645697323 0.4703238803802589
vn 0.23964199000324232 -0.8493333645697323 -0.4703238803802589
vn 0.42704509085871134 0.8493333818192462 -0.3102664933584633
vn -0.42704509085871134 -0.8493333818192462 0.3102664933584633
vn 0.3732511015568341 0.8493334035425782 -0.37325110155683394
vn -0.3732511015568341 -0.8493334035425782 0.37325110155683394
vn 0.3102664933584634 0.8493333818192462 -0.42704509085871106
vn -0.3102664933584634 -0.8493333818192462 0.42704509085871106
vn 0.23964199000324227 0.8493333645697324 -0.4703238803802584
vn -0.23964199000324227 -0.8493333645697324 0.4703238803802584
vn 0.16311669433615297 0.8493333705088784 -0.5020216825684669
vn -0.16311669433615297 -0.8493333705088784 0.5020216825684669
vn 0.08257499920956897 0.849333391869943 -0.521357995009415
vn -0.08257499920956897 -0.849333391869943 0.521357995009415
vn 0 0.8493333891022885 -0.5278567932271221
vn 0 -0.8493333891022885 0.5278567932271221
vn -0.08257499920956897 0.849333391869943 -0.521357995009415
vn 0.08257499920956897 -0.849333391869943 0.521357995009415
vn -0.16311669433615297 0.8493333705088784 -0.5020216825684669
vn 0.16311669433615297 -0.8493333705088784 0.5020216825684669
vn -0.23964199000324227 0.8493333645697324 -0.4703238803802584
vn 0.23964199000324227 -0.8493333645697324 0.4703238803802584
vn -0.3102664933584634 0.8493333818192462 -0.42704509085871106
vn 0.3102664933584634 -0.8493333818192462 0.42704509085871106
vn -0.3732511015568341 0.8493334035425782 -0.37325110155683394
vn 0.3732511015568341 -0.8493334035425782 0.37325110155683394
vn -0.42704509085871134 0.8493333818192462 -0.3102664933584633
vn 0.42704509085871134 -0.8493333818192462 0.3102664933584633
vn -0.4703238803802587 0.8493333645697324 -0.23964199000324213
vn 0.4703238803802587 -0.8493333645697324 0.23964199000324213
vn -0.5020216825684671 0.8493333705088782 -0.1631166943361528
vn 0.5020216825684671 -0.8493333705088782 0.1631166943361528
vn -0.5213579950094153 0.8493333918699429 -0.08257499920956879
vn 0.5213579950094153 -0.8493333918699429 0.08257499920956879
vn -0.5278567932271223 0.8493333891022883 0
vn 0.5278567932271223 -0.8493333891022883 0
vn -0.5213579950094153 0.8493333918699429 0.08257499920956916
vn 0.5213579950094153 -0.8493333918699429 -0.08257499920956916
vn -0.502021682568467 0.8493333705088781 0.16311669433615314
vn 0.502021682568467 -0.8493333705088781 -0.16311669433615314
vn -0.4703238803802586 0.8493333645697323 0.23964199000324246
vn 0.4703238803802586 -0.8493333645697323 -0.23964199000324246
vn -0.9855605624507051 0.06560449750050612 -0.15609749405277457
vn -0.9791314831417403 0.13134679773852803 -0.15507919732991382
vn 0.9855605624507051 -0.06560449750050612 0.15609749405277457
vn 0.9791314831417403 -0.13134679773852803 0.15507919732991382
vn -0.9838813169532885 0.08771600151143709 -0.1558315026851373
vn -0.9867409670608117 0.04378871853825385 -0.15628439478294578
vn 0.9838813169532885 -0.08771600151143709 0.1558315026851373
vn 0.9867409670608117 -0.04378871853825385 0.15628439478294578
vn -0.965505142705459 0.26038398454841905 0
vn 0.965505142705459 -0.26038398454841905 0
vn -0.9843180829934937 0.17640269695221128 0
vn 0.9843180829934937 -0.17640269695221128 0
vn -0.9116160636440729 0.384849184651928 0.14438579424178716
vn 0.9116160636440729 -0.384849184651928 -0.14438579424178716
vn -0.9518394231255292 0.2669722064862553 0.15075660366272522
vn 0.9518394231255292 -0.2669722064862553 -0.15075660366272522
vn -0.8222215235574323 0.5025728143991912 0.26715600765427494
vn 0.8222215235574323 -0.5025728143991912 -0.26715600765427494
vn -0.8872216020168809 0.36018730081879746 0.28827580065532443
vn 0.8872216020168809 -0.36018730081879746 -0.28827580065532443
vn -0.7049904032110551 0.6115197027853193 0.3592105016361141
vn 0.7049904032110551 -0.6115197027853193 -0.3592105016361141
vn -0.7927505650418095 0.4564973798696802 0.40392658218791266
vn 0.7927505650418095 -0.4564973798696802 -0.40392658218791266
vn -0.5698530172133338 0.7098260214414451 0.4140224125062181
vn 0.5698530172133338 -0.7098260214414451 -0.4140224125062181
vn -0.6725769864956462 0.555747888841402 0.4886557901885127
vn 0.6725769864956462 -0.555747888841402 -0.4886557901885127
vn -0.4281671979568461 0.7958301962024097 0.42816719795684627
vn 0.4281671979568461 -0.7958301962024097 -0.42816719795684627
vn -0.5332618041318804 0.6567067050883703 0.5332618041318805
vn 0.5332618041318804 -0.6567067050883703 -0.5332618041318805
vn -0.2917723007748145 0.8680981023052735 0.40159010106644083
vn 0.2917723007748145 -0.8680981023052735 -0.40159010106644083
vn -0.3844832859057388 0.7563890722725394 0.5291957806009161
vn 0.3844832859057388 -0.7563890722725394 -0.5291957806009161
vn -0.17201259454997367 0.9254415706784207 0.3375937893037193
vn 0.17201259454997367 -0.9254415706784207 -0.3375937893037193
vn -0.07880912866967013 0.9669326836777864 0.24254959590566522
vn 0.07880912866967013 -0.9669326836777864 -0.24254959590566522
vn -0.019855629347903546 0.9919121674237268 0.1253634958828257
vn 0.019855629347903546 -0.9919121674237268 -0.1253634958828257
vn 0 0.9978720615759257 0.06520236748931701
vn 0 -0.9978720615759257 -0.06520236748931701
vn 0.06439961752143379 0.997872061594617 -0.010199899607433371
vn -0.06439961752143379 -0.997872061594617 0.010199899607433371
vn 0.12071399547054766 0.9919121627812927 -0.03922234852829174
vn -0.12071399547054766 -0.9919121627812927 0.03922234852829174
vn 0.2272348979967767 0.96693269147586 -0.11578199897930624
vn -0.2272348979967767 -0.96693269147586 0.11578199897930624
vn 0.3065286922674016 0.925441576654492 -0.2227061943819366
vn -0.3065286922674016 -0.925441576654492 0.2227061943819366
vn 0.35100268209216123 0.8680980557104241 -0.351002682092161
vn -0.35100268209216123 -0.8680980557104241 0.351002682092161
vn 0.3559156140620411 0.7958302314428394 -0.48987581935473895
vn -0.3559156140620411 -0.7958302314428394 0.48987581935473895
vn 0.3197805116917354 0.7098260259524823 -0.62760452294632
vn -0.3197805116917354 -0.7098260259524823 0.62760452294632
vn 0.24450329685658376 0.6115196921380982 -0.7525036903255603
vn -0.24450329685658376 -0.6115196921380982 0.7525036903255603
vn 0.13524310302414067 0.502572811237918 -0.853891019093665
vn -0.13524310302414067 -0.502572811237918 0.853891019093665
vn 0 0.3848491876538673 -0.9229794703904083
vn 0 -0.3848491876538673 0.9229794703904083
vn -0.15103829494821241 0.2603839912909201 -0.9536181681042716
vn 0.15103829494821241 -0.2603839912909201 0.9536181681042716
vn -0.30835128623346747 0.06560449707104715 -0.9490076576309704
vn -0.30633980759366153 0.1313468032558721 -0.9428170233708881
vn 0.30633980759366153 -0.1313468032558721 0.9428170233708881
vn 0.30835128623346747 -0.06560449707104715 0.9490076576309704
vn -0.3078258969504765 0.0877159991310285 -0.9473906906145321
vn -0.3087205920217202 0.04378871886836642 -0.9501442754453797
vn 0.3087205920217202 -0.04378871886836642 0.9501442754453797
vn 0.3078258969504765 -0.0877159991310285 0.9473906906145321
vn -0.15398129837417077 0.17640269813743206 -0.97219948973492
vn 0.15398129837417077 -0.17640269813743206 0.97219948973492
vn 0 0.26697220791966675 -0.9637042285880549
vn 0 -0.26697220791966675 0.9637042285880549
vn 0.1459346006022327 0.360187301486396 -0.9213947038023471
vn -0.1459346006022327 -0.360187301486396 0.9213947038023471
vn 0.2749401015593201 0.45649740258902066 -0.8461785047990927
vn -0.2749401015593201 -0.45649740258902066 0.8461785047990927
vn 0.37742541376837185 0.5557479202735263 -0.740739027021949
vn -0.37742541376837185 -0.5557479202735263 0.740739027021949
vn 0.44327598765700466 0.656706681714039 -0.6101169830113262
vn -0.44327598765700466 -0.656706681714039 0.6101169830113262
vn 0.4625340866039885 0.7563890780932974 -0.4625340866039883
vn -0.4625340866039885 -0.7563890780932974 0.4625340866039883
vn -0.46253408660398854 0.7563890780932973 0.4625340866039887
vn -0.529195780600916 0.7563890722725394 0.38448328590573894
vn 0.529195780600916 -0.7563890722725394 -0.38448328590573894
vn 0.46253408660398854 -0.7563890780932973 -0.4625340866039887
vn 0.3844832859057388 0.7563890722725397 -0.5291957806009159
vn -0.3844832859057388 -0.7563890722725397 0.5291957806009159
vn 0.2969651832899403 0.7563890574384241 -0.5828269672046624
vn -0.2969651832899403 -0.7563890574384241 0.5828269672046624
vn 0.20213479318615246 0.7563890745025599 -0.6221069790291317
vn -0.20213479318615246 -0.7563890745025599 0.6221069790291317
vn 0.10232719531452275 0.7563890653655735 -0.6460686704170523
vn -0.10232719531452275 -0.7563890653655735 0.6460686704170523
vn 0 0.7563890767475376 -0.6541219798913714
vn 0 -0.7563890767475376 0.6541219798913714
vn -0.10232719531452275 0.7563890653655735 -0.6460686704170523
vn 0.10232719531452275 -0.7563890653655735 0.6460686704170523
vn -0.20213479318615246 0.7563890745025599 -0.6221069790291317
vn 0.20213479318615246 -0.7563890745025599 0.6221069790291317
vn -0.2969651832899403 0.7563890574384241 -0.5828269672046624
vn 0.2969651832899403 -0.7563890574384241 0.5828269672046624
vn -0.3844832859057388 0.7563890722725397 -0.5291957806009159
vn 0.3844832859057388 -0.7563890722725397 0.5291957806009159
vn -0.4625340866039885 0.7563890780932974 -0.4625340866039883
vn 0.4625340866039885 -0.7563890780932974 0.4625340866039883
vn -0.529195780600916 0.7563890722725397 -0.38448328590573866
vn 0.529195780600916 -0.7563890722725397 0.38448328590573866
vn -0.5828269672046625 0.756389057438424 -0.29696518328994015
vn 0.5828269672046625 -0.756389057438424 0.29696518328994015
vn -0.6221069790291318 0.7563890745025598 -0.2021347931861523
vn 0.6221069790291318 -0.7563890745025598 0.2021347931861523
vn -0.6460686704170524 0.7563890653655733 -0.10232719531452257
vn 0.6460686704170524 -0.7563890653655733 0.10232719531452257
vn -0.6541219798913716 0.7563890767475375 0
vn 0.6541219798913716 -0.7563890767475375 0
vn -0.6460686704170523 0.7563890653655732 0.1023271953145229
vn 0.6460686704170523 -0.7563890653655732 -0.1023271953145229
vn -0.6221069790291318 0.7563890745025598 0.20213479318615266
vn 0.6221069790291318 -0.7563890745025598 -0.20213479318615266
vn -0.5828269672046625 0.756389057438424 0.29696518328994054
vn 0.5828269672046625 -0.756389057438424 -0.29696518328994054
vn -0.9490076576309704 0.06560449707104701 -0.30835128623346747
vn -0.9428170233708881 0.13134680325587197 -0.3063398075936615
vn 0.9490076576309704 -0.06560449707104701 0.30835128623346747
vn 0.9428170233708881 -0.13134680325587197 0.3063398075936615
vn -0.9473906906145321 0.08771599913102836 -0.3078258969504765
vn -0.9501442754453797 0.04378871886836628 -0.3087205920217202
vn 0.9473906906145321 -0.08771599913102836 0.3078258969504765
vn 0.9501442754453797 -0.04378871886836628 0.3087205920217202
vn -0.9536181681042716 0.2603839912909199 -0.15103829494821236
vn 0.9536181681042716 -0.2603839912909199 0.15103829494821236
vn -0.97219948973492 0.1764026981374319 -0.1539812983741707
vn 0.97219948973492 -0.1764026981374319 0.1539812983741707
vn -0.9229794703904084 0.38484918765386705 0
vn 0.9229794703904084 -0.38484918765386705 0
vn -0.9637042285880552 0.2669722079196666 0
vn 0.9637042285880552 -0.2669722079196666 0
vn -0.8538910190936652 0.5025728112379177 0.13524310302414075
vn 0.8538910190936652 -0.5025728112379177 -0.13524310302414075
vn -0.9213947038023472 0.3601873014863958 0.1459346006022328
vn 0.9213947038023472 -0.3601873014863958 -0.1459346006022328
vn -0.7525036903255606 0.6115196921380981 0.24450329685658392
vn 0.7525036903255606 -0.6115196921380981 -0.24450329685658392
vn -0.8461785047990928 0.4564974025890204 0.2749401015593202
vn 0.8461785047990928 -0.4564974025890204 -0.2749401015593202
vn -0.6276045229463201 0.709826025952482 0.31978051169173555
vn 0.6276045229463201 -0.709826025952482 -0.31978051169173555
vn -0.740739027021949 0.5557479202735259 0.3774254137683719
vn 0.740739027021949 -0.5557479202735259 -0.3774254137683719
vn -0.4898758193547392 0.795830231442839 0.3559156140620413
vn 0.4898758193547392 -0.795830231442839 -0.3559156140620413
vn -0.6101169830113264 0.6567066817140387 0.4432759876570048
vn 0.6101169830113264 -0.6567066817140387 -0.4432759876570048
vn -0.35100268209216123 0.8680980557104238 0.35100268209216146
vn 0.35100268209216123 -0.8680980557104238 -0.35100268209216146
vn -0.22270619438193673 0.9254415766544917 0.3065286922674017
vn 0.22270619438193673 -0.9254415766544917 -0.3065286922674017
vn -0.11578199897930642 0.9669326914758598 0.22723489799677687
vn 0.11578199897930642 -0.9669326914758598 -0.22723489799677687
vn -0.039222348528291956 0.9919121627812927 0.12071399547054788
vn 0.039222348528291956 -0.9919121627812927 -0.12071399547054788
vn -0.010199899607433593 0.997872061594617 0.06439961752143401
vn 0.010199899607433593 -0.997872061594617 -0.06439961752143401
vn 0.06201113760834335 0.9978720615138919 -0.020148639222903456
vn -0.06201113760834335 -0.9978720615138919 0.020148639222903456
vn 0.11309209559001857 0.9919121613207785 -0.05762327775300291
vn -0.11309209559001857 -0.9919121613207785 0.05762327775300291
vn 0.2063249967824133 0.9669326849209267 -0.149903897662286
vn -0.2063249967824133 -0.9669326849209267 0.149903897662286
vn 0.26791589813045874 0.9254415935421852 -0.2679158981304585
vn -0.26791589813045874 -0.9254415935421852 0.2679158981304585
vn 0.2917723007748144 0.8680981023052736 -0.4015901010664404
vn -0.2917723007748144 -0.8680981023052736 0.4015901010664404
vn 0.2749002105038698 0.7958302304084788 -0.5395221206150081
vn -0.2749002105038698 -0.7958302304084788 0.5395221206150081
vn 0.21766449887227915 0.7098259963223881 -0.6699023965292321
vn -0.21766449887227915 -0.7098259963223881 0.6699023965292321
vn 0.12377550622360714 0.6115197307480753 -0.7814878392943113
vn -0.12377550622360714 -0.6115197307480753 0.7814878392943113
vn 0 0.5025727968293062 -0.8645348945457141
vn 0 -0.5025727968293062 0.8645348945457141
vn -0.14438579424178707 0.38484918465192824 -0.9116160636440727
vn 0.14438579424178707 -0.38484918465192824 0.9116160636440727
vn -0.29835748690773806 0.2603839885740581 -0.9182499597061595
vn 0.29835748690773806 -0.2603839885740581 0.9182499597061595
vn -0.45301250698873724 0.06560450101209725 -0.8890870137161677
vn -0.45005729786339344 0.13134679937644309 -0.883287295806673
vn 0.45005729786339344 -0.13134679937644309 0.883287295806673
vn 0.45301250698873724 -0.06560450101209725 0.8890870137161677
vn -0.4522405848143945 0.08771599705461985 -0.8875721701965695
vn -0.4535550011116976 0.04378872010732967 -0.8901519021818297
vn 0.4535550011116976 -0.04378872010732967 0.8901519021818297
vn 0.4522405848143945 -0.08771599705461985 0.8875721701965695
vn -0.3041710089425213 0.17640270518617807 -0.9361421275222512
vn 0.3041710089425213 -0.17640270518617807 0.9361421275222512
vn -0.15075660366272517 0.2669722064862555 -0.9518394231255292
vn 0.15075660366272517 -0.2669722064862555 0.9518394231255292
vn 0 0.3601873026147277 -0.932880006772107
vn 0 -0.3601873026147277 0.932880006772107
vn 0.13918359515304551 0.45649738410285345 -0.878770769397529
vn -0.13918359515304551 -0.45649738410285345 0.878770769397529
vn 0.2569015160857322 0.5557479347978191 -0.7906616495067982
vn -0.2569015160857322 -0.5557479347978191 0.7906616495067982
vn 0.34237518966185465 0.6567066801704993 -0.6719490797102491
vn -0.34237518966185465 -0.6567066801704993 0.6719490797102491
vn 0.23304398815341312 0.6567066666168924 -0.7172355635399585
vn -0.23304398815341312 -0.6567066666168924 0.7172355635399585
vn 0.11797439969810704 0.6567066983195073 -0.7448612980939221
vn -0.11797439969810704 -0.6567066983195073 0.7448612980939221
vn 0 0.6567066901592176 -0.7541460886990831
vn 0 -0.6567066901592176 0.7541460886990831
vn -0.11797439969810704 0.6567066983195073 -0.7448612980939221
vn 0.11797439969810704 -0.6567066983195073 0.7448612980939221
vn -0.23304398815341312 0.6567066666168924 -0.7172355635399585
vn 0.23304398815341312 -0.6567066666168924 0.7172355635399585
vn -0.34237518966185465 0.6567066801704993 -0.6719490797102491
vn 0.34237518966185465 -0.6567066801704993 0.6719490797102491
vn -0.44327598765700466 0.656706681714039 -0.6101169830113262
vn 0.44327598765700466 -0.656706681714039 0.6101169830113262
vn -0.5332618041318804 0.6567067050883705 -0.5332618041318803
vn 0.5332618041318804 -0.6567067050883705 0.5332618041318803
vn -0.6101169830113264 0.656706681714039 -0.44327598765700454
vn 0.6101169830113264 -0.656706681714039 0.44327598765700454
vn -0.6719490797102491 0.6567066801704992 -0.34237518966185443
vn 0.6719490797102491 -0.6567066801704992 0.34237518966185443
vn -0.7172355635399587 0.6567066666168921 -0.23304398815341298
vn 0.7172355635399587 -0.6567066666168921 0.23304398815341298
vn -0.7448612980939223 0.6567066983195073 -0.11797439969810693
vn 0.7448612980939223 -0.6567066983195073 0.11797439969810693
vn -0.7541460886990832 0.6567066901592175 0
vn 0.7541460886990832 -0.6567066901592175 0
vn -0.7448612980939222 0.6567066983195072 0.11797439969810718
vn 0.7448612980939222 -0.6567066983195072 -0.11797439969810718
vn -0.7172355635399587 0.6567066666168921 0.23304398815341326
vn 0.7172355635399587 -0.6567066666168921 -0.23304398815341326
vn -0.6719490797102492 0.656706680170499 0.34237518966185476
vn 0.6719490797102492 -0.656706680170499 -0.34237518966185476
vn -0.8890870137161677 0.06560450101209715 -0.45301250698873724
vn -0.883287295806673 0.131346799376443 -0.45005729786339344
vn 0.8890870137161677 -0.06560450101209715 0.45301250698873724
vn 0.883287295806673 -0.131346799376443 0.45005729786339344
vn -0.8875721701965695 0.08771599705461977 -0.4522405848143945
vn -0.8901519021818297 0.04378872010732957 -0.4535550011116976
vn 0.8875721701965695 -0.08771599705461977 0.4522405848143945
vn 0.8901519021818297 -0.04378872010732957 0.4535550011116976
vn -0.9182499597061595 0.260383988574058 -0.298357486907738
vn 0.9182499597061595 -0.260383988574058 0.298357486907738
vn -0.9361421275222512 0.17640270518617793 -0.30417100894252125
vn 0.9361421275222512 -0.17640270518617793 0.30417100894252125
vn -0.9116160636440729 0.384849184651928 -0.144385794241787
vn 0.9116160636440729 -0.384849184651928 0.144385794241787
vn -0.9518394231255292 0.26697220648625536 -0.1507566036627251
vn 0.9518394231255292 -0.26697220648625536 0.1507566036627251
vn -0.8645348945457143 0.502572796829306 0
vn 0.8645348945457143 -0.502572796829306 0
vn -0.9328800067721071 0.3601873026147275 0
vn 0.9328800067721071 -0.3601873026147275 0
vn -0.7814878392943113 0.6115197307480751 0.12377550622360725
vn 0.7814878392943113 -0.6115197307480751 -0.12377550622360725
vn -0.8787707693975291 0.45649738410285323 0.13918359515304563
vn 0.8787707693975291 -0.45649738410285323 -0.13918359515304563
vn -0.6699023965292323 0.709825996322388 0.21766449887227932
vn 0.6699023965292323 -0.709825996322388 -0.21766449887227932
vn -0.7906616495067984 0.5557479347978189 0.2569015160857324
vn 0.7906616495067984 -0.5557479347978189 -0.2569015160857324
vn -0.5395221206150084 0.7958302304084787 0.27490021050387003
vn 0.5395221206150084 -0.7958302304084787 -0.27490021050387003
vn -0.40159010106644055 0.8680981023052735 0.29177230077481464
vn 0.40159010106644055 -0.8680981023052735 -0.29177230077481464
vn -0.26791589813045874 0.9254415935421852 0.26791589813045896
vn 0.26791589813045874 -0.9254415935421852 -0.26791589813045896
vn -0.14990389766228623 0.9669326849209267 0.20632499678241353
vn 0.14990389766228623 -0.9669326849209267 -0.20632499678241353
vn -0.05762327775300313 0.9919121613207785 0.11309209559001879
vn 0.05762327775300313 -0.9919121613207785 -0.11309209559001879
vn -0.020148639222903678 0.9978720615138919 0.06201113760834357
vn 0.020148639222903678 -0.9978720615138919 -0.06201113760834357
vn 0.058095737747101216 0.9978720613034477 -0.029601258852090435
vn -0.058095737747101216 -0.9978720613034477 0.029601258852090435
vn 0.10268539688665503 0.9919121699259598 -0.07460533773802135
vn -0.10268539688665503 -0.9919121699259598 0.07460533773802135
vn 0.18033469509692782 0.9669326737103241 -0.18033469509692762
vn -0.18033469509692782 -0.9669326737103241 0.18033469509692762
vn 0.22270619438193676 0.9254415766544918 -0.30652869226740137
vn -0.22270619438193676 -0.9254415766544918 0.30652869226740137
vn 0.22535758923489244 0.8680980585318208 -0.44228917887228636
vn -0.22535758923489244 -0.8680980585318208 0.44228917887228636
vn 0.1871159118971014 0.7958302506000431 -0.5758835366155112
vn -0.1871159118971014 -0.7958302506000431 0.5758835366155112
vn 0.11018880171087729 0.7098260110213125 -0.6957050108020585
vn -0.11018880171087729 -0.7098260110213125 0.6957050108020585
vn 0 0.6115197029289564 -0.791229203789699
vn 0 -0.6115197029289564 0.791229203789699
vn -0.13524310302414067 0.502572811237918 -0.853891019093665
vn 0.13524310302414067 -0.502572811237918 0.853891019093665
vn -0.2852163119908234 0.38484921617950607 -0.8778056369039635
vn 0.2852163119908234 -0.38484921617950607 0.8778056369039635
vn -0.4383301839251175 0.26038399045093835 -0.8602713684512688
vn 0.4383301839251175 -0.26038399045093835 0.8602713684512688
vn -0.5865190116388658 0.06560450130185394 -0.8072741160195234
vn -0.5826929689468795 0.13134679300021124 -0.8020080572590469
vn 0.5826929689468795 -0.13134679300021124 0.8020080572590469
vn 0.5865190116388658 -0.06560450130185394 0.8072741160195234
vn -0.5855195961057531 0.08771599941660764 -0.8058986946400282
vn -0.5872214835159625 0.04378871877079638 -0.8082409773116704
vn 0.5872214835159625 -0.04378871877079638 0.8082409773116704
vn 0.5855195961057531 -0.08771599941660764 0.8058986946400282
vn -0.4468711047089177 0.176402701858849 -0.87703380924177
vn 0.4468711047089177 -0.176402701858849 0.87703380924177
vn -0.29780099550950645 0.26697219597436916 -0.9165371861796826
vn 0.29780099550950645 -0.26697219597436916 0.9165371861796826
vn -0.1459346006022327 0.360187301486396 -0.9213947038023471
vn 0.1459346006022327 -0.360187301486396 0.9213947038023471
vn 0 0.45649737810141056 -0.8897247573191035
vn 0 -0.45649737810141056 0.8897247573191035
vn 0.13005190719263343 0.555747930736121 -0.8211155454125066
vn -0.13005190719263343 -0.555747930736121 0.8211155454125066
vn 0 0.5557479330628212 -0.8313508494591209
vn 0 -0.5557479330628212 0.8313508494591209
vn -0.13005190719263343 0.555747930736121 -0.8211155454125066
vn 0.13005190719263343 -0.555747930736121 0.8211155454125066
vn -0.2569015160857322 0.5557479347978191 -0.7906616495067982
vn 0.2569015160857322 -0.5557479347978191 0.7906616495067982
vn -0.37742541376837185 0.5557479202735263 -0.740739027021949
vn 0.37742541376837185 -0.5557479202735263 0.740739027021949
vn -0.4886557901885126 0.5557478888414024 -0.6725769864956461
vn 0.4886557901885126 -0.5557478888414024 0.6725769864956461
vn -0.5878538268345608 0.5557479253689792 -0.5878538268345607
vn 0.5878538268345608 -0.5557479253689792 0.5878538268345607
vn -0.6725769864956462 0.5557478888414024 -0.4886557901885124
vn 0.6725769864956462 -0.5557478888414024 0.4886557901885124
vn -0.740739027021949 0.555747920273526 -0.37742541376837163
vn 0.740739027021949 -0.555747920273526 0.37742541376837163
vn -0.7906616495067984 0.5557479347978191 -0.25690151608573214
vn 0.7906616495067984 -0.5557479347978191 0.25690151608573214
vn -0.8211155454125068 0.5557479307361208 -0.1300519071926333
vn 0.8211155454125068 -0.5557479307361208 0.1300519071926333
vn -0.8313508494591211 0.555747933062821 0
vn 0.8313508494591211 -0.555747933062821 0
vn -0.8211155454125068 0.5557479307361208 0.13005190719263354
vn 0.8211155454125068 -0.5557479307361208 -0.13005190719263354
vn -0.8072741160195234 0.06560450130185388 -0.5865190116388658
vn -0.8020080572590469 0.13134679300021118 -0.5826929689468795
vn 0.8072741160195234 -0.06560450130185388 0.5865190116388658
vn 0.8020080572590469 -0.13134679300021118 0.5826929689468795
vn -0.8058986946400282 0.08771599941660758 -0.5855195961057531
vn -0.8082409773116704 0.043788718770796334 -0.5872214835159625
vn 0.8058986946400282 -0.08771599941660758 0.5855195961057531
vn 0.8082409773116704 -0.043788718770796334 0.5872214835159625
vn -0.8602713684512688 0.26038399045093824 -0.43833018392511747
vn 0.8602713684512688 -0.26038399045093824 0.43833018392511747
vn -0.8770338092417702 0.1764027018588489 -0.4468711047089177
vn 0.8770338092417702 -0.1764027018588489 0.4468711047089177
vn -0.8778056369039636 0.38484921617950596 -0.28521631199082337
vn 0.8778056369039636 -0.38484921617950596 0.28521631199082337
vn -0.9165371861796826 0.26697219597436905 -0.2978009955095064
vn 0.9165371861796826 -0.26697219597436905 0.2978009955095064
vn -0.8538910190936652 0.5025728112379177 -0.13524310302414055
vn 0.8538910190936652 -0.5025728112379177 0.13524310302414055
vn -0.9213947038023472 0.3601873014863958 -0.14593460060223262
vn 0.9213947038023472 -0.3601873014863958 0.14593460060223262
vn -0.7912292037896991 0.6115197029289562 0
vn 0.7912292037896991 -0.6115197029289562 0
vn -0.8897247573191036 0.4564973781014104 0
vn 0.8897247573191036 -0.4564973781014104 0
vn -0.6957050108020587 0.7098260110213123 0.11018880171087744
vn 0.6957050108020587 -0.7098260110213123 -0.11018880171087744
vn -0.5758835366155114 0.795830250600043 0.18711591189710156
vn 0.5758835366155114 -0.795830250600043 -0.18711591189710156
vn -0.4422891788722865 0.8680980585318205 0.22535758923489266
vn 0.4422891788722865 -0.8680980585318205 -0.22535758923489266
vn -0.30652869226740154 0.9254415766544918 0.22270619438193698
vn 0.30652869226740154 -0.9254415766544918 -0.22270619438193698
vn -0.18033469509692782 0.9669326737103241 0.18033469509692804
vn 0.18033469509692782 -0.9669326737103241 -0.18033469509692804
vn -0.07460533773802157 0.9919121699259598 0.10268539688665525
vn 0.07460533773802157 -0.9919121699259598 -0.10268539688665525
vn -0.02960125885209066 0.9978720613034477 0.05809573774710144
vn 0.02960125885209066 -0.9978720613034477 -0.05809573774710144
vn 0.05274982795905805 0.9978720613913632 -0.03832498851716884
vn -0.05274982795905805 -0.9978720613913632 0.03832498851716884
vn 0.0897503570046223 0.9919121668953789 -0.08975035700462208
vn -0.0897503570046223 -0.9919121668953789 0.08975035700462208
vn 0.14990389766228623 0.9669326849209267 -0.20632499678241312
vn -0.14990389766228623 -0.9669326849209267 0.20632499678241312
vn 0.17201259454997364 0.9254415706784208 -0.3375937893037188
vn -0.17201259454997364 -0.9254415706784208 0.3375937893037188
vn 0.15339379857280108 0.8680980919230853 -0.4720974956075339
vn -0.15339379857280108 -0.8680980919230853 0.4720974956075339
vn 0.094724175654405 0.7958302475057875 -0.5980648357005036
vn -0.094724175654405 -0.7958302475057875 0.5980648357005036
vn 0 0.7098260325082585 -0.7043770322587077
vn 0 -0.7098260325082585 0.7043770322587077
vn -0.12377550622360714 0.6115197307480753 -0.7814878392943113
vn 0.12377550622360714 -0.6115197307480753 0.7814878392943113
vn -0.26715600765427483 0.5025728143991914 -0.8222215235574319
vn 0.26715600765427483 -0.5025728143991914 0.8222215235574319
vn -0.41902391021489377 0.3848492093817889 -0.8223807200478574
vn 0.41902391021489377 -0.3848492093817889 0.8223807200478574
vn -0.5675096786128022 0.2603839901871563 -0.7811100705630474
vn 0.5675096786128022 -0.2603839901871563 0.7811100705630474
vn -0.7055834642393551 0.06560449667500853 -0.7055834642393551
vn -0.7009807471706713 0.1313468088386411 -0.7009807471706713
vn 0.7009807471706713 -0.1313468088386411 0.7009807471706713
vn 0.7055834642393551 -0.06560449667500853 0.7055834642393551
vn -0.7043812548367026 0.0877159943758534 -0.7043812548367026
vn -0.7064285341827572 0.04378872211885462 -0.7064285341827572
vn 0.7064285341827572 -0.04378872211885462 0.7064285341827572
vn 0.7043812548367026 -0.0877159943758534 0.7043812548367026
vn -0.57856766406615 0.17640268904393028 -0.7963300505412999
vn 0.57856766406615 -0.17640268904393028 0.7963300505412999
vn -0.43751257721569314 0.26697218609691137 -0.8586667552832813
vn 0.43751257721569314 -0.26697218609691137 0.8586667552832813
vn -0.2882758006553244 0.36018730081879774 -0.8872216020168808
vn 0.2882758006553244 -0.36018730081879774 0.8872216020168808
vn -0.13918359515304551 0.45649738410285345 -0.878770769397529
vn 0.13918359515304551 -0.45649738410285345 0.878770769397529
vn -0.2749401015593201 0.45649740258902066 -0.8461785047990927
vn 0.2749401015593201 -0.45649740258902066 0.8461785047990927
vn -0.4039265821879126 0.4564973798696805 -0.7927505650418094
vn 0.4039265821879126 -0.4564973798696805 0.7927505650418094
vn -0.5229670730945425 0.4564973765142561 -0.7198024629678126
vn 0.5229670730945425 -0.4564973765142561 0.7198024629678126
vn -0.629130401064778 0.45649740077260376 -0.6291304010647779
vn 0.629130401064778 -0.45649740077260376 0.6291304010647779
vn -0.7198024629678126 0.45649737651425604 -0.5229670730945423
vn 0.7198024629678126 -0.45649737651425604 0.5229670730945423
vn -0.7927505650418095 0.45649737986968036 -0.4039265821879125
vn 0.7927505650418095 -0.45649737986968036 0.4039265821879125
vn -0.8461785047990928 0.4564974025890205 -0.27494010155931997
vn 0.8461785047990928 -0.4564974025890205 0.27494010155931997
vn -0.8787707693975291 0.45649738410285323 -0.1391835951530454
vn 0.8787707693975291 -0.45649738410285323 0.1391835951530454
vn -0.7811100705630474 0.26038399018715624 -0.5675096786128022
vn 0.7811100705630474 -0.26038399018715624 0.5675096786128022
vn -0.7963300505412999 0.17640268904393025 -0.5785676640661499
vn 0.7963300505412999 -0.17640268904393025 0.5785676640661499
vn -0.8223807200478577 0.38484920938178874 -0.4190239102148937
vn 0.8223807200478577 -0.38484920938178874 0.4190239102148937
vn -0.8586667552832813 0.2669721860969113 -0.4375125772156931
vn 0.8586667552832813 -0.2669721860969113 0.4375125772156931
vn -0.822221523557432 0.5025728143991913 -0.2671560076542747
vn 0.822221523557432 -0.5025728143991913 0.2671560076542747
vn -0.8872216020168809 0.3601873008187976 -0.2882758006553243
vn 0.8872216020168809 -0.3601873008187976 0.2882758006553243
vn -0.7814878392943114 0.6115197307480752 -0.123775506223607
vn 0.7814878392943114 -0.6115197307480752 0.123775506223607
vn -0.7043770322587078 0.7098260325082584 0
vn 0.7043770322587078 -0.7098260325082584 0
vn -0.5980648357005038 0.7958302475057873 0.09472417565440518
vn 0.5980648357005038 -0.7958302475057873 -0.09472417565440518
vn -0.4720974956075341 0.8680980919230852 0.15339379857280128
vn 0.4720974956075341 -0.8680980919230852 -0.15339379857280128
vn -0.337593789303719 0.9254415706784207 0.17201259454997386
vn 0.337593789303719 -0.9254415706784207 -0.17201259454997386
vn -0.20632499678241328 0.9669326849209265 0.1499038976622864
vn 0.20632499678241328 -0.9669326849209265 -0.1499038976622864
vn -0.0897503570046223 0.9919121668953789 0.08975035700462253
vn 0.0897503570046223 -0.9919121668953789 -0.08975035700462253
vn -0.03832498851716906 0.9978720613913632 0.05274982795905827
vn 0.03832498851716906 -0.9978720613913632 -0.05274982795905827
vn 0.04610503821607593 0.9978720613897297 -0.046105038216075714
vn -0.04610503821607593 -0.9978720613897297 0.046105038216075714
vn 0.07460533773802157 0.9919121699259598 -0.1026853968866548
vn -0.07460533773802157 -0.9919121699259598 0.1026853968866548
vn 0.11578199897930642 0.9669326914758598 -0.22723489799677646
vn -0.11578199897930642 -0.9669326914758598 0.22723489799677646
vn 0.11708359788168084 0.9254415832565734 -0.36034609348048685
vn -0.11708359788168084 -0.9254415832565734 0.36034609348048685
vn 0.07765292837352507 0.8680980818173019 -0.4902812897308413
vn -0.07765292837352507 -0.8680980818173019 0.4902812897308413
vn 0 0.7958302256957351 -0.6055198195509999
vn 0 -0.7958302256957351 0.6055198195509999
vn -0.11018880171087729 0.7098260110213125 -0.6957050108020585
vn 0.11018880171087729 -0.7098260110213125 0.6957050108020585
vn -0.24450329685658376 0.6115196921380982 -0.7525036903255603
vn 0.24450329685658376 -0.6115196921380982 0.7525036903255603
vn -0.39249061331590374 0.5025728170506276 -0.7703062261339332
vn 0.39249061331590374 -0.5025728170506276 0.7703062261339332
vn -0.5425136942478521 0.38484919591953265 -0.746706092082847
vn 0.5425136942478521 -0.38484919591953265 0.746706092082847
vn -0.6827152286473869 0.2603840109259634 -0.6827152286473869
vn 0.6827152286473869 -0.2603840109259634 0.6827152286473869
vn -0.6960179912248523 0.17640269777597756 -0.6960179912248523
vn 0.6960179912248523 -0.17640269777597756 0.6960179912248523
vn -0.5664511111580504 0.26697220525886406 -0.7796531153577396
vn 0.5664511111580504 -0.26697220525886406 0.7796531153577396
vn -0.4235186835641255 0.36018728602188477 -0.8312021677427817
vn 0.4235186835641255 -0.36018728602188477 0.8312021677427817
vn -0.5483330949535424 0.3601872966850992 -0.7547157930541467
vn 0.5483330949535424 -0.3601872966850992 0.7547157930541467
vn -0.6596457821906955 0.3601872902755612 -0.6596457821906954
vn 0.6596457821906955 -0.3601872902755612 0.6596457821906954
vn -0.7547157930541468 0.3601872966850992 -0.5483330949535424
vn 0.7547157930541468 -0.3601872966850992 0.5483330949535424
vn -0.8312021677427819 0.3601872860218846 -0.42351868356412536
vn 0.8312021677427819 -0.3601872860218846 0.42351868356412536
vn -0.7467060920828471 0.38484919591953265 -0.542513694247852
vn 0.7467060920828471 -0.38484919591953265 0.542513694247852
vn -0.7796531153577397 0.2669722052588641 -0.5664511111580505
vn 0.7796531153577397 -0.2669722052588641 0.5664511111580505
vn -0.7703062261339333 0.5025728170506276 -0.39249061331590357
vn 0.7703062261339333 -0.5025728170506276 0.39249061331590357
vn -0.7525036903255604 0.6115196921380981 -0.2445032968565836
vn 0.7525036903255604 -0.6115196921380981 0.2445032968565836
vn -0.6957050108020587 0.7098260110213123 -0.11018880171087712
vn 0.6957050108020587 -0.7098260110213123 0.11018880171087712
vn -0.605519819551 0.7958302256957348 0
vn 0.605519819551 -0.7958302256957348 0
vn -0.4902812897308415 0.8680980818173017 0.07765292837352525
vn 0.4902812897308415 -0.8680980818173017 -0.07765292837352525
vn -0.36034609348048696 0.9254415832565731 0.11708359788168102
vn 0.36034609348048696 -0.9254415832565731 -0.11708359788168102
vn -0.22723489799677665 0.9669326914758598 0.11578199897930665
vn 0.22723489799677665 -0.9669326914758598 -0.11578199897930665
vn -0.10268539688665503 0.9919121699259598 0.07460533773802179
vn 0.10268539688665503 -0.9919121699259598 -0.07460533773802179
vn -0.04610503821607593 0.9978720613897297 0.04610503821607615
vn 0.04610503821607593 -0.9978720613897297 -0.04610503821607615
vn 0.03832498851716906 0.9978720613913632 -0.05274982795905783
vn -0.03832498851716906 -0.9978720613913632 0.05274982795905783
vn 0.05762327775300313 0.9919121613207785 -0.11309209559001834
vn -0.05762327775300313 -0.9919121613207785 0.11309209559001834
vn 0.07880912866967013 0.9669326836777864 -0.2425495959056648
vn -0.07880912866967013 -0.9669326836777864 0.2425495959056648
vn 0.05927150802615211 0.9254415691811304 -0.37422558753761426
vn -0.05927150802615211 -0.9254415691811304 0.37422558753761426
vn 0 0.8680980896536166 -0.4963926940837683
vn 0 -0.8680980896536166 0.4963926940837683
vn -0.094724175654405 0.7958302475057875 -0.5980648357005036
vn 0.094724175654405 -0.7958302475057875 0.5980648357005036
vn -0.21766449887227915 0.7098259963223881 -0.6699023965292321
vn 0.21766449887227915 -0.7098259963223881 0.6699023965292321
vn -0.359210501636114 0.6115197027853195 -0.7049904032110549
vn 0.359210501636114 -0.6115197027853195 0.7049904032110549
vn -0.5081608969367528 0.5025727969704386 -0.6994233957838022
vn 0.5081608969367528 -0.5025727969704386 0.6994233957838022
vn -0.6526450330268939 0.3848492194751722 -0.6526450330268938
vn 0.6526450330268939 -0.3848492194751722 0.6526450330268938
vn -0.6814417968833169 0.26697219877896006 -0.6814417968833169
vn 0.6814417968833169 -0.26697219877896006 0.6814417968833169
vn -0.6994233957838023 0.5025727969704386 -0.5081608969367526
vn 0.6994233957838023 -0.5025727969704386 0.5081608969367526
vn -0.7049904032110551 0.6115197027853194 -0.35921050163611384
vn 0.7049904032110551 -0.6115197027853194 0.35921050163611384
vn -0.6699023965292323 0.709825996322388 -0.21766449887227898
vn 0.6699023965292323 -0.709825996322388 0.21766449887227898
vn -0.5980648357005038 0.7958302475057873 -0.09472417565440483
vn 0.5980648357005038 -0.7958302475057873 0.09472417565440483
vn -0.4963926940837685 0.8680980896536165 0
vn 0.4963926940837685 -0.8680980896536165 0
vn -0.3742255875376145 0.9254415691811303 0.05927150802615231
vn 0.3742255875376145 -0.9254415691811303 -0.05927150802615231
vn -0.24254959590566502 0.9669326836777864 0.07880912866967034
vn 0.24254959590566502 -0.9669326836777864 -0.07880912866967034
vn -0.11309209559001857 0.9919121613207785 0.05762327775300335
vn 0.11309209559001857 -0.9919121613207785 -0.05762327775300335
vn -0.05274982795905805 0.9978720613913632 0.03832498851716929
vn 0.05274982795905805 -0.9978720613913632 -0.03832498851716929
vn 0.02960125885209066 0.9978720613034477 -0.058095737747101
vn -0.02960125885209066 -0.9978720613034477 0.058095737747101
vn 0.039222348528291956 0.9919121627812927 -0.12071399547054742
vn -0.039222348528291956 -0.9919121627812927 0.12071399547054742
vn 0.03989575007770511 0.9669327018832986 -0.25189180049061044
vn -0.03989575007770511 -0.9669327018832986 0.25189180049061044
vn 0 0.9254415933161602 -0.37889029726353096
vn 0 -0.9254415933161602 0.37889029726353096
vn -0.07765292837352507 0.8680980818173019 -0.4902812897308413
vn 0.07765292837352507 -0.8680980818173019 0.4902812897308413
vn -0.1871159118971014 0.7958302506000431 -0.5758835366155112
vn 0.1871159118971014 -0.7958302506000431 0.5758835366155112
vn -0.3197805116917354 0.7098260259524823 -0.62760452294632
vn 0.3197805116917354 -0.7098260259524823 0.62760452294632
vn -0.4650728049557368 0.6115197065162502 -0.6401179068209876
vn 0.4650728049557368 -0.6115197065162502 0.6401179068209876
vn -0.6113184889399221 0.502572790907368 -0.6113184889399219
vn 0.6113184889399221 -0.502572790907368 0.6113184889399219
vn -0.6401179068209877 0.6115197065162501 -0.46507280495573666
vn 0.6401179068209877 -0.6115197065162501 0.46507280495573666
vn -0.62760452294632 0.7098260259524822 -0.3197805116917352
vn 0.62760452294632 -0.7098260259524822 0.3197805116917352
vn -0.5758835366155114 0.795830250600043 -0.18711591189710122
vn 0.5758835366155114 -0.795830250600043 0.18711591189710122
vn -0.4902812897308415 0.8680980818173017 -0.07765292837352487
vn 0.4902812897308415 -0.8680980818173017 0.07765292837352487
vn -0.3788902972635312 0.92544159331616 0
vn 0.3788902972635312 -0.92544159331616 0
vn -0.25189180049061066 0.9669327018832986 0.03989575007770533
vn 0.25189180049061066 -0.9669327018832986 -0.03989575007770533
vn -0.12071399547054766 0.9919121627812927 0.03922234852829218
vn 0.12071399547054766 -0.9919121627812927 -0.03922234852829218
vn -0.05809573774710121 0.9978720613034475 0.029601258852090875
vn 0.05809573774710121 -0.9978720613034475 -0.029601258852090875
vn 0.020148639222903678 0.9978720615138919 -0.062011137608343134
vn -0.020148639222903678 -0.9978720615138919 0.062011137608343134
vn 0.01985562934790355 0.991912167423727 -0.12536349588282528
vn -0.01985562934790355 -0.991912167423727 0.12536349588282528
vn 0 0.9669326930699064 -0.25503169817216464
vn 0 -0.9669326930699064 0.25503169817216464
vn -0.05927150802615211 0.9254415691811304 -0.37422558753761426
vn 0.05927150802615211 -0.9254415691811304 0.37422558753761426
vn -0.15339379857280108 0.8680980919230853 -0.4720974956075339
vn 0.15339379857280108 -0.8680980919230853 0.4720974956075339
vn -0.2749002105038698 0.7958302304084788 -0.5395221206150081
vn 0.2749002105038698 -0.7958302304084788 0.5395221206150081
vn -0.4140224125062179 0.7098260214414454 -0.5698530172133337
vn 0.4140224125062179 -0.7098260214414454 0.5698530172133337
vn -0.5594835232094498 0.6115197253681044 -0.5594835232094497
vn 0.5594835232094498 -0.6115197253681044 0.5594835232094497
vn -0.5698530172133338 0.7098260214414454 -0.4140224125062178
vn 0.5698530172133338 -0.7098260214414454 0.4140224125062178
vn -0.5395221206150084 0.7958302304084787 -0.27490021050386965
vn 0.5395221206150084 -0.7958302304084787 0.27490021050386965
vn -0.4720974956075341 0.8680980919230852 -0.1533937985728009
vn 0.4720974956075341 -0.8680980919230852 0.1533937985728009
vn -0.37422558753761453 0.9254415691811304 -0.05927150802615192
vn 0.37422558753761453 -0.9254415691811304 0.05927150802615192
vn -0.25503169817216487 0.9669326930699064 0
vn 0.25503169817216487 -0.9669326930699064 0
vn -0.1253634958828255 0.991912167423727 0.019855629347903768
vn 0.1253634958828255 -0.991912167423727 -0.019855629347903768
vn -0.06201113760834335 0.9978720615138919 0.020148639222903903
vn 0.06201113760834335 -0.9978720615138919 -0.020148639222903903
vn 0.010199899607433593 0.997872061594617 -0.06439961752143358
vn -0.010199899607433593 -0.997872061594617 0.06439961752143358
vn 0 0.9919121639165772 -0.1269261953827244
vn 0 -0.9919121639165772 0.1269261953827244
vn -0.03989575007770511 0.9669327018832986 -0.25189180049061044
vn 0.03989575007770511 -0.9669327018832986 0.25189180049061044
vn -0.11708359788168084 0.9254415832565734 -0.36034609348048685
vn 0.11708359788168084 -0.9254415832565734 0.36034609348048685
vn -0.22535758923489244 0.8680980585318208 -0.44228917887228636
vn 0.22535758923489244 -0.8680980585318208 0.44228917887228636
vn -0.3559156140620411 0.7958302314428394 -0.48987581935473895
vn 0.3559156140620411 -0.7958302314428394 0.48987581935473895
vn -0.4980697995965435 0.7098259994250127 -0.4980697995965434
vn 0.4980697995965435 -0.7098259994250127 0.4980697995965434
vn -0.4898758193547392 0.7958302314428394 -0.35591561406204086
vn 0.4898758193547392 -0.7958302314428394 0.35591561406204086
vn -0.4422891788722865 0.8680980585318205 -0.22535758923489224
vn 0.4422891788722865 -0.8680980585318205 0.22535758923489224
vn -0.360346093480487 0.9254415832565732 -0.11708359788168063
vn 0.360346093480487 -0.9254415832565732 0.11708359788168063
vn -0.25189180049061066 0.9669327018832986 -0.03989575007770489
vn 0.25189180049061066 -0.9669327018832986 0.03989575007770489
vn -0.12692619538272462 0.9919121639165772 0
vn 0.12692619538272462 -0.9919121639165772 0
vn -0.06439961752143379 0.997872061594617 0.010199899607433813
vn 0.06439961752143379 -0.997872061594617 -0.010199899607433813
vn 0 0.9978720615759257 -0.06520236748931658
vn 0 -0.9978720615759257 0.06520236748931658
vn -0.01985562934790355 0.991912167423727 -0.12536349588282528
vn 0.01985562934790355 -0.991912167423727 0.12536349588282528
vn -0.07880912866967013 0.9669326836777864 -0.2425495959056648
vn 0.07880912866967013 -0.9669326836777864 0.2425495959056648
vn -0.17201259454997364 0.9254415706784208 -0.3375937893037188
vn 0.17201259454997364 -0.9254415706784208 0.3375937893037188
vn -0.2917723007748144 0.8680981023052736 -0.4015901010664404
vn 0.2917723007748144 -0.8680981023052736 0.4015901010664404
vn -0.4281671979568461 0.7958301962024099 -0.4281671979568459
vn 0.4281671979568461 -0.7958301962024099 0.4281671979568459
vn -0.40159010106644066 0.8680981023052736 -0.2917723007748143
vn 0.40159010106644066 -0.8680981023052736 0.2917723007748143
vn -0.337593789303719 0.9254415706784207 -0.17201259454997345
vn 0.337593789303719 -0.9254415706784207 0.17201259454997345
vn -0.24254959590566502 0.9669326836777864 -0.07880912866966992
vn 0.24254959590566502 -0.9669326836777864 0.07880912866966992
vn -0.1253634958828255 0.991912167423727 -0.01985562934790333
vn 0.1253634958828255 -0.991912167423727 0.01985562934790333
vn -0.0652023674893168 0.9978720615759257 0
vn 0.0652023674893168 -0.9978720615759257 0
vn -0.010199899607433593 0.997872061594617 -0.06439961752143358
vn 0.010199899607433593 -0.997872061594617 0.06439961752143358
vn -0.039222348528291956 0.9919121627812927 -0.12071399547054742
vn 0.039222348528291956 -0.9919121627812927 0.12071399547054742
vn -0.11578199897930642 0.9669326914758598 -0.22723489799677646
vn 0.11578199897930642 -0.9669326914758598 0.22723489799677646
vn -0.22270619438193676 0.9254415766544918 -0.30652869226740137
vn 0.22270619438193676 -0.9254415766544918 0.30652869226740137
vn -0.35100268209216123 0.8680980557104241 -0.351002682092161
vn 0.35100268209216123 -0.8680980557104241 0.351002682092161
vn -0.3065286922674016 0.925441576654492 -0.2227061943819366
vn 0.3065286922674016 -0.925441576654492 0.2227061943819366
vn -0.2272348979967767 0.96693269147586 -0.11578199897930624
vn 0.2272348979967767 -0.96693269147586 0.11578199897930624
vn -0.12071399547054766 0.9919121627812927 -0.03922234852829174
vn 0.12071399547054766 -0.9919121627812927 0.03922234852829174
vn -0.06439961752143379 0.997872061594617 -0.010199899607433371
vn 0.06439961752143379 -0.997872061594617 0.010199899607433371
vn -0.020148639222903678 0.9978720615138919 -0.062011137608343134
vn 0.020148639222903678 -0.9978720615138919 0.062011137608343134
vn -0.05762327775300313 0.9919121613207785 -0.11309209559001834
vn 0.05762327775300313 -0.9919121613207785 0.11309209559001834
vn -0.14990389766228623 0.9669326849209267 -0.20632499678241312
vn 0.14990389766228623 -0.9669326849209267 0.20632499678241312
vn -0.26791589813045874 0.9254415935421852 -0.2679158981304585
vn 0.26791589813045874 -0.9254415935421852 0.2679158981304585
vn -0.2063249967824133 0.9669326849209267 -0.149903897662286
vn 0.2063249967824133 -0.9669326849209267 0.149903897662286
vn -0.11309209559001857 0.9919121613207785 -0.05762327775300291
vn 0.11309209559001857 -0.9919121613207785 0.05762327775300291
vn -0.06201113760834335 0.9978720615138919 -0.020148639222903456
vn 0.06201113760834335 -0.9978720615138919 0.020148639222903456
vn -0.02960125885209066 0.9978720613034477 -0.058095737747101
vn 0.02960125885209066 -0.9978720613034477 0.058095737747101
vn -0.07460533773802157 0.9919121699259598 -0.1026853968866548
vn 0.07460533773802157 -0.9919121699259598 0.1026853968866548
vn -0.18033469509692782 0.9669326737103241 -0.18033469509692762
vn 0.18033469509692782 -0.9669326737103241 0.18033469509692762
vn -0.10268539688665503 0.9919121699259598 -0.07460533773802135
vn 0.10268539688665503 -0.9919121699259598 0.07460533773802135
vn -0.058095737747101216 0.9978720613034477 -0.029601258852090435
vn 0.058095737747101216 -0.9978720613034477 0.029601258852090435
vn -0.03832498851716906 0.9978720613913632 -0.05274982795905783
vn 0.03832498851716906 -0.9978720613913632 0.05274982795905783
vn -0.0897503570046223 0.9919121668953789 -0.08975035700462208
vn 0.0897503570046223 -0.9919121668953789 0.08975035700462208
vn -0.05274982795905805 0.9978720613913632 -0.03832498851716884
vn 0.05274982795905805 -0.9978720613913632 0.03832498851716884
vn -0.04610503821607593 0.9978720613897297 -0.046105038216075714
vn 0.04610503821607593 -0.9978720613897297 0.046105038216075714
usemtl material_0_0
f 1//1 2//2 3//2
f 2//2 1//1 4//1
f 5//3 6//3 7//4
f 8//4 7//4 6//3
f 9//5 1//1 10//5
f 1//1 9//5 4//1
f 5//3 11//6 6//3
f 12//6 6//3 11//6
f 13//7 14//8 15//9
f 14//8 13//7 16//10
f 17//11 18//12 19//13
f 20//14 19//13 18//12
f 3//2 21//15 22//15
f 21//15 3//2 2//2
f 7//4 8//4 23//16
f 24//16 23//16 8//4
f 25//17 26//18 27//19
f 26//18 25//17 28//20
f 29//21 30//22 31//23
f 32//24 31//23 30//22
f 33//25 10//5 34//25
f 10//5 33//25 9//5
f 11//6 35//26 12//6
f 36//26 12//6 35//26
f 37//27 13//7 38//28
f 13//7 37//27 16//10
f 17//11 39//29 18//12
f 40//30 18//12 39//29
f 41//31 25//17 42//32
f 25//17 41//31 28//20
f 29//21 43//33 30//22
f 44//34 30//22 43//33
f 16//10 45//35 14//8
f 45//35 16//10 46//36
f 47//37 17//11 48//38
f 19//13 48//38 17//11
f 15//9 49//39 50//40
f 49//39 15//9 14//8
f 19//13 20//14 51//41
f 52//42 51//41 20//14
f 22//15 53//43 54//43
f 53//43 22//15 21//15
f 23//16 24//16 55//44
f 56//44 55//44 24//16
f 27//19 57//45 58//46
f 57//45 27//19 26//18
f 31//23 32//24 59//47
f 60//48 59//47 32//24
f 61//49 27//19 62//50
f 27//19 61//49 25//17
f 30//22 63//51 32//24
f 64//52 32//24 63//51
f 65//53 34//25 66//53
f 34//25 65//53 33//25
f 35//26 67//54 36//26
f 68//54 36//26 67//54
f 69//55 38//28 70//56
f 38//28 69//55 37//27
f 39//29 71//57 40//30
f 72//58 40//30 71//57
f 73//59 42//32 74//60
f 42//32 73//59 41//31
f 43//33 75//61 44//34
f 76//62 44//34 75//61
f 77//63 16//10 37//27
f 16//10 77//63 46//36
f 47//37 78//64 17//11
f 39//29 17//11 78//64
f 42//32 61//49 79//65
f 61//49 42//32 25//17
f 30//22 44//34 63//51
f 80//66 63//51 44//34
f 46//36 81//67 45//35
f 81//67 46//36 82//68
f 83//69 47//37 84//70
f 48//38 84//70 47//37
f 14//8 85//71 49//39
f 85//71 14//8 45//35
f 48//38 19//13 86//72
f 51//41 86//72 19//13
f 50//40 87//73 88//74
f 87//73 50//40 49//39
f 51//41 52//42 89//75
f 90//76 89//75 52//42
f 91//77 53//43 92//77
f 53//43 91//77 54//43
f 56//44 93//78 55//44
f 94//78 55//44 93//78
f 58//46 95//79 96//80
f 95//79 58//46 57//45
f 59//47 60//48 97//81
f 98//82 97//81 60//48
f 62//50 58//46 99//83
f 58//46 62//50 27//19
f 32//24 64//52 60//48
f 100//84 60//48 64//52
f 101//85 62//50 102//86
f 62//50 101//85 61//49
f 63//51 103//87 64//52
f 104//88 64//52 103//87
f 105//89 66//53 106//89
f 66//53 105//89 65//53
f 67//54 107//90 68//54
f 108//90 68//54 107//90
f 109//91 70//56 110//92
f 70//56 109//91 69//55
f 71//57 111//93 72//58
f 112//94 72//58 111//93
f 113//95 74//60 114//96
f 74//60 113//95 73//59
f 75//61 115//97 76//62
f 116//98 76//62 115//97
f 117//99 37//27 69//55
f 37//27 117//99 77//63
f 78//64 118//100 39//29
f 71//57 39//29 118//100
f 74//60 79//65 119//101
f 79//65 74//60 42//32
f 44//34 76//62 80//66
f 120//102 80//66 76//62
f 121//103 46//36 77//63
f 46//36 121//103 82//68
f 83//69 122//104 47//37
f 78//64 47//37 122//104
f 79//65 101//85 123//105
f 101//85 79//65 61//49
f 63//51 80//66 103//87
f 124//106 103//87 80//66
f 82//68 125//107 81//67
f 125//107 82//68 126//108
f 127//109 83//69 128//110
f 84//70 128//110 83//69
f 45//35 129//111 85//71
f 129//111 45//35 81//67
f 84//70 48//38 130//112
f 86//72 130//112 48//38
f 49//39 131//113 87//73
f 131//113 49//39 85//71
f 86//72 51//41 132//114
f 89//75 132//114 51//41
f 88//74 133//115 134//116
f 133//115 88//74 87//73
f 89//75 90//76 135//117
f 136//118 135//117 90//76
f 91//77 137//119 138//119
f 137//119 91//77 92//77
f 94//78 93//78 139//120
f 140//120 139//120 93//78
f 96//80 141//121 142//122
f 141//121 96//80 95//79
f 97//81 98//82 143//123
f 144//124 143//123 98//82
f 99//83 96//80 145//125
f 96//80 99//83 58//46
f 60//48 100//84 98//82
f 146//126 98//82 100//84
f 102//86 99//83 147//127
f 99//83 102//86 62//50
f 64//52 104//88 100//84
f 148//128 100//84 104//88
f 149//129 102//86 150//130
f 102//86 149//129 101//85
f 103//87 151//131 104//88
f 152//132 104//88 151//131
f 153//133 106//89 154//133
f 106//89 153//133 105//89
f 107//90 155//134 108//90
f 156//134 108//90 155//134
f 157//135 110//92 158//136
f 110//92 157//135 109//91
f 111//93 159//137 112//94
f 160//138 112//94 159//137
f 161//139 114//96 162//140
f 114//96 161//139 113//95
f 115//97 163//141 116//98
f 164//142 116//98 163//141
f 165//143 69//55 109//91
f 69//55 165//143 117//99
f 118//100 166//144 71//57
f 111//93 71//57 166//144
f 114//96 119//101 167//145
f 119//101 114//96 74//60
f 76//62 116//98 120//102
f 168//146 120//102 116//98
f 169//147 77//63 117//99
f 77//63 169//147 121//103
f 122//104 170//148 78//64
f 118//100 78//64 170//148
f 119//101 123//105 171//149
f 123//105 119//101 79//65
f 80//66 120//102 124//106
f 172//150 124//106 120//102
f 173//151 82//68 121//103
f 82//68 173//151 126//108
f 127//109 174//152 83//69
f 122//104 83//69 174//152
f 123//105 149//129 175//153
f 149//129 123//105 101//85
f 103//87 124//106 151//131
f 176//154 151//131 124//106
f 126//108 177//155 125//107
f 177//155 126//108 178//156
f 179//157 127//109 180//158
f 128//110 180//158 127//109
f 81//67 181//159 129//111
f 181//159 81//67 125//107
f 128//110 84//70 182//160
f 130//112 182//160 84//70
f 85//71 183//161 131//113
f 183//161 85//71 129//111
f 130//112 86//72 184//162
f 132//114 184//162 86//72
f 87//73 185//163 133//115
f 185//163 87//73 131//113
f 132//114 89//75 186//164
f 135//117 186//164 89//75
f 134//116 187//165 188//166
f 187//165 134//116 133//115
f 135//117 136//118 189//167
f 190//168 189//167 136//118
f 138//119 191//169 192//169
f 191//169 138//119 137//119
f 139//120 140//120 193//170
f 194//170 193//170 140//120
f 142//122 195//171 196//172
f 195//171 142//122 141//121
f 143//123 144//124 197//173
f 198//174 197//173 144//124
f 145//125 142//122 199//175
f 142//122 145//125 96//80
f 98//82 146//126 144//124
f 200//176 144//124 146//126
f 147//127 145//125 201//177
f 145//125 147//127 99//83
f 100//84 148//128 146//126
f 202//178 146//126 148//128
f 150//130 147//127 203//179
f 147//127 150//130 102//86
f 104//88 152//132 148//128
f 204//180 148//128 152//132
f 205//181 150//130 206//182
f 150//130 205//181 149//129
f 151//131 207//183 152//132
f 208//184 152//132 207//183
f 209//185 154//133 210//185
f 154//133 209//185 153//133
f 155//134 211//186 156//134
f 212//186 156//134 211//186
f 213//187 158//136 214//188
f 158//136 213//187 157//135
f 159//137 215//189 160//138
f 216//190 160//138 215//189
f 217//191 162//140 218//192
f 162//140 217//191 161//139
f 163//141 219//193 164//142
f 220//194 164//142 219//193
f 221//195 109//91 157//135
f 109//91 221//195 165//143
f 166//144 222//196 111//93
f 159//137 111//93 222//196
f 162//140 167//145 223//197
f 167//145 162//140 114//96
f 116//98 164//142 168//146
f 224//198 168//146 164//142
f 225//199 117//99 165//143
f 117//99 225//199 169//147
f 170//148 226//200 118//100
f 166//144 118//100 226//200
f 167//145 171//149 227//201
f 171//149 167//145 119//101
f 120//102 168//146 172//150
f 228//202 172//150 168//146
f 229//203 121//103 169//147
f 121//103 229//203 173//151
f 174//152 230//204 122//104
f 170//148 122//104 230//204
f 171//149 175//153 231//205
f 175//153 171//149 123//105
f 124//106 172//150 176//154
f 232//206 176//154 172//150
f 233//207 126//108 173//151
f 126//108 233//207 178//156
f 179//157 234//208 127//109
f 174//152 127//109 234//208
f 175//153 205//181 235//209
f 205//181 175//153 149//129
f 151//131 176//154 207//183
f 236//210 207//183 176//154
f 177//155 237//211 238//212
f 237//211 177//155 178//156
f 179//157 180//158 239//213
f 240//214 239//213 180//158
f 125//107 241//215 181//159
f 241//215 125//107 177//155
f 180//158 128//110 242//216
f 182//160 242//216 128//110
f 129//111 243//217 183//161
f 243//217 129//111 181//159
f 182//160 130//112 244//218
f 184//162 244//218 130//112
f 131//113 245//219 185//163
f 245//219 131//113 183//161
f 184//162 132//114 246//220
f 186//164 246//220 132//114
f 187//165 185//163 247//221
f 185//163 187//165 133//115
f 135//117 189//167 186//164
f 248//222 186//164 189//167
f 249//223 187//165 250//224
f 187//165 249//223 188//166
f 190//168 251//225 189//167
f 252//226 189//167 251//225
f 192//169 253//227 254//227
f 253//227 192//169 191//169
f 193//170 194//170 255//228
f 256//228 255//228 194//170
f 257//229 195//171 258//230
f 195//171 257//229 196//172
f 198//174 259//231 197//173
f 260//232 197//173 259//231
f 199//175 196//172 261//233
f 196//172 199//175 142//122
f 144//124 200//176 198//174
f 262//234 198//174 200//176
f 201//177 199//175 263//235
f 199//175 201//177 145//125
f 146//126 202//178 200//176
f 264//236 200//176 202//178
f 203//179 201//177 265//237
f 201//177 203//179 147//127
f 148//128 204//180 202//178
f 266//238 202//178 204//180
f 206//182 203//179 267//239
f 203//179 206//182 150//130
f 152//132 208//184 204//180
f 268//240 204//180 208//184
f 269//241 206//182 270//242
f 206//182 269//241 205//181
f 207//183 271//243 208//184
f 272//244 208//184 271//243
f 273//245 210//185 274//245
f 210//185 273//245 209//185
f 211//186 275//246 212//186
f 276//246 212//186 275//246
f 277//247 214//188 278//248
f 214//188 277//247 213//187
f 215//189 279//249 216//190
f 280//250 216//190 279//249
f 281//251 218//192 282//252
f 218//192 281//251 217//191
f 219//193 283//253 220//194
f 284//254 220//194 283//253
f 285//255 157//135 213//187
f 157//135 285//255 221//195
f 222//196 286//256 159//137
f 215//189 159//137 286//256
f 218//192 223//197 287//257
f 223//197 218//192 162//140
f 164//142 220//194 224//198
f 288//258 224//198 220//194
f 289//259 165//143 221//195
f 165//143 289//259 225//199
f 226//200 290//260 166//144
f 222//196 166//144 290//260
f 223//197 227//201 291//261
f 227//201 223//197 167//145
f 168//146 224//198 228//202
f 292//262 228//202 224//198
f 293//263 169//147 225//199
f 169//147 293//263 229//203
f 230//204 294//264 170//148
f 226//200 170//148 294//264
f 227//201 231//205 295//265
f 231//205 227//201 171//149
f 172//150 228//202 232//206
f 296//266 232//206 228//202
f 297//267 173//151 229//203
f 173//151 297//267 233//207
f 234//208 298//268 174//152
f 230//204 174//152 298//268
f 231//205 235//209 299//269
f 235//209 231//205 175//153
f 176//154 232//206 236//210
f 300//270 236//210 232//206
f 178//156 301//271 237//211
f 301//271 178//156 233//207
f 234//208 179//157 302//272
f 239//213 302//272 179//157
f 235//209 269//241 303//273
f 269//241 235//209 205//181
f 207//183 236//210 271//243
f 304//274 271//243 236//210
f 238//212 305//275 306//276
f 305//275 238//212 237//211
f 239//213 240//214 307//277
f 308//278 307//277 240//214
f 241//215 238//212 309//279
f 238//212 241//215 177//155
f 180//158 242//216 240//214
f 310//280 240//214 242//216
f 181//159 311//281 243//217
f 311//281 181//159 241//215
f 242//216 182//160 312//282
f 244//218 312//282 182//160
f 183//161 313//283 245//219
f 313//283 183//161 243//217
f 244//218 184//162 314//284
f 246//220 314//284 184//162
f 185//163 315//285 247//221
f 315//285 185//163 245//219
f 246//220 186//164 316//286
f 248//222 316//286 186//164
f 250//224 247//221 317//287
f 247//221 250//224 187//165
f 189//167 252//226 248//222
f 318//288 248//222 252//226
f 319//289 250//224 320//290
f 250//224 319//289 249//223
f 251//225 321//291 252//226
f 322//292 252//226 321//291
f 254//227 323//293 324//293
f 323//293 254//227 253//227
f 255//228 256//228 325//294
f 326//294 325//294 256//228
f 327//295 258//230 328//296
f 258//230 327//295 257//229
f 259//231 329//297 260//232
f 330//298 260//232 329//297
f 331//299 196//172 257//229
f 196//172 331//299 261//233
f 262//234 332//300 198//174
f 259//231 198//174 332//300
f 263//235 261//233 333//301
f 261//233 263//235 199//175
f 200//176 264//236 262//234
f 334//302 262//234 264//236
f 265//237 263//235 335//303
f 263//235 265//237 201//177
f 202//178 266//238 264//236
f 336//304 264//236 266//238
f 267//239 265//237 337//305
f 265//237 267//239 203//179
f 204//180 268//240 266//238
f 338//306 266//238 268//240
f 270//242 267//239 339//307
f 267//239 270//242 206//182
f 208//184 272//244 268//240
f 340//308 268//240 272//244
f 341//309 270//242 342//310
f 270//242 341//309 269//241
f 271//243 343//311 272//244
f 344//312 272//244 343//311
f 345//313 274//245 346//313
f 274//245 345//313 273//245
f 275//246 347//314 276//246
f 348//314 276//246 347//314
f 349//315 278//248 350//316
f 278//248 349//315 277//247
f 279//249 351//317 280//250
f 352//318 280//250 351//317
f 353//319 282//252 354//320
f 282//252 353//319 281//251
f 283//253 355//321 284//254
f 356//322 284//254 355//321
f 357//323 213//187 277//247
f 213//187 357//323 285//255
f 286//256 358//324 215//189
f 279//249 215//189 358//324
f 282//252 287//257 359//325
f 287//257 282//252 218//192
f 220//194 284//254 288//258
f 360//326 288//258 284//254
f 361//327 221//195 285//255
f 221//195 361//327 289//259
f 290//260 362//328 222//196
f 286//256 222//196 362//328
f 287//257 291//261 363//329
f 291//261 287//257 223//197
f 224//198 288//258 292//262
f 364//330 292//262 288//258
f 365//331 225//199 289//259
f 225//199 365//331 293//263
f 294//264 366//332 226//200
f 290//260 226//200 366//332
f 291//261 295//265 367//333
f 295//265 291//261 227//201
f 228//202 292//262 296//266
f 368//334 296//266 292//262
f 369//335 229//203 293//263
f 229//203 369//335 297//267
f 298//268 370//336 230//204
f 294//264 230//204 370//336
f 295//265 299//269 371//337
f 299//269 295//265 231//205
f 232//206 296//266 300//270
f 372//338 300//270 296//266
f 233//207 373//339 301//271
f 373//339 233//207 297//267
f 298//268 234//208 374//340
f 302//272 374//340 234//208
f 299//269 303//273 375//341
f 303//273 299//269 235//209
f 236//210 300//270 304//274
f 376//342 304//274 300//270
f 237//211 377//343 305//275
f 377//343 237//211 301//271
f 302//272 239//213 378//344
f 307//277 378//344 239//213
f 303//273 341//309 379//345
f 341//309 303//273 269//241
f 271//243 304//274 343//311
f 380//346 343//311 304//274
f 306//276 381//347 382//348
f 381//347 306//276 305//275
f 307//277 308//278 383//349
f 384//350 383//349 308//278
f 309//279 306//276 385//351
f 306//276 309//279 238//212
f 240//214 310//280 308//278
f 386//352 308//278 310//280
f 241//215 387//353 311//281
f 387//353 241//215 309//279
f 310//280 242//216 388//354
f 312//282 388//354 242//216
f 243//217 389//355 313//283
f 389//355 243//217 311//281
f 312//282 244//218 390//356
f 314//284 390//356 244//218
f 245//219 391//357 315//285
f 391//357 245//219 313//283
f 314//284 246//220 392//358
f 316//286 392//358 246//220
f 317//287 315//285 393//359
f 315//285 317//287 247//221
f 248//222 318//288 316//286
f 394//360 316//286 318//288
f 320//290 317//287 395//361
f 317//287 320//290 250//224
f 252//226 322//292 318//288
f 396//362 318//288 322//292
f 397//363 320//290 398//364
f 320//290 397//363 319//289
f 321//291 399//365 322//292
f 400//366 322//292 399//365
f 324//293 401//367 402//367
f 401//367 324//293 323//293
f 325//294 326//294 403//368
f 404//368 403//368 326//294
f 405//369 328//296 406//370
f 328//296 405//369 327//295
f 329//297 407//371 330//298
f 408//372 330//298 407//371
f 409//373 257//229 327//295
f 257//229 409//373 331//299
f 332//300 410//374 259//231
f 329//297 259//231 410//374
f 411//375 261//233 331//299
f 261//233 411//375 333//301
f 334//302 412//376 262//234
f 332//300 262//234 412//376
f 335//303 333//301 413//377
f 333//301 335//303 263//235
f 264//236 336//304 334//302
f 414//378 334//302 336//304
f 337//305 335//303 415//379
f 335//303 337//305 265//237
f 266//238 338//306 336//304
f 416//380 336//304 338//306
f 339//307 337//305 417//381
f 337//305 339//307 267//239
f 268//240 340//308 338//306
f 418//382 338//306 340//308
f 342//310 339//307 419//383
f 339//307 342//310 270//242
f 272//244 344//312 340//308
f 420//384 340//308 344//312
f 421//385 341//309 342//310
f 341//309 421//385 422//386
f 423//387 424//388 343//311
f 344//312 343//311 424//388
f 425//389 346//313 426//389
f 346//313 425//389 345//313
f 347//314 427//390 348//314
f 428//390 348//314 427//390
f 429//391 350//316 430//392
f 350//316 429//391 349//315
f 351//317 431//393 352//318
f 432//394 352//318 431//393
f 433//395 354//320 434//396
f 354//320 433//395 353//319
f 355//321 435//397 356//322
f 436//398 356//322 435//397
f 437//399 277//247 349//315
f 277//247 437//399 357//323
f 358//324 438//400 279//249
f 351//317 279//249 438//400
f 354//320 359//325 439//401
f 359//325 354//320 282//252
f 284//254 356//322 360//326
f 440//402 360//326 356//322
f 441//403 285//255 357//323
f 285//255 441//403 361//327
f 362//328 442//404 286//256
f 358//324 286//256 442//404
f 359//325 363//329 443//405
f 363//329 359//325 287//257
f 288//258 360//326 364//330
f 444//406 364//330 360//326
f 445//407 289//259 361//327
f 289//259 445//407 365//331
f 366//332 446//408 290//260
f 362//328 290//260 446//408
f 363//329 367//333 447//409
f 367//333 363//329 291//261
f 292//262 364//330 368//334
f 448//410 368//334 364//330
f 449//411 293//263 365//331
f 293//263 449//411 369//335
f 370//336 450//412 294//264
f 366//332 294//264 450//412
f 367//333 371//337 451//413
f 371//337 367//333 295//265
f 296//266 368//334 372//338
f 452//414 372//338 368//334
f 453//415 297//267 369//335
f 297//267 453//415 373//339
f 374//340 454//416 298//268
f 370//336 298//268 454//416
f 371//337 375//341 455//417
f 375//341 371//337 299//269
f 300//270 372//338 376//342
f 456//418 376//342 372//338
f 301//271 457//419 377//343
f 457//419 301//271 373//339
f 374//340 302//272 458//420
f 378//344 458//420 302//272
f 375//341 379//345 459//421
f 379//345 375//341 303//273
f 304//274 376//342 380//346
f 460//422 380//346 376//342
f 305//275 461//423 381//347
f 461//423 305//275 377//343
f 378//344 307//277 462//424
f 383//349 462//424 307//277
f 422//386 379//345 341//309
f 379//345 422//386 463//425
f 464//426 423//387 380//346
f 343//311 380//346 423//387
f 382//348 465//427 466//428
f 465//427 382//348 381//347
f 383//349 384//350 467//429
f 468//430 467//429 384//350
f 385//351 382//348 469//431
f 382//348 385//351 306//276
f 308//278 386//352 384//350
f 470//432 384//350 386//352
f 387//353 385//351 471//433
f 385//351 387//353 309//279
f 310//280 388//354 386//352
f 472//434 386//352 388//354
f 311//281 473//435 389//355
f 473//435 311//281 387//353
f 388//354 312//282 474//436
f 390//356 474//436 312//282
f 313//283 475//437 391//357
f 475//437 313//283 389//355
f 390//356 314//284 476//438
f 392//358 476//438 314//284
f 393//359 391//357 477//439
f 391//357 393//359 315//285
f 316//286 394//360 392//358
f 478//440 392//358 394//360
f 395//361 393//359 479//441
f 393//359 395//361 317//287
f 318//288 396//362 394//360
f 480//442 394//360 396//362
f 398//364 395//361 481//443
f 395//361 398//364 320//290
f 322//292 400//366 396//362
f 482//444 396//362 400//366
f 483//445 398//364 484//446
f 398//364 483//445 397//363
f 399//365 485//447 400//366
f 486//448 400//366 485//447
f 402//367 487//449 488//449
f 487//449 402//367 401//367
f 403//368 404//368 489//450
f 490//450 489//450 404//368
f 491//451 406//370 492//452
f 406//370 491//451 405//369
f 407//371 493//453 408//372
f 494//454 408//372 493//453
f 495//455 327//295 405//369
f 327//295 495//455 409//373
f 410//374 496//456 329//297
f 407//371 329//297 496//456
f 497//457 331//299 409//373
f 331//299 497//457 411//375
f 412//376 498//458 332//300
f 410//374 332//300 498//458
f 499//459 333//301 411//375
f 333//301 499//459 413//377
f 414//378 500//460 334//302
f 412//376 334//302 500//460
f 415//379 413//377 501//461
f 413//377 415//379 335//303
f 336//304 416//380 414//378
f 502//462 414//378 416//380
f 417//381 415//379 503//463
f 415//379 417//381 337//305
f 338//306 418//382 416//380
f 504//464 416//380 418//382
f 419//383 417//381 505//465
f 417//381 419//383 339//307
f 340//308 420//384 418//382
f 506//466 418//382 420//384
f 507//467 342//310 419//383
f 342//310 507//467 421//385
f 424//388 508//468 344//312
f 420//384 344//312 508//468
f 509//469 422//386 421//385
f 422//386 509//469 510//470
f 511//471 512//472 423//387
f 424//388 423//387 512//472
f 513//450 426//389 514//450
f 426//389 513//450 425//389
f 427//390 515//449 428//390
f 516//449 428//390 515//449
f 517//473 430//392 518//474
f 430//392 517//473 429//391
f 431//393 519//475 432//394
f 520//476 432//394 519//475
f 521//477 434//396 522//478
f 434//396 521//477 433//395
f 435//397 523//479 436//398
f 524//480 436//398 523//479
f 525//481 349//315 429//391
f 349//315 525//481 437//399
f 438//400 526//482 351//317
f 431//393 351//317 526//482
f 434//396 439//401 527//483
f 439//401 434//396 354//320
f 356//322 436//398 440//402
f 528//484 440//402 436//398
f 529//485 357//323 437//399
f 357//323 529//485 441//403
f 442//404 530//486 358//324
f 438//400 358//324 530//486
f 439//401 443//405 531//487
f 443//405 439//401 359//325
f 360//326 440//402 444//406
f 532//488 444//406 440//402
f 533//489 361//327 441//403
f 361//327 533//489 445//407
f 446//408 534//490 362//328
f 442//404 362//328 534//490
f 443//405 447//409 535//491
f 447//409 443//405 363//329
f 364//330 444//406 448//410
f 536//492 448//410 444//406
f 537//493 365//331 445//407
f 365//331 537//493 449//411
f 450//412 538//494 366//332
f 446//408 366//332 538//494
f 447//409 451//413 539//495
f 451//413 447//409 367//333
f 368//334 448//410 452//414
f 540//496 452//414 448//410
f 541//497 369//335 449//411
f 369//335 541//497 453//415
f 454//416 542//498 370//336
f 450//412 370//336 542//498
f 451//413 455//417 543//499
f 455//417 451//413 371//337
f 372//338 452//414 456//418
f 544//500 456//418 452//414
f 373//339 545//501 457//419
f 545//501 373//339 453//415
f 454//416 374//340 546//502
f 458//420 546//502 374//340
f 455//417 459//421 547//503
f 459//421 455//417 375//341
f 376//342 456//418 460//422
f 548//504 460//422 456//418
f 377//343 549//505 461//423
f 549//505 377//343 457//419
f 458//420 378//344 550//506
f 462//424 550//506 378//344
f 463//425 459//421 379//345
f 459//421 463//425 551//507
f 552//508 464//426 460//422
f 380//346 460//422 464//426
f 381//347 553//509 465//427
f 553//509 381//347 461//423
f 462//424 383//349 554//510
f 467//429 554//510 383//349
f 510//470 463//425 422//386
f 463//425 510//470 555//511
f 556//512 511//471 464//426
f 423//387 464//426 511//471
f 466//428 557//513 558//514
f 557//513 466//428 465//427
f 467//429 468//430 559//515
f 560//516 559//515 468//430
f 469//431 466//428 561//517
f 466//428 469//431 382//348
f 384//350 470//432 468//430
f 562//518 468//430 470//432
f 471//433 469//431 563//519
f 469//431 471//433 385//351
f 386//352 472//434 470//432
f 564//520 470//432 472//434
f 473//435 471//433 565//521
f 471//433 473//435 387//353
f 388//354 474//436 472//434
f 566//522 472//434 474//436
f 389//355 567//523 475//437
f 567//523 389//355 473//435
f 474//436 390//356 568//524
f 476//438 568//524 390//356
f 477//439 475//437 569//525
f 475//437 477//439 391//357
f 392//358 478//440 476//438
f 570//526 476//438 478//440
f 479//441 477//439 571//527
f 477//439 479//441 393//359
f 394//360 480//442 478//440
f 572//528 478//440 480//442
f 481//443 479//441 573//529
f 479//441 481//443 395//361
f 396//362 482//444 480//442
f 574//530 480//442 482//444
f 484//446 481//443 575//531
f 481//443 484//446 398//364
f 400//366 486//448 482//444
f 576//532 482//444 486//448
f 577//533 484//446 578//534
f 484//446 577//533 483//445
f 485//447 579//535 486//448
f 580//536 486//448 579//535
f 487//449 581//390 488//449
f 581//390 487//449 582//390
f 583//389 489//450 584//389
f 490//450 584//389 489//450
f 585//537 492//452 586//538
f 492//452 585//537 491//451
f 493//453 587//539 494//454
f 588//540 494//454 587//539
f 589//541 405//369 491//451
f 405//369 589//541 495//455
f 496//456 590//542 407//371
f 493//453 407//371 590//542
f 591//543 409//373 495//455
f 409//373 591//543 497//457
f 498//458 592//544 410//374
f 496//456 410//374 592//544
f 593//545 411//375 497//457
f 411//375 593//545 499//459
f 500//460 594//546 412//376
f 498//458 412//376 594//546
f 595//547 413//377 499//459
f 413//377 595//547 501//461
f 502//462 596//548 414//378
f 500//460 414//378 596//548
f 503//463 501//461 597//549
f 501//461 503//463 415//379
f 416//380 504//464 502//462
f 598//550 502//462 504//464
f 505//465 503//463 599//551
f 503//463 505//465 417//381
f 418//382 506//466 504//464
f 600//552 504//464 506//466
f 601//553 419//383 505//465
f 419//383 601//553 507//467
f 508//468 602//554 420//384
f 506//466 420//384 602//554
f 603//555 421//385 507//467
f 421//385 603//555 509//469
f 512//472 604//556 424//388
f 508//468 424//388 604//556
f 605//557 510//470 509//469
f 510//470 605//557 606//558
f 607//559 608//560 511//471
f 512//472 511//471 608//560
f 513//450 609//368 610//368
f 609//368 513//450 514//450
f 516//449 515//449 611//367
f 612//367 611//367 515//449
f 613//561 518//474 614//562
f 518//474 613//561 517//473
f 519//475 615//563 520//476
f 616//564 520//476 615//563
f 617//565 522//478 618//566
f 522//478 617//565 521//477
f 523//479 619//567 524//480
f 620//568 524//480 619//567
f 621//569 429//391 517//473
f 429//391 621//569 525//481
f 526//482 622//570 431//393
f 519//475 431//393 622//570
f 522//478 527//483 623//571
f 527//483 522//478 434//396
f 436//398 524//480 528//484
f 624//572 528//484 524//480
f 625//573 437//399 525//481
f 437//399 625//573 529//485
f 530//486 626//574 438//400
f 526//482 438//400 626//574
f 527//483 531//487 627//575
f 531//487 527//483 439//401
f 440//402 528//484 532//488
f 628//576 532//488 528//484
f 629//577 441//403 529//485
f 441//403 629//577 533//489
f 534//490 630//578 442//404
f 530//486 442//404 630//578
f 531//487 535//491 631//579
f 535//491 531//487 443//405
f 444//406 532//488 536//492
f 632//580 536//492 532//488
f 633//581 445//407 533//489
f 445//407 633//581 537//493
f 538//494 634//582 446//408
f 534//490 446//408 634//582
f 535//491 539//495 635//583
f 539//495 535//491 447//409
f 448//410 536//492 540//496
f 636//584 540//496 536//492
f 637//585 449//411 537//493
f 449//411 637//585 541//497
f 542//498 638//586 450//412
f 538//494 450//412 638//586
f 539//495 543//499 639//587
f 543//499 539//495 451//413
f 452//414 540//496 544//500
f 640//588 544//500 540//496
f 453//415 641//589 545//501
f 641//589 453//415 541//497
f 542//498 454//416 642//590
f 546//502 642//590 454//416
f 543//499 547//503 643//591
f 547//503 543//499 455//417
f 456//418 544//500 548//504
f 644//592 548//504 544//500
f 457//419 645//593 549//505
f 645//593 457//419 545//501
f 546//502 458//420 646//594
f 550//506 646//594 458//420
f 551//507 547//503 459//421
f 547//503 551//507 647//595
f 648//596 552//508 548//504
f 460//422 548//504 552//508
f 461//423 649//597 553//509
f 649//597 461//423 549//505
f 550//506 462//424 650//598
f 554//510 650//598 462//424
f 555//511 551//507 463//425
f 551//507 555//511 651//599
f 652//600 556//512 552//508
f 464//426 552//508 556//512
f 465//427 653//601 557//513
f 653//601 465//427 553//509
f 554//510 467//429 654//602
f 559//515 654//602 467//429
f 606//558 555//511 510//470
f 555//511 606//558 655//603
f 656//604 607//559 556//512
f 511//471 556//512 607//559
f 558//514 657//605 658//606
f 657//605 558//514 557//513
f 559//515 560//516 659//607
f 660//608 659//607 560//516
f 561//517 558//514 661//609
f 558//514 561//517 466//428
f 468//430 562//518 560//516
f 662//610 560//516 562//518
f 563//519 561//517 663//611
f 561//517 563//519 469//431
f 470//432 564//520 562//518
f 664//612 562//518 564//520
f 565//521 563//519 665//613
f 563//519 565//521 471//433
f 472//434 566//522 564//520
f 666//614 564//520 566//522
f 567//523 565//521 667//615
f 565//521 567//523 473//435
f 474//436 568//524 566//522
f 668//616 566//522 568//524
f 569//525 567//523 669//617
f 567//523 569//525 475//437
f 476//438 570//526 568//524
f 670//618 568//524 570//526
f 571//527 569//525 671//619
f 569//525 571//527 477//439
f 478//440 572//528 570//526
f 672//620 570//526 572//528
f 573//529 571//527 673//621
f 571//527 573//529 479//441
f 480//442 574//530 572//528
f 674//622 572//528 574//530
f 575//531 573//529 675//623
f 573//529 575//531 481//443
f 482//444 576//532 574//530
f 676//624 574//530 576//532
f 578//534 575//531 677//625
f 575//531 578//534 484//446
f 486//448 580//536 576//532
f 678//626 576//532 580//536
f 578//534 679//627 577//533
f 679//627 578//534 680//628
f 681//629 580//536 682//630
f 579//535 682//630 580//536
f 582//390 683//314 581//390
f 683//314 582//390 684//314
f 685//313 583//389 686//313
f 584//389 686//313 583//389
f 586//538 687//631 585//537
f 687//631 586//538 688//632
f 689//633 588//540 690//634
f 587//539 690//634 588//540
f 691//635 491//451 585//537
f 491//451 691//635 589//541
f 590//542 692//636 493//453
f 587//539 493//453 692//636
f 693//637 495//455 589//541
f 495//455 693//637 591//543
f 592//544 694//638 496//456
f 590//542 496//456 694//638
f 695//639 497//457 591//543
f 497//457 695//639 593//545
f 594//546 696//640 498//458
f 592//544 498//458 696//640
f 697//641 499//459 593//545
f 499//459 697//641 595//547
f 596//548 698//642 500//460
f 594//546 500//460 698//642
f 699//643 501//461 595//547
f 501//461 699//643 597//549
f 598//550 700//644 502//462
f 596//548 502//462 700//644
f 599//551 597//549 701//645
f 597//549 599//551 503//463
f 504//464 600//552 598//550
f 702//646 598//550 600//552
f 703//647 505//465 599//551
f 505//465 703//647 601//553
f 602//554 704//648 506//466
f 600//552 506//466 704//648
f 705//649 507//467 601//553
f 507//467 705//649 603//555
f 604//556 706//650 508//468
f 602//554 508//468 706//650
f 707//651 509//469 603//555
f 509//469 707//651 605//557
f 608//560 708//652 512//472
f 604//556 512//472 708//652
f 709//653 606//558 605//557
f 606//558 709//653 710//654
f 711//655 712//656 607//559
f 608//560 607//559 712//656
f 610//368 713//294 714//294
f 713//294 610//368 609//368
f 611//367 612//367 715//293
f 716//293 715//293 612//367
f 717//657 614//562 718//658
f 614//562 717//657 613//561
f 615//563 719//659 616//564
f 720//660 616//564 719//659
f 721//661 618//566 722//662
f 618//566 721//661 617//565
f 619//567 723//663 620//568
f 724//664 620//568 723//663
f 725//665 517//473 613//561
f 517//473 725//665 621//569
f 622//570 726//666 519//475
f 615//563 519//475 726//666
f 618//566 623//571 727//667
f 623//571 618//566 522//478
f 524//480 620//568 624//572
f 728//668 624//572 620//568
f 729//669 525//481 621//569
f 525//481 729//669 625//573
f 626//574 730//670 526//482
f 622//570 526//482 730//670
f 623//571 627//575 731//671
f 627//575 623//571 527//483
f 528//484 624//572 628//576
f 732//672 628//576 624//572
f 733//673 529//485 625//573
f 529//485 733//673 629//577
f 630//578 734//674 530//486
f 626//574 530//486 734//674
f 627//575 631//579 735//675
f 631//579 627//575 531//487
f 532//488 628//576 632//580
f 736//676 632//580 628//576
f 737//677 533//489 629//577
f 533//489 737//677 633//581
f 634//582 738//678 534//490
f 630//578 534//490 738//678
f 631//579 635//583 739//679
f 635//583 631//579 535//491
f 536//492 632//580 636//584
f 740//680 636//584 632//580
f 741//681 537//493 633//581
f 537//493 741//681 637//585
f 638//586 742//682 538//494
f 634//582 538//494 742//682
f 635//583 639//587 743//683
f 639//587 635//583 539//495
f 540//496 636//584 640//588
f 744//684 640//588 636//584
f 541//497 745//685 641//589
f 745//685 541//497 637//585
f 638//586 542//498 746//686
f 642//590 746//686 542//498
f 639//587 643//591 747//687
f 643//591 639//587 543//499
f 544//500 640//588 644//592
f 748//688 644//592 640//588
f 545//501 749//689 645//593
f 749//689 545//501 641//589
f 642//590 546//502 750//690
f 646//594 750//690 546//502
f 647//595 643//591 547//503
f 643//591 647//595 751//691
f 752//692 648//596 644//592
f 548//504 644//592 648//596
f 549//505 753//693 649//597
f 753//693 549//505 645//593
f 646//594 550//506 754//694
f 650//598 754//694 550//506
f 651//599 647//595 551//507
f 647//595 651//599 755//695
f 756//696 652//600 648//596
f 552//508 648//596 652//600
f 553//509 757//697 653//601
f 757//697 553//509 649//597
f 650//598 554//510 758//698
f 654//602 758//698 554//510
f 655//603 651//599 555//511
f 651//599 655//603 759//699
f 760//700 656//604 652//600
f 556//512 652//600 656//604
f 557//513 761//701 657//605
f 761//701 557//513 653//601
f 654//602 559//515 762//702
f 659//607 762//702 559//515
f 710//654 655//603 606//558
f 655//603 710//654 763//703
f 764//704 711//655 656//604
f 607//559 656//604 711//655
f 658//606 765//705 766//706
f 765//705 658//606 657//605
f 659//607 660//608 767//707
f 768//708 767//707 660//608
f 661//609 658//606 769//709
f 658//606 661//609 558//514
f 560//516 662//610 660//608
f 770//710 660//608 662//610
f 663//611 661//609 771//711
f 661//609 663//611 561//517
f 562//518 664//612 662//610
f 772//712 662//610 664//612
f 665//613 663//611 773//713
f 663//611 665//613 563//519
f 564//520 666//614 664//612
f 774//714 664//612 666//614
f 667//615 665//613 775//715
f 665//613 667//615 565//521
f 566//522 668//616 666//614
f 776//716 666//614 668//616
f 777//717 567//523 667//615
f 567//523 777//717 669//617
f 670//618 778//718 568//524
f 668//616 568//524 778//718
f 671//619 669//617 779//719
f 669//617 671//619 569//525
f 570//526 672//620 670//618
f 780//720 670//618 672//620
f 673//621 671//619 781//721
f 671//619 673//621 571//527
f 572//528 674//622 672//620
f 782//722 672//620 674//622
f 675//623 673//621 783//723
f 673//621 675//623 573//529
f 574//530 676//624 674//622
f 784//724 674//622 676//624
f 677//625 675//623 785//725
f 675//623 677//625 575//531
f 576//532 678//626 676//624
f 786//726 676//624 678//626
f 677//625 680//628 578//534
f 680//628 677//625 787//727
f 788//728 678//626 681//629
f 580//536 681//629 678//626
f 680//628 789//729 679//627
f 789//729 680//628 790//730
f 791//731 681//629 792//732
f 682//630 792//732 681//629
f 684//314 793//246 683//314
f 793//246 684//314 794//246
f 795//245 685//313 796//245
f 686//313 796//245 685//313
f 688//632 797//733 687//631
f 797//733 688//632 798//734
f 799//735 689//633 800//736
f 690//634 800//736 689//633
f 585//537 801//737 691//635
f 801//737 585//537 687//631
f 690//634 587//539 802//738
f 692//636 802//738 587//539
f 803//739 589//541 691//635
f 589//541 803//739 693//637
f 694//638 804//740 590//542
f 692//636 590//542 804//740
f 805//741 591//543 693//637
f 591//543 805//741 695//639
f 696//640 806//742 592//544
f 694//638 592//544 806//742
f 807//743 593//545 695//639
f 593//545 807//743 697//641
f 698//642 808//744 594//546
f 696//640 594//546 808//744
f 809//745 595//547 697//641
f 595//547 809//745 699//643
f 700//644 810//746 596//548
f 698//642 596//548 810//746
f 811//747 597//549 699//643
f 597//549 811//747 701//645
f 702//646 812//748 598//550
f 700//644 598//550 812//748
f 813//749 599//551 701//645
f 599//551 813//749 703//647
f 704//648 814//750 600//552
f 702//646 600//552 814//750
f 815//751 601//553 703//647
f 601//553 815//751 705//649
f 706//650 816//752 602//554
f 704//648 602//554 816//752
f 817//753 603//555 705//649
f 603//555 817//753 707//651
f 708//652 818//754 604//556
f 706//650 604//556 818//754
f 819//755 605//557 707//651
f 605//557 819//755 709//653
f 712//656 820//756 608//560
f 708//652 608//560 820//756
f 821//757 710//654 709//653
f 710//654 821//757 822//758
f 823//759 824//760 711//655
f 712//656 711//655 824//760
f 714//294 825//228 826//228
f 825//228 714//294 713//294
f 715//293 716//293 827//227
f 828//227 827//227 716//293
f 829//761 718//658 830//762
f 718//658 829//761 717//657
f 719//659 831//763 720//660
f 832//764 720//660 831//763
f 833//765 722//662 834//766
f 722//662 833//765 721//661
f 723//663 835//767 724//664
f 836//768 724//664 835//767
f 837//769 613//561 717//657
f 613//561 837//769 725//665
f 726//666 838//770 615//563
f 719//659 615//563 838//770
f 722//662 727//667 839//771
f 727//667 722//662 618//566
f 620//568 724//664 728//668
f 840//772 728//668 724//664
f 841//773 621//569 725//665
f 621//569 841//773 729//669
f 730//670 842//774 622//570
f 726//666 622//570 842//774
f 727//667 731//671 843//775
f 731//671 727//667 623//571
f 624//572 728//668 732//672
f 844//776 732//672 728//668
f 845//777 625//573 729//669
f 625//573 845//777 733//673
f 734//674 846//778 626//574
f 730//670 626//574 846//778
f 731//671 735//675 847//779
f 735//675 731//671 627//575
f 628//576 732//672 736//676
f 848//780 736//676 732//672
f 849//781 629//577 733//673
f 629//577 849//781 737//677
f 738//678 850//782 630//578
f 734//674 630//578 850//782
f 735//675 739//679 851//783
f 739//679 735//675 631//579
f 632//580 736//676 740//680
f 852//784 740//680 736//676
f 853//785 633//581 737//677
f 633//581 853//785 741//681
f 742//682 854//786 634//582
f 738//678 634//582 854//786
f 739//679 743//683 855//787
f 743//683 739//679 635//583
f 636//584 740//680 744//684
f 856//788 744//684 740//680
f 741//681 745//685 637//585
f 745//685 741//681 857//789
f 858//790 742//682 746//686
f 638//586 746//686 742//682
f 743//683 747//687 859//791
f 747//687 743//683 639//587
f 640//588 744//684 748//688
f 860//792 748//688 744//684
f 641//589 861//793 749//689
f 861//793 641//589 745//685
f 746//686 642//590 862//794
f 750//690 862//794 642//590
f 751//691 747//687 643//591
f 747//687 751//691 863//795
f 864//796 752//692 748//688
f 644//592 748//688 752//692
f 645//593 865//797 753//693
f 865//797 645//593 749//689
f 750//690 646//594 866//798
f 754//694 866//798 646//594
f 755//695 751//691 647//595
f 751//691 755//695 867//799
f 868//800 756//696 752//692
f 648//596 752//692 756//696
f 649//597 869//801 757//697
f 869//801 649//597 753//693
f 754//694 650//598 870//802
f 758//698 870//802 650//598
f 759//699 755//695 651//599
f 755//695 759//699 871//803
f 872//804 760//700 756//696
f 652//600 756//696 760//700
f 653//601 873//805 761//701
f 873//805 653//601 757//697
f 758//698 654//602 874//806
f 762//702 874//806 654//602
f 763//703 759//699 655//603
f 759//699 763//703 875//807
f 876//808 764//704 760//700
f 656//604 760//700 764//704
f 657//605 877//809 765//705
f 877//809 657//605 761//701
f 762//702 659//607 878//810
f 767//707 878//810 659//607
f 822//758 763//703 710//654
f 763//703 822//758 879//811
f 880//812 823//759 764//704
f 711//655 764//704 823//759
f 769//709 766//706 881//813
f 766//706 769//709 658//606
f 660//608 770//710 768//708
f 882//814 768//708 770//710
f 771//711 769//709 883//815
f 769//709 771//711 661//609
f 662//610 772//712 770//710
f 884//816 770//710 772//712
f 773//713 771//711 885//817
f 771//711 773//713 663//611
f 664//612 774//714 772//712
f 886//818 772//712 774//714
f 775//715 773//713 887//819
f 773//713 775//715 665//613
f 666//614 776//716 774//714
f 888//820 774//714 776//716
f 889//821 667//615 775//715
f 667//615 889//821 777//717
f 778//718 890//822 668//616
f 776//716 668//616 890//822
f 891//823 669//617 777//717
f 669//617 891//823 779//719
f 780//720 892//824 670//618
f 778//718 670//618 892//824
f 781//721 779//719 893//825
f 779//719 781//721 671//619
f 672//620 782//722 780//720
f 894//826 780//720 782//722
f 783//723 781//721 895//827
f 781//721 783//723 673//621
f 674//622 784//724 782//722
f 896//828 782//722 784//724
f 785//725 783//723 897//829
f 783//723 785//725 675//623
f 676//624 786//726 784//724
f 898//830 784//724 786//726
f 785//725 787//727 677//625
f 787//727 785//725 899//831
f 900//832 786//726 788//728
f 678//626 788//728 786//726
f 787//727 790//730 680//628
f 790//730 787//727 901//833
f 902//834 788//728 791//731
f 681//629 791//731 788//728
f 790//730 903//835 789//729
f 903//835 790//730 904//836
f 905//837 791//731 906//838
f 792//732 906//838 791//731
f 794//246 907//186 793//246
f 907//186 794//246 908//186
f 909//185 795//245 910//185
f 796//245 910//185 795//245
f 798//734 911//839 797//733
f 911//839 798//734 912//840
f 913//841 799//735 914//842
f 800//736 914//842 799//735
f 687//631 915//843 801//737
f 915//843 687//631 797//733
f 800//736 690//634 916//844
f 802//738 916//844 690//634
f 691//635 917//845 803//739
f 917//845 691//635 801//737
f 802//738 692//636 918//846
f 804//740 918//846 692//636
f 919//847 693//637 803//739
f 693//637 919//847 805//741
f 806//742 920//848 694//638
f 804//740 694//638 920//848
f 921//849 695//639 805//741
f 695//639 921//849 807//743
f 808//744 922//850 696//640
f 806//742 696//640 922//850
f 923//851 697//641 807//743
f 697//641 923//851 809//745
f 810//746 924//852 698//642
f 808//744 698//642 924//852
f 925//853 699//643 809//745
f 699//643 925//853 811//747
f 812//748 926//854 700//644
f 810//746 700//644 926//854
f 811//747 813//749 701//645
f 813//749 811//747 927//855
f 928//856 812//748 814//750
f 702//646 814//750 812//748
f 929//857 703//647 813//749
f 703//647 929//857 815//751
f 816//752 930//858 704//648
f 814//750 704//648 930//858
f 931//859 705//649 815//751
f 705//649 931//859 817//753
f 818//754 932//860 706//650
f 816//752 706//650 932//860
f 933//861 707//651 817//753
f 707//651 933//861 819//755
f 820//756 934//862 708//652
f 818//754 708//652 934//862
f 935//863 709//653 819//755
f 709//653 935//863 821//757
f 824//760 936//864 712//656
f 820//756 712//656 936//864
f 937//865 938//865 939//865
f 938//865 937//865 940//865
f 938//865 940//865 941//865
f 941//865 940//865 942//865
f 941//865 942//865 943//865
f 943//865 942//865 944//865
f 943//865 944//865 945//865
f 945//865 944//865 946//865
f 945//865 946//865 947//865
f 947//865 946//865 948//865
f 947//865 948//865 949//865
f 949//865 948//865 950//865
f 949//865 950//865 951//865
f 951//865 950//865 952//865
f 951//865 952//865 953//865
f 953//865 952//865 954//865
f 953//865 954//865 955//865
f 955//865 954//865 956//865
f 955//865 956//865 957//865
f 957//865 956//865 958//865
f 957//865 958//865 959//865
f 959//865 958//865 960//865
f 959//865 960//865 961//865
f 961//865 960//865 962//865
f 961//865 962//865 963//865
f 963//865 962//865 964//865
f 963//865 964//865 965//865
f 965//865 964//865 966//865
f 965//865 966//865 967//865
f 967//865 966//865 968//865
f 967//865 968//865 969//865
f 969//865 968//865 970//865
f 969//865 970//865 971//865
f 971//865 970//865 972//865
f 971//865 972//865 973//865
f 973//865 972//865 974//865
f 973//865 974//865 975//865
f 975//865 974//865 976//865
f 977//866 978//866 979//866
f 979//866 978//866 980//866
f 978//866 981//866 980//866
f 980//866 981//866 982//866
f 981//866 983//866 982//866
f 982//866 983//866 984//866
f 983//866 985//866 984//866
f 984//866 985//866 986//866
f 985//866 987//866 986//866
f 986//866 987//866 988//866
f 987//866 989//866 988//866
f 988//866 989//866 990//866
f 989//866 991//866 990//866
f 990//866 991//866 992//866
f 991//866 993//866 992//866
f 992//866 993//866 994//866
f 993//866 995//866 994//866
f 994//866 995//866 996//866
f 995//866 997//866 996//866
f 996//866 997//866 998//866
f 997//866 999//866 998//866
f 998//866 999//866 1000//866
f 999//866 1001//866 1000//866
f 1000//866 1001//866 1002//866
f 1001//866 1003//866 1002//866
f 1002//866 1003//866 1004//866
f 1003//866 1005//866 1004//866
f 1004//866 1005//866 1006//866
f 1005//866 1007//866 1006//866
f 1006//866 1007//866 1008//866
f 1007//866 1009//866 1008//866
f 1008//866 1009//866 1010//866
f 1009//866 1011//866 1010//866
f 1010//866 1011//866 1012//866
f 1011//866 1013//866 1012//866
f 1012//866 1013//866 1014//866
f 1013//866 1015//866 1014//866
f 1016//866 1014//866 1015//866
f 1017//170 825//228 1018//170
f 825//228 1017//170 826//228
f 828//227 1019//169 827//227
f 1020//169 827//227 1019//169
f 1021//867 830//762 1022//868
f 830//762 1021//867 829//761
f 831//763 1023//869 832//764
f 1024//870 832//764 1023//869
f 1025//871 834//766 1026//872
f 834//766 1025//871 833//765
f 835//767 1027//873 836//768
f 1028//874 836//768 1027//873
f 1029//875 717//657 829//761
f 717//657 1029//875 837//769
f 838//770 1030//876 719//659
f 831//763 719//659 1030//876
f 834//766 839//771 1031//877
f 839//771 834//766 722//662
f 724//664 836//768 840//772
f 1032//878 840//772 836//768
f 1033//879 725//665 837//769
f 725//665 1033//879 841//773
f 842//774 1034//880 726//666
f 838//770 726//666 1034//880
f 839//771 843//775 1035//881
f 843//775 839//771 727//667
f 728//668 840//772 844//776
f 1036//882 844//776 840//772
f 1037//883 729//669 841//773
f 729//669 1037//883 845//777
f 846//778 1038//884 730//670
f 842//774 730//670 1038//884
f 843//775 847//779 1039//885
f 847//779 843//775 731//671
f 732//672 844//776 848//780
f 1040//886 848//780 844//776
f 1041//887 733//673 845//777
f 733//673 1041//887 849//781
f 850//782 1042//888 734//674
f 846//778 734//674 1042//888
f 847//779 851//783 1043//889
f 851//783 847//779 735//675
f 736//676 848//780 852//784
f 1044//890 852//784 848//780
f 1045//891 737//677 849//781
f 737//677 1045//891 853//785
f 854//786 1046//892 738//678
f 850//782 738//678 1046//892
f 851//783 855//787 1047//893
f 855//787 851//783 739//679
f 740//680 852//784 856//788
f 1048//894 856//788 852//784
f 853//785 857//789 741//681
f 857//789 853//785 1049//895
f 1050//896 854//786 858//790
f 742//682 858//790 854//786
f 855//787 859//791 1051//897
f 859//791 855//787 743//683
f 744//684 856//788 860//792
f 1052//898 860//792 856//788
f 857//789 861//793 745//685
f 861//793 857//789 1053//899
f 1054//900 858//790 862//794
f 746//686 862//794 858//790
f 1055//901 747//687 863//795
f 747//687 1055//901 859//791
f 860//792 1056//902 748//688
f 864//796 748//688 1056//902
f 749//689 1057//903 865//797
f 1057//903 749//689 861//793
f 862//794 750//690 1058//904
f 866//798 1058//904 750//690
f 867//799 863//795 751//691
f 863//795 867//799 1059//905
f 1060//906 868//800 864//796
f 752//692 864//796 868//800
f 753//693 1061//907 869//801
f 1061//907 753//693 865//797
f 866//798 754//694 1062//908
f 870//802 1062//908 754//694
f 871//803 867//799 755//695
f 867//799 871//803 1063//909
f 1064//910 872//804 868//800
f 756//696 868//800 872//804
f 757//697 1065//911 873//805
f 1065//911 757//697 869//801
f 870//802 758//698 1066//912
f 874//806 1066//912 758//698
f 875//807 871//803 759//699
f 871//803 875//807 1067//913
f 1068//914 876//808 872//804
f 760//700 872//804 876//808
f 761//701 1069//915 877//809
f 1069//915 761//701 873//805
f 874//806 762//702 1070//916
f 878//810 1070//916 762//702
f 879//811 875//807 763//703
f 875//807 879//811 1071//917
f 1072//918 880//812 876//808
f 764//704 876//808 880//812
f 883//815 881//813 1073//919
f 881//813 883//815 769//709
f 770//710 884//816 882//814
f 1074//920 882//814 884//816
f 885//817 883//815 1075//921
f 883//815 885//817 771//711
f 772//712 886//818 884//816
f 1076//922 884//816 886//818
f 887//819 885//817 1077//923
f 885//817 887//819 773//713
f 774//714 888//820 886//818
f 1078//924 886//818 888//820
f 1079//925 775//715 887//819
f 775//715 1079//925 889//821
f 890//822 1080//926 776//716
f 888//820 776//716 1080//926
f 1081//927 777//717 889//821
f 777//717 1081//927 891//823
f 892//824 1082//928 778//718
f 890//822 778//718 1082//928
f 1083//929 779//719 891//823
f 779//719 1083//929 893//825
f 894//826 1084//930 780//720
f 892//824 780//720 1084//930
f 1085//931 781//721 893//825
f 781//721 1085//931 895//827
f 896//828 1086//932 782//722
f 894//826 782//722 1086//932
f 897//829 895//827 1087//933
f 895//827 897//829 783//723
f 784//724 898//830 896//828
f 1088//934 896//828 898//830
f 897//829 899//831 785//725
f 899//831 897//829 1089//935
f 1090//936 898//830 900//832
f 786//726 900//832 898//830
f 899//831 901//833 787//727
f 901//833 899//831 1091//937
f 1092//938 900//832 902//834
f 788//728 902//834 900//832
f 901//833 904//836 790//730
f 904//836 901//833 1093//939
f 1094//940 902//834 905//837
f 791//731 905//837 902//834
f 904//836 1095//941 903//835
f 1095//941 904//836 1096//942
f 1097//943 905//837 1098//944
f 906//838 1098//944 905//837
f 908//186 1099//134 907//186
f 1099//134 908//186 1100//134
f 1101//133 909//185 1102//133
f 910//185 1102//133 909//185
f 912//840 1103//945 911//839
f 1103//945 912//840 1104//946
f 1105//947 913//841 1106//948
f 914//842 1106//948 913//841
f 797//733 1107//949 915//843
f 1107//949 797//733 911//839
f 914//842 800//736 1108//950
f 916//844 1108//950 800//736
f 801//737 1109//951 917//845
f 1109//951 801//737 915//843
f 916//844 802//738 1110//952
f 918//846 1110//952 802//738
f 803//739 1111//953 919//847
f 1111//953 803//739 917//845
f 918//846 804//740 1112//954
f 920//848 1112//954 804//740
f 1113//955 805//741 919//847
f 805//741 1113//955 921//849
f 922//850 1114//956 806//742
f 920//848 806//742 1114//956
f 1115//957 807//743 921//849
f 807//743 1115//957 923//851
f 924//852 1116//958 808//744
f 922//850 808//744 1116//958
f 1117//959 809//745 923//851
f 809//745 1117//959 925//853
f 926//854 1118//960 810//746
f 924//852 810//746 1118//960
f 925//853 927//855 811//747
f 927//855 925//853 1119//961
f 1120//962 926//854 928//856
f 812//748 928//856 926//854
f 927//855 929//857 813//749
f 929//857 927//855 1121//963
f 1122//964 928//856 930//858
f 814//750 930//858 928//856
f 1123//965 815//751 929//857
f 815//751 1123//965 931//859
f 932//860 1124//966 816//752
f 930//858 816//752 1124//966
f 1125//967 817//753 931//859
f 817//753 1125//967 933//861
f 934//862 1126//968 818//754
f 932//860 818//754 1126//968
f 1127//969 819//755 933//861
f 819//755 1127//969 935//863
f 936//864 1128//970 820//756
f 934//862 820//756 1128//970
f 1129//971 1130//972 1131//973
f 1130//972 1129//971 1132//974
f 1133//975 1134//976 1135//977
f 1136//978 1135//977 1134//976
f 1131//973 1137//979 1138//980
f 1137//979 1131//973 1130//972
f 1135//977 1136//978 1139//981
f 1140//982 1139//981 1136//978
f 1138//980 1141//983 1142//984
f 1141//983 1138//980 1137//979
f 1139//981 1140//982 1143//985
f 1144//986 1143//985 1140//982
f 1142//984 1145//987 1146//988
f 1145//987 1142//984 1141//983
f 1143//985 1144//986 1147//989
f 1148//990 1147//989 1144//986
f 1146//988 1149//991 1150//992
f 1149//991 1146//988 1145//987
f 1147//989 1148//990 1151//993
f 1152//994 1151//993 1148//990
f 1150//992 1153//995 1154//996
f 1153//995 1150//992 1149//991
f 1151//993 1152//994 1155//997
f 1156//998 1155//997 1152//994
f 1157//999 1153//995 1158//1000
f 1153//995 1157//999 1154//996
f 1156//998 1159//1001 1155//997
f 1160//1002 1155//997 1159//1001
f 1161//1003 1158//1000 1067//913
f 1158//1000 1161//1003 1157//999
f 1159//1001 1162//1004 1160//1002
f 1068//914 1160//1002 1162//1004
f 1071//917 1067//913 875//807
f 1067//913 1071//917 1161//1003
f 1162//1004 1072//918 1068//914
f 876//808 1068//914 1072//918
f 1163//1005 933//861 1125//967
f 933//861 1163//1005 1127//969
f 1128//970 1164//1006 934//862
f 1126//968 934//862 1164//1006
f 1165//1007 1125//967 1166//1008
f 1125//967 1165//1007 1163//1005
f 1164//1006 1167//1009 1126//968
f 1168//1010 1126//968 1167//1009
f 1169//1011 1165//1007 1166//1008
f 1165//1007 1169//1011 1170//1012
f 1171//1013 1172//1014 1167//1009
f 1168//1010 1167//1009 1172//1014
f 1173//1015 1170//1012 1169//1011
f 1170//1012 1173//1015 1174//1016
f 1175//1017 1176//1018 1171//1013
f 1172//1014 1171//1013 1176//1018
f 1177//1019 1174//1016 1173//1015
f 1174//1016 1177//1019 1178//1020
f 1179//1021 1180//1022 1175//1017
f 1176//1018 1175//1017 1180//1022
f 1181//1023 1178//1020 1177//1019
f 1178//1020 1181//1023 1182//1024
f 1183//1025 1184//1026 1179//1021
f 1180//1022 1179//1021 1184//1026
f 1185//1027 1182//1024 1181//1023
f 1182//1024 1185//1027 1186//1028
f 1187//1029 1188//1030 1183//1025
f 1184//1026 1183//1025 1188//1030
f 1189//1031 1186//1028 1185//1027
f 1186//1028 1189//1031 1190//1032
f 1191//1033 1192//1034 1187//1029
f 1188//1030 1187//1029 1192//1034
f 1193//1035 1190//1032 1189//1031
f 1190//1032 1193//1035 1194//1036
f 1195//1037 1196//1038 1191//1033
f 1192//1034 1191//1033 1196//1038
f 1197//1039 1194//1036 1193//1035
f 1194//1036 1197//1039 1198//1040
f 1199//1041 1200//1042 1195//1037
f 1196//1038 1195//1037 1200//1042
f 1201//1043 1198//1040 1197//1039
f 1198//1040 1201//1043 1202//1044
f 1203//1045 1204//1046 1199//1041
f 1200//1042 1199//1041 1204//1046
f 1205//1047 1202//1044 1201//1043
f 1202//1044 1205//1047 1206//1048
f 1207//1049 1208//1050 1203//1045
f 1204//1046 1203//1045 1208//1050
f 1209//1051 1206//1048 1205//1047
f 1206//1048 1209//1051 1210//1052
f 1211//1053 1212//1054 1207//1049
f 1208//1050 1207//1049 1212//1054
f 1209//1051 1213//1055 1210//1052
f 1213//1055 1209//1051 1214//1056
f 1215//1057 1212//1054 1216//1058
f 1211//1053 1216//1058 1212//1054
f 1214//1056 1217//1059 1213//1055
f 1217//1059 1214//1056 1218//1060
f 1219//1061 1215//1057 1220//1062
f 1216//1058 1220//1062 1215//1057
f 1218//1060 1221//1063 1217//1059
f 1221//1063 1218//1060 1222//1064
f 1223//1065 1219//1061 1224//1066
f 1220//1062 1224//1066 1219//1061
f 1222//1064 1225//1067 1221//1063
f 1225//1067 1222//1064 1226//1068
f 1227//1069 1223//1065 1228//1070
f 1224//1066 1228//1070 1223//1065
f 1226//1068 1229//1071 1225//1067
f 1229//1071 1226//1068 1230//1072
f 1231//1073 1227//1069 1232//1074
f 1228//1070 1232//1074 1227//1069
f 1230//1072 1233//1075 1229//1071
f 1233//1075 1230//1072 1234//1076
f 1235//1077 1231//1073 1236//1078
f 1232//1074 1236//1078 1231//1073
f 1234//1076 1237//1079 1233//1075
f 1237//1079 1234//1076 1238//1080
f 1239//1081 1235//1077 1240//1082
f 1236//1078 1240//1082 1235//1077
f 1238//1080 1241//1083 1237//1079
f 1241//1083 1238//1080 1242//1084
f 1243//1085 1239//1081 1244//1086
f 1240//1082 1244//1086 1239//1081
f 1242//1084 1245//1087 1241//1083
f 1245//1087 1242//1084 1246//1088
f 1247//1089 1243//1085 1248//1090
f 1244//1086 1248//1090 1243//1085
f 1245//1087 1249//1091 1250//1092
f 1249//1091 1245//1087 1246//1088
f 1247//1089 1248//1090 1251//1093
f 1252//1094 1251//1093 1248//1090
f 1250//1092 1253//1095 1254//1096
f 1253//1095 1250//1092 1249//1091
f 1251//1093 1252//1094 1255//1097
f 1256//1098 1255//1097 1252//1094
f 1254//1096 1257//1099 1258//1100
f 1257//1099 1254//1096 1253//1095
f 1255//1097 1256//1098 1259//1101
f 1260//1102 1259//1101 1256//1098
f 1258//1100 1132//974 1129//971
f 1132//974 1258//1100 1257//1099
f 1259//1101 1260//1102 1133//975
f 1134//976 1133//975 1260//1102
f 1017//170 1261//120 1262//120
f 1261//120 1017//170 1018//170
f 1020//169 1019//169 1263//119
f 1264//119 1263//119 1019//169
f 1265//1103 1022//868 1266//1104
f 1022//868 1265//1103 1021//867
f 1023//869 1267//1105 1024//870
f 1268//1106 1024//870 1267//1105
f 1269//1107 1026//872 1270//1108
f 1026//872 1269//1107 1025//871
f 1027//873 1271//1109 1028//874
f 1272//1110 1028//874 1271//1109
f 1273//1111 829//761 1021//867
f 829//761 1273//1111 1029//875
f 1030//876 1274//1112 831//763
f 1023//869 831//763 1274//1112
f 1026//872 1031//877 1275//1113
f 1031//877 1026//872 834//766
f 836//768 1028//874 1032//878
f 1276//1114 1032//878 1028//874
f 1277//1115 837//769 1029//875
f 837//769 1277//1115 1033//879
f 1034//880 1278//1116 838//770
f 1030//876 838//770 1278//1116
f 1031//877 1035//881 1279//1117
f 1035//881 1031//877 839//771
f 840//772 1032//878 1036//882
f 1280//1118 1036//882 1032//878
f 1281//1119 841//773 1033//879
f 841//773 1281//1119 1037//883
f 1038//884 1282//1120 842//774
f 1034//880 842//774 1282//1120
f 1035//881 1039//885 1283//1121
f 1039//885 1035//881 843//775
f 844//776 1036//882 1040//886
f 1284//1122 1040//886 1036//882
f 1285//1123 845//777 1037//883
f 845//777 1285//1123 1041//887
f 1042//888 1286//1124 846//778
f 1038//884 846//778 1286//1124
f 1039//885 1043//889 1287//1125
f 1043//889 1039//885 847//779
f 848//780 1040//886 1044//890
f 1288//1126 1044//890 1040//886
f 1041//887 1045//891 849//781
f 1045//891 1041//887 1289//1127
f 1290//1128 1042//888 1046//892
f 850//782 1046//892 1042//888
f 1043//889 1047//893 1291//1129
f 1047//893 1043//889 851//783
f 852//784 1044//890 1048//894
f 1292//1130 1048//894 1044//890
f 1045//891 1049//895 853//785
f 1049//895 1045//891 1293//1131
f 1294//1132 1046//892 1050//896
f 854//786 1050//896 1046//892
f 1047//893 1051//897 1295//1133
f 1051//897 1047//893 855//787
f 856//788 1048//894 1052//898
f 1296//1134 1052//898 1048//894
f 1049//895 1053//899 857//789
f 1053//899 1049//895 1297//1135
f 1298//1136 1050//896 1054//900
f 858//790 1054//900 1050//896
f 1299//1137 859//791 1055//901
f 859//791 1299//1137 1051//897
f 1052//898 1300//1138 860//792
f 1056//902 860//792 1300//1138
f 1053//899 1057//903 861//793
f 1057//903 1053//899 1301//1139
f 1302//1140 1054//900 1058//904
f 862//794 1058//904 1054//900
f 1303//1141 863//795 1059//905
f 863//795 1303//1141 1055//901
f 1056//902 1304//1142 864//796
f 1060//906 864//796 1304//1142
f 865//797 1305//1143 1061//907
f 1305//1143 865//797 1057//903
f 1058//904 866//798 1306//1144
f 1062//908 1306//1144 866//798
f 1063//909 1059//905 867//799
f 1059//905 1063//909 1307//1145
f 1308//1146 1064//910 1060//906
f 868//800 1060//906 1064//910
f 869//801 1309//1147 1065//911
f 1309//1147 869//801 1061//907
f 1062//908 870//802 1310//1148
f 1066//912 1310//1148 870//802
f 1067//913 1063//909 871//803
f 1063//909 1067//913 1158//1000
f 1160//1002 1068//914 1064//910
f 872//804 1064//910 1068//914
f 873//805 1311//1149 1069//915
f 1311//1149 873//805 1065//911
f 1066//912 874//806 1312//1150
f 1070//916 1312//1150 874//806
f 1075//921 1073//919 1313//1151
f 1073//919 1075//921 883//815
f 884//816 1076//922 1074//920
f 1314//1152 1074//920 1076//922
f 1077//923 1075//921 1315//1153
f 1075//921 1077//923 885//817
f 886//818 1078//924 1076//922
f 1316//1154 1076//922 1078//924
f 1317//1155 887//819 1077//923
f 887//819 1317//1155 1079//925
f 1080//926 1318//1156 888//820
f 1078//924 888//820 1318//1156
f 1319//1157 889//821 1079//925
f 889//821 1319//1157 1081//927
f 1082//928 1320//1158 890//822
f 1080//926 890//822 1320//1158
f 1321//1159 891//823 1081//927
f 891//823 1321//1159 1083//929
f 1084//930 1322//1160 892//824
f 1082//928 892//824 1322//1160
f 1323//1161 893//825 1083//929
f 893//825 1323//1161 1085//931
f 1086//932 1324//1162 894//826
f 1084//930 894//826 1324//1162
f 1325//1163 895//827 1085//931
f 895//827 1325//1163 1087//933
f 1088//934 1326//1164 896//828
f 1086//932 896//828 1326//1164
f 1087//933 1089//935 897//829
f 1089//935 1087//933 1327//1165
f 1328//1166 1088//934 1090//936
f 898//830 1090//936 1088//934
f 1089//935 1091//937 899//831
f 1091//937 1089//935 1329//1167
f 1330//1168 1090//936 1092//938
f 900//832 1092//938 1090//936
f 1091//937 1093//939 901//833
f 1093//939 1091//937 1331//1169
f 1332//1170 1092//938 1094//940
f 902//834 1094//940 1092//938
f 1093//939 1096//942 904//836
f 1096//942 1093//939 1333//1171
f 1334//1172 1094//940 1097//943
f 905//837 1097//943 1094//940
f 1096//942 1335//1173 1095//941
f 1335//1173 1096//942 1336//1174
f 1337//1175 1097//943 1338//1176
f 1098//944 1338//1176 1097//943
f 1100//134 1339//90 1099//134
f 1339//90 1100//134 1340//90
f 1341//89 1101//133 1342//89
f 1102//133 1342//89 1101//133
f 1104//946 1343//1177 1103//945
f 1343//1177 1104//946 1344//1178
f 1345//1179 1105//947 1346//1180
f 1106//948 1346//1180 1105//947
f 911//839 1347//1181 1107//949
f 1347//1181 911//839 1103//945
f 1106//948 914//842 1348//1182
f 1108//950 1348//1182 914//842
f 915//843 1349//1183 1109//951
f 1349//1183 915//843 1107//949
f 1108//950 916//844 1350//1184
f 1110//952 1350//1184 916//844
f 917//845 1351//1185 1111//953
f 1351//1185 917//845 1109//951
f 1110//952 918//846 1352//1186
f 1112//954 1352//1186 918//846
f 919//847 1353//1187 1113//955
f 1353//1187 919//847 1111//953
f 1112//954 920//848 1354//1188
f 1114//956 1354//1188 920//848
f 1355//1189 921//849 1113//955
f 921//849 1355//1189 1115//957
f 1116//958 1356//1190 922//850
f 1114//956 922//850 1356//1190
f 1357//1191 923//851 1115//957
f 923//851 1357//1191 1117//959
f 1118//960 1358//1192 924//852
f 1116//958 924//852 1358//1192
f 1117//959 1119//961 925//853
f 1119//961 1117//959 1359//1193
f 1360//1194 1118//960 1120//962
f 926//854 1120//962 1118//960
f 1119//961 1121//963 927//855
f 1121//963 1119//961 1361//1195
f 1362//1196 1120//962 1122//964
f 928//856 1122//964 1120//962
f 1121//963 1123//965 929//857
f 1123//965 1121//963 1363//1197
f 1364//1198 1122//964 1124//966
f 930//858 1124//966 1122//964
f 1166//1008 931//859 1123//965
f 931//859 1166//1008 1125//967
f 1126//968 1168//1010 932//860
f 1124//966 932//860 1168//1010
f 1132//974 1365//1199 1130//972
f 1365//1199 1132//974 1366//1200
f 1367//1201 1133//975 1368//1202
f 1135//977 1368//1202 1133//975
f 1130//972 1369//1203 1137//979
f 1369//1203 1130//972 1365//1199
f 1368//1202 1135//977 1370//1204
f 1139//981 1370//1204 1135//977
f 1137//979 1371//1205 1141//983
f 1371//1205 1137//979 1369//1203
f 1370//1204 1139//981 1372//1206
f 1143//985 1372//1206 1139//981
f 1141//983 1373//1207 1145//987
f 1373//1207 1141//983 1371//1205
f 1372//1206 1143//985 1374//1208
f 1147//989 1374//1208 1143//985
f 1145//987 1375//1209 1149//991
f 1375//1209 1145//987 1373//1207
f 1374//1208 1147//989 1376//1210
f 1151//993 1376//1210 1147//989
f 1149//991 1307//1145 1153//995
f 1307//1145 1149//991 1375//1209
f 1376//1210 1151//993 1308//1146
f 1155//997 1308//1146 1151//993
f 1158//1000 1307//1145 1063//909
f 1307//1145 1158//1000 1153//995
f 1155//997 1160//1002 1308//1146
f 1064//910 1308//1146 1160//1002
f 1363//1197 1166//1008 1123//965
f 1166//1008 1363//1197 1169//1011
f 1172//1014 1364//1198 1168//1010
f 1124//966 1168//1010 1364//1198
f 1377//1211 1169//1011 1363//1197
f 1169//1011 1377//1211 1173//1015
f 1176//1018 1378//1212 1172//1014
f 1364//1198 1172//1014 1378//1212
f 1379//1213 1173//1015 1377//1211
f 1173//1015 1379//1213 1177//1019
f 1180//1022 1380//1214 1176//1018
f 1378//1212 1176//1018 1380//1214
f 1381//1215 1177//1019 1379//1213
f 1177//1019 1381//1215 1181//1023
f 1184//1026 1382//1216 1180//1022
f 1380//1214 1180//1022 1382//1216
f 1383//1217 1181//1023 1381//1215
f 1181//1023 1383//1217 1185//1027
f 1188//1030 1384//1218 1184//1026
f 1382//1216 1184//1026 1384//1218
f 1385//1219 1185//1027 1383//1217
f 1185//1027 1385//1219 1189//1031
f 1192//1034 1386//1220 1188//1030
f 1384//1218 1188//1030 1386//1220
f 1387//1221 1189//1031 1385//1219
f 1189//1031 1387//1221 1193//1035
f 1196//1038 1388//1222 1192//1034
f 1386//1220 1192//1034 1388//1222
f 1389//1223 1193//1035 1387//1221
f 1193//1035 1389//1223 1197//1039
f 1200//1042 1390//1224 1196//1038
f 1388//1222 1196//1038 1390//1224
f 1391//1225 1197//1039 1389//1223
f 1197//1039 1391//1225 1201//1043
f 1204//1046 1392//1226 1200//1042
f 1390//1224 1200//1042 1392//1226
f 1393//1227 1201//1043 1391//1225
f 1201//1043 1393//1227 1205//1047
f 1208//1050 1394//1228 1204//1046
f 1392//1226 1204//1046 1394//1228
f 1395//1229 1205//1047 1393//1227
f 1205//1047 1395//1229 1209//1051
f 1212//1054 1396//1230 1208//1050
f 1394//1228 1208//1050 1396//1230
f 1395//1229 1214//1056 1209//1051
f 1214//1056 1395//1229 1397//1231
f 1398//1232 1396//1230 1215//1057
f 1212//1054 1215//1057 1396//1230
f 1397//1231 1218//1060 1214//1056
f 1218//1060 1397//1231 1399//1233
f 1400//1234 1398//1232 1219//1061
f 1215//1057 1219//1061 1398//1232
f 1399//1233 1222//1064 1218//1060
f 1222//1064 1399//1233 1401//1235
f 1402//1236 1400//1234 1223//1065
f 1219//1061 1223//1065 1400//1234
f 1401//1235 1226//1068 1222//1064
f 1226//1068 1401//1235 1403//1237
f 1404//1238 1402//1236 1227//1069
f 1223//1065 1227//1069 1402//1236
f 1403//1237 1230//1072 1226//1068
f 1230//1072 1403//1237 1405//1239
f 1406//1240 1404//1238 1231//1073
f 1227//1069 1231//1073 1404//1238
f 1405//1239 1234//1076 1230//1072
f 1234//1076 1405//1239 1407//1241
f 1408//1242 1406//1240 1235//1077
f 1231//1073 1235//1077 1406//1240
f 1407//1241 1238//1080 1234//1076
f 1238//1080 1407//1241 1409//1243
f 1410//1244 1408//1242 1239//1081
f 1235//1077 1239//1081 1408//1242
f 1409//1243 1242//1084 1238//1080
f 1242//1084 1409//1243 1411//1245
f 1412//1246 1410//1244 1243//1085
f 1239//1081 1243//1085 1410//1244
f 1411//1245 1246//1088 1242//1084
f 1246//1088 1411//1245 1413//1247
f 1414//1248 1412//1246 1247//1089
f 1243//1085 1247//1089 1412//1246
f 1246//1088 1415//1249 1249//1091
f 1415//1249 1246//1088 1413//1247
f 1414//1248 1247//1089 1416//1250
f 1251//1093 1416//1250 1247//1089
f 1249//1091 1417//1251 1253//1095
f 1417//1251 1249//1091 1415//1249
f 1416//1250 1251//1093 1418//1252
f 1255//1097 1418//1252 1251//1093
f 1253//1095 1419//1253 1257//1099
f 1419//1253 1253//1095 1417//1251
f 1418//1252 1255//1097 1420//1254
f 1259//1101 1420//1254 1255//1097
f 1257//1099 1366//1200 1132//974
f 1366//1200 1257//1099 1419//1253
f 1420//1254 1259//1101 1367//1201
f 1133//975 1367//1201 1259//1101
f 1262//120 1421//78 1422//78
f 1421//78 1262//120 1261//120
f 1263//119 1264//119 1423//77
f 1424//77 1423//77 1264//119
f 1265//1103 1425//1255 1426//1256
f 1425//1255 1265//1103 1266//1104
f 1268//1106 1267//1105 1427//1257
f 1428//1258 1427//1257 1267//1105
f 1269//1107 1429//1259 1430//1260
f 1429//1259 1269//1107 1270//1108
f 1272//1110 1271//1109 1431//1261
f 1432//1262 1431//1261 1271//1109
f 1433//1263 1021//867 1265//1103
f 1021//867 1433//1263 1273//1111
f 1274//1112 1434//1264 1023//869
f 1267//1105 1023//869 1434//1264
f 1270//1108 1275//1113 1435//1265
f 1275//1113 1270//1108 1026//872
f 1028//874 1272//1110 1276//1114
f 1436//1266 1276//1114 1272//1110
f 1437//1267 1029//875 1273//1111
f 1029//875 1437//1267 1277//1115
f 1278//1116 1438//1268 1030//876
f 1274//1112 1030//876 1438//1268
f 1275//1113 1279//1117 1439//1269
f 1279//1117 1275//1113 1031//877
f 1032//878 1276//1114 1280//1118
f 1440//1270 1280//1118 1276//1114
f 1441//1271 1033//879 1277//1115
f 1033//879 1441//1271 1281//1119
f 1282//1120 1442//1272 1034//880
f 1278//1116 1034//880 1442//1272
f 1279//1117 1283//1121 1443//1273
f 1283//1121 1279//1117 1035//881
f 1036//882 1280//1118 1284//1122
f 1444//1274 1284//1122 1280//1118
f 1445//1275 1037//883 1281//1119
f 1037//883 1445//1275 1285//1123
f 1286//1124 1446//1276 1038//884
f 1282//1120 1038//884 1446//1276
f 1283//1121 1287//1125 1447//1277
f 1287//1125 1283//1121 1039//885
f 1040//886 1284//1122 1288//1126
f 1448//1278 1288//1126 1284//1122
f 1285//1123 1289//1127 1041//887
f 1289//1127 1285//1123 1449//1279
f 1450//1280 1286//1124 1290//1128
f 1042//888 1290//1128 1286//1124
f 1287//1125 1291//1129 1451//1281
f 1291//1129 1287//1125 1043//889
f 1044//890 1288//1126 1292//1130
f 1452//1282 1292//1130 1288//1126
f 1289//1127 1293//1131 1045//891
f 1293//1131 1289//1127 1453//1283
f 1454//1284 1290//1128 1294//1132
f 1046//892 1294//1132 1290//1128
f 1291//1129 1295//1133 1455//1285
f 1295//1133 1291//1129 1047//893
f 1048//894 1292//1130 1296//1134
f 1456//1286 1296//1134 1292//1130
f 1293//1131 1297//1135 1049//895
f 1297//1135 1293//1131 1457//1287
f 1458//1288 1294//1132 1298//1136
f 1050//896 1298//1136 1294//1132
f 1459//1289 1051//897 1299//1137
f 1051//897 1459//1289 1295//1133
f 1296//1134 1460//1290 1052//898
f 1300//1138 1052//898 1460//1290
f 1297//1135 1301//1139 1053//899
f 1301//1139 1297//1135 1461//1291
f 1462//1292 1298//1136 1302//1140
f 1054//900 1302//1140 1298//1136
f 1463//1293 1055//901 1303//1141
f 1055//901 1463//1293 1299//1137
f 1300//1138 1464//1294 1056//902
f 1304//1142 1056//902 1464//1294
f 1301//1139 1305//1143 1057//903
f 1305//1143 1301//1139 1465//1295
f 1466//1296 1302//1140 1306//1144
f 1058//904 1306//1144 1302//1140
f 1375//1209 1059//905 1307//1145
f 1059//905 1375//1209 1303//1141
f 1304//1142 1376//1210 1060//906
f 1308//1146 1060//906 1376//1210
f 1061//907 1467//1297 1309//1147
f 1467//1297 1061//907 1305//1143
f 1306//1144 1062//908 1468//1298
f 1310//1148 1468//1298 1062//908
f 1065//911 1469//1299 1311//1149
f 1469//1299 1065//911 1309//1147
f 1310//1148 1066//912 1470//1300
f 1312//1150 1470//1300 1066//912
f 1315//1153 1313//1151 1471//1301
f 1313//1151 1315//1153 1075//921
f 1076//922 1316//1154 1314//1152
f 1472//1302 1314//1152 1316//1154
f 1473//1303 1077//923 1315//1153
f 1077//923 1473//1303 1317//1155
f 1318//1156 1474//1304 1078//924
f 1316//1154 1078//924 1474//1304
f 1475//1305 1079//925 1317//1155
f 1079//925 1475//1305 1319//1157
f 1320//1158 1476//1306 1080//926
f 1318//1156 1080//926 1476//1306
f 1477//1307 1081//927 1319//1157
f 1081//927 1477//1307 1321//1159
f 1322//1160 1478//1308 1082//928
f 1320//1158 1082//928 1478//1308
f 1479//1309 1083//929 1321//1159
f 1083//929 1479//1309 1323//1161
f 1324//1162 1480//1310 1084//930
f 1322//1160 1084//930 1480//1310
f 1481//1311 1085//931 1323//1161
f 1085//931 1481//1311 1325//1163
f 1326//1164 1482//1312 1086//932
f 1324//1162 1086//932 1482//1312
f 1483//1313 1087//933 1325//1163
f 1087//933 1483//1313 1327//1165
f 1328//1166 1484//1314 1088//934
f 1326//1164 1088//934 1484//1314
f 1327//1165 1329//1167 1089//935
f 1329//1167 1327//1165 1485//1315
f 1486//1316 1328//1166 1330//1168
f 1090//936 1330//1168 1328//1166
f 1329//1167 1331//1169 1091//937
f 1331//1169 1329//1167 1487//1317
f 1488//1318 1330//1168 1332//1170
f 1092//938 1332//1170 1330//1168
f 1331//1169 1333//1171 1093//939
f 1333//1171 1331//1169 1489//1319
f 1490//1320 1332//1170 1334//1172
f 1094//940 1334//1172 1332//1170
f 1333//1171 1336//1174 1096//942
f 1336//1174 1333//1171 1491//1321
f 1492//1322 1334//1172 1337//1175
f 1097//943 1337//1175 1334//1172
f 1336//1174 1493//1323 1335//1173
f 1493//1323 1336//1174 1494//1324
f 1495//1325 1337//1175 1496//1326
f 1338//1176 1496//1326 1337//1175
f 1340//90 1497//54 1339//90
f 1497//54 1340//90 1498//54
f 1499//53 1341//89 1500//53
f 1342//89 1500//53 1341//89
f 1344//1178 1501//1327 1343//1177
f 1501//1327 1344//1178 1502//1328
f 1503//1329 1345//1179 1504//1330
f 1346//1180 1504//1330 1345//1179
f 1103//945 1505//1331 1347//1181
f 1505//1331 1103//945 1343//1177
f 1346//1180 1106//948 1506//1332
f 1348//1182 1506//1332 1106//948
f 1107//949 1507//1333 1349//1183
f 1507//1333 1107//949 1347//1181
f 1348//1182 1108//950 1508//1334
f 1350//1184 1508//1334 1108//950
f 1109//951 1509//1335 1351//1185
f 1509//1335 1109//951 1349//1183
f 1350//1184 1110//952 1510//1336
f 1352//1186 1510//1336 1110//952
f 1111//953 1511//1337 1353//1187
f 1511//1337 1111//953 1351//1185
f 1352//1186 1112//954 1512//1338
f 1354//1188 1512//1338 1112//954
f 1113//955 1513//1339 1355//1189
f 1513//1339 1113//955 1353//1187
f 1354//1188 1114//956 1514//1340
f 1356//1190 1514//1340 1114//956
f 1515//1341 1115//957 1355//1189
f 1115//957 1515//1341 1357//1191
f 1358//1192 1516//1342 1116//958
f 1356//1190 1116//958 1516//1342
f 1357//1191 1359//1193 1117//959
f 1359//1193 1357//1191 1517//1343
f 1518//1344 1358//1192 1360//1194
f 1118//960 1360//1194 1358//1192
f 1359//1193 1361//1195 1119//961
f 1361//1195 1359//1193 1519//1345
f 1520//1346 1360//1194 1362//1196
f 1120//962 1362//1196 1360//1194
f 1361//1195 1363//1197 1121//963
f 1363//1197 1361//1195 1377//1211
f 1378//1212 1362//1196 1364//1198
f 1122//964 1364//1198 1362//1196
f 1366//1200 1521//1347 1365//1199
f 1521//1347 1366//1200 1522//1348
f 1523//1349 1367//1201 1524//1350
f 1368//1202 1524//1350 1367//1201
f 1365//1199 1525//1351 1369//1203
f 1525//1351 1365//1199 1521//1347
f 1524//1350 1368//1202 1526//1352
f 1370//1204 1526//1352 1368//1202
f 1369//1203 1527//1353 1371//1205
f 1527//1353 1369//1203 1525//1351
f 1526//1352 1370//1204 1528//1354
f 1372//1206 1528//1354 1370//1204
f 1371//1205 1463//1293 1373//1207
f 1463//1293 1371//1205 1527//1353
f 1528//1354 1372//1206 1464//1294
f 1374//1208 1464//1294 1372//1206
f 1373//1207 1303//1141 1375//1209
f 1303//1141 1373//1207 1463//1293
f 1464//1294 1374//1208 1304//1142
f 1376//1210 1304//1142 1374//1208
f 1519//1345 1377//1211 1361//1195
f 1377//1211 1519//1345 1379//1213
f 1380//1214 1520//1346 1378//1212
f 1362//1196 1378//1212 1520//1346
f 1529//1355 1379//1213 1519//1345
f 1379//1213 1529//1355 1381//1215
f 1382//1216 1530//1356 1380//1214
f 1520//1346 1380//1214 1530//1356
f 1531//1357 1381//1215 1529//1355
f 1381//1215 1531//1357 1383//1217
f 1384//1218 1532//1358 1382//1216
f 1530//1356 1382//1216 1532//1358
f 1533//1359 1383//1217 1531//1357
f 1383//1217 1533//1359 1385//1219
f 1386//1220 1534//1360 1384//1218
f 1532//1358 1384//1218 1534//1360
f 1535//1361 1385//1219 1533//1359
f 1385//1219 1535//1361 1387//1221
f 1388//1222 1536//1362 1386//1220
f 1534//1360 1386//1220 1536//1362
f 1537//1363 1387//1221 1535//1361
f 1387//1221 1537//1363 1389//1223
f 1390//1224 1538//1364 1388//1222
f 1536//1362 1388//1222 1538//1364
f 1539//1365 1389//1223 1537//1363
f 1389//1223 1539//1365 1391//1225
f 1392//1226 1540//1366 1390//1224
f 1538//1364 1390//1224 1540//1366
f 1541//1367 1391//1225 1539//1365
f 1391//1225 1541//1367 1393//1227
f 1394//1228 1542//1368 1392//1226
f 1540//1366 1392//1226 1542//1368
f 1543//1369 1393//1227 1541//1367
f 1393//1227 1543//1369 1395//1229
f 1396//1230 1544//1370 1394//1228
f 1542//1368 1394//1228 1544//1370
f 1543//1369 1397//1231 1395//1229
f 1397//1231 1543//1369 1545//1371
f 1546//1372 1544//1370 1398//1232
f 1396//1230 1398//1232 1544//1370
f 1545//1371 1399//1233 1397//1231
f 1399//1233 1545//1371 1547//1373
f 1548//1374 1546//1372 1400//1234
f 1398//1232 1400//1234 1546//1372
f 1547//1373 1401//1235 1399//1233
f 1401//1235 1547//1373 1549//1375
f 1550//1376 1548//1374 1402//1236
f 1400//1234 1402//1236 1548//1374
f 1549//1375 1403//1237 1401//1235
f 1403//1237 1549//1375 1551//1377
f 1552//1378 1550//1376 1404//1238
f 1402//1236 1404//1238 1550//1376
f 1551//1377 1405//1239 1403//1237
f 1405//1239 1551//1377 1553//1379
f 1554//1380 1552//1378 1406//1240
f 1404//1238 1406//1240 1552//1378
f 1553//1379 1407//1241 1405//1239
f 1407//1241 1553//1379 1555//1381
f 1556//1382 1554//1380 1408//1242
f 1406//1240 1408//1242 1554//1380
f 1555//1381 1409//1243 1407//1241
f 1409//1243 1555//1381 1557//1383
f 1558//1384 1556//1382 1410//1244
f 1408//1242 1410//1244 1556//1382
f 1557//1383 1411//1245 1409//1243
f 1411//1245 1557//1383 1559//1385
f 1560//1386 1558//1384 1412//1246
f 1410//1244 1412//1246 1558//1384
f 1559//1385 1413//1247 1411//1245
f 1413//1247 1559//1385 1561//1387
f 1562//1388 1560//1386 1414//1248
f 1412//1246 1414//1248 1560//1386
f 1413//1247 1563//1389 1415//1249
f 1563//1389 1413//1247 1561//1387
f 1562//1388 1414//1248 1564//1390
f 1416//1250 1564//1390 1414//1248
f 1415//1249 1565//1391 1417//1251
f 1565//1391 1415//1249 1563//1389
f 1564//1390 1416//1250 1566//1392
f 1418//1252 1566//1392 1416//1250
f 1417//1251 1567//1393 1419//1253
f 1567//1393 1417//1251 1565//1391
f 1566//1392 1418//1252 1568//1394
f 1420//1254 1568//1394 1418//1252
f 1419//1253 1522//1348 1366//1200
f 1522//1348 1419//1253 1567//1393
f 1568//1394 1420//1254 1523//1349
f 1367//1201 1523//1349 1420//1254
f 1422//78 1569//44 1570//44
f 1569//44 1422//78 1421//78
f 1423//77 1424//77 1571//43
f 1572//43 1571//43 1424//77
f 1426//1256 1573//1395 1574//1396
f 1573//1395 1426//1256 1425//1255
f 1427//1257 1428//1258 1575//1397
f 1576//1398 1575//1397 1428//1258
f 1430//1260 1577//1399 1578//1400
f 1577//1399 1430//1260 1429//1259
f 1431//1261 1432//1262 1579//1401
f 1580//1402 1579//1401 1432//1262
f 1433//1263 1426//1256 1581//1403
f 1426//1256 1433//1263 1265//1103
f 1267//1105 1434//1264 1428//1258
f 1582//1404 1428//1258 1434//1264
f 1270//1108 1583//1405 1429//1259
f 1583//1405 1270//1108 1435//1265
f 1436//1266 1272//1110 1584//1406
f 1431//1261 1584//1406 1272//1110
f 1585//1407 1273//1111 1433//1263
f 1273//1111 1585//1407 1437//1267
f 1438//1268 1586//1408 1274//1112
f 1434//1264 1274//1112 1586//1408
f 1435//1265 1439//1269 1587//1409
f 1439//1269 1435//1265 1275//1113
f 1276//1114 1436//1266 1440//1270
f 1588//1410 1440//1270 1436//1266
f 1589//1411 1277//1115 1437//1267
f 1277//1115 1589//1411 1441//1271
f 1442//1272 1590//1412 1278//1116
f 1438//1268 1278//1116 1590//1412
f 1439//1269 1443//1273 1591//1413
f 1443//1273 1439//1269 1279//1117
f 1280//1118 1440//1270 1444//1274
f 1592//1414 1444//1274 1440//1270
f 1593//1415 1281//1119 1441//1271
f 1281//1119 1593//1415 1445//1275
f 1446//1276 1594//1416 1282//1120
f 1442//1272 1282//1120 1594//1416
f 1443//1273 1447//1277 1595//1417
f 1447//1277 1443//1273 1283//1121
f 1284//1122 1444//1274 1448//1278
f 1596//1418 1448//1278 1444//1274
f 1445//1275 1449//1279 1285//1123
f 1449//1279 1445//1275 1597//1419
f 1598//1420 1446//1276 1450//1280
f 1286//1124 1450//1280 1446//1276
f 1447//1277 1451//1281 1599//1421
f 1451//1281 1447//1277 1287//1125
f 1288//1126 1448//1278 1452//1282
f 1600//1422 1452//1282 1448//1278
f 1449//1279 1453//1283 1289//1127
f 1453//1283 1449//1279 1601//1423
f 1602//1424 1450//1280 1454//1284
f 1290//1128 1454//1284 1450//1280
f 1451//1281 1455//1285 1603//1425
f 1455//1285 1451//1281 1291//1129
f 1292//1130 1452//1282 1456//1286
f 1604//1426 1456//1286 1452//1282
f 1453//1283 1457//1287 1293//1131
f 1457//1287 1453//1283 1605//1427
f 1606//1428 1454//1284 1458//1288
f 1294//1132 1458//1288 1454//1284
f 1607//1429 1295//1133 1459//1289
f 1295//1133 1607//1429 1455//1285
f 1456//1286 1608//1430 1296//1134
f 1460//1290 1296//1134 1608//1430
f 1457//1287 1461//1291 1297//1135
f 1461//1291 1457//1287 1609//1431
f 1610//1432 1458//1288 1462//1292
f 1298//1136 1462//1292 1458//1288
f 1527//1353 1299//1137 1463//1293
f 1299//1137 1527//1353 1459//1289
f 1460//1290 1528//1354 1300//1138
f 1464//1294 1300//1138 1528//1354
f 1461//1291 1465//1295 1301//1139
f 1465//1295 1461//1291 1611//1433
f 1612//1434 1462//1292 1466//1296
f 1302//1140 1466//1296 1462//1292
f 1465//1295 1467//1297 1305//1143
f 1467//1297 1465//1295 1613//1435
f 1614//1436 1466//1296 1468//1298
f 1306//1144 1468//1298 1466//1296
f 1309//1147 1615//1437 1469//1299
f 1615//1437 1309//1147 1467//1297
f 1468//1298 1310//1148 1616//1438
f 1470//1300 1616//1438 1310//1148
f 1617//1439 1315//1153 1471//1301
f 1315//1153 1617//1439 1473//1303
f 1474//1304 1618//1440 1316//1154
f 1472//1302 1316//1154 1618//1440
f 1619//1441 1317//1155 1473//1303
f 1317//1155 1619//1441 1475//1305
f 1476//1306 1620//1442 1318//1156
f 1474//1304 1318//1156 1620//1442
f 1621//1443 1319//1157 1475//1305
f 1319//1157 1621//1443 1477//1307
f 1478//1308 1622//1444 1320//1158
f 1476//1306 1320//1158 1622//1444
f 1623//1445 1321//1159 1477//1307
f 1321//1159 1623//1445 1479//1309
f 1480//1310 1624//1446 1322//1160
f 1478//1308 1322//1160 1624//1446
f 1625//1447 1323//1161 1479//1309
f 1323//1161 1625//1447 1481//1311
f 1482//1312 1626//1448 1324//1162
f 1480//1310 1324//1162 1626//1448
f 1627//1449 1325//1163 1481//1311
f 1325//1163 1627//1449 1483//1313
f 1484//1314 1628//1450 1326//1164
f 1482//1312 1326//1164 1628//1450
f 1629//1451 1327//1165 1483//1313
f 1327//1165 1629//1451 1485//1315
f 1486//1316 1630//1452 1328//1166
f 1484//1314 1328//1166 1630//1452
f 1485//1315 1487//1317 1329//1167
f 1487//1317 1485//1315 1631//1453
f 1632//1454 1486//1316 1488//1318
f 1330//1168 1488//1318 1486//1316
f 1487//1317 1489//1319 1331//1169
f 1489//1319 1487//1317 1633//1455
f 1634//1456 1488//1318 1490//1320
f 1332//1170 1490//1320 1488//1318
f 1489//1319 1491//1321 1333//1171
f 1491//1321 1489//1319 1635//1457
f 1636//1458 1490//1320 1492//1322
f 1334//1172 1492//1322 1490//1320
f 1491//1321 1494//1324 1336//1174
f 1494//1324 1491//1321 1637//1459
f 1638//1460 1492//1322 1495//1325
f 1337//1175 1495//1325 1492//1322
f 1494//1324 1639//1461 1493//1323
f 1639//1461 1494//1324 1640//1462
f 1641//1463 1495//1325 1642//1464
f 1496//1326 1642//1464 1495//1325
f 1498//54 1643//26 1497//54
f 1643//26 1498//54 1644//26
f 1645//25 1499//53 1646//25
f 1500//53 1646//25 1499//53
f 1502//1328 1647//1465 1501//1327
f 1647//1465 1502//1328 1648//1466
f 1649//1467 1503//1329 1650//1468
f 1504//1330 1650//1468 1503//1329
f 1343//1177 1651//1469 1505//1331
f 1651//1469 1343//1177 1501//1327
f 1504//1330 1346//1180 1652//1470
f 1506//1332 1652//1470 1346//1180
f 1347//1181 1653//1471 1507//1333
f 1653//1471 1347//1181 1505//1331
f 1506//1332 1348//1182 1654//1472
f 1508//1334 1654//1472 1348//1182
f 1349//1183 1655//1473 1509//1335
f 1655//1473 1349//1183 1507//1333
f 1508//1334 1350//1184 1656//1474
f 1510//1336 1656//1474 1350//1184
f 1351//1185 1657//1475 1511//1337
f 1657//1475 1351//1185 1509//1335
f 1510//1336 1352//1186 1658//1476
f 1512//1338 1658//1476 1352//1186
f 1353//1187 1659//1477 1513//1339
f 1659//1477 1353//1187 1511//1337
f 1512//1338 1354//1188 1660//1478
f 1514//1340 1660//1478 1354//1188
f 1355//1189 1661//1479 1515//1341
f 1661//1479 1355//1189 1513//1339
f 1514//1340 1356//1190 1662//1480
f 1516//1342 1662//1480 1356//1190
f 1515//1341 1517//1343 1357//1191
f 1517//1343 1515//1341 1663//1481
f 1664//1482 1516//1342 1518//1344
f 1358//1192 1518//1344 1516//1342
f 1517//1343 1519//1345 1359//1193
f 1519//1345 1517//1343 1529//1355
f 1530//1356 1518//1344 1520//1346
f 1360//1194 1520//1346 1518//1344
f 1522//1348 1665//1483 1521//1347
f 1665//1483 1522//1348 1666//1484
f 1667//1485 1523//1349 1668//1486
f 1524//1350 1668//1486 1523//1349
f 1521//1347 1607//1429 1525//1351
f 1607//1429 1521//1347 1665//1483
f 1668//1486 1524//1350 1608//1430
f 1526//1352 1608//1430 1524//1350
f 1525//1351 1459//1289 1527//1353
f 1459//1289 1525//1351 1607//1429
f 1608//1430 1526//1352 1460//1290
f 1528//1354 1460//1290 1526//1352
f 1663//1481 1529//1355 1517//1343
f 1529//1355 1663//1481 1531//1357
f 1532//1358 1664//1482 1530//1356
f 1518//1344 1530//1356 1664//1482
f 1669//1487 1531//1357 1663//1481
f 1531//1357 1669//1487 1533//1359
f 1534//1360 1670//1488 1532//1358
f 1664//1482 1532//1358 1670//1488
f 1671//1489 1533//1359 1669//1487
f 1533//1359 1671//1489 1535//1361
f 1536//1362 1672//1490 1534//1360
f 1670//1488 1534//1360 1672//1490
f 1673//1491 1535//1361 1671//1489
f 1535//1361 1673//1491 1537//1363
f 1538//1364 1674//1492 1536//1362
f 1672//1490 1536//1362 1674//1492
f 1675//1493 1537//1363 1673//1491
f 1537//1363 1675//1493 1539//1365
f 1540//1366 1676//1494 1538//1364
f 1674//1492 1538//1364 1676//1494
f 1677//1495 1539//1365 1675//1493
f 1539//1365 1677//1495 1541//1367
f 1542//1368 1678//1496 1540//1366
f 1676//1494 1540//1366 1678//1496
f 1679//1497 1541//1367 1677//1495
f 1541//1367 1679//1497 1543//1369
f 1544//1370 1680//1498 1542//1368
f 1678//1496 1542//1368 1680//1498
f 1679//1497 1545//1371 1543//1369
f 1545//1371 1679//1497 1681//1499
f 1682//1500 1680//1498 1546//1372
f 1544//1370 1546//1372 1680//1498
f 1681//1499 1547//1373 1545//1371
f 1547//1373 1681//1499 1683//1501
f 1684//1502 1682//1500 1548//1374
f 1546//1372 1548//1374 1682//1500
f 1683//1501 1549//1375 1547//1373
f 1549//1375 1683//1501 1685//1503
f 1686//1504 1684//1502 1550//1376
f 1548//1374 1550//1376 1684//1502
f 1685//1503 1551//1377 1549//1375
f 1551//1377 1685//1503 1687//1505
f 1688//1506 1686//1504 1552//1378
f 1550//1376 1552//1378 1686//1504
f 1687//1505 1553//1379 1551//1377
f 1553//1379 1687//1505 1689//1507
f 1690//1508 1688//1506 1554//1380
f 1552//1378 1554//1380 1688//1506
f 1689//1507 1555//1381 1553//1379
f 1555//1381 1689//1507 1691//1509
f 1692//1510 1690//1508 1556//1382
f 1554//1380 1556//1382 1690//1508
f 1691//1509 1557//1383 1555//1381
f 1557//1383 1691//1509 1693//1511
f 1694//1512 1692//1510 1558//1384
f 1556//1382 1558//1384 1692//1510
f 1693//1511 1559//1385 1557//1383
f 1559//1385 1693//1511 1695//1513
f 1696//1514 1694//1512 1560//1386
f 1558//1384 1560//1386 1694//1512
f 1695//1513 1561//1387 1559//1385
f 1561//1387 1695//1513 1697//1515
f 1698//1516 1696//1514 1562//1388
f 1560//1386 1562//1388 1696//1514
f 1561//1387 1699//1517 1563//1389
f 1699//1517 1561//1387 1697//1515
f 1698//1516 1562//1388 1700//1518
f 1564//1390 1700//1518 1562//1388
f 1563//1389 1701//1519 1565//1391
f 1701//1519 1563//1389 1699//1517
f 1700//1518 1564//1390 1702//1520
f 1566//1392 1702//1520 1564//1390
f 1565//1391 1703//1521 1567//1393
f 1703//1521 1565//1391 1701//1519
f 1702//1520 1566//1392 1704//1522
f 1568//1394 1704//1522 1566//1392
f 1567//1393 1666//1484 1522//1348
f 1666//1484 1567//1393 1703//1521
f 1704//1522 1568//1394 1667//1485
f 1523//1349 1667//1485 1568//1394
f 1705//16 1569//44 1706//16
f 1569//44 1705//16 1570//44
f 1572//43 1707//15 1571//43
f 1708//15 1571//43 1707//15
f 1574//1396 1709//1523 1710//1524
f 1709//1523 1574//1396 1573//1395
f 1575//1397 1576//1398 1711//1525
f 1712//1526 1711//1525 1576//1398
f 1578//1400 1713//1527 1714//1528
f 1713//1527 1578//1400 1577//1399
f 1579//1401 1580//1402 1715//1529
f 1716//1530 1715//1529 1580//1402
f 1581//1403 1574//1396 1717//1531
f 1574//1396 1581//1403 1426//1256
f 1428//1258 1582//1404 1576//1398
f 1718//1532 1576//1398 1582//1404
f 1429//1259 1719//1533 1577//1399
f 1719//1533 1429//1259 1583//1405
f 1584//1406 1431//1261 1720//1534
f 1579//1401 1720//1534 1431//1261
f 1585//1407 1581//1403 1721//1535
f 1581//1403 1585//1407 1433//1263
f 1434//1264 1586//1408 1582//1404
f 1722//1536 1582//1404 1586//1408
f 1435//1265 1723//1537 1583//1405
f 1723//1537 1435//1265 1587//1409
f 1588//1410 1436//1266 1724//1538
f 1584//1406 1724//1538 1436//1266
f 1725//1539 1437//1267 1585//1407
f 1437//1267 1725//1539 1589//1411
f 1590//1412 1726//1540 1438//1268
f 1586//1408 1438//1268 1726//1540
f 1587//1409 1591//1413 1727//1541
f 1591//1413 1587//1409 1439//1269
f 1440//1270 1588//1410 1592//1414
f 1728//1542 1592//1414 1588//1410
f 1729//1543 1441//1271 1589//1411
f 1441//1271 1729//1543 1593//1415
f 1594//1416 1730//1544 1442//1272
f 1590//1412 1442//1272 1730//1544
f 1591//1413 1595//1417 1731//1545
f 1595//1417 1591//1413 1443//1273
f 1444//1274 1592//1414 1596//1418
f 1732//1546 1596//1418 1592//1414
f 1593//1415 1597//1419 1445//1275
f 1597//1419 1593//1415 1733//1547
f 1734//1548 1594//1416 1598//1420
f 1446//1276 1598//1420 1594//1416
f 1595//1417 1599//1421 1735//1549
f 1599//1421 1595//1417 1447//1277
f 1448//1278 1596//1418 1600//1422
f 1736//1550 1600//1422 1596//1418
f 1597//1419 1601//1423 1449//1279
f 1601//1423 1597//1419 1737//1551
f 1738//1552 1598//1420 1602//1424
f 1450//1280 1602//1424 1598//1420
f 1599//1421 1603//1425 1739//1553
f 1603//1425 1599//1421 1451//1281
f 1452//1282 1600//1422 1604//1426
f 1740//1554 1604//1426 1600//1422
f 1601//1423 1605//1427 1453//1283
f 1605//1427 1601//1423 1741//1555
f 1742//1556 1602//1424 1606//1428
f 1454//1284 1606//1428 1602//1424
f 1665//1483 1455//1285 1607//1429
f 1455//1285 1665//1483 1603//1425
f 1604//1426 1668//1486 1456//1286
f 1608//1430 1456//1286 1668//1486
f 1605//1427 1609//1431 1457//1287
f 1609//1431 1605//1427 1743//1557
f 1744//1558 1606//1428 1610//1432
f 1458//1288 1610//1432 1606//1428
f 1609//1431 1611//1433 1461//1291
f 1611//1433 1609//1431 1745//1559
f 1746//1560 1610//1432 1612//1434
f 1462//1292 1612//1434 1610//1432
f 1611//1433 1613//1435 1465//1295
f 1613//1435 1611//1433 1747//1561
f 1748//1562 1612//1434 1614//1436
f 1466//1296 1614//1436 1612//1434
f 1613//1435 1615//1437 1467//1297
f 1615//1437 1613//1435 1749//1563
f 1750//1564 1614//1436 1616//1438
f 1468//1298 1616//1438 1614//1436
f 1751//1565 1473//1303 1617//1439
f 1473//1303 1751//1565 1619//1441
f 1620//1442 1752//1566 1474//1304
f 1618//1440 1474//1304 1752//1566
f 1753//1567 1475//1305 1619//1441
f 1475//1305 1753//1567 1621//1443
f 1622//1444 1754//1568 1476//1306
f 1620//1442 1476//1306 1754//1568
f 1755//1569 1477//1307 1621//1443
f 1477//1307 1755//1569 1623//1445
f 1624//1446 1756//1570 1478//1308
f 1622//1444 1478//1308 1756//1570
f 1757//1571 1479//1309 1623//1445
f 1479//1309 1757//1571 1625//1447
f 1626//1448 1758//1572 1480//1310
f 1624//1446 1480//1310 1758//1572
f 1759//1573 1481//1311 1625//1447
f 1481//1311 1759//1573 1627//1449
f 1628//1450 1760//1574 1482//1312
f 1626//1448 1482//1312 1760//1574
f 1761//1575 1483//1313 1627//1449
f 1483//1313 1761//1575 1629//1451
f 1630//1452 1762//1576 1484//1314
f 1628//1450 1484//1314 1762//1576
f 1629//1451 1631//1453 1485//1315
f 1631//1453 1629//1451 1763//1577
f 1764//1578 1630//1452 1632//1454
f 1486//1316 1632//1454 1630//1452
f 1631//1453 1633//1455 1487//1317
f 1633//1455 1631//1453 1765//1579
f 1766//1580 1632//1454 1634//1456
f 1488//1318 1634//1456 1632//1454
f 1633//1455 1635//1457 1489//1319
f 1635//1457 1633//1455 1767//1581
f 1768//1582 1634//1456 1636//1458
f 1490//1320 1636//1458 1634//1456
f 1635//1457 1637//1459 1491//1321
f 1637//1459 1635//1457 1769//1583
f 1770//1584 1636//1458 1638//1460
f 1492//1322 1638//1460 1636//1458
f 1637//1459 1640//1462 1494//1324
f 1640//1462 1637//1459 1771//1585
f 1772//1586 1638//1460 1641//1463
f 1495//1325 1641//1463 1638//1460
f 1640//1462 1773//1587 1639//1461
f 1773//1587 1640//1462 1774//1588
f 1775//1589 1641//1463 1776//1590
f 1642//1464 1776//1590 1641//1463
f 1644//26 1777//6 1643//26
f 1777//6 1644//26 1778//6
f 1779//5 1645//25 1780//5
f 1646//25 1780//5 1645//25
f 1648//1466 1781//1591 1647//1465
f 1781//1591 1648//1466 1782//1592
f 1783//1593 1649//1467 1784//1594
f 1650//1468 1784//1594 1649//1467
f 1501//1327 1785//1595 1651//1469
f 1785//1595 1501//1327 1647//1465
f 1650//1468 1504//1330 1786//1596
f 1652//1470 1786//1596 1504//1330
f 1505//1331 1787//1597 1653//1471
f 1787//1597 1505//1331 1651//1469
f 1652//1470 1506//1332 1788//1598
f 1654//1472 1788//1598 1506//1332
f 1507//1333 1789//1599 1655//1473
f 1789//1599 1507//1333 1653//1471
f 1654//1472 1508//1334 1790//1600
f 1656//1474 1790//1600 1508//1334
f 1509//1335 1791//1601 1657//1475
f 1791//1601 1509//1335 1655//1473
f 1656//1474 1510//1336 1792//1602
f 1658//1476 1792//1602 1510//1336
f 1511//1337 1793//1603 1659//1477
f 1793//1603 1511//1337 1657//1475
f 1658//1476 1512//1338 1794//1604
f 1660//1478 1794//1604 1512//1338
f 1513//1339 1795//1605 1661//1479
f 1795//1605 1513//1339 1659//1477
f 1660//1478 1514//1340 1796//1606
f 1662//1480 1796//1606 1514//1340
f 1661//1479 1663//1481 1515//1341
f 1663//1481 1661//1479 1669//1487
f 1670//1488 1662//1480 1664//1482
f 1516//1342 1664//1482 1662//1480
f 1666//1484 1603//1425 1665//1483
f 1603//1425 1666//1484 1739//1553
f 1740//1554 1667//1485 1604//1426
f 1668//1486 1604//1426 1667//1485
f 1795//1605 1669//1487 1661//1479
f 1669//1487 1795//1605 1671//1489
f 1672//1490 1796//1606 1670//1488
f 1662//1480 1670//1488 1796//1606
f 1797//1607 1671//1489 1795//1605
f 1671//1489 1797//1607 1673//1491
f 1674//1492 1798//1608 1672//1490
f 1796//1606 1672//1490 1798//1608
f 1799//1609 1673//1491 1797//1607
f 1673//1491 1799//1609 1675//1493
f 1676//1494 1800//1610 1674//1492
f 1798//1608 1674//1492 1800//1610
f 1801//1611 1675//1493 1799//1609
f 1675//1493 1801//1611 1677//1495
f 1678//1496 1802//1612 1676//1494
f 1800//1610 1676//1494 1802//1612
f 1803//1613 1677//1495 1801//1611
f 1677//1495 1803//1613 1679//1497
f 1680//1498 1804//1614 1678//1496
f 1802//1612 1678//1496 1804//1614
f 1803//1613 1681//1499 1679//1497
f 1681//1499 1803//1613 1805//1615
f 1806//1616 1804//1614 1682//1500
f 1680//1498 1682//1500 1804//1614
f 1805//1615 1683//1501 1681//1499
f 1683//1501 1805//1615 1807//1617
f 1808//1618 1806//1616 1684//1502
f 1682//1500 1684//1502 1806//1616
f 1807//1617 1685//1503 1683//1501
f 1685//1503 1807//1617 1809//1619
f 1810//1620 1808//1618 1686//1504
f 1684//1502 1686//1504 1808//1618
f 1809//1619 1687//1505 1685//1503
f 1687//1505 1809//1619 1811//1621
f 1812//1622 1810//1620 1688//1506
f 1686//1504 1688//1506 1810//1620
f 1811//1621 1689//1507 1687//1505
f 1689//1507 1811//1621 1813//1623
f 1814//1624 1812//1622 1690//1508
f 1688//1506 1690//1508 1812//1622
f 1813//1623 1691//1509 1689//1507
f 1691//1509 1813//1623 1815//1625
f 1816//1626 1814//1624 1692//1510
f 1690//1508 1692//1510 1814//1624
f 1815//1625 1693//1511 1691//1509
f 1693//1511 1815//1625 1817//1627
f 1818//1628 1816//1626 1694//1512
f 1692//1510 1694//1512 1816//1626
f 1817//1627 1695//1513 1693//1511
f 1695//1513 1817//1627 1819//1629
f 1820//1630 1818//1628 1696//1514
f 1694//1512 1696//1514 1818//1628
f 1819//1629 1697//1515 1695//1513
f 1697//1515 1819//1629 1821//1631
f 1822//1632 1820//1630 1698//1516
f 1696//1514 1698//1516 1820//1630
f 1697//1515 1823//1633 1699//1517
f 1823//1633 1697//1515 1821//1631
f 1822//1632 1698//1516 1824//1634
f 1700//1518 1824//1634 1698//1516
f 1699//1517 1825//1635 1701//1519
f 1825//1635 1699//1517 1823//1633
f 1824//1634 1700//1518 1826//1636
f 1702//1520 1826//1636 1700//1518
f 1701//1519 1827//1637 1703//1521
f 1827//1637 1701//1519 1825//1635
f 1826//1636 1702//1520 1828//1638
f 1704//1522 1828//1638 1702//1520
f 1703//1521 1739//1553 1666//1484
f 1739//1553 1703//1521 1827//1637
f 1828//1638 1704//1522 1740//1554
f 1667//1485 1740//1554 1704//1522
f 1705//16 1829//4 1830//4
f 1829//4 1705//16 1706//16
f 1708//15 1707//15 1831//2
f 1832//2 1831//2 1707//15
f 1710//1524 1833//1639 1834//1640
f 1833//1639 1710//1524 1709//1523
f 1711//1525 1712//1526 1835//1641
f 1836//1642 1835//1641 1712//1526
f 1714//1528 1837//1643 1838//1644
f 1837//1643 1714//1528 1713//1527
f 1715//1529 1716//1530 1839//1645
f 1840//1646 1839//1645 1716//1530
f 1717//1531 1710//1524 1841//1647
f 1710//1524 1717//1531 1574//1396
f 1576//1398 1718//1532 1712//1526
f 1842//1648 1712//1526 1718//1532
f 1577//1399 1843//1649 1713//1527
f 1843//1649 1577//1399 1719//1533
f 1720//1534 1579//1401 1844//1650
f 1715//1529 1844//1650 1579//1401
f 1721//1535 1717//1531 1845//1651
f 1717//1531 1721//1535 1581//1403
f 1582//1404 1722//1536 1718//1532
f 1846//1652 1718//1532 1722//1536
f 1583//1405 1847//1653 1719//1533
f 1847//1653 1583//1405 1723//1537
f 1724//1538 1584//1406 1848//1654
f 1720//1534 1848//1654 1584//1406
f 1725//1539 1721//1535 1849//1655
f 1721//1535 1725//1539 1585//1407
f 1586//1408 1726//1540 1722//1536
f 1850//1656 1722//1536 1726//1540
f 1587//1409 1851//1657 1723//1537
f 1851//1657 1587//1409 1727//1541
f 1728//1542 1588//1410 1852//1658
f 1724//1538 1852//1658 1588//1410
f 1853//1659 1589//1411 1725//1539
f 1589//1411 1853//1659 1729//1543
f 1730//1544 1854//1660 1590//1412
f 1726//1540 1590//1412 1854//1660
f 1727//1541 1731//1545 1855//1661
f 1731//1545 1727//1541 1591//1413
f 1592//1414 1728//1542 1732//1546
f 1856//1662 1732//1546 1728//1542
f 1857//1663 1593//1415 1729//1543
f 1593//1415 1857//1663 1733//1547
f 1734//1548 1858//1664 1594//1416
f 1730//1544 1594//1416 1858//1664
f 1731//1545 1735//1549 1859//1665
f 1735//1549 1731//1545 1595//1417
f 1596//1418 1732//1546 1736//1550
f 1860//1666 1736//1550 1732//1546
f 1733//1547 1737//1551 1597//1419
f 1737//1551 1733//1547 1861//1667
f 1862//1668 1734//1548 1738//1552
f 1598//1420 1738//1552 1734//1548
f 1735//1549 1739//1553 1827//1637
f 1739//1553 1735//1549 1599//1421
f 1600//1422 1736//1550 1740//1554
f 1828//1638 1740//1554 1736//1550
f 1737//1551 1741//1555 1601//1423
f 1741//1555 1737//1551 1863//1669
f 1864//1670 1738//1552 1742//1556
f 1602//1424 1742//1556 1738//1552
f 1741//1555 1743//1557 1605//1427
f 1743//1557 1741//1555 1865//1671
f 1866//1672 1742//1556 1744//1558
f 1606//1428 1744//1558 1742//1556
f 1743//1557 1745//1559 1609//1431
f 1745//1559 1743//1557 1867//1673
f 1868//1674 1744//1558 1746//1560
f 1610//1432 1746//1560 1744//1558
f 1745//1559 1747//1561 1611//1433
f 1747//1561 1745//1559 1869//1675
f 1870//1676 1746//1560 1748//1562
f 1612//1434 1748//1562 1746//1560
f 1747//1561 1749//1563 1613//1435
f 1749//1563 1747//1561 1871//1677
f 1872//1678 1748//1562 1750//1564
f 1614//1436 1750//1564 1748//1562
f 1873//1679 1619//1441 1751//1565
f 1619//1441 1873//1679 1753//1567
f 1754//1568 1874//1680 1620//1442
f 1752//1566 1620//1442 1874//1680
f 1875//1681 1621//1443 1753//1567
f 1621//1443 1875//1681 1755//1569
f 1756//1570 1876//1682 1622//1444
f 1754//1568 1622//1444 1876//1682
f 1877//1683 1623//1445 1755//1569
f 1623//1445 1877//1683 1757//1571
f 1758//1572 1878//1684 1624//1446
f 1756//1570 1624//1446 1878//1684
f 1879//1685 1625//1447 1757//1571
f 1625//1447 1879//1685 1759//1573
f 1760//1574 1880//1686 1626//1448
f 1758//1572 1626//1448 1880//1686
f 1881//1687 1627//1449 1759//1573
f 1627//1449 1881//1687 1761//1575
f 1762//1576 1882//1688 1628//1450
f 1760//1574 1628//1450 1882//1688
f 1883//1689 1629//1451 1761//1575
f 1629//1451 1883//1689 1763//1577
f 1764//1578 1884//1690 1630//1452
f 1762//1576 1630//1452 1884//1690
f 1763//1577 1765//1579 1631//1453
f 1765//1579 1763//1577 1885//1691
f 1886//1692 1764//1578 1766//1580
f 1632//1454 1766//1580 1764//1578
f 1765//1579 1767//1581 1633//1455
f 1767//1581 1765//1579 1887//1693
f 1888//1694 1766//1580 1768//1582
f 1634//1456 1768//1582 1766//1580
f 1767//1581 1769//1583 1635//1457
f 1769//1583 1767//1581 1889//1695
f 1890//1696 1768//1582 1770//1584
f 1636//1458 1770//1584 1768//1582
f 1769//1583 1771//1585 1637//1459
f 1771//1585 1769//1583 1891//1697
f 1892//1698 1770//1584 1772//1586
f 1638//1460 1772//1586 1770//1584
f 1771//1585 1774//1588 1640//1462
f 1774//1588 1771//1585 1893//1699
f 1894//1700 1772//1586 1775//1589
f 1641//1463 1775//1589 1772//1586
f 1774//1588 1895//1701 1773//1587
f 1895//1701 1774//1588 1896//1702
f 1897//1703 1775//1589 1898//1704
f 1776//1590 1898//1704 1775//1589
f 1778//6 1899//3 1777//6
f 1899//3 1778//6 1900//3
f 1901//1 1779//5 1902//1
f 1780//5 1902//1 1779//5
f 1782//1592 1903//1705 1781//1591
f 1903//1705 1782//1592 1904//1706
f 1905//1707 1783//1593 1906//1708
f 1784//1594 1906//1708 1783//1593
f 1647//1465 1907//1709 1785//1595
f 1907//1709 1647//1465 1781//1591
f 1784//1594 1650//1468 1908//1710
f 1786//1596 1908//1710 1650//1468
f 1651//1469 1909//1711 1787//1597
f 1909//1711 1651//1469 1785//1595
f 1786//1596 1652//1470 1910//1712
f 1788//1598 1910//1712 1652//1470
f 1653//1471 1911//1713 1789//1599
f 1911//1713 1653//1471 1787//1597
f 1788//1598 1654//1472 1912//1714
f 1790//1600 1912//1714 1654//1472
f 1655//1473 1913//1715 1791//1601
f 1913//1715 1655//1473 1789//1599
f 1790//1600 1656//1474 1914//1716
f 1792//1602 1914//1716 1656//1474
f 1657//1475 1915//1717 1793//1603
f 1915//1717 1657//1475 1791//1601
f 1792//1602 1658//1476 1916//1718
f 1794//1604 1916//1718 1658//1476
f 1659//1477 1797//1607 1795//1605
f 1797//1607 1659//1477 1793//1603
f 1794//1604 1660//1478 1798//1608
f 1796//1606 1798//1608 1660//1478
f 1793//1603 1799//1609 1797//1607
f 1799//1609 1793//1603 1915//1717
f 1916//1718 1794//1604 1800//1610
f 1798//1608 1800//1610 1794//1604
f 1915//1717 1801//1611 1799//1609
f 1801//1611 1915//1717 1917//1719
f 1918//1720 1916//1718 1802//1612
f 1800//1610 1802//1612 1916//1718
f 1917//1719 1803//1613 1801//1611
f 1803//1613 1917//1719 1919//1721
f 1920//1722 1918//1720 1804//1614
f 1802//1612 1804//1614 1918//1720
f 1919//1721 1805//1615 1803//1613
f 1805//1615 1919//1721 1921//1723
f 1922//1724 1920//1722 1806//1616
f 1804//1614 1806//1616 1920//1722
f 1921//1723 1807//1617 1805//1615
f 1807//1617 1921//1723 1923//1725
f 1924//1726 1922//1724 1808//1618
f 1806//1616 1808//1618 1922//1724
f 1923//1725 1809//1619 1807//1617
f 1809//1619 1923//1725 1925//1727
f 1926//1728 1924//1726 1810//1620
f 1808//1618 1810//1620 1924//1726
f 1925//1727 1811//1621 1809//1619
f 1811//1621 1925//1727 1927//1729
f 1928//1730 1926//1728 1812//1622
f 1810//1620 1812//1622 1926//1728
f 1929//1731 1811//1621 1927//1729
f 1811//1621 1929//1731 1813//1623
f 1814//1624 1930//1732 1812//1622
f 1928//1730 1812//1622 1930//1732
f 1931//1733 1813//1623 1929//1731
f 1813//1623 1931//1733 1815//1625
f 1816//1626 1932//1734 1814//1624
f 1930//1732 1814//1624 1932//1734
f 1933//1735 1815//1625 1931//1733
f 1815//1625 1933//1735 1817//1627
f 1818//1628 1934//1736 1816//1626
f 1932//1734 1816//1626 1934//1736
f 1935//1737 1817//1627 1933//1735
f 1817//1627 1935//1737 1819//1629
f 1820//1630 1936//1738 1818//1628
f 1934//1736 1818//1628 1936//1738
f 1937//1739 1819//1629 1935//1737
f 1819//1629 1937//1739 1821//1631
f 1822//1632 1938//1740 1820//1630
f 1936//1738 1820//1630 1938//1740
f 1939//1741 1821//1631 1937//1739
f 1821//1631 1939//1741 1823//1633
f 1824//1634 1940//1742 1822//1632
f 1938//1740 1822//1632 1940//1742
f 1939//1741 1825//1635 1823//1633
f 1825//1635 1939//1741 1859//1665
f 1860//1666 1940//1742 1826//1636
f 1824//1634 1826//1636 1940//1742
f 1859//1665 1827//1637 1825//1635
f 1827//1637 1859//1665 1735//1549
f 1736//1550 1860//1666 1828//1638
f 1826//1636 1828//1638 1860//1666
f 1830//4 1899//3 1900//3
f 1899//3 1830//4 1829//4
f 1831//2 1832//2 1902//1
f 1901//1 1902//1 1832//2
f 1834//1640 1941//1743 1942//1744
f 1941//1743 1834//1640 1833//1639
f 1835//1641 1836//1642 1943//1745
f 1944//1746 1943//1745 1836//1642
f 1838//1644 1945//1747 1946//1748
f 1945//1747 1838//1644 1837//1643
f 1839//1645 1840//1646 1947//1749
f 1948//1750 1947//1749 1840//1646
f 1841//1647 1834//1640 1949//1751
f 1834//1640 1841//1647 1710//1524
f 1712//1526 1842//1648 1836//1642
f 1950//1752 1836//1642 1842//1648
f 1713//1527 1951//1753 1837//1643
f 1951//1753 1713//1527 1843//1649
f 1844//1650 1715//1529 1952//1754
f 1839//1645 1952//1754 1715//1529
f 1845//1651 1841//1647 1953//1755
f 1841//1647 1845//1651 1717//1531
f 1718//1532 1846//1652 1842//1648
f 1954//1756 1842//1648 1846//1652
f 1719//1533 1955//1757 1843//1649
f 1955//1757 1719//1533 1847//1653
f 1848//1654 1720//1534 1956//1758
f 1844//1650 1956//1758 1720//1534
f 1849//1655 1845//1651 1957//1759
f 1845//1651 1849//1655 1721//1535
f 1722//1536 1850//1656 1846//1652
f 1958//1760 1846//1652 1850//1656
f 1723//1537 1959//1761 1847//1653
f 1959//1761 1723//1537 1851//1657
f 1852//1658 1724//1538 1960//1762
f 1848//1654 1960//1762 1724//1538
f 1853//1659 1849//1655 1961//1763
f 1849//1655 1853//1659 1725//1539
f 1726//1540 1854//1660 1850//1656
f 1962//1764 1850//1656 1854//1660
f 1727//1541 1963//1765 1851//1657
f 1963//1765 1727//1541 1855//1661
f 1856//1662 1728//1542 1964//1766
f 1852//1658 1964//1766 1728//1542
f 1965//1767 1729//1543 1853//1659
f 1729//1543 1965//1767 1857//1663
f 1858//1664 1966//1768 1730//1544
f 1854//1660 1730//1544 1966//1768
f 1855//1661 1859//1665 1939//1741
f 1859//1665 1855//1661 1731//1545
f 1732//1546 1856//1662 1860//1666
f 1940//1742 1860//1666 1856//1662
f 1857//1663 1861//1667 1733//1547
f 1861//1667 1857//1663 1967//1769
f 1968//1770 1858//1664 1862//1668
f 1734//1548 1862//1668 1858//1664
f 1861//1667 1863//1669 1737//1551
f 1863//1669 1861//1667 1969//1771
f 1970//1772 1862//1668 1864//1670
f 1738//1552 1864//1670 1862//1668
f 1863//1669 1865//1671 1741//1555
f 1865//1671 1863//1669 1971//1773
f 1972//1774 1864//1670 1866//1672
f 1742//1556 1866//1672 1864//1670
f 1865//1671 1867//1673 1743//1557
f 1867//1673 1865//1671 1973//1775
f 1974//1776 1866//1672 1868//1674
f 1744//1558 1868//1674 1866//1672
f 1867//1673 1869//1675 1745//1559
f 1869//1675 1867//1673 1975//1777
f 1976//1778 1868//1674 1870//1676
f 1746//1560 1870//1676 1868//1674
f 1869//1675 1871//1677 1747//1561
f 1871//1677 1869//1675 1977//1779
f 1978//1780 1870//1676 1872//1678
f 1748//1562 1872//1678 1870//1676
f 1979//1781 1753//1567 1873//1679
f 1753//1567 1979//1781 1875//1681
f 1876//1682 1980//1782 1754//1568
f 1874//1680 1754//1568 1980//1782
f 1981//1783 1755//1569 1875//1681
f 1755//1569 1981//1783 1877//1683
f 1878//1684 1982//1784 1756//1570
f 1876//1682 1756//1570 1982//1784
f 1983//1785 1757//1571 1877//1683
f 1757//1571 1983//1785 1879//1685
f 1880//1686 1984//1786 1758//1572
f 1878//1684 1758//1572 1984//1786
f 1985//1787 1759//1573 1879//1685
f 1759//1573 1985//1787 1881//1687
f 1882//1688 1986//1788 1760//1574
f 1880//1686 1760//1574 1986//1788
f 1987//1789 1761//1575 1881//1687
f 1761//1575 1987//1789 1883//1689
f 1884//1690 1988//1790 1762//1576
f 1882//1688 1762//1576 1988//1790
f 1989//1791 1763//1577 1883//1689
f 1763//1577 1989//1791 1885//1691
f 1886//1692 1990//1792 1764//1578
f 1884//1690 1764//1578 1990//1792
f 1885//1691 1887//1693 1765//1579
f 1887//1693 1885//1691 1991//1793
f 1992//1794 1886//1692 1888//1694
f 1766//1580 1888//1694 1886//1692
f 1887//1693 1889//1695 1767//1581
f 1889//1695 1887//1693 1993//1795
f 1994//1796 1888//1694 1890//1696
f 1768//1582 1890//1696 1888//1694
f 1889//1695 1891//1697 1769//1583
f 1891//1697 1889//1695 1995//1797
f 1996//1798 1890//1696 1892//1698
f 1770//1584 1892//1698 1890//1696
f 1891//1697 1893//1699 1771//1585
f 1893//1699 1891//1697 1997//1799
f 1998//1800 1892//1698 1894//1700
f 1772//1586 1894//1700 1892//1698
f 1893//1699 1896//1702 1774//1588
f 1896//1702 1893//1699 1999//1801
f 2000//1802 1894//1700 1897//1703
f 1775//1589 1897//1703 1894//1700
f 1896//1702 2001//1803 1895//1701
f 2001//1803 1896//1702 2002//1804
f 2003//1805 1897//1703 2004//1806
f 1898//1704 2004//1806 1897//1703
f 1904//1706 2005//1807 1903//1705
f 2005//1807 1904//1706 2006//1808
f 2007//1809 1905//1707 2008//1810
f 1906//1708 2008//1810 1905//1707
f 1781//1591 2009//1811 1907//1709
f 2009//1811 1781//1591 1903//1705
f 1906//1708 1784//1594 2010//1812
f 1908//1710 2010//1812 1784//1594
f 1785//1595 2011//1813 1909//1711
f 2011//1813 1785//1595 1907//1709
f 1908//1710 1786//1596 2012//1814
f 1910//1712 2012//1814 1786//1596
f 1787//1597 2013//1815 1911//1713
f 2013//1815 1787//1597 1909//1711
f 1910//1712 1788//1598 2014//1816
f 1912//1714 2014//1816 1788//1598
f 1789//1599 2015//1817 1913//1715
f 2015//1817 1789//1599 1911//1713
f 1912//1714 1790//1600 2016//1818
f 1914//1716 2016//1818 1790//1600
f 1791//1601 1917//1719 1915//1717
f 1917//1719 1791//1601 1913//1715
f 1914//1716 1792//1602 1918//1720
f 1916//1718 1918//1720 1792//1602
f 1913//1715 1919//1721 1917//1719
f 1919//1721 1913//1715 2015//1817
f 2016//1818 1914//1716 1920//1722
f 1918//1720 1920//1722 1914//1716
f 2015//1817 1921//1723 1919//1721
f 1921//1723 2015//1817 2017//1819
f 2018//1820 2016//1818 1922//1724
f 1920//1722 1922//1724 2016//1818
f 2017//1819 1923//1725 1921//1723
f 1923//1725 2017//1819 2019//1821
f 2020//1822 2018//1820 1924//1726
f 1922//1724 1924//1726 2018//1820
f 2019//1821 1925//1727 1923//1725
f 1925//1727 2019//1821 2021//1823
f 2022//1824 2020//1822 1926//1728
f 1924//1726 1926//1728 2020//1822
f 2021//1823 1927//1729 1925//1727
f 1927//1729 2021//1823 2023//1825
f 2024//1826 2022//1824 1928//1730
f 1926//1728 1928//1730 2022//1824
f 2025//1827 1927//1729 2023//1825
f 1927//1729 2025//1827 1929//1731
f 1930//1732 2026//1828 1928//1730
f 2024//1826 1928//1730 2026//1828
f 2027//1829 1929//1731 2025//1827
f 1929//1731 2027//1829 1931//1733
f 1932//1734 2028//1830 1930//1732
f 2026//1828 1930//1732 2028//1830
f 2029//1831 1931//1733 2027//1829
f 1931//1733 2029//1831 1933//1735
f 1934//1736 2030//1832 1932//1734
f 2028//1830 1932//1734 2030//1832
f 2031//1833 1933//1735 2029//1831
f 1933//1735 2031//1833 1935//1737
f 1936//1738 2032//1834 1934//1736
f 2030//1832 1934//1736 2032//1834
f 1963//1765 1935//1737 2031//1833
f 1935//1737 1963//1765 1937//1739
f 1938//1740 1964//1766 1936//1738
f 2032//1834 1936//1738 1964//1766
f 1855//1661 1937//1739 1963//1765
f 1937//1739 1855//1661 1939//1741
f 1940//1742 1856//1662 1938//1740
f 1964//1766 1938//1740 1856//1662
f 1942//1744 2001//1803 2002//1804
f 2001//1803 1942//1744 1941//1743
f 1943//1745 1944//1746 2004//1806
f 2003//1805 2004//1806 1944//1746
f 1946//1748 2005//1807 2006//1808
f 2005//1807 1946//1748 1945//1747
f 1947//1749 1948//1750 2008//1810
f 2007//1809 2008//1810 1948//1750
f 1949//1751 1942//1744 2033//1835
f 1942//1744 1949//1751 1834//1640
f 1836//1642 1950//1752 1944//1746
f 2034//1836 1944//1746 1950//1752
f 1837//1643 2035//1837 1945//1747
f 2035//1837 1837//1643 1951//1753
f 1952//1754 1839//1645 2036//1838
f 1947//1749 2036//1838 1839//1645
f 1953//1755 1949//1751 2037//1839
f 1949//1751 1953//1755 1841//1647
f 1842//1648 1954//1756 1950//1752
f 2038//1840 1950//1752 1954//1756
f 1843//1649 2039//1841 1951//1753
f 2039//1841 1843//1649 1955//1757
f 1956//1758 1844//1650 2040//1842
f 1952//1754 2040//1842 1844//1650
f 1957//1759 1953//1755 2041//1843
f 1953//1755 1957//1759 1845//1651
f 1846//1652 1958//1760 1954//1756
f 2042//1844 1954//1756 1958//1760
f 1847//1653 2043//1845 1955//1757
f 2043//1845 1847//1653 1959//1761
f 1960//1762 1848//1654 2044//1846
f 1956//1758 2044//1846 1848//1654
f 1961//1763 1957//1759 2045//1847
f 1957//1759 1961//1763 1849//1655
f 1850//1656 1962//1764 1958//1760
f 2046//1848 1958//1760 1962//1764
f 1851//1657 2031//1833 1959//1761
f 2031//1833 1851//1657 1963//1765
f 1964//1766 1852//1658 2032//1834
f 1960//1762 2032//1834 1852//1658
f 1965//1767 1961//1763 2047//1849
f 1961//1763 1965//1767 1853//1659
f 1854//1660 1966//1768 1962//1764
f 2048//1850 1962//1764 1966//1768
f 1965//1767 1967//1769 1857//1663
f 1967//1769 1965//1767 2049//1851
f 2050//1852 1966//1768 1968//1770
f 1858//1664 1968//1770 1966//1768
f 1967//1769 1969//1771 1861//1667
f 1969//1771 1967//1769 2051//1853
f 2052//1854 1968//1770 1970//1772
f 1862//1668 1970//1772 1968//1770
f 1969//1771 1971//1773 1863//1669
f 1971//1773 1969//1771 2053//1855
f 2054//1856 1970//1772 1972//1774
f 1864//1670 1972//1774 1970//1772
f 1971//1773 1973//1775 1865//1671
f 1973//1775 1971//1773 2055//1857
f 2056//1858 1972//1774 1974//1776
f 1866//1672 1974//1776 1972//1774
f 1973//1775 1975//1777 1867//1673
f 1975//1777 1973//1775 2057//1859
f 2058//1860 1974//1776 1976//1778
f 1868//1674 1976//1778 1974//1776
f 1975//1777 1977//1779 1869//1675
f 1977//1779 1975//1777 2059//1861
f 2060//1862 1976//1778 1978//1780
f 1870//1676 1978//1780 1976//1778
f 2061//1863 1875//1681 1979//1781
f 1875//1681 2061//1863 1981//1783
f 1982//1784 2062//1864 1876//1682
f 1980//1782 1876//1682 2062//1864
f 2063//1865 1877//1683 1981//1783
f 1877//1683 2063//1865 1983//1785
f 1984//1786 2064//1866 1878//1684
f 1982//1784 1878//1684 2064//1866
f 2065//1867 1879//1685 1983//1785
f 1879//1685 2065//1867 1985//1787
f 1986//1788 2066//1868 1880//1686
f 1984//1786 1880//1686 2066//1868
f 2067//1869 1881//1687 1985//1787
f 1881//1687 2067//1869 1987//1789
f 1988//1790 2068//1870 1882//1688
f 1986//1788 1882//1688 2068//1870
f 2069//1871 1883//1689 1987//1789
f 1883//1689 2069//1871 1989//1791
f 1990//1792 2070//1872 1884//1690
f 1988//1790 1884//1690 2070//1872
f 2071//1873 1885//1691 1989//1791
f 1885//1691 2071//1873 1991//1793
f 1992//1794 2072//1874 1886//1692
f 1990//1792 1886//1692 2072//1874
f 1991//1793 1993//1795 1887//1693
f 1993//1795 1991//1793 2073//1875
f 2074//1876 1992//1794 1994//1796
f 1888//1694 1994//1796 1992//1794
f 1993//1795 1995//1797 1889//1695
f 1995//1797 1993//1795 2075//1877
f 2076//1878 1994//1796 1996//1798
f 1890//1696 1996//1798 1994//1796
f 1995//1797 1997//1799 1891//1697
f 1997//1799 1995//1797 2077//1879
f 2078//1880 1996//1798 1998//1800
f 1892//1698 1998//1800 1996//1798
f 1997//1799 1999//1801 1893//1699
f 1999//1801 1997//1799 2079//1881
f 2080//1882 1998//1800 2000//1802
f 1894//1700 2000//1802 1998//1800
f 1999//1801 2002//1804 1896//1702
f 2002//1804 1999//1801 2081//1883
f 2082//1884 2000//1802 2003//1805
f 1897//1703 2003//1805 2000//1802
f 1903//1705 2083//1885 2009//1811
f 2083//1885 1903//1705 2005//1807
f 2008//1810 1906//1708 2084//1886
f 2010//1812 2084//1886 1906//1708
f 1907//1709 2085//1887 2011//1813
f 2085//1887 1907//1709 2009//1811
f 2010//1812 1908//1710 2086//1888
f 2012//1814 2086//1888 1908//1710
f 1909//1711 2087//1889 2013//1815
f 2087//1889 1909//1711 2011//1813
f 2012//1814 1910//1712 2088//1890
f 2014//1816 2088//1890 1910//1712
f 1911//1713 2017//1819 2015//1817
f 2017//1819 1911//1713 2013//1815
f 2014//1816 1912//1714 2018//1820
f 2016//1818 2018//1820 1912//1714
f 2013//1815 2019//1821 2017//1819
f 2019//1821 2013//1815 2087//1889
f 2088//1890 2014//1816 2020//1822
f 2018//1820 2020//1822 2014//1816
f 2087//1889 2021//1823 2019//1821
f 2021//1823 2087//1889 2089//1891
f 2090//1892 2088//1890 2022//1824
f 2020//1822 2022//1824 2088//1890
f 2089//1891 2023//1825 2021//1823
f 2023//1825 2089//1891 2091//1893
f 2092//1894 2090//1892 2024//1826
f 2022//1824 2024//1826 2090//1892
f 2093//1895 2023//1825 2091//1893
f 2023//1825 2093//1895 2025//1827
f 2026//1828 2094//1896 2024//1826
f 2092//1894 2024//1826 2094//1896
f 2095//1897 2025//1827 2093//1895
f 2025//1827 2095//1897 2027//1829
f 2028//1830 2096//1898 2026//1828
f 2094//1896 2026//1828 2096//1898
f 2043//1845 2027//1829 2095//1897
f 2027//1829 2043//1845 2029//1831
f 2030//1832 2044//1846 2028//1830
f 2096//1898 2028//1830 2044//1846
f 1959//1761 2029//1831 2043//1845
f 2029//1831 1959//1761 2031//1833
f 2032//1834 1960//1762 2030//1832
f 2044//1846 2030//1832 1960//1762
f 2033//1835 2002//1804 2081//1883
f 2002//1804 2033//1835 1942//1744
f 1944//1746 2034//1836 2003//1805
f 2082//1884 2003//1805 2034//1836
f 1945//1747 2083//1885 2005//1807
f 2083//1885 1945//1747 2035//1837
f 2036//1838 1947//1749 2084//1886
f 2008//1810 2084//1886 1947//1749
f 2037//1839 2033//1835 2097//1899
f 2033//1835 2037//1839 1949//1751
f 1950//1752 2038//1840 2034//1836
f 2098//1900 2034//1836 2038//1840
f 1951//1753 2099//1901 2035//1837
f 2099//1901 1951//1753 2039//1841
f 2040//1842 1952//1754 2100//1902
f 2036//1838 2100//1902 1952//1754
f 2041//1843 2037//1839 2101//1903
f 2037//1839 2041//1843 1953//1755
f 1954//1756 2042//1844 2038//1840
f 2102//1904 2038//1840 2042//1844
f 1955//1757 2095//1897 2039//1841
f 2095//1897 1955//1757 2043//1845
f 2044//1846 1956//1758 2096//1898
f 2040//1842 2096//1898 1956//1758
f 2045//1847 2041//1843 2103//1905
f 2041//1843 2045//1847 1957//1759
f 1958//1760 2046//1848 2042//1844
f 2104//1906 2042//1844 2046//1848
f 2047//1849 2045//1847 2105//1907
f 2045//1847 2047//1849 1961//1763
f 1962//1764 2048//1850 2046//1848
f 2106//1908 2046//1848 2048//1850
f 2047//1849 2049//1851 1965//1767
f 2049//1851 2047//1849 2107//1909
f 2108//1910 2048//1850 2050//1852
f 1966//1768 2050//1852 2048//1850
f 2049//1851 2051//1853 1967//1769
f 2051//1853 2049//1851 2109//1911
f 2110//1912 2050//1852 2052//1854
f 1968//1770 2052//1854 2050//1852
f 2051//1853 2053//1855 1969//1771
f 2053//1855 2051//1853 2111//1913
f 2112//1914 2052//1854 2054//1856
f 1970//1772 2054//1856 2052//1854
f 2053//1855 2055//1857 1971//1773
f 2055//1857 2053//1855 2113//1915
f 2114//1916 2054//1856 2056//1858
f 1972//1774 2056//1858 2054//1856
f 2055//1857 2057//1859 1973//1775
f 2057//1859 2055//1857 2115//1917
f 2116//1918 2056//1858 2058//1860
f 1974//1776 2058//1860 2056//1858
f 2057//1859 2059//1861 1975//1777
f 2059//1861 2057//1859 2117//1919
f 2118//1920 2058//1860 2060//1862
f 1976//1778 2060//1862 2058//1860
f 2119//1921 1981//1783 2061//1863
f 1981//1783 2119//1921 2063//1865
f 2064//1866 2120//1922 1982//1784
f 2062//1864 1982//1784 2120//1922
f 2121//1923 1983//1785 2063//1865
f 1983//1785 2121//1923 2065//1867
f 2066//1868 2122//1924 1984//1786
f 2064//1866 1984//1786 2122//1924
f 2123//1925 1985//1787 2065//1867
f 1985//1787 2123//1925 2067//1869
f 2068//1870 2124//1926 1986//1788
f 2066//1868 1986//1788 2124//1926
f 2125//1927 1987//1789 2067//1869
f 1987//1789 2125//1927 2069//1871
f 2070//1872 2126//1928 1988//1790
f 2068//1870 1988//1790 2126//1928
f 2127//1929 1989//1791 2069//1871
f 1989//1791 2127//1929 2071//1873
f 2072//1874 2128//1930 1990//1792
f 2070//1872 1990//1792 2128//1930
f 2129//1931 1991//1793 2071//1873
f 1991//1793 2129//1931 2073//1875
f 2074//1876 2130//1932 1992//1794
f 2072//1874 1992//1794 2130//1932
f 2073//1875 2075//1877 1993//1795
f 2075//1877 2073//1875 2131//1933
f 2132//1934 2074//1876 2076//1878
f 1994//1796 2076//1878 2074//1876
f 2075//1877 2077//1879 1995//1797
f 2077//1879 2075//1877 2133//1935
f 2134//1936 2076//1878 2078//1880
f 1996//1798 2078//1880 2076//1878
f 2077//1879 2079//1881 1997//1799
f 2079//1881 2077//1879 2135//1937
f 2136//1938 2078//1880 2080//1882
f 1998//1800 2080//1882 2078//1880
f 2079//1881 2081//1883 1999//1801
f 2081//1883 2079//1881 2137//1939
f 2138//1940 2080//1882 2082//1884
f 2000//1802 2082//1884 2080//1882
f 2009//1811 2139//1941 2085//1887
f 2139//1941 2009//1811 2083//1885
f 2084//1886 2010//1812 2140//1942
f 2086//1888 2140//1942 2010//1812
f 2011//1813 2089//1891 2087//1889
f 2089//1891 2011//1813 2085//1887
f 2086//1888 2012//1814 2090//1892
f 2088//1890 2090//1892 2012//1814
f 2085//1887 2091//1893 2089//1891
f 2091//1893 2085//1887 2139//1941
f 2140//1942 2086//1888 2092//1894
f 2090//1892 2092//1894 2086//1888
f 2099//1901 2091//1893 2139//1941
f 2091//1893 2099//1901 2093//1895
f 2094//1896 2100//1902 2092//1894
f 2140//1942 2092//1894 2100//1902
f 2039//1841 2093//1895 2099//1901
f 2093//1895 2039//1841 2095//1897
f 2096//1898 2040//1842 2094//1896
f 2100//1902 2094//1896 2040//1842
f 2097//1899 2081//1883 2137//1939
f 2081//1883 2097//1899 2033//1835
f 2034//1836 2098//1900 2082//1884
f 2138//1940 2082//1884 2098//1900
f 2035//1837 2139//1941 2083//1885
f 2139//1941 2035//1837 2099//1901
f 2100//1902 2036//1838 2140//1942
f 2084//1886 2140//1942 2036//1838
f 2101//1903 2097//1899 2141//1943
f 2097//1899 2101//1903 2037//1839
f 2038//1840 2102//1904 2098//1900
f 2142//1944 2098//1900 2102//1904
f 2103//1905 2101//1903 2143//1945
f 2101//1903 2103//1905 2041//1843
f 2042//1844 2104//1906 2102//1904
f 2144//1946 2102//1904 2104//1906
f 2105//1907 2103//1905 2145//1947
f 2103//1905 2105//1907 2045//1847
f 2046//1848 2106//1908 2104//1906
f 2146//1948 2104//1906 2106//1908
f 2147//1949 2047//1849 2105//1907
f 2047//1849 2147//1949 2107//1909
f 2108//1910 2148//1950 2048//1850
f 2106//1908 2048//1850 2148//1950
f 2107//1909 2109//1911 2049//1851
f 2109//1911 2107//1909 2149//1951
f 2150//1952 2108//1910 2110//1912
f 2050//1852 2110//1912 2108//1910
f 2109//1911 2111//1913 2051//1853
f 2111//1913 2109//1911 2151//1953
f 2152//1954 2110//1912 2112//1914
f 2052//1854 2112//1914 2110//1912
f 2111//1913 2113//1915 2053//1855
f 2113//1915 2111//1913 2153//1955
f 2154//1956 2112//1914 2114//1916
f 2054//1856 2114//1916 2112//1914
f 2113//1915 2115//1917 2055//1857
f 2115//1917 2113//1915 2155//1957
f 2156//1958 2114//1916 2116//1918
f 2056//1858 2116//1918 2114//1916
f 2115//1917 2117//1919 2057//1859
f 2117//1919 2115//1917 2157//1959
f 2158//1960 2116//1918 2118//1920
f 2058//1860 2118//1920 2116//1918
f 2159//1961 2063//1865 2119//1921
f 2063//1865 2159//1961 2121//1923
f 2122//1924 2160//1962 2064//1866
f 2120//1922 2064//1866 2160//1962
f 2161//1963 2065//1867 2121//1923
f 2065//1867 2161//1963 2123//1925
f 2124//1926 2162//1964 2066//1868
f 2122//1924 2066//1868 2162//1964
f 2163//1965 2067//1869 2123//1925
f 2067//1869 2163//1965 2125//1927
f 2126//1928 2164//1966 2068//1870
f 2124//1926 2068//1870 2164//1966
f 2165//1967 2069//1871 2125//1927
f 2069//1871 2165//1967 2127//1929
f 2128//1930 2166//1968 2070//1872
f 2126//1928 2070//1872 2166//1968
f 2167//1969 2071//1873 2127//1929
f 2071//1873 2167//1969 2129//1931
f 2130//1932 2168//1970 2072//1874
f 2128//1930 2072//1874 2168//1970
f 2129//1931 2131//1933 2073//1875
f 2131//1933 2129//1931 2169//1971
f 2170//1972 2130//1932 2132//1934
f 2074//1876 2132//1934 2130//1932
f 2131//1933 2133//1935 2075//1877
f 2133//1935 2131//1933 2171//1973
f 2172//1974 2132//1934 2134//1936
f 2076//1878 2134//1936 2132//1934
f 2133//1935 2135//1937 2077//1879
f 2135//1937 2133//1935 2173//1975
f 2174//1976 2134//1936 2136//1938
f 2078//1880 2136//1938 2134//1936
f 2135//1937 2137//1939 2079//1881
f 2137//1939 2135//1937 2175//1977
f 2176//1978 2136//1938 2138//1940
f 2080//1882 2138//1940 2136//1938
f 2141//1943 2137//1939 2175//1977
f 2137//1939 2141//1943 2097//1899
f 2098//1900 2142//1944 2138//1940
f 2176//1978 2138//1940 2142//1944
f 2143//1945 2141//1943 2177//1979
f 2141//1943 2143//1945 2101//1903
f 2102//1904 2144//1946 2142//1944
f 2178//1980 2142//1944 2144//1946
f 2145//1947 2143//1945 2179//1981
f 2143//1945 2145//1947 2103//1905
f 2104//1906 2146//1948 2144//1946
f 2180//1982 2144//1946 2146//1948
f 2181//1983 2105//1907 2145//1947
f 2105//1907 2181//1983 2147//1949
f 2148//1950 2182//1984 2106//1908
f 2146//1948 2106//1908 2182//1984
f 2183//1985 2107//1909 2147//1949
f 2107//1909 2183//1985 2149//1951
f 2150//1952 2184//1986 2108//1910
f 2148//1950 2108//1910 2184//1986
f 2149//1951 2151//1953 2109//1911
f 2151//1953 2149//1951 2185//1987
f 2186//1988 2150//1952 2152//1954
f 2110//1912 2152//1954 2150//1952
f 2151//1953 2153//1955 2111//1913
f 2153//1955 2151//1953 2187//1989
f 2188//1990 2152//1954 2154//1956
f 2112//1914 2154//1956 2152//1954
f 2153//1955 2155//1957 2113//1915
f 2155//1957 2153//1955 2189//1991
f 2190//1992 2154//1956 2156//1958
f 2114//1916 2156//1958 2154//1956
f 2155//1957 2157//1959 2115//1917
f 2157//1959 2155//1957 2191//1993
f 2192//1994 2156//1958 2158//1960
f 2116//1918 2158//1960 2156//1958
f 2193//1995 2121//1923 2159//1961
f 2121//1923 2193//1995 2161//1963
f 2162//1964 2194//1996 2122//1924
f 2160//1962 2122//1924 2194//1996
f 2195//1997 2123//1925 2161//1963
f 2123//1925 2195//1997 2163//1965
f 2164//1966 2196//1998 2124//1926
f 2162//1964 2124//1926 2196//1998
f 2197//1999 2125//1927 2163//1965
f 2125//1927 2197//1999 2165//1967
f 2166//1968 2198//2000 2126//1928
f 2164//1966 2126//1928 2198//2000
f 2199//2001 2127//1929 2165//1967
f 2127//1929 2199//2001 2167//1969
f 2168//1970 2200//2002 2128//1930
f 2166//1968 2128//1930 2200//2002
f 2167//1969 2169//1971 2129//1931
f 2169//1971 2167//1969 2201//2003
f 2202//2004 2168//1970 2170//1972
f 2130//1932 2170//1972 2168//1970
f 2169//1971 2171//1973 2131//1933
f 2171//1973 2169//1971 2203//2005
f 2204//2006 2170//1972 2172//1974
f 2132//1934 2172//1974 2170//1972
f 2171//1973 2173//1975 2133//1935
f 2173//1975 2171//1973 2205//2007
f 2206//2008 2172//1974 2174//1976
f 2134//1936 2174//1976 2172//1974
f 2173//1975 2175//1977 2135//1937
f 2175//1977 2173//1975 2207//2009
f 2208//2010 2174//1976 2176//1978
f 2136//1938 2176//1978 2174//1976
f 2177//1979 2175//1977 2207//2009
f 2175//1977 2177//1979 2141//1943
f 2142//1944 2178//1980 2176//1978
f 2208//2010 2176//1978 2178//1980
f 2209//2011 2143//1945 2177//1979
f 2143//1945 2209//2011 2179//1981
f 2180//1982 2210//2012 2144//1946
f 2178//1980 2144//1946 2210//2012
f 2211//2013 2145//1947 2179//1981
f 2145//1947 2211//2013 2181//1983
f 2182//1984 2212//2014 2146//1948
f 2180//1982 2146//1948 2212//2014
f 2213//2015 2147//1949 2181//1983
f 2147//1949 2213//2015 2183//1985
f 2184//1986 2214//2016 2148//1950
f 2182//1984 2148//1950 2214//2016
f 2215//2017 2149//1951 2183//1985
f 2149//1951 2215//2017 2185//1987
f 2186//1988 2216//2018 2150//1952
f 2184//1986 2150//1952 2216//2018
f 2185//1987 2187//1989 2151//1953
f 2187//1989 2185//1987 2217//2019
f 2218//2020 2186//1988 2188//1990
f 2152//1954 2188//1990 2186//1988
f 2187//1989 2189//1991 2153//1955
f 2189//1991 2187//1989 2219//2021
f 2220//2022 2188//1990 2190//1992
f 2154//1956 2190//1992 2188//1990
f 2189//1991 2191//1993 2155//1957
f 2191//1993 2189//1991 2221//2023
f 2222//2024 2190//1992 2192//1994
f 2156//1958 2192//1994 2190//1992
f 2223//2025 2161//1963 2193//1995
f 2161//1963 2223//2025 2195//1997
f 2196//1998 2224//2026 2162//1964
f 2194//1996 2162//1964 2224//2026
f 2225//2027 2163//1965 2195//1997
f 2163//1965 2225//2027 2197//1999
f 2198//2000 2226//2028 2164//1966
f 2196//1998 2164//1966 2226//2028
f 2227//2029 2165//1967 2197//1999
f 2165//1967 2227//2029 2199//2001
f 2200//2002 2228//2030 2166//1968
f 2198//2000 2166//1968 2228//2030
f 2199//2001 2201//2003 2167//1969
f 2201//2003 2199//2001 2229//2031
f 2230//2032 2200//2002 2202//2004
f 2168//1970 2202//2004 2200//2002
f 2201//2003 2203//2005 2169//1971
f 2203//2005 2201//2003 2231//2033
f 2232//2034 2202//2004 2204//2006
f 2170//1972 2204//2006 2202//2004
f 2203//2005 2205//2007 2171//1973
f 2205//2007 2203//2005 2233//2035
f 2234//2036 2204//2006 2206//2008
f 2172//1974 2206//2008 2204//2006
f 2205//2007 2207//2009 2173//1975
f 2207//2009 2205//2007 2235//2037
f 2236//2038 2206//2008 2208//2010
f 2174//1976 2208//2010 2206//2008
f 2235//2037 2177//1979 2207//2009
f 2177//1979 2235//2037 2209//2011
f 2210//2012 2236//2038 2178//1980
f 2208//2010 2178//1980 2236//2038
f 2237//2039 2179//1981 2209//2011
f 2179//1981 2237//2039 2211//2013
f 2212//2014 2238//2040 2180//1982
f 2210//2012 2180//1982 2238//2040
f 2239//2041 2181//1983 2211//2013
f 2181//1983 2239//2041 2213//2015
f 2214//2016 2240//2042 2182//1984
f 2212//2014 2182//1984 2240//2042
f 2241//2043 2183//1985 2213//2015
f 2183//1985 2241//2043 2215//2017
f 2216//2018 2242//2044 2184//1986
f 2214//2016 2184//1986 2242//2044
f 2243//2045 2185//1987 2215//2017
f 2185//1987 2243//2045 2217//2019
f 2218//2020 2244//2046 2186//1988
f 2216//2018 2186//1988 2244//2046
f 2217//2019 2219//2021 2187//1989
f 2219//2021 2217//2019 2245//2047
f 2246//2048 2218//2020 2220//2022
f 2188//1990 2220//2022 2218//2020
f 2219//2021 2221//2023 2189//1991
f 2221//2023 2219//2021 2247//2049
f 2248//2050 2220//2022 2222//2024
f 2190//1992 2222//2024 2220//2022
f 2249//2051 2195//1997 2223//2025
f 2195//1997 2249//2051 2225//2027
f 2226//2028 2250//2052 2196//1998
f 2224//2026 2196//1998 2250//2052
f 2251//2053 2197//1999 2225//2027
f 2197//1999 2251//2053 2227//2029
f 2228//2030 2252//2054 2198//2000
f 2226//2028 2198//2000 2252//2054
f 2227//2029 2229//2031 2199//2001
f 2229//2031 2227//2029 2253//2055
f 2254//2056 2228//2030 2230//2032
f 2200//2002 2230//2032 2228//2030
f 2229//2031 2231//2033 2201//2003
f 2231//2033 2229//2031 2255//2057
f 2256//2058 2230//2032 2232//2034
f 2202//2004 2232//2034 2230//2032
f 2231//2033 2233//2035 2203//2005
f 2233//2035 2231//2033 2257//2059
f 2258//2060 2232//2034 2234//2036
f 2204//2006 2234//2036 2232//2034
f 2233//2035 2235//2037 2205//2007
f 2235//2037 2233//2035 2259//2061
f 2260//2062 2234//2036 2236//2038
f 2206//2008 2236//2038 2234//2036
f 2259//2061 2209//2011 2235//2037
f 2209//2011 2259//2061 2237//2039
f 2238//2040 2260//2062 2210//2012
f 2236//2038 2210//2012 2260//2062
f 2261//2063 2211//2013 2237//2039
f 2211//2013 2261//2063 2239//2041
f 2240//2042 2262//2064 2212//2014
f 2238//2040 2212//2014 2262//2064
f 2263//2065 2213//2015 2239//2041
f 2213//2015 2263//2065 2241//2043
f 2242//2044 2264//2066 2214//2016
f 2240//2042 2214//2016 2264//2066
f 2265//2067 2215//2017 2241//2043
f 2215//2017 2265//2067 2243//2045
f 2244//2046 2266//2068 2216//2018
f 2242//2044 2216//2018 2266//2068
f 2267//2069 2217//2019 2243//2045
f 2217//2019 2267//2069 2245//2047
f 2246//2048 2268//2070 2218//2020
f 2244//2046 2218//2020 2268//2070
f 2245//2047 2247//2049 2219//2021
f 2247//2049 2245//2047 2269//2071
f 2270//2072 2246//2048 2248//2050
f 2220//2022 2248//2050 2246//2048
f 2271//2073 2225//2027 2249//2051
f 2225//2027 2271//2073 2251//2053
f 2252//2054 2272//2074 2226//2028
f 2250//2052 2226//2028 2272//2074
f 2251//2053 2253//2055 2227//2029
f 2253//2055 2251//2053 2273//2075
f 2274//2076 2252//2054 2254//2056
f 2228//2030 2254//2056 2252//2054
f 2253//2055 2255//2057 2229//2031
f 2255//2057 2253//2055 2275//2077
f 2276//2078 2254//2056 2256//2058
f 2230//2032 2256//2058 2254//2056
f 2255//2057 2257//2059 2231//2033
f 2257//2059 2255//2057 2277//2079
f 2278//2080 2256//2058 2258//2060
f 2232//2034 2258//2060 2256//2058
f 2257//2059 2259//2061 2233//2035
f 2259//2061 2257//2059 2279//2081
f 2280//2082 2258//2060 2260//2062
f 2234//2036 2260//2062 2258//2060
f 2279//2081 2237//2039 2259//2061
f 2237//2039 2279//2081 2261//2063
f 2262//2064 2280//2082 2238//2040
f 2260//2062 2238//2040 2280//2082
f 2281//2083 2239//2041 2261//2063
f 2239//2041 2281//2083 2263//2065
f 2264//2066 2282//2084 2240//2042
f 2262//2064 2240//2042 2282//2084
f 2283//2085 2241//2043 2263//2065
f 2241//2043 2283//2085 2265//2067
f 2266//2068 2284//2086 2242//2044
f 2264//2066 2242//2044 2284//2086
f 2285//2087 2243//2045 2265//2067
f 2243//2045 2285//2087 2267//2069
f 2268//2070 2286//2088 2244//2046
f 2266//2068 2244//2046 2286//2088
f 2287//2089 2245//2047 2267//2069
f 2245//2047 2287//2089 2269//2071
f 2270//2072 2288//2090 2246//2048
f 2268//2070 2246//2048 2288//2090
f 2271//2073 2273//2075 2251//2053
f 2273//2075 2271//2073 2289//2091
f 2290//2092 2272//2074 2274//2076
f 2252//2054 2274//2076 2272//2074
f 2273//2075 2275//2077 2253//2055
f 2275//2077 2273//2075 2291//2093
f 2292//2094 2274//2076 2276//2078
f 2254//2056 2276//2078 2274//2076
f 2275//2077 2277//2079 2255//2057
f 2277//2079 2275//2077 2293//2095
f 2294//2096 2276//2078 2278//2080
f 2256//2058 2278//2080 2276//2078
f 2277//2079 2279//2081 2257//2059
f 2279//2081 2277//2079 2295//2097
f 2296//2098 2278//2080 2280//2082
f 2258//2060 2280//2082 2278//2080
f 2295//2097 2261//2063 2279//2081
f 2261//2063 2295//2097 2281//2083
f 2282//2084 2296//2098 2262//2064
f 2280//2082 2262//2064 2296//2098
f 2297//2099 2263//2065 2281//2083
f 2263//2065 2297//2099 2283//2085
f 2284//2086 2298//2100 2264//2066
f 2282//2084 2264//2066 2298//2100
f 2299//2101 2265//2067 2283//2085
f 2265//2067 2299//2101 2285//2087
f 2286//2088 2300//2102 2266//2068
f 2284//2086 2266//2068 2300//2102
f 2301//2103 2267//2069 2285//2087
f 2267//2069 2301//2103 2287//2089
f 2288//2090 2302//2104 2268//2070
f 2286//2088 2268//2070 2302//2104
f 2289//2091 2291//2093 2273//2075
f 2291//2093 2289//2091 2303//2105
f 2304//2106 2290//2092 2292//2094
f 2274//2076 2292//2094 2290//2092
f 2291//2093 2293//2095 2275//2077
f 2293//2095 2291//2093 2305//2107
f 2306//2108 2292//2094 2294//2096
f 2276//2078 2294//2096 2292//2094
f 2293//2095 2295//2097 2277//2079
f 2295//2097 2293//2095 2307//2109
f 2308//2110 2294//2096 2296//2098
f 2278//2080 2296//2098 2294//2096
f 2307//2109 2281//2083 2295//2097
f 2281//2083 2307//2109 2297//2099
f 2298//2100 2308//2110 2282//2084
f 2296//2098 2282//2084 2308//2110
f 2309//2111 2283//2085 2297//2099
f 2283//2085 2309//2111 2299//2101
f 2300//2102 2310//2112 2284//2086
f 2298//2100 2284//2086 2310//2112
f 2311//2113 2285//2087 2299//2101
f 2285//2087 2311//2113 2301//2103
f 2302//2104 2312//2114 2286//2088
f 2300//2102 2286//2088 2312//2114
f 2303//2105 2305//2107 2291//2093
f 2305//2107 2303//2105 2313//2115
f 2314//2116 2304//2106 2306//2108
f 2292//2094 2306//2108 2304//2106
f 2305//2107 2307//2109 2293//2095
f 2307//2109 2305//2107 2315//2117
f 2316//2118 2306//2108 2308//2110
f 2294//2096 2308//2110 2306//2108
f 2315//2117 2297//2099 2307//2109
f 2297//2099 2315//2117 2309//2111
f 2310//2112 2316//2118 2298//2100
f 2308//2110 2298//2100 2316//2118
f 2317//2119 2299//2101 2309//2111
f 2299//2101 2317//2119 2311//2113
f 2312//2114 2318//2120 2300//2102
f 2310//2112 2300//2102 2318//2120
f 2313//2115 2315//2117 2305//2107
f 2315//2117 2313//2115 2319//2121
f 2320//2122 2314//2116 2316//2118
f 2306//2108 2316//2118 2314//2116
f 2319//2121 2309//2111 2315//2117
f 2309//2111 2319//2121 2317//2119
f 2318//2120 2320//2122 2310//2112
f 2316//2118 2310//2112 2320//2122
