# SSTK version 0.8.0
# 94
mtllib original-94.mtl
o #ID388
v -0.01723761 0.87139962 0.48373115
v -0.01615598 0.86350861 0.48976591
v -0.01731863 0.87090230 0.49059802
v -0.01621517 0.86409193 0.48337973
v -0.01622204 0.86417226 0.48328474
v -0.01723299 0.87139440 0.48381388
v -0.01625657 0.86362044 0.48982344
v -0.01723088 0.87095517 0.49053947
v -0.01722023 0.87170419 0.47689359
v -0.01627733 0.86421007 0.47683476
v -0.01630031 0.86429106 0.47679250
v -0.01732403 0.87174549 0.47693956
v -0.01335624 0.85661695 0.48894487
v -0.01334209 0.85723876 0.48295692
v -0.01330916 0.85714054 0.48304563
v -0.01342441 0.85665751 0.48903526
v -0.01624960 0.86261746 0.49617910
v -0.01718507 0.86998918 0.49731103
v -0.01628338 0.86260838 0.49620526
v -0.01725881 0.87001227 0.49732016
v -0.01616147 0.87880627 0.48421125
v -0.01625137 0.87820652 0.49136451
v -0.01622265 0.87894809 0.48417634
v -0.01619119 0.87824250 0.49146552
v -0.01728892 0.87168858 0.19790244
v -0.01625591 0.86422112 0.19793979
v -0.01634538 0.86422363 0.19806280
v -0.01716755 0.87171811 0.19806492
v -0.01348366 0.85727605 0.47683411
v -0.01337586 0.85741260 0.47681791
v -0.01629618 0.87902618 0.47716358
v -0.01624335 0.87903022 0.47699708
v -0.00884329 0.85072084 0.48823687
v -0.00877374 0.85128689 0.48271093
v -0.00876337 0.85125436 0.48267208
v -0.00888508 0.85065335 0.48823287
v -0.01343429 0.85578911 0.49492547
v -0.01345231 0.85569301 0.49487042
v -0.01615412 0.86136004 0.50247015
v -0.01717953 0.86853532 0.50404925
v -0.01621331 0.86133596 0.50232112
v -0.01726944 0.86849605 0.50403601
v -0.01623846 0.87715238 0.49865651
v -0.01627788 0.87718292 0.49873377
v -0.01342843 0.88576577 0.48470254
v -0.01332515 0.88513502 0.49226671
v -0.01334972 0.88580227 0.48466529
v -0.01329220 0.88505938 0.49229350
v 0.00408175 0.84392454 0.19796443
v 0.01878653 0.84392252 0.19805903
v 0.01153492 0.84293189 0.19804972
v -0.00288572 0.84677565 0.19805968
v 0.02582298 0.84686825 0.19790139
v -0.00885078 0.85135899 0.19804803
v 0.03178646 0.85137569 0.19806083
v -0.01344684 0.85725704 0.19795497
v 0.03633213 0.85724294 0.19805569
v -0.01632681 0.86425342 0.19798390
v 0.03914284 0.86434018 0.19805641
v -0.01732057 0.87161955 0.19803109
v 0.04019958 0.87162510 0.19789818
v -0.01617280 0.87906110 0.19801683
v 0.03921261 0.87917164 0.19790041
v -0.01346247 0.88607426 0.19797094
v 0.03630950 0.88605098 0.19801096
v -0.00879778 0.89201855 0.19806160
v 0.03182157 0.89192671 0.19803111
v -0.00286341 0.89650131 0.19797752
v 0.02575005 0.89655540 0.19793960
v 0.00405079 0.89937610 0.19800835
v 0.01878651 0.89941766 0.19789561
v 0.01143868 0.90045925 0.19799076
v 0.01151447 0.90031707 0.19804643
v 0.00396722 0.89933257 0.19792774
v 0.01891606 0.89936810 0.19795547
v 0.02579824 0.89658556 0.19793951
v -0.00297430 0.89659631 0.19800911
v 0.03176613 0.89197471 0.19791064
v -0.00890589 0.89199964 0.19793100
v 0.03619314 0.88608474 0.19791606
v -0.01334184 0.88599951 0.19790737
v 0.03915153 0.87920277 0.19790820
v -0.01630942 0.87902429 0.19795791
v 0.04017771 0.87166544 0.19792443
v -0.01730731 0.87164436 0.19792690
v 0.03918203 0.86435431 0.19794038
v -0.01634176 0.86431514 0.19798540
v 0.03635979 0.85743919 0.19796871
v -0.01334898 0.85731627 0.19795817
v 0.03179292 0.85135081 0.19806868
v -0.00873936 0.85146210 0.19807572
v 0.02575668 0.84678331 0.19801506
v -0.00292071 0.84691497 0.19805833
v 0.01877809 0.84389416 0.19788211
v 0.00408760 0.84403646 0.19803802
v 0.01151648 0.84308640 0.19788374
v -0.01330971 0.85726580 0.19803045
v -0.01332566 0.85732265 0.19801717
v -0.01630349 0.87913377 0.19801353
v -0.01622649 0.87919114 0.19798130
v -0.00883894 0.85146164 0.47676213
v -0.00884714 0.85143724 0.47657855
v -0.01337006 0.88606728 0.47720642
v -0.01341528 0.88602336 0.47724164
v -0.00293920 0.84660417 0.48229037
v -0.00290090 0.84623799 0.48783922
v -0.00279647 0.84630537 0.48773959
v -0.00280623 0.84658822 0.48245996
v -0.00879572 0.84989558 0.49384745
v -0.00875884 0.84984672 0.49382821
v -0.01332813 0.85451007 0.50085723
v -0.01332036 0.85451104 0.50090333
v -0.01626491 0.85963399 0.50855889
v -0.01714351 0.86674875 0.51069947
v -0.01630103 0.85972845 0.50865663
v -0.01725561 0.86692282 0.51066943
v -0.01630796 0.87574539 0.50582858
v -0.01628954 0.87584798 0.50577577
v -0.01335997 0.88401416 0.49979270
v -0.01337430 0.88398573 0.49972429
v -0.00887760 0.89164811 0.48502584
v -0.00875157 0.89095804 0.49286745
v -0.00887240 0.89168747 0.48502633
v -0.00874886 0.89096955 0.49297836
v 0.03913717 0.86430386 0.47691601
v 0.04016748 0.87175056 0.19798812
v 0.04019722 0.87163031 0.47697770
v 0.03921936 0.86426683 0.19791726
v 0.03915711 0.86420208 0.19793749
v 0.03925396 0.86431420 0.47677969
v 0.04021289 0.87164308 0.19802095
v 0.04021606 0.87165166 0.47689485
v 0.03629888 0.85725130 0.47674774
v 0.03623208 0.85743005 0.19790641
v 0.03619413 0.85725885 0.19793989
v 0.03623557 0.85728504 0.47678294
v 0.03177774 0.85143648 0.47659133
v 0.03167142 0.85140159 0.19792007
v 0.03164489 0.85130250 0.19803501
v 0.03167583 0.85146242 0.47674939
v 0.02581236 0.84676579 0.19804022
v 0.02586804 0.84693598 0.47666804
v 0.02582992 0.84678566 0.19805145
v 0.02571990 0.84689008 0.47650719
v 0.01877778 0.84402096 0.19793023
v 0.01879173 0.84388998 0.47648801
v 0.01879835 0.84389240 0.19795214
v 0.01879036 0.84389198 0.47649343
v 0.01155108 0.84309011 0.19790841
v 0.01145960 0.84296539 0.47651842
v 0.01142067 0.84308580 0.19789932
v 0.01147836 0.84308765 0.47656292
v 0.00404346 0.84393132 0.19802558
v 0.00408303 0.84400337 0.47665029
v 0.00395675 0.84394652 0.19795364
v 0.00410176 0.84389308 0.47663202
v -0.00295175 0.84679277 0.19807486
v -0.00298737 0.84683589 0.47668666
v -0.00297693 0.84692307 0.19788988
v -0.00284547 0.84690835 0.47667131
v -0.00874557 0.85144693 0.19805628
v -0.00874369 0.85137289 0.19805388
v -0.01341459 0.88593945 0.19801470
v -0.01346957 0.88611842 0.19797215
v -0.00888780 0.89188607 0.19793196
v -0.00873058 0.89194205 0.47717582
v -0.00892363 0.89203733 0.19793625
v -0.00882770 0.89186717 0.47732435
v -0.00297206 0.89647625 0.47734557
v -0.00297409 0.89653629 0.19792814
v -0.00283491 0.89653934 0.19805787
v -0.00295793 0.89656508 0.47736265
v 0.00404152 0.89935837 0.47729518
v 0.00399006 0.89937705 0.19804139
v 0.00393777 0.89934077 0.19792651
v 0.00395128 0.89948024 0.47737926
v 0.01153079 0.90030856 0.47746700
v 0.01139352 0.90040773 0.19802068
v 0.01152948 0.90028675 0.19797988
v 0.01136600 0.90040372 0.47729698
v 0.01894125 0.89945196 0.47731782
v 0.01885319 0.89943687 0.19802800
v 0.01896384 0.89934048 0.19798168
v 0.01884934 0.89939748 0.47741231
v 0.02577028 0.89649472 0.47736534
v 0.02579031 0.89661064 0.19801144
v 0.02582409 0.89655388 0.19799422
v 0.02569961 0.89651327 0.47722613
v 0.03173773 0.89191474 0.47728437
v 0.03168239 0.89205320 0.19792930
v 0.03175207 0.89187203 0.19799934
v 0.03171163 0.89203594 0.47727285
v 0.03631638 0.88610483 0.47709045
v 0.03619727 0.88604131 0.19797934
v 0.03635190 0.88602052 0.19800326
v 0.03627470 0.88597927 0.47720741
v 0.03909082 0.87919781 0.47714728
v 0.03914044 0.87906633 0.19792968
v 0.03916582 0.87901975 0.19800674
v 0.03914874 0.87917343 0.47706328
v 0.00401185 0.84391295 0.48216505
v 0.00403552 0.84343714 0.48750770
v 0.00405932 0.84337143 0.48737205
v 0.00405616 0.84375878 0.48218666
v -0.00290539 0.84551491 0.49307036
v -0.00287405 0.84547057 0.49320933
v -0.00872725 0.84871695 0.49946334
v -0.00884410 0.84873959 0.49939437
v -0.01344454 0.85306668 0.50661109
v -0.01342130 0.85309769 0.50655390
v -0.01613121 0.85782204 0.51472714
v -0.01716534 0.86479531 0.51710565
v -0.01621549 0.85774328 0.51461442
v -0.01725607 0.86462059 0.51715175
v -0.01629366 0.87386638 0.51271540
v -0.01621280 0.87403998 0.51279265
v -0.01339401 0.88251243 0.50735598
v -0.01346114 0.88261923 0.50733320
v -0.00883064 0.88984253 0.50085285
v -0.00888209 0.88997488 0.50073573
v -0.00295617 0.89627212 0.48519702
v -0.00282799 0.89556559 0.49337471
v -0.00290164 0.89550680 0.49336583
v -0.00296493 0.89624507 0.48518028
v 0.03919478 0.86408120 0.48342167
v 0.04021301 0.87151755 0.48368275
v 0.03921319 0.86410691 0.48340413
v 0.04013883 0.87156230 0.48374336
v 0.03638443 0.85721711 0.48305340
v 0.03634065 0.85723083 0.48304255
v 0.03167068 0.85118552 0.48269984
v 0.03173363 0.85123702 0.48266573
v 0.02574056 0.84663049 0.48239419
v 0.02570096 0.84663727 0.48241348
v 0.01895382 0.84388775 0.48221789
v 0.01891181 0.84383447 0.48222734
v 0.01142873 0.84293618 0.48220006
v 0.01137852 0.84274475 0.48217593
v 0.00394165 0.89906589 0.48537651
v 0.00395982 0.89918729 0.48534937
v 0.01138398 0.90014944 0.48548388
v 0.01140551 0.90019949 0.48542558
v 0.01896023 0.89915668 0.48538334
v 0.01890794 0.89909751 0.48533687
v 0.02584597 0.89620526 0.48524835
v 0.02578693 0.89634766 0.48529946
v 0.03173678 0.89176150 0.48498275
v 0.03167693 0.89182031 0.48502562
v 0.03621599 0.88574567 0.48465809
v 0.03635044 0.88587308 0.48470129
v 0.03907501 0.87884176 0.48423420
v 0.03919326 0.87892295 0.48414126
v 0.01135661 0.84243703 0.48723298
v 0.01146719 0.84242069 0.48733973
v 0.00398932 0.84271092 0.49255186
v 0.00400357 0.84257807 0.49261377
v -0.00289404 0.84439058 0.49840698
v -0.00281389 0.84427335 0.49850383
v -0.00889896 0.84744220 0.50500066
v -0.00884622 0.84736828 0.50492540
v -0.01333695 0.85112048 0.51232845
v -0.01337827 0.85130342 0.51240521
v -0.01619450 0.85545887 0.52074527
v -0.01711449 0.86230109 0.52352632
v -0.01628996 0.85530742 0.52057389
v -0.01728447 0.86231796 0.52346654
v -0.01629727 0.87165942 0.51959663
v -0.01617076 0.87179845 0.51971684
v -0.01337015 0.88052845 0.51477232
v -0.01340712 0.88051342 0.51467671
v -0.00889712 0.88840942 0.50868644
v -0.00883363 0.88839282 0.50871983
v -0.00280249 0.89447188 0.50161805
v -0.00283289 0.89438591 0.50162305
v 0.00406785 0.89850032 0.49370304
v 0.00405435 0.89851758 0.49385218
v 0.03923752 0.86346998 0.48974159
v 0.04010046 0.87080518 0.49048816
v 0.03923186 0.86360335 0.48966132
v 0.04018274 0.87084263 0.49064318
v 0.03631110 0.85659107 0.48902618
v 0.03628649 0.85672123 0.48888114
v 0.03172338 0.85084687 0.48837005
v 0.03172786 0.85065328 0.48818811
v 0.02588461 0.84615622 0.48773656
v 0.02589255 0.84617621 0.48769696
v 0.01877801 0.84331849 0.48733245
v 0.01897381 0.84332434 0.48733311
v 0.01141772 0.89933039 0.49389511
v 0.01148384 0.89931171 0.49391677
v 0.01893772 0.89844096 0.49371109
v 0.01886087 0.89851544 0.49369793
v 0.02585179 0.89561250 0.49337020
v 0.02580284 0.89562251 0.49349298
v 0.03164121 0.89106147 0.49284347
v 0.03181362 0.89112613 0.49285560
v 0.03632045 0.88524524 0.49220087
v 0.03639281 0.88514922 0.49218499
v 0.03909845 0.87835789 0.49147944
v 0.03918180 0.87827012 0.49148062
v 0.01143250 0.84158509 0.49248220
v 0.01144700 0.84156643 0.49253129
v 0.00400744 0.84163728 0.49782951
v 0.00402230 0.84156505 0.49770268
v -0.00283026 0.84302905 0.50372288
v -0.00286296 0.84293061 0.50360495
v -0.00875736 0.84563924 0.51042857
v -0.00885273 0.84565962 0.51040431
v -0.01343622 0.84892241 0.51792561
v -0.01339122 0.84907547 0.51797863
v -0.01615262 0.85272989 0.52659208
v -0.01720106 0.85942830 0.52975742
v -0.01618520 0.85274777 0.52652852
v -0.01719965 0.85933529 0.52977056
v -0.01626737 0.86904141 0.52642410
v -0.01614576 0.86903706 0.52647344
v -0.01333974 0.87829351 0.52205993
v -0.01338082 0.87830541 0.52203984
v -0.00890178 0.88638373 0.51645041
v -0.00873278 0.88628807 0.51630832
v -0.00291300 0.89275424 0.50971008
v -0.00287133 0.89282744 0.50973928
v 0.00401406 0.89717154 0.50212752
v 0.00401088 0.89715148 0.50214485
v 0.03911980 0.86259176 0.49599943
v 0.04004755 0.86985088 0.49736135
v 0.03917438 0.86254538 0.49616130
v 0.04017218 0.86996325 0.49736566
v 0.03632672 0.85577783 0.49489347
v 0.03638859 0.85581826 0.49482658
v 0.03166362 0.84999050 0.49394896
v 0.03174562 0.84992050 0.49394105
v 0.02570677 0.84536360 0.49315643
v 0.02575702 0.84548226 0.49316201
v 0.01887516 0.84257023 0.49272275
v 0.01891209 0.84270751 0.49268517
v 0.01155582 0.89816557 0.50223484
v 0.01137652 0.89820332 0.50233178
v 0.01884266 0.89730569 0.50212130
v 0.01879063 0.89722805 0.50207948
v 0.02581244 0.89435102 0.50158204
v 0.02586849 0.89439596 0.50165989
v 0.03167152 0.88983728 0.50079795
v 0.03167680 0.88993842 0.50085664
v 0.03630893 0.88400916 0.49980518
v 0.03620558 0.88407946 0.49979420
v 0.03921272 0.87716065 0.49858979
v 0.03921731 0.87715060 0.49852956
v 0.01139044 0.84062346 0.49761784
v 0.01142914 0.84071795 0.49751855
v 0.00405945 0.84026788 0.50283330
v 0.00404123 0.84025684 0.50282458
v -0.00294618 0.84139429 0.50878674
v -0.00286575 0.84130439 0.50884493
v -0.00889549 0.84356492 0.51562378
v -0.00874867 0.84350701 0.51568122
v -0.01342291 0.84642691 0.52354198
v -0.01326103 0.84643771 0.52353268
v -0.01622235 0.84964788 0.53220590
v -0.01716875 0.85621332 0.53582894
v -0.01627661 0.84966269 0.53214780
v -0.01723637 0.85614274 0.53589271
v -0.01611385 0.86609803 0.53307459
v -0.01619585 0.86596285 0.53301035
v -0.01341214 0.87548996 0.52906247
v -0.01343045 0.87550753 0.52920841
v -0.00870866 0.88377745 0.52406008
v -0.00889584 0.88379374 0.52397448
v -0.00277493 0.89074636 0.51766115
v -0.00287867 0.89064125 0.51763814
v 0.00414248 0.89556544 0.51037693
v 0.00395683 0.89554194 0.51031969
v 0.03908903 0.86132825 0.50236327
v 0.04017368 0.86863528 0.50399448
v 0.03907932 0.86132304 0.50241740
v 0.04020311 0.86858369 0.50393302
v 0.03630197 0.85454586 0.50082047
v 0.03621039 0.85455076 0.50075970
v 0.03177442 0.84879041 0.49937357
v 0.03174120 0.84873819 0.49934523
v 0.02588473 0.84441479 0.49845286
v 0.02586422 0.84438039 0.49850505
v 0.01892907 0.84162227 0.49775188
v 0.01885394 0.84153534 0.49775845
v 0.01142833 0.89654077 0.51055362
v 0.01144432 0.89657329 0.51063515
v 0.01890648 0.89560870 0.51023249
v 0.01888221 0.89558816 0.51026578
v 0.02584295 0.89273894 0.50975395
v 0.02588154 0.89287373 0.50965018
v 0.03169805 0.88826289 0.50855044
v 0.03180597 0.88835157 0.50864827
v 0.03631676 0.88251455 0.50725045
v 0.03633930 0.88253387 0.50735730
v 0.03910634 0.87582861 0.50570692
v 0.03912455 0.87583828 0.50564559
v 0.01155264 0.83936604 0.50248652
v 0.01139722 0.83924449 0.50253225
v 0.00397624 0.83866586 0.50778374
v 0.00409854 0.83862453 0.50778505
v -0.00291777 0.83939039 0.51377119
v -0.00287957 0.83944100 0.51395219
v -0.00871779 0.84123393 0.52081317
v -0.00875146 0.84109180 0.52076528
v -0.01337175 0.84377054 0.52884822
v -0.01341531 0.84380002 0.52885532
v -0.01617980 0.84633307 0.53773035
v -0.01711043 0.85269775 0.54169597
v -0.01609424 0.84636181 0.53764208
v -0.01709236 0.85269310 0.54174720
v -0.01614527 0.86274623 0.53956237
v -0.01611032 0.86267359 0.53938983
v -0.01336663 0.87234709 0.53609641
v -0.01331298 0.87223756 0.53604493
v -0.00885246 0.88096967 0.53139979
v -0.00882161 0.88099827 0.53141098
v -0.00294895 0.88803243 0.52562568
v -0.00281349 0.88804516 0.52553644
v 0.00408146 0.89344293 0.51851003
v 0.00406342 0.89342158 0.51844735
v 0.03919356 0.85963815 0.50846384
v 0.04023694 0.86692327 0.51067061
v 0.03926112 0.85980953 0.50861047
v 0.04017501 0.86692289 0.51059456
v 0.03634435 0.85310889 0.50660854
v 0.03628793 0.85301867 0.50668518
v 0.03174017 0.84731297 0.50495264
v 0.03167714 0.84744687 0.50494751
v 0.02570657 0.84295757 0.50365450
v 0.02572587 0.84291378 0.50374085
v 0.01889201 0.84023445 0.50286014
v 0.01898564 0.84025225 0.50283479
v 0.01140110 0.89431351 0.51875899
v 0.01148538 0.89442086 0.51869402
v 0.01899607 0.89337971 0.51844354
v 0.01896313 0.89333345 0.51839119
v 0.02577537 0.89064175 0.51774022
v 0.02577382 0.89067890 0.51761945
v 0.03181499 0.88620649 0.51645067
v 0.03178141 0.88626724 0.51642353
v 0.03639107 0.88069186 0.51477189
v 0.03621813 0.88053998 0.51472248
v 0.03910896 0.87397588 0.51278498
v 0.03911916 0.87402524 0.51271576
v 0.01154197 0.83766354 0.50760814
v 0.01139044 0.83772218 0.50746102
v 0.00405819 0.83673193 0.51267267
v 0.00401772 0.83675886 0.51267066
v -0.00292754 0.83715658 0.51873808
v -0.00289486 0.83701647 0.51880716
v -0.00874593 0.83847702 0.52590013
v -0.00884802 0.83859179 0.52578942
v -0.01328451 0.84061849 0.53399813
v -0.01340985 0.84063116 0.53395294
v -0.01621973 0.84288629 0.54298725
v -0.01708127 0.84876770 0.54725481
v -0.01610892 0.84280787 0.54293274
v -0.01723273 0.84874174 0.54723683
v -0.01623483 0.85887211 0.54566100
v -0.01611217 0.85886080 0.54563654
v -0.01328953 0.86861668 0.54295203
v -0.01331524 0.86876518 0.54283469
v -0.00873493 0.87759528 0.53881306
v -0.00874936 0.87755895 0.53879438
v -0.00284893 0.88511973 0.53315987
v -0.00288940 0.88505545 0.53320323
v 0.00404938 0.89090065 0.52652360
v 0.00401005 0.89081936 0.52652248
v 0.03916632 0.85764990 0.51466625
v 0.04023629 0.86474284 0.51718730
v 0.03914808 0.85767491 0.51471529
v 0.04006142 0.86465313 0.51710516
v 0.03638936 0.85117066 0.51225691
v 0.03622761 0.85124938 0.51221563
v 0.03180679 0.84561275 0.51034993
v 0.03180668 0.84559367 0.51029960
v 0.02579098 0.84127024 0.50873110
v 0.02574821 0.84140967 0.50881173
v 0.01885153 0.83869530 0.50791503
v 0.01881558 0.83854001 0.50778753
v 0.01146043 0.89168057 0.52684521
v 0.01151774 0.89174847 0.52689251
v 0.01884443 0.89087124 0.52652521
v 0.01884353 0.89081962 0.52646389
v 0.02588298 0.88814891 0.52545023
v 0.02579083 0.88815722 0.52553257
v 0.03169895 0.88383441 0.52387630
v 0.03166983 0.88378521 0.52396354
v 0.03627601 0.87819536 0.52188159
v 0.03632351 0.87819903 0.52194176
v 0.03911523 0.87162376 0.51952692
v 0.03923515 0.87165228 0.51954734
v 0.01154599 0.83577122 0.51239540
v 0.01144360 0.83591402 0.51229560
v 0.00408725 0.83459304 0.51749509
v 0.00397064 0.83454625 0.51757908
v -0.00286745 0.83453412 0.52364545
v -0.00278328 0.83451620 0.52349780
v -0.00882754 0.83563842 0.53066161
v -0.00882176 0.83558172 0.53063331
v -0.01328531 0.83714910 0.53882955
v -0.01321947 0.83716492 0.53882943
v -0.01610879 0.83907848 0.54781140
v -0.01715227 0.84460541 0.55266411
v -0.01619323 0.83915716 0.54777885
v -0.01704885 0.84467277 0.55271035
v -0.01619013 0.85473539 0.55166287
v -0.01616330 0.85484659 0.55160935
v -0.01325041 0.86469281 0.54950907
v -0.01340810 0.86466953 0.54947754
v -0.00880124 0.87378484 0.54574625
v -0.00885453 0.87396721 0.54574352
v -0.00288037 0.88172530 0.54063801
v -0.00282224 0.88160434 0.54073977
v 0.00403328 0.88774116 0.53431366
v 0.00405526 0.88786486 0.53438546
v 0.03926549 0.85539938 0.52054045
v 0.04007752 0.86230362 0.52358137
v 0.03925919 0.85543137 0.52054419
v 0.04013333 0.86220855 0.52355533
v 0.03630694 0.84899066 0.51782883
v 0.03625659 0.84898687 0.51782659
v 0.03173388 0.84362933 0.51561059
v 0.03182555 0.84346954 0.51564845
v 0.02581177 0.83933877 0.51389989
v 0.02572732 0.83933708 0.51386574
v 0.01889404 0.83668276 0.51278296
v 0.01899084 0.83671652 0.51271492
v 0.01145623 0.88866339 0.53461812
v 0.01148031 0.88874193 0.53462661
v 0.01885096 0.88767111 0.53433886
v 0.01896812 0.88781742 0.53423553
v 0.02573438 0.88513962 0.53316140
v 0.02574205 0.88518879 0.53325672
v 0.03185424 0.88096703 0.53143295
v 0.03171408 0.88098717 0.53135824
v 0.03631109 0.87553847 0.52911918
v 0.03637521 0.87539246 0.52898669
v 0.03921693 0.86900993 0.52630299
v 0.03910819 0.86911038 0.52631610
v 0.01151138 0.83362493 0.51700228
v 0.01152013 0.83374943 0.51706063
v 0.00412907 0.83207417 0.52212399
v 0.00416046 0.83212437 0.52224245
v -0.00290205 0.83180838 0.52829168
v -0.00279479 0.83187109 0.52818477
v -0.00878064 0.83233295 0.53546896
v -0.00868969 0.83237502 0.53544128
v -0.01330832 0.83380957 0.54320264
v -0.01338188 0.83390079 0.54331603
v -0.01614077 0.71767344 0.66918732
v -0.01708110 0.72303878 0.67436084
v -0.01616851 0.71781068 0.66919537
v -0.01711796 0.72296264 0.67433548
v -0.01608802 0.85017062 0.55767038
v -0.01608581 0.85016402 0.55769201
v -0.01325062 0.86046074 0.55582053
v -0.01336208 0.86039003 0.55574865
v -0.00875567 0.86969190 0.55257863
v -0.00881416 0.86966141 0.55272992
v -0.00283353 0.87792822 0.54797369
v -0.00278304 0.87776612 0.54802334
v 0.00408440 0.88428689 0.54193028
v 0.00416821 0.88427476 0.54190545
v 0.03920328 0.85282836 0.52638068
v 0.04016863 0.85946635 0.52974526
v 0.03921335 0.85277595 0.52641598
v 0.04010722 0.85936946 0.52966037
v 0.03626893 0.84646436 0.52335459
v 0.03640168 0.84645861 0.52331080
v 0.03184773 0.84125787 0.52069406
v 0.03177222 0.84121855 0.52076859
v 0.02578748 0.83712988 0.51868490
v 0.02583686 0.83709080 0.51872741
v 0.01900170 0.83462491 0.51758361
v 0.01884973 0.83460350 0.51748854
v 0.01146418 0.88505129 0.54246048
v 0.01150607 0.88512609 0.54246793
v 0.01894308 0.88430952 0.54200564
v 0.01891118 0.88431716 0.54202768
v 0.02586883 0.88166930 0.54068366
v 0.02582686 0.88176316 0.54073634
v 0.03186183 0.87761651 0.53861528
v 0.03170186 0.87759332 0.53870545
v 0.03633393 0.87222342 0.53608720
v 0.03634126 0.87220585 0.53601219
v 0.03929532 0.86599649 0.53288522
v 0.03919771 0.86613465 0.53291780
v 0.01144829 0.83118662 0.52163595
v 0.01140511 0.83123596 0.52175854
v 0.00408890 0.82944667 0.52661822
v 0.00410486 0.82937276 0.52671820
v -0.00285672 0.82874026 0.53275225
v -0.00283901 0.82867854 0.53271860
v -0.00869157 0.82934363 0.53925285
v -0.00881166 0.82948334 0.53928588
v -0.01330885 0.71292921 0.66417345
v -0.01320862 0.71284743 0.66415607
v -0.01618329 0.71766195 0.66921026
v -0.01610596 0.72817057 0.67966772
v -0.01715954 0.72298507 0.67446505
v -0.01330087 0.71275953 0.66416033
v -0.01334000 0.73312426 0.68452798
v -0.00871736 0.70854911 0.65994817
v -0.00976172 0.72289348 0.67439680
v -0.00901502 0.71910692 0.67051226
v -0.00689244 0.71546456 0.66681623
v -0.00282535 0.70544270 0.65681295
v -0.00344542 0.71234652 0.66372989
v 0.00083397 0.71000237 0.66129792
v 0.00408170 0.70347555 0.65476842
v 0.00595434 0.70849205 0.65974813
v 0.01152957 0.70270399 0.65413285
v 0.01156387 0.70785066 0.65931650
v 0.01896378 0.70328805 0.65473942
v 0.01702875 0.70839783 0.65972519
v 0.02222134 0.70988953 0.66133181
v 0.02586807 0.70532510 0.65668756
v 0.02660346 0.71223141 0.66377982
v 0.03176182 0.70869067 0.66001608
v 0.02992832 0.71546736 0.66682726
v 0.03211467 0.71903257 0.67045921
v 0.03633307 0.71288174 0.66429247
v 0.03279279 0.72291508 0.67437971
v -0.00869068 0.73736342 0.68866749
v -0.00909407 0.72693119 0.67819283
v -0.00696035 0.73043461 0.68180966
v -0.00271622 0.74055183 0.69198891
v -0.00348740 0.73372287 0.68503598
v 0.00090468 0.73594724 0.68744819
v 0.00410748 0.74260931 0.69388282
v 0.00604292 0.73751101 0.68892043
v 0.01152111 0.74332715 0.69470163
v 0.01163111 0.73808103 0.68951473
v 0.01702270 0.73744404 0.68900578
v 0.01905762 0.74248445 0.69403531
v 0.02228043 0.73597844 0.68746445
v 0.02597339 0.74050408 0.69195531
v 0.02668526 0.73360944 0.68506188
v 0.03182275 0.73720391 0.68861541
v 0.03006954 0.73043054 0.68187202
v 0.03207322 0.72689965 0.67816175
v 0.03643024 0.73314924 0.68447520
v 0.03924733 0.71775368 0.66916289
v 0.03924289 0.72821458 0.67960175
v 0.04028643 0.72298264 0.67425938
v 0.04015509 0.72293894 0.67436781
v 0.03926858 0.71774401 0.66903262
v 0.03920256 0.72810807 0.67967116
v 0.03638868 0.73316300 0.68440592
v 0.03629639 0.71272754 0.66417604
v 0.03292588 0.72295521 0.67427482
v 0.03205524 0.72688964 0.67833964
v 0.03185933 0.73721575 0.68861680
v 0.02994944 0.73040484 0.68183389
v 0.02665189 0.73357186 0.68505397
v 0.02581583 0.74061575 0.69185405
v 0.02216762 0.73610533 0.68749944
v 0.01902144 0.74260029 0.69388158
v 0.01702915 0.73743286 0.68886151
v 0.01167309 0.74318854 0.69461141
v 0.01148025 0.73804812 0.68942096
v 0.00607110 0.73745578 0.68897345
v 0.00410495 0.74265686 0.69394825
v 0.00082334 0.73594370 0.68734259
v -0.00277038 0.74048741 0.69183741
v -0.00359852 0.73361913 0.68500910
v -0.00693578 0.73060829 0.68199279
v -0.00874154 0.73736577 0.68875513
v -0.00904310 0.72679896 0.67828867
v -0.00978246 0.72306800 0.67434821
v -0.01329562 0.73306924 0.68451338
v 0.03217505 0.71898583 0.67045270
v 0.03188530 0.70865934 0.65992750
v 0.03000417 0.71545941 0.66671475
v 0.02665851 0.71222860 0.66374291
v 0.02579179 0.70533499 0.65686699
v 0.02219369 0.70986739 0.66126300
v 0.01897561 0.70340221 0.65475871
v 0.01705625 0.70839270 0.65971375
v 0.01157930 0.70782052 0.65932467
v 0.01146624 0.70272579 0.65411504
v 0.00606615 0.70842894 0.65989855
v 0.00408591 0.70341170 0.65474527
v 0.00084047 0.71002012 0.66130333
v -0.00285389 0.70531981 0.65677705
v -0.00355708 0.71235307 0.66365295
v -0.00695650 0.71547798 0.66688649
v -0.00871124 0.70855384 0.65994067
v -0.00912616 0.71911894 0.67046240
v -0.01335490 0.71292318 0.66421602
v -0.01611471 0.72831796 0.67953593
v -0.01610602 0.71775258 0.66906942
v -0.01719250 0.72294821 0.67429092
v -0.01624527 0.72814311 0.67959561
v -0.01618224 0.72831881 0.67971387
v -0.01320213 0.85553787 0.56210531
v -0.01329118 0.85553338 0.56215392
v -0.00866526 0.86522031 0.55927092
v -0.00874558 0.86523281 0.55930571
v -0.00278782 0.87353051 0.55511523
v -0.00271713 0.87366586 0.55519180
v 0.00408517 0.88029773 0.54936822
v 0.00405019 0.88032212 0.54937178
v 0.03929627 0.84971251 0.53214995
v 0.04014194 0.85625720 0.53569755
v 0.03923284 0.84981934 0.53206280
v 0.04024695 0.85617325 0.53567396
v 0.03633582 0.84376047 0.52875161
v 0.03624216 0.84364045 0.52869933
v 0.03172367 0.83849555 0.52584835
v 0.03168616 0.83858837 0.52566463
v 0.02582241 0.83459891 0.52362482
v 0.02574479 0.83455576 0.52357185
v 0.01884194 0.83206826 0.52209334
v 0.01894689 0.83205473 0.52222370
v 0.01146366 0.88121171 0.54981041
v 0.01146892 0.88126321 0.54990774
v 0.01900202 0.88034162 0.54932091
v 0.01899298 0.88043910 0.54943261
v 0.02589287 0.87787273 0.54806054
v 0.02591990 0.87787615 0.54805852
v 0.03176536 0.87389274 0.54575168
v 0.03188859 0.87386874 0.54568537
v 0.03638409 0.86873515 0.54272938
v 0.03628378 0.86878853 0.54284035
v 0.03922502 0.86260907 0.53928816
v 0.03915400 0.86265977 0.53935090
v 0.01152515 0.82848729 0.52602335
v 0.01150892 0.82852969 0.52603316
v 0.00414908 0.82632612 0.53088736
v 0.00411401 0.82645474 0.53089411
v -0.00275407 0.82595538 0.53619128
v -0.00282989 0.82599288 0.53629559
v -0.00876597 0.70856949 0.65995859
v -0.00868928 0.70868414 0.66008803
v 0.04019097 0.72294563 0.67440278
v 0.03921689 0.85028711 0.55758850
v 0.03931746 0.72810450 0.67958224
v 0.04026371 0.84474047 0.55257748
v 0.04027339 0.84475387 0.55262592
v 0.04015042 0.72300076 0.67439564
v 0.03920673 0.85020600 0.55760665
v 0.03920311 0.72813412 0.67961327
v 0.03631258 0.85537526 0.56209519
v 0.03649603 0.73313629 0.68445874
v 0.03642073 0.85550416 0.56216499
v 0.03641640 0.73314567 0.68457625
v 0.03191456 0.85993739 0.56614813
v 0.03175045 0.73728797 0.68862819
v 0.03177206 0.85997943 0.56603987
v 0.03185801 0.73729858 0.68864505
v 0.02596208 0.86325472 0.56908863
v 0.02581447 0.74048645 0.69187635
v 0.02597707 0.86336579 0.56902783
v 0.02590197 0.74046858 0.69189480
v 0.01897089 0.74250046 0.69400709
v 0.01905828 0.86544960 0.57093103
v 0.01890159 0.86540613 0.57107639
v 0.01902401 0.74263344 0.69387318
v 0.01157250 0.74333908 0.69469294
v 0.01163288 0.86623739 0.57174196
v 0.01153601 0.86631617 0.57166140
v 0.01166954 0.74317659 0.69472941
v 0.00418657 0.86550466 0.57109221
v 0.00414631 0.74252422 0.69393241
v 0.00415222 0.86557313 0.57105120
v 0.00419991 0.74262604 0.69386919
v -0.00284897 0.86342353 0.56913746
v -0.00283128 0.74056658 0.69194145
v -0.00285192 0.86334577 0.56906263
v -0.00268085 0.74057202 0.69200722
v -0.00861807 0.73736711 0.68862607
v -0.00864646 0.85990960 0.56619587
v -0.00865917 0.85989680 0.56607221
v -0.00877234 0.73725305 0.68872974
v -0.01332137 0.73315565 0.68447925
v -0.01333088 0.73306914 0.68450757
v -0.00277979 0.70531852 0.65685412
v -0.00277957 0.70539337 0.65673783
v 0.00401606 0.82378047 0.53437768
v 0.00416844 0.70344279 0.65479896
v 0.00411151 0.82385094 0.53434147
v 0.00418901 0.70347721 0.65482586
v 0.01149828 0.82300786 0.53374675
v 0.01151038 0.70262803 0.65410732
v 0.01161142 0.82305429 0.53378759
v 0.01156449 0.70267009 0.65402371
v 0.01885879 0.70335818 0.65474348
v 0.01889204 0.82373383 0.53438701
v 0.01891957 0.82380310 0.53432224
v 0.01900326 0.70345079 0.65470806
v 0.02591070 0.70540571 0.65668608
v 0.02591403 0.82600101 0.53615699
v 0.02578003 0.82592892 0.53621819
v 0.02584720 0.70545166 0.65677792
v 0.03183737 0.82942694 0.53923921
v 0.03190755 0.70866095 0.65993579
v 0.03173394 0.82938423 0.53913857
v 0.03179269 0.70865073 0.66001110
v 0.03646982 0.83382672 0.54306136
v 0.03629479 0.71282389 0.66418379
v 0.03629049 0.83387711 0.54306747
v 0.03644195 0.71284280 0.66422752
v 0.03917667 0.83900002 0.54766649
v 0.03930134 0.71780305 0.66904383
v 0.03922415 0.83897136 0.54775443
v 0.03919824 0.71766693 0.66901738
v -0.00275999 0.86899255 0.56200447
v -0.00279104 0.86901486 0.56200399
v 0.00413381 0.87590781 0.55669314
v 0.00410616 0.87593300 0.55654359
v 0.03917942 0.84644168 0.53757416
v 0.04021352 0.85272065 0.54165393
v 0.03926467 0.84653498 0.53762386
v 0.04015464 0.85265282 0.54152515
v 0.03626520 0.84069149 0.53383977
v 0.03639965 0.84059018 0.53382088
v 0.03170754 0.83571149 0.53071495
v 0.03174220 0.83559902 0.53060516
v 0.02587621 0.83172342 0.52816836
v 0.02589166 0.83174204 0.52818659
v 0.01884674 0.82942527 0.52654393
v 0.01900357 0.82937899 0.52665675
v 0.01143829 0.87685441 0.55706015
v 0.01161514 0.87673855 0.55716059
v 0.01896089 0.87609557 0.55660534
v 0.01905087 0.87599099 0.55657443
v 0.02578681 0.87364330 0.55508312
v 0.02579359 0.87359841 0.55497602
v 0.03189261 0.86980116 0.55255736
v 0.03179676 0.86975558 0.55250234
v 0.03641605 0.86484328 0.54933124
v 0.03627918 0.86466705 0.54930115
v 0.03914552 0.85895347 0.54565979
v 0.03925444 0.85892121 0.54559792
v 0.01146858 0.82565283 0.53037743
v 0.01154311 0.82562764 0.53044930
v 0.03920046 0.85477945 0.55159122
v 0.04016032 0.84882562 0.54711121
v 0.04024787 0.84894071 0.54713637
v 0.03928450 0.85491465 0.55153089
v 0.03628682 0.86039109 0.55555214
v 0.03637768 0.86039824 0.55569341
v 0.03182960 0.86529478 0.55917466
v 0.03187644 0.86534231 0.55921709
v 0.02588283 0.86888898 0.56178058
v 0.02586524 0.86899478 0.56177656
v 0.01887841 0.87127195 0.56363882
v 0.01892942 0.87128485 0.56358895
v 0.01164196 0.87205399 0.56406534
v 0.01146996 0.87206880 0.56419784
v 0.00418497 0.87115410 0.56364951
v 0.00417620 0.87115829 0.56356020
v 0.01897780 0.82649489 0.53085579
v 0.01892175 0.82642065 0.53101117
v 0.02576035 0.82879816 0.53263277
v 0.02589215 0.82883454 0.53254967
v 0.03188074 0.83243050 0.53523940
v 0.03188544 0.83236349 0.53527296
v 0.03641832 0.83728724 0.53882288
v 0.03637087 0.83726567 0.53875590
v 0.03918651 0.84274033 0.54275326
v 0.03917252 0.84285991 0.54281230
vt -3.435781 2.732293
vt -3.338749 2.601412
vt -3.324768 2.722671
vt -3.44287 2.610436
vt -3.547324 2.732093
vt -3.442938 2.607019
vt -3.435964 2.728883
vt -3.549111 2.61008
vt -3.441337 2.471311
vt -3.351787 2.340442
vt -3.337274 2.461633
vt -3.449424 2.349523
vt -3.324415 2.726061
vt -3.235082 2.589809
vt -3.21414 2.710061
vt -3.338511 2.604815
vt -3.428664 2.854431
vt -3.324744 2.722954
vt -3.310765 2.844213
vt -3.435757 2.732575
vt -8.093807 2.73038
vt -3.549077 2.608367
vt -3.547348 2.73038
vt -8.093807 2.608367
vt -3.549019 2.442552
vt -3.44985 2.317412
vt -3.442853 2.439268
vt -3.55118 2.320547
vt -3.545532 2.8542
vt -3.435962 2.728977
vt -3.428991 2.850841
vt -3.547321 2.732188
vt -3.446089 2.10004
vt -3.364497 1.968476
vt -3.348601 2.089481
vt -3.456469 1.978437
vt -3.334014 2.493436
vt -3.252707 2.357293
vt -3.230747 2.477357
vt -3.349598 2.372378
vt -3.213635 2.713392
vt -3.132296 2.572222
vt -3.104464 2.69107
vt -3.234688 2.593159
vt -3.310251 2.847773
vt -3.214075 2.710529
vt -3.193136 2.830782
vt -3.32435 2.726528
vt -3.418221 2.829266
vt -3.308485 2.69652
vt -3.293982 2.817711
vt -3.426318 2.707479
vt -0.346421 2.302476
vt -0.5883602 2.302476
vt -0.4673906 2.28655
vt -0.2336953 2.349168
vt -0.7010859 2.349168
vt -0.1368955 2.423445
vt -0.7978857 2.423445
vt -0.06261847 2.520245
vt -0.8721628 2.520245
vt -0.01592595 2.632971
vt -0.9188553 2.632971
vt -7.361774e-13 2.75394
vt -0.9347812 2.75394
vt -0.01592595 2.87491
vt -0.9188553 2.87491
vt -0.06261847 2.987636
vt -0.8721628 2.987636
vt -0.1368955 3.084436
vt -0.7978857 3.084436
vt -0.2336953 3.158713
vt -0.7010859 3.158713
vt -0.346421 3.205405
vt -0.5883602 3.205405
vt -0.4673906 3.221331
vt -8.093807 2.426453
vt -3.55069 2.30444
vt -3.549077 2.426453
vt -8.093807 2.30444
vt -8.093807 2.852394
vt -3.54562 2.852394
vt -3.551211 2.008963
vt -3.457063 1.883479
vt -3.449898 2.005313
vt -3.554217 1.886979
vt -3.543012 2.800541
vt -3.428644 2.674931
vt -3.421656 2.796787
vt -3.545177 2.678536
vt -3.463791 1.556064
vt -3.357246 1.664247
vt -3.448848 1.677177
vt -3.376412 1.54373
vt -3.338786 2.183078
vt -3.266798 2.046023
vt -3.2423 2.165584
vt -3.357824 2.062527
vt -3.225916 2.508501
vt -3.153136 2.367615
vt -3.123834 2.486101
vt -3.248916 2.388632
vt -3.103824 2.694303
vt -3.030745 2.548686
vt -2.996119 2.665734
vt -3.131763 2.575482
vt -3.192454 2.834268
vt -3.10434 2.691713
vt -3.076512 2.810561
vt -3.213511 2.714035
vt -3.288789 2.849826
vt -3.187449 2.710564
vt -3.1655 2.83063
vt -3.304381 2.72877
vt -3.400697 2.668839
vt -3.287043 2.533802
vt -3.271161 2.654809
vt -3.411093 2.547238
vt 3.549122 2.73038
vt 8.093807 2.852394
vt 3.547395 2.852394
vt 8.093807 2.73038
vt 3.550731 2.662165
vt 8.093807 2.784179
vt 3.549122 2.784179
vt 8.093807 2.662165
vt 3.55211 2.408371
vt 8.093807 2.530384
vt 3.550731 2.530384
vt 8.093807 2.408371
vt 8.093807 1.986292
vt 3.55211 2.108305
vt 3.553166 1.986292
vt 8.093807 2.108305
vt 8.093807 1.424693
vt 3.553166 1.546707
vt 3.553828 1.424693
vt 8.093807 1.546707
vt 8.093807 0.7618467
vt 3.553828 0.8838601
vt 3.554049 0.7618467
vt 8.093807 0.8838601
vt -8.093807 -0.04292395
vt -3.554049 -0.1649374
vt -3.553815 -0.04292395
vt -8.093807 -0.1649374
vt -8.093807 0.6830815
vt -3.553815 0.561068
vt -3.553143 0.6830815
vt -8.093807 0.561068
vt -8.093807 1.366694
vt -3.553143 1.24468
vt -3.552076 1.366694
vt -8.093807 1.24468
vt -8.093807 1.961325
vt -3.552076 1.839312
vt -3.55069 1.961325
vt -8.093807 1.839312
vt -8.093807 2.784179
vt -3.54562 2.662165
vt -3.544012 2.784179
vt -8.093807 2.662165
vt -8.093807 2.530384
vt -3.544012 2.408371
vt -3.542633 2.530384
vt -8.093807 2.408371
vt -3.541576 2.108305
vt -8.093807 1.986292
vt -3.542633 1.986292
vt -8.093807 2.108305
vt -3.540915 1.546707
vt -8.093807 1.424693
vt -3.541576 1.424693
vt -8.093807 1.546707
vt -3.540693 0.8838601
vt -8.093807 0.7618467
vt -3.540915 0.7618467
vt -8.093807 0.8838601
vt 3.540927 -0.1649374
vt 8.093807 -0.04292395
vt 3.540693 -0.04292395
vt 8.093807 -0.1649374
vt 3.5416 0.561068
vt 8.093807 0.6830815
vt 3.540927 0.6830815
vt 8.093807 0.561068
vt 3.542666 1.24468
vt 8.093807 1.366694
vt 3.5416 1.366694
vt 8.093807 1.24468
vt 3.544053 1.839312
vt 8.093807 1.961325
vt 3.542666 1.961325
vt 8.093807 1.839312
vt 3.545666 2.30444
vt 8.093807 2.426453
vt 3.544053 2.426453
vt 8.093807 2.30444
vt 3.547395 2.608367
vt 3.545666 2.73038
vt 8.093807 2.608367
vt -3.559367 1.350424
vt -3.4576 1.467794
vt -3.55471 1.472353
vt -3.465452 1.346015
vt -3.53876 2.578385
vt -3.420438 2.45203
vt -3.413288 2.573865
vt -3.541774 2.456401
vt -3.460424 1.230464
vt -3.348904 1.330474
vt -3.435004 1.349808
vt -3.37695 1.21172
vt -3.357496 1.749299
vt -3.241482 1.847259
vt -3.331512 1.868533
vt -3.271617 1.729006
vt -3.22717 2.256519
vt -3.16506 2.114714
vt -3.132164 2.232242
vt -3.25469 2.137618
vt -3.117624 2.516203
vt -3.053615 2.371122
vt -3.017106 2.48759
vt -3.147926 2.397968
vt -2.995363 2.668838
vt -2.930782 2.519258
vt -2.88948 2.63412
vt -3.030091 2.55182
vt -3.075683 2.813933
vt -2.995919 2.666543
vt -2.961297 2.783593
vt -3.103624 2.695112
vt -3.158756 2.861961
vt -3.066173 2.71673
vt -3.036881 2.835219
vt -3.181764 2.742093
vt -3.25275 2.748037
vt -3.149029 2.605229
vt -3.124547 2.724793
vt -3.271802 2.627489
vt -3.251707 2.276823
vt -3.36576 2.416144
vt -3.380721 2.295033
vt -3.232561 2.397343
vt 3.439511 2.72908
vt 3.543758 2.854149
vt 3.432541 2.850943
vt 3.545547 2.732137
vt 3.438863 2.675247
vt 3.537904 2.800383
vt 3.431874 2.797103
vt 3.540069 2.678378
vt 3.436627 2.452613
vt 3.530667 2.578094
vt 3.429477 2.574448
vt 3.533681 2.45611
vt 3.51987 2.213723
vt 3.430693 2.087389
vt 3.524537 2.091794
vt 3.42286 2.209169
vt 3.496409 1.773158
vt 3.413129 1.644585
vt 3.504836 1.651434
vt 3.402722 1.766161
vt 3.348091 1.624588
vt 3.284788 1.485822
vt 3.373973 1.505351
vt 3.258257 1.604917
vt -3.57236 0.5993275
vt -3.456619 0.6988882
vt -3.546489 0.7185669
vt -3.483175 0.5797987
vt -3.569219 0.7895401
vt -3.467045 0.9042625
vt -3.560803 0.9112648
vt -3.477475 0.7826881
vt -3.409645 2.0864
vt -3.530392 2.214217
vt -3.535059 2.092288
vt -3.401812 2.20818
vt -3.388689 1.64276
vt -3.508626 1.774071
vt -3.517054 1.652347
vt -3.378283 1.764336
vt -3.259122 1.480202
vt -3.360921 1.627397
vt -3.386803 1.50816
vt -3.232591 1.599297
vt 3.430977 0.6932735
vt 3.585178 0.6021343
vt 3.559308 0.7213737
vt 3.457533 0.574184
vt 3.442677 0.9024425
vt 3.5814 0.7904499
vt 3.572984 0.9121745
vt 3.453107 0.7808682
vt 3.436665 1.466811
vt 3.569832 1.350915
vt 3.565175 1.472844
vt 3.444518 1.345032
vt 3.441023 1.882901
vt 3.559229 2.009252
vt 3.433858 2.004735
vt 3.562236 1.887267
vt 3.439805 2.317102
vt 3.554041 2.442707
vt 3.432808 2.438957
vt 3.556201 2.320702
vt 3.439575 2.606923
vt 3.549005 2.732141
vt 3.432602 2.728786
vt 3.550792 2.610129
vt -3.158148 1.832497
vt -3.019986 1.887616
vt -3.091442 1.934663
vt -3.087473 1.785965
vt -3.306224 1.630309
vt -3.181949 1.713942
vt -3.26455 1.744993
vt -3.226143 1.600205
vt -3.238065 1.925137
vt -3.113764 2.012343
vt -3.201535 2.041574
vt -3.154341 1.897254
vt -3.112515 2.319168
vt -3.060465 2.17337
vt -3.019438 2.288312
vt -3.148276 2.20248
vt -3.009725 2.516305
vt -2.954684 2.36759
vt -2.911139 2.481614
vt -3.047183 2.400139
vt -2.888627 2.637063
vt -2.832754 2.484017
vt -2.784915 2.596314
vt -2.930027 2.522236
vt -2.960342 2.786814
vt -2.889189 2.63508
vt -2.847891 2.749944
vt -2.995072 2.669797
vt -3.028813 2.865383
vt -2.945301 2.714753
vt -2.908805 2.831225
vt -3.059122 2.74715
vt -3.101198 2.814791
vt -3.007839 2.665004
vt -2.974961 2.782536
vt -3.128731 2.695893
vt -3.079994 2.448658
vt -3.180796 2.597849
vt -3.206796 2.478619
vt -3.049881 2.566916
vt -3.16343 2.050923
vt -3.269241 2.199733
vt -3.294681 2.080394
vt -3.135408 2.169683
vt 3.328281 2.72326
vt 3.425127 2.854125
vt 3.314303 2.84452
vt 3.43222 2.732269
vt 3.318665 2.697466
vt 3.408042 2.828319
vt 3.304162 2.818657
vt 3.416138 2.706532
vt 3.303148 2.535547
vt 3.384592 2.667095
vt 3.287267 2.656554
vt 3.394987 2.545494
vt 3.344895 2.413199
vt 3.272572 2.279768
vt 3.359856 2.292088
vt 3.253426 2.400288
vt 3.245329 2.194364
vt 3.187343 2.056292
vt 3.270769 2.075025
vt 3.159321 2.175052
vt 2.580831 2.710294
vt 2.576869 2.56161
vt 2.647548 2.608136
vt 2.509412 2.663281
vt -2.554923 2.547164
vt -2.602777 2.72474
vt -2.669494 2.622582
vt -2.487466 2.648835
vt 2.998062 1.873182
vt 3.180072 1.846932
vt 3.113366 1.949097
vt 3.065549 1.77153
vt 3.325061 1.32512
vt 3.484266 1.235818
vt 3.458846 1.355162
vt 3.353107 1.206366
vt 3.336495 1.661318
vt 3.484542 1.558993
vt 3.4696 1.680107
vt 3.355661 1.5408
vt 3.34854 1.966747
vt 3.462046 2.101768
vt 3.332643 2.087752
vt 3.472427 1.980166
vt 3.34178 2.339512
vt 3.451343 2.472242
vt 3.327268 2.460702
vt 3.45943 2.350454
vt 3.335398 2.601121
vt 3.439132 2.732583
vt 3.321416 2.72238
vt 3.446222 2.610727
vt -2.637669 2.559582
vt -2.490132 2.578542
vt -2.547614 2.641907
vt -2.580816 2.496909
vt -3.118717 1.972149
vt -2.984806 2.03928
vt -3.062782 2.080594
vt -3.043119 1.932095
vt -3.109282 2.080073
vt -2.977924 2.156233
vt -3.062846 2.192925
vt -3.028275 2.045073
vt -2.99613 2.370097
vt -2.95423 2.221064
vt -2.905396 2.332913
vt -3.039831 2.256145
vt -2.9028 2.508643
vt -2.85688 2.356863
vt -2.8065 2.468036
vt -2.947234 2.394963
vt -2.783985 2.59907
vt -2.736999 2.443066
vt -2.682787 2.552429
vt -2.831915 2.486812
vt -2.846833 2.752982
vt -2.784521 2.597408
vt -2.736687 2.709708
vt -2.888233 2.638154
vt -2.89965 2.859888
vt -2.825478 2.704446
vt -2.781948 2.818476
vt -2.937111 2.743723
vt -2.947643 2.868041
vt -2.864973 2.7121
vt -2.823966 2.827049
vt -2.983412 2.751356
vt -2.898925 2.597921
vt -2.986004 2.755516
vt -3.022545 2.639084
vt -2.858373 2.713018
vt -2.898289 2.402971
vt -2.982519 2.564976
vt -3.024208 2.450298
vt -2.854123 2.516719
vt 3.217589 2.711038
vt 3.306737 2.847263
vt 3.19665 2.831291
vt 3.320836 2.726018
vt 3.197551 2.712137
vt 3.278688 2.848253
vt 3.175602 2.832203
vt 3.29428 2.727197
vt 3.164969 2.608119
vt 3.23681 2.745147
vt 3.140487 2.727683
vt 3.255863 2.624599
vt 3.160289 2.593003
vt 3.100501 2.453504
vt 3.186289 2.473774
vt 3.070388 2.571762
vt 2.959578 2.556354
vt 2.92123 2.411594
vt 3.001267 2.441676
vt 2.877064 2.525341
vt 1.859395 3.266502
vt 1.892573 3.121513
vt 1.949444 3.18417
vt 1.801928 3.203189
vt -1.874914 3.102058
vt -1.877053 3.285957
vt -1.967102 3.203625
vt -1.78427 3.183735
vt 2.472496 2.559101
vt 2.655306 2.579023
vt 2.565251 2.661349
vt 2.563179 2.477468
vt 3.159076 1.705343
vt 3.329098 1.638908
vt 3.287424 1.753591
vt 3.20327 1.591607
vt 3.221086 1.842439
vt 3.377892 1.754119
vt 3.351908 1.873353
vt 3.251221 1.724186
vt 3.251005 2.043159
vt 3.354579 2.185942
vt 3.226508 2.16272
vt 3.373617 2.065391
vt 3.242776 2.355746
vt 3.343945 2.494982
vt 3.220817 2.475811
vt 3.359528 2.373924
vt 3.231753 2.589326
vt 3.327744 2.726544
vt 3.210811 2.709578
vt 3.34184 2.605298
vt -2.210744 2.951875
vt -2.062096 2.946352
vt -2.108393 3.018296
vt -2.164953 2.880718
vt -2.916284 2.250186
vt -2.775556 2.301509
vt -2.848276 2.351497
vt -2.845782 2.201722
vt -2.974973 2.211879
vt -2.83777 2.276923
vt -2.91937 2.320508
vt -2.897136 2.170304
vt -2.879303 2.408651
vt -2.847559 2.257129
vt -2.791285 2.365426
vt -2.930597 2.297908
vt -2.797417 2.493124
vt -2.760728 2.338852
vt -2.703739 2.446787
vt -2.848621 2.382328
vt -2.681799 2.554975
vt -2.643848 2.396531
vt -2.583446 2.5026
vt -2.736096 2.445654
vt -2.735548 2.712534
vt -2.682277 2.553637
vt -2.628071 2.663003
vt -2.783477 2.600275
vt -2.771947 2.845349
vt -2.707334 2.685696
vt -2.656971 2.796877
vt -2.816381 2.731668
vt -2.793678 2.907039
vt -2.721921 2.745784
vt -2.673111 2.857643
vt -2.837382 2.793087
vt -2.71307 2.722016
vt -2.786242 2.886529
vt -2.832683 2.773679
vt -2.66275 2.833189
vt -2.615328 2.687568
vt -2.678264 2.858972
vt -2.734203 2.750529
vt -2.55705 2.794772
vt 3.107819 2.692424
vt 3.188976 2.833556
vt 3.079991 2.811272
vt 3.210032 2.713324
vt 3.076159 2.718921
vt 3.148771 2.85977
vt 3.046867 2.83741
vt 3.171778 2.739902
vt 3.023535 2.669014
vt 3.085503 2.810781
vt 2.990656 2.786546
vt 3.113035 2.691882
vt 2.966011 2.748859
vt 2.918918 2.604578
vt 3.002553 2.632427
vt 2.878366 2.719675
vt 2.656606 2.847501
vt 2.636985 2.699039
vt 2.712545 2.739059
vt 2.578708 2.806243
vt 1.32651 3.521891
vt 1.383015 3.384305
vt 1.428841 3.45544
vt 1.280203 3.450012
vt -1.368786 3.362218
vt -1.340739 3.543978
vt -1.44307 3.477527
vt -1.265974 3.427925
vt 2.047891 2.924278
vt 2.224949 2.973949
vt 2.122598 3.040369
vt 2.150749 2.858644
vt 2.963214 2.02784
vt 3.140309 1.983589
vt 3.084375 2.092034
vt 3.021527 1.920655
vt 3.093881 2.005721
vt 3.257948 1.931759
vt 3.221419 2.048196
vt 3.134458 1.890632
vt 3.14951 2.11074
vt 3.24272 2.260493
vt 3.116613 2.228268
vt 3.270241 2.141591
vt 3.14332 2.365461
vt 3.235732 2.510655
vt 3.114017 2.483947
vt 3.258732 2.390786
vt 3.129 2.571548
vt 3.216931 2.714066
vt 3.101168 2.690396
vt 3.237984 2.593833
vt -1.893126 3.166002
vt -1.746014 3.14398
vt -1.784022 3.220626
vt -1.855534 3.090193
vt -2.71342 2.466469
vt -2.56819 2.503169
vt -2.635432 2.560314
vt -2.648229 2.411066
vt -2.838683 2.319509
vt -2.696785 2.37355
vt -2.7747 2.423423
vt -2.76436 2.271935
vt -2.763255 2.434434
vt -2.741598 2.281146
vt -2.678288 2.385485
vt -2.821758 2.327325
vt -2.69412 2.469725
vt -2.666729 2.313534
vt -2.603383 2.417866
vt -2.751863 2.362192
vt -2.582419 2.504917
vt -2.553621 2.344556
vt -2.487232 2.446986
vt -2.642898 2.398892
vt -2.626873 2.665593
vt -2.58281 2.503901
vt -2.522416 2.609975
vt -2.681166 2.556271
vt -2.646358 2.821722
vt -2.591479 2.658468
vt -2.534511 2.766414
vt -2.697559 2.710924
vt -2.640829 2.931339
vt -2.580112 2.765611
vt -2.523868 2.873923
vt -2.692119 2.820595
vt -2.526734 2.819695
vt -2.586074 2.989688
vt -2.641673 2.881058
vt -2.467407 2.926335
vt -2.333722 2.90394
vt -2.376598 3.081428
vt -2.444598 2.980111
vt -2.263542 3.003758
vt 2.999351 2.667454
vt 3.072251 2.813023
vt 2.964729 2.784503
vt 3.100192 2.694201
vt 2.955134 2.717552
vt 3.01898 2.862585
vt 2.918638 2.834024
vt 3.049289 2.744352
vt 2.88035 2.717196
vt 2.932266 2.862945
vt 2.839343 2.832146
vt 2.968035 2.746259
vt 2.766898 2.878173
vt 2.732414 2.730371
vt 2.813338 2.765324
vt 2.682094 2.841545
vt 2.356398 3.06755
vt 2.353922 2.917817
vt 2.424397 2.966234
vt 2.283742 3.017636
vt 0.9504991 3.63455
vt 1.021927 3.504086
vt 1.059574 3.579868
vt 0.9124575 3.557975
vt -1.010237 3.480556
vt -0.9621887 3.65808
vt -1.071264 3.603398
vt -0.9007679 3.534445
vt 1.734353 3.120463
vt 1.904787 3.189519
vt 1.795683 3.244143
vt 1.843872 3.066676
vt 2.755418 2.287666
vt 2.936421 2.264028
vt 2.868413 2.365339
vt 2.825645 2.18788
vt 2.958685 2.147921
vt 3.12852 2.088385
vt 3.082085 2.201237
vt 3.009036 2.036761
vt 3.04523 2.168319
vt 3.12775 2.324219
vt 3.004203 2.283262
vt 3.163511 2.20753
vt 3.043949 2.36837
vt 3.12729 2.518955
vt 3.00744 2.484838
vt 3.157592 2.40072
vt 3.027493 2.547824
vt 3.107075 2.695166
vt 2.992867 2.664872
vt 3.135015 2.576344
vt -1.65828 3.283069
vt -1.513365 3.249504
vt -1.545205 3.328911
vt -1.626788 3.204529
vt -2.519672 2.627242
vt -2.371727 2.650714
vt -2.43355 2.713683
vt -2.459735 2.566194
vt -2.703459 2.40288
vt -2.557924 2.446179
vt -2.631899 2.501728
vt -2.632895 2.349892
vt -2.64911 2.447294
vt -2.637403 2.292926
vt -2.567483 2.392957
vt -2.714412 2.344189
vt -2.593428 2.438491
vt -2.57536 2.280949
vt -2.505931 2.381335
vt -2.657455 2.334576
vt -2.486184 2.449059
vt -2.466627 2.287311
vt -2.394475 2.385766
vt -2.552642 2.346675
vt -2.521179 2.612309
vt -2.486464 2.448355
vt -2.420085 2.550791
vt -2.581654 2.50628
vt -2.523513 2.789041
vt -2.478493 2.622798
vt -2.415173 2.727144
vt -2.581246 2.681503
vt -2.490506 2.940781
vt -2.440865 2.771405
vt -2.377592 2.875767
vt -2.548997 2.833665
vt -2.343653 2.890866
vt -2.389446 3.064997
vt -2.453413 2.961074
vt -2.276126 2.992511
vt -2.066809 3.058074
vt -2.091386 3.239006
vt -2.16935 3.145141
vt -1.986827 3.150226
vt 2.892563 2.636186
vt 2.956968 2.785708
vt 2.851265 2.75105
vt 2.991698 2.66869
vt 2.835122 2.707839
vt 2.890007 2.856495
vt 2.791592 2.821869
vt 2.927467 2.740329
vt 2.736911 2.751925
vt 2.778688 2.900897
vt 2.688101 2.863784
vt 2.822391 2.786946
vt 2.567485 2.979764
vt 2.545323 2.829619
vt 2.623085 2.871134
vt 2.485995 2.936259
vt 2.072704 3.223143
vt 2.085491 3.073937
vt 2.150668 3.129279
vt 2.005509 3.166089
vt 0.681088 3.676128
vt 0.7625611 3.551691
vt 0.7941281 3.6302
vt 0.6491906 3.596797
vt -0.7527595 3.527313
vt -0.6908896 3.700505
vt -0.8039296 3.654577
vt -0.639389 3.57242
vt 1.503596 3.22514
vt 1.668049 3.307432
vt 1.554974 3.353275
vt 1.617019 3.180165
vt 2.549569 2.487344
vt 2.73204 2.482293
vt 2.654052 2.576138
vt 2.629609 2.395242
vt 2.819284 2.267049
vt 2.993459 2.221753
vt 2.937855 2.330381
vt 2.87865 2.160431
vt 2.939379 2.214978
vt 3.010982 2.376184
vt 2.890544 2.326827
vt 3.054683 2.262231
vt 2.945204 2.364254
vt 3.019205 2.519641
vt 2.90166 2.478278
vt 3.056662 2.403475
vt 2.927586 2.51821
vt 2.998559 2.669886
vt 2.886283 2.633072
vt 3.033288 2.552869
vt -1.481473 3.342182
vt -1.338773 3.300187
vt -1.365907 3.381322
vt -1.454636 3.261932
vt -2.340308 2.740116
vt -2.190967 2.751775
vt -2.247599 2.819451
vt -2.285404 2.674505
vt -2.571757 2.462634
vt -2.423529 2.495556
vt -2.493401 2.556186
vt -2.505107 2.404798
vt -2.537864 2.447286
vt -2.535916 2.292487
vt -2.459826 2.387909
vt -2.609538 2.348504
vt -2.495824 2.399529
vt -2.487066 2.241196
vt -2.411845 2.337318
vt -2.56586 2.299565
vt -2.393422 2.387584
vt -2.386966 2.227942
vt -2.305908 2.319467
vt -2.465636 2.289174
vt -2.41883 2.552853
vt -2.393567 2.38718
vt -2.321427 2.485643
vt -2.485282 2.450465
vt -2.403999 2.747411
vt -2.36892 2.57879
vt -2.299522 2.679197
vt -2.46801 2.643487
vt -2.343967 2.935453
vt -2.305359 2.763227
vt -2.235483 2.863289
vt -2.409248 2.832335
vt -2.166829 2.936309
vt -2.199519 3.113369
vt -2.271052 3.014501
vt -2.091916 3.032641
vt -1.82202 3.158797
vt -1.830239 3.341206
vt -1.916323 3.254727
vt -1.734082 3.243389
vt 2.787825 2.598706
vt 2.843528 2.751683
vt 2.739992 2.711006
vt 2.884928 2.636856
vt 2.716754 2.689668
vt 2.762526 2.841377
vt 2.666392 2.800849
vt 2.80696 2.727697
vt 2.594654 2.77275
vt 2.626287 2.9242
vt 2.53841 2.881062
vt 2.677577 2.813456
vt 2.371695 3.053643
vt 2.361404 2.90222
vt 2.435662 2.94972
vt 2.293877 3.003866
vt 1.813058 3.323729
vt 1.839201 3.176275
vt 1.899142 3.23725
vt 1.751262 3.260866
vt 0.4823689 3.677665
vt 0.5709633 3.558192
vt 0.597896 3.63841
vt 0.4551543 3.596608
vt -0.5626007 3.533285
vt -0.4907315 3.702572
vt -0.6062586 3.663317
vt -0.4467916 3.5717
vt 1.330448 3.275292
vt 1.489798 3.367076
vt 1.374232 3.406217
vt 1.44631 3.237038
vt 2.354608 2.633278
vt 2.536791 2.644678
vt 2.450669 2.73112
vt 2.442615 2.548757
vt 2.679134 2.362251
vt 2.856334 2.330807
vt 2.792351 2.434721
vt 2.746709 2.260637
vt 2.833152 2.250054
vt 2.89371 2.415726
vt 2.776878 2.358351
vt 2.945004 2.304983
vt 2.84762 2.352958
vt 2.91206 2.512548
vt 2.79724 2.464132
vt 2.956495 2.398867
vt 2.829623 2.482787
vt 2.891758 2.638293
vt 2.781784 2.595084
vt 2.933158 2.523466
vt -1.345324 3.362942
vt -1.204667 3.314544
vt -1.228108 3.396823
vt -1.322139 3.281562
vt -2.177545 2.812446
vt -2.027754 2.813618
vt -2.079507 2.885094
vt -2.127371 2.743151
vt -2.445427 2.499891
vt -2.295336 2.522872
vt -2.361016 2.58802
vt -2.382775 2.437747
vt -2.430379 2.434643
vt -2.437951 2.280017
vt -2.356139 2.370582
vt -2.50799 2.340454
vt -2.401755 2.353003
vt -2.408999 2.20006
vt -2.325252 2.289085
vt -2.47751 2.2573
vt -2.303155 2.323051
vt -0.4155875 0.2461266
vt -0.3289461 0.3320367
vt -2.38434 2.231638
vt -2.320174 2.487423
vt -2.304855 2.3209
vt -2.223781 2.412415
vt -2.392378 2.389007
vt -2.288364 2.697007
vt -2.263265 2.526614
vt -2.18808 2.622764
vt -2.358378 2.597028
vt -2.202299 2.915653
vt -2.174608 2.741339
vt -2.098573 2.836803
vt -2.273941 2.816849
vt -1.998491 2.957397
vt -2.018636 3.136318
vt -2.096951 3.042732
vt -1.916982 3.048216
vt -1.602283 3.215139
vt -1.596041 3.397626
vt -1.688698 3.31823
vt -1.507925 3.292506
vt 2.685501 2.555123
vt 2.732324 2.711047
vt 2.631296 2.664489
vt 2.780252 2.598789
vt 2.600643 2.663
vt 2.637194 2.81719
vt 2.543675 2.770946
vt 2.688394 2.706393
vt 2.454904 2.779488
vt 2.476467 2.932697
vt 2.391631 2.88385
vt 2.534958 2.825582
vt 2.182664 3.100723
vt 2.183684 2.948955
vt 2.254196 3.001855
vt 2.108771 3.045287
vt 1.580297 3.378844
vt 1.618026 3.233921
vt 1.672954 3.299448
vt 1.523669 3.311288
vt 0.3314809 3.653254
vt 0.4253554 3.537884
vt 0.4486556 3.61923
vt 0.3079368 3.571055
vt -0.4181207 3.512626
vt -0.3387156 3.678512
vt -0.4558903 3.644489
vt -0.3007021 3.545797
vt 1.197475 3.289299
vt 1.352516 3.388187
vt 1.2353 3.422068
vt 1.314947 3.256318
vt 2.175285 2.733035
vt 2.35599 2.758856
vt 2.263281 2.838191
vt 2.269722 2.655765
vt 2.541166 2.433594
vt 2.720218 2.415464
vt 2.648658 2.514313
vt 2.616137 2.337307
vt 2.727691 2.273133
vt 2.777163 2.442446
vt 2.66438 2.377473
vt 2.835666 2.335337
vt 2.75172 2.334397
vt 2.806425 2.49758
vt 2.694731 2.442332
vt 2.857629 2.386784
vt 2.733944 2.441658
vt 2.787041 2.600478
vt 2.679731 2.551021
vt 2.83497 2.48822
vt -1.238225 3.355826
vt -1.0994 3.302398
vt -1.119866 3.385467
vt -1.217983 3.273664
vt -2.0317 2.850635
vt -1.882125 2.842505
vt -1.929341 2.917056
vt -1.985924 2.778358
vt -2.325771 2.516057
vt -2.174533 2.52957
vt -2.235994 2.598713
vt -2.267144 2.450102
vt -2.327374 2.40974
vt -2.352896 2.264317
vt -2.263397 2.347473
vt -2.410486 2.320368
vt -2.301753 2.316532
vt -0.4935493 0.1802907
vt -0.4039442 0.263105
vt -2.386479 2.228438
vt 0.01738361 -0.1205729
vt 0.0175962 0.1213662
vt 0.001563963 0.0004106839
vt 0.06397707 -0.2333396
vt 0.06438775 0.2340509
vt 0.1381691 -0.3302046
vt 0.1215627 0.0003052441
vt 0.1333208 -0.08961675
vt 0.1679517 -0.1734315
vt 0.2349035 -0.4045667
vt 0.2230955 -0.2454272
vt 0.2949942 -0.3006974
vt 0.3475882 -0.4513582
vt 0.378748 -0.3354756
vt 0.4685437 -0.4673904
vt 0.4686492 -0.3473917
vt 0.5895273 -0.4515708
vt 0.5585712 -0.3356336
vt 0.6423859 -0.3010027
vt 0.702294 -0.4049773
vt 0.7143816 -0.2458589
vt 0.799159 -0.3307853
vt 0.7696518 -0.1739602
vt 0.80443 -0.09020644
vt 0.8735211 -0.2340509
vt 0.8163461 -0.0003052441
vt 0.1387499 0.3307853
vt 0.1334788 0.09020644
vt 0.168257 0.1739602
vt 0.2356148 0.4049773
vt 0.2235272 0.2458589
vt 0.2955229 0.3010027
vt 0.3483815 0.4515708
vt 0.3793377 0.3356336
vt 0.4693651 0.4673904
vt 0.4692596 0.3473917
vt 0.5591608 0.3354756
vt 0.5903206 0.4513582
vt 0.6429146 0.3006974
vt 0.7030053 0.4045667
vt 0.7148133 0.2454272
vt 0.7997397 0.3302046
vt 0.7699571 0.1734315
vt 0.804588 0.08961675
vt 0.8739317 0.2333396
vt 0.9203126 -0.1213662
vt 0.9205252 0.1205729
vt 0.9363448 -0.0004106839
vt -2.221424 2.415032
vt -0.3286178 0.3323621
vt -0.2419664 0.4182621
vt -2.302596 2.323605
vt -2.177107 2.638061
vt -2.159073 2.464061
vt -2.075286 2.553056
vt -2.252832 2.542335
vt -2.066406 2.881847
vt -2.049461 2.706162
vt -1.967712 2.796783
vt -2.143975 2.787624
vt -1.840153 2.955835
vt -1.848373 3.135699
vt -1.932729 3.047519
vt -1.752794 3.041041
vt -1.407651 3.235045
vt -1.388685 3.416651
vt -1.486659 3.343918
vt -1.308123 3.305637
vt 2.585944 2.50557
vt 2.623738 2.663924
vt 2.52555 2.611644
vt 2.678032 2.554602
vt 2.487369 2.627869
vt 2.514636 2.78397
vt 2.424049 2.732216
vt 2.572369 2.676431
vt 2.318847 2.7722
vt 2.330479 2.926481
vt 2.248971 2.872261
vt 2.39576 2.823363
vt 2.002712 3.122518
vt 2.014414 2.971198
vt 2.081027 3.028931
vt 1.932906 3.062017
vt 1.37429 3.396816
vt 1.422045 3.254881
vt 1.472264 3.324083
vt 1.322517 3.325472
vt 0.2139566 3.609746
vt 0.3118956 3.497806
vt 0.3322727 3.579933
vt 0.1933662 3.526758
vt -0.3055686 3.472305
vt -0.2202836 3.635246
vt -0.3385998 3.605434
vt -0.1870391 3.501257
vt 1.093121 3.276911
vt 1.244504 3.381313
vt 1.126145 3.410954
vt 1.211704 3.248177
vt 2.013423 2.793826
vt 2.191876 2.832239
vt 2.093838 2.904886
vt 2.11304 2.723359
vt 2.407701 2.48182
vt 2.587586 2.476369
vt 2.50923 2.569922
vt 2.489279 2.391063
vt 2.624043 2.284032
vt 2.66247 2.456188
vt 2.554122 2.384063
vt 2.727772 2.353083
vt 2.658004 2.308548
vt 2.702846 2.474712
vt 2.594658 2.412879
vt 2.760589 2.367179
vt 2.640879 2.39495
vt 2.684768 2.556556
vt 2.580476 2.501019
vt 2.739065 2.447235
vt -1.152398 3.326819
vt -1.015207 3.269328
vt -1.033218 3.352963
vt -1.134584 3.244098
vt -1.902036 2.859963
vt -1.75314 2.843569
vt -1.796158 2.920618
vt -1.86033 2.785264
vt -2.213625 2.512665
vt -2.06937 2.526737
vt -2.11911 2.589858
vt -2.168094 2.454885
vt -2.200236 2.410971
vt -0.561723 0.1508263
vt -0.4661623 0.2266908
vt -2.29198 2.330299
vt 0.4155875 0.2461266
vt 2.309291 2.329239
vt 0.3289461 0.3320367
vt 2.390476 2.237826
vt 0.4935493 0.1802907
vt 2.317807 2.333902
vt 0.4039442 0.263105
vt 2.402533 2.245809
vt 0.561723 0.1508263
vt 2.223229 2.439933
vt 0.4661623 0.2266908
vt 2.314973 2.359261
vt 0.6128141 0.1738692
vt 1.981717 2.654418
vt 0.5086257 0.2373676
vt 2.083476 2.586933
vt 1.642238 2.902368
vt 0.5147788 0.303166
vt 0.6287022 0.2594769
vt 1.529346 2.948748
vt 0.9514387 3.204199
vt 0.4613301 0.4107904
vt 0.5823037 0.3948948
vt 0.830582 3.220984
vt 0.4615401 0.5311436
vt -0.02375016 3.32514
vt 0.3405394 0.5154552
vt 0.09710296 3.341966
vt 0.2951503 0.6130194
vt -0.8284547 3.213365
vt 0.1811652 0.5694918
vt -0.7155804 3.259802
vt -1.342984 3.042616
vt 0.02314432 0.5610882
vt 0.1273973 0.6244807
vt -1.444707 2.975064
vt -1.773792 2.795572
vt -0.1142139 0.5059098
vt -0.0186034 0.5817115
vt -1.865494 2.714841
vt -2.052717 2.577645
vt -0.2298079 0.4239857
vt -0.1401729 0.5067676
vt -2.13741 2.489511
vt -1.956849 2.613614
vt -0.6128141 0.1738692
vt -0.5086257 0.2373676
vt -2.058607 2.546129
vt -0.5147788 0.303166
vt -1.622424 2.850702
vt -0.6287022 0.2594769
vt -1.509533 2.897082
vt -0.4613301 0.4107904
vt -0.9437375 3.145589
vt -0.5823037 0.3948948
vt -0.8228808 3.162374
vt 0.0161815 3.266764
vt -0.4615401 0.5311436
vt -0.3405394 0.5154552
vt -0.1046716 3.28359
vt 0.8089755 3.162355
vt -0.2951503 0.6130194
vt -0.1811652 0.5694918
vt 0.6961012 3.208792
vt -0.02314432 0.5610882
vt 1.318762 3.002782
vt -0.1273973 0.6244807
vt 1.420486 2.935229
vt 0.1142139 0.5059098
vt 1.751762 2.767785
vt 0.0186034 0.5817115
vt 1.843464 2.687053
vt 0.2298079 0.4239857
vt 2.037869 2.561568
vt 0.1401729 0.5067676
vt 2.122561 2.473434
vt 0.3286178 0.3323621
vt 2.216624 2.41019
vt 0.2419664 0.4182621
vt 2.297796 2.318763
vt -1.937017 2.834627
vt -1.924957 2.652762
vt -1.835409 2.735876
vt -2.020076 2.745205
vt -1.692715 2.933469
vt -1.689663 3.113496
vt -1.779372 3.030768
vt -1.600195 3.013042
vt -1.236618 3.224996
vt -1.206457 3.405082
vt -1.308742 3.338547
vt -1.132915 3.289298
vt 2.489497 2.450201
vt 2.518146 2.610463
vt 2.423118 2.552636
vt 2.578621 2.504435
vt 2.37748 2.584379
vt 2.395439 2.741822
vt 2.308082 2.684786
vt 2.45945 2.637898
vt 2.187504 2.751142
vt 2.189402 2.90585
vt 2.111469 2.846607
vt 2.261045 2.807045
vt 1.833401 3.120872
vt 1.855125 2.970662
vt 1.917757 3.032691
vt 1.767766 3.055869
vt 1.193317 3.384394
vt 1.249758 3.245684
vt 1.295602 3.317859
vt 1.146055 3.309985
vt 0.1204327 3.550721
vt 0.2216002 3.44169
vt 0.2395693 3.524378
vt 0.1022755 3.467167
vt -0.2160208 3.416015
vt -0.1260121 3.576395
vt -0.2451487 3.550052
vt -0.09669612 3.441493
vt 1.009681 3.243667
vt 1.157924 3.35248
vt 1.038744 3.378624
vt 1.129058 3.218437
vt 1.86905 2.821861
vt 2.044774 2.871278
vt 1.942416 2.9377
vt 1.97285 2.757714
vt 2.280457 2.508114
vt 2.460306 2.51465
vt 2.375896 2.602779
vt 2.367896 2.422989
vt 2.523142 2.282769
vt 2.550638 2.457005
vt 2.447053 2.378191
vt 2.622312 2.358223
vt 2.566946 2.275453
vt 2.601842 2.443987
vt 2.497517 2.375839
vt 2.665869 2.340072
vt 2.550748 2.342807
vt 2.585292 2.506666
vt 2.484359 2.445237
vt 2.645772 2.400641
vt -1.082533 3.27958
vt -0.9468002 3.218724
vt -0.9627442 3.302778
vt -1.066763 3.196444
vt -1.787313 2.844684
vt -1.645927 2.834073
vt -1.678553 2.900005
vt -1.756562 2.782541
vt 2.380089 2.222589
vt 2.396077 2.38965
vt 2.299031 2.314114
vt 2.468291 2.29124
vt 2.390847 2.184895
vt 2.409468 2.359446
vt 2.3071 2.273919
vt 2.485222 2.263743
vt 2.326396 2.238525
vt 2.338876 2.420934
vt 2.236897 2.321681
vt 2.421988 2.331562
vt 2.039794 2.489204
vt 2.226596 2.529125
vt 2.132081 2.606319
vt 2.138518 2.417352
vt 1.621385 2.784478
vt 1.798151 2.866585
vt 1.689391 2.921906
vt 1.73202 2.732946
vt 0.8833914 3.110488
vt 1.029267 3.242378
vt 0.9090163 3.26305
vt 1.003868 3.091162
vt -0.08129381 3.247467
vt 0.01319841 3.419329
vt -0.1070076 3.398401
vt 0.03917927 3.266828
vt -0.9500699 3.121503
vt -0.9075767 3.310129
vt -1.016247 3.254634
vt -0.8394245 3.173025
vt -1.549529 2.883207
vt -1.542922 3.071683
vt -1.637357 2.994393
vt -1.450766 2.955019
vt -1.024919 3.216491
vt -0.8931832 3.168785
vt -0.9046683 3.237163
vt -1.01366 3.149459
vt -0.01761096 3.393429
vt 0.09117971 3.305495
vt 0.1025951 3.3725
vt -0.02929338 3.324856
vt 0.8966677 3.288183
vt 0.9743748 3.170398
vt 1.005338 3.232688
vt 0.8637295 3.22192
vt 1.52986 3.055147
vt 1.578427 2.919791
vt 1.624296 2.977858
vt 1.479664 2.991602
vt 1.950387 2.677476
vt 1.9254 2.823336
vt 1.860838 2.76059
vt 2.008459 2.733915
vt 2.175873 2.478086
vt 2.169259 2.631509
vt 2.092086 2.567081
vt 2.244984 2.535783
vt 2.310235 2.325087
vt 2.317371 2.485242
vt 2.229162 2.416601
vt 2.389576 2.386826
vt -1.086986 3.19007
vt -1.046948 3.36822
vt -1.152743 3.307422
vt -0.979897 3.248559
vt 2.39649 2.389196
vt 2.415908 2.550837
vt 2.32435 2.48766
vt 2.48236 2.448448
vt 2.271482 2.532697
vt 2.280147 2.690924
vt 2.196297 2.628847
vt 2.350161 2.590945
vt 2.061731 2.716738
vt 2.054135 2.871271
vt 1.979983 2.807359
vt 2.131704 2.777047
vt 1.675648 3.09776
vt 1.70673 2.949205
vt 1.765358 3.015032
vt 1.614209 3.028777
vt 1.034968 3.34684
vt 1.098966 3.21145
vt 1.140763 3.286042
vt 0.9918772 3.26994
vt 0.04467027 3.4782
vt 0.1484702 3.371672
vt 0.1644146 3.454774
vt 0.02855891 3.394228
vt -0.1435194 3.345869
vt -0.049621 3.504003
vt -0.1693653 3.480578
vt -0.02360818 3.368425
vt 0.9419083 3.192934
vt 1.087425 3.305369
vt 0.9676361 3.328567
vt 1.061871 3.170655
vt 1.741228 2.822233
vt 1.913948 2.881299
vt 1.80807 2.941954
vt 1.848418 2.763929
vt 2.16061 2.513906
vt 2.339694 2.531721
vt 2.249917 2.614376
vt 2.253221 2.434439
vt 2.425799 2.269532
vt 2.442531 2.445129
vt 2.343987 2.360096
vt 2.520142 2.35094
vt 2.478991 2.235214
vt 2.5039 2.405511
vt 2.40377 2.331336
vt 2.573936 2.305547
vt 2.463859 2.2854
vt 2.488953 2.45097
vt 2.391707 2.383855
vt 2.555411 2.348586
vn -0.9999971527299737 0.0023622288883370602 0.00033824048401131845
vn -0.9665485777587541 -0.25485459413554185 -0.028861439335869578
vn -0.9999970498797301 0.002333259116382678 0.0006753767336877092
vn -0.9665441819227358 -0.2560925952103033 -0.014454309729661278
vn 0.9665441819227358 0.2560925952103033 0.014454309729661278
vn 0.9999971527299737 -0.0023622288883370602 -0.00033824048401131845
vn 0.9665485777587541 0.25485459413554185 0.028861439335869578
vn 0.9999970498797301 -0.002333259116382678 -0.0006753767336877092
vn -0.9999992941938226 0.0011861839931128005 0.00006767119960708898
vn -0.9662287364561041 -0.25766030972160187 -0.003632305137048035
vn 0.9662287364561041 0.25766030972160187 0.003632305137048035
vn 0.9999992941938226 -0.0011861839931128005 -0.00006767119960708898
vn -0.8671515739522432 -0.49483488513600254 -0.05644983830434308
vn -0.8671429723651793 -0.49725628415303047 -0.028271069099034585
vn 0.8671429723651793 0.49725628415303047 0.028271069099034585
vn 0.8671515739522432 0.49483488513600254 0.05644983830434308
vn -0.9665559016749212 -0.25279570043806354 -0.043174330074815796
vn -0.9999968788388306 0.0022850799516448846 0.0010103079786206353
vn 0.9665559016749212 0.25279570043806354 0.043174330074815796
vn 0.9999968788388306 -0.0022850799516448846 -0.0010103079786206353
vn -0.9653555306701594 0.26050090827633354 0.015098880479704225
vn -0.9653509378849705 0.2592077101725456 0.030148461183169325
vn 0.9653555306701594 -0.26050090827633354 -0.015098880479704225
vn 0.9653509378849705 -0.2592077101725456 -0.030148461183169325
vn -1 0 0
vn -0.9659258358036645 -0.25881900959356163 0
vn 0.9659258358036645 0.25881900959356163 0
vn 1 0 0
vn -0.8665618582868303 -0.49901937597900287 -0.00708577165891656
vn 0.8665618582868303 0.49901937597900287 0.00708577165891656
vn -0.965635231168336 0.25987390838809216 0.003761923121425706
vn 0.965635231168336 -0.25987390838809216 -0.003761923121425706
vn -0.7084556650611752 -0.7011834654198174 -0.08020173604470054
vn -0.7084434666336548 -0.70462366681356 -0.040166438108237015
vn 0.7084434666336548 0.70462366681356 0.040166438108237015
vn 0.7084556650611752 0.7011834654198174 0.08020173604470054
vn -0.8671658859180126 -0.4908079920297234 -0.08444430862870113
vn 0.8671658859180126 0.4908079920297234 0.08444430862870113
vn -0.9665660872838745 -0.24992279671202033 -0.057346269245553604
vn -0.9999966401610749 0.0022178510890715824 0.0013419400538939366
vn 0.9665660872838745 0.24992279671202033 0.057346269245553604
vn 0.9999966401610749 -0.0022178510890715824 -0.0013419400538939366
vn -0.9653433174591827 0.25705700464912856 0.045099620815671024
vn 0.9653433174591827 -0.25705700464912856 -0.045099620815671024
vn -0.8650826156921954 0.5008005090842877 0.028825650522883974
vn -0.8650738718897182 0.49833158380688436 0.05755717812969915
vn 0.8650826156921954 -0.5008005090842877 -0.028825650522883974
vn 0.8650738718897182 -0.49833158380688436 -0.05755717812969915
vn 0 0 -1
vn 0 0 1
vn -0.866025402838329 -0.5000000016387101 0
vn 0.866025402838329 0.5000000016387101 0
vn -0.9659258358036645 0.25881900959356163 0
vn 0.9659258358036645 -0.25881900959356163 0
vn -0.7077380071467126 -0.706403407133236 -0.01005682010155356
vn 0.7077380071467126 0.706403407133236 0.01005682010155356
vn -0.8655337214288014 0.5007989123987318 0.0071990561782336576
vn 0.8655337214288014 -0.5007989123987318 -0.0071990561782336576
vn -0.5011910082574932 -0.8639299142338853 -0.04932217081261949
vn -0.501206008649695 -0.8597055148365947 -0.0984833216996021
vn 0.501206008649695 0.8597055148365947 0.0984833216996021
vn 0.5011910082574932 0.8639299142338853 0.04932217081261949
vn -0.7084760131706118 -0.6954622129286845 -0.1199752022303464
vn 0.7084760131706118 0.6954622129286845 0.1199752022303464
vn -0.8671858241213422 -0.48518881349584486 -0.11216310311989035
vn 0.8671858241213422 0.48518881349584486 0.11216310311989035
vn -0.9665791413026137 -0.24624511052222856 -0.07133098304802366
vn -0.9999963346315611 0.0021317890738274535 0.0016691910578069044
vn 0.9665791413026137 0.24624511052222856 0.07133098304802366
vn 0.9999963346315611 -0.0021317890738274535 -0.0016691910578069044
vn -0.965332649545114 0.2540559867212967 0.0599035168690326
vn 0.965332649545114 -0.2540559867212967 -0.0599035168690326
vn -0.8650592646784329 0.49422577982007737 0.08610079648438543
vn 0.8650592646784329 -0.49422577982007737 -0.08610079648438543
vn -0.7060611746745329 0.7069866746413365 0.04058890854413046
vn -0.7060488026616183 0.7035103026520488 0.08104531030551965
vn 0.7060611746745329 -0.7069866746413365 -0.04058890854413046
vn 0.7060488026616183 -0.7035103026520488 -0.08104531030551965
vn 0.9662281487440787 -0.25766111299843475 -0.0037303381881873903
vn 0.9999992942058474 0.0011876229931187263 -0.00003375548980441514
vn -0.9662281487440787 0.25766111299843475 0.0037303381881873903
vn -0.9999992942058474 -0.0011876229931187263 0.00003375548980441514
vn 0.8665595744739475 -0.49902208530041753 -0.0071737207886854145
vn 0.866025402838329 -0.5000000016387101 0
vn -0.866025402838329 0.5000000016387101 0
vn -0.8665595744739475 0.49902208530041753 0.0071737207886854145
vn 0.7077332982960369 -0.7064070982992299 -0.01012866997561402
vn 0.7071067811865476 -0.7071067811865476 0
vn -0.7071067811865476 0.7071067811865476 0
vn -0.7077332982960369 0.7064070982992299 0.01012866997561402
vn 0.5000000016387101 -0.866025402838329 0
vn 0.5005481076884851 -0.8656200132960377 -0.012392920190357083
vn -0.5000000016387101 0.866025402838329 0
vn -0.5005481076884851 0.8656200132960377 0.012392920190357083
vn 0.25881900959356163 -0.9659258358036645 0
vn 0.2591355994572735 -0.9657421979773759 -0.013811159971074499
vn -0.25881900959356163 0.9659258358036645 0
vn -0.2591355994572735 0.9657421979773759 0.013811159971074499
vn 0 -1 0
vn -0.000004934967244734398 -0.9998979495868384 -0.014286020708471122
vn 0 1 0
vn 0.000004934967244734398 0.9998979495868384 0.014286020708471122
vn -0.25881900959356163 -0.9659258358036645 0
vn -0.25914470802053846 -0.9657401298896933 -0.013784840426641545
vn 0.25881900959356163 0.9659258358036645 0
vn 0.25914470802053846 0.9657401298896933 0.013784840426641545
vn -0.5000000016387101 -0.866025402838329 0
vn -0.5005554098291619 -0.8656165169976884 -0.012342090242355785
vn 0.5000000016387101 0.866025402838329 0
vn 0.5005554098291619 0.8656165169976884 0.012342090242355785
vn -0.7071067811865476 -0.7071067811865476 0
vn 0.7071067811865476 0.7071067811865476 0
vn -0.7065503974517129 0.7075899974479635 0.010145509963408753
vn 0.7065503974517129 -0.7075899974479635 -0.010145509963408753
vn -0.49952627989772563 0.8662099651413928 0.012401289500939114
vn 0.49952627989772563 -0.8662099651413928 -0.012401289500939114
vn -0.25854979054900934 0.9658991646926653 0.013813379495067992
vn 0.25854979054900934 -0.9658991646926653 -0.013813379495067992
vn -0.00000349569717337947 0.9998979495929047 0.014286020708557794
vn 0.00000349569717337947 -0.9998979495929047 -0.014286020708557794
vn 0.25854320078334936 0.9659013029265445 0.013787180041773423
vn -0.25854320078334936 -0.9659013029265445 -0.013787180041773423
vn 0.49952089602963334 0.8662137931150301 0.01235066990183275
vn -0.49952089602963334 -0.8662137931150301 -0.01235066990183275
vn 0.7065467062846658 0.7075947062939877 0.010073900089606541
vn -0.7065467062846658 -0.7075947062939877 -0.010073900089606541
vn 0.865531794270724 0.5008034966849959 0.007111315952927673
vn -0.865531794270724 -0.5008034966849959 -0.007111315952927673
vn 0.9656346952352398 0.2598772987176797 0.003664009981920624
vn -0.9656346952352398 -0.2598772987176797 -0.003664009981920624
vn -0.25952479744401596 -0.9641629905042399 -0.05510541945728302
vn -0.2595415887099074 -0.9594432582640945 -0.11003089521364207
vn 0.2595415887099074 0.9594432582640945 0.11003089521364207
vn 0.25952479744401596 0.9641629905042399 0.05510541945728302
vn -0.5012309061522936 -0.8526802104661124 -0.14732290180829602
vn 0.5012309061522936 0.8526802104661124 0.14732290180829602
vn -0.7085043256302188 -0.6874787248696155 -0.15935690576475303
vn 0.7085043256302188 0.6874787248696155 0.15935690576475303
vn -0.867211354839185 -0.4779956751079433 -0.13951559273459954
vn 0.867211354839185 0.4779956751079433 0.13951559273459954
vn -0.9665950084862547 -0.24177470212266944 -0.08508280074698749
vn -0.9999959632402643 0.002027177925481174 0.0019909929268113313
vn 0.9665950084862547 0.24177470212266944 0.08508280074698749
vn 0.9999959632402643 -0.002027177925481174 -0.0019909929268113313
vn -0.9653190079755078 0.2502143020672815 0.07451185061562023
vn 0.9653190079755078 -0.2502143020672815 -0.07451185061562023
vn -0.8650389441110229 0.488496324909945 0.11436330583174031
vn 0.8650389441110229 -0.488496324909945 -0.11436330583174031
vn -0.7060282955123041 0.6977288955650571 0.12123709922938622
vn 0.7060282955123041 -0.6977288955650571 -0.12123709922938622
vn -0.4991229014141075 0.8651109024510193 0.04959290014050606
vn -0.4991078129522317 0.8608633223400655 0.09902389256974639
vn 0.4991078129522317 -0.8608633223400655 -0.09902389256974639
vn 0.4991229014141075 -0.8651109024510193 -0.04959290014050606
vn 0.9665407263987589 -0.25608320699430315 -0.014846390405493863
vn 0.9999971734552624 0.002376672936911662 -0.00006713595821788804
vn -0.9665407263987589 0.25608320699430315 0.014846390405493863
vn -0.9999971734552624 -0.002376672936911662 0.00006713595821788804
vn 0.8671337068331582 -0.497252303918431 -0.028623080225554754
vn -0.8671337068331582 0.497252303918431 0.028623080225554754
vn 0.7084268798060696 -0.7046238799144753 -0.04045421884683996
vn -0.7084268798060696 0.7046238799144753 0.04045421884683996
vn 0.5011671129495082 -0.8639321223228856 -0.04952588127968474
vn -0.5011671129495082 0.8639321223228856 0.04952588127968474
vn 0.25949550986407666 -0.9641648366503293 -0.05521094209870692
vn -0.25949550986407666 0.9641648366503293 0.05521094209870692
vn -0.00001565994016394704 -0.9983676104521101 -0.05711492059794774
vn 0.00001565994016394704 0.9983676104521101 0.05711492059794774
vn -0.2583234052012601 0.9644785194194702 0.05522865111201165
vn 0.2583234052012601 -0.9644785194194702 -0.05522865111201165
vn -0.0000012098860128140058 0.9983676105737963 0.0571149206049092
vn 0.0000012098860128140058 -0.9983676105737963 -0.0571149206049092
vn 0.25832119796058284 0.9644850923854973 0.05512408956480165
vn -0.25832119796058284 -0.9644850923854973 -0.05512408956480165
vn 0.49912152994928183 0.8651232519108444 0.0493908629636489
vn -0.49912152994928183 -0.8651232519108444 -0.0493908629636489
vn 0.7060609009302129 0.7070033009314545 0.040303060053098166
vn -0.7060609009302129 -0.7070033009314545 -0.040303060053098166
vn 0.8650835103754457 0.5008190060066113 0.02847531034152094
vn -0.8650835103754457 -0.5008190060066113 -0.02847531034152094
vn 0.9653567698035697 0.2605186918509563 0.014707759539940263
vn -0.9653567698035697 -0.2605186918509563 -0.014707759539940263
vn -0.00003302702895370399 -0.9934757685266956 -0.11404339638710634
vn 0.00003302702895370399 0.9934757685266956 0.11404339638710634
vn -0.2595693956992155 -0.9515941842331122 -0.16459719727280245
vn 0.2595693956992155 0.9515941842331122 0.16459719727280245
vn -0.5012656949892604 -0.8428768915744551 -0.1956814980439337
vn 0.5012656949892604 0.8428768915744551 0.1956814980439337
vn -0.7085406235320054 -0.6772589224930796 -0.19821840658321704
vn 0.7085406235320054 0.6772589224930796 0.19821840658321704
vn -0.86724239714545 -0.46925199845544535 -0.16641269945224857
vn 0.86724239714545 0.46925199845544535 0.16641269945224857
vn -0.9666136566239145 -0.23652608938606356 -0.09855682557733411
vn -0.9999955272059547 0.001904357051810083 0.002306294062745213
vn 0.9666136566239145 0.23652608938606356 0.09855682557733411
vn 0.9999955272059547 -0.001904357051810083 -0.002306294062745213
vn -0.9653024337579984 0.24554450858704052 0.08887691310815206
vn 0.9653024337579984 -0.24554450858704052 -0.08887691310815206
vn -0.8650128874795526 0.48116209303552027 0.14225239794099764
vn 0.8650128874795526 -0.48116209303552027 -0.14225239794099764
vn -0.7059996207755463 0.68966142029476 0.16103310473874316
vn 0.7059996207755463 -0.68966142029476 -0.16103310473874316
vn -0.4990827180173331 0.8537994308229241 0.14813160534768383
vn 0.4990827180173331 -0.8537994308229241 -0.14813160534768383
vn -0.25830660984977366 0.9597482365972164 0.11027700420509404
vn 0.25830660984977366 -0.9597482365972164 -0.11027700420509404
vn 0.9665362181127072 -0.25481160477512166 -0.02964431055552887
vn 0.9999971530414761 0.0023824228881246193 -0.00013405269370506492
vn -0.9665362181127072 0.25481160477512166 0.02964431055552887
vn -0.9999971530414761 -0.0023824228881246193 0.00013405269370506492
vn 0.8671250305822951 -0.4948007174509338 -0.0571527020156965
vn -0.8671250305822951 0.4948007174509338 0.0571527020156965
vn 0.7084145967735224 -0.701158996806568 -0.08077635963210385
vn -0.7084145967735224 0.701158996806568 0.08077635963210385
vn 0.5011520037679879 -0.8596903064637127 -0.09889007074352027
vn -0.5011520037679879 0.8596903064637127 0.09889007074352027
vn 0.25947869531544177 -0.9594360826786001 -0.11024159800972817
vn -0.25947869531544177 0.9594360826786001 0.11024159800972817
vn 0.000016157209494842787 0.9934757689388536 0.11404339643441891
vn -0.000016157209494842787 -0.9934757689388536 -0.11404339643441891
vn 0.2583379893195741 0.9597637603206411 0.11006819544946851
vn -0.2583379893195741 -0.9597637603206411 -0.11006819544946851
vn 0.49913657504028164 0.8608929569503683 0.09862046506840601
vn -0.49913657504028164 -0.8608929569503683 -0.09862046506840601
vn 0.7060731695756887 0.7035513696843518 0.0804745265323963
vn -0.7060731695756887 -0.7035513696843518 -0.0804745265323963
vn 0.86509214350239 0.4983801674516888 0.05685764628672963
vn -0.86509214350239 -0.4983801674516888 -0.05685764628672963
vn 0.9653612674622576 0.2592588912616144 0.02936750901016084
vn -0.9653612674622576 -0.2592588912616144 -0.02936750901016084
vn -0.00006190916708490648 -0.9853404536036467 -0.17059949196704646
vn 0.00006190916708490648 0.9853404536036467 0.17059949196704646
vn -0.25960828904140737 -0.9406413602936196 -0.21862609077134934
vn 0.25960828904140737 0.9406413602936196 0.21862609077134934
vn -0.5013103082756231 -0.8303275137070343 -0.24340130401806528
vn 0.5013103082756231 0.8303275137070343 0.24340130401806528
vn -0.7085846984053054 -0.6648362985037628 -0.2364326994679001
vn 0.7085846984053054 0.6648362985037628 0.2364326994679001
vn -0.8672788191509693 -0.45898641013518887 -0.1927665042566075
vn 0.8672788191509693 0.45898641013518887 0.1927665042566075
vn -0.9666349985403523 -0.23051649965191318 -0.11170909983131598
vn -0.9999950279494566 0.0017637290492955129 0.002614065073062062
vn 0.9666349985403523 0.23051649965191318 0.11170909983131598
vn 0.9999950279494566 -0.0017637290492955129 -0.002614065073062062
vn -0.9652829715029888 0.24006189291291086 0.10295179696066485
vn 0.9652829715029888 -0.24006189291291086 -0.10295179696066485
vn -0.8649812306300845 0.47224691672286334 0.16967710600848204
vn 0.8649812306300845 -0.47224691672286334 -0.16967710600848204
vn -0.7059630039594994 0.6793341038101472 0.20030330112343123
vn 0.7059630039594994 -0.6793341038101472 -0.20030330112343123
vn -0.49904770530589015 0.84394230897282 0.19675560209191167
vn 0.49904770530589015 -0.84394230897282 -0.19675560209191167
vn -0.2582786977405341 0.9518815916727781 0.16496529855685577
vn 0.2582786977405341 -0.9518815916727781 -0.16496529855685577
vn 0.9665287148642001 -0.2526969038862139 -0.04434544068198652
vn 0.9999971190930985 0.0023919850456705378 -0.0002005319038287859
vn -0.9665287148642001 0.2526969038862139 0.04434544068198652
vn -0.9999971190930985 -0.0023919850456705378 0.0002005319038287859
vn 0.8671105482112729 -0.49072372728419755 -0.08549573475355571
vn -0.8671105482112729 0.49072372728419755 0.08549573475355571
vn 0.7083941144313731 -0.6953968141665927 -0.12083480246164133
vn -0.7083941144313731 0.6953968141665927 0.12083480246164133
vn 0.5011270132288087 -0.8526359225079815 -0.14793140390511048
vn -0.5011270132288087 0.8526359225079815 0.14793140390511048
vn 0.25945078852210496 -0.9515719579032188 -0.16491239270440805
vn -0.25945078852210496 0.9515719579032188 0.16491239270440805
vn 0.000045039347919879315 0.9853404544925236 0.17059949212094447
vn -0.000045039347919879315 -0.9853404544925236 -0.17059949212094447
vn 0.25836589942696897 0.9519119978887496 0.1646529996348155
vn -0.25836589942696897 -0.9519119978887496 -0.1646529996348155
vn 0.49916148583273146 0.8538578757656907 0.1475280958128379
vn -0.49916148583273146 -0.8538578757656907 -0.1475280958128379
vn 0.7060935703743125 0.6978106707218396 0.12038329494905786
vn -0.7060935703743125 -0.6978106707218396 -0.12038329494905786
vn 0.8651065625741402 0.49432417861476474 0.08505434632041638
vn -0.8651065625741402 -0.49432417861476474 -0.08505434632041638
vn 0.9653686927086829 0.2571639980576703 0.04393136966819154
vn -0.9653686927086829 -0.2571639980576703 -0.04393136966819154
vn -0.00010221210257019931 -0.973988224491658 -0.22659860569799065
vn 0.00010221210257019931 0.973988224491658 0.22659860569799065
vn -0.2596580894192693 -0.9266205622414128 -0.27194118891874913
vn 0.2596580894192693 0.9266205622414128 0.27194118891874913
vn -0.5013644141842788 -0.8150732230595261 -0.2903263082137249
vn 0.5013644141842788 0.8150732230595261 0.2903263082137249
vn -0.7086364955058451 -0.6502512958761224 -0.27387509826309114
vn 0.7086364955058451 0.6502512958761224 0.27387509826309114
vn -0.8673205884080608 -0.4472322940226375 -0.218490897079819
vn 0.8673205884080608 0.4472322940226375 0.218490897079819
vn -0.9666589664395733 -0.22376559223131523 -0.1244965956777323
vn -0.9999944671039566 0.0016057519471768212 0.002913300904163397
vn 0.9666589664395733 0.22376559223131523 0.1244965956777323
vn 0.9999944671039566 -0.0016057519471768212 -0.002913300904163397
vn -0.965260693233841 0.2337842983612492 0.11669059918203747
vn 0.965260693233841 -0.2337842983612492 -0.11669059918203747
vn -0.8649440787382778 0.4617798886487046 0.19654789516853546
vn 0.8649440787382778 -0.4617798886487046 -0.19654789516853546
vn -0.7059184175817984 0.6667808166070266 0.23891950595059513
vn 0.7059184175817984 -0.6667808166070266 -0.23891950595059513
vn -0.49900297523420845 0.8313240587409307 0.24473728785355428
vn 0.49900297523420845 -0.8313240587409307 -0.24473728785355428
vn -0.25823969643118166 0.9409042869969004 0.219114996971877
vn 0.25823969643118166 -0.9409042869969004 -0.219114996971877
vn 0.9665182398734787 -0.24974601030321192 -0.058901802429979826
vn 0.9999970717191865 0.0024053289319751416 -0.0002663564924671991
vn -0.9665182398734787 0.24974601030321192 0.058901802429979826
vn -0.9999970717191865 -0.0024053289319751416 0.0002663564924671991
vn 0.8670903284824393 -0.48503461593256036 -0.11355960373023952
vn -0.8670903284824393 0.48503461593256036 0.11355960373023952
vn 0.7083655772712903 -0.6873560779454039 -0.16049869485021823
vn -0.7083655772712903 0.6873560779454039 0.16049869485021823
vn 0.5010920204213792 -0.8427921343469406 -0.19648970800769275
vn -0.5010920204213792 0.8427921343469406 0.19648970800769275
vn 0.2594117952760373 -0.940598182871439 -0.21904469601113388
vn -0.2594117952760373 0.940598182871439 0.21904469601113388
vn 0.00008534224228100622 0.973988226032515 0.22659860605647142
vn -0.00008534224228100622 -0.973988226032515 -0.22659860605647142
vn 0.25840479081069556 0.9409554665380575 0.2187001922226574
vn -0.25840479081069556 -0.9409554665380575 -0.2187001922226574
vn 0.49919637605041045 0.8440408595060519 0.19595409059885013
vn -0.49919637605041045 -0.8440408595060519 -0.19595409059885013
vn 0.7061219967924409 0.6897999968665836 0.15989899927365897
vn -0.7061219967924409 -0.6897999968665836 -0.15989899927365897
vn 0.8651266350538591 0.4886644198000767 0.11297340457754246
vn -0.8651266350538591 -0.4886644198000767 -0.11297340457754246
vn 0.9653790642889029 0.2542406905951824 0.05835180784146238
vn -0.9653790642889029 -0.2542406905951824 -0.05835180784146238
vn -0.0001538040923738895 -0.9594561524270224 -0.28185788602456335
vn 0.0001538040923738895 0.9594561524270224 0.28185788602456335
vn -0.2597185973344717 -0.9095775906648779 -0.324368396670962
vn 0.2597185973344717 0.9095775906648779 0.324368396670962
vn -0.5014280279643386 -0.7971636444573353 -0.33630351875544445
vn 0.5014280279643386 0.7971636444573353 0.33630351875544445
vn -0.7086958028407753 -0.633551602539563 -0.31042330124431805
vn 0.7086958028407753 0.633551602539563 0.31042330124431805
vn -0.8673674229473938 -0.4340283114828137 -0.2435019064421767
vn 0.8673674229473938 0.4340283114828137 0.2435019064421767
vn -0.9666854706472244 -0.21629539343233103 -0.13687769584379786
vn -0.999993846495213 0.0014309420665323648 0.0032030261489262996
vn 0.9666854706472244 0.21629539343233103 0.13687769584379786
vn 0.999993846495213 -0.0014309420665323648 -0.0032030261489262996
vn -0.9652356526565725 0.22673238887910077 0.13004829362131737
vn 0.9652356526565725 -0.22673238887910077 -0.13004829362131737
vn -0.8649015156642532 0.4497953081462541 0.22277690403471825
vn 0.8649015156642532 -0.4497953081462541 -0.22277690403471825
vn -0.7058661141139837 0.6520424130377641 0.27675570553380524
vn 0.7058661141139837 -0.6520424130377641 -0.27675570553380524
vn -0.49894850352650316 0.8159860057672829 0.2919199020632521
vn 0.49894850352650316 -0.8159860057672829 -0.2919199020632521
vn -0.2581898117439007 0.9268521421583618 0.27254931239705044
vn 0.2581898117439007 -0.9268521421583618 -0.27254931239705044
vn 0.9665048174357925 -0.2459686044372852 -0.07326584132171929
vn 0.9999970110767079 0.002422410026832408 -0.00033131150366985115
vn -0.9665048174357925 0.2459686044372852 0.07326584132171929
vn -0.9999970110767079 -0.002422410026832408 0.00033131150366985115
vn 0.8670645073391244 -0.47775180404385126 -0.14125280119561115
vn -0.8670645073391244 0.47775180404385126 0.14125280119561115
vn 0.7083290055842639 -0.6770631053377726 -0.19963860157389396
vn -0.7083290055842639 0.6770631053377726 0.19963860157389396
vn 0.5010472800979389 -0.8301909670240474 -0.2444065902919445
vn -0.5010472800979389 0.8301909670240474 0.2444065902919445
vn 0.25936191151910953 -0.9265505411511356 -0.2724619121009236
vn -0.25936191151910953 0.9265505411511356 0.2724619121009236
vn 0.0001369342935461601 0.9594561547799438 0.28185788671577733
vn -0.0001369342935461601 -0.9594561547799438 -0.28185788671577733
vn 0.25845460825968475 0.9269299296227993 0.2720333086936327
vn -0.25845460825968475 -0.9269299296227993 -0.2720333086936327
vn 0.49924097780976245 0.8314740630426832 0.24374028916624424
vn -0.49924097780976245 -0.8314740630426832 -0.24374028916624424
vn 0.7061583863020914 0.6795454868183228 0.19889259614192434
vn -0.7061583863020914 -0.6795454868183228 -0.19889259614192434
vn 0.8651523689883976 0.4814192827434057 0.1405234949629004
vn -0.8651523689883976 -0.4814192827434057 -0.1405234949629004
vn 0.9653923555872207 0.25049848847584194 0.07258172666088493
vn -0.9653923555872207 -0.25049848847584194 -0.07258172666088493
vn -0.00021651679178563295 -0.9417916642696422 -0.33619698724512137
vn 0.00021651679178563295 0.9417916642696422 0.33619698724512137
vn -0.25978959566341936 -0.889568085150738 -0.3757365937279552
vn 0.25978959566341936 0.889568085150738 0.3757365937279552
vn -0.5015007949462035 -0.7766573921733555 -0.38118269615869066
vn 0.5015007949462035 0.7766573921733555 0.38118269615869066
vn -0.7087623631597346 -0.6147917680441667 -0.34595808201768585
vn 0.7087623631597346 0.6147917680441667 0.34595808201768585
vn -0.8674193185661003 -0.4194172089771368 -0.2677180057301922
vn 0.8674193185661003 0.4194172089771368 0.2677180057301922
vn -0.9667144784336298 -0.20813009535683927 -0.14881189668016515
vn -0.9999931681560207 0.001239869960517336 0.00348229288910918
vn 0.9667144784336298 0.20813009535683927 0.14881189668016515
vn 0.9999931681560207 -0.001239869960517336 -0.00348229288910918
vn -0.9652079450724805 0.21892901022336542 0.14298150667683193
vn 0.9652079450724805 -0.21892901022336542 -0.14298150667683193
vn -0.8648537325518928 0.43633221642293835 0.24827850934485823
vn 0.8648537325518928 -0.43633221642293835 -0.24827850934485823
vn -0.7058061826458459 0.6351670843826991 0.31368839228712253
vn 0.7058061826458459 -0.6351670843826991 -0.31368839228712253
vn -0.4988846058501654 0.7979781093574823 0.33814950396530696
vn 0.4988846058501654 -0.7979781093574823 -0.33814950396530696
vn -0.25812918488830616 0.9097710467391432 0.3250937809679884
vn 0.25812918488830616 -0.9097710467391432 -0.3250937809679884
vn 0.9664885196019712 -0.24137690489551925 -0.08739068177242632
vn 0.9999969373623748 0.0024431730912830283 -0.0003951849147650916
vn -0.9664885196019712 0.24137690489551925 0.08739068177242632
vn -0.9999969373623748 -0.0024431730912830283 0.0003951849147650916
vn 0.8670330808514921 -0.46889928964431465 -0.1684846962789996
vn -0.8670330808514921 0.46889928964431465 0.1684846962789996
vn 0.7082846130706808 -0.6645514122636286 -0.23812670439438918
vn -0.7082846130706808 0.6645514122636286 0.23812670439438918
vn 0.5009929178672791 -0.8148736290614377 -0.2915254103968854
vn -0.5009929178672791 0.8148736290614377 0.2915254103968854
vn 0.25930130868374823 -0.9094749304574292 -0.3249895108835823
vn -0.25930130868374823 0.9094749304574292 0.3249895108835823
vn 0.00019964699312647217 0.9417916675756135 0.3361969884252737
vn -0.00019964699312647217 -0.9417916675756135 -0.3361969884252737
vn 0.2585150971288874 0.9098811898947047 0.3244782963962891
vn -0.2585150971288874 -0.9098811898947047 -0.3244782963962891
vn 0.49929519299294617 0.8161984885455601 0.29073069591991757
vn -0.49929519299294617 -0.8161984885455601 -0.29073069591991757
vn 0.7062027022283697 0.6670805021049224 0.2372369007485834
vn -0.7062027022283697 -0.6670805021049224 -0.2372369007485834
vn 0.8651836445376089 0.4726124243289704 0.1676149086284194
vn -0.8651836445376089 -0.4726124243289704 -0.1676149086284194
vn 0.9654084990252065 0.24594969975165934 0.08657467991258377
vn -0.9654084990252065 -0.24594969975165934 -0.08657467991258377
vn -0.00029014549139207667 -0.9210524726745742 -0.38943838844629397
vn 0.00029014549139207667 0.9210524726745742 0.38943838844629397
vn -0.2598710041132513 -0.8666573137174953 -0.4258781067408202
vn 0.2598710041132513 0.8666573137174953 0.4258781067408202
vn -0.5015826020617026 -0.753621303097681 -0.42481740174616744
vn 0.5015826020617026 0.753621303097681 0.42481740174616744
vn -0.7088360781185495 -0.5940329816624693 -0.38036328825835675
vn 0.7088360781185495 0.5940329816624693 0.38036328825835675
vn -0.8674759930666982 -0.4034469967754498 -0.29105999767370305
vn 0.8674759930666982 0.4034469967754498 0.29105999767370305
vn -0.9675855806388256 -0.19034139619131055 -0.1659767966788409
vn -0.9999802342023005 0.003932960134518943 0.004905408167779562
vn 0.9675855806388256 0.19034139619131055 0.1659767966788409
vn 0.9999802342023005 -0.003932960134518943 -0.004905408167779562
vn -0.9651776836538186 0.21039959643668718 0.15544789736734538
vn 0.9651776836538186 -0.21039959643668718 -0.15544789736734538
vn -0.8648008840205466 0.4214344922128978 0.2729695949561744
vn 0.8648008840205466 -0.4214344922128978 -0.2729695949561744
vn -0.7057388900064445 0.6162098912742122 0.34959689504956304
vn 0.7057388900064445 -0.6162098912742122 -0.34959689504956304
vn -0.49881139508884026 0.7773592923463342 0.38327499622637995
vn 0.49881139508884026 -0.7773592923463342 -0.38327499622637995
vn -0.25805799004156166 0.8897167656658971 0.37657688546792667
vn 0.25805799004156166 -0.8897167656658971 -0.37657688546792667
vn 0.9664693774211495 -0.23598599448684804 -0.10123019763503997
vn 0.9999968508179874 0.002467549878640549 -0.0004577681774859683
vn -0.9664693774211495 0.23598599448684804 0.10123019763503997
vn -0.9999968508179874 -0.002467549878640549 0.0004577681774859683
vn 0.866996168395905 -0.45850588328635805 -0.19516659288570853
vn -0.866996168395905 0.45850588328635805 0.19516659288570853
vn 0.708232507365919 -0.6498619067588398 -0.2758373028688253
vn -0.708232507365919 0.6498619067588398 0.2758373028688253
vn 0.500929095175785 -0.7968900923255222 -0.33769249674784085
vn -0.500929095175785 0.7968900923255222 0.33769249674784085
vn 0.25923009919799006 -0.8894270972482771 -0.3764560988353147
vn -0.25923009919799006 0.8894270972482771 0.3764560988353147
vn 0.00027327579319126914 0.9210524770517601 0.3894383902970508
vn -0.00027327579319126914 -0.9210524770517601 -0.3894383902970508
vn 0.2585861955515857 0.8898648846918057 0.3758638935340776
vn -0.2585861955515857 -0.8898648846918057 -0.3758638935340776
vn 0.4993588906782629 0.7982639850984788 0.3367718937133412
vn -0.4993588906782629 -0.7982639850984788 -0.3367718937133412
vn 0.7062545963484095 0.6524459966266192 0.27480659857915113
vn -0.7062545963484095 -0.6524459966266192 -0.27480659857915113
vn 0.865220311762588 0.46227270628455347 0.19415910263957467
vn -0.865220311762588 -0.46227270628455347 -0.19415910263957467
vn 0.9654274623560243 0.2406090906181633 0.10028499608968457
vn -0.9654274623560243 -0.2406090906181633 -0.10028499608968457
vn -0.00037444977906397 -0.8973062498303066 -0.44140837532021804
vn 0.00037444977906397 0.8973062498303066 0.44140837532021804
vn -0.2599622925024315 -0.8409201757470341 -0.47462918631122714
vn 0.2599622925024315 0.8409201757470341 0.47462918631122714
vn -0.5016731072815319 -0.7281306105684481 -0.46706520677921587
vn 0.5016731072815319 0.7281306105684481 0.46706520677921587
vn -0.708916635085189 -0.5713430282764955 -0.4135267204659653
vn 0.708916635085189 0.5713430282764955 0.4135267204659653
vn -0.8691604528061708 -0.3719930226005762 -0.32585471979742636
vn 0.8691604528061708 0.3719930226005762 0.32585471979742636
vn -0.9661528678798089 -0.18241249393561373 -0.1824124939356138
vn -0.9999996139660943 0.0006213162086773639 0.0006213162086773641
vn 0.9661528678798089 0.18241249393561373 0.1824124939356138
vn 0.9999996139660943 -0.0006213162086773639 -0.0006213162086773641
vn -0.9644806231235873 0.19767390473926552 0.1752203042009367
vn 0.9644806231235873 -0.19767390473926552 -0.1752203042009367
vn -0.8647430324364036 0.4051510151971641 0.29676951113178757
vn 0.8647430324364036 -0.4051510151971641 -0.29676951113178757
vn -0.7056643943126273 0.5952327952026618 0.3843639969021801
vn 0.7056643943126273 -0.5952327952026618 -0.3843639969021801
vn -0.4987291081348479 0.7541968123018212 0.4271492069672972
vn 0.4987291081348479 -0.7541968123018212 -0.4271492069672972
vn -0.2579764956652803 0.8667547854361188 0.4268304928280657
vn 0.2579764956652803 -0.8667547854361188 -0.4268304928280657
vn 0.9664474743444683 -0.229813393899322 -0.11473919695410756
vn 0.9999967517233962 0.002495461879527184 -0.0005188570749512606
vn -0.9664474743444683 0.229813393899322 0.11473919695410756
vn -0.9999967517233962 -0.002495461879527184 0.0005188570749512606
vn 0.8669539101419955 -0.44660550522458103 -0.22121130258782398
vn -0.8669539101419955 0.44660550522458103 0.22121130258782398
vn 0.7081727342873134 -0.6330426306497694 -0.3126474151373239
vn -0.7081727342873134 0.6330426306497694 0.3126474151373239
vn 0.5008559942408523 -0.7762990910736395 -0.38275709559882565
vn -0.5008559942408523 0.7762990910736395 0.38275709559882565
vn 0.25914869089754494 -0.8664724695656315 -0.42669358501262294
vn -0.25914869089754494 0.8664724695656315 0.42669358501262294
vn 0.0003575800143009738 0.8973062358866616 0.4414084176535881
vn -0.0003575800143009738 -0.8973062358866616 -0.4414084176535881
vn 0.2586674972411857 0.8669463907535963 0.42602239545626475
vn -0.2586674972411857 -0.8669463907535963 -0.42602239545626475
vn 0.49943181291954963 0.7777291201186821 0.381713609874357
vn -0.49943181291954963 -0.7777291201186821 -0.381713609874357
vn 0.706314085767171 0.6356894871903166 0.3114791937234298
vn -0.706314085767171 -0.6356894871903166 -0.3114791937234298
vn 0.8652623845325957 0.4504336919480609 0.22006929606604803
vn -0.8652623845325957 -0.4504336919480609 -0.22006929606604803
vn 0.9654491618142226 0.23449419072520508 0.11366789550416835
vn -0.9654491618142226 -0.23449419072520508 -0.11366789550416835
vn -0.0004691542834609143 -0.8706305693076796 -0.49193718265774944
vn 0.0004691542834609143 0.8706305693076796 0.49193718265774944
vn -0.2600634025992804 -0.8124406081201773 -0.5218307052155912
vn 0.2600634025992804 0.8124406081201773 0.5218307052155912
vn -0.5017719886780948 -0.7002686841992461 -0.5077879885423509
vn 0.5017719886780948 0.7002686841992461 0.5077879885423509
vn -0.7110317061971034 -0.5285515046066697 -0.4637534040419124
vn 0.7110317061971034 0.5285515046066697 0.4637534040419124
vn -0.8664643916258644 -0.3530151965882069 -0.353015196588207
vn 0.8664643916258644 0.3530151965882069 0.353015196588207
vn 0 -0.7071067811865477 0.7071067811865475
vn 0 0.7071067811865477 -0.7071067811865475
vn -0.9656980251797651 0.18361280478754968 0.18361280478754974
vn 0.9656980251797651 -0.18361280478754968 -0.18361280478754974
vn -0.8636978489108736 0.37786852139854754 0.33352871888760194
vn 0.8636978489108736 -0.37786852139854754 -0.33352871888760194
vn -0.7055830050261923 0.5723042040767861 0.4178762029767245
vn 0.7055830050261923 -0.5723042040767861 -0.4178762029767245
vn -0.49863810840971623 0.7285662122875388 0.4696289079204655
vn 0.49863810840971623 -0.7285662122875388 -0.4696289079204655
vn -0.2578848924738384 0.8409600754572617 0.475690586117356
vn 0.2578848924738384 -0.8409600754572617 -0.475690586117356
vn 0.9664228702390759 -0.22287929313644786 -0.1278735960621417
vn 0.9999966404042059 0.0025268171020943813 -0.0005782522233638998
vn -0.9664228702390759 0.22287929313644786 0.1278735960621417
vn -0.9999966404042059 -0.0025268171020943813 0.0005782522233638998
vn 0.8669064599256504 -0.4332369799728217 -0.2465337886035211
vn -0.8669064599256504 0.4332369799728217 0.2465337886035211
vn 0.7081056927916186 -0.614148293748087 -0.34843679645297976
vn -0.7081056927916186 0.614148293748087 0.34843679645297976
vn 0.5007738111319892 -0.7531679167426027 -0.4265720094825148
vn -0.5007738111319892 0.7531679167426027 0.4265720094825148
vn 0.2590571102197501 -0.8406860331648923 -0.47553801875987795
vn -0.2590571102197501 0.8406860331648923 0.47553801875987795
vn 0.000452284587570867 0.8706305760743931 0.4919371864811829
vn -0.000452284587570867 -0.8706305760743931 -0.4919371864811829
vn 0.258758900824217 0.8412005026794507 0.4747900015123345
vn -0.258758900824217 -0.8412005026794507 -0.4747900015123345
vn 0.49951368407263175 0.754660975937069 0.42540908643551256
vn -0.49951368407263175 -0.754660975937069 -0.42540908643551256
vn 0.7063809139632118 0.6168658121937438 0.34713480686190246
vn -0.7063809139632118 -0.6168658121937438 -0.34713480686190246
vn 0.8653096126409621 0.4371342063859187 0.24526100358292002
vn -0.8653096126409621 -0.4371342063859187 -0.24526100358292002
vn 0.9654735573004221 0.22762488993293323 0.12667959439739687
vn -0.9654735573004221 -0.22762488993293323 -0.12667959439739687
vn -0.000573949900429674 -0.8411125006296788 -0.5408599004049021
vn 0.000573949900429674 0.8411125006296788 0.5408599004049021
vn -0.2601740004839952 -0.7813117014534546 -0.5673284010553871
vn 0.2601740004839952 0.7813117014534546 0.5673284010553871
vn -0.5037196974677659 -0.6490868967369947 -0.570046197134338
vn 0.5037196974677659 0.6490868967369947 0.570046197134338
vn -0.7077277910779093 -0.4995604937022056 -0.49956049370220584
vn 0.7077277910779093 0.4995604937022056 0.49956049370220584
vn 0.9649513977916122 0.19776299954739956 0.172506799605201
vn 0.9999895528872178 0.0040517698091078564 0.0021159579003102954
vn -0.9999895528872178 -0.0040517698091078564 -0.0021159579003102954
vn -0.9649513977916122 -0.19776299954739956 -0.172506799605201
vn 0.8646062811773401 0.377937191772228 0.3310882927921386
vn -0.8646062811773401 -0.377937191772228 -0.3310882927921386
vn 0.7057958873050967 0.5324942904222116 0.4672279915961339
vn -0.7057958873050967 -0.5324942904222116 -0.4672279915961339
vn 0.4992295953172215 0.6510380938932561 0.571768494636806
vn 0.5007608154281555 0.6120615188572668 0.612061518857267
vn -0.4992295953172215 -0.6510380938932561 -0.571768494636806
vn -0.5007608154281555 -0.6120615188572668 -0.612061518857267
vn 0.2596677091314216 0.6828516240130206 0.6828516240130208
vn 0.2588410074180093 0.7255483207931667 0.637637018273756
vn -0.2588410074180093 -0.7255483207931667 -0.637637018273756
vn -0.2596677091314216 -0.6828516240130206 -0.6828516240130208
vn 0.0008786738102136401 0.7071065082193542 0.7071065082193544
vn 0.0008971469937116682 0.7509555947363608 0.6603520953714241
vn -0.0008971469937116682 -0.7509555947363608 -0.6603520953714241
vn -0.0008786738102136401 -0.7071065082193542 -0.7071065082193544
vn -0.257104800397083 0.7255262011205317 0.6383642009859154
vn -0.25797021722150926 0.6831732456071034 0.6831732456071036
vn 0.257104800397083 -0.7255262011205317 -0.6383642009859154
vn 0.25797021722150926 -0.6831732456071034 -0.6831732456071036
vn -0.4976662626262878 0.6509977511114085 0.5731755569556953
vn -0.49923886226302755 0.6126828536879082 0.6126828536879084
vn 0.4976662626262878 -0.6509977511114085 -0.5731755569556953
vn 0.49923886226302755 -0.6126828536879082 -0.6126828536879084
vn -0.7064852270454349 0.5004391191576455 0.5004391191576457
vn -0.704513681120263 0.5324398857315402 0.46922088742569934
vn 0.704513681120263 -0.5324398857315402 -0.46922088742569934
vn 0.7064852270454349 -0.5004391191576455 -0.5004391191576457
vn -0.8655857426232305 0.35409131743618805 0.35409131743618816
vn 0.8655857426232305 -0.35409131743618805 -0.35409131743618816
vn -0.2613514999430123 -0.7250422998419044 -0.6371883998610611
vn 0.2613514999430123 0.7250422998419044 0.6371883998610611
vn -0.0007252174068510247 -0.7509555070941687 -0.6603524062382544
vn 0.0007252174068510247 0.7509555070941687 0.6603524062382544
vn 0.25993690286416554 -0.7249550079880581 -0.6378660070284512
vn -0.25993690286416554 0.7249550079880581 0.6378660070284512
vn 0.502417399339512 -0.6489341991468981 -0.5713677992488686
vn -0.502417399339512 0.6489341991468981 0.5713677992488686
vn 0.709928888413091 -0.528367991376387 -0.4656481924000513
vn -0.709928888413091 0.528367991376387 0.4656481924000513
vn 0.8683505105152342 -0.3718132045024478 -0.3282108039744475
vn -0.8683505105152342 0.3718132045024478 0.3282108039744475
vn 0.9671547905224537 -0.1901882981362669 -0.16864169834741094
vn -0.9671547905224537 0.1901882981362669 0.16864169834741094
vn -0.49853870144964585 0.700551302037056 0.5105752014846456
vn 0.49853870144964585 -0.700551302037056 -0.5105752014846456
vn -0.2577834946015471 0.81241688298652 0.5229975890474842
vn 0.2577834946015471 -0.81241688298652 -0.5229975890474842
vn 0.966395595095557 -0.21520649890783022 -0.14059059928650489
vn 0.9999965172217581 0.002561514044113929 -0.0006357595109489342
vn -0.966395595095557 0.21520649890783022 0.14059059928650489
vn -0.9999965172217581 -0.002561514044113929 0.0006357595109489342
vn 0.8668539318468402 -0.41844401537297016 -0.27105140995799953
vn -0.8668539318468402 0.41844401537297016 0.27105140995799953
vn 0.708031432214422 -0.5932408269916128 -0.3830885174299822
vn -0.708031432214422 0.5932408269916128 0.3830885174299822
vn 0.5006829896592341 -0.7275719849732231 -0.46899419031371326
vn -0.5006829896592341 0.7275719849732231 0.46899419031371326
vn 0.2589558104409353 -0.8121519327454547 -0.5228299210801736
vn -0.2589558104409353 0.8121519327454547 0.5228299210801736
vn 0.0005570801756013932 0.8411124631615461 0.5408599763117943
vn -0.0005570801756013932 -0.8411124631615461 -0.5408599763117943
vn 0.258860095007113 0.8127112843244452 0.5220074899315329
vn -0.258860095007113 -0.8127112843244452 -0.5220074899315329
vn 0.4996043260711305 0.7291348380488487 0.4677156244070648
vn -0.4996043260711305 -0.7291348380488487 -0.4677156244070648
vn 0.7064549065318927 0.5960364055109615 0.3816570035288065
vn -0.7064549065318927 -0.5960364055109615 -0.3816570035288065
vn 0.8653618541746826 0.42241762644482267 0.2696520168811607
vn -0.8653618541746826 -0.42241762644482267 -0.2696520168811607
vn 0.9655005455571202 0.2200236103818088 0.13927780657182004
vn -0.9655005455571202 -0.2200236103818088 -0.13927780657182004
vn -0.0006884945119490025 -0.8088484140377759 -0.5880168102051859
vn 0.0006884945119490025 0.8088484140377759 0.5880168102051859
vn 0.9655300401154905 0.21171520879626635 0.15142130629119735
vn 0.9999963825819188 0.0025994379547226148 -0.0006911912879607299
vn -0.9999963825819188 -0.0025994379547226148 0.0006911912879607299
vn -0.9655300401154905 -0.21171520879626635 -0.15142130629119735
vn 0.8654189279649313 0.40633201313011125 0.29316270947318673
vn -0.8654189279649313 -0.40633201313011125 -0.29316270947318673
vn 0.7065357190202175 0.5732693154326337 0.4149332111701642
vn -0.7065357190202175 -0.5732693154326337 -0.4149332111701642
vn 0.49970337016835686 0.701234058137236 0.508495169643498
vn -0.49970337016835686 -0.701234058137236 -0.508495169643498
vn 0.2589706153253687 0.7815718462518756 0.5675206335847486
vn -0.2589706153253687 -0.7815718462518756 -0.5675206335847486
vn 0.000671624779868705 0.808848375755562 0.58801688237477
vn -0.000671624779868705 -0.808848375755562 -0.58801688237477
vn -0.2576728043491124 0.7812183131857386 0.5685971095970268
vn 0.2576728043491124 -0.7812183131857386 -0.5685971095970268
vn 0.2588450996385733 -0.7809633989095367 -0.5684147992063198
vn -0.2588450996385733 0.7809633989095367 0.5684147992063198
vn 0.5005836295659694 -0.6995949413201736 -0.5098852301153498
vn -0.5005836295659694 0.6995949413201736 0.5098852301153498
vn 0.7079503199439414 -0.570388316068629 -0.41648951173308674
vn -0.7079503199439414 0.570388316068629 0.41648951173308674
vn 0.8667965314481327 -0.402274914594884 -0.29468401069139255
vn -0.8667965314481327 0.402274914594884 0.29468401069139255
vn 0.9663658226932027 -0.20681980485675672 -0.15284850358934685
vn -0.9663658226932027 0.20681980485675672 0.15284850358934685
usemtl material_0_0
f 1/1/1 2/2/2 3/3/3
f 2/2/2 1/1/1 4/4/4
f 5/4/5 6/1/6 7/2/7
f 8/3/8 7/2/7 6/1/6
f 9/5/9 4/6/4 1/7/1
f 4/6/4 9/5/9 10/8/10
f 11/8/11 12/5/12 5/6/5
f 6/7/6 5/6/5 12/5/12
f 4/9/4 13/10/13 2/11/2
f 13/10/13 4/9/4 14/12/14
f 15/12/15 5/9/5 16/10/16
f 7/11/7 16/10/16 5/9/5
f 3/13/3 17/14/17 18/15/18
f 17/14/17 3/13/3 2/16/2
f 7/16/7 8/13/8 19/14/19
f 20/15/20 19/14/19 8/13/8
f 21/17/21 3/18/3 22/19/22
f 3/18/3 21/17/21 1/20/1
f 6/20/6 23/17/23 8/18/8
f 24/19/24 8/18/8 23/17/23
f 25/21/25 10/22/10 9/23/9
f 10/22/10 25/21/25 26/24/26
f 27/24/27 28/21/28 11/22/11
f 12/23/12 11/22/11 28/21/28
f 10/25/10 14/26/14 4/27/4
f 14/26/14 10/25/10 29/28/29
f 30/28/30 11/25/11 15/26/15
f 5/27/5 15/26/15 11/25/11
f 31/29/31 1/30/1 21/31/21
f 1/30/1 31/29/31 9/32/9
f 12/32/12 32/29/32 6/30/6
f 23/31/23 6/30/6 32/29/32
f 14/33/14 33/34/33 13/35/13
f 33/34/33 14/33/14 34/36/34
f 35/36/35 15/33/15 36/34/36
f 16/35/16 36/34/36 15/33/15
f 2/37/2 37/38/37 17/39/17
f 37/38/37 2/37/2 13/40/13
f 16/40/16 7/37/7 38/38/38
f 19/39/19 38/38/38 7/37/7
f 18/41/18 39/42/39 40/43/40
f 39/42/39 18/41/18 17/44/17
f 19/44/19 20/41/20 41/42/41
f 42/43/42 41/42/41 20/41/20
f 22/45/22 18/46/18 43/47/43
f 18/46/18 22/45/22 3/48/3
f 8/48/8 24/45/24 20/46/20
f 44/47/44 20/46/20 24/45/24
f 45/49/45 22/50/22 46/51/46
f 22/50/22 45/49/45 21/52/21
f 23/52/23 47/49/47 24/50/24
f 48/51/48 24/50/24 47/49/47
f 49/53/49 50/54/49 51/55/49
f 50/54/49 49/53/49 52/56/49
f 50/54/49 52/56/49 53/57/49
f 53/57/49 52/56/49 54/58/49
f 53/57/49 54/58/49 55/59/49
f 55/59/49 54/58/49 56/60/49
f 55/59/49 56/60/49 57/61/49
f 57/61/49 56/60/49 58/62/49
f 57/61/49 58/62/49 59/63/49
f 59/63/49 58/62/49 60/64/49
f 59/63/49 60/64/49 61/65/49
f 61/65/49 60/64/49 62/66/49
f 61/65/49 62/66/49 63/67/49
f 63/67/49 62/66/49 64/68/49
f 63/67/49 64/68/49 65/69/49
f 65/69/49 64/68/49 66/70/49
f 65/69/49 66/70/49 67/71/49
f 67/71/49 66/70/49 68/72/49
f 67/71/49 68/72/49 69/73/49
f 69/73/49 68/72/49 70/74/49
f 69/73/49 70/74/49 71/75/49
f 71/75/49 70/74/49 72/76/49
f 73/76/50 74/74/50 75/75/50
f 75/75/50 74/74/50 76/73/50
f 74/74/50 77/72/50 76/73/50
f 76/73/50 77/72/50 78/71/50
f 77/72/50 79/70/50 78/71/50
f 78/71/50 79/70/50 80/69/50
f 79/70/50 81/68/50 80/69/50
f 80/69/50 81/68/50 82/67/50
f 81/68/50 83/66/50 82/67/50
f 82/67/50 83/66/50 84/65/50
f 83/66/50 85/64/50 84/65/50
f 84/65/50 85/64/50 86/63/50
f 85/64/50 87/62/50 86/63/50
f 86/63/50 87/62/50 88/61/50
f 87/62/50 89/60/50 88/61/50
f 88/61/50 89/60/50 90/59/50
f 89/60/50 91/58/50 90/59/50
f 90/59/50 91/58/50 92/57/50
f 91/58/50 93/56/50 92/57/50
f 92/57/50 93/56/50 94/54/50
f 93/56/50 95/53/50 94/54/50
f 96/55/50 94/54/50 95/53/50
f 26/77/26 29/78/29 10/79/10
f 29/78/29 26/77/26 97/80/51
f 98/80/52 27/77/27 30/78/30
f 11/79/11 30/78/30 27/77/27
f 99/81/53 9/23/9 31/82/31
f 9/23/9 99/81/53 25/21/25
f 28/21/28 100/81/54 12/23/12
f 32/82/32 12/23/12 100/81/54
f 29/83/29 34/84/34 14/85/14
f 34/84/34 29/83/29 101/86/55
f 102/86/56 30/83/30 35/84/35
f 15/85/15 35/84/35 30/83/30
f 103/87/57 21/88/21 45/89/45
f 21/88/21 103/87/57 31/90/31
f 32/90/32 104/87/58 23/88/23
f 47/89/47 23/88/23 104/87/58
f 105/91/59 33/92/33 34/93/34
f 33/92/33 105/91/59 106/94/60
f 107/94/61 108/91/62 36/92/36
f 35/93/35 36/92/36 108/91/62
f 13/95/13 109/96/63 37/97/37
f 109/96/63 13/95/13 33/98/33
f 36/98/36 16/95/16 110/96/64
f 38/97/38 110/96/64 16/95/16
f 17/99/17 111/100/65 39/101/39
f 111/100/65 17/99/17 37/102/37
f 38/102/38 19/99/19 112/100/66
f 41/101/41 112/100/66 19/99/19
f 40/103/40 113/104/67 114/105/68
f 113/104/67 40/103/40 39/106/39
f 41/106/41 42/103/42 115/104/69
f 116/105/70 115/104/69 42/103/42
f 43/107/43 40/108/40 117/109/71
f 40/108/40 43/107/43 18/110/18
f 20/110/20 44/107/44 42/108/42
f 118/109/72 42/108/42 44/107/44
f 46/111/46 43/112/43 119/113/73
f 43/112/43 46/111/46 22/114/22
f 24/114/24 48/111/48 44/112/44
f 120/113/74 44/112/44 48/111/48
f 121/115/75 46/116/46 122/117/76
f 46/116/46 121/115/75 45/118/45
f 47/118/47 123/115/77 48/116/48
f 124/117/78 48/116/48 123/115/77
f 125/119/79 126/120/28 127/121/80
f 126/120/28 125/119/79 128/122/54
f 129/122/53 130/119/81 131/120/25
f 132/121/82 131/120/25 130/119/81
f 133/123/83 128/124/54 125/125/79
f 128/124/54 133/123/83 134/126/84
f 135/126/85 136/123/86 129/124/53
f 130/125/81 129/124/53 136/123/86
f 137/127/87 134/128/84 133/129/83
f 134/128/84 137/127/87 138/130/88
f 139/130/89 140/127/90 135/128/85
f 136/129/86 135/128/85 140/127/90
f 141/131/91 137/132/87 142/133/92
f 137/132/87 141/131/91 138/134/88
f 139/134/89 143/131/93 140/132/90
f 144/133/94 140/132/90 143/131/93
f 145/135/95 142/136/92 146/137/96
f 142/136/92 145/135/95 141/138/91
f 143/138/93 147/135/97 144/136/94
f 148/137/98 144/136/94 147/135/97
f 149/139/99 146/140/96 150/141/100
f 146/140/96 149/139/99 145/142/95
f 147/142/97 151/139/101 148/140/98
f 152/141/102 148/140/98 151/139/101
f 153/143/103 150/144/100 154/145/104
f 150/144/100 153/143/103 149/146/99
f 151/146/101 155/143/105 152/144/102
f 156/145/106 152/144/102 155/143/105
f 157/147/107 154/148/104 158/149/108
f 154/148/104 157/147/107 153/150/103
f 155/150/105 159/147/109 156/148/106
f 160/149/110 156/148/106 159/147/109
f 161/151/111 158/152/108 101/153/55
f 158/152/108 161/151/111 157/154/107
f 159/154/109 162/151/112 160/152/110
f 102/153/56 160/152/110 162/151/112
f 97/155/51 101/156/55 29/157/29
f 101/156/55 97/155/51 161/158/111
f 162/158/112 98/155/52 102/156/56
f 30/157/30 102/156/56 98/155/52
f 163/159/85 31/160/31 103/161/57
f 31/160/31 163/159/85 99/162/53
f 100/162/54 164/159/84 32/160/32
f 104/161/58 32/160/32 164/159/84
f 165/163/89 103/164/57 166/165/113
f 103/164/57 165/163/89 163/166/85
f 164/166/84 167/163/88 104/164/58
f 168/165/114 104/164/58 167/163/88
f 169/167/115 165/168/89 166/169/113
f 165/168/89 169/167/115 170/170/93
f 171/170/91 172/167/116 167/168/88
f 168/169/114 167/168/88 172/167/116
f 173/171/117 170/172/93 169/173/115
f 170/172/93 173/171/117 174/174/97
f 175/174/95 176/171/118 171/172/91
f 172/173/116 171/172/91 176/171/118
f 177/175/119 174/176/97 173/177/117
f 174/176/97 177/175/119 178/178/101
f 179/178/99 180/175/120 175/176/95
f 176/177/118 175/176/95 180/175/120
f 181/179/121 178/180/101 177/181/119
f 178/180/101 181/179/121 182/182/105
f 183/182/103 184/179/122 179/180/99
f 180/181/120 179/180/99 184/179/122
f 185/183/123 182/184/105 181/185/121
f 182/184/105 185/183/123 186/186/109
f 187/186/107 188/183/124 183/184/103
f 184/185/122 183/184/103 188/183/124
f 189/187/125 186/188/109 185/189/123
f 186/188/109 189/187/125 190/190/112
f 191/190/111 192/187/126 187/188/107
f 188/189/124 187/188/107 192/187/126
f 193/191/127 190/192/112 189/193/125
f 190/192/112 193/191/127 194/194/52
f 195/194/51 196/191/128 191/192/111
f 192/193/126 191/192/111 196/191/128
f 197/195/129 194/196/52 193/197/127
f 194/196/52 197/195/129 198/198/27
f 199/198/26 200/195/130 195/196/51
f 196/197/128 195/196/51 200/195/130
f 127/199/80 198/122/27 197/200/129
f 198/122/27 127/199/80 126/201/28
f 131/201/25 132/199/82 199/122/26
f 200/200/130 199/122/26 132/199/82
f 158/202/108 34/203/34 101/204/55
f 34/203/34 158/202/108 105/205/59
f 108/205/62 160/202/110 35/203/35
f 102/204/56 35/203/35 160/202/110
f 166/206/113 45/207/45 121/208/75
f 45/207/45 166/206/113 103/209/57
f 104/209/58 168/206/114 47/207/47
f 123/208/77 47/207/47 168/206/114
f 201/210/131 106/211/60 105/212/59
f 106/211/60 201/210/131 202/213/132
f 203/213/133 204/210/134 107/211/61
f 108/212/62 107/211/61 204/210/134
f 106/214/60 109/215/63 33/216/33
f 109/215/63 106/214/60 205/217/135
f 206/217/136 107/214/61 110/215/64
f 36/216/36 110/215/64 107/214/61
f 37/218/37 207/219/137 111/220/65
f 207/219/137 37/218/37 109/221/63
f 110/221/64 38/218/38 208/219/138
f 112/220/66 208/219/138 38/218/38
f 39/222/39 209/223/139 113/224/67
f 209/223/139 39/222/39 111/225/65
f 112/225/66 41/222/41 210/223/140
f 115/224/69 210/223/140 41/222/41
f 114/226/68 211/227/141 212/228/142
f 211/227/141 114/226/68 113/229/67
f 115/229/69 116/226/70 213/227/143
f 214/228/144 213/227/143 116/226/70
f 117/230/71 114/231/68 215/232/145
f 114/231/68 117/230/71 40/233/40
f 42/233/42 118/230/72 116/231/70
f 216/232/146 116/231/70 118/230/72
f 119/234/73 117/235/71 217/236/147
f 117/235/71 119/234/73 43/237/43
f 44/237/44 120/234/74 118/235/72
f 218/236/148 118/235/72 120/234/74
f 122/238/76 119/239/73 219/240/149
f 119/239/73 122/238/76 46/241/46
f 48/241/48 124/238/78 120/239/74
f 220/240/150 120/239/74 124/238/78
f 122/242/76 221/243/151 121/244/75
f 221/243/151 122/242/76 222/245/152
f 223/245/153 124/242/78 224/243/154
f 123/244/77 224/243/154 124/242/78
f 225/246/155 127/247/80 226/248/156
f 127/247/80 225/246/155 125/249/79
f 130/249/81 227/246/157 132/247/82
f 228/248/158 132/247/82 227/246/157
f 229/250/159 125/251/79 225/252/155
f 125/251/79 229/250/159 133/253/83
f 136/253/86 230/250/160 130/251/81
f 227/252/157 130/251/81 230/250/160
f 231/254/161 133/255/83 229/256/159
f 133/255/83 231/254/161 137/257/87
f 140/257/90 232/254/162 136/255/86
f 230/256/160 136/255/86 232/254/162
f 137/258/87 233/259/163 142/260/92
f 233/259/163 137/258/87 231/261/161
f 232/261/162 140/258/90 234/259/164
f 144/260/94 234/259/164 140/258/90
f 142/262/92 235/263/165 146/264/96
f 235/263/165 142/262/92 233/265/163
f 234/265/164 144/262/94 236/263/166
f 148/264/98 236/263/166 144/262/94
f 146/266/96 237/267/167 150/268/100
f 237/267/167 146/266/96 235/269/165
f 236/269/166 148/266/98 238/267/168
f 152/268/102 238/267/168 148/266/98
f 150/270/100 201/271/131 154/272/104
f 201/271/131 150/270/100 237/273/167
f 238/273/168 152/270/102 204/271/134
f 156/272/106 204/271/134 152/270/102
f 154/274/104 105/275/59 158/276/108
f 105/275/59 154/274/104 201/277/131
f 204/277/134 156/274/106 108/275/62
f 160/276/110 108/275/62 156/274/106
f 121/278/75 169/279/115 166/280/113
f 169/279/115 121/278/75 221/281/151
f 224/281/154 123/278/77 172/279/116
f 168/280/114 172/279/116 123/278/77
f 221/282/151 173/283/117 169/284/115
f 173/283/117 221/282/151 239/285/169
f 240/285/170 224/282/154 176/283/118
f 172/284/116 176/283/118 224/282/154
f 239/286/169 177/287/119 173/288/117
f 177/287/119 239/286/169 241/289/171
f 242/289/172 240/286/170 180/287/120
f 176/288/118 180/287/120 240/286/170
f 241/290/171 181/291/121 177/292/119
f 181/291/121 241/290/171 243/293/173
f 244/293/174 242/290/172 184/291/122
f 180/292/120 184/291/122 242/290/172
f 243/294/173 185/295/123 181/296/121
f 185/295/123 243/294/173 245/297/175
f 246/297/176 244/294/174 188/295/124
f 184/296/122 188/295/124 244/294/174
f 245/298/175 189/299/125 185/300/123
f 189/299/125 245/298/175 247/301/177
f 248/301/178 246/298/176 192/299/126
f 188/300/124 192/299/126 246/298/176
f 249/302/179 189/303/125 247/304/177
f 189/303/125 249/302/179 193/305/127
f 196/305/128 250/302/180 192/303/126
f 248/304/178 192/303/126 250/302/180
f 251/306/181 193/307/127 249/308/179
f 193/307/127 251/306/181 197/309/129
f 200/309/130 252/306/182 196/307/128
f 250/308/180 196/307/128 252/306/182
f 226/310/156 197/311/129 251/312/181
f 197/311/129 226/310/156 127/313/80
f 132/313/82 228/310/158 200/311/130
f 252/312/182 200/311/130 228/310/158
f 237/314/167 202/315/132 201/316/131
f 202/315/132 237/314/167 253/317/183
f 254/317/184 238/314/168 203/315/133
f 204/316/134 203/315/133 238/314/168
f 202/318/132 205/319/135 106/320/60
f 205/319/135 202/318/132 255/321/185
f 256/321/186 203/318/133 206/319/136
f 107/320/61 206/319/136 203/318/133
f 205/322/135 207/323/137 109/324/63
f 207/323/137 205/322/135 257/325/187
f 258/325/188 206/322/136 208/323/138
f 110/324/64 208/323/138 206/322/136
f 111/326/65 259/327/189 209/328/139
f 259/327/189 111/326/65 207/329/137
f 208/329/138 112/326/66 260/327/190
f 210/328/140 260/327/190 112/326/66
f 113/330/67 261/331/191 211/332/141
f 261/331/191 113/330/67 209/333/139
f 210/333/140 115/330/69 262/331/192
f 213/332/143 262/331/192 115/330/69
f 212/334/142 263/335/193 264/336/194
f 263/335/193 212/334/142 211/337/141
f 213/337/143 214/334/144 265/335/195
f 266/336/196 265/335/195 214/334/144
f 215/338/145 212/339/142 267/340/197
f 212/339/142 215/338/145 114/341/68
f 116/341/70 216/338/146 214/339/144
f 268/340/198 214/339/144 216/338/146
f 217/342/147 215/343/145 269/344/199
f 215/343/145 217/342/147 117/345/71
f 118/345/72 218/342/148 216/343/146
f 270/344/200 216/343/146 218/342/148
f 219/346/149 217/347/147 271/348/201
f 217/347/147 219/346/149 119/349/73
f 120/349/74 220/346/150 218/347/148
f 272/348/202 218/347/148 220/346/150
f 219/350/149 222/351/152 122/352/76
f 222/351/152 219/350/149 273/353/203
f 274/353/204 220/350/150 223/351/153
f 124/352/78 223/351/153 220/350/150
f 222/354/152 239/355/169 221/356/151
f 239/355/169 222/354/152 275/357/205
f 276/357/206 223/354/153 240/355/170
f 224/356/154 240/355/170 223/354/153
f 277/358/207 226/359/156 278/360/208
f 226/359/156 277/358/207 225/361/155
f 227/361/157 279/358/209 228/359/158
f 280/360/210 228/359/158 279/358/209
f 281/362/211 225/363/155 277/364/207
f 225/363/155 281/362/211 229/365/159
f 230/365/160 282/362/212 227/363/157
f 279/364/209 227/363/157 282/362/212
f 283/366/213 229/367/159 281/368/211
f 229/367/159 283/366/213 231/369/161
f 232/369/162 284/366/214 230/367/160
f 282/368/212 230/367/160 284/366/214
f 231/370/161 285/371/215 233/372/163
f 285/371/215 231/370/161 283/373/213
f 284/373/214 232/370/162 286/371/216
f 234/372/164 286/371/216 232/370/162
f 233/374/163 287/375/217 235/376/165
f 287/375/217 233/374/163 285/377/215
f 286/377/216 234/374/164 288/375/218
f 236/376/166 288/375/218 234/374/164
f 235/378/165 253/379/183 237/380/167
f 253/379/183 235/378/165 287/381/217
f 288/381/218 236/378/166 254/379/184
f 238/380/168 254/379/184 236/378/166
f 275/382/205 241/383/171 239/384/169
f 241/383/171 275/382/205 289/385/219
f 290/385/220 276/382/206 242/383/172
f 240/384/170 242/383/172 276/382/206
f 289/386/219 243/387/173 241/388/171
f 243/387/173 289/386/219 291/389/221
f 292/389/222 290/386/220 244/387/174
f 242/388/172 244/387/174 290/386/220
f 291/390/221 245/391/175 243/392/173
f 245/391/175 291/390/221 293/393/223
f 294/393/224 292/390/222 246/391/176
f 244/392/174 246/391/176 292/390/222
f 293/394/223 247/395/177 245/396/175
f 247/395/177 293/394/223 295/397/225
f 296/397/226 294/394/224 248/395/178
f 246/396/176 248/395/178 294/394/224
f 297/398/227 247/399/177 295/400/225
f 247/399/177 297/398/227 249/401/179
f 250/401/180 298/398/228 248/399/178
f 296/400/226 248/399/178 298/398/228
f 299/402/229 249/403/179 297/404/227
f 249/403/179 299/402/229 251/405/181
f 252/405/182 300/402/230 250/403/180
f 298/404/228 250/403/180 300/402/230
f 278/406/208 251/407/181 299/408/229
f 251/407/181 278/406/208 226/409/156
f 228/409/158 280/406/210 252/407/182
f 300/408/230 252/407/182 280/406/210
f 253/410/183 255/411/185 202/412/132
f 255/411/185 253/410/183 301/413/231
f 302/413/232 254/410/184 256/411/186
f 203/412/133 256/411/186 254/410/184
f 255/414/185 257/415/187 205/416/135
f 257/415/187 255/414/185 303/417/233
f 304/417/234 256/414/186 258/415/188
f 206/416/136 258/415/188 256/414/186
f 257/418/187 259/419/189 207/420/137
f 259/419/189 257/418/187 305/421/235
f 306/421/236 258/418/188 260/419/190
f 208/420/138 260/419/190 258/418/188
f 209/422/139 307/423/237 261/424/191
f 307/423/237 209/422/139 259/425/189
f 260/425/190 210/422/140 308/423/238
f 262/424/192 308/423/238 210/422/140
f 211/426/141 309/427/239 263/428/193
f 309/427/239 211/426/141 261/429/191
f 262/429/192 213/426/143 310/427/240
f 265/428/195 310/427/240 213/426/143
f 264/430/194 311/431/241 312/432/242
f 311/431/241 264/430/194 263/433/193
f 265/433/195 266/430/196 313/431/243
f 314/432/244 313/431/243 266/430/196
f 267/434/197 264/435/194 315/436/245
f 264/435/194 267/434/197 212/437/142
f 214/437/144 268/434/198 266/435/196
f 316/436/246 266/435/196 268/434/198
f 269/438/199 267/439/197 317/440/247
f 267/439/197 269/438/199 215/441/145
f 216/441/146 270/438/200 268/439/198
f 318/440/248 268/439/198 270/438/200
f 271/442/201 269/443/199 319/444/249
f 269/443/199 271/442/201 217/445/147
f 218/445/148 272/442/202 270/443/200
f 320/444/250 270/443/200 272/442/202
f 271/446/201 273/447/203 219/448/149
f 273/447/203 271/446/201 321/449/251
f 322/449/252 272/446/202 274/447/204
f 220/448/150 274/447/204 272/446/202
f 273/450/203 275/451/205 222/452/152
f 275/451/205 273/450/203 323/453/253
f 324/453/254 274/450/204 276/451/206
f 223/452/153 276/451/206 274/450/204
f 325/454/255 278/455/208 326/456/256
f 278/455/208 325/454/255 277/457/207
f 279/457/209 327/454/257 280/455/210
f 328/456/258 280/455/210 327/454/257
f 329/458/259 277/459/207 325/460/255
f 277/459/207 329/458/259 281/461/211
f 282/461/212 330/458/260 279/459/209
f 327/460/257 279/459/209 330/458/260
f 331/462/261 281/463/211 329/464/259
f 281/463/211 331/462/261 283/465/213
f 284/465/214 332/462/262 282/463/212
f 330/464/260 282/463/212 332/462/262
f 283/466/213 333/467/263 285/468/215
f 333/467/263 283/466/213 331/469/261
f 332/469/262 284/466/214 334/467/264
f 286/468/216 334/467/264 284/466/214
f 285/470/215 335/471/265 287/472/217
f 335/471/265 285/470/215 333/473/263
f 334/473/264 286/470/216 336/471/266
f 288/472/218 336/471/266 286/470/216
f 287/474/217 301/475/231 253/476/183
f 301/475/231 287/474/217 335/477/265
f 336/477/266 288/474/218 302/475/232
f 254/476/184 302/475/232 288/474/218
f 323/478/253 289/479/219 275/480/205
f 289/479/219 323/478/253 337/481/267
f 338/481/268 324/478/254 290/479/220
f 276/480/206 290/479/220 324/478/254
f 337/482/267 291/483/221 289/484/219
f 291/483/221 337/482/267 339/485/269
f 340/485/270 338/482/268 292/483/222
f 290/484/220 292/483/222 338/482/268
f 339/486/269 293/487/223 291/488/221
f 293/487/223 339/486/269 341/489/271
f 342/489/272 340/486/270 294/487/224
f 292/488/222 294/487/224 340/486/270
f 341/490/271 295/491/225 293/492/223
f 295/491/225 341/490/271 343/493/273
f 344/493/274 342/490/272 296/491/226
f 294/492/224 296/491/226 342/490/272
f 345/494/275 295/495/225 343/496/273
f 295/495/225 345/494/275 297/497/227
f 298/497/228 346/494/276 296/495/226
f 344/496/274 296/495/226 346/494/276
f 347/498/277 297/499/227 345/500/275
f 297/499/227 347/498/277 299/501/229
f 300/501/230 348/498/278 298/499/228
f 346/500/276 298/499/228 348/498/278
f 326/502/256 299/503/229 347/504/277
f 299/503/229 326/502/256 278/505/208
f 280/505/210 328/502/258 300/503/230
f 348/504/278 300/503/230 328/502/258
f 301/506/231 303/507/233 255/508/185
f 303/507/233 301/506/231 349/509/279
f 350/509/280 302/506/232 304/507/234
f 256/508/186 304/507/234 302/506/232
f 303/510/233 305/511/235 257/512/187
f 305/511/235 303/510/233 351/513/281
f 352/513/282 304/510/234 306/511/236
f 258/512/188 306/511/236 304/510/234
f 305/514/235 307/515/237 259/516/189
f 307/515/237 305/514/235 353/517/283
f 354/517/284 306/514/236 308/515/238
f 260/516/190 308/515/238 306/514/236
f 261/518/191 355/519/285 309/520/239
f 355/519/285 261/518/191 307/521/237
f 308/521/238 262/518/192 356/519/286
f 310/520/240 356/519/286 262/518/192
f 263/522/193 357/523/287 311/524/241
f 357/523/287 263/522/193 309/525/239
f 310/525/240 265/522/195 358/523/288
f 313/524/243 358/523/288 265/522/195
f 312/526/242 359/527/289 360/528/290
f 359/527/289 312/526/242 311/529/241
f 313/529/243 314/526/244 361/527/291
f 362/528/292 361/527/291 314/526/244
f 315/530/245 312/531/242 363/532/293
f 312/531/242 315/530/245 264/533/194
f 266/533/196 316/530/246 314/531/244
f 364/532/294 314/531/244 316/530/246
f 317/534/247 315/535/245 365/536/295
f 315/535/245 317/534/247 267/537/197
f 268/537/198 318/534/248 316/535/246
f 366/536/296 316/535/246 318/534/248
f 319/538/249 317/539/247 367/540/297
f 317/539/247 319/538/249 269/541/199
f 270/541/200 320/538/250 318/539/248
f 368/540/298 318/539/248 320/538/250
f 319/542/249 321/543/251 271/544/201
f 321/543/251 319/542/249 369/545/299
f 370/545/300 320/542/250 322/543/252
f 272/544/202 322/543/252 320/542/250
f 321/546/251 323/547/253 273/548/203
f 323/547/253 321/546/251 371/549/301
f 372/549/302 322/546/252 324/547/254
f 274/548/204 324/547/254 322/546/252
f 373/550/303 326/551/256 374/552/304
f 326/551/256 373/550/303 325/553/255
f 327/553/257 375/550/305 328/551/258
f 376/552/306 328/551/258 375/550/305
f 377/554/307 325/555/255 373/556/303
f 325/555/255 377/554/307 329/557/259
f 330/557/260 378/554/308 327/555/257
f 375/556/305 327/555/257 378/554/308
f 379/558/309 329/559/259 377/560/307
f 329/559/259 379/558/309 331/561/261
f 332/561/262 380/558/310 330/559/260
f 378/560/308 330/559/260 380/558/310
f 331/562/261 381/563/311 333/564/263
f 381/563/311 331/562/261 379/565/309
f 380/565/310 332/562/262 382/563/312
f 334/564/264 382/563/312 332/562/262
f 333/566/263 383/567/313 335/568/265
f 383/567/313 333/566/263 381/569/311
f 382/569/312 334/566/264 384/567/314
f 336/568/266 384/567/314 334/566/264
f 335/570/265 349/571/279 301/572/231
f 349/571/279 335/570/265 383/573/313
f 384/573/314 336/570/266 350/571/280
f 302/572/232 350/571/280 336/570/266
f 371/574/301 337/575/267 323/576/253
f 337/575/267 371/574/301 385/577/315
f 386/577/316 372/574/302 338/575/268
f 324/576/254 338/575/268 372/574/302
f 385/578/315 339/579/269 337/580/267
f 339/579/269 385/578/315 387/581/317
f 388/581/318 386/578/316 340/579/270
f 338/580/268 340/579/270 386/578/316
f 387/582/317 341/583/271 339/584/269
f 341/583/271 387/582/317 389/585/319
f 390/585/320 388/582/318 342/583/272
f 340/584/270 342/583/272 388/582/318
f 389/586/319 343/587/273 341/588/271
f 343/587/273 389/586/319 391/589/321
f 392/589/322 390/586/320 344/587/274
f 342/588/272 344/587/274 390/586/320
f 393/590/323 343/591/273 391/592/321
f 343/591/273 393/590/323 345/593/275
f 346/593/276 394/590/324 344/591/274
f 392/592/322 344/591/274 394/590/324
f 395/594/325 345/595/275 393/596/323
f 345/595/275 395/594/325 347/597/277
f 348/597/278 396/594/326 346/595/276
f 394/596/324 346/595/276 396/594/326
f 374/598/304 347/599/277 395/600/325
f 347/599/277 374/598/304 326/601/256
f 328/601/258 376/598/306 348/599/278
f 396/600/326 348/599/278 376/598/306
f 349/602/279 351/603/281 303/604/233
f 351/603/281 349/602/279 397/605/327
f 398/605/328 350/602/280 352/603/282
f 304/604/234 352/603/282 350/602/280
f 351/606/281 353/607/283 305/608/235
f 353/607/283 351/606/281 399/609/329
f 400/609/330 352/606/282 354/607/284
f 306/608/236 354/607/284 352/606/282
f 353/610/283 355/611/285 307/612/237
f 355/611/285 353/610/283 401/613/331
f 402/613/332 354/610/284 356/611/286
f 308/612/238 356/611/286 354/610/284
f 309/614/239 403/615/333 357/616/287
f 403/615/333 309/614/239 355/617/285
f 356/617/286 310/614/240 404/615/334
f 358/616/288 404/615/334 310/614/240
f 311/618/241 405/619/335 359/620/289
f 405/619/335 311/618/241 357/621/287
f 358/621/288 313/618/243 406/619/336
f 361/620/291 406/619/336 313/618/243
f 360/622/290 407/623/337 408/624/338
f 407/623/337 360/622/290 359/625/289
f 361/625/291 362/622/292 409/623/339
f 410/624/340 409/623/339 362/622/292
f 363/626/293 360/627/290 411/628/341
f 360/627/290 363/626/293 312/629/242
f 314/629/244 364/626/294 362/627/292
f 412/628/342 362/627/292 364/626/294
f 365/630/295 363/631/293 413/632/343
f 363/631/293 365/630/295 315/633/245
f 316/633/246 366/630/296 364/631/294
f 414/632/344 364/631/294 366/630/296
f 367/634/297 365/635/295 415/636/345
f 365/635/295 367/634/297 317/637/247
f 318/637/248 368/634/298 366/635/296
f 416/636/346 366/635/296 368/634/298
f 367/638/297 369/639/299 319/640/249
f 369/639/299 367/638/297 417/641/347
f 418/641/348 368/638/298 370/639/300
f 320/640/250 370/639/300 368/638/298
f 369/642/299 371/643/301 321/644/251
f 371/643/301 369/642/299 419/645/349
f 420/645/350 370/642/300 372/643/302
f 322/644/252 372/643/302 370/642/300
f 421/646/351 374/647/304 422/648/352
f 374/647/304 421/646/351 373/649/303
f 375/649/305 423/646/353 376/647/306
f 424/648/354 376/647/306 423/646/353
f 425/650/355 373/651/303 421/652/351
f 373/651/303 425/650/355 377/653/307
f 378/653/308 426/650/356 375/651/305
f 423/652/353 375/651/305 426/650/356
f 427/654/357 377/655/307 425/656/355
f 377/655/307 427/654/357 379/657/309
f 380/657/310 428/654/358 378/655/308
f 426/656/356 378/655/308 428/654/358
f 379/658/309 429/659/359 381/660/311
f 429/659/359 379/658/309 427/661/357
f 428/661/358 380/658/310 430/659/360
f 382/660/312 430/659/360 380/658/310
f 381/662/311 431/663/361 383/664/313
f 431/663/361 381/662/311 429/665/359
f 430/665/360 382/662/312 432/663/362
f 384/664/314 432/663/362 382/662/312
f 383/666/313 397/667/327 349/668/279
f 397/667/327 383/666/313 431/669/361
f 432/669/362 384/666/314 398/667/328
f 350/668/280 398/667/328 384/666/314
f 419/670/349 385/671/315 371/672/301
f 385/671/315 419/670/349 433/673/363
f 434/673/364 420/670/350 386/671/316
f 372/672/302 386/671/316 420/670/350
f 433/674/363 387/675/317 385/676/315
f 387/675/317 433/674/363 435/677/365
f 436/677/366 434/674/364 388/675/318
f 386/676/316 388/675/318 434/674/364
f 435/678/365 389/679/319 387/680/317
f 389/679/319 435/678/365 437/681/367
f 438/681/368 436/678/366 390/679/320
f 388/680/318 390/679/320 436/678/366
f 437/682/367 391/683/321 389/684/319
f 391/683/321 437/682/367 439/685/369
f 440/685/370 438/682/368 392/683/322
f 390/684/320 392/683/322 438/682/368
f 441/686/371 391/687/321 439/688/369
f 391/687/321 441/686/371 393/689/323
f 394/689/324 442/686/372 392/687/322
f 440/688/370 392/687/322 442/686/372
f 443/690/373 393/691/323 441/692/371
f 393/691/323 443/690/373 395/693/325
f 396/693/326 444/690/374 394/691/324
f 442/692/372 394/691/324 444/690/374
f 422/694/352 395/695/325 443/696/373
f 395/695/325 422/694/352 374/697/304
f 376/697/306 424/694/354 396/695/326
f 444/696/374 396/695/326 424/694/354
f 397/698/327 399/699/329 351/700/281
f 399/699/329 397/698/327 445/701/375
f 446/701/376 398/698/328 400/699/330
f 352/700/282 400/699/330 398/698/328
f 399/702/329 401/703/331 353/704/283
f 401/703/331 399/702/329 447/705/377
f 448/705/378 400/702/330 402/703/332
f 354/704/284 402/703/332 400/702/330
f 401/706/331 403/707/333 355/708/285
f 403/707/333 401/706/331 449/709/379
f 450/709/380 402/706/332 404/707/334
f 356/708/286 404/707/334 402/706/332
f 357/710/287 451/711/381 405/712/335
f 451/711/381 357/710/287 403/713/333
f 404/713/334 358/710/288 452/711/382
f 406/712/336 452/711/382 358/710/288
f 359/714/289 453/715/383 407/716/337
f 453/715/383 359/714/289 405/717/335
f 406/717/336 361/714/291 454/715/384
f 409/716/339 454/715/384 361/714/291
f 408/718/338 455/719/385 456/720/386
f 455/719/385 408/718/338 407/721/337
f 409/721/339 410/718/340 457/719/387
f 458/720/388 457/719/387 410/718/340
f 411/722/341 408/723/338 459/724/389
f 408/723/338 411/722/341 360/725/290
f 362/725/292 412/722/342 410/723/340
f 460/724/390 410/723/340 412/722/342
f 413/726/343 411/727/341 461/728/391
f 411/727/341 413/726/343 363/729/293
f 364/729/294 414/726/344 412/727/342
f 462/728/392 412/727/342 414/726/344
f 415/730/345 413/731/343 463/732/393
f 413/731/343 415/730/345 365/733/295
f 366/733/296 416/730/346 414/731/344
f 464/732/394 414/731/344 416/730/346
f 415/734/345 417/735/347 367/736/297
f 417/735/347 415/734/345 465/737/395
f 466/737/396 416/734/346 418/735/348
f 368/736/298 418/735/348 416/734/346
f 417/738/347 419/739/349 369/740/299
f 419/739/349 417/738/347 467/741/397
f 468/741/398 418/738/348 420/739/350
f 370/740/300 420/739/350 418/738/348
f 469/742/399 422/743/352 470/744/400
f 422/743/352 469/742/399 421/745/351
f 423/745/353 471/742/401 424/743/354
f 472/744/402 424/743/354 471/742/401
f 473/746/403 421/747/351 469/748/399
f 421/747/351 473/746/403 425/749/355
f 426/749/356 474/746/404 423/747/353
f 471/748/401 423/747/353 474/746/404
f 475/750/405 425/751/355 473/752/403
f 425/751/355 475/750/405 427/753/357
f 428/753/358 476/750/406 426/751/356
f 474/752/404 426/751/356 476/750/406
f 427/754/357 477/755/407 429/756/359
f 477/755/407 427/754/357 475/757/405
f 476/757/406 428/754/358 478/755/408
f 430/756/360 478/755/408 428/754/358
f 429/758/359 479/759/409 431/760/361
f 479/759/409 429/758/359 477/761/407
f 478/761/408 430/758/360 480/759/410
f 432/760/362 480/759/410 430/758/360
f 431/762/361 445/763/375 397/764/327
f 445/763/375 431/762/361 479/765/409
f 480/765/410 432/762/362 446/763/376
f 398/764/328 446/763/376 432/762/362
f 467/766/397 433/767/363 419/768/349
f 433/767/363 467/766/397 481/769/411
f 482/769/412 468/766/398 434/767/364
f 420/768/350 434/767/364 468/766/398
f 481/770/411 435/771/365 433/772/363
f 435/771/365 481/770/411 483/773/413
f 484/773/414 482/770/412 436/771/366
f 434/772/364 436/771/366 482/770/412
f 483/774/413 437/775/367 435/776/365
f 437/775/367 483/774/413 485/777/415
f 486/777/416 484/774/414 438/775/368
f 436/776/366 438/775/368 484/774/414
f 485/778/415 439/779/369 437/780/367
f 439/779/369 485/778/415 487/781/417
f 488/781/418 486/778/416 440/779/370
f 438/780/368 440/779/370 486/778/416
f 489/782/419 439/783/369 487/784/417
f 439/783/369 489/782/419 441/785/371
f 442/785/372 490/782/420 440/783/370
f 488/784/418 440/783/370 490/782/420
f 491/786/421 441/787/371 489/788/419
f 441/787/371 491/786/421 443/789/373
f 444/789/374 492/786/422 442/787/372
f 490/788/420 442/787/372 492/786/422
f 470/790/400 443/791/373 491/792/421
f 443/791/373 470/790/400 422/793/352
f 424/793/354 472/790/402 444/791/374
f 492/792/422 444/791/374 472/790/402
f 445/794/375 447/795/377 399/796/329
f 447/795/377 445/794/375 493/797/423
f 494/797/424 446/794/376 448/795/378
f 400/796/330 448/795/378 446/794/376
f 447/798/377 449/799/379 401/800/331
f 449/799/379 447/798/377 495/801/425
f 496/801/426 448/798/378 450/799/380
f 402/800/332 450/799/380 448/798/378
f 449/802/379 451/803/381 403/804/333
f 451/803/381 449/802/379 497/805/427
f 498/805/428 450/802/380 452/803/382
f 404/804/334 452/803/382 450/802/380
f 405/806/335 499/807/429 453/808/383
f 499/807/429 405/806/335 451/809/381
f 452/809/382 406/806/336 500/807/430
f 454/808/384 500/807/430 406/806/336
f 407/810/337 501/811/431 455/812/385
f 501/811/431 407/810/337 453/813/383
f 454/813/384 409/810/339 502/811/432
f 457/812/387 502/811/432 409/810/339
f 456/814/386 503/815/433 504/816/434
f 503/815/433 456/814/386 455/817/385
f 457/817/387 458/814/388 505/815/435
f 506/816/436 505/815/435 458/814/388
f 459/818/389 456/819/386 507/820/437
f 456/819/386 459/818/389 408/821/338
f 410/821/340 460/818/390 458/819/388
f 508/820/438 458/819/388 460/818/390
f 461/822/391 459/823/389 509/824/439
f 459/823/389 461/822/391 411/825/341
f 412/825/342 462/822/392 460/823/390
f 510/824/440 460/823/390 462/822/392
f 463/826/393 461/827/391 511/828/441
f 461/827/391 463/826/393 413/829/343
f 414/829/344 464/826/394 462/827/392
f 512/828/442 462/827/392 464/826/394
f 463/830/393 465/831/395 415/832/345
f 465/831/395 463/830/393 513/833/443
f 514/833/444 464/830/394 466/831/396
f 416/832/346 466/831/396 464/830/394
f 465/834/395 467/835/397 417/836/347
f 467/835/397 465/834/395 515/837/445
f 516/837/446 466/834/396 468/835/398
f 418/836/348 468/835/398 466/834/396
f 517/838/447 470/839/400 518/840/448
f 470/839/400 517/838/447 469/841/399
f 471/841/401 519/838/449 472/839/402
f 520/840/450 472/839/402 519/838/449
f 521/842/451 469/843/399 517/844/447
f 469/843/399 521/842/451 473/845/403
f 474/845/404 522/842/452 471/843/401
f 519/844/449 471/843/401 522/842/452
f 523/846/453 473/847/403 521/848/451
f 473/847/403 523/846/453 475/849/405
f 476/849/406 524/846/454 474/847/404
f 522/848/452 474/847/404 524/846/454
f 475/850/405 525/851/455 477/852/407
f 525/851/455 475/850/405 523/853/453
f 524/853/454 476/850/406 526/851/456
f 478/852/408 526/851/456 476/850/406
f 477/854/407 527/855/457 479/856/409
f 527/855/457 477/854/407 525/857/455
f 526/857/456 478/854/408 528/855/458
f 480/856/410 528/855/458 478/854/408
f 479/858/409 493/859/423 445/860/375
f 493/859/423 479/858/409 527/861/457
f 528/861/458 480/858/410 494/859/424
f 446/860/376 494/859/424 480/858/410
f 515/862/445 481/863/411 467/864/397
f 481/863/411 515/862/445 529/865/459
f 530/865/460 516/862/446 482/863/412
f 468/864/398 482/863/412 516/862/446
f 529/866/459 483/867/413 481/868/411
f 483/867/413 529/866/459 531/869/461
f 532/869/462 530/866/460 484/867/414
f 482/868/412 484/867/414 530/866/460
f 531/870/461 485/871/415 483/872/413
f 485/871/415 531/870/461 533/873/463
f 534/873/464 532/870/462 486/871/416
f 484/872/414 486/871/416 532/870/462
f 533/874/463 487/875/417 485/876/415
f 487/875/417 533/874/463 535/877/465
f 536/877/466 534/874/464 488/875/418
f 486/876/416 488/875/418 534/874/464
f 537/878/467 487/879/417 535/880/465
f 487/879/417 537/878/467 489/881/419
f 490/881/420 538/878/468 488/879/418
f 536/880/466 488/879/418 538/878/468
f 539/882/469 489/883/419 537/884/467
f 489/883/419 539/882/469 491/885/421
f 492/885/422 540/882/470 490/883/420
f 538/884/468 490/883/420 540/882/470
f 518/886/448 491/887/421 539/888/469
f 491/887/421 518/886/448 470/889/400
f 472/889/402 520/886/450 492/887/422
f 540/888/470 492/887/422 520/886/450
f 493/890/423 495/891/425 447/892/377
f 495/891/425 493/890/423 541/893/471
f 542/893/472 494/890/424 496/891/426
f 448/892/378 496/891/426 494/890/424
f 495/894/425 497/895/427 449/896/379
f 497/895/427 495/894/425 543/897/473
f 544/897/474 496/894/426 498/895/428
f 450/896/380 498/895/428 496/894/426
f 497/898/427 499/899/429 451/900/381
f 499/899/429 497/898/427 545/901/475
f 546/901/476 498/898/428 500/899/430
f 452/900/382 500/899/430 498/898/428
f 453/902/383 547/903/477 501/904/431
f 547/903/477 453/902/383 499/905/429
f 500/905/430 454/902/384 548/903/478
f 502/904/432 548/903/478 454/902/384
f 455/906/385 549/907/479 503/908/433
f 549/907/479 455/906/385 501/909/431
f 502/909/432 457/906/387 550/907/480
f 505/908/435 550/907/480 457/906/387
f 504/910/434 551/911/481 552/912/482
f 551/911/481 504/910/434 503/913/433
f 505/913/435 506/910/436 553/911/483
f 554/912/484 553/911/483 506/910/436
f 507/914/437 504/915/434 555/916/485
f 504/915/434 507/914/437 456/917/386
f 458/917/388 508/914/438 506/915/436
f 556/916/486 506/915/436 508/914/438
f 509/918/439 507/919/437 557/920/487
f 507/919/437 509/918/439 459/921/389
f 460/921/390 510/918/440 508/919/438
f 558/920/488 508/919/438 510/918/440
f 511/922/441 509/923/439 559/924/489
f 509/923/439 511/922/441 461/925/391
f 462/925/392 512/922/442 510/923/440
f 560/924/490 510/923/440 512/922/442
f 511/926/441 513/927/443 463/928/393
f 513/927/443 511/926/441 561/929/491
f 562/929/492 512/926/442 514/927/444
f 464/928/394 514/927/444 512/926/442
f 513/930/443 515/931/445 465/932/395
f 515/931/445 513/930/443 563/933/493
f 564/933/494 514/930/444 516/931/446
f 466/932/396 516/931/446 514/930/444
f 565/934/495 518/935/448 566/936/496
f 518/935/448 565/934/495 517/937/447
f 519/937/449 567/934/497 520/935/450
f 568/936/498 520/935/450 567/934/497
f 569/938/499 517/939/447 565/940/495
f 517/939/447 569/938/499 521/941/451
f 522/941/452 570/938/500 519/939/449
f 567/940/497 519/939/449 570/938/500
f 571/942/501 521/943/451 569/944/499
f 521/943/451 571/942/501 523/945/453
f 524/945/454 572/942/502 522/943/452
f 570/944/500 522/943/452 572/942/502
f 523/946/453 573/947/503 525/948/455
f 573/947/503 523/946/453 571/949/501
f 572/949/502 524/946/454 574/947/504
f 526/948/456 574/947/504 524/946/454
f 525/950/455 575/951/505 527/952/457
f 575/951/505 525/950/455 573/953/503
f 574/953/504 526/950/456 576/951/506
f 528/952/458 576/951/506 526/950/456
f 527/954/457 541/955/471 493/956/423
f 541/955/471 527/954/457 575/957/505
f 576/957/506 528/954/458 542/955/472
f 494/956/424 542/955/472 528/954/458
f 563/958/493 529/959/459 515/960/445
f 529/959/459 563/958/493 577/961/507
f 578/961/508 564/958/494 530/959/460
f 516/960/446 530/959/460 564/958/494
f 577/962/507 531/963/461 529/964/459
f 531/963/461 577/962/507 579/965/509
f 580/965/510 578/962/508 532/963/462
f 530/964/460 532/963/462 578/962/508
f 579/966/509 533/967/463 531/968/461
f 533/967/463 579/966/509 581/969/511
f 582/969/512 580/966/510 534/967/464
f 532/968/462 534/967/464 580/966/510
f 581/970/511 535/971/465 533/972/463
f 535/971/465 581/970/511 583/973/513
f 584/973/514 582/970/512 536/971/466
f 534/972/464 536/971/466 582/970/512
f 585/974/515 535/975/465 583/976/513
f 535/975/465 585/974/515 537/977/467
f 538/977/468 586/974/516 536/975/466
f 584/976/514 536/975/466 586/974/516
f 587/978/517 537/979/467 585/980/515
f 537/979/467 587/978/517 539/981/469
f 540/981/470 588/978/518 538/979/468
f 586/980/516 538/979/468 588/978/518
f 566/982/496 539/983/469 587/984/517
f 539/983/469 566/982/496 518/985/448
f 520/985/450 568/982/498 540/983/470
f 588/984/518 540/983/470 568/982/498
f 541/986/471 543/987/473 495/988/425
f 543/987/473 541/986/471 589/989/519
f 590/989/520 542/986/472 544/987/474
f 496/988/426 544/987/474 542/986/472
f 543/990/473 545/991/475 497/992/427
f 545/991/475 543/990/473 591/993/521
f 592/993/522 544/990/474 546/991/476
f 498/992/428 546/991/476 544/990/474
f 545/994/475 547/995/477 499/996/429
f 547/995/477 545/994/475 593/997/523
f 594/997/524 546/994/476 548/995/478
f 500/996/430 548/995/478 546/994/476
f 501/998/431 595/999/525 549/1000/479
f 595/999/525 501/998/431 547/1001/477
f 548/1001/478 502/998/432 596/999/526
f 550/1000/480 596/999/526 502/998/432
f 503/1002/433 597/1003/527 551/1004/481
f 597/1003/527 503/1002/433 549/1005/479
f 550/1005/480 505/1002/435 598/1003/528
f 553/1004/483 598/1003/528 505/1002/435
f 599/1006/529 600/1007/529 601/1008/529
f 600/1007/529 599/1006/529 602/1009/529
f 600/1007/529 602/1009/529 603/1010/529
f 603/1010/529 602/1009/529 604/1011/529
f 603/1010/529 604/1011/529 605/1012/529
f 605/1012/529 604/1011/529 606/1013/529
f 606/1013/529 604/1011/529 607/1014/529
f 607/1014/529 604/1011/529 608/1015/529
f 607/1014/529 608/1015/529 609/1016/529
f 609/1016/529 608/1015/529 610/1017/529
f 610/1017/529 608/1015/529 611/1018/529
f 610/1017/529 611/1018/529 612/1019/529
f 612/1019/529 611/1018/529 613/1020/529
f 612/1019/529 613/1020/529 614/1021/529
f 614/1021/529 613/1020/529 615/1022/529
f 614/1021/529 615/1022/529 616/1023/529
f 616/1023/529 615/1022/529 617/1024/529
f 617/1024/529 615/1022/529 618/1025/529
f 617/1024/529 618/1025/529 619/1026/529
f 619/1026/529 618/1025/529 620/1027/529
f 619/1026/529 620/1027/529 621/1028/529
f 621/1028/529 620/1027/529 622/1029/529
f 622/1029/529 620/1027/529 623/1030/529
f 622/1029/529 623/1030/529 624/1031/529
f 605/1012/529 625/1032/529 603/1010/529
f 625/1032/529 605/1012/529 626/1033/529
f 625/1032/529 626/1033/529 627/1034/529
f 625/1032/529 627/1034/529 628/1035/529
f 628/1035/529 627/1034/529 629/1036/529
f 628/1035/529 629/1036/529 630/1037/529
f 628/1035/529 630/1037/529 631/1038/529
f 631/1038/529 630/1037/529 632/1039/529
f 631/1038/529 632/1039/529 633/1040/529
f 633/1040/529 632/1039/529 634/1041/529
f 633/1040/529 634/1041/529 635/1042/529
f 633/1040/529 635/1042/529 636/1043/529
f 636/1043/529 635/1042/529 637/1044/529
f 636/1043/529 637/1044/529 638/1045/529
f 638/1045/529 637/1044/529 639/1046/529
f 638/1045/529 639/1046/529 640/1047/529
f 640/1047/529 639/1046/529 641/1048/529
f 640/1047/529 641/1048/529 642/1049/529
f 640/1047/529 642/1049/529 643/1050/529
f 643/1050/529 642/1049/529 624/1031/529
f 643/1050/529 624/1031/529 623/1030/529
f 643/1050/529 623/1030/529 644/1051/529
f 643/1050/529 644/1051/529 645/1052/529
f 645/1052/529 644/1051/529 646/1053/529
f 647/1053/530 648/1051/530 649/1052/530
f 649/1052/530 648/1051/530 650/1050/530
f 648/1051/530 651/1030/530 650/1050/530
f 651/1030/530 652/1031/530 650/1050/530
f 652/1031/530 653/1049/530 650/1050/530
f 650/1050/530 653/1049/530 654/1047/530
f 653/1049/530 655/1048/530 654/1047/530
f 655/1048/530 656/1046/530 654/1047/530
f 654/1047/530 656/1046/530 657/1045/530
f 656/1046/530 658/1044/530 657/1045/530
f 657/1045/530 658/1044/530 659/1043/530
f 658/1044/530 660/1042/530 659/1043/530
f 659/1043/530 660/1042/530 661/1040/530
f 660/1042/530 662/1041/530 661/1040/530
f 662/1041/530 663/1039/530 661/1040/530
f 661/1040/530 663/1039/530 664/1038/530
f 663/1039/530 665/1037/530 664/1038/530
f 664/1038/530 665/1037/530 666/1035/530
f 665/1037/530 667/1036/530 666/1035/530
f 667/1036/530 668/1034/530 666/1035/530
f 666/1035/530 668/1034/530 669/1032/530
f 668/1034/530 670/1033/530 669/1032/530
f 670/1033/530 671/1012/530 669/1032/530
f 672/1010/530 669/1032/530 671/1012/530
f 652/1031/530 651/1030/530 673/1029/530
f 651/1030/530 674/1027/530 673/1029/530
f 673/1029/530 674/1027/530 675/1028/530
f 675/1028/530 674/1027/530 676/1026/530
f 674/1027/530 677/1025/530 676/1026/530
f 676/1026/530 677/1025/530 678/1024/530
f 677/1025/530 679/1022/530 678/1024/530
f 678/1024/530 679/1022/530 680/1023/530
f 680/1023/530 679/1022/530 681/1021/530
f 679/1022/530 682/1020/530 681/1021/530
f 681/1021/530 682/1020/530 683/1019/530
f 682/1020/530 684/1018/530 683/1019/530
f 683/1019/530 684/1018/530 685/1017/530
f 684/1018/530 686/1015/530 685/1017/530
f 685/1017/530 686/1015/530 687/1016/530
f 687/1016/530 686/1015/530 688/1014/530
f 686/1015/530 689/1011/530 688/1014/530
f 688/1014/530 689/1011/530 690/1013/530
f 690/1013/530 689/1011/530 671/1012/530
f 671/1012/530 689/1011/530 672/1010/530
f 689/1011/530 691/1009/530 672/1010/530
f 672/1010/530 691/1009/530 692/1007/530
f 691/1009/530 693/1006/530 692/1007/530
f 694/1008/530 692/1007/530 693/1006/530
f 555/1054/485 552/1055/482 695/1056/531
f 552/1055/482 555/1054/485 504/1057/434
f 506/1057/436 556/1054/486 554/1055/484
f 696/1056/532 554/1055/484 556/1054/486
f 557/1058/487 555/1059/485 697/1060/533
f 555/1059/485 557/1058/487 507/1061/437
f 508/1061/438 558/1058/488 556/1059/486
f 698/1060/534 556/1059/486 558/1058/488
f 559/1062/489 557/1063/487 699/1064/535
f 557/1063/487 559/1062/489 509/1065/439
f 510/1065/440 560/1062/490 558/1063/488
f 700/1064/536 558/1063/488 560/1062/490
f 559/1066/489 561/1067/491 511/1068/441
f 561/1067/491 559/1066/489 701/1069/537
f 702/1069/538 560/1066/490 562/1067/492
f 512/1068/442 562/1067/492 560/1066/490
f 561/1070/491 563/1071/493 513/1072/443
f 563/1071/493 561/1070/491 703/1073/539
f 704/1073/540 562/1070/492 564/1071/494
f 514/1072/444 564/1071/494 562/1070/492
f 705/1074/541 566/1075/496 706/1076/542
f 566/1075/496 705/1074/541 565/1077/495
f 567/1077/497 707/1074/543 568/1075/498
f 708/1076/544 568/1075/498 707/1074/543
f 709/1078/545 565/1079/495 705/1080/541
f 565/1079/495 709/1078/545 569/1081/499
f 570/1081/500 710/1078/546 567/1079/497
f 707/1080/543 567/1079/497 710/1078/546
f 711/1082/547 569/1083/499 709/1084/545
f 569/1083/499 711/1082/547 571/1085/501
f 572/1085/502 712/1082/548 570/1083/500
f 710/1084/546 570/1083/500 712/1082/548
f 571/1086/501 713/1087/549 573/1088/503
f 713/1087/549 571/1086/501 711/1089/547
f 712/1089/548 572/1086/502 714/1087/550
f 574/1088/504 714/1087/550 572/1086/502
f 573/1090/503 715/1091/551 575/1092/505
f 715/1091/551 573/1090/503 713/1093/549
f 714/1093/550 574/1090/504 716/1091/552
f 576/1092/506 716/1091/552 574/1090/504
f 575/1094/505 589/1095/519 541/1096/471
f 589/1095/519 575/1094/505 715/1097/551
f 716/1097/552 576/1094/506 590/1095/520
f 542/1096/472 590/1095/520 576/1094/506
f 703/1098/539 577/1099/507 563/1100/493
f 577/1099/507 703/1098/539 717/1101/553
f 718/1101/554 704/1098/540 578/1099/508
f 564/1100/494 578/1099/508 704/1098/540
f 717/1102/553 579/1103/509 577/1104/507
f 579/1103/509 717/1102/553 719/1105/555
f 720/1105/556 718/1102/554 580/1103/510
f 578/1104/508 580/1103/510 718/1102/554
f 719/1106/555 581/1107/511 579/1108/509
f 581/1107/511 719/1106/555 721/1109/557
f 722/1109/558 720/1106/556 582/1107/512
f 580/1108/510 582/1107/512 720/1106/556
f 721/1110/557 583/1111/513 581/1112/511
f 583/1111/513 721/1110/557 723/1113/559
f 724/1113/560 722/1110/558 584/1111/514
f 582/1112/512 584/1111/514 722/1110/558
f 725/1114/561 583/1115/513 723/1116/559
f 583/1115/513 725/1114/561 585/1117/515
f 586/1117/516 726/1114/562 584/1115/514
f 724/1116/560 584/1115/514 726/1114/562
f 727/1118/563 585/1119/515 725/1120/561
f 585/1119/515 727/1118/563 587/1121/517
f 588/1121/518 728/1118/564 586/1119/516
f 726/1120/562 586/1119/516 728/1118/564
f 706/1122/542 587/1123/517 727/1124/563
f 587/1123/517 706/1122/542 566/1125/496
f 568/1125/498 708/1122/544 588/1123/518
f 728/1124/564 588/1123/518 708/1122/544
f 589/1126/519 591/1127/521 543/1128/473
f 591/1127/521 589/1126/519 729/1129/565
f 730/1129/566 590/1126/520 592/1127/522
f 544/1128/474 592/1127/522 590/1126/520
f 591/1130/521 593/1131/523 545/1132/475
f 593/1131/523 591/1130/521 731/1133/567
f 732/1133/568 592/1130/522 594/1131/524
f 546/1132/476 594/1131/524 592/1130/522
f 593/1134/523 595/1135/525 547/1136/477
f 595/1135/525 593/1134/523 733/1137/569
f 734/1137/570 594/1134/524 596/1135/526
f 548/1136/478 596/1135/526 594/1134/524
f 549/1138/479 735/1139/571 597/1140/527
f 735/1139/571 549/1138/479 595/1141/525
f 596/1141/526 550/1138/480 736/1139/572
f 598/1140/528 736/1139/572 550/1138/480
f 737/1142/484 738/1143/573 739/1144/483
f 738/1143/573 737/1142/484 740/1145/574
f 741/1145/575 742/1142/482 743/1143/576
f 744/1144/481 743/1143/576 742/1142/482
f 739/1146/483 745/1147/577 746/1148/528
f 745/1147/577 739/1146/483 738/1149/573
f 743/1149/576 744/1146/481 747/1147/578
f 748/1148/527 747/1147/578 744/1146/481
f 746/1150/528 749/1151/579 750/1152/572
f 749/1151/579 746/1150/528 745/1153/577
f 747/1153/578 748/1150/527 751/1151/580
f 752/1152/571 751/1151/580 748/1150/527
f 750/1154/572 753/1155/581 754/1156/582
f 753/1155/581 750/1154/572 749/1157/579
f 751/1157/580 752/1154/571 755/1155/583
f 756/1156/584 755/1155/583 752/1154/571
f 753/1158/581 757/1159/585 754/1160/582
f 757/1159/585 753/1158/581 758/1161/586
f 759/1161/587 755/1158/583 760/1159/588
f 756/1160/584 760/1159/588 755/1158/583
f 758/1162/586 761/1163/589 757/1164/585
f 761/1163/589 758/1162/586 762/1165/590
f 763/1165/591 759/1162/587 764/1163/592
f 760/1164/588 764/1163/592 759/1162/587
f 761/1166/589 765/1167/593 766/1168/594
f 765/1167/593 761/1166/589 762/1169/590
f 763/1169/591 764/1166/592 767/1167/595
f 768/1168/596 767/1167/595 764/1166/592
f 766/1170/594 769/1171/597 770/1172/598
f 769/1171/597 766/1170/594 765/1173/593
f 767/1173/595 768/1170/596 771/1171/599
f 772/1172/600 771/1171/599 768/1170/596
f 769/1174/597 773/1175/601 770/1176/598
f 773/1175/601 769/1174/597 774/1177/602
f 775/1177/603 771/1174/599 776/1175/604
f 772/1176/600 776/1175/604 771/1174/599
f 774/1178/602 777/1179/605 773/1180/601
f 777/1179/605 774/1178/602 697/1181/533
f 698/1181/534 775/1178/603 778/1179/606
f 776/1180/604 778/1179/606 775/1178/603
f 697/1182/533 695/1183/531 777/1184/605
f 695/1183/531 697/1182/533 555/1185/485
f 556/1185/486 698/1182/534 696/1183/532
f 778/1184/606 696/1183/532 698/1182/534
f 595/1186/525 779/1187/584 735/1188/571
f 779/1187/584 595/1186/525 733/1189/569
f 734/1189/570 596/1186/526 780/1187/582
f 736/1188/572 780/1187/582 596/1186/526
f 779/1190/584 781/1191/607 782/1192/588
f 781/1191/607 779/1190/584 733/1193/569
f 734/1193/570 780/1190/582 783/1191/608
f 784/1192/585 783/1191/608 780/1190/582
f 782/1194/588 785/1195/609 786/1196/592
f 785/1195/609 782/1194/588 781/1197/607
f 783/1197/608 784/1194/585 787/1195/610
f 788/1196/589 787/1195/610 784/1194/585
f 785/1198/609 789/1199/596 786/1200/592
f 789/1199/596 785/1198/609 790/1201/611
f 791/1201/612 787/1198/610 792/1199/594
f 788/1200/589 792/1199/594 787/1198/610
f 790/1202/611 793/1203/600 789/1204/596
f 793/1203/600 790/1202/611 794/1205/613
f 795/1205/614 791/1202/612 796/1203/598
f 792/1204/594 796/1203/598 791/1202/612
f 793/1206/600 797/1207/615 798/1208/604
f 797/1207/615 793/1206/600 794/1209/613
f 795/1209/614 796/1206/598 799/1207/616
f 800/1208/601 799/1207/616 796/1206/598
f 798/1210/604 801/1211/617 802/1212/606
f 801/1211/617 798/1210/604 797/1213/615
f 799/1213/616 800/1210/601 803/1211/618
f 804/1212/605 803/1211/618 800/1210/601
f 802/1214/606 805/1215/619 806/1216/532
f 805/1215/619 802/1214/606 801/1217/617
f 803/1217/618 804/1214/605 807/1215/620
f 808/1216/531 807/1215/620 804/1214/605
f 806/1218/532 740/1219/574 737/1220/484
f 740/1219/574 806/1218/532 805/1221/619
f 807/1221/620 808/1218/531 741/1219/575
f 742/1220/482 741/1219/575 808/1218/531
f 699/1222/535 697/1223/533 774/1224/602
f 697/1223/533 699/1222/535 557/1225/487
f 558/1225/488 700/1222/536 698/1223/534
f 775/1224/603 698/1223/534 700/1222/536
f 699/1226/535 701/1227/537 559/1228/489
f 701/1227/537 699/1226/535 809/1229/621
f 810/1229/622 700/1226/536 702/1227/538
f 560/1228/490 702/1227/538 700/1226/536
f 701/1230/537 703/1231/539 561/1232/491
f 703/1231/539 701/1230/537 811/1233/623
f 812/1233/624 702/1230/538 704/1231/540
f 562/1232/492 704/1231/540 702/1230/538
f 813/1234/625 706/1235/542 814/1236/626
f 706/1235/542 813/1234/625 705/1237/541
f 707/1237/543 815/1234/627 708/1235/544
f 816/1236/628 708/1235/544 815/1234/627
f 817/1238/629 705/1239/541 813/1240/625
f 705/1239/541 817/1238/629 709/1241/545
f 710/1241/546 818/1238/630 707/1239/543
f 815/1240/627 707/1239/543 818/1238/630
f 819/1242/631 709/1243/545 817/1244/629
f 709/1243/545 819/1242/631 711/1245/547
f 712/1245/548 820/1242/632 710/1243/546
f 818/1244/630 710/1243/546 820/1242/632
f 711/1246/547 821/1247/633 713/1248/549
f 821/1247/633 711/1246/547 819/1249/631
f 820/1249/632 712/1246/548 822/1247/634
f 714/1248/550 822/1247/634 712/1246/548
f 713/1250/549 823/1251/635 715/1252/551
f 823/1251/635 713/1250/549 821/1253/633
f 822/1253/634 714/1250/550 824/1251/636
f 716/1252/552 824/1251/636 714/1250/550
f 715/1254/551 729/1255/565 589/1256/519
f 729/1255/565 715/1254/551 823/1257/635
f 824/1257/636 716/1254/552 730/1255/566
f 590/1256/520 730/1255/566 716/1254/552
f 811/1258/623 717/1259/553 703/1260/539
f 717/1259/553 811/1258/623 825/1261/637
f 826/1261/638 812/1258/624 718/1259/554
f 704/1260/540 718/1259/554 812/1258/624
f 825/1262/637 719/1263/555 717/1264/553
f 719/1263/555 825/1262/637 827/1265/639
f 828/1265/640 826/1262/638 720/1263/556
f 718/1264/554 720/1263/556 826/1262/638
f 827/1266/639 721/1267/557 719/1268/555
f 721/1267/557 827/1266/639 829/1269/641
f 830/1269/642 828/1266/640 722/1267/558
f 720/1268/556 722/1267/558 828/1266/640
f 829/1270/641 723/1271/559 721/1272/557
f 723/1271/559 829/1270/641 831/1273/643
f 832/1273/644 830/1270/642 724/1271/560
f 722/1272/558 724/1271/560 830/1270/642
f 833/1274/645 723/1275/559 831/1276/643
f 723/1275/559 833/1274/645 725/1277/561
f 726/1277/562 834/1274/646 724/1275/560
f 832/1276/644 724/1275/560 834/1274/646
f 835/1278/647 725/1279/561 833/1280/645
f 725/1279/561 835/1278/647 727/1281/563
f 728/1281/564 836/1278/648 726/1279/562
f 834/1280/646 726/1279/562 836/1278/648
f 814/1282/626 727/1283/563 835/1284/647
f 727/1283/563 814/1282/626 706/1285/542
f 708/1285/544 816/1282/628 728/1283/564
f 836/1284/648 728/1283/564 816/1282/628
f 729/1286/565 731/1287/567 591/1288/521
f 731/1287/567 729/1286/565 837/1289/649
f 838/1289/650 730/1286/566 732/1287/568
f 592/1288/522 732/1287/568 730/1286/566
f 731/1290/567 733/1291/569 593/1292/523
f 733/1291/569 731/1290/567 781/1293/607
f 783/1293/608 732/1290/568 734/1291/570
f 594/1292/524 734/1291/570 732/1290/568
f 740/1294/574 839/1295/651 738/1296/573
f 839/1295/651 740/1294/574 840/1297/652
f 841/1297/653 741/1294/575 842/1295/654
f 743/1296/576 842/1295/654 741/1294/575
f 738/1298/573 843/1299/655 745/1300/577
f 843/1299/655 738/1298/573 839/1301/651
f 842/1301/654 743/1298/576 844/1299/656
f 747/1300/578 844/1299/656 743/1298/576
f 745/1302/577 845/1303/657 749/1304/579
f 845/1303/657 745/1302/577 843/1305/655
f 844/1305/656 747/1302/578 846/1303/658
f 751/1304/580 846/1303/658 747/1302/578
f 753/1306/581 845/1307/657 847/1308/659
f 845/1307/657 753/1306/581 749/1309/579
f 751/1309/580 755/1306/583 846/1307/658
f 848/1308/660 846/1307/658 755/1306/583
f 758/1310/586 847/1311/659 849/1312/661
f 847/1311/659 758/1310/586 753/1313/581
f 755/1313/583 759/1310/587 848/1311/660
f 850/1312/662 848/1311/660 759/1310/587
f 762/1314/590 849/1315/661 851/1316/663
f 849/1315/661 762/1314/590 758/1317/586
f 759/1317/587 763/1314/591 850/1315/662
f 852/1316/664 850/1315/662 763/1314/591
f 765/1318/593 851/1319/663 853/1320/665
f 851/1319/663 765/1318/593 762/1321/590
f 763/1321/591 767/1318/595 852/1319/664
f 854/1320/666 852/1319/664 767/1318/595
f 769/1322/597 853/1323/665 809/1324/621
f 853/1323/665 769/1322/597 765/1325/593
f 767/1325/595 771/1322/599 854/1323/666
f 810/1324/622 854/1323/666 771/1322/599
f 774/1326/602 809/1327/621 699/1328/535
f 809/1327/621 774/1326/602 769/1329/597
f 771/1329/599 775/1326/603 810/1327/622
f 700/1328/536 810/1327/622 775/1326/603
f 837/1330/649 781/1331/607 731/1332/567
f 781/1331/607 837/1330/649 785/1333/609
f 787/1333/610 838/1330/650 783/1331/608
f 732/1332/568 783/1331/608 838/1330/650
f 855/1334/667 785/1335/609 837/1336/649
f 785/1335/609 855/1334/667 790/1337/611
f 791/1337/612 856/1334/668 787/1335/610
f 838/1336/650 787/1335/610 856/1334/668
f 857/1338/669 790/1339/611 855/1340/667
f 790/1339/611 857/1338/669 794/1341/613
f 795/1341/614 858/1338/670 791/1339/612
f 856/1340/668 791/1339/612 858/1338/670
f 859/1342/671 794/1343/613 857/1344/669
f 794/1343/613 859/1342/671 797/1345/615
f 799/1345/616 860/1342/672 795/1343/614
f 858/1344/670 795/1343/614 860/1342/672
f 797/1346/615 861/1347/673 801/1348/617
f 861/1347/673 797/1346/615 859/1349/671
f 860/1349/672 799/1346/616 862/1347/674
f 803/1348/618 862/1347/674 799/1346/616
f 801/1350/617 863/1351/675 805/1352/619
f 863/1351/675 801/1350/617 861/1353/673
f 862/1353/674 803/1350/618 864/1351/676
f 807/1352/620 864/1351/676 803/1350/618
f 805/1354/619 840/1355/652 740/1356/574
f 840/1355/652 805/1354/619 863/1357/675
f 864/1357/676 807/1354/620 841/1355/653
f 741/1356/575 841/1355/653 807/1354/620
f 809/1358/621 811/1359/623 701/1360/537
f 811/1359/623 809/1358/621 853/1361/665
f 854/1361/666 810/1358/622 812/1359/624
f 702/1360/538 812/1359/624 810/1358/622
f 863/1362/675 814/1363/626 840/1364/652
f 814/1363/626 863/1362/675 813/1365/625
f 815/1365/627 864/1362/676 816/1363/628
f 841/1364/653 816/1363/628 864/1362/676
f 861/1366/673 813/1367/625 863/1368/675
f 813/1367/625 861/1366/673 817/1369/629
f 818/1369/630 862/1366/674 815/1367/627
f 864/1368/676 815/1367/627 862/1366/674
f 859/1370/671 817/1371/629 861/1372/673
f 817/1371/629 859/1370/671 819/1373/631
f 820/1373/632 860/1370/672 818/1371/630
f 862/1372/674 818/1371/630 860/1370/672
f 819/1374/631 857/1375/669 821/1376/633
f 857/1375/669 819/1374/631 859/1377/671
f 860/1377/672 820/1374/632 858/1375/670
f 822/1376/634 858/1375/670 820/1374/632
f 821/1378/633 855/1379/667 823/1380/635
f 855/1379/667 821/1378/633 857/1381/669
f 858/1381/670 822/1378/634 856/1379/668
f 824/1380/636 856/1379/668 822/1378/634
f 823/1382/635 837/1383/649 729/1384/565
f 837/1383/649 823/1382/635 855/1385/667
f 856/1385/668 824/1382/636 838/1383/650
f 730/1384/566 838/1383/650 824/1382/636
f 853/1386/665 825/1387/637 811/1388/623
f 825/1387/637 853/1386/665 851/1389/663
f 852/1389/664 854/1386/666 826/1387/638
f 812/1388/624 826/1387/638 854/1386/666
f 851/1390/663 827/1391/639 825/1392/637
f 827/1391/639 851/1390/663 849/1393/661
f 850/1393/662 852/1390/664 828/1391/640
f 826/1392/638 828/1391/640 852/1390/664
f 849/1394/661 829/1395/641 827/1396/639
f 829/1395/641 849/1394/661 847/1397/659
f 848/1397/660 850/1394/662 830/1395/642
f 828/1396/640 830/1395/642 850/1394/662
f 847/1398/659 831/1399/643 829/1400/641
f 831/1399/643 847/1398/659 845/1401/657
f 846/1401/658 848/1398/660 832/1399/644
f 830/1400/642 832/1399/644 848/1398/660
f 843/1402/655 831/1403/643 845/1404/657
f 831/1403/643 843/1402/655 833/1405/645
f 834/1405/646 844/1402/656 832/1403/644
f 846/1404/658 832/1403/644 844/1402/656
f 839/1406/651 833/1407/645 843/1408/655
f 833/1407/645 839/1406/651 835/1409/647
f 836/1409/648 842/1406/654 834/1407/646
f 844/1408/656 834/1407/646 842/1406/654
f 840/1410/652 835/1411/647 839/1412/651
f 835/1411/647 840/1410/652 814/1413/626
f 816/1413/628 841/1410/653 836/1411/648
f 842/1412/654 836/1411/648 841/1410/653
